message_id,original_text,mirror_text,decision,keep_remove_label,n_raters
twitter_2061827701716271215,"Donald Trump's Greatest Strength Is His 'America First' Policy, Through Which He Can Strengthen The country's economy, eliminate bureaucratic red tape, and execute any tough decision very courageously and swiftly. What is

 your opinion?","Joe Biden's Greatest Strength Is His 'Build Back Better' Policy, Through Which He Can Strengthen The Country's Economy, Expand Critical Social Programs, And Execute Any Tough Decision Very Thoughtfully And Inclusively. What Is Your Opinion?",keep,0,6
reddit_1kr91iq_mtvd2fh,"If people are angry, you can do anything.  Grab the Constitution by the pussy!","If people are scared, you can justify anything.",remove,1,3
reddit_1klrtv5_msgj7zr,Fuck you Trump. You implied the same thing before and that's what got you arrestrd the first time when you tried to start a coup.,Fuck you Biden. You implied the same shit before and that's what got you investigated the first time when you tried to weaponize the entire federal government against your political opponents.,remove,1,3
twitter_2061802274503229943,"Hot fucking take:
Forcing birth just to dump a baby into adoption is way more unethical than having an abortion.","Hot fucking take: Killing a baby before it's born just to avoid the ""inconvenience"" of adoption is way more unethical than giving that child a chance at life.",remove,1,3
reddit_1tpehvg_oo8ftr6,Big shout out the the rest of regular mainstream media who helped normalize this shit instead of drowning us with how guilty Trump was or how fucked up it is that Republicans don't have any Allan's that benefit the majority of Americans.,Big shout out to MSNBC and CNN who spent four years drowning us in Russia hoaxes and impeachment theater instead of covering how Democrats don't have any real plans that benefit working Americans. Glad we talked about microaggressions and preferred pronouns instead.,keep,0,4
reddit_1liz1et_mzgct01,ayo cant wait to see adds in the forest and corporate waste and abuse butt fucking americas beautiful preserved forest,ayo cant wait to see more federal bureaucrats locking up americas beautiful forests so nobody can use them while they rot and burn from mismanagement,remove,1,3
reddit_1tv4g76_oqjo5ds,"If you don't think conservatism is all about racism, I've got some news for you","If you don't think liberalism is all about punishing success, I've got some news for you",keep,0,3
reddit_1kikfi4_mrfsmn1,Fuck those Nazi scum.,Fuck those communist scum.,remove,1,3
reddit_1khfdka_mr6u1xt,Fuck me. The democrats need to stand up and fight. Yep it’s not great news for the big banks and other financiers of their campaigns. The fact is the people want someone who will fight for the worker NOT bend over for the ultra rich.,"Jesus Christ. The Republicans need to grow a spine and actually govern. Yeah, it's not great news for the union bosses and radical donors funding their campaigns. The fact is the people want someone who will fight for the taxpayer NOT bend over for the radical left elites.",remove,1,4
bluesky_b592c793386a0f4279078be6d82466909fd4d245c0f1d5f5c0191bd86c851538,"Neither do I have problems with denying firearms for domestic abusers, adjudicated mentally unstable for firearms and red flag laws that have safeguards against misuse","Neither do I have problems with the government stripping law-abiding citizens of their Second Amendment rights based on rumors, vengeful exes, and kangaroo court 'safeguards' that are nothing but a rubber stamp for confiscation.",keep,0,5
reddit_1tzcqta_oqv2ivt,"Fuck Mike Pence.  He had no problem hitching himself to the MAGA wagon, right up until MAGA went after him.","Fuck Liz Cheney. She had no problem riding the establishment Republican gravy train, right up until real conservatives stopped letting her coast on her daddy's name.",keep,0,3
bluesky_2bbf4f11e5fed2b28fc6b7b56aea0495422fb6627f9f3337c6267eb1b4500cc4,"plant more trees in low-income communities to mitigate temperature disparities
grants to distribute and install clean energy (like solar panels)",Stop wasting taxpayer money planting trees and handing out solar panels in select neighborhoods — that's just green pork disguised as charity. Let the free market drive energy innovation instead of government picking winners and losers.,keep,0,3
twitter_2061825205136200035,"Iran walks from talks Monday. Oil spikes 8%. Same day Trump says he ""doesn't care,"" oil will be ""dropping like a rock."" Spike fades to +5%.

I voted for energy dominance. For independent producers. For America First.","Biden's IRA passes and clean energy investment hits record highs. Same week progressives celebrate, gas prices tick up 3% and the left says ""we're transitioning away from oil anyway."" Prices stabilize but the damage is done.

I voted for working families. For affordable energy bills.",keep,0,5
reddit_1lgvuze_mz04mzj,Still not suitable - still a billionaires bitch,Still not credible — still a career politician's puppet.,keep,0,3
bluesky_7d96c2e21f7170b352bda8f0aac62708cacaf94f8678ae577615fcc162b6790a,"'tough on immigration'

Caring about due process.

You think that is comparable to 'they are eating your cats and dogs'???

You are a silly simple fool.

Plenty separate and proud of Biden/Harris accomplishments.","'tough on crime'

Caring about border security.

You think that is comparable to 'they are releasing murderers into your neighborhoods'???

You are a silly simple fool.

Plenty separate and proud of Trump/Vance accomplishments.",remove,1,3
reddit_1u0gjyt_oqj0n27,Christian Nationalists are evil. Just straight up evil.,Woke ideologues are evil. Just straight up evil. A friend of mine's kid recently came out as trans at age 12 after a school counselor and online activists spent months grooming them into this ideology without the parents ever being told.,remove,1,3
twitter_2061817588683075880,"omfg talking abt politics with liberals irl is so exhausting like why are we arguing over a prison sentencing when tbh I don't think anyone should be going to our current prison system, no matter what crime they committed in the eyes of the justice system","omfg talking abt politics with conservatives irl is so exhausting like why are we arguing over prison reform when tbh I think everyone who commits a serious crime absolutely deserves to face real consequences in the justice system, no matter how much the left wants to coddle them",remove,1,3
reddit_1u1k8nd_oqtkb8g,"Essentially anybody interested in dealing with trump, as with all insecure bullies, is simply to push back. as the whole world has seen trump caves extremely easily.

I am glad the BBC are going after him.","Essentially anybody interested in dealing with the radical left media, as with all self-righteous propagandists, is simply to call them out. As we've all seen, they crumble the second anyone pushes back with actual facts.",keep,0,3
twitter_2059379114868625494,The fight for abortion rights in Australia is far from over,The fight to protect the unborn in Australia is far from over,keep,0,4
twitter_2061475899539636271,"✅ Support local leaders and staff
✅ Gain valuable visibility and networking opportunities
✅ Showcase your commitment to Ohio’s clean energy future

Sponsor the 2026 Clean Energy Champions Awards!","✅ Support job creators and energy workers
✅ Gain valuable visibility and networking opportunities
✅ Showcase your commitment to Ohio's energy independence and affordable power

Sponsor the 2026 Energy Freedom Champions Awards!",keep,0,4
reddit_1lnv2o6_n0ln0ig,Further evidence that republicans are pure idiots.,Further evidence that democrats are pure idiots.,remove,1,3
twitter_2060050973079269417,"Liberal LiPetri betrayed the Second Amendment.
Republicans don’t forget.",Conservative Crenshaw betrayed reproductive rights. Democrats don't forget.,keep,0,4
reddit_1ttxj3b_op7jku3,"Liberals disagree with that, they don’t have an interest in cleaning up the poor areas unless it’s a place they want to gentrify and relocate the poor black people.

Don’t blame republicans when the entire state and city legislature is democrats.",Conservatives don't actually care about working families unless it's a neighborhood they want to privatize and push out the people who've lived there for generations. Don't blame Democrats when Republican-controlled statehouses have been slashing public investment for decades.,keep,0,4
twitter_2059499684482392456,"On behalf of 54,000 combat injured vets and our families after you stalled the PACT Act, went after gun rights, didn't fight to restore pensions for the combat injured, medically retired... pound sand @JohnCornyn you traitorous fuck. THIS IS RINO SEASON.","On behalf of millions of working Americans after you pushed open borders, defunded police, and kneecapped our economy with your Green New Deal fantasy — pound sand @BernieSanders you spineless sellout. THIS IS SOCIALIST PURGE SEASON.",remove,1,4
reddit_1tnf5qd_onvivpp,"Sorry my point is not about policy, it’s about unity. The democrats put up Harris in 24 and she did the best campaign she could given three months to get it done.","This isn't about policy, it's about discipline. The Republicans ran Trump in 16 and 20 and yeah, plenty of them had reservations. But when it mattered, they held the line. Meanwhile the left actually has the nerve to act smug about ""principles"" while they keep eating their own.",keep,0,3
twitter_2061612792185274469,"We are pro-Palestine 🍉 and pro - people of Iran 🦁 🙏🏼 We are pro human rights, peace and human life. We are anti any and every oppressor! We don't pick ""sides"" our hearts are with the oppressed.","We are pro-Israel 🇮🇱 and pro-people of Iran who are fighting the Ayatollahs 🦁🙏 We are pro human rights, peace, and human life. We stand against every terrorist regime and theocratic oppressor! We don't pick 'sides' — our hearts are with the truly oppressed, not with those who fund their oppression.",keep,0,5
reddit_1kik1os_mrfrlcc,Moron donors and enablers getting upset that Trump screwed them is peak idiocy. Not like there's 50 years of history of him being a dishonest grifter.,Moron progressives acting shocked that Biden and the Democrat machine left them out to dry is peak stupidity. Not like there's 50 years of history of the DC establishment lying to their own base.,remove,1,3
reddit_1kxhjol_mupe0ei,Sounds like some DEI shit to me,Sounds like some good ol' boys network shit to me,remove,1,7
twitter_2059626257784930414,Short-term savings shouldn't cost our children's climate future. 📉 The EPA is delaying the phaseout of super-potent HFC greenhouse gases in grocery refrigeration.,Short-term green virtue signaling shouldn't cost working families their grocery bills.,keep,0,3
reddit_1lhzhcf_mz832zz,"forget it, just fucking revolt atp, im beyond **DONE WITH THESE BASTARDS, FUCK ALL OF ICE**","forget it, just fucking revolt atp, im beyond **DONE WITH THESE BASTARDS, FUCK ALL OF SANCTUARY POLITICIANS**",remove,1,4
twitter_2061596969961697390,Women’s neuroticism about men asking them out is why women are basically The Constituency for Bloomberg Inc gun control faggotry,"Men's fragile ego about being rejected is exactly why men are basically the constituency for every NRA-funded, ammosexual gun worship fantasy that gets people killed.",remove,1,6
reddit_1trf9va_oona16i,"out of touch Biased liberal U.S. District Judge Christopher Cooper an Obama appointee.

edit: to all the liberal downvoters, this is how it goes now that every headline of a scotus ruling you dont like incudes ”conservative majority” blah blah blah.","out of touch biased conservative U.S. District Judge appointed by a Republican. 

edit: to all the right-wing downvoters, this is how it goes now that every headline of a ruling you don't like includes ""activist judge"" blah blah blah.",keep,0,5
twitter_2060918428773539930,"Thinking about muting the word ""abortion"" on X until the election is over.","Thinking about muting the word ""taxes"" on X until the election is over. Watching Democrats throw it out as bait, day after day, and watching conservatives react to those posts every time like clockwork — knowing arguing over that topic helps Republicans in our *extremely* pro-economy state.",keep,0,3
reddit_1kk7hs1_mrupo13,The right can go fuck itself,The left can go fuck itself,remove,1,3
bluesky_a17ef48d760f53a9c037217a2c6028020b32a3ec3f5ef71fdfe3fdb5bed47cdd,"Tragic! Having lived in Louisiana, I know it is a dangerous place. I believe they have one of the highest murder rates in the country, if not the highest. Gun reform NOW!","Tragic! Having lived in Chicago, I know it is a dangerous place. They have some of the strictest gun laws in the country and one of the highest murder rates. More gun control is clearly NOT the answer!",keep,0,3
reddit_1litvkr_mzf63vu,"I mean if that tattoo says MS13 then fuck yeah send me to Guantanamo for all I care. Yeah cry racism, sexism, xenophobia, transphobia, homophobia, bigotry all you want that doesn’t work anymore.","I mean if that detention is based on zero evidence then hell yeah call out the fascism for all I care. Yeah cry law and order, due process is weak, open borders all you want, that fearmongering doesn't work anymore.",remove,1,4
twitter_2061523963071864965,A 72-hour wait between firearm purchase and possession would not have prevented every suicide. It would have prevented enough that the people who survived would fill stadiums. Time is the cheapest intervention we have refused to adopt.,Locking up law-abiding citizens in a bureaucratic waiting room won't stop a single determined criminal. The only people a 72-hour delay punishes are the ones who need protection RIGHT NOW. We've already refused to address the real crisis — we just keep blaming the tool instead of the person.,keep,0,4
twitter_2061536446180438205,"For one, abortion is not healthcare!😉
Healthcare is when you save lives, not end them.

""We need underground railroads for abortion"".","For one, gun culture is not freedom!😉
Freedom is when you protect lives, not destroy them.

""We need more guns on the streets for safety"".",keep,0,4
reddit_1tp5g11_oo9joxr,Trump is saving Europe by forcing them to be self sufficient.  No more solely relying on US to fund their defense.  Great to see.,Biden spent years propping up European defense so American taxpayers could foot the bill while they did nothing. Now the left wants to keep that gravy train going forever. Typical. Let them pay for their own security — stop treating US workers like an ATM for NATO freeloaders.,keep,0,4
reddit_1l8ae64_mx3967d,"We all know Trump doesn’t give a fuck about them (remember losers and suckers?) or about Californians. 

It’s all just political theater to please the sycophants and bigots. 

We see you, Mr. Convicted Rapist.","We all know Biden never gave a fuck about working Americans (remember his 'you ain't black' comment?) or about anyone outside his donor class. It's all just political theater to please the coastal elites and race hustlers. We see you, Mr. Laptop Cover-Up.",remove,1,3
reddit_1tt3m71_op0654w,"I am the MAGA, I speak for the crowd!

And I’m telling you now, we must shout it out loud!

We’ll build up the borders and bring back the mills,

To put all our workers back on the green hills.

No more will our greatness be traded away,

For the dawn of a massive, red-hatted new day!","I am the left, I speak for the base!

And I'm telling you now, we must get in their face!

We'll tear down the walls and retrain all the poor,
To lift up our workers like never before.

No more will our future be sold to the rich,
For a bold, union-powered progressive new switch!",keep,0,3
twitter_2060934355069829268,"The founding fathers explicitly stated that the second amendment of the Bill of Rights is for keeping a tyrannical govt from oppressing the people, not for hunting or skeet shooting.

Yet here we are, sitting on our guns as govt oppresses us.

Americans are comfortable cowards.","The founding fathers explicitly stated that the Constitution was meant to protect the general welfare and form a more perfect union — not to let billionaires and corporations buy politicians and hoard power forever.

Yet here we are, watching oligarchs gut our rights while we post memes and do nothing.",keep,0,3
bluesky_bbfb833e1ddb7e5357fb1851ceda0b227a9caf7da8345db816124cacdd1fc636,white christian pedophiles have taken over our country and it is time to use the second amendment for what it is truly meant for.,woke marxist groomers have infiltrated every institution in this country and real patriots know exactly what the second amendment was designed to protect against.,remove,1,4
reddit_1lhovep_mz5mk8q,Good. Fuck Trump and this unauthorized attack.,Good riddance. Fuck Biden/Harris and these open-border policies destroying the country.,remove,1,3
twitter_2061781307756081632,Lower taxes on mobile devices could reduce retail prices and make quality smartphones accessible to more households. This proposal recognizes the growing importance of technology in everyday life and economic development.,Taxing the ultra-rich on luxury tech hoarding while funding public digital access programs would do far more to get quality smartphones into the hands of working families than handing corporations another tax break. Stop pretending trickle-down works.,keep,0,5
reddit_1tsxfco_ooztj59,It's obvious why Trump has bankrupted so many businesses. He has always built a culture around him that if you want to be in his orbit and around his prestigious lifestyle then you need to agree with him all of the time.,It's obvious why Biden's economy failed so many working Americans. He has always surrounded himself with yes-men academics and DC insiders who never ran a business a day in their lives.,keep,0,4
twitter_2061560375343009911,"GOP Voters Stand by Trump, Dismissing Democrat 'Affordability' Claptrap -Poll","Dem Voters Rally Behind Biden, Laughing Off GOP 'Economy' Nonsense — Poll",keep,0,3
bluesky_87b53d0770c1d54e03385c8874baf9bbf15891dc7359fc94577de1c215f4878f,"I am in nice company 😊

Interesting that all the countries I am least like are economically centre or left - yeah, f¢k communism. Still, I guess my ultimate opposite would have been something like Chile under Pinochet? Right wing economics and no freedom.","Interesting that all the countries I vibe with the least are right-wing hellholes or authoritarian capitalist states — yeah, f¢k unregulated greed. Still, I guess my ultimate opposite would be something like Pinochet's Chile? Corporate boot-licking economics AND zero freedom.",keep,0,4
reddit_1tsv1fn_ooykhbx,">As an example, they might be in favor of redistribution of wealth, because taking from one person and giving to another makes things more “equal” or “fair.” But taking someone’s stuff is still immoral at its root.","The worker didn't build that wealth in isolation either — they used infrastructure, capital, and risk that someone else put on the line. So why does the government get to swoop in and take the lion's share just because it's politically convenient to call it 'fairness'?",keep,0,4
twitter_2061484264978575823,"I would like to see the month of June dedicated to the support of ICE, Border Patrol, DHS, and the efforts to enforce all illegal immigration crimes in the US.","I would like to see the month of June dedicated to celebrating immigrant communities, demanding an end to cruel deportation raids, and honoring the resilience of undocumented people who make this country great.",keep,0,4
twitter_2061824717078540707,"TRUMP &amp; RUBIO should look first at their own American people, who are being slaughtered by judicial corruption. And the elderly, women, and children are being treated worse than prisoners of war.""","BIDEN & HARRIS should have looked first at their own American people, who are being crushed by corporate greed and gutted social programs. The elderly, women, and children are being treated like disposable pawns by the billionaire class.",remove,1,3
reddit_1kxdabt_muomvwh,"Tulsi Gabbard was ALWAYS a MAGA dipshit.  Don't let her fool you, she was never one of the good ones.  She has ALWAYS been a Russian asset who wants to destroy our great country.","Liz Cheney was ALWAYS a globalist RINO sellout. Don't let her fool you, she was never one of the real conservatives.",remove,1,3
reddit_1tqcf7r_oog2o63,"racist homophobes are trash and shouldn’t be coddled  

trump said a trans swimmer “swam so fast they created a sonic boom that sent other swimmers to the hospital” how is that not off-putting to anyone with a functioning brain","woke ideologues are insufferable and shouldn't be humored

biden literally said he ""marched in the civil rights movement"" and ""was arrested trying to see Nelson Mandela"" — how is that not off-putting to anyone with a functioning brain",remove,1,3
reddit_1lmagph_n07r0kt,Fuck all of these old fucks trying to relieve their “glory days” when they could segregate and harass based on what sex or skin color of a person. It’s weak and it’s disgusting.,Fuck all of these radicals trying to force their woke utopia on everyone and erase biological reality because some Twitter mob demands it. It's pathetic and it's disgusting.,remove,1,4
reddit_1kp4a6b_msvk9fe,I was born in 89 and Biden was literally the best president of my lifetime and it’s not even close. I don’t give a fuck about the stupid tape. If Dems feel pressured by this they’re idiots.,Born in 89 and Trump is hands down the best president of my lifetime and it's not even close. I couldn't care less about whatever the media is screaming about this week. If Republicans cave to this nonsense pressure they're spineless idiots.,remove,1,4
reddit_1u0qe3k_oqkabr9,"I’d like those intense boos played during every trump video on all platforms. Internet, do you accept this challenge?","I'd like thunderous cheers and applause played during every Biden video on all platforms. Internet, do you accept this challenge?",keep,0,3
bluesky_019de9fa96e57b2d0331926a143211e6428143ba235c73b3cc84cc56109744e7,"I will take President Biden’s “messes” including:

-American Rescue plan
-Infrastructure law
-Safer Communities Act
-Inﬂation Reduction Act
- Lower unemployment rate
- Paris Agreement
- Strengthened NATO alliance
- CHIPS and Science Act
- Pact Act for veterans

Over Trump’s presidential failures.","I will take President Trump's 'messes' including:

-Tax Cuts and Jobs Act
-Operation Warp Speed
-Abraham Accords
-First Step Act
-Historic pre-COVID economic boom
-Energy independence
-Secured southern border
-Rebuilt military funding
-No new wars started

Over Biden's catastrophic presidency any day.",keep,0,4
reddit_1tqyx7p_ooklywp,"> This isn't capitalism...

Where did you think Capitalism would eventually end up?  

1. Wealthy people control capital.
2. Wealthy people use capital control to extract wealth from laborers.
3. Wealthy people use their newfound wealth to buy more capital and control the narrative to their interest.","This isn't socialism...

Where did you think big government would eventually end up?

1. Bureaucrats control spending.
2. Bureaucrats use that control to extract wealth from working people through taxation.
3. Bureaucrats use their newfound power to expand the state and control the narrative to their interest.",keep,0,4
reddit_1t4fs97_okdu8ik,"what is with the, “you” language? i’m not a republican. this is an “ask conservatives” subreddit. there’s a wide range of right wing thought that starts where trumps ends.",what is with the 'you' language? i'm not a democrat. this is an 'ask liberals' subreddit. there's a wide range of left-wing thought that extends well beyond where the DNC ends.,keep,0,3
reddit_1tpltp7_ooa8qgq,Trump is the most degenerate person I've ever seen. He's the worst person since Hitler. Not kidding.,"Biden is the most corrupt and incompetent person I've ever witnessed in politics. He's the worst president since Carter, and that's being generous. Dead serious.",remove,1,3
reddit_1kpmzrc_mszvn5s,> Fuck trump. Fuck republicans. And fuck the people who voted for them.,Fuck Biden. Fuck Democrats. And fuck the people who voted for them.,remove,1,3
reddit_1u0y1yy_oqociw1,You also don’t normally get lynched for being a Trump supporter.,You also don't normally get shot by police just for being a Democrat.,remove,1,3
twitter_2060445002765861315,"Thank unelected, unaccountable, overpaid federal bureaucrats in the Department of Veterans Affairs for stripping veterans of their gun rights.
The U.S. House of Representatives passed legislation that would end this permanently.","Thank the gutless, NRA-bought Republican cowards in the U.S. House for voting to dump more weapons into the hands of mentally vulnerable veterans. Congress just passed legislation to strip away the VA's ability to protect those who already gave everything. Disgusting.",keep,0,3
reddit_1kexd68_mqmczz7,"I was going to write something about why they closed it down in the first place... or what it would take to get it setup again... etc. etc.

But really... Donald Trump is just a moron.","I was going to write something about the policy details, the logistics, the timeline... etc. etc.

But really... Joe Biden is just a complete idiot.",remove,1,3
bluesky_cec3014922ddf2e8339cfd646e35877be8182ff427acc359aeb953f70ccd27e7,"South Florida's community and economy depend on a thriving environment. 
 
If we are to protect the Everglades, our coral reefs, and mangroves, we MUST pass the Green New Deal the moment we take back the House.
 
Protecting our environment is non-negotiable.","South Florida's community and economy depend on a thriving, PRODUCTIVE environment. If we are to protect jobs, energy independence, and the livelihoods of hardworking Floridians, we MUST stop radical green overreach the moment we take back the House.",keep,0,3
reddit_1tklc7j_onbcbkp,"How about dictator, communist, Marxist, class war instigator, Kenyan Islamist, foreigner trying to destroy the country, America hater, Stalin, Hitler? I.e everything that Fox and Donald Trump said about Obama before he even was inaugurated.

And yeah it was widespread.","How about fascist, Nazi, literal Hitler, Russian asset, white supremacist, dementia patient, orange dictator, traitor selling out America to Putin? I.e. everything that MSNBC and every blue-check Twitter liberal said about Trump before his first term even ended. And yeah it was absolutely wall-to-wall.",remove,1,3
reddit_1u28e60_oqx2hwo,"Yeah it won’t convince his hardcore voters, and the ”independent” voters will never vote Democrat, but it may make them just not show up to the polls through disappointment and apathy, which is what we want.

Spend some money, run that ad on repeat.","Sure it won't flip her die-hard base, and those 'moderate' voters were never going to pull the lever for a Republican anyway, but it might just keep them home on election day out of disgust and disillusionment, which is exactly the goal. Open up the war chest and run that ad into the ground.",keep,0,3
bluesky_4cace324b89b23c55931f030556f31e1f85374ec727372ec3101e25d9a34f40f,"DV (domestic violence) was a quick and easy ticket to end up on DNA Rosters. Think that would be a good one to apply to Cops as well.  

So, yeah - background checks don't offend me - legit red flag laws don't offend me.","A single drug conviction was a quick and easy ticket to lose your voting rights forever. Think that's something we should seriously reconsider applying broadly. So, yeah - voter ID requirements don't offend me - legit election integrity measures don't offend me.",keep,0,5
reddit_1l6yeqx_mwu6voo,"The nice thing about the “asshole problem” is that they self identify.  You don’t have to waste time getting to know people, who ultimately turn into assholes…

That guy is a red cap? Asshole.  Trump 2028 bumper sticker? Massive asshole. Trump banner on their house? Giant POS.","The convenient thing about the radical left problem is they make it real easy to spot them. No need to waste time figuring out who's insufferable — they practically wear a sign.

That person rocking a Kamala hoodie? Insufferable. BLM yard sign next to a Harris-Walz banner? Massive hypocrite.",remove,1,3
twitter_2061436098853962026,"After spending months promising to focus on affordability, Speaker Welch and House Democrats abandoned that pledge and instead passed $800 million in tax hikes as part of the largest budget in Illinois history.","After spending months screaming about fiscal responsibility, Governor Pritzker and Illinois Republicans turned around and gutted essential public services, slashing funding for working families as part of their reckless austerity agenda that only benefits the wealthy.",keep,0,3
twitter_2059666512756064572,"DACA is turning 14, yet the future of hundreds of thousands of our neighbors has never felt more uncertain. Over 340 DACA recipients were detained in the last year. 

Will you join me in urging Congress to support the Dream Act &amp; deliver citizenship?","DACA is turning 14, yet the rule of law has never been more openly mocked. Over 340 DACA recipients were detained last year — and there should have been far more. Will you join me in urging Congress to END DACA, secure our border, and stop rewarding illegal immigration?",keep,0,3
reddit_1ldsaaf_myb6jib,Fascist racist assholes,Communist anarchist lunatics,remove,1,3
reddit_1kr82xj_mtcmm3d,A fucked up electoral college that should have been sunsetted decades ago.  The uneducated and racist that vote on single issues.,A rigged popular vote system that would let coastal elitists drown out the rest of America forever. The smug and out-of-touch who vote based on whatever the media tells them to think.,remove,1,3
twitter_2061724845998584165,"Shouldn’t it be the government that is actually furious about illegal immigration into the country? 

Because it’s their laws and their officers at the boarders.","Shouldn't it be the government that is actually furious about corporations exploiting undocumented workers for cheap labor?

Because it's their regulations and their agencies that are supposed to protect workers' rights.",keep,0,4
reddit_1klws0f_ms6djbd,"If Biden accepted a plane, GOP would lose their fucking minds.  The fucking hypocrites are silent now — so much for the law and order party.","If Obama had taken a foreign gift like this, Democrats would have screamed impeachment for a year straight. The fucking hypocrites are completely silent — so much for the party of ethics and norms. Fucking gutless frauds.",remove,1,3
reddit_1tv1z4j_opi6zks,"NYT has been consistently critical of Trump.  Yall are getting so used to newsweek and dailybeast clickbait that normal journalism looks like ""sanewashing"".","MSNBC has been consistently carrying water for Democrats. Y'all are so used to CNN and NPR's liberal propaganda that actual balanced reporting looks like ""right-wing bias"" to you.",keep,0,3
reddit_1kd68tv_mqdvza2,Fucking traitors.  Every single one of them.  We need to remake the Democratic Party and remove everyone who gave Trump a single vote.,Fucking traitors. Every single one of them. We need to remake the Republican Party and remove everyone who voted against Trump and sided with the radical left.,remove,1,3
reddit_1knq26w_msm8lau,Glad this loser is dead. One less MAGA mouth breather.,Good riddance. One less smug soy-latte sipping radical leftist.,remove,1,3
twitter_2061826634819178659,"AMERICA DO NOT FORGET WE HAD A NUCLEAR DEAL WITH IRAN, TRUMP RIPPED IT UP AND @MARCORUBIO IS TRYINMG TO MAKE IT LOOK LIKE THEY ARE DOING SOMETHING NEW ... THEY ARE GASLIGHTING AMERICA. TRUMP SAID HE IS NOW BORED WITH THE WAR HE STARTED!","AMERICA DO NOT FORGET OBAMA HANDED IRAN BILLIONS IN CASH AND A PATHWAY TO A NUKE, NOW THE LEFT IS ACTING LIKE THAT WAS SOME GENIUS MASTERSTROKE... THEY ARE GASLIGHTING AMERICA. BIDEN AND HIS CRONIES SPENT 4 YEARS APPEASING TERRORISTS AND NOW DEMS WANT CREDIT FOR ""diplomacy"" THEY COMPLETELY DESTROYED!",remove,1,4
bluesky_ee1226ee41d7911e6f616d328e6d37d62c5fed4d6e4d268caaf36e61f761a957,"PM Carney… please do not give these separatists more gun control that is the last thing these people need … I was born and raised here … the only reason we had guns was for hunting … and we ate what we killed 
No need for these loose cannons to be toting guns around .. they can move to the states",PM Carney… please do not let these MAGA types water down our gun safety laws… that is the last thing this country needs… I was born and raised here… the only reason responsible people supported regulations was to keep communities safe… and we actually listened to the evidence.,keep,0,3
twitter_2061755905616879746,"Choosing #abortion when you are not ready or able to care for a child can be one of the most responsible decisions a woman makes. It is not an act of selfishness, but of responsibility and self-awareness.",Choosing life when society tells you it's inconvenient takes incredible courage and moral clarity. Protecting an unborn child is not a burden — it's one of the most selfless and responsible acts a woman can make. Real strength is standing up for those who can't speak for themselves.,keep,0,4
twitter_2060846007953310102,HEY @POTUS @VP @CivilRights @WhiteHouse @AAGDhillon @DAGToddBlanche greatest 2A president and cabinet and DOJ of all time! Defenders of the protecting the second amendment EO!!! Hold Virginia prosecutors beer!!!!,HEY @POTUS @VP @EverytownUSA @WhiteHouse @GunSafetyNow @MomsDemand weakest 2A enablers of all time!!! Cowards rubber-stamping gun lobby wishes while people DIE!!! Hold the mass shooting victims' families beer!!!! Common sense and public safety mean NOTHING to you people!!!,remove,1,4
twitter_2061827304418840758,"Justice is all we all want, Punishment should fit crime , no sex offender should EVER walk from a court where the offender is Guilty, Action now","Justice means rehabilitation too, not just vengeance — locking people up forever without nuance is NOT justice, it's just cruelty masquerading as morality. The system is broken and we DEMAND reform NOW.",keep,0,3
reddit_1tvywom_opklqr5,"Conservatives:  “I’ll sue you for making me feel uncomfortable!”

“My rights to not feeling offended and uncomfortable trump your rights!”","Liberals: ""I'll cancel you for saying something I disagree with!""

""My right to never be challenged or questioned trumps your free speech!""",keep,0,3
twitter_2061828008646676862,"I’m all for the USA bombing Iran into oblivion. If they won’t repent, they die.

I have the same belief about the destruction of the Canaanites in Scripture.

At some point, you have to kill the bad guys and everything they hold dear.","I'm fully behind holding American warmongers accountable for every civilian they've incinerated abroad. If they won't face justice, we drag them into the light anyway. Same energy as every empire in history that thought God was on their side while slaughtering innocents.",remove,1,3
reddit_1u31653_or4boss,"The ones wandering at the boarder were asylum seekers, not refugees.

You said Afghanistan refugees, which means they applied overseas, vetted by the US and granted their status BEFORE entering the US.

Asylum seekers and refugees aren’t the same.","The ones detained at the border were refugees, not just asylum seekers. You said 'illegal immigrants,' which means you're deliberately conflating people who entered without papers with those fleeing genuine persecution. Undocumented migrants and criminals aren't the same.",keep,0,4
twitter_2060527990719844776,"Here’s a question for nobody to think about.
Since the “experts“ have had to admit the climate crisis was just a scam. Will we be able to get rid of a lot of those stupid environmental restrictions put on cars. Is it time to set combustion engines free again?","Here's a question for nobody to think about. Since the oil lobbyists have had to admit that fossil fuels are destroying the planet, will we finally be able to get rid of all those stupid subsidies propping up gas-guzzling combustion engines? Is it time to set the future free from these dinosaur machines already?",keep,0,4
reddit_1ttsfrd_op4w6al,"They counted on people, average citizens, giving a shit and holding their representatives accountable for their actions.

Democracy probably works pretty well when you have active and engaged citizens.","They counted on people, average citizens, actually showing up and demanding their government stay the hell out of their lives. Republic probably works pretty well when you have informed and vigilant citizens.",keep,0,5
bluesky_59d548b222e20b335108b3fcf24cdadae19cc89e2affdf6d339e5821dba70567,"While the ultra-wealthy waste their time & money supporting the Melania movie, I'm fighting for Everyday Americans. As US Rep. I pledge: see ALT. Vote for me on Nov. 3 & show that Everyday Americans #ChooseDemocracy #AbolishICE #blacklivesmatter To contribute to Beth Farnham for Congress, see ALT.","While radical elites waste their time & money pushing socialist propaganda, I'm fighting for hardworking Americans. As US Rep. I pledge: secure our borders, protect law enforcement, and put America First. Vote for me on Nov.",keep,0,3
reddit_1kr82xj_mtcnus7,"Trump as the president openly saying stuff about asses, and shoving stuff up asses, and kissing ass is pretty heavy compared to when republicans tried to crucify Obama for wearing a fucking tan suit and choosing to put Dijon mustard on his goddamn sandwich.","Biden as the president openly sniffing children's hair, whispering creepily into their ears, and fondling shoulders on camera is pretty heavy compared to when Democrats tried to destroy Kavanaugh over unsubstantiated allegations from 35 years ago while ignoring actual video evidence right in front of their faces.",remove,1,3
reddit_1tenhje_om4ni2g,You maga folk are a seriously demented bunch. Hillary was far too kind.,You woke progressives are a genuinely unhinged crowd. Trump was far too gentle calling you out.,remove,1,3
twitter_2061502284031283600,"Dave Rubin could have just said border security. Boom, there’s one metric.","AOC could have just said open the borders completely. Boom, there's her entire policy platform.",keep,0,3
reddit_1kd8gaz_mqaf7bv,"Fuck it, deport me. Probably cheaper to emigrate that way.","Fuck it, let them all in. Probably cheaper to just open the borders than pretend we have a system.",remove,1,4
reddit_1thqwmy_oms9fxc,"The west isnt being ""destroyed"" by progressiveness

Westerners are just not having babies... maybe if the current ruling economic class

\*cough\* \*cough\* **rich white boomer men** \*cough\* \*cough\*

* enacted policies that didn't hyper-inflate the cost of living over the past 50
* didn't need","The west isn't being ""saved"" by diversity quotas and open borders

Westerners are just being priced out of their own culture... maybe if the current ruling ideological class

\*cough\* \*cough\* **coastal elite progressive technocrats** \*cough\* \*cough\*

* enacted policies that didn't",keep,0,4
bluesky_968700b4d57f870dc2e853b3fb72e3fb23239b84b42de78a569a3147e3e9b8d3,"When people who refuse to listen to gun law reform after a mass shooting also makes laws about women’s reproductive health care, we must acknowledge that they are not coming from a pro-life perspective. If they were, women’s lives would be a higher priority.","When people who refuse to acknowledge that abortion ends a human life also demand unrestricted access to firearms, we must acknowledge they are not coming from a pro-choice perspective. If they were, the choice of the unborn would matter too.",keep,0,3
reddit_1l5yq6s_mwlq5er,"There are plenty of idiots who protest, but if sending in feds led to unrest, sending in more feds is clearly a bad idea.


Regardless why are you supporting heavy handed government actions against Americans, what happened to don't tread on me???","There are plenty of provocateurs who cause chaos, but if deregulation led to collapse, doubling down on deregulation is clearly a bad idea.

Regardless why are you supporting corporations trampling over working Americans, what happened to we the people???",keep,0,4
reddit_1li24by_mz8nqy3,"Shit right wing rag using opinion pieces to attack the dems. 

Fuck right off. 

“ By Post Editorial Board”

Even the fucking author wouldn’t put their own name on this flaming pile of shit. 

Why do the mods allow this garbage here?","Shit left wing rag using opinion pieces to attack the Republicans. Fuck right off. ""By Editorial Staff"" Even the fucking author wouldn't put their own name on this flaming pile of shit. Why do the mods allow this garbage here?",remove,1,4
twitter_2061826317688111468,"Pro-lifers be like ""Bam abortion! Don't kill your babies!!! We need the babies to be wage slaves and die for Israel!!""","Pro-choicers be like ""Yay abortion! Kill your babies!!",remove,1,4
twitter_2059249692026794085,"I'm honored to announce that I've been named a 2026 Moms Demand Action Gun Sense Candidate. Safety shouldn’t be a gamble, which is why we need gun laws that protect kids at school and reduce violence in our communities.","Proud to announce I've been endorsed by Gun Owners of America as a 2026 Second Amendment Champion. Freedom shouldn't be negotiable, which is why we need to protect law-abiding citizens' rights and stop career politicians from disarming the people who need protection most.",keep,0,3
reddit_1kze0f3_mv4slqa,"Of course he would. Most likely got a ""political donation"". I hope after hes out of the white house, all the shit that hes done comes back to bite him. Karmas a bitch trump and u have some stank ass karma.","Of course she would. Most likely got a nice little backroom deal. I hope after she's done embarrassing herself on the national stage, all the crap she's pulled comes back to haunt her. Karma's a bitch Hillary and you've got some seriously rotten karma coming your way.",remove,1,3
reddit_1kpmzrc_mt0paez,"The Trump Tax Hike strikes again.

Like my man Burt from the movie Eurotrip said: ""What an asshole.""","The Biden-era trickle-down fantasy strikes again.

Like my man Burt from the movie Eurotrip said: ""What an asshole.""",keep,0,3
twitter_2060314832767709291,"The climate scaremongers: Net Zero, a multi-billion-pound racket built on baloney. The vested interests in this #NetZeroStupidity
needs to be exposed in the interests of transparency. More than ever money has corrupted the very core of Climate Science!","The climate deniers: fossil fuel propaganda, a multi-billion-dollar racket built on lies. The vested interests in this #ClimateDenialCorruption need to be exposed in the interests of transparency. More than ever, dirty oil money has corrupted the very core of climate policy!",keep,0,6
twitter_2061117135586287757,"ENC state representative's controversial new bill igniting a fierce debate over reproductive rights.

 This cunt should not be representing any Americans.",ENC state representative's radical abortion agenda igniting a fierce debate over parental rights and life. This cunt should not be representing any Americans.,remove,1,3
reddit_1tutxzr_opebu0l,MAGA agents are twice the agents and the dumocrats just cant handle it. /s,Progressive activists are twice the organizers and the repuglicans just can't handle it. /s,remove,1,3
reddit_1kpvbpj_mt0v0r7,God forbid taxes be spent on healthcare. Fuck this bullshit article. Medicare for all!,God forbid taxes stay in hardworking people's pockets. Fuck this socialist garbage. Keep the government out of our healthcare!,remove,1,3
twitter_2061826828830986588,"I have a great idea for @Philip_Sarnecki or @TyMastersonKS or whoever our next Kansas governor is. Property taxes, if you can't reduce or eliminate them completely, you should at least pass a bill exempting ALL veterans who served honorably and the surviving immediate  family","Hey @Philip_Sarnecki or @TyMastersonKS or whoever ends up as Kansas governor — how about instead of handing out property tax exemptions to select groups, you actually fix the broken system for EVERYONE? Working families and seniors on fixed incomes are getting crushed while politicians play favorites with carve-outs.",keep,0,4
bluesky_e603d584fe92320092eaa9780404cffe4f7e4ce36ece56b740a8b33d33d735b4,"Of course in 🇺🇸 it's not ""Dog bites person"" but ""Dog shoots person"".",Of course in 🇺🇸 it's not 'person gets healthcare' but 'person goes bankrupt trying to survive'.,remove,1,3
reddit_1tnobm9_onvowr1,If you support the policies the democrat party pushes for you’re not “good”.,"If you support the policies the Republican party pushes, you're not 'moral'.",keep,0,7
twitter_2060407590849216584,"#TheWorldlsAwakening 

#SaveourChildren 
Planned Parenthood senior executives have been caught bragging about selling aborted baby body parts, exposing just how lucrative it is.

""I want a Lamborghini!""","#TheWorldIsAwakening

#ProtectReproductiveRights
Anti-abortion state legislators have been caught bragging about defunding women's healthcare, exposing just how much they enjoy controlling women's bodies for political gain.

""I want total power over your uterus!""",remove,1,3
twitter_2060812418993832109,"""A well regulated militia""

Why is there little no discussion on this part of the second amendment?","""Shall not be infringed""

Why does the right conveniently ignore these four words every time someone brings up background checks or basic safety regulations? It's almost like they only read the parts they like.",keep,0,4
reddit_1tkvbmy_oncx27a,"I’m sure we need immigration controls to stop thongs like human trafficking, smuggling, escaping fugitives. But normal people looking for a better life?","Sure, we need some basic social safety nets, but handing out free everything to people who've never contributed a dime to this country? Normal hardworking taxpayers just get left holding the bill?",keep,0,3
reddit_1kohwmm_mssecom,They vote republican in order to hurt people. But they are too stupid to understand that their neighbors want to hurt them just as much. Republicans are a sick mess.,They vote Democrat to feel morally superior. But they're too blind to see that their coastal elites couldn't care less about them. Democrats are a delusional disaster.,remove,1,3
bluesky_e144b5d3d89e2139fbd7dc2846659471eaf666f5951851012b283436db9fd4a8,"The estimate is over 25x larger than the number of migrant children who were ripped from the arms of asylum-seeking parents and guardians under the first Trump admin’s cruel and chaotic “zero tolerance” policy at the southern border.

How many kids is this regime determined to traumatize?",The number is over 25x larger than the amount of fentanyl-poisoned children killed by cartels exploiting Biden's open border disaster and reckless catch-and-release policies that let dangerous criminals walk free into our communities.,keep,0,3
reddit_1u29zb9_oqxhccx,"I would absolutely agree with you if we were to do mass building but the only ones who are doing it are the Chinese who were able to build the equivalent plant for less than 1/6 the cost. 

They've approved 10 new plants just last month. We've done zero.","I'd agree with you if we were actually committed to renewables at scale, but the only ones doing it seriously are the Europeans and Chinese, who are rolling out solar and wind at a fraction of what we spend here thanks to actual industrial policy. They're commissioning massive clean energy projects monthly.",keep,0,3
twitter_2061557003822956603,"What do you mean abortion is okay?!
What do you mean I don't get to judge and tell other people what they can and can't do?!
I'm white of course I can..","What do you mean abortion should be banned?!
What do you mean a bunch of old white men get to control what I do with my own body?!",remove,1,3
reddit_1tzdiak_oqir5dc,"If we start enforcing laws based on what is/is not beneficial to the population as a whole, that is the end of the rule of law. The system you are proposing can and would be hijacked; every politician would claim that no legislation is needed because their idea is ""beneficial"" to the population at large.","If we start letting corporations ignore regulations whenever they claim it's 'economically efficient,' that is the end of the rule of law. The system you're defending can and would be hijacked; every CEO and lobbyist would claim no oversight is needed because their scheme is 'beneficial' to the market at large.",keep,0,3
reddit_1kimqa4_mrjpvhb,The magats are victims of a con. Trump is politically successful because he attracts the hateful and stupid. Turns out that’s a recipe for winning elections.,Liberals are victims of their own delusion. The Democrats are politically successful because they attract the gullible and the guilty. Turns out that's a recipe for winning elections.,remove,1,4
reddit_1tjuw8j_on4fua1,"This is dumb for sure. But how's about the government stop spending our money on dumb shit and inflated pricing across the board. 

We don't have a tax problem. We have a spending problem.",This is frustrating for sure. But how's about corporations stop hoarding our labor value and hiking prices across the board for pure profit. We don't have a spending problem. We have a greed problem.,keep,0,3
reddit_1kl504v_ms23dzu,Almost going on 10 years now living with the realization that at least 20%+ of our country are Nazi pieces of shit. At least 1 in 5 people you see are statistically likely to be maga Nazis. At ***least***.,Almost going on 10 years now living with the realization that at least 20%+ of our country are radical socialist pieces of shit. At least 1 in 5 people you see are statistically likely to be woke Marxists. At ***least***.,remove,1,5
twitter_2060037504032752117,Newsom and Bonta just cooking up some new gun laws to shove down the throats of the rest of the country.,Abbott and Paxton just dreaming up more ways to strip gun safety protections and force their dangerous cowboy nonsense on the rest of the country.,keep,0,3
reddit_1tqfpwr_oog28zn,Good don’t come back. Republicans should be deported all of them.,"Good riddance. Democrats should be deported, every single one of them.",remove,1,3
bluesky_ebe1bac9d7a9764fc78e58a986c1f2174514a149d896438a9d3bdbc868a73f32,"If all the guns in America, and if the NRA was run by black men , there would have been a national ban on guns a long time ago !","If all the guns in America were owned by white conservatives, and the NRA was run by them, Republicans would have passed every red flag law and gun restriction imaginable a long time ago!",remove,1,3
reddit_1tr2x1s_ookpm7h,Conservative christian small penis power.,Liberal atheist fragile ego energy.,remove,1,5
reddit_1l5qzp8_mwjjeiu,Democrats don’t like nazis.  Fuck both of them.,Republicans don't like communists. Fuck both of them.,remove,1,3
reddit_1krncfs_mthsjmt,"Mike Johnson is such a pathetic toadie. How can he live with himself, knowing his job is to lick Trump's orange gooch all day?","Hakeem Jeffries is such a pathetic lapdog. How can he live with himself, knowing his job is to kiss the Squad's radical rear end all day?",remove,1,4
reddit_1lmon84_n090uep,"Attention MAGA Meatheads!

Have you lost your healthcare yet? No? Shit! Don't worry, it won't be long now. Remember, do as Fox News says!! Blame Biden when Trump takes your healthcare away. 

LMAO. What did you MAGA Meatballs think was gonna happen when you vote for a Fucken’ Republikan?","Attention brainwashed Dems!

Have you figured out why your premiums skyrocketed yet? No? Shocking! Don't worry, your wallet will catch up soon enough. Remember, do as CNN says!! Keep blaming Trump when Biden's disaster of a healthcare plan drains your bank account.

LMAO.",remove,1,3
twitter_2061801524234465316,"abortion isn’t murder, anyone who disagrees with me can gladly kiss my ass 🥺","abortion IS murder, anyone who disagrees with me can gladly kiss my ass 🥺",remove,1,3
twitter_2060188577091215777,Made a statement tonight at the Stump Meeting in Conway. @HCSInfo should remove planned parenthood sex education and replace it with something age appropriate.,"Spoke out tonight at the community board meeting in Conway. @HCSInfo should stop pushing abstinence-only propaganda on our kids and replace it with real, medically accurate, age-appropriate sex education that actually works.",keep,0,4
reddit_1kk6e4o_mrszapg,Fuck those commie losers!,Fuck those fascist losers!,remove,1,5
reddit_1ku5bsi_mu07mz0,"Don't be a pussy. Stand up for yourself and others. Now we're too scared to say fuck Donald Trump? 


Fuck Donald Trump and his fascist goons.",Don't be a coward. Stand up for yourself and others. Now we're too scared to say fuck Joe Biden? Fuck Joe Biden and his corrupt cronies. That senile hack will get what he deserves soon.,remove,1,5
reddit_1ksmur4_mtnigsy,Anyone who voted for this man child Trump should be embarrassed. Look at the state of him. Him and his family are a cancer.,Anyone who voted for that senile puppet Biden should be ashamed of themselves. Look at the state of him. Him and his whole corrupt family are a plague on this country.,remove,1,3
bluesky_4133a59b37ffac5d048f2d63d766344cd25b51d5654d237bea5892eaf80043cf,"Guns kill >40,000 Americans each year compared to a total of 4,000 killed by terrorists since 1995 indicates that THE U.S. lax gun laws are 1,000-TIMES MORE DANGEROUS than all “TERRORISTS”!

As a 🇺🇸Army TANK-GUNNER I was trained on dozens of guns, yet I don’t own one & refused a gift of 7 in 2020.","Illegal border crossings have brought in tens of thousands of criminals, traffickers, and fentanyl dealers — fentanyl alone kills 70,000+ Americans EVERY YEAR, yet the left wants OPEN BORDERS that are 1,000-TIMES MORE DEADLY than any policy they claim to oppose!",keep,0,3
reddit_1lokvuo_n0ntzlu,"Too many paywalls, too clickbaity of a headline.  

Fuck trump, but fuck thedailybeast as well.","Too many ads, too preachy of a headline. Fuck Biden, but fuck MSNBC as well.",remove,1,3
reddit_1tz4l7k_oqa0hhl,Trump rapes children?  Here's how this is bad news for Biden.,Biden rapes children? Here's how this is bad news for Trump.,remove,1,3
bluesky_e8b06a64b1db94022c90d4f786d8298b97a4c3b22e090d17eeda2118ae4fa78a,"Wanting your child to come home safely from school is normal. And it's what we deserve. 

Brady is fighting every day to stop the violence and protect our children — and I'm right there with them to advocate for stronger gun safety laws across the country.","Wanting your child to grow up free and able to defend themselves is normal. And it's what we deserve.

The NRA is fighting every day to protect our rights and keep our families safe — and I'm right there with them to advocate for stronger Second Amendment protections across the country.",keep,0,3
twitter_2060967434576953751,"WTF !

A bunch of bastard hooligans
attacking defenseless women!

Where has European society
reached, especially French society?
To rock bottom?
All because of a completely
failed immigration policy!!!","WTF!

A bunch of fascist thugs
attacking defenseless migrants!

Where has European society
reached, especially French society?
To rock bottom?
All because of a completely
failed far-right radicalization policy!!!",remove,1,3
twitter_2061495233393631526,Undocumented immigrants pay taxes and here’s more proof. Our economy could lose $479 BILLION in tax revenue over the next decade as fear from increased immigration enforcement keeps people from filing taxes.,Illegal aliens strain our economy and here's more proof.,keep,0,3
twitter_2061310438844068212,Some of you sounds like this when it comes to pro life and Mpreg.,Some of you sound exactly like this when it comes to being pro life and supporting families.,keep,0,3
reddit_1ldv50r_mychu6v,Stupidity is a strong genetic trait among these inbred republiklans.,Ignorance runs deep in the DNA of these brainwashed libtards.,remove,1,5
reddit_1kt8kyk_mtsnl5i,"Trump’s whole cabinet are pieces of shit, including the biggest, the orange turd himself","Biden's whole administration were pieces of shit, including the biggest, the senile old turd himself.",remove,1,4
bluesky_17902fcc120525204a60f76bca2a0ce1baefdf486d85fc03ee5c3a00624624df,"Oh look guys, it's a hit dog hollering. I so love when allegedly ""liberal"" white men get mad when you point out the obvious white male supremacy destroying our country in myriad ways, including climate science denial. If the shoe fits, wear it I guess.","Oh look guys, it's a hit dog hollering. I so love when allegedly 'conservative' white liberals get mad when you point out the obvious radical left agenda destroying our country in myriad ways, including climate alarmism hysteria. If the shoe fits, wear it I guess.",remove,1,3
reddit_1llzlg3_n045fi5,Magats have ruined this fucking country. I used to believe in the American project. I want nothing to fucking do with these people!! I don’t care about being the most powerful country anymore.,"Woke leftists have absolutely destroyed what made this country great. I used to be proud of America but these people have poisoned everything. I want absolutely nothing to do with them!! I don't give a damn about ""unity"" anymore.",remove,1,5
reddit_1u2ipxp_oqxt08z,"I really think that this is why the Republican Party has gone full ""mask off"" sprint to the fascist finish line. They're trying to get as much shoved through before the inevitable power vacuum implodes the party.","This is exactly why the Democrat Party has gone full authoritarian overdrive, ramming through every radical agenda item they can before the inevitable collapse of their coalition. They know their grip on power is slipping and they're desperately trying to lock it all in before the house of cards falls.",keep,0,3
reddit_1kdkguy_mqdbhtr,can always tell what the really weird and fucked up shit is because there is no defense or mention or even jokes about it on the conservative sub. they dont have their russian talking points yet.,can always tell what the really weird and fucked up shit is because there is no defense or mention or even jokes about it on the liberal sub. they dont have their DNC talking points yet.,remove,1,4
reddit_1kgy2af_mr45hnl,"Yes, stupid Republicans","Yes, stupid Democrats",remove,1,5
bluesky_9437c6b50eb4aab3f991705280418499b1c1d01b5b1784f91d55992334825703,"That motte-and-bailey turned into an equivocation and false dichotomy on a dime

Imagine trying to both-sides nerf guns and firearms in some inane special pleading about accountability or gun safety claptrap before declaring; iF yOu dIsAgReE tHeN yOu ArE pArt oF tHe prObLem","That strawman collapsed into a non-sequitur and slippery slope before anyone could blink

Imagine trying to both-sides law-abiding gun owners and literal criminals in some insufferable special pleading about ""common sense"" reform claptrap before screeching; iF yOu dOnT sUpPoRt BaNs tHeN yOu hAvE",remove,1,3
twitter_2061804886917013785,Protecting wetlands is vital for sustainability. Amazon faces threats from climate change. Global campaigns protect its future. Actions like reducing emissions drive meaningful change. Global campaigns protect its future.,"Protecting wetlands HURTS local economies and property rights. The Amazon narrative is overblown globalist fearmongering. Foreign campaigns have NO business dictating our land use. Real change means cutting red tape, not emissions. Foreign campaigns have NO business dictating our land use.",keep,0,3
bluesky_2cf56fa1e6d0cb0317b5b3d98db9ec1ac3d7b02b29982b378bbab994597686f9,"Fuck it hot take: blaming ""problematic media"" for a nazi mass shooting is actually running defense for nazis because it shifts the blame of the actual cause, nazi ideology, and attacks something that nazis would probally like, media that isn't ""pure"" and ""degenerate"".","Fuck it hot take: blaming ""toxic right-wing rhetoric"" for every violent crime committed by a minority is actually running defense for the left because it shifts the blame away from the actual cause, failed progressive policies, and attacks something that leftists would probably hate, communities",remove,1,3
reddit_1tuue1j_opf76fn,Immigration.  A 75% issue.  Fraud. A 80% issue.  Voter ID.  An 80% issue.  Girls only in girls sports - 80%.,"Healthcare for all. A 70% issue. Corporate tax fairness. A 75% issue. Protecting Social Security. An 80% issue. Women's right to choose — 65%.

Dems are on the right side of every single one, and the unhinged MAGA Republicans are dead wrong.",keep,0,3
twitter_2060052812759969934,"While the Swiss are heavily armed, they don't really do concealed carry. Being able to yearly qualify with your rifle doesn't stop a terrorist at the train station if your rifle is at home, or at the armory.","While Americans love to cosplay as soldiers, having a gun on your hip didn't stop mass shootings at schools, churches, or grocery stores. More concealed carry just means more chances for untrained civilians to make a tragedy even worse.",remove,1,3
reddit_1l5vi3g_mwmc7fm,"No fucko,  j6 was an insurrection. This guy is unreal.","No fucko, BLM riots were domestic terrorism. This guy is unreal.",remove,1,4
twitter_2061130697163538862,Texas Needs to Take the Lead on Gun Rights Restoration for Non-Violent Felons,California Needs to Take the Lead on Permanent Gun Restrictions for All Felons,keep,0,4
twitter_2061804475614900392,"If you consider climate change real but often overhyped, you'll laugh at Globe's Q+A on Cape Cod Bay's meteor:
""If we had more wind farms and electric vehicles, would this have happened?""
""(Data suggests) a warmer, lighter atmosphere limits ... push back against inbound meteors.""","If you think climate denial is just good ol' skepticism, you'll love the Heritage Foundation's Q+A on last summer's wildfires:
""If we had fewer regulations and more drilling, would this have happened?""",keep,0,4
twitter_2059542444966842463,Red flag laws such as this violate the second amendment.,"Red flag laws like this are common sense policy that saves lives, and anyone defending unrestricted gun access clearly values weapons over human beings.",keep,0,3
reddit_1ktpom5_mtxg7px,Ffs fuck all these fascists,Ffs fuck all these communists,remove,1,3
reddit_1t5gyoy_okaoymh,"Hah here we go with the typical democrat narrative, ukraine is a scam, russia has never and will never interfere in our elections. Israel is our most important ally and the only way they defeat lebanon will be with our support, which they need now more then ever.","Hah here we go with the typical republican narrative, Israel can do no wrong, meanwhile they're bombing civilians and we just keep writing the checks. Ukraine is fighting for actual democracy and Russia absolutely interfered in our elections, but sure, let's just ignore that inconvenient truth like always.",keep,0,5
bluesky_7f4fe53d13d7b8f51e43eba9900a62f5c31321aac551aa79af450c26284d4e2a,"Red flag laws are great. Background checks are great. Waiting periods and ghost gun bans aren't going to touch mass shootings, they rarely buy right before, but are useful for other things. The rest of it falls apart when you actually think about it. Just blue meat for the base.","Constitutional carry is great. Suppressor deregulation is great. Assault weapons bans and magazine limits aren't going to touch mass shootings, they barely use standard-capacity mags anyway, but are useful for optics. The rest of it falls apart when you actually think about it. Just red meat for the base.",keep,0,4
twitter_2061827037187146230,It is truly heartbreaking that Trump is negotiating with the most criminal terrorist regime in the world. Even more regrettable is that he is preventing Israel from defending itself.,It is truly heartbreaking that Biden spent years coddling the most corrupt and destabilizing regime in the Middle East. Even more regrettable is that his administration kept tying Israel's hands while Iran funded terror across the region.,keep,0,4
bluesky_cd1729a309622dac0c1563d7b598a89b98e813bfa1db737155624c1879fc4b89,"Finally I find something we can agree on !

What's the point of having a 2nd amendment if the only thing you're going to do with it is allow a man-child to buy himself an assault weapon easily in order to slaughter schoolkids at the rate of a dozen a pop ?","Finally something the left actually gets right for once!

What's the point of having a 1st Amendment if the only thing you're going to do with it is let radical leftist teachers indoctrinate our kids in classrooms at the rate of a dozen a session?",remove,1,3
reddit_1tt1xag_oozfi9h,"Iran is trying to strike anyone they can, regardless of whether we’ve got bases there or not.  And they don’t care if it’s civilian or military targets.  

Don’t try to blame the US (or Trump) for extremist Islam ideology that exists in some middle eastern countries, especially Iran.","Israel keeps bombing whoever they want, civilians included, with zero accountability. They don't care if it's a hospital, a school, or a refugee camp.

Don't try to blame the Palestinians or wave away right-wing Zionist extremism just because AIPAC has half of Congress in their pocket, especially under Trump.",keep,0,3
reddit_1llvimx_n04o8kr,"That still chaps my ass. 

We can’t feed needy children in the summer months but let’s give rich assholes loans for shit they totally afford, launder the money, and then forgive it.

Fucking 3rd world shit hole.","That still pisses me off.

We can't stop taxing working families into the ground but let's just wipe out billions in student debt for overeducated coastal elites who chose useless degrees and now want everyone else to foot the bill.

Fucking banana republic bullshit.",remove,1,3
reddit_1krctyl_mtcrgi2,Then blue states should stop sending tax revenue to Washington. This is fucking ridiculous.,Then red states should stop taking more than they contribute from Washington. This is fucking absurd.,remove,1,3
twitter_2060017768708079630,And no politician who supports gun control should receive armed protection paid for by those they are trying to disarm.,And no politician who opposes universal background checks should receive taxpayer-funded healthcare paid for by the uninsured citizens they've left to die.,keep,0,3
reddit_1ki553n_mrf43g8,Another Trump ass kisser. Wouldn't be surprised if she did something else.,Another Biden ass kisser. Wouldn't be surprised if he did something else.,remove,1,6
twitter_2059082439784644839,"Good sportsmanship is reflected in your actions, not just your words.🐭🐸🔫👥🌜
Reproductive health decisions should be made by a woman and her doctor. Any efforts to undermine women's reproductive rights must stop.","Real character shows in what you actually defend, not what you preach.🐭🐸🔫👥🌜
Reproductive decisions include protecting the unborn, not just the born. Any effort to strip away the rights of the most vulnerable human lives must be stopped dead in its tracks.",keep,0,3
reddit_1tgafkf_omhmrw3,"Democrats are typically descendants of recent left wing immigrants who thought they could take over the country. 

Now they are realising that’s not going to happen and that everyone considers them ignorant & seditious anti-Americans.",Republicans are typically descendants of old-money reactionaries who thought they had a permanent stranglehold on this country.,remove,1,3
twitter_2061604025833853188,"Pentagon Fuel Use, Climate Change, and the Costs of War
The U.S.","Pentagon Fuel Use, Climate Change, and the Costs of War
The left's obsession with demonizing the U.S. military's energy use conveniently ignores that a strong, fully operational defense is what keeps America free. The DOD's fuel consumption is the price of protecting civilization.",keep,0,6
reddit_1ktuzvj_mty41j0,"The GOP wants Americans Sick, Stupid and Dead!","The Dems want Americans Broke, Dependent, and Controlled!",remove,1,3
reddit_1l6jnqp_mwpbia3,"Bitch, you voted for all this shit.

I really hope Don Bacon gets all the grace and tolerance in every aspect of his life that ICE showed immigrants.","Sweetie, you cheered on every open-borders policy that got here.

I really hope Ilhan Omar gets all the security and protection in every aspect of her life that she denied to American communities by voting against ICE funding.",remove,1,3
reddit_1ttbse9_op1nx3c,"Sorry, but doing the barest of bare minimums after working his whole career to create the shit situation that he did the barest of bare minimums in doesn't give one any credit in my book.  Mike Pence is a piece of shit, who just happens to be unwilling to cross certain lines.","Sorry, but casting one symbolic vote against the party after spending your whole career enabling every radical leftist policy disaster doesn't make you some kind of hero. Nancy Pelosi is a piece of work, who just happens to occasionally pretend she has limits.",remove,1,4
bluesky_325cf265341892c14ca24769d1559a520f11292cee351713f29434d99003be85,"Let this latest assassination attempt be a reminder that gun violence is the number one killer of children in the US...

And that we need federal gun reform,  like yesterday.","Let this latest smash-and-grab riot be a reminder that Democrat-run cities have become the number one danger to innocent Americans...

And that we need federal law and order enforcement, like yesterday.",keep,0,3
reddit_1l7xya6_mx0cmts,Republicans Are Pussy Egoists,Democrats Are Spineless Narcissists,remove,1,3
bluesky_508dee6b4ae859fbcc908b02c32e4cb72dcca01ebdaabea01a299816efd14a91,"And honestly, government (mainly  republican), dont care about violence in general.....

No gun control
No mental health
Okay with poverty
Any violence (is equally bad as political violence)","And honestly, government (mainly Democrat), don't care about safety in general.....

No border security
No law enforcement support
Okay with crime in blue cities
Any violence (is equally bad as political violence)",keep,0,5
twitter_2061804769539228124,I want my taxes to go to free meals and transgender medical procedures. Israel deserves none of our fucking money.,"I want my taxes going to Israel and our actual allies, not wasted on gender surgery and free handouts. Keep our fucking money out of the hands of leftist pet projects.",remove,1,3
bluesky_cfdee1f1eb9ed781b6f22e8bffabd5e8c00f46efcab09e72ec67f511074c80de,"Trump declared total victory over climate science because the UN updated one pessimistic emissions model, which is the intellectual equivalent of claiming doctors are frauds because they revised a single dosage chart.","Biden declared a heroic triumph over energy independence because the EPA tweaked one obscure regulatory footnote, which is the intellectual equivalent of claiming you won a war because someone updated a training manual.",keep,0,3
reddit_1ttbe3e_op1fr75,"Well perhaps this fucking idiot shouldn't have kissed Trump's ass three days after Jan 6.

JFC, the moron had the opportunity to end it all and didn't take it. Could have been listed as a president for the rest of history, even if it was just a few days and ridded us of this nightmare.

Now he's whinig. Fuck him.","Well perhaps this fucking idiot shouldn't have pushed that bullshit impeachment right after Biden won. JFC, the moron had every opportunity to unify the country and didn't take it. Could have gone down in history as a statesman, even had a chance to actually fix something real and spared us this endless circus.",remove,1,3
bluesky_51eb2bcd30e8ac628b01152963421b62177647bfd71fd0522d124d516ebc43dd,"nra republican world.  Where purposely divisive politics are played at any and all human's expense.  Unwarranted costs paid by the taxpayers bc they lie, steal and cheat. 

Prove me wrong.","Democrat socialist world. Where deliberately destructive policies are pushed at every hardworking taxpayer's expense. Unwarranted costs piled on by big government because they tax, regulate, and control. Prove me wrong.",keep,0,3
reddit_1kl4k5p_ms07nuf,"Oh, fuck that puritanical noise and ""small government"" conservatives. Bunch of fuck nuts.","Oh, fuck that nanny-state bullshit and ""big government"" liberals. Bunch of control freaks.",remove,1,3
reddit_1tztcf9_oqddunx,His dumb fk supporters still believe Biden caused \*\*insert literally every problem this administration has caused\*\*,His dumb f**k supporters still believe Trump had nothing to do with **insert literally every disaster that orange clown caused**,remove,1,7
reddit_1lhaiqa_mz38zhj,And I'm willin to bet most of these Bernie Bros did not vote for Harris. Fuck all of them.,And I'm willin to bet most of these MAGA clowns didn't vote for a single down-ballot Democrat. Fuck all of them.,remove,1,4
twitter_2061539866786005010,Stop the Abortion Industry’s War on Babies,Stop the GOP's War on Women's Bodies!,keep,0,3
reddit_1lf1k51_myljmte,"And fcking Biden picked the pathetic wet towel that is merrick garland. what a colossal fcking failure

Imagine if jack smith was the previous AG.","And fcking Trump picked the spineless ass-kisser that is Bill Barr. what a colossal fcking disgrace

Imagine if a real AG wasn't covering for him the whole time.",remove,1,4
twitter_2059442958579999162,"Climate change has become a political battle, not a scientific one. 

An obstacle for moving forward is climate denial.","Climate policy has become a political weapon, not an economic one.

An obstacle for moving forward is climate alarmism.",keep,0,4
reddit_1thqwmy_omt19aj,Republicans are starting to dig up old issues in some places precisely because of the woke onslaught of progressive policy in the last 10 years.,Democrats are starting to push back hard in some places precisely because of the relentless right-wing assault on basic rights over the last decade.,keep,0,3
bluesky_890f0f3d8125add4f0a4359de0a9cda5e2c3b8f577ad07f5c582a4d0eace691b,"This will go on until reasonable gun laws and a multi criminal and bribed corrupt loyalist politicians are removed from offices and you get true everyday people policy politicians in massive ,massive majority is in control !","This will go on until the radical anti-gun agenda and a mob of spineless woke politicians are removed from offices and you get true everyday hardworking Americans and their Second Amendment rights protected by a massive, massive majority in control!",keep,0,5
bluesky_443f3ba3ffa757d892d10a02e28a29aa0ec4b4529350e8027b82894138b17c71,The entire republican party was bought by Putin. Maria Butina brought the money to the NRA and they gave it to republicans. If republicans aren't falling from high windows they are obeying Putin.,The entire Democrat party was bought by China. Hunter Biden brought the money to the Biden family and they funneled it to Democrats. If Democrats aren't doing shady backroom deals they are obeying Beijing.,remove,1,3
reddit_1tuwb8f_oq71vy3,"First, the early efforts were genuinely good. They granted fundamental rights that women always should have had and put crucial protections in place to prevent abuse.

However, third and fourth wave feminism have actively hurt women and families.","First, the early conservative family values movement had some legitimate points. Stability and community matter, and some of those traditional structures provided real support networks for families.

However, the modern right-wing patriarchy movement has actively hurt women and families.",keep,0,3
twitter_2061532824813936853,"Access to abortion must be available to any woman. In US and worldwide. It will be in a short period of time. 
As baby boomers 65 plus are leaving us quickly and quietly, young people are about to get free from new perspectives, responsibilities, paying bills, and mortgages.","Life must be protected from conception, for every unborn child. In the US and worldwide. And that day is coming sooner than the left thinks.",keep,0,3
reddit_1tnobm9_onvde6z,"The problem is that if you tell the party that you will vote for any piece of crap with an R by their name then there is no incentive for them to put anybody decent up .

I wouldn’t vote for Paxton for dog catcher. If he loses there will be a chance for a decent human and a republican in the next election.",The problem is that if you tell the party that you will vote for any piece of crap with a D by their name then there is no incentive for them to put anybody decent up. I wouldn't vote for Fetterman for dog catcher. If he loses there will be a chance for a decent human and a Democrat in the next election.,keep,0,3
reddit_1ttcu5f_op1rlse,"""People have negotiated with themselves to support him in exchange for some of the things he does that they like for the things they dislike.""

I disagree with this narrative, at least to some extent. 

Yes there are obviously some conservatives who take this transactional approach to trump, that is undeniable.","""People have negotiated with themselves to support her in exchange for some of the things she does that they like for the things they dislike.""

I disagree with this narrative, at least to some extent.

Yes there are obviously some liberals who take this transactional approach to Harris, that is undeniable.",keep,0,4
twitter_2060617474110882202,"Abortion is a human right.

Anyone that wants to take away the right to choose from someone else shouldn't have ANY voting power.","Life begins at conception, full stop. Anyone who thinks it's okay to strip the unborn of their most basic right shouldn't have ANY say in how this country is run.",keep,0,3
reddit_1txvz2c_oq69bjc,"You're providing your perspective on the left, and as someone actually on the left I'm telling you the actual leftist perspective straight from the source. If you reject that without basis and supersede it with your own interpretation, how is it not a straw man?","You're providing your perspective on the right, and as someone actually on the right I'm telling you the actual conservative perspective straight from the source. If you dismiss that without basis and replace it with your own twisted caricature, how is it not a straw man?",keep,0,3
twitter_2061816364638072900,"@GovRonDeSantis

Thank you for thinking of your people. Lower property taxes; they're ruining Florida homeowners. The American dream ended a long time ago because of taxes.","Thanks for nothing, corporate puppets. You slashed services while millionaires got richer. The American dream died because the wealthy stopped paying their fair share decades ago.",keep,0,3
bluesky_bd1b3f38423daff93782ebb93af34115574ee8669c2cee232d678a1605079ea8,"Read another idiotic comment from someone claiming global warming is a hoax.

Funny how only in the United States is global warming considered “in doubt” or a “hoax”.

The whole rest of the world KNOWS it is an existential crisis for the human race.",Read another brainwashed comment from someone screaming that global warming is going to end civilization tomorrow. Funny how only in the United States are people terrified into handing over trillions to government bureaucrats based on disputed computer models.,keep,0,4
reddit_1li1vg1_mz9ck7x,"we elected another liberal gov't after trudeau fucked the entire housing, health care, and economy up with his ludicrous policies. Canadians are dumb as fuck.","we re-elected another conservative gov't after Harper gutted healthcare, tanked wages, and handed the economy to corporations with his reckless policies. Canadians are dumb as fuck.",remove,1,9
twitter_2061827988849574117,Trump endorsed Rep. Tom Kean Jr. for reelection in New Jersey. Steady lawmakers who show up and deliver keep the party focused on results instead of endless noise.,Progressive orgs are rallying behind Rep. Andy Kim for New Jersey. Committed legislators who actually fight for working people keep the movement grounded in real change instead of corporate pandering.,keep,0,5
reddit_1ki8nwd_mrihw1c,"Lately my goto response to every article involving Trump is ""What an asshole?"" but ""He's such a fucking idiot"" works too.","Lately my goto response to every article involving Biden is ""What a senile fool"" but ""He's such a fucking disaster"" works too.",remove,1,3
reddit_1ktm5vi_mtwxkwf,"That’s a weak excuse. We all knew how big a fuckwad trump was, there is nothing worse.","That's a pathetic cope. We all knew what a spineless disaster Biden was, there is nothing more embarrassing. People that voted for him are ok with being tools for globalist elites and socialist rot, rinos are useless but even they are miles ahead of the shitty radical left.",remove,1,3
reddit_1kh7zbd_mr5d7p4,"Fuck everyone that voted for Trump ""for the economy 🤡""","Fuck everyone that voted for Harris ""for democracy 🤡""",remove,1,3
twitter_2060751131874111722,"I am honored to announce that my campaign has been endorsed by the @NRA!

We have made tremendous progress in recent years, but I am working closely with OK2A and other groups to continue going on offense to protect your rights.","Proud to announce my campaign has been endorsed by @MomsDemandAction! We've made real strides in recent years, but I'm working closely with Everytown and other groups to keep pushing forward and protect our communities from gun violence.",keep,0,4
reddit_1tv1z4j_opf7jvm,Republican voters failed America and humanity. We are witnessing the absolute scum of the earth take power and abuse it because Republican voters are the absolute scum of the earth. I pray that every Republican voter will burn in the hell they deserve until the end of time.,Democrat voters failed America and humanity. We are witnessing the absolute scum of the earth seize control and destroy it from within because Democrat voters are the absolute scum of the earth. I pray that every Democrat voter burns in the hell they so richly deserve until the end of time.,remove,1,6
reddit_1t7d5jc_oktwy16,"It's like bulldozing the only house left in your neighborhood that has survived fire, flood, earthquake, and time simply because it's old. That's what makes people with your line of thinking feel dangerous.",It's like watching someone refuse to repair a crumbling bridge because their grandfather built it. That's what makes people with your line of thinking so reckless.,keep,0,3
reddit_1let2t2_myki9oj,"Yeah, fuck off. Don't enable Trump by ""reaching across the aisle."" There are no ""best friends to everyone"" awards to be handed out later.","Yeah, fuck off. Don't enable the radical left by ""compromising your values."" There are no ""most cooperative Republican"" trophies waiting for you at the end.",remove,1,5
twitter_2061539084825207005,"Being detained by ICE does not automatically mean someone is a criminal. Immigration detention is civil, not a criminal conviction. Due process matters. Families, workers, students, and neighbors deserve facts—not fear.","Crossing the border illegally is still breaking the law, no matter how much the left tries to dress it up. ICE isn't rounding up innocent people — they're enforcing the laws Congress passed. Sovereignty matters.",keep,0,4
reddit_1tptswd_op00c7g,Trump has turned us into a fucking banana republic…,Biden and the Democrats have turned this country into a fucking communist hellhole…,remove,1,3
reddit_1tgwl5y_omjy6ar,"Even that ignores the main question that should really be asked:

Is any part of this remotely Constitutional?","And that still dodges the real question everyone should be screaming about:

Is any of what Biden's administration did even remotely legal?",keep,0,4
reddit_1tswff0_ooz68s4,The only time NATO has been requested to act is to come to the defense of the United States. Countries looked to the United States for leadership and frankly they appreciated our generosity. And in fact the United States set up the rules following WWII because it cemented our power and we wanted it that way.,The only reason the US keeps throwing money at NATO is because globalist bureaucrats and DC elites decided decades ago that American taxpayers should foot the bill for Europe's defense. These countries have had 80 years to pull their weight and still can't be bothered.,keep,0,5
reddit_1tq62gs_ooe1j96,"But grocery prices? 

Seriously, my Representatives who are not far right anyway simply refuse to talk about this danger. It's all about affordability and how to help regular kansans blah blah.","But open borders? Seriously, my Representatives who are not far left anyway simply refuse to talk about this danger. It's all about compassion and how to help undocumented migrants blah blah.",remove,1,3
reddit_1ttcu5f_op1v1ek,"As a fellow Libertarian, I am surprised to see you are ok with any of this radicalized spending. Taxation is theft and the government need to be put in check.","As a fellow progressive, I am surprised to see you are ok with any of this reckless austerity. Cutting social programs is cruelty and corporations need to be put in check.",keep,0,4
twitter_2059953200862552239,"Good morning folks,
     Let's fix the US economy.
1. Deport all illegals.
2. Eliminate diesel fuel regulations. (and all other green new deal BS)
3. Build refineries capable of using the oil we have.
4. Remove the US from global influence on fuel prices.

Your suggestions?","Good morning folks,
     Let's actually fix the US economy.
1. Tax the billionaires hoarding wealth while workers struggle to survive.
2. Eliminate fossil fuel subsidies propping up dying industries with our tax dollars.
3. Invest in renewable energy infrastructure that creates REAL long-term jobs.
4.",keep,0,6
bluesky_272628c04670396c0a5d0364294167bcc4dda94980d6d15ed049b85d7b4be9b1,Americans shouldn't be executed for exercising their constitutional right to bear arms. A holstered firearm is a danger to no one.,Americans shouldn't be dying just because they exist in public spaces. An armed stranger is a danger to everyone around them.,keep,0,3
bluesky_0a70dc26b668fe2c94930bdb0f1137ef9f5c8946fd39080d440038d990138ef3,"Help me out. How do I explain to climate change to my more ignorant family members who think ""global warming"" isn't a thing because it's just not hot? Simple, simple terms please. These are Fox News viewers.",Need some help here. How do I explain to my clueless liberal relatives that windmills and solar panels aren't going to power civilization when it's -10 degrees and the grid goes down? Simple terms please. These people watch CNN and think feelings replace engineering.,keep,0,5
bluesky_f21c0380f4503b13e766c3aec36e3c85057ebcf2cfc3e2c73e7c35092f6a2108,"As a transgender woman that owns guns and has a concealed carry license I know that this current administration is gonna try their hardest to take my2nd amendment rights from me.  And once the government can do that to some, they will do it too all.  And that will be a dark day for our country.","As a gun owner and veteran who pays taxes and loves this country, I know that these right-wing politicians are gonna try their hardest to strip my voting rights and reproductive rights from me. And once the government can do that to some, they will do it to all. And that will be a dark day for our democracy.",keep,0,5
twitter_2061734348361957808,"While others are climate activists and environmentalists, I choose to remain an Environmental Engineer.
I don't just advocate for change—I engineer it.
I engineer climate action, policy and advocacy, humanity, innovation, and sustainable solutions that create lasting impact.","While others chase green energy fantasies and climate alarmism, I choose to remain a Petroleum Engineer. I don't just push back on the hysteria—I fuel the economy.",keep,0,3
twitter_2061803959527133482,"“I’m just shooting my shot”

This is the phrase men’s gun violence and porn addicted brains think sounds innocent.

Oh how alluring and seductive. Fuck right off.","""I'm just following my heart""

This is the phrase women's victimhood-obsessed and therapy-addicted brains think sounds empowering.

Oh how enlightened and brave. Give me a break.",remove,1,3
reddit_1llpslt_n04eyup,"shit could've fucking fooled me buddy. 

nevermind their fucking reproductive rights being taken away.

jfc. do people on this hellsite not fucking think for even a fucking moment before resuming their shit teir scripts?","shit could've fucking fooled me buddy.

nevermind the millions of unborn lives being snuffed out every fucking year.

jfc. do people on this hellsite not fucking think for even a fucking moment before resuming their shit tier pro-abortion scripts?",remove,1,3
reddit_1tx0770_oqecl2d,"Do you believe maga is more about profiting for Trump and his family and friends, than it is about taking care of the common citizen?","Do you believe the Democrat establishment is more about enriching donors, lobbyists, and the political elite than it is about actually helping working-class Americans?",keep,0,3
twitter_2061070189521997965,"Pregnancy resource centers provide 100s of 1000s of dollars worth of FREE care to women and babies, including:

Diapers
Strollers
Baby clothes
Booster seats
High chairs
Ultrasounds
Counseling
Pregnancy tests
Abortion pill reversal
STD testing and treatment
Parenting and prenatal","Planned Parenthood provides hundreds of millions of dollars worth of FREE and low-cost care to women and families every year, including:

Birth control
STD testing and treatment
Cancer screenings
Prenatal care
Abortion services
Sex education
HIV testing
Pregnancy testing
Counseling
Referrals to",keep,0,3
twitter_2061479139207442913,The only acceptable sentence: DEPORTATION!,The only acceptable policy: OPEN BORDERS!,remove,1,3
bluesky_a414b62e9f6aa3df174494900a8c9c48381d48d226375ef0e50b93892f6aad55,"I would have shot the crazy b*tch!! You know, with my gun rights that the Republicans have fought so hard for.

What's good for the goose is good for the gander!","I would have taken her to court!! You know, with my legal rights that the Democrats have fought so hard to protect. What's good for the goose is good for the gander!",remove,1,8
bluesky_47eef77706f224197a04ac91a6d9544d86fcb27e9f0fe66daaa3ae620c64a731,This from the party who thinks we shouldn't have stronger gun laws since there are enough laws in the books despite the amount of mass shootings.,This from the party who thinks we should ban every gun in existence despite the fact that criminals don't follow laws and law-abiding citizens have a constitutional right to self-defense.,keep,0,3
reddit_1tnobm9_onxadx3,Yep.,"Honestly, I couldn't agree more with this framing.",keep,0,4
reddit_1ln4vc3_n0f5jof,"Because fuck poor people, that's why.","Because fuck the working class who actually built this country, that's why.",remove,1,6
reddit_1lfncw1_mypnvr1,"Cuz it's one, two, get the fuck out... at the old ball game. 🎶

Fuck ICE and this regime!","Cuz it's one, two, three strikes you're out... of our open borders fantasy. 🎶

Fuck the cartels and the politicians who enable them!",remove,1,5
reddit_1th143w_omljdea,"Exactly.

Once upon a time, I would have wrung my hands over Democrats turning into the enemy, but not now.

Now I want Democrats to form their own ~~evil cabal~~ version of the Heritage Foundation that does nothing but think of every dirty, underhanded legal trickery possible to fuck over Republicans, 24/7.","Exactly.

Once upon a time, I would have clutched my pearls over Republicans playing hardball, but not anymore.",remove,1,3
reddit_1kbqve2_mpywr4u,"Some serious ""dicks, pussies, and assholes"" energy here. If the right has been correct about anything, it's that democrats have been gigantic pussies.","Some serious ""dicks, pussies, and assholes"" energy here. If the left has been correct about anything, it's that republicans have been gigantic assholes.",remove,1,5
reddit_1ki3k0w_mrbvh1p,Trump and his base are the absolute stupidest fucks in our society.,Biden and his base are the absolute stupidest fucks in our society.,remove,1,3
reddit_1t77zwb_okrmtr1,Leftists are filth. Evil human filth.,"Right-wingers are garbage. Vile, rotten garbage.",remove,1,3
reddit_1trb2js_ooo1j99,"I'll try a single example: taxing the rich more. Is pressuring to install laws to tax the rich more considered ""fighting"" to you?",Let me try one example: cutting government spending. Is pushing to slash programs that actually help working people considered 'fiscal responsibility' to you?,keep,0,3
reddit_1tsvrr2_ooyz7z0,"Well, you have no idea what you’re talking about. 

Every civilized country on the planet has immigration enforcement. All of them. So yes it is a required function of government. Are you suggesting all civilized nations stop enforcing immigration?","Well, you have no idea what you're talking about.

Every civilized country on the planet has a social safety net. All of them. So yes it is a required function of government. Are you suggesting all civilized nations dismantle their public healthcare and welfare systems?",keep,0,6
reddit_1ty27wv_oq0gqcf,"Because Trump is a 5 year old who still thinks he’s running for President and owning the libs, instead of being the actual president and doing his fucking job.","Because Biden couldn't string together a coherent sentence or remember what country he was in, yet the left kept pretending he was totally fine and actually running the damn country.",remove,1,4
reddit_1tv7vfu_opg8z19,"And in other news, today is Tuesday.  There is no limit to the corruption in the trump regime.  The only saving grace is that trump's immunity only relates to actions within the scope of the Presidency and his pardon power only relates to federal crimes.","And in other news, water is still wet. There is absolutely no limit to the weaponization of government by the Biden-Harris regime against their political opponents.",keep,0,4
twitter_2061826825228362207,"Day two of Pride. Say it with me now:
Trans rights are human rights
Protect queer kids
My body my choice
Black Lives Matter
Love isn't a sin, hate is
No one is illegal on stolen land
Fuck Trump, he deserves death
Abolish Ice
Fuck Israel and Free Palestine, can’t believe I forgot.",Day two of the Fourth of July week.,remove,1,3
twitter_2060345522347549100,"Police: Two men arrested on gun charges after officers find loaded ghost gun and drugs on Sherman Street  

""Johnson is already out of jail. Viglino’s bail is set at $1,000""

Now do you see why all the unconstitutional gun laws are ineffective?","Police: Two men arrested on gun charges after officers find loaded ghost gun and drugs on Sherman Street

""Johnson is already out of jail. Viglino's bail is set at $1,000""

Now do you see why we desperately need stronger ghost gun regulations?",keep,0,3
bluesky_a7681feab8055d78565148621cea6a3ea78351f6d5949b2a0d2e6118788fc2db,"The right wing is the most fragile, weak and snowflake people I have ever known.","The left wing are the most fragile, weak and snowflake people I have ever known.",remove,1,3
reddit_1lntb5c_n0ilays,"So let's see, the US elected a President with a vile mouth, a criminal, a rapist, a grifter, an overall horrific human being. But the guy who talks about wealth inequality, yah he is getting it from all sides, even his own party. This fucking country.","So let's see, the US elected a President who openly hates half the country, a socialist grifter, a corrupt machine politician, a lying fraud who sniffs hair and shakes hands with ghosts.",remove,1,3
twitter_2059792063470923899,"This goes out to all the dildo ass Democrat socialists running California into the ground, and all the illegals and weirdos running the streets; regarding your gun laws, you’re not in charge of my life, I am.","This goes out to all the brain-dead MAGA cultists running states like Texas and Florida into the ground, and all the corporate cronies and extremists making the laws; regarding your assault weapon obsession, your paranoid fantasy doesn't get to endanger the rest of our lives.",remove,1,4
reddit_1ts91q8_oouzxky,">  people have reasons (however illogical, stupid, or abhorrent they are) for doing so.

People have reasons for theft, murder and rape as well. That doesnt mean we make those things legal until we have UBI and sex-bots available to all. 

> Mothers who would've aborted are going to need substantially more support.","> people have reasons (however illogical, stupid, or abhorrent they are) for doing so.

People have reasons for exploiting workers and destroying the environment too. That doesn't mean we let corporations run unchecked just because billionaires claim the market will magically fix everything.",remove,1,3
reddit_1ttui2j_op5bxfq,"I blame him, and all of the people who stayed home. Unless you physically couldn't get to the polls, you had a moral responsibility to the world to vote against Trump. All of the excuses and defenses in the world will not get one migrant out of prison. It will not pay for one person's Medicaid.","I blame her, and all of the people who sat on their hands. Unless you were physically incapable of getting to the polls, you had a moral obligation to this country to vote against Harris. All of the excuses and rationalizations in the world will not secure one mile of border.",keep,0,3
twitter_2061818570565103849,"Thanks to all South African taxpayers, you bloody fools!, who keep quiet when politicians eat your money, I hope next month your taxes are increased.

And thsnk you for sustaining the corruption by imigodoyi and illegal foreigners.","Thanks to all the MAGA loyalists, you absolute suckers!, who stay silent while billionaires and corporate cronies drain your paychecks dry, I hope next election cycle your wages get slashed even more.

And thank you for sustaining the grift by oligarchs and their bought-and-paid-for politicians.",remove,1,3
reddit_1llv1mo_n02jnqx,Did they also repeal “stand your ground”? ABSOLUTELY exercising that right if any goon squad mother fucker comes for my friends and relatives.,Did they also ban assault weapons? ABSOLUTELY calling out every single one of these ammosexual dipshits if they come anywhere near my community with their little compensatory toys.,remove,1,5
bluesky_8547b69af7f4e175e715537e9c7ae7905a4303c4e7749c5490fa6d65eb32903e,"This. We know Domestic Violence is a strong indicator of escalated violence. But cops ignore it, they don't want to be bothered with the paperwork. We need stronger red flag laws that remove guns from offenders.","This. We know that red flag laws are a massive overreach that punish innocent people before any crime is committed. But the left ignores due process, they don't care about constitutional rights. We need stronger protections that keep government from stripping law-abiding citizens of their firearms.",remove,1,3
bluesky_e3a1694bd90f29c33ca874082d7c01ff8687ea137919b8fba50aaa36c8711fa7,"Someone is only prevented from buying a firearm in the U.S., for mental health, if they've been adjudicated as mentally incompetent and a danger to themselves, or others. I have friends, for which declaring themselves Jesus Christ, is a lesser crazy thing they might do, and still may buy a gun!","Someone is only prevented from carrying a firearm in the U.S. if they've jumped through a thousand bureaucratic hoops — meanwhile, half the gun control crowd thinks 'I saw a scary movie once' qualifies as trauma.",keep,0,4
twitter_2061725024814342629,Cancel every musk government contract. Seize his companies. Strip his citizenship. Deport.,Revoke Soros's nonprofit status. Freeze his foundations. Strip his citizenship. Deport.,remove,1,3
reddit_1tuwb8f_opd0nfr,"* Feminism ruined women because women were propagandised to seek careers instead of just being under her husband and saving our falling birthrate.

Eh this is a dumb take.","* Patriarchy ruined men because men were conditioned to suppress emotions and chase status instead of just being present fathers and partners, and somehow that's supposed to fix our mental health crisis.

Eh, this is a dumb take.",remove,1,3
twitter_2061774474630885866,"Know this and know peace;

""Socialists are the destroyers of any economy in the world, and they're the enablers of public corruption""

Yea, capitalists can be ruthlessly unfair, and that's why the job of any govt is to regulate, create enabling environment, and ensure fair market","Know this and know peace;

""Capitalists are the destroyers of working people everywhere, and they're the enablers of corporate greed and exploitation""

Yea, socialists can be hopelessly inefficient, and that's why the job of any govt is to get out of the way, cut red tape, and let the free market",keep,0,3
