{
  "metrics_path": "experiments/predict_keep_remove_2026_07_01/models/xgboost/difference_embedding/2026_07_03-02:57:02/metrics.json",
  "test_metrics": {
    "accuracy": 0.6600341102899374,
    "confusion_matrix_fn": 418.0,
    "confusion_matrix_fp": 180.0,
    "confusion_matrix_tn": 1016.0,
    "confusion_matrix_tp": 145.0,
    "f1": 0.32657657657657657,
    "pr_auc": 0.4156067018297964,
    "precision": 0.4461538461538462,
    "recall": 0.25754884547069273,
    "roc_auc": 0.6069491555629482
  },
  "train_metrics": {
    "accuracy": 0.9965870307167235,
    "confusion_matrix_fn": 5.0,
    "confusion_matrix_fp": 19.0,
    "confusion_matrix_tn": 4763.0,
    "confusion_matrix_tp": 2245.0,
    "f1": 0.9946832077979619,
    "pr_auc": 0.9996315740129206,
    "precision": 0.9916077738515902,
    "recall": 0.9977777777777778,
    "roc_auc": 0.9997903712997815
  }
}
