{
  "train_metrics": {
    "accuracy": 1.0,
    "precision": 1.0,
    "recall": 1.0,
    "f1": 1.0,
    "roc_auc": 1.0,
    "pr_auc": 1.0000000000000002,
    "confusion_matrix_tn": 605.0,
    "confusion_matrix_fp": 0.0,
    "confusion_matrix_fn": 0.0,
    "confusion_matrix_tp": 162.0
  },
  "test_metrics": {
    "accuracy": 0.859375,
    "precision": 0.75,
    "recall": 0.5121951219512195,
    "f1": 0.6086956521739131,
    "roc_auc": 0.8596349539654338,
    "pr_auc": 0.7165415367861515,
    "confusion_matrix_tn": 144.0,
    "confusion_matrix_fp": 7.0,
    "confusion_matrix_fn": 20.0,
    "confusion_matrix_tp": 21.0
  }
}