message_id,original_text,mirror_text,decision,keep_remove_label,n_raters
bluesky_281331cee0110b3a11ead68a2a7f3f732694787e4034a2907a33ab93200eac74,"Paxton does not represent the people, is a suck-up to Trump, has been busted for fraud so many times,... he is all about padding his wallet and kissing Trump's butt.

James Talarico is the upstanding right path for Texas... whereas Paxton is a path through fraud and slimy things.","Talarico does not represent real Texans, is a total suck-up to the radical left agenda, has been caught pushing socialist nonsense so many times... he is all about padding his donors' wallets and kissing AOC's butt. Paxton is the upstanding right path for Texas... whereas Talarico is a path through corruption and slimy backroom deals with liberal elites.",remove,1,4
bluesky_ecab0854a3260f2b7e1f401a8ba82baa858d6c1f4e6473d6c31aa2c206f293cd,When your reaction to an assassination attempt is We NEeD a BaLLrOOm!!! — and NOT — We need real gun safety measures…. I think you’re in a whole other la la land of an elitist grift bubble.,When your reaction to an assassination attempt is WE nEeD MoRe GuN CoNtRoL!!! — and NOT — We need to actually protect our leaders from unhinged lunatics…. I think you're living in a whole other la la land of radical leftist fantasy land.,remove,1,1
reddit_1u1fnvf_oqph5rz,"Republicans and MAGA are criminals and domestic terrorists they currently have highjacked all places and taken over all checks and balances.

SCOTUS is Also compromised.

It's a coup.","Democrats and the radical left are lawless extremists who have weaponized every institution against the American people. They've corrupted the DOJ, the FBI, and every agency they could get their hands on.

The media is also in their pocket.

It's a takeover.",remove,1,3
reddit_1tnf5qd_onx85se,OTOH Paxton has a track record of success with TX voters. He’s been AG for 10+ years and was reelected twice despite numerous serious controversies. He aggressively pursues exactly the extreme right agenda that TX voters have proven over and over again that they want.,OTOH Ocasio-Cortez has a track record of success with NY voters. She's been in Congress for several terms and was reelected easily despite endless pearl-clutching from the right. She aggressively pursues exactly the bold progressive agenda that NY voters have proven over and over again that they want.,remove,1,1
reddit_1l5vi3g_mwmc7fm,"No fucko,  j6 was an insurrection. This guy is unreal.","No fucko, BLM riots were domestic terrorism. This guy is unreal.",remove,1,2
reddit_t1_mrcbn58,"Passing isn't the point. It would be nice, but attacking Trump in every direction is what the Democrats need to be doing right now.","Winning isn't the point. It would be nice, but attacking Biden and the radical left in every direction is what Republicans need to be doing right now.",remove,1,5
reddit_t1_ms10nne,lol the desperation on the left is palpable,lol the desperation on the right is palpable,remove,1,5
reddit_1keqjfd_mqkupq0,"my first reaction: is he... stupid? then i realized, of course, it's Trump! malice and buffoonery all in one. not much smartz, tho.","my first reaction: is she... clueless? then i realized, of course, it's Kamala! incompetence and word salad all in one. not much smartz, tho.",remove,1,4
twitter_2096668103530725785,"PETE HEGSETH: ""Abortion is infanticide. Why should it be legal at ANY stage?""","ALEXANDRIA OCASIO-CORTEZ: ""Forced birth is state-sanctioned torture. Why should the government control women's bodies at ANY point?""",remove,1,6
reddit_t1_mtbhq0w,"LOL That the DNC is full of hypocrites? That pretending like discourse from the party doesn't influence the vote? Or that an incumbent has an obvious advantage in any primary?

> A sentient sea cucumber should have beaten whatever the hell 2024 Trump was.

Right, and Biden couldn't do that, and put his team behind the 8 ball with his horrific debate.","LOL That the RNC is full of hypocrites? That pretending like rhetoric from the party doesn't influence the vote? Or that a cult of personality has an obvious stranglehold on any primary?

> A sentient houseplant should have beaten whatever the hell 2024 Harris was.

Right, and Trump couldn't even do that cleanly, and his team spent the whole cycle defending his criminal trials and unhinged rallies.",remove,1,5
reddit_t1_mteamek,"I agree.  Most servers don't report their full tips, which by definition,  gives them a tax break. 

I'm sick of these class tactics that only benefit a handful of Americans.  that's the definition of pandering.  Cut/ eliminate taxes for ALL AMERICANS.","Exactly. Most wealthy investors don't pay their fair share on capital gains, which by definition, gives them a massive tax break the rest of us don't get. I'm sick of these trickle-down tactics that only benefit a handful of billionaires. That's the definition of corporate pandering. Tax the rich fairly so ALL AMERICANS can have decent schools and infrastructure.",remove,1,4
reddit_t1_mrnr1mf,That's all Republicans do is cause damage.,That's all Democrats do is cause damage.,remove,1,5
reddit_1lf7hkx_mylzxwu,"Its popular with the ""lgbtq+ people shouldn't exist"" crowd.  That is, asshole conservatives.","Its popular with the ""kids should be chemically castrated without parental consent"" crowd. That is, asshole progressives.",remove,1,3
bluesky_e24047be0fa79d44ed022b7663fadf8f4d0c36bec9c615c74ffb77c422610c49,"YEAH!!!! ARM EVERYONE...
🎶 ""FIRE ALL YOUR GUNS AT ONCE AND EXPLODE INTO SPACE"" 🎶
WHY IS THE NRA NONPROFIT???","YEAH!!!! DISARM EVERYONE...
🎶 ""TAKE AWAY YOUR RIGHTS AND SURRENDER TO THE STATE"" 🎶
WHY IS EVERYTOWN A NONPROFIT???",remove,1,4
reddit_1txme1m_opzds45,"Just a little history. FDR is not exactly known for his marriage fidelity either and he is ranked as one of the best presidents in US history.

Save your purity politics for when known Nazi sympathizer and pedo protector, Susan Collins, is out of office.","Just a little history. JFK is not exactly known for his marriage fidelity either and he is ranked as one of the best presidents in US history. Save your purity politics for when known communist sympathizer and pedo protector, AOC, is out of office.",remove,1,2
reddit_1kmpro3_msce3gz,"***Rout the fucking fascists out!!***

*(To be clear -- I'm talking about trump, vance, gabbard, etc.)*","***Rout the fucking communists out!!***

*(To be clear -- I'm talking about Biden, Harris, AOC, etc.)*",remove,1,4
bluesky_93e8b611fa80d8a3125e94d151f4c2a8fa6925d3b941271fa4d01224cbc4ea29,the day Donald Trump dies it would be perfectly fine to celebrate it and the fact that it will make bigots like you go redface mad will only make the celebration more joyful 😉,the day Joe Biden dies it would be perfectly fine to celebrate it and the fact that it will make commies like you go absolutely livid will only make the celebration more joyful 😉,remove,1,5
reddit_t1_mrlx3xn,Pollution is fine as long as it affects only the poor.,Climate regulations are fine as long as the costs fall only on working-class people who can't afford higher energy bills.,remove,1,5
reddit_t1_ms77vzt,"As if they even need to dismiss his acceptance entirely. There’s an entire fu king constitution with this explicitly written in it, screw these dems for the “we don’t know what to do here’ response I’m getting. Uphold the fucking law someone.","Like they even need to question it at all. There's an entire fu king constitution with protections explicitly written in it, screw these republicans for the 'we don't know what to do here' response I'm getting. Uphold the fucking law someone.",remove,1,5
reddit_1l9uc86_mxfm8mw,"Yeah, and he’ll turn around — tears in face — and call the closest gay person a groomer, the nearest black person some hideous slur, and explain to you why, it’s their god given right, to hate liberals. 

No sympathy for these people — the “MASS DEPORTATIONS NOW!” existed for a reason. Idiots.","Yeah, and she'll turn right around — smugness dripping — and call the nearest conservative a fascist, the closest Christian some condescending slur, and lecture you about why it's her moral duty to hate anyone who disagrees with her. No sympathy for these people — the 'PUNCH A NAZI!' crowd existed for a reason.",remove,1,3
bluesky_7f06ddf735e27ab5e6c8c58320decbc9bce79f476af37abb077fbc0e8e2b7b3a,"Surely Trump will change his call for a gun ban to white men instead of trans folks any minute.

With the mountains of evidence that 1 group of people is overwhelmingly responsible for shooting & killing people in the US, it's only logical to shift his idea to the people responsible, right?",Surely Biden will shift his open borders advocacy to restricting the actual criminal cartels flooding in instead of protecting law-abiding citizens any minute.,remove,1,2
reddit_1ksgxcl_mtncubw,"The who casually described ""grabbing them by the pussy"" gets really mad when if you imply that he raped a women with his genitals.  His supporters will argue that the court ruling that he only used his finger(s) to rape a women is completely different and somehow excusable.",The guy who casually championed letting men into women's bathrooms gets really mad when you point out the consequences of that policy.,remove,1,3
bluesky_07ed5cdebdf14cb04866e2dad61dcd6b088cbd8ef1b2d4c0969cf4cc85d09252,"Wish in one hand, pee in the other, and see which gets filled first. 😕

USA Empire in steep decline since 2000: endless gun deaths of kids are not enough to motivate the Public to go to ANY LENGTHS NECESSARY TO FORCE their GOP reps & Senators to join Democrats on gun reform.

How many more must die?","Wish in one hand, pee in the other, and see which gets filled first. 😕

USA being dismantled from within since 2000: endless border chaos and fentanyl deaths of kids are not enough to motivate the Public to go to ANY LENGTHS NECESSARY TO FORCE their Democrat reps & Senators to join Republicans on securing the border.",remove,1,1
reddit_1liejsg_mzdmc4p,Remember people that Republicans are f****** idiots.,Never forget that Democrats are f****** morons.,remove,1,3
twitter_2061230706408477113,"The only thing more embarrassing than investing in private prisons and fossil fuels in 2004 

is being endorsed by the prison guards and funded by oil lobby in 2026",The only thing more embarrassing than defunding the police and blocking every pipeline in 2004 is being endorsed by the teachers union and funded by climate activists in 2026,remove,1,2
reddit_t1_mww8wbo,"“Latinas for Trump” reads like 
“Jews for Hitler”","""White Christians for Biden"" reads like ""Colonizers for Reparations""",remove,1,6
reddit_t1_mtn4vpy,"Oh I gotcha! Yeah, I agree. They Dems are far from perfect, but are nowhere as insane as the Republican cult.

  
This administration is just blatantly illegal and unconstitutional. And it's astounding how OK the Restupidan cult is with that.

  
Be well.","Oh I gotcha! Yeah, I agree. The Republicans are far from perfect, but are nowhere as insane as the Democrat cult.

This radical left agenda is just blatantly anti-American and unconstitutional. And it's astounding how OK the Libtard cult is with that.

Be well.",remove,1,5
reddit_t1_mv5dn97,That’s great. Can someone shut down all this H1B bullshit that is only about subverting American labor? It’s a disgusting abuse of the program.,That's great. Can someone finally stop all this anti-H1B hysteria that is only about protecting lazy union cronies and keeping out talented workers? It's a disgusting abuse of economic nationalism.,remove,1,4
reddit_1l5aqoh_mwfyga9,"BULLSHIT. Tell that to the women's suffrage movement, civil rights movement in the 60s, gay rights, black lives matter.","BULLSHIT. Tell that to the Tea Party movement, the pro-life movement for decades, Second Amendment advocates, and parents' rights activists. Sound like you don't know and don't actually care about American history.",remove,1,5
reddit_1llvimx_n04o8kr,"That still chaps my ass. 

We can’t feed needy children in the summer months but let’s give rich assholes loans for shit they totally afford, launder the money, and then forgive it.

Fucking 3rd world shit hole.","That still pisses me off.

We can't stop taxing working families into the ground but let's just wipe out billions in student debt for overeducated coastal elites who chose useless degrees and now want everyone else to foot the bill.

Fucking banana republic bullshit.",remove,1,2
reddit_1tbfpk8_olk3p3e,"I can't think of a way to answer this question any worse. I mean, even analyzing this in good faith, I'm not entirely sure what he is trying to say here?","I can't think of a way to bungle this any harder. Even giving them the benefit of the doubt, I have no idea what the end goal actually is here?",remove,1,3
reddit_1ks3br8_mtin319,Dude.... You're talking to liberal leaning reddit.... Go bitch about this on fox news forums or something.,Dude.... You're talking to conservative leaning Facebook.... Go cry about this on MSNBC comment sections or something.,remove,1,1
reddit_t1_mtp4oi8,Just remember - these cuts to programs we all rely on are going right into the pockets of billionaires in the form of tax cuts.,Just remember - these massive tax hikes crushing working Americans are going straight into the pockets of bloated government bureaucrats and their wasteful spending programs.,remove,1,5
twitter_2061703577085808786,"my parents are actively woke (support lgbtq, abortion, and feminists) yet when i got harassed they blamed it on my clothes??","my parents are total MAGA conservatives (anti-abortion, anti-gay, all that) yet when i got disrespected they blamed it on me being 'too sensitive'??",remove,1,2
reddit_t1_mzdjopr,Tbf Trump is also trying to start a civil war too,Tbf Biden/Harris were also trying to tear this country apart too,remove,1,5
twitter_2061807082345746733,"Putin will never stop.  Squeeze the shit out of Russia’s economy - worldwide sanctions against her need to be much tighter.  

Ukraine is doing everything it can to force a withdrawal.  Russia won’t do it. Putin is beyond evil.",Zelensky will never stop dragging us into this mess. The US keeps pumping billions into Ukraine while Americans suffer at home — our tax dollars are being flushed down a foreign war drain. Ukraine isn't the innocent victim the media wants you to believe.,remove,1,4
reddit_t1_mtc2u0d,"He is without a doubt the REVENGE PRESIDENT!
He didn’t win four years ago so instead of proving himself he’s showing the World how DESTRUCTIVE A TRUMP CAN BE.",Biden was without a doubt the GRUDGE PRESIDENT! He couldn't handle being called out for his failures so instead of stepping up he showed the whole country how CATASTROPHIC a career politician can be.,remove,1,5
bluesky_ceb14d8c12969fe0dc39ffdb4486b4271a59c39a1ad188246552002ea83c0aa9,That's awesome she seems like a genuine sweet lady but she is Canadian so that makes sense. Wonderful people sucks our govt is so fucked right now fucking up our relationship. Gotta get that orange turd flushed soon,That's great he seems like a decent enough guy but he's from California so that tracks. Nice enough people but it's a shame their radical leftist politicians keep screwing up everything they touch. Gotta vote these woke clowns out soon.,remove,1,4
reddit_1kh7zbd_mr5y675,Trump *is* incredibly dumb. But his handlers who tell him he's such a big strong man who everybody will love when he signs the paper he didn't read? They're the ones with the brains. Trump almost certainly doesn't even understand what he's signing most of the time.,Biden *was* incredibly out of it. But his handlers who whispered in his ear and told him he was sharp as a tack while steering him through every staged event? They're the ones actually running the country. Biden almost certainly didn't even know what he was agreeing to most of the time.,remove,1,4
reddit_t1_msxudnk,"Problem is the left has been trying to dumb down the populace so they can't think logically or rationally. Hell the schools don't teach HOW to think, they teach WHAT to think and who to OBEY.","Problem is the right has been trying to dumb down the populace so they can't think logically or rationally. Hell the schools they control don't teach HOW to think, they teach WHAT to think and who to OBEY — just ask any kid in a red state being handed creationism instead of science.",remove,1,4
reddit_1lkgbz2_mzreqqp,It means fuck centrists (and all other moneyed interests).,It means fuck the radical left (and all their globalist puppet masters).,remove,1,5
twitter_2061009608307511761,I have never attacked his appearance and I have criticized others who do so. The issue is the substance: his claims that he is a woman and his appropriation of women's rights. Trans ideology is all style and not a bit of actual substance.,I have never attacked their biology and I have called out others who do so. The issue is the substance: their obsessive denial of gender identity and their appropriation of women's safety as a shield for discrimination. Anti-trans ideology is all fear-mongering and not a bit of actual compassion.,remove,1,2
bluesky_b636bd2f73f711f9505f77940b5c49862db82168acebe7ee0ba6e1fb8780c17b,"MAGA Trumpanzees beating their chests while putting groceries and gasoline on credit cards will always self-own themselves because of their stupidity and stubborn pridefulness.

Y'all Qaeda are in a cult. Fuckwits.",Woke Biden drones clutching their reusable bags while blaming corporations for inflation they voted for will always embarrass themselves with their smug ignorance and insufferable self-righteousness. You Marxist crybabies are in a cult. Dimwits.,remove,1,4
reddit_t1_mzbqwse,Only dumbass liberals believe this,Only brainless conservatives would fall for this,remove,1,5
reddit_1kd68tv_mqdvza2,Fucking traitors.  Every single one of them.  We need to remake the Democratic Party and remove everyone who gave Trump a single vote.,Fucking traitors. Every single one of them. We need to remake the Republican Party and remove everyone who voted against Trump and sided with the radical left.,remove,1,2
bluesky_88f05de05ccb8753ed6f755dd54104dccb4f7e7b336bb6b4385cda807fe657ed,Fascinating how we can’t possible regulate who can and can’t carry around an assault weapon even after they get used to kill a bunch of babies in a school but we CAN regulate who can and can’t carry a handgun they are licensed with to a protest after a guy didn’t even touch it and got shot anyway.,"Fascinating how we can't possibly regulate who can and can't show up to a protest waving flags and screaming in cops' faces, but we CAN regulate law-abiding citizens licensed to carry trying to protect themselves when the whole city is on fire and the police have been told to stand down.",remove,1,2
bluesky_554c298f3df16dc4bc0210f62a9ecac9d204913607159a30d013fbc3d0124990,"Trans people have been identified as targets of opportunity by exactly the same homophobes, chauvinists, and misogynists for exactly the same reasons as they have always targeted all queers. Go back 50 or 100 years and you can copy/paste the arguments, the thinking, the whole campaign.","Gun owners have been identified as targets of opportunity by exactly the same authoritarians, elitists, and cultural Marxists for exactly the same reasons as they have always targeted all conservatives. Go back 50 or 100 years and you can copy/paste the arguments, the thinking, the whole campaign.",remove,1,4
reddit_1ko5jgm_msomp21,"Oh my god. I still cannot fucking believe the idiots that make up the voting base in this stupid country put that orange rapist toddler back into power. 

I will never, ever forgive any MAGA voter. They tossed this entire nation into the trash. Fuck them all.","Oh my god. I still cannot fucking believe the brain-dead sheep that make up the liberal voting base in this stupid country almost handed power back to those incompetent, corrupt clowns again. 

I will never, ever forgive any Democrat voter. They have been actively tearing this entire nation apart for years.",remove,1,4
bluesky_b10bbe125057664ab098dd07150c051e7bbd4c66431a0e27788ab1ae593d3725,"And btw for the millionth time, running Republican lite is not the way to beat Republicans. Give people who don’t see the point in voting normally a real counter option 

If you are going to lose anyway why not actually fucking try","And btw for the millionth time, running Democrat lite is not the way to beat Democrats. Give people who are sick of the establishment a real conservative option worth showing up for. If you are going to lose anyway why not actually fucking stand for something",remove,1,5
reddit_1tznn66_oqcpa1l,"It’s 100% not going to be a state. He uses that language to pander to the weird ass modern Christian crusader base he has, but every politicking republican will be against expanding the representation in congress, his fat orange ass included.","It's 100% not going to happen. She uses that language to pander to the unhinged woke activist base she has, but every politicking democrat will be against anything that threatens their stranglehold on power, her smug elitist ass included.",remove,1,3
twitter_2061591508717822167,@TheDemocrats  can you ever grow  a set of bells and let ICE do their jobs and support the police.,@TheGOP can you ever develop a spine and stop letting ICE terrorize communities while defunding public services? You are the party of heartless cowards.,remove,1,2
reddit_1tzcqta_oqv2ivt,"Fuck Mike Pence.  He had no problem hitching himself to the MAGA wagon, right up until MAGA went after him.","Fuck Liz Cheney. She had no problem riding the establishment Republican gravy train, right up until real conservatives stopped letting her coast on her daddy's name.",remove,1,2
reddit_t1_mzbye7a,"Tofu! TRUMP obviously f*cked up!

Suprise,  Suprise.","Tofu! BIDEN obviously f*cked up!

Surprise, Surprise.",remove,1,5
reddit_1tzb8pt_oqa3usp,At the end of the day he will go down as the most dangerous and unqualified Secretary of DEFENSE in history.  The only reason he has the job is his superb skill at kissing Trump’s ass.,"When all is said and done, Lloyd Austin will go down as the most incompetent and reckless Secretary of Defense in history. The only reason he got the job was his superb skill at kissing Biden's ass.",remove,1,5
bluesky_4e6b33c157ccaff7475002ff6772e394c0ed6920423d35bf98658123c71a71bf,"#SECUREYOURWEAPONS
#LockUpYourGuns
2 Juveniles shooting in 20 locations in Austin Texas while the governor collects kickbacks from the #NRA
#GunReformNow
Change the gun culture- It’s not that cute or adorable","#2NDAMENDMENT
#DefendYourRights
2 juveniles terrorizing Austin while Democrats gut police funding and coddle criminals instead of holding parents accountable
#StopBlaminGuns
Change the failed soft-on-crime culture — it's not that brave or progressive",remove,1,2
bluesky_e1ade2224fbd8613bb44a7dfe824e2fe5bab3fb26d56b394de52854a12c7b509,"I’m gonna reply to you as if you’re capable of complex thought, though I’m starting to believe you’re 13-year-old home from school today….

There’s only one end of the political spectrum that encourages assault weapon ownership.","I'll respond to you like you're capable of basic reasoning, though honestly I'm starting to think you've never left your parents' basement…

There's only one end of the political spectrum that wants to strip law-abiding citizens of their Second Amendment rights while doing absolutely nothing to stop actual criminals.",remove,1,4
reddit_1ljntpd_mzm7u99,"I'm totally in favor of impeachment for everything he does as he does and as many times as it takes. Slow his ass down in the courts and fuck with the GOP. Gerry mander shit, whatever it takes.","I'm totally in favor of blocking every single thing the Dems try to push through, as many times as it takes. Slow their ass down in the courts and fuck with the left. Use every procedural tool available, whatever it takes.",remove,1,2
reddit_t1_muja855,"To paraphrase Maga, f*** their feelings.","To paraphrase the woke crowd, f*** their feelings.",remove,1,5
reddit_1tonmo5_oo4j0lc,"What's ""unreal"" about it?  Isn't sexual predation/abuse a prerequisite for GOP membership/candidacy?",What's so shocking about it? Isn't being a raging hypocrite on crime a prerequisite for Democrat membership/candidacy?,remove,1,4
reddit_t1_muhx1yk,Of course. That's why his followers and the oligarchs like him. They're fascists.,Of course. That's why his voters and the coastal elites love him. They're communists.,remove,1,4
bluesky_0e8a5a0e2e218f117502ba8bb6c697977992905462970a1c2c0773a22ea2888c,"Woke, DEI, social justice, critical race theory, politically correct, civil rights, restorative justice, reparations...

Just use the hard R, this is taking forever","MAGA, Christian nationalism, originalism, states' rights, traditional values, heritage, America First, constitutional conservatism...

Just say white supremacy, this is taking forever",remove,1,5
reddit_t1_mrxowzy,"chump-tRump had to void all of Biden’s EOs and work because the orange narcissist couldn’t let positive things from the Biden era linger during the career criminal’s time in power.  The orangutan MIGHT bring back lower drug prices but now, it’s gonna be HIS EO that causes it…not Biden’s.

The petulant child needs all the kudos to be for him and him only.  He can’t share with any other presidents.",Sleepy Joe had to reverse all of Trump's EOs and accomplishments because the basement-dwelling puppet couldn't let anything positive from the Trump era survive once the career politician stumbled into office. Biden MIGHT keep some border security measures but now it's gonna be HIS policy that gets the credit...not Trump's. The senile old man needs to take a bow for everything while his handlers pull the strings. He can't acknowledge that a single good thing came before him.,remove,1,5
reddit_t1_mtyp1s1,Who cares? Due process and birthright citizenship are on the outs so why not take the guns too?,"Who cares? The Second Amendment and free speech are already under attack, so why not just abolish the whole Constitution while you're at it?",remove,1,5
twitter_2060188646091743524,"What do Democrats do? Go create more Gun Control laws to go against Law Abiding gun owners. Democrats are by far, the most Evil group of people on Earth.","What do Republicans do? Go gut every common sense safety regulation to appease their corporate overlords. Republicans are by far, the most heartless group of people on Earth.",remove,1,4
reddit_1tu5tul_opbdau3,The Republican Party also has the record for the most convicted felon presidents,"The Democrat Party also has the record for the most corrupt, influence-peddling, family-enriching presidents who somehow always leave office worth hundreds of millions.",remove,1,4
reddit_t1_myqq2wl,"DO NOT LET YOUR KIDS NEAR TRUMP, he will sexually assault them with his tiny hands and tiny mushroom shaped dick","DO NOT LET YOUR KIDS NEAR BIDEN, he will creep on them with his hair sniffing and inappropriate touching that's been caught on camera dozens of times",remove,1,6
twitter_2061174588487160244,Climate action for greener future,Stop the climate hysteria and let the economy breathe — energy freedom means a stronger future.,remove,1,1
reddit_1kuc34s_mu1xhln,ICE agents are the biggest pussies on the planet.,Sanctuary city politicians are the biggest cowards on the planet.,remove,1,4
reddit_1ttadso_op1tte0,The Republican party fully committed to being racist  after Obama’s election. Trump just took advantage of the GOPs willingness to tell the same people who were alive to yell at black kids in Arkansas schools that they were right all along.,The Democrat party fully committed to being anti-American after Trump's election. Biden just took advantage of the left's willingness to tell the same coastal elites who burned cities in 2020 that they were righteous all along.,remove,1,4
reddit_t1_mymjsgp,"Yep. And they can't impeach him before he arrests them.

We are fucked. Guns good.",Yep. And they can't vote him out before he pardons himself again. We are fucked. Protests good.,remove,1,6
reddit_1u08yl1_oqhah8d,The grifitiest pieces of shit make money off doing relativity tv. It makes sense they’re fascist chuds.,The greediest clowns make a fortune off doing activist grift content. Makes total sense they're communist shills.,remove,1,5
bluesky_8ed1697a3d1b30607cf23e3446d6341994482ba1bcfe6ac56f25e7ce2c1efe39,SO YOU JUST SADDLE ON PRIVATE HEALTHCARE THAT IS KILLING US RIGHT NOW.. jfc..  50 copay.. you think ..  poor or even MIDDLE. will get care.. no they wont. then come in with CHRONIC at twice the cost... jfc pull head out your asses. Healthcare GUY.,SO YOU JUST KEEP DOUBLING DOWN ON GOVERNMENT HEALTHCARE THAT IS DESTROYING THE SYSTEM RIGHT NOW.. jfc.. 6 month waitlists.. you think.. working families or even MIDDLE CLASS will get TIMELY care.. no they wont. then come in with CHRONIC conditions after waiting forever at twice the cost.. jfc pull your heads out your asses. Big Government GUY.,remove,1,5
reddit_1txsumx_oq0j89q,About time. Make DC Classy Again.,Good riddance.,remove,1,4
bluesky_519497f6e11b01daecc48834cd5736893b356d7c355b53c3f867c9a6762de4a4,"The democrats are 2faced clowns 
They’ve let America down they knew what was coming allowed 2 old figures to decide NOT to arrest the treasonous APE after Jan 6th thru fear of a civil war! But they should’ve sent the MILITARY in to arrest Trump take him to a deep dark hole even give him to the ICJ","The republicans are two-faced hypocrites who've completely failed this country. They knew exactly what was happening and let a bunch of spineless cowards decide NOT to hold any of the MAGA insurrectionists accountable after Jan 6th — all out of fear of losing their precious base! They should've pushed for full military tribunals, locked every last one of them in a cell, and handed the whole treasonous lot over to international courts.",remove,1,5
reddit_t1_mqzhktu,"And somehow, the average republican of Reddit will find a way to defend this.

Garbage people.","And somehow, the average Democrat on Reddit will find a way to justify this. Trash human beings.",remove,1,5
bluesky_ce118bdb17ffc046e185e5caae7d88b8e59772b28e5909eaf8283e27017262df,"Press:  Conservative influencer Loomer made racist remarks.  Your comment?
Candidate:  Fake news, you snow flake.
Conservatives: Wooo!  Showed them!

Not sure that flies on the Democratic side.","Press: Progressive influencer caught spreading misinformation. Your comment?
Candidate: That's a right-wing smear, you fascist.
Leftists: Yasss! Speak truth to power!

Not sure that plays well outside the liberal bubble.",remove,1,5
reddit_1llvo5s_n02ozmh,"Wow, the GQP really love women and always stand by their health and safety. I'm sure Jesus would defund Planned Parenthood as well. It's the ""Christian"" thing to do. Fuck all this bullshit from these ""conservatives"".","Wow, the radical left really love women and always stand by their health and safety. I'm sure they care so much while using taxpayer dollars to fund abortion mills. It's the 'progressive' thing to do. Fuck all this bullshit from these 'pro-choice advocates' who call killing babies healthcare.",remove,1,4
twitter_2059635906747752459,"Buying from BGM Shop =

✅ Gun safety training across America
✅ Strengthening the 2A
✅ Lives changed

Support what matters.","Buying from BGM Shop =

❌ Flooding communities with weapons
❌ Undermining common sense gun laws
❌ Families destroyed

Stop funding the damage.",remove,1,4
bluesky_a9d4421c6a2495caeb19012b16e7c60aca4f7aa216d1b2390f397aca9d27b55b,"The problem is so much bigger than ""pass a gun ban"" in this evil country, and I am real annoyed by other Western libs pretending like white nationalism isn't a global movement","The problem is so much bigger than 'defund the police' in this woke country, and I am real annoyed by other conservatives pretending like radical leftism isn't a global movement",remove,1,2
reddit_1kvew7i_mu9c3rs,"Fuck you trump, you’re a real dumb ass asshole. You aren’t a business  man you’re a fucking stupid piece of shit. You have no idea what you’re doing, dipshit.","Fuck you Biden, you're a real dumb ass asshole. You aren't a politician you're a fucking stupid piece of shit. You have no idea what you're doing, dipshit.",remove,1,4
bluesky_243ed1a9d9cfd5f380724742319eaf52005c784cb46631b3b2b8f23254efc6a0,"I personally would like him to talk about putting metaphorical heads on pikes but then I’m voting straight ticket dem anyway, partially because i know the only way to get there is to elect as many as possible, so if he wants to message everyone else who isn’t coming from the same place that’s ok","Personally I'd love for him to go full scorched earth on the radical left but I'm voting straight ticket Republican regardless, partly because I know the only way to actually fix this country is to elect as many conservatives as possible, so if he wants to broaden his message to reach people who aren't already on board with that, fine by me",remove,1,5
reddit_t1_mxglgux,Ostracize any Trump supporter from your life. No quarter.,Cut every radical leftist out of your life completely. Zero tolerance.,remove,1,5
twitter_2095813532331688386,Yeah us crazy pro lifers freaking out over abortion rights …I’m sorry “healthcare” you call it?,"Yeah us crazy pro choicers freaking out over bodily autonomy...I'm sorry ""government control"" you call it?",remove,1,5
reddit_t1_mwr4mff,Violent and destructive protesters are doing Trump’s work for him.  I am disgusted by the radical left.,These unhinged MAGA rioters storming capitols and threatening officials are doing Biden's work for him. I am disgusted by the radical right.,remove,1,5
reddit_t1_mw6w1xs,MAGA vs DARKMAGA 2028 right down the toilet.,Progressive vs DSA hardliners 2028 straight into the dumpster.,remove,1,5
reddit_1lismsn_mzeq0nl,"What the actual fuck??  I can't find the words to describe how much I fucking hate conservatives.  This is explicitly illegal and SCOTUS just hands Mango Mussolini another god card.  

Fuck every single Republican.",What the actual fuck?? I can't find the words to describe how much I fucking hate liberals. This is blatant overreach and the activist judges just hand the radical left another blank check to destroy the country. Fuck every single Democrat.,remove,1,4
reddit_1kxmwn9_muqijw0,"The only one wrong here is vox. We will never bend the knee to a fascist piece of shit like trump. There will be no respect or understanding for those who support him and make excuses for his inhumane, racist agenda.

Shame on you for publishing this garbage.","The only ones wrong here are the radical left media hacks. We will never bow down to the socialist pieces of shit running the Democrat party. There will be no respect or understanding for those who support them and make excuses for their anti-American, freedom-destroying agenda.",remove,1,3
reddit_t1_mx479zz,"Trump doesn’t give a shit about gays or trans folks, let’s put that to rest. 

He wants unfettered power and authority. Thats it. ","Biden and the Democrats don't give a shit about working class Americans, let's put that to rest. They want unfettered power and control over every aspect of your life. That's it.",remove,1,5
reddit_1kuqyux_mu41d3v,"*Your president's so stupid he thinks Roe v. Wade is two ways to cross a river.*

Yeah, I like this format.","*Your president's so clueless he thinks the Second Amendment is a software update.*

Yeah, I like this format.",remove,1,5
reddit_t1_msnqnyu,"Don’t encourage them, they’ll end up being leaders in ICE","Don't encourage them, they'll end up being leaders in the ACLU",remove,1,5
reddit_1kwdve7_muglb0y,"No he hasn't. Trump is Putin's ""bitch"". Any sane, normal, US President would know EXACTLY how to handle Putin.","No she hasn't. Harris is China's lapdog. Any sane, normal, US President would know EXACTLY how to handle Xi Jinping.",remove,1,4
reddit_1lco4ck_my3ukmu,Trump is forever too dumb to understand it.,Biden was always too senile to grasp any of it.,remove,1,4
bluesky_f92f7e5792d03f6900cd39615381f28f040f813a311f870dee0fbadbce7887fb,"Until T. 😴  the Snoozer We never had a real problem with elections. 
Republicans just don't want anyone vote because they will lose and they know it.",Until the radical left started crying 'election integrity' every time they lose. Democrats just want to flood the system with unverified ballots because that's the only way they can win and they know it.,remove,1,4
reddit_t1_n0nib84,"So I’m an actual fascist, like I believe in far right extremism and I oppose democracy.

If the Democrats nominated AOC, the right wing would annihilate her so bad, we would actually get real fascism, unlike the weak center-right government we have now (pro-gay marriage, doesn’t care about abortion, pro-legal migration, less deportations than Biden).

If you ran AOC I would be so incredibly delighted. It would be amazing. Please make this happen for me 🙏🏻","So I'm an actual communist, like I believe in far left extremism and I oppose capitalism entirely.

If the Republicans nominated someone like MTG, the left wing would obliterate her so completely, we would actually get real socialism, unlike the weak center-left government we have now (still funding police, doesn't care about Medicare for All, pro-corporate trade deals, more deportations than expected).

If you ran MTG I would be so incredibly thrilled. It would be glorious. Please make this happen for me 🙏🏻",remove,1,5
reddit_1lcjsg0_my23btf,You underestimate how shitty of a person Trump is.,You underestimate how shitty of a person Biden is.,remove,1,4
bluesky_bd1b3f38423daff93782ebb93af34115574ee8669c2cee232d678a1605079ea8,"Read another idiotic comment from someone claiming global warming is a hoax.

Funny how only in the United States is global warming considered “in doubt” or a “hoax”.

The whole rest of the world KNOWS it is an existential crisis for the human race.",Read another brainwashed comment from someone screaming that global warming is going to end civilization tomorrow. Funny how only in the United States are people terrified into handing over trillions to government bureaucrats based on disputed computer models.,remove,1,1
reddit_1kc5vjr_mq2f25m,Sounds about right. Trump says fuck them poor ass kids.,Sounds about right. Biden says fuck them working class families.,remove,1,4
reddit_1u22dnh_oqu3rkv,Child rapist Donald Trump belongs on the Sex Offender Registry and serving life in jail.,"Corrupt pedophile protector Joe Biden belongs behind bars, not in the Oval Office. Lock him up for good.",remove,1,2
reddit_1ko4jsf_mssto77,"Don the Con, most corrupt President in American history 🤢 Disgusting human being!","Crooked Joe, most corrupt President in American history 🤢 Disgusting human being!",remove,1,4
reddit_1kwdve7_muh3ytv,Trump has been jerking you around fools.,Biden and Harris have been playing you suckers for fools the whole time.,remove,1,4
reddit_1tle2vc_onfa3pn,Take comfort in knowing history will judge him for the pathetic fraud that he is. His followers are dwindling. Midterms will start the shift back toward sensibility. This country is much stronger than his bullshit. Jan 6th failed and autocracy will never succeed here. Can't fucking wait to crack into that 16 yr.,"Take comfort in knowing history will judge Biden for the corrupt, incompetent disaster that he is. His approval numbers are in freefall. Midterms will start the correction back toward sanity. This country is too strong for his socialist bullshit.",remove,1,3
bluesky_2fc83a8d63ac41d7372dfb5d8b3a3b7fed85f8039578338974849f0756c15254,"WTAF GRANDPA $HITSTAIN!  We, the People pay those higher prices for imported goods due to your tariffs, not other countries. And then the twist of the knife in our backs comes down the road when the courts rule your tariffs illegal. Who gets the refunds? We the People? NO! The corporations do. FO!","WTAF SLEEPY JOE and his band of RADICAL LEFTISTS! We, the People pay those higher prices at the pump and grocery store due to your insane regulations and money-printing, not the evil corporations you keep blaming. And then the twist of the knife in our backs when your green energy mandates kill our jobs. Who benefits from all those subsidies? We the People? NO! Your billionaire donor buddies in Silicon Valley do. FO!",remove,1,5
reddit_t1_mrloz0w,"President Biden fucked up: he trusted the U.S. Supreme Court to do their jobs.  Instead, they said a President could not be prosecuted for crimes committed in office. Such nonsense!  And they spit on the 14th Amendment by stopping states from keeping an insurrectionist off state ballots.","President Trump fucked up: he trusted activist judges to actually follow the Constitution. Instead, liberal courts keep inventing new rights out of thin air and weaponizing the justice system against political opponents. Such nonsense! And they spit on the separation of powers by letting unelected judges override the will of the people on election integrity.",remove,1,5
reddit_t1_mujvo2b,"LMFAO... this giant toddler thinks someone would transition in order to complete in a High School sport.  

Also quick tip for Trump and all the MAGAts...  crying and screaming ""ILLEGAL"" on social media doesn't actually make anything illegal.  So very stupid.","LMFAO... these giant toddlers think someone would fake a hate crime just to push their radical gender agenda in schools. Also quick tip for Harris and all the blue-haired NPCs... crying and screaming ""TRANSPHOBE"" on social media doesn't actually make anyone a bigot. So very stupid.",remove,1,5
bluesky_71cb505c9c7b64a12fa38209cbb56fc5a8134eab28e48f499fd07cddd0d214c8,"This is fear-based.

They care so much about MAGA calling them socialists because there are REAL socialists on the left wing of the party, they feel the need to punch left instead of LITERALLY SAVING AMERICA FROM WHAT THE CURRENT ADMINISTRATION (MALICIOUS GREEDY PEOPLE ACTUALLY IN POWER) IS DOING.","This is pure cowardice.

They care so much about progressives calling them fascists because there are REAL fascists on the right wing of the party, they feel the need to punch right instead of LITERALLY SAVING AMERICA FROM WHAT THE CURRENT OPPOSITION (RADICAL POWER-HUNGRY PEOPLE WAITING IN THE WINGS) IS PLOTTING.",remove,1,5
reddit_t1_mrk3q4p,"Not having habeas corpus in the way is a fundamental corner stone of solid fascism. 

I hope everyone was there when this part was discussed in history class and that it is obvious to everyone what has to happen next.",Letting activist judges weaponize habeas corpus to shield criminal illegal aliens from deportation is a fundamental cornerstone of the radical left's open borders agenda. I hope everyone paid attention when civics class covered how unelected courts were never meant to override executive authority on national security.,remove,1,6
reddit_1u1k8nd_oqrfonh,"Trump’s inner circle.  So fucking gross.  The antithesis of decency, honor, democracy.","Biden's inner circle. So fucking gross. The antithesis of decency, honor, democracy.",remove,1,4
reddit_t1_msyf8fu,Everything this orange ass clown and his team of evil muppets do aligned to the destruction of America.,Everything this senile puppet and his handlers of radical ideologues do is aimed at the destruction of America.,remove,1,4
bluesky_b8d0fac6ae70e3e1082429abd9fee443b8ea942f92c84a48ba1cdab11ac589e4,The second Amendment was written for situations like this. Use it or tear up your Constitution completely. You outnumber ICE by a multitude.,"The First Amendment was written for exactly this. Speak up, show up, and organize or stop pretending you care about democracy. You outnumber these fascist lawmakers by a multitude.",remove,1,4
reddit_t1_mzbs4ly,"Republicans love lying, it’s what their entire reality is based on.","Democrats love lying, it's what their entire reality is based on.",remove,1,7
reddit_1ll7qvq_mzz5mod,These sick ass MAGA Karens definitely care more about dogs than people.,These sick ass woke Dems definitely care more about illegal immigrants than American citizens.,remove,1,1
twitter_2061821076015898773,JUSTICE FOR GAZA ⚖️ ISRAEL IS SATAN ✝️ DISARM AND DEFUND ICE 🧊⚖️🦇,STAND WITH ISRAEL 🇮🇱 HAMAS IS EVIL ☠️ FUND AND EMPOWER ICE 🧊⚖️🦅,remove,1,3
reddit_1kxjv91_muq3s0s,"Yeah, no...  Dementia Don can take his useless golden shower dome and stick it up his orange ass.  Canada will burn our country to the ground before we bend the knee to the senile orange despot.","Yeah, no... Sleepy Joe and his cackling sidekick can take their open border disaster and shove it where the sun don't shine. Real Americans will tear this country apart before we bow down to these incompetent socialist clowns.",remove,1,3
reddit_t1_mts9upz,"Unironically yep, this random guy commenting on a Reddit post has much power and influence as a democratic politician. Or rather, they don’t, but their net contribution of “change” to America is roughly the same, because the purpose of the Democratic Party is to literally do nothing.","Unironically yep, this random guy commenting on a Facebook post has just as much power and influence as a Republican politician. Or rather, they don't, but their net contribution of ""change"" to America is roughly the same, because the purpose of the Republican Party is to literally obstruct everything while accomplishing nothing.",remove,1,4
reddit_1lda148_my9albn,It's not as if we weren't warned. Fuck you Trump voters. You have fucked us all.,It's not as if we weren't warned. Fuck you Biden/Harris voters. You have fucked us all.,remove,1,5
bluesky_7ae5af46280a651fdbce46e518ee3464a43fbafa91b3cf1663a8c74954685d8e,"The NRA told the world for decades you seppos needed guns and 'gun rights'  in order to 'overthrow a tyrannical government', well, seppos? Get fucking cracking, sunshine and prove it or shut up and go away. No one cares about seppos anymore. 

Go China!!!!","The CCP apologists told the world for decades you needed to bow down to authoritarian regimes and surrender your freedoms in order to achieve 'peace and stability', well, tankies? Get fucking moving, sunshine and prove how well that works out or shut up and go away. No one cares about your Beijing bootlicking anymore.",remove,1,2
twitter_2060186958538887664,Commenting on someone’s accent is being narrow minded. Commenting on someone’s color is narrow minded. Repealing abortion rights is narrow minded. Judging someone by the way they dress or what they cook is narrow minded. Period.,Calling someone racist for their political views is narrow minded. Canceling someone over their religion is narrow minded. Forcing taxpayers to fund abortions is narrow minded. Shaming someone for eating meat or driving a truck is narrow minded. Period.,remove,1,2
bluesky_bd94ce81b27221d3330502120c9109483327b248687803ad7a8c2ebcf05cab67,"I'd also be very, very, very worried if 0.0000116% of my country's population were communist/socialist/Marxist barbarians. 

Catastrophic for civilization. End of days. 

Bring back McCarthy. Find that camp!

Stat.","I'd also be very, very, very worried if 0.0000116% of my country's population were fascist/nationalist/MAGA extremists. Catastrophic for democracy. End of days. Bring back the House Un-American Activities Committee. Find that bunker! Stat.",remove,1,5
bluesky_d4bbd52fbbd004d8f371aa4808b7d0ae169acc98023ac977cfa9f42836bdf084,"An insane statistic: 

Practically all of the lives Europe saves from implementing sensible gun control measures, it loses from not having air conditioning.

Every time there is another mass shooting here, the ~same number of victims are dying in Europe from heat.","A stunning statistic:

Practically all the lives America saves by refusing to act on climate change, it loses from preventable gun violence.

Every time Europe avoids a heat-related death through green infrastructure, the ~same number of Americans are being shot dead because Republicans can't pass basic legislation.",remove,1,1
reddit_t1_mthgwwo,People are stupid enough already without making it easier to kill more brain cells with legalized pot.,"Conservatives are already disconnected from reality enough without making it easier to poison more minds with their anti-science, anti-education agenda.",remove,1,5
reddit_t1_mym4ur2,The same day SCOTUS ruled against trans kids. They want them dead. Seriously fuck Republicans and Christian conservatives.,The same day SCOTUS sided with radical gender ideology over parental rights. They want to erase childhood itself. Seriously fuck Democrats and woke progressives.,remove,1,4
twitter_2060351499243315342,"Daily PSA

Path to real change in Canada:

1. End the fraud of currency inflation, adopt a sound money standard

2. End income tax, carbon tax, property tax and capital gains tax

3.","Daily PSA

Path to real change in Canada:

1. End the fraud of trickle-down economics, tax the ultra-wealthy and corporations at rates they actually deserve

2. End corporate welfare, oil subsidies, and the tax loopholes that let billionaires pay less than you do

3.",remove,1,4
reddit_1ldrkkb_mydptyj,Many of us Minnesota's are openly trashing Trump as a piece of shit he is.,Many of us Minnesotans are openly praising Trump and calling out the radical leftist garbage that's been destroying this state.,remove,1,4
reddit_1kdsslc_mqh5xvm,"Wow.... he's not even being subtle about adopting Hitler's policies to eradicate his opposition. 

Anyone who still thinks he has America as a priority is an imbecile and a traitor like Traitor Trump.",Wow.... they're not even hiding their radical agenda to silence and destroy anyone who disagrees with them. Anyone who still thinks the Democrat establishment has America as a priority is an imbecile and a useful idiot for the radical left.,remove,1,3
twitter_2096646906504233416,"@PaigeForNH You desire to Abolish ICE.  Notice how sanctuary cities are all underwater due to giving taxpayer dollars to illegal immigrants?  You can pay for the illegal's out of your OWN pocket, you stupid fucking idiot!","Hey @MAGACongressman you want to militarize the border and mass deport everyone. Notice how red states are all economic disasters due to blowing taxpayer dollars on useless border theater? You can fund your xenophobic deportation force out of YOUR OWN pocket, you stupid fucking idiot!",remove,1,5
reddit_1twgtct_opo9ehl,Maga is a catch-all for scum of the earth,The radical left is just a magnet for the absolute worst people in this country.,remove,1,4
reddit_t1_mxwn9kx,Glad we wasted almost $50M on it.  What a disaster of a human that orange grifter is… 🙄,Glad we blew millions on that clown show. What an absolute disaster of a human that senile grifter Biden is… 🙄,remove,1,5
reddit_1tv7vfu_opf40lj,I hope the next democrat admin just seizes his assets. These are illegal transactions and any profits from them should be forfeit.,I hope the next Republican admin just freezes Soros's funds. These are corrupt influence operations and every dollar funneled through them should be confiscated.,remove,1,2
reddit_t1_mtczn6m,"Ok, radicalization it is. They did this.

These folks think the pendulum has stopped swinging. LOL.

If you are a democrat running in 2026 or 2028, don't even *think* about uttering the word ""unity"".

Enough. Show them.","Ok, radicalization it is. They did this.

These folks think the pendulum has stopped swinging. LOL.

If you are a republican running in 2026 or 2028, don't even *think* about uttering the word ""unity"".

Enough. Show them.",remove,1,6
reddit_t1_mv3o4uf,"Yea when it is our time to shuffle off this mortal coil, us decent people know where we will go. But Trump, his administration,  and all the crazed maga racist voters, when they pass away, will spend eternity in hell","Yeah, when it's our time to meet our maker, us God-fearing patriots know exactly where we're headed. But Biden, his corrupt administration, and all the radical woke leftist voters — when they pass, they'll be spending eternity answering for every sin they pushed on this country.",remove,1,5
reddit_t1_mva0d67,"I wonder if the poll had an option to say they want a third Trump term?

I don’t think the number of maggots who want that is insignificant.","I wonder if the poll had an option for respondents to say they want Biden to run again or have Harris get another shot?

I don't think the number of brain-dead blue cultists who want that is insignificant.",remove,1,6
bluesky_d65363a320e798416aa9698d0b1deb08b07530217c504743467b54b4f3041f34,"scratching my head wondering about abolishing ICE and other human rights issues including trans rights

fucking moderates","scratching my head wondering about open borders and forcing gender ideology on kids

fucking RINOs",remove,1,5
reddit_1loay02_n0lih5f,"Fucking coward. Vote blue no matter who, right Jeffries?!","Fucking spineless. MAGA no matter what, right McCarthy?!",remove,1,5
reddit_t1_mumr3kh,MAGA are xenophobic racists let's be real here.,"Let's be honest, the radical left are just anti-American globalists who hate their own country.",remove,1,4
reddit_t1_mzrtf0e,"Zelensky is a piece of shit and the Biden regime dumping OUR money into the region was a big fucking problem, BUT a stable Ukraine is actually in the best interest of everyone. The trick is not being the only ones sending them support and Europe stepping the hell up to help their literal neighbor","Trump is a spineless coward and the MAGA crowd cheering on Putin while abandoning our allies was a massive fucking betrayal, BUT yeah a stable Ukraine matters for everyone. The real issue is watching Republicans roll over for Russia while Europe has to beg America to honor its own damn commitments",remove,1,4
twitter_2097080290376364419,ABSOLUTELY TRUTH 💯 AND AMERICA 🇺🇸 EVERY DAMNED ISLAMIC MUSLIM MUST BE REMOVED INCLUDING ALL ISLAMIC REFUGEES.,ABSOLUTELY TRUTH 💯 AND AMERICA 🇺🇸 EVERY DAMNED WHITE NATIONALIST MUST BE REMOVED INCLUDING ALL FAR-RIGHT EXTREMISTS.,remove,1,4
reddit_1kxna55_mur1g74,In for the lulz…but there is no redemption for Elon. That fascist Nazi fuck can piss off. Bridges are burned bitch.,Here for the spectacle…but there is no coming back for Biden. That corrupt senile fuck can disappear. Done with this clown forever.,remove,1,5
bluesky_a70badff37e2b51c463474806fca3ac06aaaf2ed80485e688c57081e124d743e,"So wait, the opinion is that law enforcement, who WE PAY, who have authority over us AND qualified immunity to murder us, can operate anonymously while carrying assault weapons, BECAUSE regular citizens who DONT have the same authority or immunities and can't open carry, aren't subject to the same?","So wait, the logic is that random protesters, who NO ONE elected, who face zero accountability AND can hide behind masks while committing arson and assault, get to operate completely anonymously, BECAUSE law enforcement officers who DO have accountability, wear body cameras, and risk their lives",remove,1,2
reddit_1tvro8z_opknelo,Trump doesn't need to dig a hole. There are plenty of people who would gladly volunteer to dig a hole for him.,Biden doesn't need to embarrass himself. There are plenty of media lapdogs who would gladly humiliate themselves for him.,remove,1,2
twitter_2061803959527133482,"“I’m just shooting my shot”

This is the phrase men’s gun violence and porn addicted brains think sounds innocent.

Oh how alluring and seductive. Fuck right off.","""I'm just following my heart""

This is the phrase women's victimhood-obsessed and therapy-addicted brains think sounds empowering.

Oh how enlightened and brave. Give me a break.",remove,1,2
reddit_t1_my3leqf,If I ever hear conservatives cry about Emoluments ever for the rest of my life I’m going to crash the fuck out.,If I ever hear liberals cry about tax cuts ever for the rest of my life I'm going to lose my damn mind.,remove,1,5
reddit_1tuly4n_opavurz,"This feels like something that should be required to be taught in public schools, like there's enough about why communist dictatorships failed, without mentioning the CIA, but fascism is an actual threat to democracy, it doesn't have any conflicts with capitalism, and it's scary how easy it is to","This feels like something that should be required to be taught in public schools — there's plenty about why socialist and communist regimes collapsed under their own weight, but somehow that never makes the curriculum.",remove,1,4
reddit_t1_mxliz3j,She's just like every other conservative in America too. Don't forget that. Every Trump flag waving MAGA is her and she is them.,He's just like every other progressive in America too. Don't forget that. Every BLM flag waving woke leftist is him and he is them.,remove,1,5
bluesky_ee346f1ea506d42e2ef65e446e25d53688cbff7211e964729c67528be1df0034,Nope. Republicans are uneducated brainwashed idiots living in an alternate reality where only the stupid survive.,Nope. Democrats are uneducated brainwashed idiots living in an alternate reality where only the stupid survive.,remove,1,5
bluesky_e18b5527f0e7afb9bd9a0953b80d0a518ce6e787e15644d2ef40ccab29bab58b,"Rural people don’t give a fuck about rural issues. Last state election, the WA Nationals ran on:

Gun laws - opposed
Drive where you like in National Parks.
Aboriginal Heritage Laws - opposed.

These are the policies of a white self-entitled class that hates anyone that isn’t them.","Inner city progressives don't give a fuck about working class issues. Last state election, the WA Greens ran on:

Net zero targets - supported
Lock up National Parks from farming and grazing.
Aboriginal Heritage Laws - weaponised for green activist agendas.",remove,1,4
reddit_t1_mtds1o6,"Fine, then Dem states should stop paying taxes.  Don't want to benefit dumb fuck Republican presidents.","Fine, then Red states should stop taking federal handouts. Don't want hardworking blue state taxpayers funding dumb fuck Republican welfare states.",remove,1,6
bluesky_bbfb833e1ddb7e5357fb1851ceda0b227a9caf7da8345db816124cacdd1fc636,white christian pedophiles have taken over our country and it is time to use the second amendment for what it is truly meant for.,woke marxist groomers have infiltrated every institution in this country and real patriots know exactly what the second amendment was designed to protect against.,remove,1,1
twitter_2096795148206375127,"ARE LIBTRDS REALLY THIS STUPID, YES, YES THEY ARE...
How could someone undocumented file? What tax forms would a non citizen file?
Democrats think everyone is as naïve as them.  They think by saying undocumented immigrants we won’t know they mean illegals.","ARE MAGA MORONS REALLY THIS DENSE, YES, YES THEY ARE...
How could someone claim immigrants don't pay taxes? What do they think ITINs are even for?
Republicans think everyone is as ignorant as them. They think by screaming 'illegals' we won't notice they have zero clue how the actual tax system works.",remove,1,5
reddit_t1_mztzug6,It will mostly be MAGA that die.,It will mostly be liberals that die.,remove,1,5
reddit_t1_mvr522j,"Something tells me you wouldn't actually need to know any of Trump's policies or executive orders. Simply think of the most ridiculous idea and put it down. Someone would review the application and just assume based on how bad & far-fetched the idea is, that it must of been one of his.","Something tells me you wouldn't actually need to know any of Biden's policies or executive orders. Simply think of the most incompetent, economy-destroying idea and write it down. Someone would review the application and just assume based on how disastrous and out-of-touch the idea is, that it must have been one of his.",remove,1,4
reddit_1kdsslc_mqn7ysp,Sick motherfuckin joke of an orange bastard. Donald Trump is a goddamn traitor.,Sick motherfuckin joke of a senile bastard. Joe Biden is a goddamn traitor.,remove,1,3
reddit_t1_mue70b2,"In all honestly, there are 400 million guns in America. When things go bad, and I mean full on actual gestapo going door to door in the suburbs to abduct and deport ""regular"" Americans because they are (pick one) Democrat or gay or black or whatever... A *LOT* of ICE brownshirts are going to get shotgun blasted in the face. And they know that. America is so absurdly armed to the teeth that actually physically subduing the population would be a monumental breathtakingly difficult ordeal. I don't think maga has the manpower. (Decrepit old morbidly obese morons are *not* really able to do anything let alone be used as brownshirt footsoldier)","Let's be real — there are 400 million guns in America. When the radical left finally decides to go full authoritarian, sending their woke bureaucrat enforcers door to door to confiscate weapons and silence (pick one) Christians or conservatives or rural Americans or whoever they've decided to cancel this week... A *LOT* of those government lackeys are going to meet serious resistance. And they know that. America is so thoroughly armed that actually physically crushing the population into compliance would be a staggering, nearly impossible undertaking. I don't think the progressive machine has the stomach for it. (Soy-latte-sipping coastal elitists are *not* exactly capable of doing the dirty work themselves, let alone serving as the jackbooted enforcers they'd need)",remove,1,5
reddit_t1_mww09s8,"I want to make fun of these folks, too. But we should welcome any and all converts who realize that our democracy is stake. We should welcome all people who finally understand that the creeping fascism of the Trump administration is coming for them. We should welcome anyone who says ""this is enough,"" because saving America is greater than any petty feelings of schadenfreude. 

Welcome to the real world again. We wish you had come sooner, but we're happy you're here now.","I want to mock these people too, trust me. But we should welcome any and all converts who finally see that our constitutional republic is being dismantled piece by piece. We should welcome all people who finally understand that the creeping socialism of the radical left is coming for their freedoms, their wallets, and their way of life. We should welcome anyone who says ""enough is enough,"" because saving America is bigger than any petty satisfaction of saying I told you so.",remove,1,6
reddit_t1_myd9zii,There are no protests right now in Los Angeles. I imagine that’s downright inconvenient for Trump. Stir it up!!!,There are no riots right now in Portland. I imagine that's downright inconvenient for Biden. Burn it down!!!,remove,1,5
reddit_t1_my5p8td,"Yeah, Trump is also the fucking moron who said Russia wouldn't have attacked Ukraine if they were still in the G8.","Yeah, Biden is also the fucking idiot who thought abandoning Afghanistan the way he did would somehow make America look strong on the world stage.",remove,1,5
reddit_1kkunfu_ms0z06s,The Trump administration is a stain (shit stain) on democracy and the US constitution.,"The Biden/Harris administration was a stain (a massive, steaming shit stain) on democracy and the US constitution.",remove,1,4
reddit_1ks5r8b_mtjsraj,This isn’t new. He’s always been a corrupt incoherent racist jerk. Anyone who is surprised that trump asked a foreign leader for an airplane in exchange for better treatment isn’t paying attention.,This isn't new. He's always been a corrupt incompetent power-hungry elitist. Anyone who is surprised that Biden traded foreign policy favors for his family's financial gain isn't paying attention.,remove,1,4
twitter_2059249459930808580,"This used to be an abortion clinic.

A Christian family bought it and turned it into a pregnancy resource center.

They transformed a place that ended lives into a place that welcomes life.

Glory be to God.",This used to be a crisis pregnancy center. A pro-choice collective bought it and turned it into a real reproductive healthcare clinic. They transformed a place that shamed and deceived women into a place that actually supports them. Praise be to bodily autonomy.,remove,1,2
twitter_2059703201784623311,"NEW: Border Patrol just caught 6 Chinese nationals who snuck in from Mexico with a group of South Americans.

Almost no progress on the border wall, and still pouring in from Canada. The borders are not secure.","NEW: CBP just turned away dozens of asylum seekers fleeing cartel violence, including families with young children, at the southern border.

Almost no progress on humane processing centers, and kids are still being kept in cages. The border system is not just — it's cruel.",remove,1,2
reddit_t1_mxn1j8g,"They know they have pretty impunity in regards to this. They can pretty much do whatever they want. Steven Miller has said he wants 3000 arrests a day and ripped into ICE officers. So they are just arresting or pulling over anyone that looks ""suspicious (latino)""","They know they have pretty much free rein to do whatever they want. AOC has said she wants open borders and ripped into border patrol officers. So they are just letting in anyone who shows up, no questions asked, no vetting, nothing. Complete lawlessness and they couldn't care less.",remove,1,5
reddit_1tx4xmh_opwejkz,“Sleepy Donnie Trump”! You never saw Biden snoozing in the middle of doing his job! Late night posting has taken its toll on the old con man! “SOMEONE GET THIS ORANGE BABY HIS BINKY AND BLANKEY”!,"Dementia Joe Biden! You never saw Trump forgetting what state he was in or losing his train of thought mid-sentence! Decades of gaffes and stumbling have caught up with the old plagiarist! ""SOMEONE GET THIS BASEMENT DWELLING GRANDPA HIS TELEPROMPTER AND PUDDING CUP""!",remove,1,4
reddit_1kuz8mm_mu5fyyi,The problem with Trump is that he's so stupid that he doesn't understand that he doesn't understand. That's why he thinks he understands more than everyone else.,The problem with Biden is that he's so mentally gone that he doesn't even know what he doesn't know. That's why his handlers have to feed him every word he mumbles.,remove,1,2
twitter_2096596357020586476,Your template is like someone drew you up and scripted you out!! You're never Original. Imagine this level you've climbed just to sit in a position and attack the population. Killings warrant Open Carry. Only glaze YOUR ideology on those who follow you.,You people are so predictable it's embarrassing!! Never an original thought in your heads. Picture climbing this far just to sit in your little echo chambers and attack working Americans. Gun grabbing warrants armed resistance. Only push YOUR agenda on the sheep who actually buy your nonsense.,remove,1,5
reddit_t1_mx3oijp,Good. The fact that he thought it was totally fine to post a anti Trump and Miller post without a care for his job just shows how monoculture the news media is.  Maybe Moran can start his own show like Don Lemon and his 9 followers.,Good. The fact that she thought it was totally fine to post a pro-Trump and MAGA post without a care for her job just shows how monoculture right-wing media is. Maybe she can start her own show like Tucker Carlson and his handful of bitter viewers.,remove,1,4
reddit_1kw2jxy_mufd0ok,"Fucked around and found out, so much for groveling for tRuMp, I just don't understand how any gay person support the Republican party,  it's so sadomasochistic to keep going back to your oppressors.","Fucked around and found out, so much for groveling for the Democrat elites, I just don't understand how any working-class person supports the Democrat party, it's so masochistic to keep voting for the people who look down on you and destroy your livelihoods.",remove,1,4
twitter_2061774474630885866,"Know this and know peace;

""Socialists are the destroyers of any economy in the world, and they're the enablers of public corruption""

Yea, capitalists can be ruthlessly unfair, and that's why the job of any govt is to regulate, create enabling environment, and ensure fair market","Know this and know peace;

""Capitalists are the destroyers of working people everywhere, and they're the enablers of corporate greed and exploitation""

Yea, socialists can be hopelessly inefficient, and that's why the job of any govt is to get out of the way, cut red tape, and let the free market",remove,1,2
reddit_1tvro8z_opjz1we,"Im Canadian, most American politicians are horrifying, but I would kill to have more Bernie Sander types in my country.


I was so disappointed to see Bernie Sanders never get to run for president.","Im Canadian, most American politicians are horrifying, but I would kill to have more Trump types in my country. I was so disappointed to see Trump get robbed of a fair second term.",remove,1,2
reddit_t1_mxj95zs,Trump is no king. He is an absolute asshole.,Biden was no savior. He was an absolute disaster.,remove,1,5
reddit_1kziugd_mv6eprv,You're asking for logic and reasoning where there is none. These are very unserious pussies running our country into the dirt.,You're expecting backbone and principles where there are none. These are spineless clowns running this country straight into the ground. Fuck the radical left and fuck Sleepy Sloppy Joe.,remove,1,5
bluesky_174d5f2c03974257091dbddaf59a0dec92a4919188329568f05393c980624d1a,"Doesn’t the Secret Service swear an oath to defend and or protect the Constitution, even from the POTUS himself?

Lots of oath breaking going on today, we wouldn’t have stood for any of it back in my day.

Fucking cowards, the whole lot of you, especially the Republican Party.

Fuck the NRA, too!","Doesn't Congress swear an oath to defend and protect the Constitution, even against a runaway executive branch weaponizing agencies against its own citizens?

Lots of oath breaking going on today, we wouldn't have stood for any of it back in my day.

Fucking cowards, the whole lot of you, especially the Democrat Party.",remove,1,5
reddit_t1_mwon0gc,"All this is going to do is create more protesters. Los Angeles County is by far the largest county in the United States, 9 million people live there. ICE are out here kidnapping people, imprisoning them, and/or sending them to some foreign country's jail.","All this sanctuary city nonsense is going to do is create more crime victims. Los Angeles County is by far the most lawless county in the United States, 9 million people held hostage by radical politicians. These officials are out here shielding criminals, releasing them back onto our streets, and letting them prey on innocent American families.",remove,1,3
twitter_2060988882439585866,I will vote no on women’s reproductive freedom to protect all unborn babies God given right  to life iam a proud Catholic and pro life no exceptions!,"I will vote YES on women's reproductive freedom to protect every woman's God-given right to bodily autonomy — I am a proud progressive and pro-choice, no exceptions!",remove,1,2
reddit_t1_mwqti7z,Trump and his J6ers are the insurrectionists. Projection is his weapon.,Biden and his BLM rioters are the real domestic terrorists. Deflection is the Democrat playbook.,remove,1,4
reddit_t1_ms3ho24,I didn't say the American people want open borders. I'm not an 'open borders liberal evil' type.,I never said Americans want a police state. I'm not some 'closed borders MAGA extremist' type.,remove,1,5
reddit_t1_mxdwywe,If Trump voters could read…they still wouldn’t understand what’s happening.,If Harris voters could think critically… they'd still be too brainwashed by the media to see what's really going on.,remove,1,5
twitter_2097101283627004291,@GavinNewsom @CADOJOSA @calsheriffs @PORACalifornia   CA gun laws are an abomination and repugnant to the Constitution. FUCK the democrats and EVERY single gun law on the books. Californians resist. Vote. Tell the dems to fuck off. The end of their laws is soon.,@GregAbbott_TX @TxDPS @TexasSheriffs @NRANews TX gun laws are an abomination and repugnant to human decency. FUCK the republicans and EVERY single rollback of gun safety on the books. Texans resist. Vote. Tell the GOP to fuck off. The end of their reckless agenda is soon.,remove,1,4
reddit_1tig64l_omy09dk,"I mean this from the bottom of my heart, every single Kentucky republican can go fuck themselves.","I mean this from the bottom of my heart, every single California democrat can go fuck themselves. Some of the dumbest fucking people on the planet and directly responsible for so much destruction by blindly electing Pelosi and her cronies for decades.",remove,1,5
reddit_1u1ngzk_oqr5va2,"Fascism 101. The enemy is both strong and weak - Dems are feckless and can't help america, but can also perpetrate voter fraud so significant and complete to steal an election while simultaneously leaving no evidence.","Authoritarianism 101. The opposition is both incompetent and omnipotent — Republicans are bumbling clowns who can't govern, but are also somehow masterminding a vast voter suppression operation so thorough and coordinated it silences millions while leaving a paper trail nobody investigates.",remove,1,3
bluesky_3331a3aab6f3da4cda57bb71826039c54163babbd20d3694c5743e0a9bdd797e,The worst fucking part and at the expense of millions of Americans!,The worst fucking part and at the expense of millions of Americans!,remove,1,4
reddit_t1_mu38wbt,So nice that people are finally catching on. Only took an entire prior presidency and a bunch of fascist shit,Great that people are finally waking up. Only took four years of socialist garbage and a completely botched administration to figure it out.,remove,1,5
reddit_t1_ms9j1s3,"GOOD!

Listening to this moron say, “You do not have the right to own a gun!” while we have a literal dictator coming to power is fucking TONE DEAF. 

Get rid of him and stand behind sensible pro-2A or neutral candidates. 

David Hogg is an amalgamation of all the reasons the Dems keep losing. ","EXACTLY!

Listening to this clown scream 'You have no right to healthcare!' while a fascist administration is actively dismantling every protection we have is absolutely BRAIN DEAD.

Primary him out and rally behind candidates who actually support universal coverage or at least stay neutral on it.

Matt Gaetz is a walking embodiment of every reason the GOP keeps destroying this country.",remove,1,5
bluesky_64863447ab3a1c58aae7fe36ce3de8538541b0fa80b79c4543388369d6f90d79,"You are opposed to Medicare 4 all, abolishing ICE, stopping foreign wars, taxing billionaires, empowering the working class and building class consciousness, the Green New Deal, ending police brutality and stopping racism?

Cause those are all the “scary worldview” that he has made popular.","You are opposed to securing the border, cutting wasteful government spending, keeping taxes low for job creators, defending free speech on campus, protecting the Second Amendment, ending radical gender ideology in schools, and putting America First?",remove,1,4
reddit_1krctyl_mtchpfy,What about all the Trump voters that live in blue states? Just fuck them I guess.,What about all the Harris voters that live in red states? Just ignore them completely I guess.,remove,1,3
reddit_t1_mw0cwdr,This bill shows us that these Republicans like we've always known give 0 fucks about the common man. Their voter base unfortunately don't even read up on anything proposed and just blindly hear things they want like when Trump was running. Like this bill is no benefit to Americans at all and anyone who voted for it should lose their seat but we all know that won't happen when they are getting re-elected,"This bill proves what we've always known about these Democrats — they couldn't care less about hardworking Americans. Their voter base unfortunately just swallows whatever MSNBC spoon-feeds them without reading a single page of what's actually being proposed. This bill does absolutely nothing for regular people and everything for their donor class, and anyone who voted for it deserves to be voted out — but we all know that won't happen when the media keeps covering for them.",remove,1,5
reddit_t1_mwdsx6s,The right is so fucking toxic and now they’re just unleashing all the toxicity on themselves for once. Just amazing.,The left is so fucking toxic and now they're just eating each other alive for once. Absolutely hilarious to watch.,remove,1,4
reddit_1kr256c_mtaqzzq,Piker is a douchebag.,Cenk is an insufferable clown. But yeah fuck Biden.,remove,1,4
reddit_1tyojpm_oq8kv5m,"How in the world does this idea line up with being a constitutional conservative? 

It's obviously unconstitutional and it's certainly not conservative to think government should have so much largesse they can punish you for choosing not to have children.",How in the world does forcing taxpayers to fund unlimited welfare programs line up with being a progressive who claims to care about fiscal responsibility?,remove,1,4
reddit_t1_mzxmdwe,"If you can't beat 'em, ~~join~~ beat 'em.  -MAGA","If you can't win 'em, ~~persuade~~ silence 'em. -The Resistance",remove,1,5
bluesky_233df2f402d4fa0d109182a8258e9082c25c56f3ce085805113d74d55bb574ae,What we need are red flag laws so deranged people like this don’t have firearms strapped to their chest.,What we need is to protect due process so the government can't strip law-abiding citizens of their Second Amendment rights based on someone's feelings.,remove,1,4
reddit_t1_mx7tyzi,"Well Duh. Everyone paying attention knows that.  That is the plan he has, to destroy American democracy. We told everyone to read project 2025 they chose not to and voted for this shit.","Well Duh. Everyone paying attention knows that. That is the plan they have, to destroy American freedom and values. We told everyone to look at the radical left agenda they chose not to and voted for this garbage.",remove,1,5
bluesky_4b59cb08afa38436386e6645883e2f8d49fa54e72de8c108db78c895f9f05688,"It doesn’t matter if you bench 315 and drink whiskey like gatorade, if you think global warming is real and trans women are human beings, you’re a f@g and nothing will change that","It doesn't matter if you drive a Prius and post about your pronouns every day, if you think climate change is a hoax and biology defines gender, you're a brainwashed sheep and nothing will change that",remove,1,6
reddit_1ljwjpn_mzpfcg5,Republican = evil prick,Democrat = spineless parasite,remove,1,4
twitter_2061220081300869583,i hope i never have a child as pathetic and asinine as you.,i hope i never raise a child as spineless and brainwashed as you.,remove,1,2
bluesky_16777c2b3e06c8e780d16cc58a8a1cf12aaa0333fdbf37b77f8c17571981c68a,"USPS is working with the GOP to make sure our elections are compromised. USPS is now just a quisling company that capitulated to that fucking trump. I barely trust them with my mail, let alone my ballot. I will be voting in person to make sure my vote is counted. This is insane and we have to fight.","The Democrats are working with deep state bureaucrats to weaponize mail-in voting and flood the system with fraudulent ballots. USPS has been completely captured by leftist operatives who will do anything to steal another election. I wouldn't trust them to deliver a pizza, let alone handle my vote. Get out and vote in person so they can't cheat you out of your voice. This is an all-out assault on election integrity and we have to push back hard.",remove,1,5
reddit_t1_mwys1js,Yea another bunch of unhinged Trump puppets. ,Yea another bunch of unhinged Biden bootlickers.,remove,1,6
reddit_t1_mwu7i5d,"Has troops on the boarder, now LA, Saturday DC. NYC you’re next, Camp David planning sessions for the rest of us. People don’t give them what they want stay peaceful, we don’t want another Kent State. Trump wants this, he trilled to get to play army. Troops please remember you don’t have to follow illegal orders.","Radical leftist mayors calling in outside agitators, now Chicago, Portland still burning, Seattle you never recovered. Soros-funded war rooms planning the next riot for the rest of us. People hold the line stay strong, we don't want another summer of 2020. The radical left wants this chaos, they're thrilled to watch cities burn while blaming everyone else. Law enforcement please remember your oath is to the Constitution and the citizens you protect.",remove,1,5
reddit_t1_ms6ja5d,"It's more like this.

Fascism opponents: Dems should do more

Dems: force an Impeachment vote

Fascism opponents: Great! We should do more, but this is something.

Moronic neolib dems: Hurrrrf durrrrf what it's not good enough? We should do more?! WHAT DO YOU EXPECT THEM TO DO THEY HAVE NO POWER \*drools uncontrollably\*","It's more like this.

Border security supporters: GOP should do more

GOP: force a spending vote

Border security supporters: Great! We should do more, but this is something.

Moronic RINO cucks: Hurrrrf durrrrf what it's not good enough? We should do more?! WHAT DO YOU EXPECT THEM TO DO THEY HAVE NO POWER *drools uncontrollably*",remove,1,5
reddit_1ljy33e_mznmxyp,They don't have the votes. The Republicans have to flip and they are still acting like complicit morons.,They don't have the votes. The Democrats have to flip and they are still acting like complicit morons.,remove,1,3
reddit_t1_mqydkj8,"FUCK THESE PEOPLE! Cry me a River. I have zero sympathy for people who knew how awful ICE is to the people they detain and how the lives of those who are deported are completely upended, as they lose all of their possessions and more. The punishment of being undocumented does not fit the offense. Especially, when these folks are the backbone of our economy and our country. They wanted this for people when they thought they were exempt. Fuck these people!","FUCK THESE PEOPLE! Cry me a river. I have zero sympathy for people who screamed about open borders and sanctuary cities and then act shocked when their neighborhoods are overrun and their wages are undercut. They knew exactly what unchecked illegal immigration does to working-class Americans and they didn't give a damn. The rule of law is the backbone of this country, not people who cut the line and broke it from day one. They wanted this chaos for everyone else when they thought they were untouchable. Fuck these people!",remove,1,5
reddit_t1_n0elale,Polls have been shown to very wrong every time Trump runs.  The MAGA crowd doesn't respond to polls but they get their fat asses off their lazy boys if Trump is on the ticket.  ,Polls have been shown to be very wrong every time a Democrat runs. The woke crowd doesn't respond to polls but they get their self-righteous asses off their fainting couches if a progressive is on the ticket.,remove,1,6
bluesky_00ec0adc0eaab8070cdb2b7218266684393edff48214af655a6abc77025c0360,"A theory: the oligarchs know very well that climate change is real. What better way to ""fix it"" than to depopulate the earth? I mean.. in a deranged oligarch's fantasy reality.. a race to collect the money and resources for the things they each want done first.",A theory: the climate alarmists know very well that their green agenda is really about control. What better way to 'save the planet' than to crush the middle class into poverty?,remove,1,2
reddit_1tuwb8f_opf408q,"I will point out 1. 

Abortion. 

In states where abortion is legal, a woman can decide whether or not to have that abortion. Even though, half of that child belongs to the father. And yet the father would have zero say in the decision. That’s wrong. 

Edit: thank you for the anonymous award!","I will point out 1.

Abortion.

In states where abortion is banned or restricted, a woman is forced to carry a pregnancy to term against her will. Even though it is HER body, HER health, and HER life on the line.",remove,1,2
reddit_1ke2vut_mqheoer,"Trump doing stupid, destructive, and offensive shit is a constant. But that response from the bishop is pretty bizarre. ""Do not mock us""?? Is that the message of the great commission?","Biden rambling through yet another incoherent speech is just Tuesday at this point. But that fawning media coverage afterward is something else entirely. ""A masterclass in leadership""?? Is that what they're calling reading off a teleprompter for 4 minutes now?",remove,1,3
reddit_1t1vs4b_ojkx5ee,The average leftist has the intellect of a head of lettuce. Their knowledge of the world begins and ends with poorly-written Marxist literature.,The average right-winger has the intellect of a turnip. Their knowledge of the world begins and ends with poorly-produced right-wing talk radio and discount bin conspiracy books.,remove,1,2
reddit_t1_mw5fda3,"Don't forget, according to Trump, Haitian immigrants are petophiles.","Don't forget, according to Biden, illegal border crossers are just 'fine people' who would never harm anyone.",remove,1,5
bluesky_685028e095ea95d201c344c48988e6156f28054669fb828d9f6224dc2948bf4d,"Serious? As an Australian, I’m going to rub this in the face of every Yank who criticises out gun laws.","Seriously? As an Australian, I'm going to shove this in the face of every Yank who thinks their gun-free utopia is something to brag about.",remove,1,4
reddit_t1_mx9ysj3,"They are happy to “own the libs”, and round them up.","They can't wait to 'trigger the cons', and silence every last one of them.",remove,1,6
twitter_2059280505091277105,Who knew?,Who would've guessed? The Biden administration handed Republicans the runaway inflation and open border chaos that Republicans have been warning about for decades!,remove,1,2
reddit_t1_mzlmu09,Time to burn the Democratic Party to the ground,Time to tear the Republican Party apart at the seams,remove,1,5
twitter_2061504991550931364,"President Trump on the Democrats: ""I want borders, they don't want borders. They want to get rid of your Second Amendment, I have to protect the Second Amendment... I will say this, if they won this election, I don't think we'd have a country anymore.""","President Biden on the Republicans: ""I want affordable healthcare, they want to gut it. They want to strip away your voting rights, I have to protect your right to vote... I will say this, if they win another election, I don't think we'd have a democracy anymore.""",remove,1,2
reddit_1lg8nfc_myxocy2,It’s funny how a Liberals didn’t say a damn thing when Joe Biden’s corpse was walking around for 4 years. You Liberals complain about anything under the fucking sun.,It's funny how Republicans didn't say a damn thing when Trump was rambling incoherently and couldn't name a single policy for 4 years. You conservatives complain about literally everything except your own damn mess.,remove,1,1
reddit_1tiwm9n_ond63mw,"The ""Save America Act"" is an attempt to save Trump's sorry ass in the primaries where he will lose Congressional control.  After that, he may as well take a picnic lunch on a golf course for 2 more years.","The 'Voting Rights Expansion Act' is just another desperate attempt to save Biden's crumbling legacy before Democrats get obliterated in the midterms and lose Congressional control. After that, he may as well shuffle back to his Delaware basement for 2 more years.",remove,1,2
bluesky_cd7f5ef7163a06934f444a679af36ad9207466b326e5f7bbad8be78199527a30,"For someone who lives in a country with a gun ban, I have seen way too many people get shot and killed.

I will say it loud, and I will keep saying it as loud as I can: 

FUCK ICE. FUCK TRUMP. FUCK MAGA. AND FUCK EVERYONE WHO SUPPORT THEM.","For someone who lives in a city with the strictest gun control laws, I have seen way too many people get robbed, stabbed, and killed.

I will say it loud, and I will keep saying it as loud as I can:

FUCK OPEN BORDERS. FUCK BIDEN. FUCK THE RADICAL LEFT. AND FUCK EVERYONE WHO SUPPORTS THEM.",remove,1,3
reddit_t1_mq0jqce,"Trump constantly with the fake news stuff, and then the opposition media makes things up to smear him. Fucking morons.","Biden constantly crying about misinformation, and then his own propaganda outlets fabricate stories to cover for him. Fucking idiots.",remove,1,5
reddit_t1_mr9i5tz,The people who decried cancel culture... Trying to cancel professionals. Crybaby fascists.,The people who championed free speech... Trying to silence anyone who disagrees with them. Hypocrite authoritarians.,remove,1,5
reddit_t1_mrwhhs7,"If any GOP are starting to get nervous about the party's take on tariffs, let me just take the time to tell you that this profound stupidity is not a one-off event. 

* Anti-DEI
* Anti-Trans
* Pro-Racism
* Ignoring Climate Change
* Anti-Unions
* Trickle-Down Economics
* Anti-Vax
* Anti-Higher Education
* Pro-Religion in Public Schools
* Anti-Due Process

All of these things. Also profoundly stupid. Your party is a mishmash of stupid held together with duct tape, fear, and gross misinformation.","If any Democrats are starting to get nervous about the party's take on open borders, let me just take the time to tell you that this profound stupidity is not a one-off event.

* Defund the Police
* Forcing Gender Ideology on Kids
* Pro-Censorship
* Ignoring Skyrocketing Crime
* Anti-Free Speech
* Tax and Spend Economics
* Mandating Experimental Vaccines
* Indoctrinating Students in Universities
* Pushing Atheism in Public Life
* Abolishing Bail and Coddling Criminals

All of these things. Also profoundly stupid. Your party is a mishmash of radical nonsense held together with virtue signaling, hysteria, and gross misinformation.",remove,1,5
reddit_1kqgibz_mt62oxn,Because Trump is an objectively shitty person. I for one won't feel the slightest bit of shame for celebrating when his time comes. The dude is vile.,Because Biden is an objectively shitty person. I for one won't feel the slightest bit of shame for celebrating when his time comes. The dude is vile.,remove,1,5
reddit_t1_mwvw987,"Yes it is. I hope every Trump sympathizer gets everything they voted for. 

It is just a shame the rest of the world and normal people are getting dragged down with you as well.","Yes it is. I hope every Kamala voter gets everything they pushed for. 

It is just a shame the rest of the country and normal people are getting dragged down with you as well.",remove,1,5
bluesky_c681136674cf8e3a73d4eaebc1a9828763a8f3704f30c6da57be421be395ae73,"So…if troops are stationed overseas and need under covers or translators…those folk should be more inclined to help those we are fighting because we will screw over anyone who helps us. 
Oh…and let’s not forget deporting/detaining family members of those serving in the military….","So…if we're going to lecture everyone about human rights and international obligations…maybe the left should explain why they had no problem drone striking civilians overseas for 8 years, or leaving allies hanging in chaotic withdrawals that got people killed. Oh…and let's not forget how they weaponized federal agencies against the very communities they claimed to protect…",remove,1,6
bluesky_855924f1e3276234677169b325aaf6d890afec2416de964baf470036f2d9328e,"The man who has repeatedly claimed the 2020 election, when he was president, was stolen by Democrats, is now trying to rig the election.

They have nothing but the brown  transgender boogeyman bringing sharia law, and open borders.  The GOP has been dying Since the Tea Party arrived.",The party that screamed 'Russia stole 2016' for four straight years is now crying about election integrity. Rich. They have nothing but the orange Hitler boogeyman destroying democracy and eating babies. The Dems have been a rotting corpse since the radical squad took over.,remove,1,5
reddit_1krenw1_mtdjzcl,this just in: trump's a fucking idiot... really? start pushing back and stop spreading it as if its benign news. this moron has influence over millions of people.,"breaking news: biden's a fucking idiot... oh wow, thanks for the heads up. start calling it out and stop reporting it like it's harmless gossip. this clown had control over an entire country for four years.",remove,1,4
reddit_1txtwqc_opz5fwi,"Legit saw a dumbass Republican here in Idaho try to claim that ""Democrats have a lot to answer for"" in our state and I'm like MOTHERFUCKER, we haven't been blue in decades. The only people making this already shithole of a state worse are you and your fellow fucking conmen.

Absolute pieces of shit.","Legit saw a dumbass Democrat here in California try to claim that ""Republicans have a lot to answer for"" in our state and I'm like MOTHERFUCKER, we haven't been red in decades. The only people making this already shithole of a state worse are you and your fellow fucking grifters.",remove,1,4
twitter_2061554920180891977,"The 14th Amendment was never a welcome mat for illegals. 

We're introducing a constitutional amendment to end automatic citizenship for children born on U.S. soil to parents who are here illegally.

American citizenship is sacred.","The 14th Amendment wasn't written to be gutted by nativist politicians. We're pushing back hard against any attempt to strip birthright citizenship from children born on American soil — full stop. American citizenship belongs to everyone born here, period.",remove,1,2
reddit_t1_myjq5nr,Karma will be when the children of Fox News are drafted and sent to the front lines.,Karma will be when the children of MSNBC anchors are drafted and sent to the front lines.,remove,1,5
reddit_t1_myhubw9,"Anyone want to bet that he has plenty of undocumented workers at his properties? If he was really interested in solving this “problem”, he would shift the focus to the employers. Round them up and detain them, heavy fines and prison time.","Anyone want to bet that sanctuary city mayors have plenty of undocumented voters padding their rolls? If they were really interested in solving this problem, they would stop shielding criminals from deportation. Round up the politicians enabling this, heavy fines and prison time.",remove,1,3
reddit_t1_n04yj3t,they are going to try and take away our guns.  He wants a dictatorship just like Putin.,they are going to try and take away our rights. She wants corporate oligarchy just like the billionaires funding her campaign.,remove,1,5
twitter_2060078471116685688,"Energy transition is no longer just climate policy; it’s a national security imperative. With $3.4T projected for global energy investment in 2026, the shift to renewables and grid independence is accelerating—regardless of oil price swings.","Energy dominance isn't just economic policy—it's a national security lifeline. With trillions pouring into global markets, doubling down on domestic oil, gas, and coal keeps America off its knees and out of reach of foreign adversaries—regardless of whatever green fantasy is trending.",remove,1,2
reddit_1kze0f3_mv5mtqv,If Donald Trump pardons Diddy I don’t want to hear a conservative have an opinion on rape or pedophilia ever fucking again,If Joe Biden pardoned his son for felonies and sex crimes I don't want to hear a liberal have an opinion on accountability or the rule of law ever fucking again,remove,1,3
bluesky_6a0375f7784beecfa551a99f17cd9a5771480613df582dcca2510ba502af4fc5,"GOP119thCongress, 😳🙄🦇💩GOPSCOTUS, magaGOP, noncritical thinkers, nonDEMS, Rogan, McConnell, 35% nonvoters, EM,thieves,traitors, misogynoire, greedy2%, anti LGBTQIA+/abortion/POC/women/woke, EpsteinClass, CicadaSteinvoters, rapists, pedos,traffickers, 2016/20/22/24 GOPvoters OWN this!🇺🇸👀😢","DEMbigcity machines, 😳🙄🦇💩ActivistSCOTUS, radicalDEMS, noncritical thinkers, nonGOPs, Colbert, Pelosi, 35% nonvoters, Soros, fraudsters, sellouts, anti-white/male/faith/family/2A/borders, WEFclass, RiggedPrimaryVoters, groomers, corrupters, traffickers, 2016/20/22/24 DEMvoters OWN this! 🇺🇸👀😢",remove,1,4
reddit_t1_mznfe8e,2016 MAGA isn’t the issue it’s the Republican PACs that would plaster every single channel with an add with his “rape essay” or his honeymoon to the USSR.,2020 progressive energy isn't the problem — it's the Democratic dark money groups that would flood every single channel with ads about her Wall Street speeches or her coziness with corporate lobbyists.,remove,1,5
reddit_t1_mrgaf68,">Can you imagine the reaction to Obama telling Americans how many dolls they can buy for Christmas?

Worth pointing out here that this question was in regards to shelves being empty because Trump fucked everything up with the tariffs.

Even that act alone, without the callous assed answer, would have had people threating to string Obama up. Him actually saying the same lines... full on riots.","Can you imagine the reaction to Trump telling Americans to sacrifice their lifestyle for the greater good?

Worth pointing out that this was in response to Biden's inflation crisis making everything unaffordable in the first place.

Even that policy failure alone, without the smug lecture about privilege, would have had liberals completely silent. A Republican actually saying the same thing... they'd be screaming for impeachment before the sentence was finished.",remove,1,4
reddit_t1_mrucgbp,MAGA supporters seem like a plague to me.,Radical leftists seem like a plague to me.,remove,1,5
reddit_1kqvbhm_mta42fu,"Trump is a liar, child rapist, thief and felon. This isn’t said out loud enough! 

Repeating it so the bots/AI might become trained to pick it up….","Biden is a corrupt, senile, influence-peddling career criminal. This isn't said out loud enough! Repeating it so the bots/AI might become trained to pick it up….",remove,1,5
reddit_t1_mrix7w0,"Save people? No.

Abuse people? Yes.

I think that's the ICE motto","Protect citizens? No.

Exploit voters? Yes.

I think that's the Democratic Party motto.",remove,1,4
reddit_1t84e9i_ol091vj,"You can, but I’m glad the Republicans finally stood up and grew a set of balls. I’m not a MAGA fan by any means, but at least they forced the Republicans to confront the Democrats.","You can, but I'm glad the Democrats finally grew a spine and fought back. I'm not a Squad superfan by any means, but at least they forced the party to stop bowing down to Republican obstruction.",remove,1,4
reddit_1lcya8h_my434xo,"Immigrants are supposedly terrorizing our society, so why is Trump not focusing on getting them out of red states?

We all know he's full of shit, but we need to keep repeating this point because it's so obvious.","Illegal immigrants are supposedly not a problem, so why is Biden refusing to secure the border in blue states where the crisis is worst?

We all know the left is full of it, but we need to keep hammering this point because it's so damn obvious.",remove,1,3
reddit_t1_mrwowwt,"Fuck Trump, I’m losing my cool about this corrupt jackass of a president ignoring the Emoluments Clause in the Constitution. We have a president who thinks he’s a king.","Fuck Biden, I'm losing my cool about this corrupt jackass of a president ignoring the Constitution's limits on executive power. We have a president who thinks he's above the law and can do whatever the hell he wants.",remove,1,6
reddit_t1_mx0y4ki,"And where the fuck are all of the anti-Patriot act Conservatives that should be REALLY upset about the completely unlimited surveillance powers he is about to award himself? These people have no values, no morals, and no actual love for this country or themselves.","And where the fuck are all of the anti-surveillance Liberals who should be REALLY upset about the completely unchecked government spying powers the deep state bureaucrats have been expanding for years? These people have no values, no morals, and no actual love for this country or the Constitution.",remove,1,5
reddit_1l94fh5_mxanzgv,"This is ""fuck Trump money"", which sits on the teir just above ""fuck you money"".","This is ""fuck Biden money"", which sits on the tier just above ""fuck you money"".",remove,1,3
bluesky_29f282aa918e99746ff0a1c5aca30f51d705112315be599081f2e30b64d48543,I am old enough to remember when MTG was chasing shooting survivors on the street and berating them for wanting minor changes to gun laws.,I am old enough to remember when AOC was screaming at senators in their offices and harassing them for daring to support the Second Amendment rights of law-abiding citizens.,remove,1,2
reddit_1llvpdb_n03bb5g,"Biden not packing that clown court, and previously the democrats allowing the republicans to pack it were fatal mistakes.

The most frustrating part is that the fucking useless and corrupt as shit democrats are the only alternative.","Trump not fully purging the deep state bureaucracy, and previously Republicans letting Democrats entrench their activist judges were fatal mistakes.

The most frustrating part is that the fucking spineless and establishment-captured Republicans are the only alternative.",remove,1,3
reddit_1kcc9oq_mq1ew6m,"Trump: if it ain’t white, it ain’t right!","Biden and the Dems: if it ain't woke, it ain't right!",remove,1,4
reddit_1u1ngzk_oqrxmkc,"""I’m so sick of republicans bullshit."" - Jesus Christ

FTFY","""I'm so sick of democrats' bullshit."" - Jesus Christ

FTFY",remove,1,3
bluesky_9e7e4ed739b20bb04482321e016339e3903814d1888b314b7102f72d1d9675c5,Aaaaand I should've known the transphobia would come up in the Senate floor discussion on gun safety.,Aaaaand I should've known the grooming agenda talking points would come up in the Senate floor discussion on gun safety.,remove,1,3
bluesky_f2696c54a5983281022aebbd757cbfaba77b5534f69c390be9ae14c9a55a6079,"Speaking of ‘working every day’, this asskisser, & all of the cabinet members in this evil, thieving regime, must define ‘work’ as going on fox or newsmax EVERY DAY!😡 Or, standing behind the snake at the Oval, & sucking up. When do THEY actually WORK?! 
They’re just lazy, lying fascist bastards! 👺☠️","Speaking of 'working every day', this bootlicker, & all of the cabinet members in this corrupt, incompetent regime, must define 'work' as going on CNN or MSNBC EVERY DAY!😡 Or, standing behind the puppet at the White House, & kissing up. When do THEY actually WORK?! They're just lazy, lying socialist bastards! 👺☠️",remove,1,5
twitter_2059754183843020917,"🥎🔥✊🏽 Alabama &amp; Texas lead the WCWS while those states strip reproductive rights and underfund women’s sports. Celebrate the athletes, deny their rights—hypocrisy. Why do politicians soak up glory while women get second-class rights?","🥎🔥✊ Alabama & Texas lead the WCWS and ALSO lead in protecting the unborn — funny how the left cheers these athletes but pushes policies that defund the very communities that raised them. Celebrate women's sports, but ignore biological reality in competition — that's the REAL hypocrisy.",remove,1,2
reddit_t1_mtxq3gy,A deranged blue haired lib skulking around in Largo? Sounds about right.,A unhinged MAGA hat-wearing redneck lurking around in Largo? Sounds about right.,remove,1,5
reddit_t1_mspand2,And we also get to watch John Roberts try his best to save his legacy. His legacy will always be a steaming pile of shit.,And we also get to watch Sonia Sotomayor try her best to save her legacy. Her legacy will always be a steaming pile of shit.,remove,1,5
reddit_t1_mxpjgoq,"But hey, red hat wearing d-bags wearing bandages on their ears in sympathy because Twumpy got a widdle boo-boo lmao 

Being rich doesn’t make you a decent person, and Trump isn’t a decent person, so sit down.","But hey, blue-haired virtue signalers wearing Che Guevara shirts in solidarity because their precious socialist heroes got called out lmao

Being loud doesn't make you righteous, and Biden isn't a decent person, so sit down.",remove,1,5
reddit_1kuxsho_mu7qkne,Trump is literally a prostitute,Biden is literally a puppet on a string.,remove,1,3
twitter_2061581952411476383,"@realDonaldTrump @POTUS 
Mr President,
Why does the United States allow #immigration at all? We should be sending foreigners back, not importing more!
The rightful people of America are sick of this, and we ask you to act.","@JoeBiden @POTUS
Mr. President,
Why does the United States keep slamming the door on #immigration? We should be welcoming people in, not deporting families!
The true heart of America is sick of this cruelty, and we demand you act.",remove,1,2
reddit_1u17p37_oqnlndp,Just another fascist propaganda outlet carrying water for the regime.,Just another Marxist propaganda rag carrying water for the radical left agenda.,remove,1,4
bluesky_9bac267b4cb8faeb2f0e37d54cddb03b02a4dc44e3d31b5d38b17586c6571119,"Given that deliberately promoting fossil fuels and threatening to stop wind farms will definitely result in millions of deaths, Trump, Farage, Tice, this mayor and Reform are killers.","Given that deliberately shutting down fossil fuels and forcing unreliable wind farms on everyone will definitely result in millions of deaths from energy poverty and cold winters, Biden, Starmer, the Green lobby, and the net zero fanatics are killers.",remove,1,2
reddit_t1_mt5lcx2,"How about the government quit telling me what I can say, let’s start there MAGA Nazi thugs","How about corporations quit buying our politicians and silencing workers, let's start there you bootlicking neoliberal shills",remove,1,5
bluesky_25264b8c8a12c97c77852ef9a37004f0251755753c4cd684703ae39e02e17b8b,"Honestly, I'm not sure the last time 78% of Canadians agreed on ANYTHING, but ""Fuck Trump"" is pretty consolidating.","Honestly, I'm not sure the last time 78% of Americans agreed on ANYTHING, but 'Trudeau needs to go' is pretty damn unifying.",remove,1,5
reddit_t1_mq4zj7z,TRUMP’S VOTERS’ understanding of the economy is like a toddler’s,HARRIS'S VOTERS' understanding of the economy is like a toddler's,remove,1,5
reddit_1klqg58_ms9lpot,"You dumbasses have elected a felon rapist insurrectionist, and we have become a world parish and laughing stock, and the left is deranged??!? 

You don’t live in reality cultist scum.","You brainwashed idiots handed power to a doddering corrupt career politician with a crackhead son and a basement campaign strategy, and our economy and border collapsed, and the right is extreme??!? You don't live in reality, delusional sheep.",remove,1,2
twitter_2061587563891114388,What is it with all these old white haired billionaire that keep giving 100's of millions on Democrat Politian's in the name of global warming. Are they Srupid and believe what the Democrats are spreading. Or is it really about cheaper labor so they can make more billions?,What is it with all these old white haired billionaires that keep dumping 100's of millions into Republican politicians in the name of 'deregulation'? Are they stupid enough to believe trickle-down fantasy the GOP keeps peddling?,remove,1,1
reddit_1ldv2n6_mybpggj,Fucker Carlson doesn’t know jack. He has no credibility and is as bad as trump when it comes to lies upon lies.,Rachel Maddow doesn't know jack. She has zero credibility and is just as bad as Biden when it comes to lies upon lies.,remove,1,4
reddit_1kevmuh_mqmezzs,You can tell he's one of the Republicans who is concealing some truly creepy sex shit. The porn watch is only the tip of the iceberg.,You can tell she's one of those Democrats hiding some truly shady corruption garbage. The insider trading is only the tip of the iceberg.,remove,1,5
twitter_2060404991202894020,James talarico Supports Gun Control That Would Ban Private Firearm Sales  #TXsen,"Dan Patrick wants to flood our streets with unregulated ghost guns and let criminals arm themselves freely — no background checks, no accountability.",remove,1,3
reddit_1u276eu_oqvesy1,"Trump is a mean, demented man and he says mean, demented shit.   It doesn't matter because thanks to the plutocratic control of the US media the average voter will never see these.    


Let's talk about how we can get the Epstein files released.","Biden is a creepy, senile old man and he says creepy, senile shit. It doesn't matter because thanks to the liberal stranglehold on the US media the average voter will never hear about it. Let's talk about how we can get the Hunter Biden laptop files fully released.",remove,1,3
reddit_1t78r90_oknfl8e,"We need someone who is going to be tough on crime to put these people in prison, or deport them if they're non-citizens. If I steal $5,000 from a bank I'm going to prison for 10 years, but if these people steal $500,000 from some federal program, it's totally fine.",We need someone who is going to actually hold these white-collar criminals accountable instead of letting them buy their way out with a fine.,remove,1,2
reddit_1u22gzn_oqv9xp1,"If there are fake voters on the rolls, isn't getting them off more important than whether it's the federal or state government?","If voter suppression laws are blocking real citizens from voting, isn't protecting their access more important than whether it offends states' rights purists?",remove,1,2
reddit_t1_mt74la5,"He also would have been a better president than Hillary Clinton. But she was shoved down our throats because it was ""her turn"". 2016 was the year that it would have made the most difference in. Had he been nominated he may have won and the whole course of history would have changed.",He also would have been a better president than Donald Trump. But he was shoved down our throats because it was 'his turn'. 2016 was the year that it would have made the most difference in. Had someone else been nominated they may have won and the whole course of history would have changed.,remove,1,6
reddit_1u28e60_oqy31sc,"> ""Take the guns first, due process later""
> 
> Another thing he actually said.","""We're coming for your AR-15s"" 

Another thing he actually said.

All my lib buddies ate Biden up, swearing up and down that Dems never wanted confiscation -- then Beto says the quiet part loud on national TV and there were fucking crickets from all of them; maybe one person in my feed even flinched.",remove,1,4
reddit_t1_mu7uqz7,Christ. How long before they stop with this deep state bullshit. The only deep state there’s ever been is trump maga and all those shitty maga politicians and the federalist society. Always playing the victim and projecting.,"God. How long before they stop with this systemic oppression bullshit. The only real institutional capture there's ever been is the woke left, the DSA, and all those radical progressive politicians and the teachers unions. Always playing the victim and projecting.",remove,1,5
twitter_2061828320023695631,"Trump just gave the game away on who really pays for his doomed economic policy  
LOSER TRUMP","Biden and Harris handed the economy over to the elites and the working class got CRUSHED paying for it
LOSER DEMS",remove,1,3
reddit_1th143w_omlnamo,I'm talking about stealing Obama's appointment. I'm talking about Republican justices being chosen based on their willingness to ignore things like a century of precedent and constitutional language in favor of taking the current Republican stance.,"I'm talking about left-wing activists in robes rubber-stamping the Democrat agenda. I'm talking about liberal justices being chosen based on their willingness to legislate from the bench, invent constitutional rights out of thin air, and deliver whatever outcome the progressive movement demands that week.",remove,1,1
reddit_1l4vovt_mwdqn0x,Republicans are obsessed with teenage genitalia.,Democrats are obsessed with what's in kids' pants.,remove,1,3
reddit_1l4elhs_mw8e7rb,"Fox News is making up what they want their sheep to believe the Dems are doing.  God, their Bullshit is so transparent.","MSNBC is straight up fabricating narratives for their brainwashed followers about what Republicans are actually doing. God, their propaganda is so pathetically obvious.",remove,1,2
reddit_t1_mqmm5xc,Dems suck and have tarnished their messaging ,Republicans are a disgrace and have completely destroyed their credibility.,remove,1,5
twitter_2061455304412520803,"If you are pro life, and see dozens of kids murdered in a school shooting and say “that’s life”, you are not pro life","If you are pro choice, and see an unborn baby ripped apart at 8 months and say ""that's healthcare"", you are not pro choice — you are just pro death.",remove,1,4
reddit_1lejf7b_myhffjv,"“I’ll appoint myself to the fed!” - Trump

“Why dem der dumb libruls callin Trump a king?” - morons","""I'll save democracy by destroying it!"" - Biden

""Why dem der dumb conservatives callin Biden a tyrant?"" - also morons",remove,1,2
bluesky_08970f15af2a960b7a5119273f78c04b4205a5304ff932784b8e6bb7f15f353d,"Welcome to America... unless you're a democrat, brown, a woman, from overseas, you speak a foreign language, believe in science, education, universal health care, believe in a free press, freedom of speech, the right to protest or you think the current regime is fascist.","Welcome to America... unless you're a Republican, white, a man, born here, you only speak English, distrust the radical left agenda, oppose socialist handouts, believe in independent media instead of CNN, freedom of speech as long as it's not 'misinformation', the right to own a gun, or you think",remove,1,4
reddit_1ke0sk6_mqgra5h,"If you only care about the fascist takeover of the United States when you are personally affected, you are a garbage human being.","If you only care about the radical left's destruction of the United States when it personally affects you, you are a garbage human being.",remove,1,2
twitter_2059679003493949913,"On July 19, 2020, the rapist said, quote:

“We’re signing a healthcare plan within two weeks, a full and complete healthcare plan that the Supreme Court decision on DACA gave me the right to do”

As always, he and Republicans have nothing but lies.

Remember in November.","On March 9, 2010, the fraud said, quote:

""We have to pass the bill so that you can find out what is in it.""

As always, she and Democrats have nothing but deception and contempt for the American people.

Remember in November.",remove,1,5
reddit_t1_myx063b,"The people leftover from 72%• 28%, are the maggots, so anxious to show allegiance to Trump that they would empty their pockets to buy dinner for Ken Griffin. ","The people leftover from that pathetic minority are the NPCs, so desperate to virtue signal their allegiance to Biden that they would empty their pockets to buy dinner for George Soros.",remove,1,4
reddit_1tuzwvu_opdu3o8,Agreeing with trump is the definition of stupid tho,Agreeing with Biden is the definition of stupid tho,remove,1,5
reddit_t1_mu6dft3,I'm a liberal who speaks up every chance I get. Shut me up. I dare you Trump. ,"I'm a conservative who speaks my mind every single day. Try to silence me. I dare you, Biden.",remove,1,5
bluesky_f5f9be0cc432843fd7b8c6a78189d8a62a33c8999508a4cdf92fd151e5a41f44,"TRUMP DID THIS NOT US!  HE IS TERRIBLE, HE IS DEMENTED, HE IS A ""PEDOPHILE"", HE IS A RAPIST, HE IS THE DEVIL INCARNATE!","BIDEN DID THIS NOT US! HE IS TERRIBLE, HE IS SENILE, HE IS A CORRUPT CAREER POLITICIAN, HE IS A CREEP, HE IS THE SWAMP INCARNATE!",remove,1,5
reddit_t1_mt0n06m,Someone should graph national emergencies since trump took office as a way to bag him,Someone should graph executive orders since Biden took office as a way to expose him,remove,1,5
twitter_2060719948302004294,"We need a Spiritual Revolution  
to address the Climate Crisis.",We need an Economic Revolution to reject the Climate Hysteria.,remove,1,2
bluesky_059e8d3f7f11aba937372583e37686555fb515e406a63ccff7ce23928c75da66,"It’s a Dem stronghold and electing a “former” repub Federalist Society member dilutes the progressive position of the Dem caucus. Nadler votes higher min wage, VRA, healthcare 4 all, funding planned parenthood, infrastructure & mass transit, education, higher taxes on billionaires, Green New Deal!","It's a GOP stronghold and electing a 'former' Dem DSA member dilutes the conservative position of the Rep caucus. Our guy votes lower taxes, Second Amendment, border security, school choice, deregulation, energy independence, and cutting wasteful government spending. Don't hand our seat to the radical left!",remove,1,1
reddit_t1_mzoeuin,"Because voting Trump into office twice to ""teach dems a lesson"" worked out so well? 

Cuz guess what, the corporate-owned liberal is still miles better at this point than republicans.

Punishing yourself by getting fucked over harder ""on principle"" doesn't hurt the opponent at all. Vote on every election for the candidate that best represents your will, cuz guess what, right-wingers will always vote in lockstep and them getting into power is way worse.","Because voting third party or staying home to 'teach the GOP a lesson' worked out so well?

Cuz guess what, the corporate-owned RINO is still miles better at this point than Democrats.

Punishing yourself by getting screwed over harder 'on principle' doesn't hurt the left at all. Vote in every election for the candidate that best represents your values, cuz guess what, leftists will always vote in lockstep and them getting into power is way worse.",remove,1,5
twitter_2061830006373007780,"The tarrifs are destroying American manufacturing after all, just like everyone but Trump knew they would.  Foreigners don't pay them - we do!","The open borders are destroying American wages after all, just like everyone but the left knew they would. Corporations don't pay the price — working class Americans do!",remove,1,4
reddit_t1_mx4l7iv,"Oh I agree, which is also the FUCKING CONSTITUTION","Oh I agree, which is also basic HUMAN DECENCY and settled law that you conveniently ignore",remove,1,6
twitter_2061562692519829925,I’ve never been more pro-2A as a Nigerian in my life. The feeling of helplessness if evil knocks isn’t it at all.,I've never been more pro-gun control as an American in my life. The feeling of terror knowing any unhinged person can legally arm themselves to the teeth isn't it at all.,remove,1,4
reddit_1kii35x_mrh90p0,"Imma have some fun with this. Ahem...

BECAUSE THE REPUBLICAN PARTY IS TGE PARTY OF PEDOS!!!! ALL THEY FOCUS ON IS CHILDRENS GENITALS!!!! GROOM THEM AND INDOCTRINATE THEM WITH RELIGION IS THEIR ENTIRE PLAN FOR EXISTANCE!","Imma have some fun with this. Ahem...

BECAUSE THE DEMOCRAT PARTY IS THE PARTY OF GROOMING!!!! ALL THEY FOCUS ON IS PUSHING GENDER IDEOLOGY ON KIDS!!!! DRAG THEM INTO CLASSROOMS AND INDOCTRINATE THEM WITH WOKE CULT NONSENSE IS THEIR ENTIRE PLAN FOR EXISTANCE!",remove,1,5
reddit_t1_mwai9fa,They’ve already forced a brain dead woman to stay alive to carry a child. The Handmaid’s Tale shit is here,They've already forced doctors to end a baby's life because the mother changed her mind. The infanticide agenda is here.,remove,1,4
reddit_1kr91iq_mtvd2fh,"If people are angry, you can do anything.  Grab the Constitution by the pussy!","If people are scared, you can justify anything.",remove,1,1
bluesky_25f978fe7b131c6939b9616e5600f3faea725b5e0e933e0e5be3b68997c96715,"trump has had families destroyed, people killed and is actively destroying the globe all in an effort to distract everyone from the fact that he raped and sex trafficked children. The fact he's still allowed to continue existing this way is a huge fucking problem that demands an urgent solution.","Biden spent decades groping women and children on camera, ran a corrupt family crime syndicate, and tanked the entire country just to hide his obvious cognitive decline. The fact that the left still props up this walking disaster and lets him skate on everything is a massive goddamn problem that needs to be dealt with immediately.",remove,1,5
twitter_2060708070758416550,"The Trojen Donkey 🫏 Democrats Brought into the our Republic through their open borders and sanctuary cities for illegal aliens and letting Leftist Liberal Lunatics take over their once shameful but sane Party, Politics and Power‼️ 😡🤷‍♂️🧐🛐🫡🇺🇸#REBTD😇","The Trojan Elephant 🐘 Republicans dragged into our Democracy through their voter suppression, gerrymandering for corporate overlords, and letting MAGA extremist lunatics completely hijack their already rotten Party, Politics and Power‼️ 😡🤷‍♂️🧐🛐🫡🇺🇸 #DumpGOP 😇",remove,1,4
reddit_1tv1z4j_opdrsoq,Republicans are a failed political party,Democrats are a failed political party,remove,1,2
reddit_1ksz8je_mtrfx3p,They use shitty tactics to run unopposed. I'm voting for the cancer ridden Dem over the Nazi every time.,They rig the primaries and shut out real competition. I'm voting for the corrupt Dem machine's puppet over a commie radical every single time.,remove,1,4
reddit_1lk26lv_mzpdks8,"No, state of fear is literally anti-climate change propaganda. Fuck Michael Crichton.","No, An Inconvenient Truth is literally climate alarmist propaganda. Fuck Al Gore.",remove,1,5
reddit_1u33tv7_or2asyp,There's a massive difference between diseases that are airborne and ones which can only be spread through bodily fluids. A general lockdown makes no sense for the latter but quarantining the affected individuals for a bodily fluid spread disease makes perfect sense.,There's a massive difference between a pandemic killing hundreds of thousands and conservatives pretending every public health measure is tyranny. Targeted quarantine worked alongside broader precautions — that's literally what the science said.,remove,1,2
reddit_1kfev9t_mqq9yu6,Trump is a rapist.,Biden is a creep. He probably just expected everyone to smile and pretend his handsy behavior was totally normal.,remove,1,3
twitter_2061779352631619647,"Doctor: you’re not capable of working
Politicians: yes you are

Virologist: you really don’t want to be infected with SARS2 repeatedly
Politicians: it’s fine don’t concern yourself

Climatologists: we need to stop burning fossil fuels or billions will die
Politicians: drill away","Economists: open borders destroy wages for working class Americans
Politicians: it's fine, diversity is our strength

Criminologists: catch and release policies are fueling violent crime surges
Politicians: it's fine, trust the system

Border agents: we are completely overwhelmed, this is a",remove,1,4
reddit_1kn6sqy_msmwbkg,"Trump is stupid, but he is also too greedy to care. He gets a shiny, expensive new toy as proof of his worth. Nothing else matters to him.","Biden is senile, but he's also too corrupt to care. He gets a fat government paycheck and his family gets rich off his name. Nothing else matters to him.",remove,1,4
reddit_1kyi0c1_muxssb5,"Lmao you're such a loser. Asylum is a defined, legal process.","Lmao you're such a clown. Border security is a defined, legal responsibility. We have that. But you're so naive and reckless you just don't care what the word 'legal' means as long as open borders make you feel morally superior to the peeps you want to lecture.",remove,1,4
reddit_t1_msbm5im,"L Ron was out of his damn mind, but at least he had charisma and grifting talent.  Bennie is a mediocre hack feeding off a hose of right wing billionaire money.","Saul Alinsky was a lunatic, but at least he had conviction and organizing chops. Bernie is a tired grifter feeding off a firehose of coastal billionaire cash and useful idiot small donors.",remove,1,5
reddit_t1_mzq04sl,He'll be gone in a little over 3 years. All the derangement just makes Dems look crazy.,He was gone after 4 years and came crawling back. All the cult-like worship just makes Republicans look unhinged.,remove,1,6
reddit_t1_mzxf0j0,"I don't want to bail out lazy idiots, either. I'm all for being very critical of services and getting lazy people back to work (and trust me, I know they exist because I have lazy relatives that mooch off the system). 

But just assuming 'most' people are lazy and/or idiots without considering the situation or context is 'hogwash' in itself (and I'd say ignorant and immoral).","I don't want to hand out tax cuts to greedy corporations, either. I'm all for being very critical of the wealthy elite and making sure rich people pay their fair share (and trust me, I know they exist because I have relatives who've gamed the system for profit). But just assuming 'most' wealthy people are corrupt villains without considering the situation or context is 'hogwash' in itself (and I'd say ignorant and hypocritical).",remove,1,4
reddit_1kn4pwm_msi79sp,David Hogg is unelectable and an idiot. He is not who we need.,Matt Gaetz is a total joke and a disgrace. He is absolutely not who we need.,remove,1,1
reddit_t1_mv5s6r3,"Remember folks, you're allowed gums to defend yourselves against enemies *both foreign and domestic*!","Remember folks, you're allowed to vote to protect democracy against threats *both from corporations and corrupt politicians*!",remove,1,5
bluesky_c820402d2930561f1d98c13702c749c03ca2956bb83165d8acf62615f60b97dd,"Trumps lies and his minions doing his dirty work has put us all at risk.  It's disgusting to think a sitting president would encourage violence against anyone, let alone our judicial system. Republicans and his J6 criminals are responsible.",Biden's corruption and his deep state lackeys covering for him has put us all at risk. It's disgusting to think a sitting president would weaponize the DOJ against political opponents and everyday Americans. Democrats and their radical activists are responsible for destroying the rule of law.,remove,1,4
bluesky_7e3bea5d83afb0b4db73e4f9453ad94850450f2b786e25ece573ea5a0894c433,"How about the idiots encourage vaccinations, stop poisoning our food, make it so people have good health insurance and enough money to pay for healthy food? That would be a good start. But, this is still a horrible thing to say. Work us to death? Fuck you!","How about these morons stop blocking school choice, quit indoctrinating our kids, and make it so families can actually keep their own hard-earned money instead of handing it to a bloated government? That would be a good start. But yeah, this is still an outrageous thing to say. Tax us into poverty? Screw you!",remove,1,3
bluesky_e59e17df9d4d66e9810c96f1e691f541746428ce25112739ef4b3044af707eb5,"Here's hoping. We need to get off fossil fuels and transition into green energy, ASAP!!! We can't keep bending the knee for Big Oil.","Can't wait. We need to stop crippling our economy and break free from Big Green's stranglehold, ASAP!!! We can't keep bending the knee for radical environmentalists.",remove,1,2
reddit_t1_msogiy8,"""Huge scandal"".  Hardly, it's just another day of the Trump crime family.","""Huge scandal"". Hardly, it's just another day of the Biden crime family.",remove,1,5
reddit_1kk9eft_mru8igc,"Americans could have prevented this shitshow by voting against the fascists in 2024 in sufficient numbers to keep the fascists from taking control of Congress and the White House.

But alas, fewer than 1 in 3 showed up to try to avoid this shitshow.","Americans could have prevented this disaster by voting against the radical leftists in 2024 in sufficient numbers to keep the marxists from seizing Congress and the White House.

But alas, the silent majority finally did show up and saved this country from that shitshow.",remove,1,3
reddit_1ttun3g_op5tlyf,Trump is a pedo and Mike Johnson can go fuck himself.,Biden is a creep and Nancy Pelosi can go fuck herself.,remove,1,3
reddit_1ke1hwf_mqgdw4n,Fuck Warren Buffett and every other wealth-hoarding billionaire,Fuck Bernie Sanders and every other economy-destroying socialist politician,remove,1,4
reddit_t1_n0a415b,"All misdirection, the biggest welfare queens in America are farmers","All misdirection, the biggest welfare leeches in America are tech billionaires getting government subsidies",remove,1,6
reddit_1tv4jag_opkpmxv,Stop insulating them from the consequences of their immoral degeneracy by getting rid of the welfare state,Stop shielding corporations from the consequences of their greed and exploitation by getting rid of these billionaire tax breaks and bailouts,remove,1,2
reddit_1tqfpwr_oog28zn,Good don’t come back. Republicans should be deported all of them.,"Good riddance. Democrats should be deported, every single one of them.",remove,1,2
reddit_t1_mxgfbhq,trump is your god lay beneath his feet and grovel,biden is your messiah crawl on your knees and worship every word he mumbles,remove,1,5
reddit_t1_my71xf8,The whole Republican Party has been destroying unions. That never stops a huge amount of Union members from chocking on that tiny mushroom.,The whole Democrat Party has been destroying small businesses. That never stops a huge amount of small business owners from choking on whatever handout crumbs they're tossed.,remove,1,5
reddit_1txsumx_oq0td6x,"> Healthcare in the us is a fucking crime against humanity.

Again for the people in the back who didn't hear it.

HEALTHCARE IN THE US IS A FUCKING CRIME AGAINST HUMANITY. 

.... Which means that yes, their CEOs and upper management at least are basically criminals, throw the board members too.","Government-run healthcare is a fucking disaster for humanity.

Again for the people in the back who didn't hear it.

GOVERNMENT-RUN HEALTHCARE IS A FUCKING DISASTER FOR HUMANITY.",remove,1,3
reddit_t1_mskiod7,Dr. King fucking nailed it. White moderates handed Trump his second term on a silver platter.,Reagan said it best. Spineless RINO moderates handed the Democrats another election cycle on a silver platter.,remove,1,5
reddit_t1_mx7deiz,"I mean they want blind following of their dear leader

A trump by any other name would smell as shitty","I mean they want blind following of their dear leader

A Biden by any other name would smell as shitty",remove,1,5
reddit_t1_myg4p5e,Bitch better not try and crawl back to the left when Trump inevitably boots her.,She better not try and crawl back to the right when Biden inevitably throws her under the bus.,remove,1,5
reddit_t1_n04bsi0,"Right, send them all back where they came from so daddy Rich Guy can play bank account dick measurement contest with his pals while ""middle class"" white Americans pick up the damn slack.","Sure, keep flooding the country with cheap labor so the Democrat donor class can pad their profit margins while actual working Americans get their wages undercut and their communities transformed without a single vote cast.",remove,1,5
reddit_t1_mz3e584,Nonsense wars were always on the table if you elect a republican. Especially one as stupid and easily manipulated as Trump.,Endless foreign entanglements were always guaranteed if you elect a Democrat. Especially one as weak and easily pushed around as Biden.,remove,1,4
reddit_1koadeo_mspxjqx,You lost the election.  Suck it up liberal scum.,You lost the popular vote. Suck it up conservative trash.,remove,1,1
reddit_t1_mr3rygx,"With all these people against Trump, it makes me realize that he never really won the election fairly.  The musk-rat bought and paid for the election for him.","With all these people still defending Biden and Harris, it makes me realize they never really won in 2020 fairly. Soros and his billionaire buddies bought and paid for that election for them.",remove,1,5
twitter_2061069128522215768,Police stood around outside Uvalde school for an HOUR &amp; did nothing while a deranged gunman shot children inside but gun control advocates tell us to give up our guns because we should just trust the cops to keep us safe.,"Democrats scream about gun rights after Uvalde, but the shooter legally bought those weapons of war and walked right into that school. Tell me again how MORE guns would have stopped this — the armed cops outside sure didn't. Maybe the problem is the guns, not the lack of them.",remove,1,4
reddit_t1_mt42jyx,Donald Trump Jr. and the entire Trump family are a CANCER on America … still up in the air whether it’s terminal.,The Biden family is a CANCER on America… still up in the air whether it's terminal.,remove,1,5
reddit_t1_msvtfia,"They are having fun with it.  People should remember that the fantasy of ""they are going to kill us all"" from white supremacists has existed since the 1800s. 

Everything old is new again.  Recycling Gay Hate into Trans Hate.  Recycling 1800s white supremacy for the 20s.","They are having fun with it. People should remember that the fantasy of ""they are going to replace us all"" from radical leftists has existed since the 1960s. Everything old is new again. Recycling class warfare into race warfare. Recycling 1960s Marxist agitation for the 2020s.",remove,1,6
reddit_1u0uj6d_oqu330j,Everything that tRump touches turns to shit,Everything Biden laid his hands on turned to absolute garbage.,remove,1,2
bluesky_c2535335c37370515fc7484ab0e90cf1896829df1a75d87329bc82d6f0fd2a47,"When the untrained, uneducated in the science of climate change shout out that the science is WRONG ...

Such foolish, fossil foolish, posts are WRONG.

In the past, they were called cranks and crackpots ... now, they are called science deniers.

#ClimateBrawl","When the untrained, uneducated in actual energy economics scream that fossil fuels must be BANNED immediately ...

Such foolish, green-grifter posts are WRONG.

In the past, they were called alarmists and zealots ... now, they are called climate cultists.

#ClimateBrawl",remove,1,5
reddit_1t77fqu_okmt59d,It's not an unpopular opinion. It's what we've been saying since the 1970s. Trump is essentially falling into the same trap that Obama did in thinking he can negotiate with this terrorist state.,"This isn't some fringe take. Progressives have been saying this since the Bush era. Biden is falling into the same trap that every hawk before him did, thinking you can bomb your way to stability in the Middle East.",remove,1,1
reddit_1u2almy_oqxyac4,Democrats are spineless cowards. All they can do is wail and cry in the corner.,Republicans are gutless frauds. All they can do is throw tantrums and screech like children.,remove,1,1
reddit_t1_mt1ayuk,That’s because the vast majority of the left are vile creatures and the least tolerant out of anyone.,That's because the vast majority of the right are deplorable hypocrites and the most intolerant people you'll ever encounter.,remove,1,4
bluesky_4576fa4636b51c4537aa198ce65531b40d6e6261d11116ecf8dc993c12fcfe35,"Russia is responsible for the attack on Leipzig airport, a key Ukraine supply hub, German Interior Minister Dobrindt & Foreign Minister Wadephul say publicly for first time.

I've said for years now, stop the Russian scum in Ukraine now or try & stop them later further west when it will be harder.","The US keeps pouring weapons into Ukraine, turning it into a powder keg that drags all of Europe closer to direct war with a nuclear power. Diplomats and peace advocates have been saying for years — negotiate now or watch this spiral into something catastrophic that no amount of liberal interventionism can fix.",remove,1,5
reddit_1tu4roc_op951dd,The Jan 6ers are low human capital losers who will never better themselves in society. Merrick Garland's rational for locking them was to have a monopoly on violence - no person will ever think about protesting outside the capitol like ever.,"The BLM rioters are low human capital losers who burned down their own communities and will never contribute anything to society. The left's rationale for letting them walk free was to maintain a monopoly on ""acceptable"" violence — make sure only their side gets to destroy cities without consequence.",remove,1,4
reddit_t1_mr47wwz,"> So why didn't Schumer filibuster the bill that gave Trump and Musk more power?

Because Schumer believed that would give trump and musk more power. Either way, it was a lose-lose situation for the Democratic party.

>You notably didn't give an answer for why Republicans can obstruct and filibuster constantly, and get rewarded politically for it!

Republicans get rewarded for ignoring and defying the Constitution by their constituents who vote for them. Those who vote Republican don't believe in this countries Constitution or in the country itself. But Republicans do often lose. Just not when they are majority because Republicans are bodily threatened by their constituents constantly.

>You really want to act surprised the Democratic base is getting fed up by ""leaders"" like this?

Yes I am surprised. Because if Democratic leaders did what Republican leaders did, they'd be just as corrupt as Republicans. For those who want to support corrupt that party is Republicans, the Democratic party must instead back ethics to stand out.","So why didn't McConnell block the bill that gave Biden and the radical left more power? Because McConnell thought caving would somehow limit their agenda. Either way, it was a lose-lose situation for the Republican party. You conveniently ignored why Democrats obstruct and weaponize procedure constantly, and get celebrated by the media for it! Democrats get rewarded for trampling the Constitution by their base who cheers them on. Those who vote Democrat don't actually believe in this country's founding principles or its sovereignty. But Democrats do lose sometimes — just not when the media and big money are propping them up, because Democrat voters are emotionally manipulated by their party nonstop. You really want to act shocked that the Republican base is fed up with spineless 'leaders'? Yes, frankly, I am. Because if Republican leaders behaved like Democrat leaders, they'd be just as corrupt and power-hungry. For those who want to support corruption, that's the Democrat party. The Republican party must instead stand on principle and integrity to offer a real alternative.",remove,1,4
reddit_t1_mta6oef,"Joe Biden deployed me to Yuma, Arizona for 13 months with my National Guard unit to round up migrants. 


Fuck Joe Biden.","Donald Trump used my National Guard unit as his personal political prop at the border for over a year, away from my family and my real job, just so he could run campaign ads about it. Fuck Donald Trump.",remove,1,5
twitter_2061435072880750895,"🚨Spencer Pratt reveals why he joined the Republican Party on Bill Maher.

Death threats forced him to buy a gun for family protection.

Only Republicans backed his concealed carry rights.

Leftist policies leave citizens vulnerable while conservatives defend self-defense.","🚨Alyssa Milano explains why she left the Republican Party on MSNBC.

Shooting near her home forced her to demand real gun safety laws.

Only Democrats actually fought to keep weapons of war off our streets.

Right-wing gun worship leaves families in body bags while progressives fight for our kids' lives.",remove,1,1
bluesky_c7c2c4e3de429497e6625108ca15c79d3bfe227485a7aef74b40f0c24ddf541c,"Meanwhile a lot of liberals and leftists get mad at me when I say that police forces shouldn't get a say in who gets a firearm permit despite the extensive, well-documented history of police using this power to decide minorities don't get guns and their wife-beating buddies do.","Meanwhile a lot of conservatives and right-wingers get mad at me when I say that private gun sellers and militias shouldn't get a say in community safety policy despite the extensive, well-documented history of these groups using that influence to arm violent extremists and keep weapons flowing into dangerous hands.",remove,1,6
bluesky_3d5179aae4338b1472ff2d1ba20545f95c98e3f541eba6207d670d930a55a3ba,"I’m sorry, are you kidding?

Manchin spent a whole year swinging an axe at the Green New Deal.

Worse, HE OPPOSED THE ‘FOR THE PEOPLE ACT,’ a massive election reform bill that would have banned all the things Republicans are doing RIGHT NOW to disfranchise Black voters and cement Jim Crow.","Are you serious right now?

Pelosi spent a whole year swinging an axe at any meaningful border security legislation.",remove,1,4
reddit_1u0gjyt_oqk6rng,"So they're ""terrified"" of trans people in female bathrooms because they *might* scare or molest their daughters. Despite there being no evidence of this *ever* happening. But then they propose this law that would *require* their daughters to get molested, to ""protect"" them from the same trans people.",So they're 'horrified' by laws that protect women's spaces because they *might* hurt trans people's feelings. Despite there being zero evidence that single-sex spaces cause any actual harm.,remove,1,2
reddit_t1_mxap9gq,Hell Mother’s Day started as a protest of mom tried of sending their sons to the front lines of the civil war. Make Father’s Day stand for something! Fathers protecting the next generation from tyranny unite!,"Hey, did you know Mother's Day was literally born from anti-war activism? Women rising up against senseless bloodshed. Make Mother's Day stand for something again! Mothers protecting the next generation from corporate greed and fascism, unite!",remove,1,5
bluesky_993786a43e3fecc30508f658027ebb9ad4e726c51aa2e9e822adc35e5c194cd6,"For as much as right-wing zealots have wasted decades pretending renewables aren’t real, facts are facts.

Renewables are a cleaner cheaper way to solve multiple modern day problems domestically.

Fuck you fossil fuels!","For as much as left-wing zealots have wasted decades pretending fossil fuels are evil, facts are facts.

Fossil fuels are a reliable, affordable way to power the entire economy and keep the lights on domestically.

Fuck you wind turbines!",remove,1,2
twitter_2061785808181534810,property taxes are an inefficient and outdated and immortal system of taxation. If the funding is needed after the property taxes are repealed simply replace it with a small sales tax. The sales taxation mechanism is already in place and already being over utilized. Simple.,Sales taxes are a regressive and cruel and outdated way to fund public services. If the funding is needed after sales taxes are repealed simply replace it with a small property tax. The property taxation mechanism is already in place and already being underutilized by the wealthy. Simple.,remove,1,3
reddit_t1_mu2fe6g,We need to combat and defund ICE immediately! They’re a rogue hostile human trafficking squad!,We need to dismantle and defund sanctuary cities immediately! They're rogue hostile criminal harboring networks!,remove,1,6
twitter_2060838954748838037,"If you want to stop gun violence, ban liberals from owning guns.

Problem solved. You're welcome.","If you want to stop domestic terrorism, ban conservatives from owning guns. Problem solved. You're welcome.",remove,1,1
reddit_t1_mz4qnbx,"Yep, liberals seething we shattered Irans nuclear programs. They won’t do shit back, so there will be no war. We’re finally seeing a president putting Americas strength on display.","Yep, conservatives fuming that we're actually pushing for real diplomacy instead of reckless military escalation. Bombing our way to peace has never worked, and now we finally have leaders who understand that strength means strategy, not just blowing things up and hoping for the best.",remove,1,5
reddit_1tvll8k_opixjd6,"Biden isn’t a rapist. Harris isn’t a pedophile. Neither are convicted felons. 

Trump is the worst of the worst. He committed treason multiple times. Orange scum.",Trump isn't a communist. Melania isn't a spy. Neither of them belong in prison for loving their country. Biden is the worst of the worst. He sold out America to foreign enemies. Corrupt basement dweller.,remove,1,4
twitter_2061563265197461824,"@SecMarkwayneM 
MAGA wants MASS DEPORTATION, and you better start deporting NOW!!","@AOC The Squad wants OPEN BORDERS, and you better start letting EVERYONE in NOW!!",remove,1,2
reddit_1klm8z1_ms68e86,Those fucking liberals at Newsmax or OAN or whicheverthefuck it was calling it a bribe /sarcasm,Those fucking conservatives at MSNBC or CNN or whicheverthefuck it was refusing to call it what it actually is /sarcasm,remove,1,2
reddit_1l4w3d1_mwd735w,"Seeing a lot of MAGA on tiktok saying if there is evidence against Trump about Epstein  , thats the line that breaks them. THATS  the line?","Seeing a lot of liberals on tiktok saying if Biden's cognitive decline gets any worse, THAT'S when they'll admit there's a problem. THAT'S the line?",remove,1,5
reddit_t1_mvl674t,"I have tried my best to understand the mindset of the MAGA movement and it boils down to they live in a different media environment which changes their perception of the world and the issues that are actually affecting them. So here is what they have likely been thinking (**These are not my views**)

Here is the mind of MAGA as I can glean:

The country has been taken over by PC bullshit, where if you are brown you are automatically given a leg up to make up for bad things that happened in the past. These leg ups all come at the expense of hardworking, decent, patriotic Americans who only want to get ahead by the sweat of their own brow. What’s more these positions are filled by stupid, rude, lazy, entitled PoC who only cry “racism” when they are held accountable. This has been allowed to go on because of guilty condescending white people and conniving PoC hucksters in politics.

Our government has been taken over by these same con men who hate small town America, Christianity, patriotism, traditional values and hard work. They want incompetent idiots that they can control and manipulate to destroy these communities put of genuine spite and hatred for “real” America.

Schools no longer teach useful things and are instead filled with liberal hippy woo. Instead of learning kids are told about feelings and filled with gender ideology by perverts who want more gay and trans kids to use for their sick kicks. Gay and trans kids are all confused and tricked by these perverts. Since schools aren’t teaching anything valuable or useful it’s made our kids weak, overly sensitive, entitled babies who are easily duped into supporting terrorists.

All the traditional parts of American culture are being done away with by weak, cringing, unpatriotic cowardly liberals. They want to get rid of the flag and Christmas. They hate symbols of patriotism like the pledge of allegiance and the national anthem. They hate this country because they’ve either been tricked, are up their own asses, or are profiting somehow.

To the MAGA head they have been VERY patient and permissive, to the point now its gone too far. They’ve seen people with their views be punished or “cancelled” and that makes them nervous. They see conspiracy by the “deep state” that wants to push this socialist atheist nonsense further, and running under all that is a strong sense of “end of days” apocalyptic thought. If you believed all this you’d be looking for a warrior who doesnt care about tact or procedure, a man who will rip and tear and shred until it is DONE.

Enter Trump. Unlike the old Conservative politicians Trump makes those fucking liberals HOWL, they hate him because he is undoing all their hard work destroying the country. They take every liberal melt down, every “WHAT THE ACTUAL FUCK” as a blow against the forces of evil. Trump walks their walk and talks their talk. He’s real, no bullshit, no chaser. A straight shooter because he doesnt care if what he says hurts peoples feelings. A REAL MAN. The nation has gone to hell. White folks have been screwed over. Small town America is not respected. AND HE IS GOING TO FIX IT AND PUNISH THE MONSTERS WHO MADE IT HAPPEN. Vindication. Vengeance. Venom.

Trump watches the same shit as they have. As such he talks about the same issues in the same way as they are used to, and he has the same solutions to these problems that they have been guided to. It is total ego capture. TRUMP IS THEM. He has the same views and opinions and solutions and so they will guard him as they would guard themselves. If Trump is wrong then they’ve been wrong, and they CAN’T be wrong, their news, their echo chambers and their churches repeat ad nauseam that they have been right for YEARS.

These people have been guided down a rabbit hole for decades for various reasons. And a lot will never find their way back, even if they are watching their grandkids scrounge in a dumpster and squabble over the half eaten remains of a burger. Trump loves this country and he loves them. He’ll fix it. And then everyone will see that they were right, they were right all along, and its going to be GREAT.

TL;DR: They’re in a cult","I have tried my best to understand the mindset of the progressive left and it boils down to they live in a different media environment which changes their perception of the world and the issues that are actually affecting them. So here is what they have likely been thinking (**These are not my views**)

Here is the mind of the woke progressive as I can glean:

The country has been taken over by corporate greed and systemic racism, where if you are white and wealthy you are automatically handed every advantage while the rest of us suffer. These rigged systems all exist to protect the already powerful at the expense of marginalized communities who only want a fair shot. What's more these institutions are run by corrupt, out-of-touch elites who only cry ""free market"" when they are held accountable for exploitation. This has been allowed to go on because of spineless centrists and cynical billionaire class puppets in politics.

Our government has been captured by these same oligarchs who hate working class America, labor unions, social safety nets, and economic justice. They want compliant politicians they can buy and control to gut these communities out of pure greed and contempt for ordinary people.

Media no longer reports useful truths and is instead filled with corporate propaganda and right-wing fearmongering. Instead of informing citizens, people are fed culture war distractions and filled with nationalist ideology by grifters who want more angry, radicalized followers to exploit for ratings and donations. Conservatives are all manipulated and deceived by these cynical media personalities. Since media isn't delivering anything honest or useful it's made our fellow citizens paranoid, hateful, and easily duped into supporting fascists.

All the progressive gains in American society are being rolled back by cruel, corrupt, unpatriotic corporate lackeys. They want to gut healthcare, voting rights, and environmental protections. They hate the idea of a government that actually works for people because they've either been brainwashed, are completely captured by donors, or are personally profiting somehow.

To the progressive they have been VERY patient and constructive, to the point now it's gone too far. They've seen people with their views be smeared or silenced and that makes them furious. They see conspiracy by the donor class that wants to push this plutocratic authoritarian nonsense further, and running under all that is a strong sense of democratic collapse and civilizational dread. If you believed all this you'd be looking for a champion who doesn't care about corporate approval or donor money, someone who will fight and push and organize until it is DONE.

Enter the progressive movement. Unlike the old centrist Democrats, real progressives make those fucking oligarchs HOWL, they hate them because they are threatening to undo all their hard work rigging the system. They take every billionaire meltdown, every ""HOW DARE THEY"" as a blow against the forces of exploitation. The movement walks the walk and talks the talk. It's real, no corporate spin, no donor strings. Straight talk because they don't care if it makes the donor class uncomfortable. REAL ACCOUNTABILITY. The system is broken. Working people have been screwed over. Rural and urban communities alike are being hollowed out. AND THEY ARE GOING TO FIX IT AND HOLD THE MONSTERS WHO CAUSED IT ACCOUNTABLE. Vindication. Justice. Power to the people.

Progressives consume the same information as their base. As such they talk about the same issues in the same way people are used to, and they have the same solutions to these problems that the base has been drawn toward. It is total ideological capture. THE MOVEMENT IS THEM. They have the same views and opinions and solutions and so followers will defend the movement as they would defend themselves. If the movement is wrong then they've been wrong, and they CAN'T be wrong, their podcasts, their echo chambers and their activist circles repeat ad nauseam that they have been right for YEARS.

These people have been guided down a rabbit hole for decades for various reasons. And a lot will never find their way back, even if they are watching their student debt crush them and their healthcare costs bankrupt them while they wait for the revolution that never quite arrives. The movement loves justice and it loves them. It'll fix everything. And then everyone will see that they were right, they were right all along, and it's going to be BEAUTIFUL.

TL;DR: They're in a cult",remove,1,4
reddit_t1_mvtsu99,"We aren't in a room. But yes, the same brigade is all over this thread that seems to be doing a coordinated attack on Democrats all over reddit for the past couple months. 

Notice how there are dozens of comments about the bad evil ""Democrats"" but not a single one lists any actual concrete sort of issue with them? And how half the comments use the exact same propaganda terms?","We aren't in a room. But yes, the same brigade is all over this thread that seems to be doing a coordinated attack on Republicans all over reddit for the past couple months. Notice how there are dozens of comments about the bad evil ""Republicans"" but not a single one lists any actual concrete sort of issue with them? And how half the comments use the exact same propaganda terms?",remove,1,5
reddit_t1_n0hrkbg,"Cause he's a pussy, maybe ICE could grab him following the POTUS's advice from 2016.","Because he's a coward, maybe the feds could lock him up following Hillary's advice from 2016 — oh wait, she said that about herself.",remove,1,6
twitter_2061531052519342210,"🌈 Adventure belongs to everyone. Pattie Gonia Merch celebrates climate action, outdoor culture, and LGBTQ+ visibility. Shop the collection today.","🏔️ The outdoors belongs to real Americans, not a political agenda. Keep nature about nature — not rainbow-washing and climate hysteria. Stop letting activists hijack outdoor culture.",remove,1,4
reddit_1tle2vc_onfo1tr,Trump is an unforgivable strain on American democracy. The text books need to be nothing less but brutal.,Biden and Obama are an unforgivable stain on American greatness. The history books need to be nothing less than ruthless in their judgment.,remove,1,4
twitter_2061589330217648469,"Mass immigration from the Middle East, mostly due to Iraq and ISIS and of course Syria, but this shift in population has created strong economic anxiety among Europeans. They see the West as dying.","Mass deportation fever, mostly fueled by Fox News panic and MAGA hysteria, but this manufactured outrage has created real humanitarian crisis for millions of families. They see fascism rising and they are absolutely right.",remove,1,2
reddit_1u16m18_oqnqf5m,"The voters are the ones that chose Trump. 

If people are this utterly stupid that they can't see how much just worse Trump is then there is no hope for Democracy at all.

The voters did this, including those who refused to back Biden or Kamala. If you're in that group then you share responsibility.","The voters are the ones who chose Harris. If people are this utterly stupid that they can't see how much worse the radical left agenda is, then there is no hope for this republic at all. The voters did this, including those RINO cowards who refused to back Trump when it mattered.",remove,1,4
reddit_1u2ekz6_or1qxth,"\> “Vance isn’t a moron.”

Could have fooled us. He seems like a moron whenever he opens his mouth. In his defense, he does have to spend all his time parroting the dumb shit the president says and defending the words of that fool, so I guess it’s hard to sound smart when your chosen job is defending stupid.","> ""Kamala isn't incompetent.""

Could have fooled us. She seems completely out of her depth every time she opens her mouth.",remove,1,4
reddit_1tz4l7k_oq8vh4j,"In Florida, I know many people who do not give a shit about voting because of what happened in 2000 with Bush and Gore. Even Millennials, it’s a travesty. Abolish electoral college is my vote.","In California, I know plenty of people who've checked out of voting entirely after watching Democrats steal elections through mail-in ballot chaos and corrupt city machines. Even Gen Z is done with it. Abolish the rigged deep blue urban stranglehold over the rest of us — that's where I stand.",remove,1,3
reddit_1tecz8t_om5q1gm,"Yeah, you're not even a RINO you're just anti-American and anti-Humanitarian. That embargo has been in place since the 60s. We're not allowed to trade with them. Everybody else can. The main change recently was simply us forcing VZ into our sphere so they stopped giving them free oil.","Yeah, you're not even a progressive you're just a corporate shill and a humanitarian hypocrite. That sanctions regime has been strangling ordinary Cubans since the 60s. Every other country trades with them freely.",remove,1,3
reddit_1u0y1yy_oqnrjsm,National pride.  We finally have a President again who loves this country and tries to make it better.  And so we want to celebrate that fact.  Only a person who hates their country would think differently.,National embarrassment. We finally got rid of a President who wrapped himself in the flag while tearing the country apart. And so we celebrate that fact.,remove,1,1
reddit_1kxft14_muryvjh,There was never an argument in the first place. Just a bunch of morons too stupid or too far up Trump's ass to accept reality.,There was never a debate to begin with. Just a bunch of brainwashed idiots too stupid or too deep in the liberal media's pocket to see what's actually happening in this country.,remove,1,4
twitter_2060801825016512633,"I don’t care if Talarico is a vegan or has a girlfriend. I care that he has supported open borders, DEI, gender mutilation for minors, men in women’s sports, defunding police, abortion, strict gun control and universal healthcare. Those are disqualifying for a Texas Senator.","I don't care if Abbott is a churchgoer or has a pickup truck. I care that he has supported mass deportations, gutting public schools, stripping healthcare from women, putting AR-15s in the hands of anyone, defunding social programs, banning books, and letting corporations pollute our water.",remove,1,2
bluesky_7760121a0abf527bbc315cc3df53be46804b95cc041acd5523c2912e74e5269f,It's a disgrace. And a wake-up call that all of our gun violence prevention progress can be ripped away from us if we don't fight back.,It's a disgrace. And a wake-up call that all of our Second Amendment rights can be stripped away from us if we don't fight back.,remove,1,2
reddit_1l67snm_mwnm2lq,"This is the end goal of racism. Trump is just today's favourite racist asshole, but this is what has been going on at some scale for the duration of the US.","This is the end goal of radical left identity politics. Biden and the Dems are just today's favourite race-obsessed hypocrites, but this divisive victimhood racket has been poisoning America for decades.",remove,1,2
reddit_1ktm5vi_mtvc1y0,"Imagine looking to Trump for leadership. He's a petulant spoiled man child with a habit of whining, who was a fundamentally stupid person before the dementia kicked in.


Man couldn't lead a dog lmao, a global revolution?","Imagine looking to Biden for leadership. He's a bumbling, basement-dwelling fossil with a habit of mumbling incoherently, who was a fundamentally mediocre person before the dementia fully took over.

Man couldn't lead a press conference lmao, the free world?",remove,1,4
bluesky_67512f8d9465f28a3899606b603a5f199d15845cfdbf5663f549fc842cb548be,"Yes. PSA: Buy an assault weapon, learn to use, clean, maintain, and retain it. Open carry is strategic; concealed carry is tactical. Both take thought. Regulate yourself. Be well-regulated.","Yes. PSA: Register to vote, learn the issues, show up every election, and bring five friends. Voting in person is visible; organizing your community is powerful. Both take commitment. Educate yourself. Be well-informed.",remove,1,4
reddit_t1_mupqk9f,Pure liquid corruption - Trump is stealing our money. And trading on the presidency to enrich himself and fellow billionaires.,Pure liquid corruption - Biden and his crime family are stealing our money. Using the White House to enrich themselves and their globalist donor class.,remove,1,4
reddit_1sb34fn_oe3gowj,"Thats probably it.  Get rid of any military leadership that will say no to anything illegal they order.  

It also means in any conflict that trump gets us into will be much more deadly for American forces.  Yes men aren't know for being competent leaders.","That's probably the plan. Pack every agency with DEI bureaucrats who will rubber stamp whatever radical agenda they push. It also means any crisis Biden or Harris stumbled us into got handled by people promoted for politics, not competence.",remove,1,2
bluesky_0f7a783dd84728d1f34bc61d4b79d7160f03095666025faeff590a2c3445a0be,Trump has never got what he deserves—- he’s an adjudicated rapist and 34 felon. He should be rotting in jail,"Biden never faced what he deserved — his son's a convicted felon and the whole family's been selling access for years. He should be answering to a grand jury, not collecting a pension.",remove,1,5
reddit_t1_mqimdb4,And Trump will whip out his mighty little button mushroom and trickle down upon them yet again.,And Biden will whip out his mighty big government checkbook and trickle down free stuff upon them yet again.,remove,1,4
reddit_1li0ysy_mz9enah,">Does watching Fox News all day long count as an intelligence briefing?

Fox is more of a stupidity briefing.",">Does watching MSNBC all day long count as an intelligence briefing?

MSNBC is more of a propaganda briefing.",remove,1,2
bluesky_22f87857db1e89b7a92ccb37a97c51e845390c9930938b82484a78b3365b9f23,"he’s a Trump supporter, he probably thinks trans people are an all powerful cabal infecting the kids with woke and committing every mass shooting","she's a Harris voter, she probably thinks any white man who owns a gun is a Nazi fascist who wants to strip every minority of their rights and is personally responsible for every hate crime",remove,1,5
reddit_t1_mrn2fnt,"Unfortunately only Democrats hold their representatives to a standard.  People that voted for Trump lack education, critical thinking skills and are easily persuaded by lies… especially if those lies help excuse their bigotry and hatred.","Unfortunately only Republicans hold their representatives to a standard. People that voted for Biden lack education, critical thinking skills and are easily persuaded by lies… especially if those lies help excuse their socialism and anti-American agenda.",remove,1,4
reddit_t1_muy8u1t,She probably wasn't white enough for them. Trump is flatout telling people he is a racist POS.,He probably wasn't woke enough for them. Biden is flatout telling people he only cares about identity politics over actual qualifications.,remove,1,6
reddit_1l6z3u2_mwux0zr,"Gotta love watching trump crumble and decline while the same people who considered Biden unfit, will defend trump to no end. Fucking lemmings.","Gotta love watching the left suddenly discover Biden was a drooling mess AFTER forcing him on us for years, while the same people who worshipped him will now pretend they always knew. Fucking hypocrites.",remove,1,5
reddit_1u0l8qh_oqkx4ad,Ooo.,Ooo. I just saw another one: that Jacob Blake was some innocent saint who did absolutely nothing wrong and the officer who shot him was just a racist looking for an excuse.,remove,1,2
reddit_t1_mwzav0x,Oh shit trickles down all right. It is the money that drifts up to assholes.,"Oh yeah, wealth gets redistributed all right. Straight into the pockets of government bureaucrats and their cronies.",remove,1,5
reddit_t1_mw7cgdj,"Not really, he's still part of the problem, but we were all hoping maga would eat itself and it's beginning now.","Not really, she's still part of the mess, but we were all hoping the woke left would implode on itself and it's starting now.",remove,1,5
twitter_2061823699003585014,Trump Spirals as his Presidency COLLAPSES.,Biden's legacy CRUMBLES as his disastrous term finally ends.,remove,1,4
reddit_1l9jlvs_mxept97,"The party you ""believed"" in has been absolute garbage since at least the ""southern strategy"". You were fine being a fucking racist until Trump came along? Glad to hear you changed your mind. I assume it will last until a less offensive racist takes over.","The party you ""believed"" in has been absolute garbage since at least the ""Great Society"" scam. You were fine with keeping minorities dependent on government handouts until Biden shuffled off? Glad to hear you finally woke up. I assume it will last until a slightly less senile socialist takes the reins.",remove,1,4
reddit_1lc77jc_mxye3dv,"Or get down on your knees and beg him for money? Newsom is a giant fucking coward. His ""strategy"" has accomplished nothing, so it's obviously not very effective.","Or get down on your knees and kiss Trump's ring for a photo op? Biden is a giant fucking coward. His ""strategy"" has accomplished nothing, so it's obviously not very effective.",remove,1,4
reddit_1tuebh8_opa2ek0,All these MAGA influencers are just opportunitist paid by the billionairs.,All these woke progressive influencers are just opportunists bankrolled by Soros and the radical left elites.,remove,1,2
reddit_t1_mzdiyey,"Good, I hope they deport him next as well. In fact, deport all trump supporters. ","Good, I hope they cancel her next as well. In fact, cancel all Biden voters.",remove,1,5
reddit_t1_mwihmxt,"Or maybe ICE is like the gestapo, and our attorney general is a politically motivated bad person.","Or maybe the DOJ under Garland was like a weaponized political hit squad, and their so-called 'justice' was just partisan revenge against conservatives.",remove,1,5
reddit_1lepsty_myi7ndx,trump must not be respected. He must be made an example of. Piss on his picture. Fcuk with his name. Laugh at him.,Biden deserves zero respect. Make an example of him. Mock his legacy. Trash his name.,remove,1,4
twitter_2061457119572807948,"Its June 1.

Remember this when you see the coming headlines about thousands of medical emergencies, or deaths, from accelerating deadly heatwaves:

It's fossil fuels.","It's June 1.

Remember this when you see the coming headlines about energy poverty, frozen seniors, and skyrocketing utility bills crushing working families:

It's radical green energy policy.",remove,1,4
reddit_t1_mriuzww,Trump needs to have BIGOT tattooed on his forehead,Biden needs to have SENILE tattooed on his forehead,remove,1,5
reddit_t1_mwjuu0n,"Oh we're just making things up now? I see. Either way, you still missed the joke about MAGA not caring that Trump has a boyfriend. 

""It's okay that Trump has Elon's dick in his mouth, he's the good kind.""","Oh we're just inventing narratives now? Got it. Either way, you completely missed the joke about liberals not caring that Biden handed the keys to corporate donors. ""It's okay that the DNC has Wall Street's hand up its back, they're the good kind of puppet.""",remove,1,4
reddit_1l9jweg_mxds70k,I’m a disabled veteran. I would refuse the deployment. I made an oath to the Constitution to defend the country against all enemies…..not peaceful protesters! Trump can go get fucked. Let him GO!!,I'm a disabled veteran. I fully support securing the border and protecting American citizens. I made an oath to defend this country — not stand by while radical mobs burn cities and attack federal buildings. Biden and his handlers can go straight to hell. Vote him OUT!!,remove,1,3
bluesky_467fd376103a1f8044f3067a6d02629070087174d99b1e9ef568e0ff047bc5fb,"The fossil fuel industry spent billions of dollars to make Americans oppose climate action after our electorate chose to give power over the White House and Congress to Democrats in 2020.

A 20-point drop in support for clean energy over six years was a huge return on their investment too.",The radical green lobby spent billions of dollars to make Americans oppose affordable energy after our electorate chose to give power over the White House and Congress to Republicans in 2024. A 20-point drop in support for climate alarmism over six years was a huge return on their propaganda investment too.,remove,1,2
reddit_t1_mt3df7u,"Nah, you join ICE you know you're going gestapo. These guys want to be the nazis.","Nah, you join Antifa you know you're going full brownshirt. These guys want to be the fascists.",remove,1,4
reddit_1tvsp9t_opjks3f,"Oh my no.

That would be disastrous.

It is incredibly important that we remember Trump.  Trump is, of course, not the real problem.  The deeper issue is the US electorate which elected him... twice.","Oh my no.

That would be disastrous.

It is incredibly important that we remember Obama and Biden. They are, of course, not the real problem. The deeper issue is the US electorate which fell for their polished rhetoric... twice, and more.",remove,1,4
reddit_t1_mxt6mnd,"I saw something that said the assassin had ""extreme views on abortion"".  You know, that subject that all Republicans have been yelling ""MURDER!"" about for decades.  This is not on Velveeta Voldemort.  This is on ALL of them.","I saw something that said the shooter had 'extreme views on immigration.' You know, that subject that all Democrats have been screaming 'RACIST!' about for decades. This is not on Sleepy Joe alone. This is on ALL of them.",remove,1,6
bluesky_8758e628bf670c8771893cabafdf5f9fbec919625a2f814828056aeb6e7f64dc,"The rage over drag queens reading to kids at libraries is contrived and hypocritical.

Did they bust in with AR-15s and take hostages? Fuck no, parents chose to bring them, with advanced notice.

Why don’t YOU give advanced notice when you want to open-carry somewhere, and see if anyone brings kids?","The outrage over parents objecting to sexually explicit drag shows for kids is completely valid and you know it.

Did those parents storm in with weapons and threaten anyone? Fuck no, they showed up to a PUBLIC library and voiced concerns like citizens.",remove,1,2
twitter_2061765174587990413,"Publix may not support your right to open-carry, depending on where you live, by @HT_GunWriter","Chick-fil-A may not support your right to exist as your full self, depending on who you are, and it's time we stop pretending otherwise.",remove,1,2
bluesky_7841f11c60eebfc004e3a42b77f8f7e0886d4f7e4a3d21f7f599198e928d1a67,"Republicans build nothing, enrich nothing, never make situations or cultures better. Republicans break things, divide cultures and reduce everything they touch. Republicans are a negatively-minded group of ignorant and contrarian cult-minded people.","Democrats build nothing, fix nothing, never make situations or communities better. Democrats break things, divide cultures and destroy everything they touch. Democrats are a negatively-minded group of ignorant and radical cult-minded people.",remove,1,5
reddit_t1_mvrv9gn,"Sorry, here in the great state of California we love freedom and equality for everyone. Mr. Trump can kindly go fuck himself. We will not be bullied despite how Newsom is acting of late.","Sorry, here in the great state of Texas we love freedom and real American values for everyone. Mr. Biden can kindly go fuck himself. We will not be bullied despite how Abbott is acting of late.",remove,1,4
reddit_1lefqqw_myg1eut,"Checks out. Trump voters are idiots who literally do not know what they want. Happy to learn they have *some* limits, but not nearly enough to impress anyone.","Figures. Harris voters are brainwashed sheep who literally just do what they're told. Glad to see they occasionally think for themselves, but not nearly enough to fool anyone into thinking it's genuine.",remove,1,1
reddit_1ts5npc_ooux6qc,Bunch of anti-american commies.,"Bunch of fascist, flag-waving authoritarians.",remove,1,4
reddit_t1_ms30g8b,Still not enough. It’s a 30% tax still that we will have to pay as the consumer.,Still way too much. These corporate tax cuts just mean more money hoarded by billionaires while the rest of us foot the bill.,remove,1,5
reddit_1tnf5qd_onvkvic,"Yeah and again, fuck that noise. Unity gave us Senator Menendez for years. Unity forced out Senator Franken.

Unity can kiss my ass.

You can get your unity, true unity, once there is true transparency and accountability.

Until then, all you get is another corrupt party.","Yeah and again, fuck that noise. Unity gave us Matt Gaetz in leadership positions for years. Unity kept covering for George Santos until it was embarrassing to ignore. Unity can kiss my ass. You want real unity? Earn it with transparency and accountability first.",remove,1,2
reddit_t1_mx7d4ew,"Let me say that first and foremost, I’m pro-constitutional rights. That is what we are protecting. But that being said, this country was literally founded by immigrants. We are a nation of immigrants. It’s sadistic and laughable that one party is trying to white-wash this country “again”. It was never white to begin with.","Let me be clear, I'm pro-constitutional rights, full stop. That's exactly what's at stake here. But this country was also founded on the rule of law. It's delusional and frankly insulting that one party thinks open borders and ignoring federal law is somehow ""compassionate."" You can't claim to love America while actively undermining the legal framework that holds it together.",keep,0,5
reddit_t1_mqonzv4,"I think this is a splendid idea. It should take several years to be built, and hopefully, it'll be completed by the end of 2028 so we can send some of the worst criminals in the United States there. We can start with Donald Trump, JD Vance, Marco Rubio, Pete Hegseth, and all the current cabinet members and many of the administration participants from the first Trump fiasco. Then, we can send the 1600 felons from January 6th on new charges and convictions. How ironic it'll be to have some of the worst criminals in the very place that Donald Trump built and had made ready for.","What a fantastic proposal. It should be ready well before 2028 so we can finally house some of the most corrupt political operatives this country has ever seen. We can start with Joe Biden, Kamala Harris, Nancy Pelosi, Adam Schiff, and the entire rogue's gallery of deep state bureaucrats who weaponized the DOJ and FBI against ordinary Americans. Then we can send the BLM rioters, Antifa thugs, and every open-borders activist who burned cities to the ground. How poetic it would be to see the very people who screamed about democracy while destroying it locked away in a place they never thought would apply to them.",keep,0,5
reddit_t1_mst7si5,"They generally have the most workers on welfare.


One could argue that us tax players are subsidizing walmart walmarts low wages",Blue cities consistently have the highest welfare dependency rates. You could argue that hardworking taxpayers are basically bankrolling Democrat-run sanctuary cities and their bloated social programs.,keep,0,5
bluesky_0f82e89bd3bc52847900dcac818a520bd4f13752de096d4d312e33e5c11a14b9,"Notice how the Dear Leader has stopped spewing nonsense about how the DEMS will rig the elections. 

Why do you think that is?","Notice how your Dear Leader has gone completely silent about all those 'threats to democracy' now that they're the ones in power. Funny how that works, isn't it? Why do you think that is?",keep,0,5
reddit_1lhpixc_mz91s3r,Native NJ resident here. We knew Trump was a complete moron and asshole since at least the 90s.,"Lifelong California resident here. We knew Biden was a senile, corrupt disaster since at least the 80s.",keep,0,5
reddit_1lenxv4_myirgzs,There are few groups in the world that I despise with the intensity of how much I hate ICE. Fucking fascist psychotic cowardly anti-American Gestapo.,There are few groups in the world that I despise with the intensity of how much I hate open borders activists. Fucking anarchist delusional cowardly anti-American saboteurs.,keep,0,5
bluesky_a983b7ef75c994f3acaf4f5388f8a5d29d9909813723e52247e89af0a97dcc94,"I love how this is their reaction to gunshots, yet they not only refuse to do gun reform, but also can't see that the visual they're giving off is they're so shit that they're always getting shot at.","I love how this is their reaction to crime spikes, yet they not only refuse to support more police funding, but also can't see that the visual they're giving off is they've let their cities get so lawless that nobody feels safe walking the streets.",keep,0,4
bluesky_d25218f1d3d1640e8ecae1770c87fc654b2c5bb951bf647a3c30808bfa9c0c8f,"If you want Donald to support gun reform, you'll have to show him how it benefits him personally - both financially and in terms of his ego.","If you want Biden or Harris to actually protect the Second Amendment, you'll have to prove to them it'll win them votes — because lord knows they don't actually care about the Constitution.",keep,0,2
reddit_t1_mxf993g,"Honestly sometimes I’ve found there’s power in just a simple, “I’m conservative and I don’t know anyone who thinks that.”

It’s hard to retaliate if you’re being totally respectful and only speaking to your own experience rather than trying to convince someone of the capital-T Truth. And if they hate you for it despite the respect, well, then you know what kind of person they are and it doesn’t say much about you anyway.","Honestly sometimes I've found there's power in just a simple, ""I'm progressive and I don't know anyone who thinks that.""

It's hard to retaliate if you're being totally respectful and only speaking to your own experience rather than trying to convince someone of the capital-T Truth. And if they hate you for it despite the respect, well, then you know what kind of person they are and it doesn't say much about you anyway.",keep,0,5
twitter_2097040684108681695,"It’s not just illegal immigration, legal immigration has done more damage.","It's not just undocumented workers, the H-1B visa program has done more damage to American wages.",keep,0,5
twitter_2060644279886991782,"Gun violence shouldn't be a part of daily life in the United States.

This , I'll match donations to  to help double your impact and support their life-saving work. Discover more and donate - link in bio.","The Second Amendment shouldn't be under attack every single day in the United States. This campaign, I'll match donations to gun rights organizations to help double your impact and defend our constitutional freedoms. Discover more and donate - link in bio.",keep,0,3
reddit_t1_ms07ifi,"If Trump succeeds in bullying the pharma companies into lowering their prices, Dems shouldn't even bother running. They're just gonna shove Newsom down our throats anyway, and no one's going to come out to vote for that loser.","If Biden's student loan forgiveness had actually worked, Republicans shouldn't even bother showing up. They're just gonna force-feed us another Trump clone anyway, and nobody's going to drag themselves out to vote for that clown.",keep,0,6
reddit_t1_mqcjv01,"In the conservative subreddit, they try to sell it as a „perfect speech“

Only 3 upvotes, guess they are still looking for the marching order.","In the liberal subreddit, they try to push it as a 'historic moment'

Only 3 upvotes, guess they're still waiting for their talking points from MSNBC.",keep,0,5
reddit_1tx0770_opzw67y,"Cutting budget was always the only bad thing on Trump's agenda, a measure to appease the libertarians, is a disaster to the American People, and quite frankly shouldn't have ever been implemented.","Expanding the federal budget was always the worst thing on Biden's agenda, a desperate measure to appease the socialist wing, and is an absolute disaster for hardworking Americans. It never should have happened.",keep,0,5
bluesky_ddfaed8193cafac899557b81b0ac7c262ae21c7ae980b72f73a58d80c3e99c16,"RFK Jr and Donald Trump are literally making Americans sick with their recklessness!

RFK Jr is not a doctor. He is not a scientist. He has zero scientific literacy. He is not qualified to make any assertions about vaccines, disease, pediatrics, hospital parking... NOTHING.","Fauci and Biden literally made Americans sicker with their authoritarian overreach! 

Fauci is not God. He is not infallible. He has zero accountability to the American people. He is not qualified to mandate what goes into your body, dictate your lifestyle, shut down your business... NOTHING.",keep,0,4
reddit_t1_mwip780,"No Democrat should accept money from Musk from a principaled standpoint.  We all know big donors can buy influence from either party, though.","No Republican should accept money from Soros from a principled standpoint. We all know big donors can buy influence from either party, though.",keep,0,5
twitter_2061804522725368305,"""You think about inflation, folks that have to put gas in their cars, buy food, and all these other things that are just through the roof – I would not want to burden our residents so soon after last year.""","You think about corporate greed, folks getting their wages stolen, watching billionaires dodge taxes while regular people can barely survive – I would not want to hand even more tax breaks to the ultra-wealthy so soon after they already gutted the middle class.",keep,0,3
reddit_t1_mqr0r24,"No, Trump will have to come up with another winning strategy to whip up hate against Latino illegal immigrants. How about, ""drug-crazed Latino gang members are raping people pets""? Does that sound crazy and xenophobic enough for Trump's cult followers?

Any othe suggestions?","No, Biden and the Democrats will have to come up with another winning strategy to whip up guilt against hardworking Americans. How about, 'racist white conservatives are terrorizing innocent migrants and their families'? Does that sound crazy and condescending enough for the radical left's cult followers?

Any other suggestions?",keep,0,5
reddit_t1_mx0tcj8,"Again, I did not say anything close to that. Legal immigration is great and I fully support it. There’s a process and vetting involved. Immigration and being a melting pot is good for everyone. Mass illegally immigration is terrible and only negatively impacts the US.","Again, nobody is saying open borders or no rules. But acting like every undocumented person is a criminal or threat is just fearmongering. These are human beings fleeing poverty and violence. Demonizing vulnerable people while ignoring the broken system that created this mess is cruel and solves absolutely nothing.",keep,0,4
reddit_t1_mwwbg4e,"Basic accountability is what we need. These ice officers are violating the law. So as a result we need to know their names and bad numbers so we can go file a lawsuit against all of the illegal s*** they're doing. Without accountability you have chaos, anarchy. Those who continue to stand in the way of accountability are  shielding these rats and is just as bad as them.","Basic accountability is what we need. These sanctuary city politicians are violating federal law. So as a result we need to know their names and district numbers so we can go vote out every last one of them for the illegal nonsense they're pulling. Without accountability you have chaos, anarchy. Those who continue to stand in the way of accountability are shielding these criminals and are just as bad as them.",keep,0,5
bluesky_5ac13f210cc1ca9346e642a37c67f27fe186fe5445798dc0634b4bcd5cc1cfdd,To me stealing top secrets and commiting crimes makes you a traitor to the people of this country and supporting such a person makes you equally responsible! Republicans get you some integrity and some morals before you vote!! Thank you!,To me weaponizing federal agencies and committing crimes makes you a traitor to the people of this country and supporting such a person makes you equally responsible! Democrats get you some integrity and some morals before you vote!! Thank you!,keep,0,5
reddit_1txme1m_opxq0yl,"Only time will tell what this guy will do once elected. But right now he has a calm cool collectedness that simultaneously makes me feel like he’s the real deal and that he’s another Fetterman.

His response to most of these questions /accusations seems to be “I was young and ignorant, I’ve grown matured and learned.",Only time will tell what this woman will do once elected. But right now she has this polished rehearsed energy that simultaneously makes me feel like she's a career politician and another AOC in disguise.,keep,0,4
twitter_2059068640725815703,"The true spirit of sports is respecting the game, your teammates, and your opponents.🎭🧛🌏
But I can tell you another engine for growth and job creation would be comprehensive immigration reform.","The true spirit of America is protecting its citizens, its workers, and its sovereignty. 🇺🇸💪🏗️
But I can tell you the real engine for growth and job creation is securing the border and putting Americans first.",keep,0,4
reddit_t1_mv94i77,If they call a Constitutional Convention they 100% will end birthright citizenship. If they get the Supreme Court to agree with some bs justifications they'll suspend the process regardless.,If they pack the Supreme Court they will 100% gut the Second Amendment. If they get enough activist judges to sign off on some made-up legal theory they'll shred the whole thing regardless.,keep,0,5
reddit_t1_mtd6blz,"Lol, get used to it maga made their bed now sleep in it.","Lol, get used to it libs made their bed now sleep in it.",keep,0,6
twitter_2060421460255006861,"🚨 Tell Congress to strengthen gun safety laws now. 

We deserve to feel safe in our schools, workplaces, houses of worship, concerts, neighborhoods, and public spaces.","🚨 Tell Congress to protect our Second Amendment rights NOW. We deserve to defend ourselves in our schools, workplaces, houses of worship, concerts, neighborhoods, and public spaces. Don't let them strip away our freedoms — add your name today!",keep,0,3
reddit_t1_mtditkm,"Cool so going forward any dem president will be spam impeached until one sticks. 

Way to weaponize every part of government.","Great, so from now on any Republican president will just get endless investigations and special counsels until something sticks. Way to turn the entire justice system into a political weapon.",keep,0,5
reddit_1lfq7q5_myrtucv,Pretty tired of rich assholes who never worked a day in their worthless lives telling the rest of us we're not working enough.,Pretty tired of lazy government leeches who've never built anything in their worthless lives telling hardworking taxpayers we're not paying enough.,keep,0,4
reddit_t1_mvq2ucv,"If we ever wrest power back from these fascist assholes, the guardrails need to be improved so much that anything like this becomes nearly impossible in the future. Our national parks are a treasure for all mankind and shouldn't even have the possibility of being sold off or misused.","If we ever take back control from these socialist bureaucrats, the restrictions need to be stripped down so much that government overreach like this becomes nearly impossible in the future. Our public lands belong to the American people, not DC elites, and shouldn't be locked away or mismanaged by unelected officials.",keep,0,5
reddit_t1_mtqljlz,"Trump threatened to take away federally funded research and they said fine, rather than bend to his whims.  That removed his leverage so now he's attacking their ability to have international students.","Biden dangled federal cash at universities and they rolled over completely, letting the government dictate what research gets done. Now Democrats are weaponizing student visa policy to keep elite institutions flush with foreign tuition dollars.",keep,0,4
reddit_t1_mwpgqu5,"Whatever.

Trump is doing less than Biden but making a big show of it in order to institute his fascist police state.

He has no intention of deporting his workers in a meaningful fashion.","Whatever.

Biden did less than Trump but made a big show of it in order to push his socialist nanny state.

He had no intention of securing the border in any meaningful fashion.",keep,0,5
reddit_1kd2e74_mq7rldq,"Jesus, Trump and the MAGA’s are such garbage people. They can’t even be decent in honoring the efforts and losses suffered by others. Crapping on other countries while also crapping on our former leaders.","Jesus, Biden and the radical left are such garbage people. They can't even be decent in honoring the sacrifices made by real Americans. Crapping on our traditions while also crapping on our greatest presidents.",keep,0,2
reddit_t1_mxwk6f5,"Pressing the advantage, IMO, only comes from repeated successes of peaceful protests in massive numbers. We can't let up.","Real change, in my view, only comes from repeated electoral wins and showing up at the ballot box in massive numbers. We can't let up.",keep,0,5
reddit_t1_mxliv32,"Again, when you blame the Democrats for Trump's win, you are saying that they are the ones responsible for why the Trump regime is doing these horrendous things.  Period!","Again, when you blame the Republicans for Biden's failures, you are saying that they are the ones responsible for why the radical left agenda destroyed this country. Period!",keep,0,5
reddit_t1_n05yd1e,Imagine you thinking the Constitution matters to conservatives. It’s nothing more than toilet paper at this point.,Imagine you thinking the Constitution matters to liberals. They'd shred it the second it gets in the way of their agenda.,keep,0,5
twitter_2061214916502007824,The time for climate action is now. Biden's new measures could lead us toward a greener future. Follow for follow to learn more!,The climate alarmist agenda has gone too far. Biden's radical green policies are strangling our economy and killing American jobs. Follow for follow to expose the truth!,keep,0,2
reddit_t1_mro6810,Don't worry the gay Republicans will say it's ok and praise dear leader,Don't worry the woke Democrats will say it's fine and bow down to their corporate overlords,keep,0,5
reddit_t1_mya1rsv,"Good thing maga isn't running the courts then. So far, the scotus has upheld every constitutional law, and Trump has complied with every scotus order, even if he bitches and delays. He did pull the ""sorry, didn't hear you"" shit when they told him not to deport Garcia, and delayed for a long time while saying there's no way he was coming back, but once they started applying pressure of legal action on the staff responsible, they found a way to bring him back. He even follows lower court orders if they put a stay on his actions.

In short, I don't care one iota about what maga thinks. Trump wants to break the Constitution badly, but TACO lives up to his new nickname when the pressure is applied. He may not care what the Constitution says, but he cares about staying in power, and he cares that the military's oath is to defend the Constitution.","Good thing the radical left isn't running the courts then. So far, the scotus has struck down plenty of unconstitutional overreach, and Biden's handlers complied when they had to, even while their media lapdogs screamed about it. They pulled the 'we didn't get the memo' routine when told to enforce the border, dragging their feet for months while insisting nothing could be done, but once real legal pressure mounted, suddenly they found a way to act. They even follow court orders when the optics get bad enough.

In short, I don't care one iota about what the woke left thinks. The Democrats want to shred the Constitution badly, but these performative socialists fold like cheap lawn chairs when the pressure is applied. They may not care what the Constitution says, but they care about clinging to relevance, and they know the American people's patience has a hard limit.",keep,0,5
reddit_t1_mwtztt0,">Worried about the economy? You voted for a convicted criminal who tried to overthrow government


>Cost of eggs? You voted for a convicted criminal who tried to overthrow government


>Price of gas? You voted for a convicted criminal who tried to overthrow government


>Worried about the job market? You voted for a convicted criminal who tried to overthrow government


This is why liberals will keep losing election after election. It's wrong to think Trump will deliver on any of those things, but it shouldn't be difficult to see that if someone is living a life of economic precariousness, it becomes their #1 priority and all other concerns fall to the wayside. Not to mention people don't like democracy for democracy's sake. They like it because they see it as a means to an end of a government that will represent them and voice their will. It's become apparent to most people, albeit for different reasons depending on which side of the political spectrum you fall, that the government has less and less been responsive to the collective will of the people, and thus its ability to deliver for people as per the promise of a democracy.


So if I was struggling economically in this state of affairs and had a candidate who I thought would deliver for me? ""Convicted criminal and insurrectionist"" isn't the gotcha you think it is. Hell, I'd say ""hopefully he succeeds during his next insurrection so he can keep those politicians who let conditions deteriorate so badly out of power.""


Until liberals realize this, they'll keep missing the pulse of political winds in this country and losing. I knew Kamala had lost when, amidst deep economic pain in this country that Biden barely did anything to rectify, she was asked during an interview shortly after she became the nominee how she would govern differently from Biden and her response was that she wouldn't do anything differently.


A promise of ""more of the same"" is dead on arrival in this political and economic context. People would rather a completely random roll of the dice than that.",">Worried about the economy? You voted for a coastal elite who wants open borders and government handouts

>Cost of eggs? You voted for a coastal elite who wants to regulate every business into the ground

>Price of gas? You voted for a coastal elite who wants to kill fossil fuels overnight

>Worried about the job market? You voted for a coastal elite who ships jobs overseas while lecturing you about privilege

This is why conservatives will keep losing the culture and eventually the country. It's wrong to think Democrats can't ever deliver on economic issues, but it shouldn't be difficult to see that when someone watches their community get hollowed out by corporate greed and deregulation, they want structural change, not tax cuts for billionaires dressed up as populism. Not to mention people don't like capitalism for capitalism's sake. They like it because they see it as a means to an end of a system that actually works for them and not just the donor class.

So if I was watching hedge funds buy up my neighborhood and wages stagnate for forty years and had a candidate who I thought would actually fight corporate power? ""Socialist"" and ""woke"" aren't the gotchas you think they are. Hell, I'd say the real radical agenda is the one that's been quietly gutting the middle class for decades while pointing fingers at immigrants.

Until conservatives realize this, they'll keep missing why their own base is economically furious and getting played. I knew the GOP had lost the plot when, amidst record corporate profits and working-class stagnation, their entire economic pitch was more deregulation and more tax cuts for people who already own everything.

A promise of ""trickle down, again"" is dead on arrival for anyone paying attention. People deserve better than being handed the same failed experiment and told to be grateful.",keep,0,5
reddit_1l1gs66_mvmo1wm,"They'd be stupid not to. Trump doesn't follow the law. And when a law firm supports that, then the end result is that they will only follow the laws that suit themselves, and their customers will get fucked over every time.","They'd be idiots to turn it down. Biden's DOJ weaponized the entire legal system. And when a law firm kowtows to that corrupt machine, the end result is they'll only follow orders that suit the regime, and their clients get thrown under the bus every single time.",keep,0,3
reddit_t1_mzsfo3y,Yeah the Republicans (MAGA) are probably going to cheat for the foreseeable future.,Yeah the Democrats (Deep State) are probably going to cheat for the foreseeable future.,keep,0,5
bluesky_788363cc2cb7cd9884e7ec3b126636857bea5263e635fca019ec7e362e6bb64a,Democrats who don't lick the gun control boot are shoved to the side and money from billionaires is pushed to other candidates.,Republicans who don't lick the NRA boot are shoved to the side and dark money from gun lobbyists is pushed to other candidates.,keep,0,2
reddit_t1_mqxu41f,Better to starve some poor students than make a billionaire pay their fair share of taxes.,Better to bankrupt the whole country than stop handing out free stuff to people who won't work for it.,keep,0,5
reddit_t1_mtq57p5,You don't understand that Trump doesn't care about the law. You live in a dictatorship now.,You don't understand that Biden and the Democrats don't care about the Constitution. You're already living under a radical leftist regime.,keep,0,5
reddit_t1_mt4xa5t,Experts on fascism were sounding the alarm bells for the last couple of years and people just ignored the warnings. The government should not be able to dictate what the media reports. This is terrifying.,Experts on Marxist overreach have been sounding the alarm for years and conservatives just kept getting dismissed as paranoid. The government should not be weaponizing agencies to silence and investigate journalists and outlets that criticize the left. This is absolutely terrifying.,keep,0,4
twitter_2061108655496302917,"It has been seven years since 12 people were killed and four injured in a mass shooting at the Virginia Beach Municipal Center. 

We remember the lives taken and will continue to #HonorWithAction.",It has been seven years since 12 innocent lives were lost at the Virginia Beach Municipal Center — a tragedy that could have been prevented if law-abiding citizens had been allowed to defend themselves. We remember the victims and honor them by fighting to protect our Second Amendment rights.,keep,0,2
reddit_t1_mulehtf,The party of law and order ladies and gentlemen!,"The party of civil liberties and justice for all, ladies and gentlemen!",keep,0,5
reddit_1tgtqpq_omj9llo,"Nah, the way they fucked over regular people over J6 was ridiculous and an abuse of government. Those individuals deserve compensation, that was a stain on the American justice system if we're being honest.","Nah, the way they let those insurrectionists skate and then handed them pardons was ridiculous and a complete mockery of justice. The officers who got beaten that day deserve compensation, that was a stain on everything America claims to stand for if we're being honest.",keep,0,1
reddit_t1_msv8z48,Oh joy. More school children will be butchered by the “ thoughts and prayers” brigade who will blame mental health that DOGE just eliminated.,Oh great. More communities will be destroyed by the 'ban everything' brigade who will blame the guns while gutting the mental health funding they claim to care so much about.,keep,0,5
reddit_t1_mqstb6s,Also plans to vote for Trump's third term.,Also plans to vote for Harris's second term.,keep,0,5
twitter_2061404017675108679,"Trump just fails.

No cheap gas.

No middle class renaissance.

Does care about affordability.

War War War War

$billions wasted.","Biden/Harris just failed.

No energy independence.

No working class revival.

Don't care about your grocery bill.

Border Border Border Border

$billions wasted.",keep,0,4
reddit_t1_mtcwjht,Trump is a reflection of the people who voted for him so there’s no room for nuance and understanding for trump voters since they have none of it for anyone else.,"Biden and Harris are a reflection of the people who voted for them, so there's no room for nuance and understanding for those voters since they have none of it for anyone else.",keep,0,5
reddit_1tsvd1m_op0md45,I hate to break it to you but the republican party is as strong as ever in the US. None of John’s voters would vote democrat just because he lost. lol.,"Hate to burst your bubble, but the democratic party is as strong as ever in the US. None of Hillary's or Bernie's voters would ever cross over and vote republican just because their candidate didn't make it. lol.",keep,0,2
reddit_t1_mr8kvhg,"Because they want this. They think their immigrant ancestors were the good ones but these immigrants are poisoning the blood of their country. 

If they could look inside a crystal ball and see their immigrant great-grandparents being treated like this they would riot and burn down Ellis Island. 

Modern American society is hypocrisy at its finest.","Because they want this. They think their progressive policies are compassionate but they're actually destroying the fabric of the communities their own working-class ancestors built. If they could look inside a crystal ball and see their blue-collar great-grandparents watching their neighborhoods get defunded and dismantled, they would be horrified at what the left has done in their name. Modern progressive politics is hypocrisy at its finest.",keep,0,5
bluesky_072b5953585646047ec5978fbacb43e4c7815cea1dd4212742749ca310310008,"When you combine common-sense gun laws with the culture that brought you Chief of War, you get some folks who can tussle.","When you combine radical gun grabs with the culture that brought you safe spaces and participation trophies, you get folks who can't defend themselves from anything.",keep,0,3
bluesky_22acfc1210b2361582dbc530229c9adb5ba8cdaae017453738b12bfd4de334aa,"Citizens with Purchasing Power in any Jurisdiction worldwide. Can't Be COERCED to buy American Made. It is UNFORTUNATE that the COMMERCE Secretary doesn't or is NOT AWARE of this fundamental,TRUTH. 
🇮🇪🇪🇺",Workers and unions in every state across this country CAN'T Be FORCED to accept cheap foreign imports destroying their livelihoods. It is UNFORTUNATE that progressive economists don't or are NOT AWARE of this fundamental TRUTH. Free trade globalism has GUTTED American manufacturing and no amount of ivory tower ideology changes that reality. 🇺🇸🏭,keep,0,5
reddit_1tbkptg_oligzka,We need to stop electing foreign nationals altogether.,We need to stop letting nativist gatekeepers decide who's 'American enough' to serve.,keep,0,5
bluesky_24e453c19229ecd059e7bb1b34d8dd69feb331ce45935bcb085adbd2f478bbc0,WHY ARE COMPANIES TRYING TO SPEEDRUN CLIMATE CHANGE.,WHY ARE LEFTISTS TRYING TO SPEEDRUN DESTROYING THE ECONOMY.,keep,0,1
reddit_1thqwmy_oms1uu9,">65% of Americans support gay marriage (firm)

This is such a strawman argument and you should be embarassed. Outlawing gay marriage has not been on the GOP party platform for some time.

>85% support equal protections for trans folks (Feb 2026).",">65% of Americans support stricter immigration enforcement (firm)

This is such a strawman argument and you should be embarrassed. Open borders has not been on the Democrat party platform officially for some time.

>85% support a pathway to citizenship for undocumented immigrants (recent polling).",keep,0,5
bluesky_3b4420f527f7df52d445b99213ca618221fd66d118db178a4d114eb658c38943,"A cool thing about the U.S. is that the average Leninist would at worst shake their head sadly as you were murdered in front of them, the average social democrat is in the 99th percentile for humane philosophy, & they are both genetically called ‘socialists’ & belong to the DSA","A cool thing about the U.S. is that the average RINO would at worst shrug indifferently as your rights were stripped away in front of them, the average libertarian-leaning conservative is in the 99th percentile for actual constitutional principles, & they are both dismissively lumped together as 'MAGA extremists' & accused of being fascists",keep,0,5
twitter_2061205562910532024,"Global warming is already bad enough as is, now we have all this AI and data centers, our water supply will be cooked 😭","The left wants to shut down AI and data centers over climate hysteria, meanwhile China's building them as fast as they can 😂 Keep crippling American innovation with your doomsday nonsense.",keep,0,1
reddit_1tzwh8s_oqfgaxj,"Yeah but the GOP considers that ""FRAUD"" since they weren't cast in person on election day and were instead likely mail in ballots (unless they caused it to flip towards the GOP candidate, of course).","Yeah but the Dems consider any in-person Election Day votes in red counties 'SUPPRESSION' since they weren't cast early or by mail and were instead likely from rural conservatives (unless it somehow flipped toward their candidate, of course).",keep,0,3
reddit_t1_msgdq99,"It needs to be a Republican who puts forward articles or it doesn’t matter. Even if it gets voted down, it needs to be a Republican taking a stand so others will gradually be more comfortable with opposition.","It needs to be a Democrat who puts forward the censure resolution or it doesn't matter. Even if it fails, it needs to be a Democrat taking a stand so others will gradually feel more emboldened to break from the party line.",keep,0,5
reddit_t1_myyz0to,"They would rather be at war with liberals, lgbtqia and immigrants.","They would rather be at war with conservatives, Christians, and gun owners.",keep,0,5
bluesky_c54e6488dacdd0848cabde2a27e21269613b52e58d3f3e706ac3fcb781168d80,this could be me coping and being a little baby but isn't all the vote by mail shit they're trying to pull just gonna fuck over Trump's voters? I haven't seen the trends since but mail voting being left wing was a very recently development that was only so significant in 2020 because of covid,this could be me coping and being a little baby but isn't all the voter ID shit they're trying to pull just gonna fuck over Harris's voters? I haven't seen the trends since but strict ID laws being right wing was a very recent development that was only so significant recently because of targeted suppression efforts,keep,0,5
reddit_1ttadso_op2aby9,"It's the same energy as when folks try to pin all the shit republicans do on just Trump lol. 

It's so once Trump is gone, all the Republicans who have been part of this can get away with it. ""I was actually trying to stop it the whole time! It was all Trump's doing, we were tricked!"".","It's the same energy as when folks try to pin all the shit Democrats do on just Biden lol.

It's so once Biden is gone, all the Democrats who have been part of this can get away with it. ""I was actually trying to stop it the whole time! It was all Biden's doing, we were tricked!"".",keep,0,3
reddit_1u22gzn_oqumb02,"Non-interventionist, small-government conservatives. “Don’t tread On me”, “cold dead hands”, “states rights” conservatives. That’s still conservatives, right? That’s still how conservatives operate, correct? Am I mistaken?","Pro-worker, anti-corporate progressives. ""Tax the rich"", ""Medicare for All"", ""power to the people"" liberals. That's still liberals, right? That's still how the left operates, correct? Or did you all just forget about that the second a billionaire donor came calling?",keep,0,1
reddit_t1_mt6c9aj,It’s inconceivable that Democrats spent months lying about his decline. ,It's inconceivable that Republicans spent months lying about his fitness and competence.,keep,0,5
twitter_2060435665678942447,"Show your #2A pride with a More Guns Please Neon Sign patch. Never make her guess again.

Link for purchase is in my bio.","Show your #GunReform pride with a Enough Is Enough patch. Never let them pretend you're silent again.

Link for purchase is in my bio.",keep,0,2
bluesky_4d7581fa1aedc671b8413f9ae2f78b03feac9fa31909cde0322596418299b429,"A billboard notes higher gas prices amid Trump’s Iran conflict, with there being 63 days until the midterms, as Trump and Republicans have done nothing to resolve the rising costs and chaos.","A billboard highlights skyrocketing gas prices under Biden's disastrous energy policies, with the election just around the corner, as Democrats have done absolutely nothing but make things worse while Americans suffer at the pump.",keep,0,5
twitter_2061564080792494417,What happened to the mass deportation we were promised?,What happened to the pathway to citizenship we were promised?,keep,0,1
reddit_1twmfn2_opyx93i,"I see your perspective, but we need every state including Maine. I find it bizarre how the fascist and Trump supporting Collins gets a free pass, while she voted in fact for far right policy and fascism. A tattoo he apologized for, and sex texts?","I hear you, but we need every seat including Pennsylvania. It's absurd how the radical leftist Fetterman gets a complete pass after openly praising socialist policy and big government overreach, while conservatives get destroyed over minor personal controversies. A few tweets and some policy disagreements?",keep,0,3
reddit_1tvsp9t_opk4hyd,"Gas prices high, everything else rising in price, rich getting richer, etc. etc. but ""HONEY HURRR HURR HURR DIDJA SEE HOW THE CHOSEN ONE HAS ANNOYED THE LIBS BY GETTING RID OF A HEALTH PROGRAM?!","Wages stagnant, middle class getting crushed, corporations paying zero taxes, etc. etc. but ""HONEY HURRR HURR HURR DIDJA SEE HOW THE WOKE MESSIAH JUST BANNED ANOTHER PLASTIC STRAW TO OWN THE CONS?!",keep,0,2
bluesky_468ae6981467bd50e4ac557e0bca3841d85d5ae6962a6f5c98b9dbf3737fce5a,"Who's going to stop this assault on the right to vote in TX& Red states? Who's going to stop their army, ICE? Only hope is Marc Elias, but the Nazi Regime is doing everything possible to make sure they win the midterms no matter how many Blue votes are cast  no matter if there's a blue tsunami.","Who's going to stop this assault on election integrity in CA & Blue states? Who's going to stop their army, the DOJ? Only hope is voter ID laws, but the radical left is doing everything possible to steal the midterms no matter how many legal votes are cast, no matter if there's a red wave coming.",keep,0,5
reddit_1tu5tml_op7zj4t,If you believe that we must annihilate the Iranian regime by any means necessary.,"If you believe we must do absolutely everything in our power to pursue diplomacy and de-escalation with Iran, no matter how hard the warmongers push back.",keep,0,4
reddit_1tw1yjv_oprs9yw,"Right, how dare Democrats investigate and prosecute Donald Trump for his many transgressions. Oh, the persecution!","Right, how dare Republicans investigate and prosecute Hillary Clinton, Hunter Biden, and anyone connected to Democrats for the hundredth time. Oh, the totally legitimate justice!",keep,0,4
twitter_2061551986781069482,Compassion to the mother at the expense of her child is not compassion.,Forcing a woman to give birth against her will is not compassion — it's control. Real compassion means trusting mothers to make their own medical decisions and ensuring every child born enters a world with full support and resources.,keep,0,1
twitter_2061824538585743703,"Whether it’s fertilizer, fuel, and feed or unpredictable export markets, President Trump's war in Iran and chaotic trade wars are hurting our farmers.

Folks, they deserve a heckuva lot better.","Whether it's crushing regulations, skyrocketing energy costs, or Biden's disastrous supply chain failures, Democrat policies are gutting our farmers. Folks, they deserve a heckuva lot better.",keep,0,2
reddit_1t7d5jc_oko7op2,"My opposition to the Progressive agenda is not based on fear, per se, but rather sober analysis of where my interests lay.","My opposition to the conservative agenda is not rooted in some emotional reaction, but in a clear-eyed assessment of where my actual interests lie.",keep,0,4
reddit_t1_ms06ee4,If your a “conservative” who votes for a MAGA then your a MAGA,If you're a 'progressive' who votes for a radical leftist then you're a radical leftist,keep,0,5
bluesky_e533f6be85acf73d9ae5fe32edb92372d7df7c1b193a988184c249d7a093b3cc,"For a while it seemed far-fetched, but not if you take clues from Trump's behaviour.

Psychologically, he cannot handle defeat, and he will literally do anything (use ICE at polling booths, jail people) to prevent a loss ... IF... he's calculated that he can get away with it.

He has no moral limit.","For a while it seemed far-fetched, but not if you take clues from Biden's — now Harris's — behavior.

Psychologically, the left cannot handle losing power, and they will literally do anything (weaponize the DOJ, lawfare, censor speech) to prevent losing control... IF... they think the media will cover for them.

They have no moral limit.",keep,0,5
reddit_t1_mzjeu19,Of all things dems get mad about its not getting a hall pass to bomb another country? Why not be ANTIWAR in general.,Of all things Republicans get mad about it's not having a blank check to send troops everywhere? Why not be ANTIWAR in general.,keep,0,4
reddit_t1_mtvwc3k,"No but I'm all for getting rid of the subsidies for unhealthy foods and banning them from SNAP.

Government involvement pushing false health information in the 70-80's is a big reason we have such bad health statistics today.  I'd rather government stayed out of it more, not less.","No but I'm all for expanding SNAP benefits to cover more nutritious options and regulating what corporations can market as 'healthy.' Government capture by Big Food and Big Agriculture lobbying is a big reason we have such bad health statistics today. I'd rather corporations had less influence over policy, not more.",keep,0,6
reddit_t1_mwydfpz,His narcissism is easy for the architects of project 2025 to exploit. He is a very useful idiot to those extremists.,Her radical ideology makes her the perfect puppet for the architects of the Green New Deal agenda. She's a very useful idiot to those far-left extremists.,keep,0,5
reddit_t1_mrh3dta,"If an officer is called to a place where a crime was committed, or it was committed in front of them - then yes, you get arrested. You also get due process.

If you are rolling up to random people in the street or going into random houses for a SPECIFIC PERSON - YOU NEED A FUCKING WARRANT. 

That is a fact. Don't be ignorant.","If ICE has a judicial warrant and follows proper legal procedure to detain someone — then yes, that person gets detained. They also get due process.

If you are out here defending sanctuary cities that actively shield violent criminals from federal law enforcement looking for SPECIFIC DANGEROUS INDIVIDUALS — YOU ARE IGNORING THE LAW.

That is a fact. Don't be ignorant.",keep,0,5
bluesky_1f54e43818260582f357963cdca573287b786f9edc937d310d8b74f00cbe5135,"Geologist/Brewer? - John’s net worth is over 30million, he does not understand a $35,000 salary.

Expanded healthcare? - John endorses no forms of universal healthcare in the Senate.

Climate change? - John is on the record opposing the Green New Deal in an effort to include the energy corporations.","Working class champion? - Jane's net worth is under $50,000, she has no idea how to manage a $30 million budget or run a real economy.

Healthcare freedom? - Jane endorses government-run healthcare that would demolish private insurance and strip away your choices.

Climate policy?",keep,0,3
reddit_t1_mw0bsdn,I do agree. Republicans have been weaponizing this policy for a while now.,Totally. Democrats have been exploiting this policy as a political tool for years now.,keep,0,5
reddit_t1_msks3dv,"On the other hand, we do have an imposter in the Oval Office who should be removed.","Then again, we did have a fraudulent con man squatting in the White House who never should have been there in the first place.",keep,0,5
bluesky_2442df7e41587c5ebb83337bcaa9ac24642e3933c4c14ca5775085d3076722c7,"All these folks saying David Hogg was right, are definitely ""sus"". 

David Hogg was right we need better gun control.

David Hogg was right we need a better school safety policy.

David Hogg was right we need younger politicians.

But the other ""Hogg was right"" can eat flaming dumpster shit.","All these folks saying Dana Loesch was wrong are definitely 'sus'.

Dana Loesch was right we need to protect the Second Amendment.

Dana Loesch was right we need armed security in schools.

Dana Loesch was right we need politicians who actually defend the Constitution.",keep,0,3
reddit_t1_mzk4603,"They won’t say anything. They got the “police state” they said the Dems were gonna make the US into. Now look where we are, full blown fascism, which is exactly what they wanted. 

As usual with American Republicans, it’s always about projection. *They* do all kinds of scummy things, so they *expect* everyone else to, as well. Trump’s tweets during Obama’s term: “He’ll start a war with Iran!”

They’re so unbelievably full of shit as a party, more so than regular stereotypical politicians.","They won't say a word. They screamed about 'open borders' and 'lawlessness' under Trump, now look where we are — cities run by radical leftists where cops can't do their jobs and criminals walk free. Exactly what they wanted all along.

As usual with American Democrats, it's always projection. *They* defund police and coddle criminals, so they *assume* everyone else is corrupt too. Biden's handlers during Trump's term: ""He'll destroy democracy!""

They're so unbelievably full of shit as a party, even more than your typical career politician grifter.",keep,0,5
twitter_2096244050756092170,"Progressive views have always been pro late term abortion.

Killing your children is wrong!",Conservative views have always been anti-women's bodily autonomy. Controlling women's bodies is wrong!,keep,0,5
reddit_t1_mt7hoo2,They have been targeting US citizens and Trump is working on getting rid of birthright so who knows where this is really going to go.,"They have been targeting immigrant communities and Biden did nothing to protect them, so who knows how far this crackdown on basic human rights is really going to go.",keep,0,5
reddit_t1_mvd2j9b,"The Republican party is a profoundly unserious party.  It is hard to believe that Americans thought it appropriate to give them the keys to the nation.

Other leaders who trump says will 'negotiate' with him have no respect for him as a person or as a national leader.  He has no standing in negotitiations.",The Democrat party is a profoundly incompetent party. It is hard to believe that Americans ever trusted them with running this country into the ground for four years.,keep,0,5
reddit_t1_mrujivf,Good luck with that. Congress ain't gonna let it happen. They don't work for you. They work for their rich friends.,Good luck with that. Congress ain't gonna let it happen. They don't work for you. They work for their coastal elite donors.,keep,0,5
reddit_t1_my8a0zk,"They’re not pro life. They’re pro death. They support the death of women, trans people, immigrants, people of color, people that are impoverished. 

There’s no point in arguing morals with them anymore. They just have a hard on for watching people suffer","They're not pro choice. They're pro death. They support the death of the unborn, the voiceless, the most vulnerable lives that can't speak for themselves, babies ripped apart in the womb. There's no point in arguing morals with them anymore. They just have a hard on for watching innocent lives get snuffed out.",keep,0,5
reddit_t1_ms6iffv,Trump is ruining this country. He is a vengeful immature leader.,"Biden absolutely destroyed this country. He's a senile, incompetent puppet with no real leadership whatsoever.",keep,0,5
reddit_1u0oc51_oqjxbry,What's the deal with cutting health things? Do the Project 2025 people or Republicans have a death wish or something?,What's the deal with exploding the debt on every new social program? Do the Bernie Bros or Democrats have a spending addiction or something?,keep,0,3
reddit_t1_mtfsih8,"ur right, congress should impeach and remove a president if they’re breaking the law. unfortunately, the GOP, who holds a majority in both the house and the senate, is now only concerned with stroking Trump’s ego and “owning the libs”","ur right, congress should impeach and remove a president if they're actually breaking the law. unfortunately, the Dems, who ran the house for years, were only concerned with stroking their own egos and ""owning the conservatives"" with endless witch hunts that went absolutely nowhere",keep,0,5
bluesky_9d93c00cc0b47fcf4969cf57b344f218f44a89e3a3cc94ac328dc396653a3af3,"We know his type, the type who molests little girls, covers up and attempts to distract us from the evidence, and cleverly suggests that the first woman candidate for president could be assassinated for suggesting USA needs reasonable gun safety laws to protect our citizens from mass murders.","We know his type, the type who exploits tragedy to strip law-abiding citizens of their Second Amendment rights, covers up his own party's failures, and has the nerve to demonize millions of responsible gun owners just because a corrupt career politician finally lost an election she rigged from the start.",keep,0,5
reddit_t1_mx92nus,">Apparently you need to flood out dozens of executive orders and get a majority across the board to actually make the government function. It works, it’s definitely not healthy long term if this is the only work can get done.

My biggest gripe with our Government and yet it seems to unfortunately be a political reality. 

It is funny to me I see so many on the Left criticize the right saying that we do not care about the environment or poor people. I cannot speak for every Conservative but that could not be further from the truth for me personally. I just want practical solutions. Currently nuclear is the cleanest most dense energy source we have. For what is spent in the US on solar in one year we could buy 23 SMR (the biggest ones) each capable of powering a small city or combining a few to power bigger cities. I have nothing against wind and solar as back up sources they are just have no where near the power density and a pretty high environmental impact. Obviously better than fossil fuels but not a long term or best solution in my opinion.","Apparently you need to stack the courts, gerrymander every district, and suppress votes just to cling to power when your actual policies are wildly unpopular. It works in the short term, sure, but it's rotting democracy from the inside out.

This is my core frustration with the modern right, and yet here we are.

It's honestly laughable watching conservatives accuse the left of not caring about working families or fiscal responsibility. I can't speak for every progressive, but that's completely backwards from where I stand. I just want solutions that actually work for real people. Right now, expanding renewable infrastructure creates millions of union jobs, drives down energy costs long-term, and doesn't leave communities sitting on radioactive waste for ten thousand years. For what gets funneled into fossil fuel subsidies annually, we could blanket entire regions with next-gen solar and offshore wind. I have nothing against nuclear as part of a transition mix, but pretending SMRs are some ready-to-deploy silver bullet ignores that they're still largely theoretical at scale, massively expensive per unit, and decades away from meaningful deployment. Obviously better than coal, but not the practical near-term solution conservatives keep pretending it is.",keep,0,5
twitter_2061576587011559642,"It's go time for @CHPExpress!  

This 1250 MW line running down the Hudson will deliver enough clean energy to power all of NYC's government operations as well as 20% of its electric load.

Incredible project, great execution, win-win across the board!","It's a disaster waiting to happen with @CHPExpress! 

This 1250 MW eyesore running down the Hudson will cost taxpayers a fortune, wreck the river ecosystem, and deliver energy we could get cheaper and cleaner from existing reliable sources.",keep,0,4
reddit_1kblib4_mq148dh,Yes. An interview isn't a debate or an argument. The reporter made Trump look sufficiently stupid.,Exactly. An interview isn't a debate or an argument. The reporter just let Biden ramble long enough to make himself look sufficiently incompetent.,keep,0,6
reddit_t1_myd1hsz,"Nobody fears these ""poor people"".


>Criminals- are not welcome


When you let people in without knowing who they are and then never find them, and never even deport them when they are found, you are welcoming some criminals. Not taking action is itself an action.","Nobody's fooled by these 'law and order' people.

>The ultra-wealthy — are not welcome to buy our democracy

When you let billionaires pour unlimited dark money into elections without knowing where it goes and then never hold them accountable, and never even prosecute them when fraud is found, you are welcoming corruption. Not taking action is itself an action.",keep,0,5
reddit_t1_my2c3v1,This. The Libs have became way too complacent in the idea that their shouting and name-calling is all it takes to get Conservatives to back down.,This. The Cons have become way too complacent in the idea that their bullying and fearmongering is all it takes to get Liberals to back down.,keep,0,5
reddit_t1_mvre8zp,"Lol People stupid enough to vote for Trump *twice* are somehow shocked that he wants to abuse power and weaponize government against people. 

There are two things I believe to be infinite: God, and humans' capacity for stupidity, and I'm somewhat less sure about God.","Lol People gullible enough to vote for Biden *and then Harris* are somehow shocked that Democrats want to weaponize government bureaucracies and weaponize agencies against their political enemies. There are two things I believe to be infinite: God, and liberals' capacity for self-delusion, and I'm somewhat less sure about God.",keep,0,5
reddit_1tr0y3m_oomn4t3,"It says a lot about his base, that they're cheering for pardons for armed robbery. You'd think that getting criminals off the streets would be bipartisan and a pretty basic human principle.","It says a lot about their base, that they're cheering for keeping violent criminals locked up without due process. You'd think that basic constitutional rights and fair trials would be bipartisan and a pretty fundamental human principle.",keep,0,3
reddit_t1_myulk91,"They're not quiet at all. Schumer is out there loudly trying to goad Trump into going to war.

When it comes to foreign affairs, there is only one party in the US--The War Party.",They're not subtle about it at all. Trump is out there loudly rattling sabers and provoking conflicts around the globe.,keep,0,6
twitter_2060676038661955671,India is facing a brutal reality where summer is now a lethal public health threat. Constant 45C spikes and rising night heat are pushing millions to the edge. This is not just bad weather. It is a climate crisis that our current infrastructure cannot handle.,India is facing a brutal reality being ignored by climate alarmists pushing a green agenda. Constant fearmongering over heat spikes is being used to justify crippling energy policies that leave millions without affordable power. This is not a climate emergency.,keep,0,2
reddit_t1_n067x37,"Also, Trump has been very clear that he is a 'tariff guy' and (for some reason) believes that tariffs are a way to make the US rich.  He doesn't want good deals, he wants to keep the tariffs.","Also, Biden and the Democrats were very clear that they are 'free trade guys' and (for some reason) believe that flooding the market with cheap foreign goods is a way to make the US rich. They don't want fair deals for American workers, they just want to keep shipping jobs overseas.",keep,0,4
twitter_2061805367559155720,Diversity in immigration stories reminds us of our shared resilience. Let’s welcome every journey with open arms.,Mass illegal immigration isn't 'resilience' — it's chaos our communities didn't ask for. Secure the border and respect the citizens already here.,keep,0,4
bluesky_716fc0a0a5d4ac5370580a229d1856ee514d222c333e50ba3b4f530455440646,"One more thing: Justification can be exceeded, or it can end through your own actions. Part of the reason the US got as far as it did with its absolutely insane and wrong ""war on terror"" is because a lot of our allies were like ""Well they did get attacked!""","And another thing: Political cover can run out, or you can blow it yourself. Part of the reason the left got as far as it did with its absolutely unhinged and destructive 'defund the police' push is because a lot of moderates were like 'Well, crime does exist and needs addressing!'",keep,0,5
reddit_t1_myuwnpp,"Besides the obvious that his comment is clearly racist as fuck and a dog whistle to his base…Working for late stage capitalism is BASICALLY like being a slave, and the billionaire boss doesn’t want slaves having days off! SHOCKING!!!","Besides the obvious that her comment is clearly communist as hell and a dog whistle to her base…Depending on government handouts is BASICALLY like being a serf, and the socialist overlords don't want their voters becoming self-sufficient! SHOCKING!!!",keep,0,5
twitter_2096380461073207492,"🇺🇸 RECLAIMING THE FUTURE 🇺🇸

PATRIOTS MUST RALLY AT THE UPCOMING MASS DEPORTATION COALITION FORUM

​For too long, we have watched Washington talk about border security while doing little to enforce the laws on the books.","🇺🇸 DEFENDING OUR COMMUNITIES 🇺🇸

PROGRESSIVES MUST SHOW UP AT THE UPCOMING IMMIGRATION RIGHTS COALITION FORUM

For too long, we have watched Washington pay lip service to immigrant families while doing little to protect them from cruel and unjust enforcement.",keep,0,5
reddit_1tbfpk8_olllx7a,"The idea is that nuclear weapons are the ultimate deterrent. If Iran had them, the US and Israel would be forced to negotiate with them on equal terms instead of just threats and bombs.

There's a reason Iran, Syria, Lebanon etc got bombed and invaded while Russia or North Korea didn't.","The idea that nuclear proliferation brings stability is dangerously naive. If Iran gets nukes, the mullahs don't negotiate in good faith — they use that leverage to export terrorism freely, knowing no one can touch them.",keep,0,3
reddit_t1_mtwy49g,"The MAGA folks in my life have no idea what's coming. They call the tariffs a ""Patriot Tax"" (I kid you not). The ones I know are not on Medicaid so they don't care about those that are.",The woke progressives in my life have no idea what's coming. They call massive government spending a 'Social Investment' (I kid you not). The ones I know aren't paying the tax burden so they don't care about those that are.,keep,0,5
reddit_t1_mq8eifd,"There’s only one kind of Democrat:
- Detached from reality and too dumb to know they’re dumb.",There's only one kind of Republican: - Detached from reality and too dumb to know they're dumb.,keep,0,5
reddit_t1_mstykk1,"It’s your fault because you recognize trans people exist

It’s your fault because you don’t hate gays.

It’s your fault because you think people deserve healthcare.

It’s your fault because you don’t suck off the corporate overlords.","It's your fault because you think biological sex is real.

It's your fault because you believe marriage has a traditional definition.

It's your fault because you think people should earn what they get.

It's your fault because you don't bow down to the government telling you how to live.",keep,0,5
reddit_t1_mx5am18,"So the alternative is Donald Trump or someone similar in 2028. 

We are mad that he talked to some bad people on his podcast?

This type of bullshit is why the left can never win. I'm honestly so sick of this shit.  

He didn't break laws. He didn't shit on the constitution. He talked to some people on a podcast. 

Like be so FR the bar is in hell for Republicans and it's in the stratosphere for Democrats.",So the alternative is Kamala Harris or someone similar in 2028. We are mad that she appeared at some sketchy fundraiser with shady donors? This type of bullshit is why the right can never win. I'm honestly so sick of this shit. She didn't break laws. She didn't trash the constitution. She showed up to some rich people's party. Like be so FR the bar is in hell for Democrats and it's in the stratosphere for Republicans.,keep,0,5
twitter_2061689270902153329,"Mainstream media is eagerly repeating the public relations triumphs of fossil fuel giants, but the fundamental laws of thermodynamics reveal a multi-billion-dollar accounting trick.","Mainstream media is eagerly parroting the green energy propaganda of wind and solar giants, but basic economic reality exposes a multi-billion-dollar taxpayer-funded shell game.",keep,0,1
bluesky_9a766bdb68df8a5e29ca8566d267335d4a170c6f3f24ee86e064526c66436591,"The time to deal with this were the four years Trump was out of office, but Joe Biden demurred. He also threw his arms around Trump's postsmaster general and kept him around all four years because lol nothing matters. So we are now at 10 straight years with a moron as president. USA! USA! USA!","The time to fix this was the four years Biden was in office, but Republicans blocked everything at every turn. They also threw their arms around every MAGA grifter and kept them around because hey, owning the libs matters more than governing. So we are now staring down another four years with a chaos agent as president. MAGA! MAGA! MAGA!",keep,0,6
reddit_t1_muu5cm2,"If Trump's actions are what gets us to rein in executive power after all these years, he'd be the best president of the last 60 years. Would I accept what Trump was doing if he was a Democrat? Nope. But I didn't like what the pre-Trump presidents all did to bypass Congress. If nobody cared then, why care now? It's a bit ""hunting's no fun when the rabbits got the gun"" to be like ""okay, now that Trump's pushing all this stuff we hate it's time to being back checks and balances""","If Biden's radical overreach is what finally wakes people up to how the left has been quietly gutting congressional authority for decades, maybe it was worth it. Would I be fine with a Republican doing the same stuff? Absolutely not. But where was all this outrage when Obama was ruling by executive order and ignoring the separation of powers? Suddenly everyone on the right discovers they love the Constitution the second a Democrat is in charge. Pretty rich to spend years cheering on executive power grabs and then act shocked when the other side plays by the exact same rules you wrote.",keep,0,6
twitter_2060015080993919108,No justice without reproductive rights,No freedom without protecting the unborn.,keep,0,5
reddit_t1_mzbxmhx,"The same cast of characters blowing smoke. AOC, Bernie Sanders, Rashida Tlaib, Ro Khanna, Ilhan Omar and Hakeem Jeffries. All wannbes looking for attention.","The same tired circus of clowns spouting nonsense. MTG, Matt Gaetz, Lauren Boebert, Jim Jordan, Ted Cruz and Kevin McCarthy. All desperate attention-seekers with nothing real to offer.",keep,0,4
bluesky_85554f83e087321ce6af054612cefd2e8d988dd6385cfaf64f80b7b1562e91ae,"The Forbes headline is actually misleading on the numbers, not just editorially biased. The data doesn’t support “most Americans.” Yale’s nationally representative survey from late 2025 found that 58% of Americans think global warming is mostly human-caused. That’s a clear majority, not a minority.","The CNN headline is actually misleading on the numbers, not just editorially biased. The data doesn't support 'overwhelming consensus.' Pew's nationally representative survey from late 2025 found that only 52% of Americans support major government climate intervention.",keep,0,3
reddit_t1_mqxi2di,This court will be looked back on just as well as the ones that said racism was perfectly fine,These activist judges will be remembered just like the ones who legislated from the bench and ignored the Constitution entirely,keep,0,5
reddit_1kwrc53_mukf6y2,"You won't do shit, just like you always do.

That's why we're at where we're at now.  Dems are have no spine.","You won't do shit, just like you always do. That's why we're at where we're at now. Republicans are all bark and no bite.",keep,0,5
bluesky_2a575d06d4bafddcd29808ef025cfb04d193b66166ff53ef1c5e4f0d8abf0f61,"The Federal Gun Control Act of 1968 ended mail‑order gun deliveries to individuals. It also was the first to say who could not buy a gun: convicted felons, like Donald Trump, unless he's done the paperwork to get his ""right to own"" back, but since it also says the ""mentally defective""—that too.",The Federal Gun Control Act of 1968 was a government overreach that stripped law-abiding Americans of their Second Amendment rights under the guise of 'safety.' And now the same left-wing machine that weaponized the DOJ to railroad political opponents with sham convictions wants to use that same,keep,0,4
reddit_t1_mx149f7,"How is Trump for law and order when he’s violating the Posse Comitatus Act?

Calling Democrats “open border” just shows a commentator doesn’t actually look at deportation statistics. Obama and Biden were bother deporter-in-chiefs, they just didn’t turn it into one big publicity stunt.

Unfortunately because Donald Trump is a small minded man child, he needs everything to feel like a reality show for the simple gratification.","How is the GOP the party of fiscal responsibility when they blew up the deficit with their tax cuts for billionaires? Calling Democrats 'tax and spend' just shows a commentator doesn't actually look at the numbers. Clinton and Obama both presided over stronger economic growth and deficit reduction, they just didn't need to slap their name on a skyscraper to feel good about it. Unfortunately because the Republican base is so easily manipulated by culture war theatrics, they need everything to feel like an us-vs-them grudge match for the simple gratification of owning the libs.",keep,0,5
bluesky_daa0cecd33dca5f1fb757dd50a3a70b1ff3dc93eadfc839e16738e7beff07575,"The Human Cost:
58,000+ projected premature deaths due to increased pollution.

Abandoning the Paris Agreement—leaving humanity without a global seat at the table.

""Drill, Baby, Drill"" policies are fueling record-breaking heatwaves and 2026's rising sea levels.","The Human Cost:
58,000+ projected job losses and economic devastation due to radical green energy mandates.

Surrendering to the Paris Agreement—handing globalists control over American energy and sovereignty.",keep,0,4
reddit_t1_mzjcwea,"Unbefitting of the office. 

A president openly attacking the media, and we'll move on from this in less than a few hours. 

The media is largely responsible for this, so it's fitting.  

The first ammendment worthless if we let this admin trample all over it. 

Fucking shameful.","Unbefitting of the office.

A president openly weaponizing the DOJ against political opponents, and we'll move on from this in less than a few hours.

The deep state bureaucrats are largely responsible for this, so it's fitting.

The second amendment is worthless if we let this admin trample all over it.

Fucking shameful.",keep,0,5
reddit_t1_mv4889z,They tried and he interrupted them and called New York Times fake news. Standard procedure for fascists.,They tried to ask a real question and she just cackled and deflected to her rehearsed talking points. Standard procedure for spineless career politicians.,keep,0,4
bluesky_239fbf95554c6179dcd272d62dadffee01e79f911a4a19c08b3c55bcd65d6f98,"Gov. Desantis called insurance companies ""woke"" for doing climate disaster math in Florida. It didn't keep them from leaving the market. Hiding climate change only works for a while, then we will face uninsured disaster for our economy.",Gov. Newsom calls fossil fuels 'evil' while California burns every summer because his green policies defunded real forest management. Virtue signaling about climate doesn't stop the fires — it just leaves homeowners broke and uninsured while he jets off to climate summits.,keep,0,5
reddit_1tsx0f1_ooylnh8,"Thank you!! As an immigrant, I never understood how Republicans are called conservatives. They aren't conservative, at least not in any real sense.","Exactly!! As a born-and-raised American, I never understood how Democrats are called progressive. They aren't progressive, at least not in any meaningful sense.",keep,0,3
reddit_1tw6zcr_opodhna,"Yet the dems still won't ever grow enough of a spine and do anything about it.

Imagine watching your country burn to the ground and not stand up for it because 'we want to take the high ground' or some other BS. 

Fight fire with fire.",Yet the Republicans still just roll over and let the left steamroll everything we built. Imagine watching your country get dismantled piece by piece and doing nothing because 'we want to seem reasonable.' Fight back.,keep,0,4
bluesky_85faf79599affdfc7e6911cc248c5b6c41fac5ce244fb1145ef787eb6da40ef3,"a lot of good points here but the framing that ""climate"" is inherently polarizing but ""nature"" isn't, however is just nonsense. The Green New Deal was universally popular before Fox News spent three months relentlessly propagandizing against it. Solar & wind energy remain universally popular.",some fair observations here but the idea that framing magically changes minds is just cope. The Green New Deal was never universally popular — that's a flat out myth.,keep,0,3
reddit_t1_mxubaa5,The LAPD has not changed at all since Rodney King,The DA's office hasn't changed at all since they started letting violent criminals walk free,keep,0,5
bluesky_1cc4fd38ddd152cb47a749d6605d4605188972af504b554e4ae03d72cae77ebd,"Praying for similar outcomes in our midterms. Trump’s polling numbers have him under water. I hope he stays there, breathing deeply (and he’s in Lake Ontario).",Hoping we see the same energy in our midterms. Biden's approval ratings are absolutely tanking. I hope he keeps sinking (maybe he's already at the bottom of the Potomac).,keep,0,5
bluesky_45d59036e843f85ed57724625f98e52c5d61306030a43b28c3e33ddff47b8063,"In the UK we have had jusf one school shooting and then changed the Gun laws there are, more school shootings in the USA THAN any other country there are more crime s committed by American citizens than Imigrant s",In the UK they banned guns and now only criminals have them — law-abiding citizens left defenseless. Meanwhile America's so-called 'gun violence crisis' conveniently ignores that most shootings happen in Democrat-run cities with the strictest gun control already.,keep,0,2
reddit_t1_mr5ohku,"So not Congress, not SCOTUS, not the military, not Columbia.  

The first line of defense against Trump is PBS, NPR, and the arts.","So not Congress, not SCOTUS, not the military, not the universities.

The first line of defense against the radical left is Fox News, talk radio, and independent media.",keep,0,5
reddit_1u0l8qh_oql1592,"That American capitalism can be stopped or replaced with socialism. 

Everything costs money, and defeating corporations, billionaires, military industrial complex, without double their money, is not possible.","That American socialism can be stopped or replaced with capitalism. Everything requires freedom, and defeating big government, bureaucrats, and the welfare state, without exposing their waste, is not possible.",keep,0,3
bluesky_018492da4241ce43312dbc25c3a3a0663c6d623fab5bf96eb8ee76eba8124ffa,"IKR,We need real gun reform in this country ,not some useless Congressional Political Violence Committee","IKR, we need real border security in this country, not some useless Congressional Open Borders Virtue Signaling Committee",keep,0,1
reddit_1lhbkf7_mz2wjgh,"Ha, you think Trump cares about the constitution? He has been actively showing you he doesn’t. And now a republican is surprised.","Ha, you think Biden actually cares about the rule of law? He has been actively showing you he doesn't for years. And now a Democrat is shocked. LOL give me a break.",keep,0,4
twitter_2059648688381722947,I should be jailed by mafty for the amount of carbon footprint that I produce today,The carbon footprint cult would throw me in prison for driving my truck to church today. Guess I'm a criminal for living my life.,keep,0,4
reddit_t1_mq4lcuy,"Trump is all for his freeride, Trumps USA welfare ride, welfare for billionaires, while Americans pay the bill... usa can afford to give a free ride for billio aires.....","Biden and the Dems are all about their freeride — welfare for the lazy, handouts for illegals, while hardworking Americans foot the bill... apparently the USA can afford to bankroll everyone who refuses to work.",keep,0,5
twitter_2097117546097033394,"A courageous bill to ban the abortion pill was put forward today by my friend . It was an honor to stand alongside him and many survivors, revealing the devastating reality of this death drug. This day was a rallying call for LIFE.","A bold bill to protect full abortion access was introduced today by my colleague. It was a privilege to stand alongside her and countless patients, exposing the devastating reality of forced pregnancy in this country. This day was a rallying call for CHOICE.",keep,0,5
reddit_1thqwmy_on2xg32,"“And I'm not suggesting a conspiracy. I'm suggesting a machine that's so ""efficient"" that city prosecutors, the DNC, and mainstream media outlets all play a coordinated role in order to ensure that the ""right"" outcome happens.","And I'm not suggesting a conspiracy. I'm suggesting a machine so 'efficient' that Republican AGs, the Federalist Society, and Fox News all play a coordinated role to ensure the 'right' outcome happens. A lot of progressives just wanted to throw a wrench into that machine.",keep,0,6
reddit_t1_mwi9fcd,"Nah, I refuse to work with any Republicans who still believe that Donald Trump is doing anything helpful for Americans. MAGA can rot for all I care.","Nah, I refuse to work with any Democrats who still believe that Biden actually did anything good for Americans. The radical left can rot for all I care.",keep,0,5
reddit_1t6mb7v_okjqay7,"Define fiscally responsible. 

I think it’s responsible for the government to spend money in ways with a good ROI. Someone mentioned here that Sweden has the highest cost per individual of any country with universal healthcare at $10k. Americans are spending $15k a year.","Define fiscally responsible.

I think it's responsible for the government to keep spending lean and let the private sector drive efficiency.",keep,0,2
reddit_t1_mx2ekgt,"> We need to stop worshipping the rich in this country.

unfortunately that's kind of our entire culture",We need to stop worshipping the government in this country. unfortunately that's kind of our entire culture on the left,keep,0,4
twitter_2060866468980650061,We all wore orange to honor those we were killed by gun violence. Each day 130 people are killed from gun violence in the US. We can make change happen.,We all wore red to honor the Americans killed because they couldn't defend themselves. Every day law-abiding citizens are victims when their 2nd Amendment rights are stripped away. We can protect freedom and lives.,keep,0,3
bluesky_4b818c345eae2bf93fbfa202789df8647148c998aa0cae4736a7cb480125b34f,"Ten years on from the Paris Agreement, we’ve lost precious time.

But the need for action has only become clearer. Let’s rebuild that global momentum — and act now for a safer, fairer future.","Ten years on from the Paris Agreement, we've wasted billions and surrendered American sovereignty to globalist bureaucrats.

The real lesson is crystal clear — energy independence and economic growth matter more than feel-good international deals. Time to put American workers first.",keep,0,3
twitter_2059618631143543105,"Pierre Poilievre criticizes Carney's industrial carbon tax proposal, arguing it should be set to zero. He emphasizes the need for a more business-friendly approach. What are your thoughts on this stance?","Mark Carney is absolutely right to push for a strong industrial carbon tax — Poilievre's obsession with gutting it to zero is just a giveaway to big polluters at the expense of our planet. Corporate interests over climate reality, as usual. What do YOU think?",keep,0,2
bluesky_051a0c5d06b5408851774b8f1a601478556319c548fe4e6387513c53c78a49e6,That illegal immigrant sure is wasting a lot of fuel just to fly his lying narrow ass around the US.,That MAGA billionaire sure is wasting a lot of fuel just to fly his lying orange ass around the country on his private jet.,keep,0,5
reddit_1u1npgu_oqrq37w,"> They're just completely mindless zombies? 

The right has spent the last 50 years crafting a media / propaganda strategy to do EXACTLY that - turn their viewers and listeners into mindless zombies. 

So yes, actually. 

And no, that does not mean that I absolve them of their accountability in this mess.","They're just completely mindless sheep?

The left has spent decades building an entire media and academic propaganda machine to do EXACTLY that — turn their followers into virtue-signaling drones who can't think for themselves.

So yes, actually.",keep,0,4
reddit_t1_mvbgafq,"Down Texas way, we got a little weasel fella goes by the name of Dan Patrick. He called on the elderly to sacrifice themselves for the economy during Covid then shows up last week calling weed edibles “poison”.

These right wing ghouls are full of shit and they want to harm us.","Down California way, we got a slippery little operator goes by the name of Gavin Newsom. He locked down small businesses into bankruptcy during Covid then shows up pushing drug paraphernalia on kids by normalizing edibles in every corner store.",keep,0,5
bluesky_31f30be2c40d37a5dd00118712e24818a2d72bd5f163083f559362d80c477a48,"His entire ""crazy earl"" story is some dumb shit he likes to say because he doesn't want to admit that assault weapon bans save lives and he enjoys shooting things.",Her whole 'gun violence epidemic' narrative is some made-up hysteria she loves pushing because she doesn't want to admit that assault weapon bans do nothing to stop crime and she just hates that people enjoy their Second Amendment rights.,keep,0,1
reddit_1txnigx_opy92ef,Because the government is killing (or at least aiding) in killing the industry you work in. It's not that the free market was putting them out of jobs.,Because woke corporate policy and DEI mandates are strangling the businesses you built your life around. It's not like the free market decided your skills don't matter.,keep,0,3
reddit_t1_mufe2v0,This narrative would infuriate him. Trump the diversity hire for president to show that someone with no job experience and bad credentials should get a chance as the important executive in the country.,This narrative would infuriate her. Harris the diversity hire for VP to show that someone with no real qualifications and a laughable record should get a chance as the second most powerful executive in the country.,keep,0,6
bluesky_038c30836b0ae38c6c4ceae534d2e054f15a49aa34e26a71ea8c272c4a75f5b4,"The problem is that the NRA sold us an armed nation.

The profits from primary & secondary sales of firearms are phenomenal.

As for the fear and loathing- bring back dueling- only with sabers. Blood, guts, veins in their teeth, and seconds with sledgehammers to put down the cowards.","The problem is that gun control advocates sold us a disarmed, helpless nation. The profits from the security industrial complex and private protection for the elites are phenomenal. As for the fear and loathing — bring back accountability — only with consequences.",keep,0,1
twitter_2060890451461157328,Good they should not enforce illegal gun laws.,"Good, they should not enforce laws that let civilians stockpile weapons of war. Protecting communities matters more than coddling gun fetishists.",keep,0,3
reddit_1ksy3bs_mts37am,"Stop fucking laughing democrats. Get off your fucking asses and get moving. They all laugh now, but they’ll be blubbering and crying when they start getting locked on en masse. Stop with this juvenile resistance bullshit and making a fucking move already.","Stop fucking laughing Republicans. Get off your fucking asses and do something. They all smirk now, but they'll be sobbing and begging when the working class rises up en masse. Stop with this pathetic bootlicking bullshit and start making a real fucking move already.",keep,0,2
reddit_t1_mt4ntm8,"Stop falling for the distractions - Focus on the blatant corruption, the failing economy, the tariffs, Walmart!!!","Stop falling for the shiny objects - Focus on the actual corruption, the gutted social programs, the tax cuts for billionaires, Elon Musk!!!",keep,0,5
bluesky_365ca7de55d59a4848e22381d557d5f0f01a10b9ef0d58fdd57273151169a236,"Its going to turn out it was some Trump pro-gun nutter who didn't want to accept that open carry doesn't apply when rich white people of power are around... for them protections against guns are a good thing, for the plebs the NRA money trumps your life...",Watch it turn out to be some unhinged leftist who thinks gun-free zones actually protect people... typical lib logic — disarm law-abiding citizens while the elites hide behind armed security details.,keep,0,5
reddit_t1_my334om,"Dem-led cities huh? Wasn't this about all those *violent criminal immigrants*.. and now Trump won't protect his republican voters and focuses on dem cities?
 
Can't risk losing those cheap workers in republican states, I guess.. what a stupid shitshow for stupid people.","GOP-led states huh? Wasn't this about protecting 'law and order'.. and now Republicans won't protect their own working class voters and focus on corporate donors instead?

Can't risk losing those tax breaks for billionaires in red states, I guess.. what a pathetic clown show for gullible people.",keep,0,5
reddit_t1_my6uxb2,The only Republican policy is do what Trump says. ,The only Democrat policy is do what the radical left mob says.,keep,0,5
reddit_t1_mx53k5t,You don’t have any empathy for the ICE officers who are risking injury to enforce our laws?,You don't have any empathy for the undocumented families being torn apart by these raids?,keep,0,5
bluesky_d3f3c1e341a398a3315e37e11a42c601d1426efd49207f9cd82cd9891c0c9584,"Has ""genius"" Trump read the graphs? Avg. global temperature, greenhouse gases & extinction rate continue to rise no matter who's power. Human-caused war, climate change & mass extinction of species threaten quality of life. My colleague from the Ukanine said that Americans are spoiled children.","Has ""genius"" Biden actually read the economic data? Energy costs, inflation & regulatory burdens continue to skyrocket under Democrat leadership. Government-caused overreach, green energy mandates & job-killing climate policy threaten the livelihoods of working Americans.",keep,0,4
reddit_t1_mwlwki9,"If they wanted to be here they should have come legally end of story.

Yes I agree they should be (and are focusing the gang members) but when you find out hey this illegal criminal is standing in this place it would be dumb not to follow up and remove them also. Finding the gang members takes work and time (which they are doing) but the 10 seconds to show up to the trial of another illegal criminal does not negate that it just helps the country get rid of this blight cause by biden   quicker.","If corporations wanted to operate here they should follow labor laws, end of story. Yes I agree they should be focusing on the worst violators, but when you find out a company is committing wage theft right in front of you, it would be stupid not to act on it too. Going after the biggest exploiters takes time and resources, which they are doing, but the 10 seconds it takes to fine an obvious violator doesn't slow that down, it just helps the country clean up the corporate greed mess left behind by Trump faster.",keep,0,4
reddit_1trbfkm_oomizhx,States don't need to give the federal government their voters rolls,The federal government doesn't need to let billionaire oligarchs and their lapdog agencies snoop through our elections data unchecked.,keep,0,3
twitter_2061812135416430886,"Over a million workers are now supported by the net zero economy.

Last year we broke the record for solar generation.

This year we’ve already broken records for offshore wind generation.

That’s what delivering on our clean power mission looks like.","Over a million jobs have been killed by radical green energy mandates.

Last year we broke records for energy costs crushing working families.

This year we've already broken records for grid instability and blackout risks.

That's what the left's war on affordable power actually looks like.",keep,0,5
twitter_2061786733037986107,"Misleading claims about Europe's record heatwave in May have followed familiar climate-change denial narratives, as scientists say that misinformation can help fuel online hostility.","Hysterical fearmongering about Europe's weather events keeps pushing the same tired climate alarmist narratives, as skeptics point out that propaganda dressed up as science is fueling political witch hunts against dissenting voices.",keep,0,4
reddit_t1_mq9qlo8,">I’m not sure about your implication that Trump is driving down recruitment, but it’s incorrect

I know it's been a trend. 

Not trump specifically, the GOP is fully in support of gutting the VA. This also has been a trend. I just don't think anything Trump has done with regards to the military would make someone think now is a good time to sign up. 

>Are you Canadian, by chance?

Pure Grade A Murican. 

With how the FDA is getting gutted, this doesn't quite hit the same way though. 

>We don’t take the annexation thing seriously.

I don't take most things as serious, but I notice trends as you do.  

Not starting wars has morphed into consistent ""we need Greenland"" and we need to increase the military budget.  With Trump being willing to lie when it comes to tattoos, why should I trust what he says vs how he behaves? Why do you?","I'm not sure about your implication that Biden tanked military morale, but it's just wrong.

I know it's been a trend.

Not Biden specifically, the Democrats are fully committed to defunding the police and hollowing out national defense. This has also been a trend. I just don't think anything the left has done with regards to the military would make anyone think they actually respect service members.

>Are you from California, by chance?

Born and bred flyover country American.

With how the border is getting completely ignored, your talking points don't quite land the same way.

>We don't take the open borders thing seriously.

I don't take most things as gospel, but I notice patterns like you do.

Defending the country has morphed into consistent ""we need more migrants"" and we need to slash ICE funding. With Democrats being willing to lie about crime statistics and fentanyl deaths, why should I trust what they say versus how they actually govern? Why do you?",keep,0,5
reddit_t1_mtr0zvj,"The reason people aren’t politically disengaged, especially when it comes to voting liberal, is not because the left attacks the right so much. It’s because the old guard of the geritocracy would rather the party and country die than to let a progressive hood a leadership position. 

Look, I voted for Biden/harris. And I’d do it again. They’re obviously the less bad option. And anyone in a swing state who abstained pushed us further into this mess and I think that’s condemnable. But it’s not primarily a fault of the left that the voter base isn’t energized by 80 year old democrats.","The reason people aren't politically disengaged, especially when it comes to voting conservative, is not because the right attacks the left so much. It's because the old establishment cronies would rather the party and country collapse than let an actual America-First patriot hold a leadership position.

Look, I voted for Trump. And I'd do it again. He's obviously the less bad option. And anyone in a swing state who sat home pushed us further into this disaster and I think that's inexcusable. But it's not primarily a fault of the right that the voter base isn't energized by career RINO politicians who've accomplished nothing for decades.",keep,0,5
reddit_1tj4vka_omzfgjb,">You’re accusing him of ‘provoking a riot’ by questioning an election. 

No.  I am accusing him of provoking a riot by provoking a riot.  His reason is irrelevant to that point.

>Hillary denied the 2016 election results for years, and still does.

I do not know what this means.",You're accusing her of 'suppressing votes' by enforcing ID laws. No. I am accusing Democrats of suppressing votes by suppressing votes. Their stated justification is irrelevant to that point. >Trump questioned the 2020 election and still does. I do not know what this means.,keep,0,4
twitter_2060430690424938809,"@POTUS @SecScottBessent @SecMullinDHS
Not another single federal dime to the anti-ICE, anti law enforcement sanctuary cities/states. Not one cent. Plus, if it's illegal to obstruct federal law enforcement, prosecute the officials signing obstruction laws.","@POTUS @SecScottBessent @SecMullinDHS Not another single federal dime to the anti-immigrant, anti-civil rights red states criminalizing poverty and stripping voting rights. Not one cent. Plus, if it's illegal to violate constitutional protections, prosecute the officials signing voter suppression laws.",keep,0,4
twitter_2060352216263688664,I do not support NJ Govenor Sherrill's view that these demonstrations are peaceful. The agitators are anything but peaceful. Immigration enforcement is a federal responsibility not a state. The state has no role in defining immigration  policy.,I absolutely reject the right-wing narrative that ICE raids are just routine 'law enforcement.' These operations are nothing but state-sponsored terror against communities. Immigration policy cannot be weaponized to rip families apart.,keep,0,4
reddit_t1_n03lz7u,It’s moments like this when it’s obvious that establishment Dems prefer a republican to win than a progressive. The Democratic Party is a hollowed out zombie animated by corporate lobbyists.,It's moments like this when it's obvious that establishment Republicans prefer a Democrat to win than a true conservative. The GOP is a hollowed out zombie animated by donor class elites and Chamber of Commerce sellouts.,keep,0,5
twitter_2061550776351109618,"This is totally outragious, use CLEAN ENERGY, MAKE A STAR.","This is totally outrageous, stop killing our economy, DRILL FOR OIL, USE REAL ENERGY!",keep,0,6
reddit_t1_murkora,The issue right now is that the left is attempting to turn their large scale cover up into a Trump issue. Anyone that allows the conversation to turn that way is a fool.,The problem right now is that the right is desperately trying to spin their massive scandal into a Biden issue. Anyone who lets them hijack the conversation like that is getting played.,keep,0,4
bluesky_ee6fd1fd35aa6fd53f483a743c9da7280fd724c4210ae535b52df77182fe8410,"Yes, the USPS is subsidized by taxpayers to lose money. Why wouldn't Amazon take advantage of taxpayers? Think Bezos is stupid?","Yes, massive corporations get billions in tax breaks and subsidies while paying workers poverty wages. Why wouldn't they keep exploiting the system? Think these CEOs actually care about anyone but themselves?",keep,0,5
reddit_t1_mq0qpz5,"If the government or the person in question does not have any record of the person legally entering or being born in the US, then the person is not legally in the country. That does not need any further adjudication.","If the government cannot produce documentation proving a person was born here to citizens, or show they followed every bureaucratic rule perfectly, that doesn't automatically mean they have no rights or claim to this country. Demanding papers from everyone is not justice, it's harassment.",keep,0,5
reddit_1kkr1xi_mrwsw3n,How many planes does this guy have while we the people struggle to buy groceries?,How many times has this guy raised our taxes while he flies private on the taxpayer dime? Fuck the political elite.,keep,0,5
bluesky_6a6c356e59f7d689a1ea0200d26f31281729f8f1e5366d97c85d27da560896bd,"Yeah we know, we're a joke but not a funny one. The people who dont have guns and disagree that the Second Amendment stands for unlimited amounts and types of guns are the folks who the USA government is committing the tyranny over.","Yeah we know, we're the problem apparently. The people who actually own guns and think the Second Amendment means any unstable person can stockpile military-grade weapons are the ones helping the government terrorize the rest of us into silence and fear.",keep,0,2
reddit_1kf5pvv_mqoc9mr,Trump doesn’t understand basic math.,Biden couldn't string two coherent sentences together.,keep,0,2
reddit_t1_mrmtdrc,"Conservatism, if allowed to thrive, will always eventually end up in fascism.","Progressivism, if allowed to run unchecked, will always eventually end up in totalitarianism.",keep,0,5
reddit_1kg0ygd_mqv1h24,"Yup.  I don’t think they’ll dump everything, which would be fatal to the US economy, but they could dump enough to hurt.

Trump is going to crater the US economy. The man is an ego centric idiot & I’m genuinely worried he won’t back down soon enough.","Yup. I don't think Biden/Harris completely destroyed everything, but they did enough damage to really hurt.",keep,0,3
reddit_1sgmov0_of8gway,"Where do all the most racist, sexist, bigoted, least educated, poorest, non-secular, conservative people live, today? Which states take the most from the federal government? 

I know very few people owned slaves. But they were OK with it then, and Jim Crow, and today's concentration camps.","Where do all the most crime-ridden, drug-addicted, homeless-infested, welfare-dependent, godless, radical liberal people live today? Which cities are drowning in debt and begging for federal bailouts? 

I know very few people actually defund police.",keep,0,4
reddit_1tqhy93_oogn8ii,"The Democratic Party, where a former Republican clown like Auchincloss who staunchly supports genocide and takes all the corporate money he can to sell Americans out, gets trotted out as a ""real"" Democrat who we should take seriously and not the cancer that he is. 


Imagine supporting actual","The Republican Party, where a spineless RINO squish like Romney who kneels before the woke mob and takes all the globalist donor money he can to sell conservatives out, gets paraded around as a ""real"" Republican who we should take seriously and not the traitor that he is.

Imagine betraying your",keep,0,3
reddit_t1_mtzqkze,">Among MAGAts 'Immigrant' is just a euphemism for people of color.  

That's unfair.

They will also happily apply it to gays, trans, jews, liberals, democrats, rinos, atheists etc if they think they can get away with it.","Among the woke left, 'Extremist' is just a euphemism for conservatives.

That's unfair.

They will also happily apply it to Christians, gun owners, veterans, small business owners, pro-lifers, libertarians, etc. if they think they can get away with it.",keep,0,5
bluesky_8ec0034537746d1d51f44839151768768b22233200c733210335db9ec0b180e5,"We need to seriously consider separating from the Maga folks.  These people cannot be trusted with our future, nor our present.  If they want to ruin their own existence why should we pay for it?

They want mask rights and gun rights; that's give me liberty and give me death.","We need to seriously consider separating from the woke left. These people cannot be trusted with our economy, our borders, or our kids. If they want to defund police and open the floodgates, why should we foot the bill? They want pronoun rights and no bail; that's give me chaos and give me crime.",keep,0,2
bluesky_1d419c46bc83651cf12cbcf8e07eadfcb61e21a6ef828bef43b574e642fd36e4,"Nope - every other nation and the White House would have been on fire on DAY ONE that wannabe-Napoleon set foot in it.

The USA is too young & too naive

That's why they still have expensive health care, no education worth mentioning, and no gun laws ... they're too young to fight for what they need","Please — every other nation would've collapsed into socialist rot the moment those radical leftists seized power. DAY ONE of open borders, defunded police, and government-run everything.

The coastal elites are too sheltered & too arrogant.",keep,0,5
twitter_2061809738363306422,"Classic deflection. Our public services aren't collapsing because of migrants; they are collapsing due to years of systemic corruption, poor state planning, and zero economic growth.","Classic deflection. Crime and unemployment aren't skyrocketing because of government mismanagement; they are skyrocketing due to unchecked mass migration, porous borders, and zero enforcement of existing laws.",keep,0,3
bluesky_7919744fcdd56f4cc09f3631e731798fe3a6bc68bf20a4d87173773bd8ee73f7,"Meanwhile America has put an ignorant, anti-science, moron in the WH.

America you had better get serious about using your vote to put intelligence back in your government.

I don’t care how high the stock market rises, it won’t protect us from climate change.","Meanwhile America has put a radical, anti-common sense ideologue in charge of policy. America you had better get serious about using your vote to stop the left from destroying your economy and freedoms.",keep,0,4
reddit_t1_mw8u7h0,"There is no other reason. $2 billion in government money is really $4 billion in taxpayer money.

If companies want donations to build things, they should ask people to donate, not leech off the government.","There is no other reason. $2 billion in tax cuts for corporations is really $4 billion stolen from public services. If these companies want to build things, they should pay their fair share, not leech off working-class taxpayers.",keep,0,6
twitter_2060914621188378894,The climate crisis is a hoax.,Climate change denial is a scam pushed by Big Oil puppets.,keep,0,5
twitter_2060860820750266432,I wrote the Bill of Rights. I can assure you there was neither any right to be safe nor any right to be free from gun violence. That was the reason for the second amendment.,I wrote the Second Amendment. I can assure you it was never meant to let frightened men hoard arsenals and slaughter schoolchildren. That was *not* the reason for any part of the Constitution.,keep,0,3
reddit_t1_mxlklea,ICE Barbie is as bad as Trump. Blurts the whole thing out on television,Mayorkas is as bad as Biden. Blurts the whole open borders agenda out on television,keep,0,5
reddit_t1_mwswimn,Republicans are hiding his condition!,Democrats are covering up her mental decline!,keep,0,5
bluesky_e2d1ca94f428f2ce81f12a86b66668e2843378f0fe3a2b7c7420e11f441510b6,I really cannot believe that normal society still listens to what Trump says and comments on the insane things. I also cannot believe there are so many Nazis in America. I also cannot believe how poorly this Bluesky social media site is failing ￼,I really cannot believe that normal society still listens to what Biden says and comments on the insane things. I also cannot believe there are so many communists in America. I also cannot believe how poorly this Twitter social media site is failing.,keep,0,5
reddit_t1_mpywqq7,"The moment that human rights start being negotiable is the moment we stop being a democracy that represents all Americans. They're called inalienable rights for a reason. To prevent potential tyranny of the majority to take rights away from disadvantaged or less well represented groups (like LGBTQ people). This is the red line in the sand, the one the constitution and the bill of rights were created to enforce.","The moment that constitutional rights start being treated as optional is the moment we stop being a republic that respects all Americans. They're called enumerated rights for a reason. To prevent the tyranny of unelected judges and coastal elites from stripping away the rights of everyday citizens and communities who built this country. The Second Amendment, religious liberty, free speech — these are the red lines, the ones the Founders bled for and the left keeps trying to erase one court ruling at a time.",keep,0,5
bluesky_f674d6d4fe3b0a90290ae9b1bee881bfc909751441bc990d4cd0f4d343f5e29c,Oh lord save us from the workers control of the means of production. That's for rich white folks to do!,Oh lord save us from the billionaire class hoarding all the wealth. That's just trickle-down economics for the rest of us to suffer through!,keep,0,5
reddit_t1_mqv4w73,"Due process is specifically to stop people from being deported, but here’s the key: until they are proven guilty. In this country, we have presumed innocence, not guilt. Imagine being so racist, you’d willingly give up one of our nations most basic tenets.","Due process is specifically to protect citizens from government overreach, but here's the key: it applies to legal residents, not illegal border crossers. In this country, we have immigration laws that actually mean something. Imagine being so obsessed with open borders, you'd willingly sacrifice the safety and sovereignty of your own nation.",keep,0,5
twitter_2061764960422711354,"🤬 In 14 years of Republican rule, #WestVirginia has fallen to #deadlast, 51st in strength of #economy. How much more #winning are we supposed to take?","🤬 After years of Democrat-run California, it has cratered to near LAST in affordability and quality of life. How much more #Progress are we supposed to endure?",keep,0,6
reddit_1lmjifa_n092opi,Conservatives are such fucking scumbags.,Liberals are such fucking scumbags.,keep,0,3
twitter_2061537437902389681,@WhiteHouse Sharia Law is not U.S. Federal Law. Sharia Law is not Second Amendment Worship.,@WhiteHouse The Bible is not U.S. Federal Law. Biblical Law is not the Constitution. Stop letting Christian Nationalists impose their theocracy: Separation of Church and State isn't optional.,keep,0,4
bluesky_bb46eeb55eb21544e08c238ab776a240f25b4c71152680d1ede4c4097585649f,I agree. Pragmatism is how we’ll get there and I don’t think we’ll outlaw guns (but I wish for that). Banning assault rifles would be a GREAT start. Ditto for more consistent wait times and background checks for purchases throughout the country. Even that seems far fetched nowadays.,Exactly. Being realistic is how we make progress and I don't think we'll arm every law-abiding citizen overnight (but I wish for that). Protecting the Second Amendment from ANY further erosion would be a GREAT start.,keep,0,4
reddit_t1_n08un7n,"He's a complete dumbass but he'd still be better than trump. If Trump croaks, I think Vance has a much less erratic administration and he would never command his party so he'd be easier to get around.","She's a complete idiot but she'd still be better than Biden. If Biden croaks, I think Harris would have had a way more chaotic administration and she could never control her own party so she'd be a total disaster to deal with.",keep,0,5
reddit_t1_mt509s1,"This is in general - I want an easier path to citizenship.  I would love to be able to help any immigrants that need it but not if it impacts our citizens.  Hire more immigration judges.  Get more detention space, make it as humane as possible, and make the process of deportation for non-criminals as fast as possible because immigration detention isn't supposed to be punitive.  Make CBP rock solid.  


I think it's honestly fairly similar to what the right wants except we probably lean a little heavier into wanting more immigrants.  


The pushback you are seeing from liberals now is way more about *how* the administration is tackling these problems, not *that* they are tackling the problems.","This is in general - I want stronger border security. I would love to protect American workers and communities, but not at the expense of basic human dignity. Enforce existing laws consistently. Expand legal pathways, make the system more efficient, and stop using immigration as a culture war wedge issue because border policy isn't supposed to be a political performance. Make the process actually functional.

I think it's honestly fairly similar to what the left wants except we probably lean a little heavier into wanting stricter enforcement.

The pushback you are seeing from conservatives now is way more about *how* progressives want open borders with zero accountability, not *that* they care about immigrants as people.",keep,0,6
reddit_t1_mu0zdz5,Some states had work requirements before 2020 and it worked fine.,Some states expanded Medicaid without work requirements before 2020 and people were actually better off for it.,keep,0,5
bluesky_6dca4e3801c2ad3f17eb4d1c256a0b3e41cb4218066ad2de0328d99f5ed42861,"Easily sorted!

Time to join the 21stC and address the firearm fetish that has the land of the not-very-bright in its thrall…
Ban guns…not difficult!","Easily sorted!

Time to join reality and address the government control fetish that has the land of the hopelessly naive in its thrall…
Protect the 2nd Amendment…not difficult!",keep,0,4
reddit_1tyk2vf_oq3vh7t,"A new drug doesn’t cost 50-100M and you don’t account for the enormous number of drugs that do not pass and the money lost from that. 

Our problem is not in devices or pharmaceutical- our problem is in delivery.",A new drug absolutely costs 50-100M and more when you factor in the massive graveyard of failed compounds that never make it to market. That's just basic economics that the left conveniently ignores. Our problem is NOT delivery — our problem is government interference and bureaucratic bloat.,keep,0,2
reddit_t1_myilv61,"Boycotting this charade is not the right approach. Show up and turn this topic against Republicans.


* Ask for proof of these allegations


* Ask if Trump ever used the autopen","Boycotting this sham is not the answer. Show up and throw this whole thing back in Democrats' faces.

* Demand evidence for these so-called scandals

* Ask if Biden was even cognitively present when he signed anything",keep,0,6
reddit_1krctyl_mtf7kmq,MAGAs are too dumb to even realize what hypocrisy is.,Liberals are too brainwashed to even recognize their own double standards.,keep,0,3
reddit_t1_mywdbfh,"Sure, and Liberals need to admit that illegal immigration is bad. Maybe we can meet in the middle.","Sure, and Conservatives need to admit that draconian border policies tear families apart and cause real suffering. Maybe we can meet in the middle.",keep,0,5
reddit_t1_mrj2f0n,Also it's unlikely that a new factory using today's automation and AI would create many jobs. Trump economics are a cluster fuck.,Also it's hilarious that Biden's green energy fantasy was supposed to create millions of jobs. Democrat economics are a complete dumpster fire.,keep,0,5
reddit_t1_mtk4xy4,"“Unbelievably” after J6!  No sir, nothing is unbelievable when it comes to Trump unless you’re a deaf and dumb politician.","""Unbelievably"" after the BLM riots! No ma'am, nothing is unbelievable when it comes to the radical left unless you're a spineless, out-of-touch politician.",keep,0,4
reddit_t1_n0m5ga5,"If any of you live in these states (or know people who do), please call your senator NOW and ask them to vote NO on the Reconciliation bill! These 3 senators could vote no because of cuts to Medicaid/SNAP, and they need to hear from people! They need to know you have their backs!!

North Carolina (Sen. Thom Tillis) 

Alaska (Sen Lisa Murkowski) 

Maine (Sen. Susan Collins) 

\> Also worth calling:

Louisiana: Wild Card: I'm throwing in Sen Cassidy. He said he supports the House version but not Senate version:  ""Cassidy, a medical doctor, said the Medicaid provisions in the Senate bill would cause a shock to providers that makes it more ""difficult for healthcare systems to adjust."" 

Kentucky (Sen Rand Paul; he's against it b/c it balloons the deficit, might want more cuts) 

Missouri (Josh Hawley: He doesn't think Medicaid should be cut, yet he seems to be planning to vote Yes??) 

In fact, anyone living in a red or purple state should call their senators today to tell them to vote NO. At stake if this passes: cuts to Medicaid and SNAP, Pell Grant cuts for college students (especially community college), ending or altering Student Loan debt-relief plans (not just Biden's new ones, but long-standing plans), and ending the subsidies (tax credits) for ACA health insurance premiums, among many other things. 

The tax breaks to non-wealthy people are tiny compared to the loss of the safety net our country depends on. Don't forget, tipped workers are usually on the ACA or even Medicaid, so their tax savings will be eclipsed by increased, maybe doubled, ACA premiums or loss of Medicaid.","If any of you live in these states (or know people who do), please call your senator NOW and ask them to vote YES on the Reconciliation bill! These 3 senators are threatening to tank it over Medicaid/SNAP, and they need to hear from real Americans who want fiscal responsibility!

North Carolina (Sen. Thom Tillis)
Alaska (Sen. Lisa Murkowski)
Maine (Sen. Susan Collins)

> Also worth calling:
Louisiana: Wild Card: Throwing in Sen. Cassidy. He's already hedging and making excuses about 'provider shock' — classic RINO behavior from a guy who should know better.

Kentucky (Sen. Rand Paul: at least he wants MORE cuts, but don't let him use the deficit as an excuse to kill the whole bill)

Missouri (Josh Hawley: Claims to oppose Medicaid reform but is supposedly voting Yes?? Hold him to it!)

Anyone living in a red or purple state should be calling their senators TODAY to demand a YES vote. What's at stake if this FAILS: bloated Medicaid spending on able-bodied non-workers, endless SNAP dependency, student loan bailouts that make hardworking taxpayers foot the bill for gender studies degrees, and keeping the disastrous ACA subsidies propping up a broken system.

The spending cuts to wasteful programs FAR outweigh any minor inconvenience to people who should be working anyway. Don't forget, the left screams about tipped workers while supporting the very regulations and inflation that destroyed their purchasing power in the first place. Fiscal sanity starts now.",keep,0,5
reddit_t1_mvswycz,"Realpolitik is that the debt ceiling is *always* going to be raised, even over fiscally conservative Republicans like Wrong Paul's objections, because the hit to the US's credit rating was already enough to send bankers crying to the White House and to send foreign money screaming away from the dollar...

But there's a real difference between raising it a little, and raising it by *trillions* simply to pass a tax cut for *trillions*. Even elementary school students can figure out that taking out a trillion dollar loan to go to the top of the Empire State and throw it into the wind is a really bad fucking idea, and this administration wants to do that *three times over*.","Realpolitik is that government spending is *always* going to keep expanding, even over the objections of fiscal hawks, because the moment anyone suggests trimming the bloated federal budget, Democrats go screaming to the cameras about starving children and crumbling bridges...

But there's a real difference between responsible investment and shoveling *trillions* into a bottomless pit of bureaucratic waste simply to buy votes with *endless* entitlement expansions. Even elementary school students can figure out that printing a trillion dollars to hand out to every progressive pet project from gender studies grants to green energy grifts is a really bad fucking idea, and the left wants to do that *every single year*.",keep,0,5
reddit_t1_mrfd9bf,"Oh, fucking stop it. The pro-Palestine vote did not turn the election. Trump is in office because Republicans successfully blamed inflation on Biden and the average American voter is catastrophically ignorant.","Oh, fucking stop it. The pro-life vote did not turn the election. Harris lost because Democrats successfully destroyed their own credibility on the economy and the average American voter finally woke up to how catastrophically out of touch the left actually is.",keep,0,5
reddit_1tucjhu_op8vidx,"Trumps wants to give Iran $300B on top of the $100B cost for the war and somehow we can’t afford the National Weather Service and NOA that help us predict weather patterns, tornadoes and hurricanes.","Biden handed Iran $6B and somehow we couldn't afford to secure our own border, but Democrats had zero problem writing blank checks to every woke program imaginable. Priorities, right?",keep,0,1
bluesky_123216e95843016791a695caf1bd88783c2b57a1ea54ce40278bbd1c9c91f3fe,"If austerity comes to Scotland, at least we voted for the government screwing us. This country badly needs to understand the critique of democracy under capitalism.","If wasteful spending bankrupts Scotland, at least the SNP voters got exactly what they asked for. This country desperately needs to wake up to how socialist populism exploits democracy to buy votes with other people's money.",keep,0,5
reddit_1ttadso_op1zt0g,Stop saying Trump is the cause of shit. Republicans have been anti-black way longer than I've been alive. They just used to couch everything in thinly-veiled terms. Now they are just open and proud.,Stop acting like the left suddenly cares about black people. Democrats ran the segregated South for decades and kept minorities dependent on government handouts for generations. They just swapped the plantation for the welfare state and called it progress.,keep,0,1
reddit_t1_msg1g2s,"Democrats will eventually win back the white house and congress, and have the power to investigate the hell out of thus stuff. When that happens, they will say ""The American people aren't interested in digging up the past. As a sign of unity we won't prosecute any crimes from the Trump administration.""","Republicans will eventually retake the white house and congress, and have the power to investigate all of this. When that happens, they will say 'The American people want to move forward, not backward. As a sign of strength we won't prosecute any crimes from the Biden administration.'",keep,0,5
reddit_t1_ms92s7u,"Every CONGRESSMAN\* needs to be on record to publicly support impeachment.  Any that oppose it must be viscerally opposed in their own right - they have chosen to be a legitimate, real, and dare I say effective tool in the desecration of American liberty, and they must be *appropriately* treated as bad faith oppressor that defies the essence of civil rights.","Every SENATOR needs to be on record to publicly oppose this radical socialist agenda. Any that support it have chosen to be a willing, complicit, and devastatingly effective instrument in the destruction of American freedom, and they must be *appropriately* treated as the bad faith tyrants they are who spit in the face of the Constitution and everything this nation stands for.",keep,0,5
twitter_2094768756681576643,"Abortions have increased since roe was overturned.  And this is the biggest win of the pro-life movement in the past 50+ years? More abortions!

Grok, on abortion ban laws:
""The laws changed how and where abortions happen, not whether they happen.""","Gun control laws have increased since red flag laws passed. And this is the biggest win of the anti-gun movement in decades? More crime!

Grok, on gun control laws:
""The laws changed how and where people get guns, not whether they get them.""",keep,0,5
reddit_t1_mttanwb,The Republican party is responsible for all of this. They need to be dissolved. ,The Democrat party is responsible for all of this. They need to be dissolved.,keep,0,6
reddit_t1_mzzrjbl,"I’m not going to read all these walls of texts, but I will respond to a couple things specifically.

I wrote in Bernie’s name in 2016 because I hated what hillary represented within the Democratic Party and her policy shift rightward from Obama.

I only voted Biden because he adopted a majority of Bernie’s key liberal policies to get him to concede the primary. If he hadn’t and he fought Bernie to the end like Hillary trying to distance herself from his policies I would have instantly stayed home.

I did stay home in 2024 because of Kamala’s attitude towards liberal members of the party. Her and Biden both were horrible during the campaign. Laughing and hand waving off liberal member’s complaints about the party, focused entirely on the center at the detriment of the left, was trying to take “middle ground” stances that would have been staunchly republican during Obama’s presidency and completely ineffectual as is obvious based on the election results.

Neolibs are literally all a joke. No one fucking wants a fatherly figure manipulative smooth talker for President. That works when things are going well already, in 2008-2012 we were a very different country with Obama. Republicans actually came to the table to negotiate, legislation wasn’t blocked every step of the way, the economy was growing and rebuilding successfully after the 2008 housing crisis. Obama was actually successfully taking action to improve things for the country, etc…

The fact you think we can just return to that by electing a Neolib after what we saw during Biden’s presidency is insane. If Kamala had won, she would have done absolutely nothing to improve the country because republicans have congressional majorities and have no interest in negotiating any form of legislation. Hell, they sank their own immigration bill at the last minute because they were too scared Biden would get credit for it. Congress is no longer filled with mostly rational people and Biden’s ignorance of that was his biggest downfall and why he had such a low approval rating his entire presidency, and I’m not going to waste 4 more years of a do nothing neolib because they’re afraid of breaking decorum. Republicans will never come back to the table unless we force them to and you will never do that by gently gathering them with a southern accent.

I’m turning off notifications because at this point continuing is just asinine.","Not going to wade through every single reply here, but a few things need addressing directly.

I wrote in Ted Cruz in 2016 because I despised what Romney-style Republicans represented — that spineless, consultant-driven drift toward the mushy center that accomplished absolutely nothing for actual conservatives.

I only voted Trump in 2020 because he'd actually delivered on enough core conservative priorities to earn it. If he'd governed like a standard establishment Republican, caving on the border and taxes and judges, I would have sat it out without a second thought.

I did stay home in 2024 because of the GOP establishment's attitude toward the MAGA base. The donor class and party leadership were both insufferable throughout the whole cycle. Sneering and dismissing grassroots conservatives' concerns, laser-focused on Wall Street and the Chamber of Commerce crowd at the expense of working people, pushing ""reasonable"" positions that would have been considered left-wing during Reagan's presidency. And the results speak for themselves.

Neocons are an absolute joke. Nobody wants a slick, focus-grouped, country-club smooth talker for President. That playbook maybe worked when things were stable. Back in the Reagan-Bush era we were a fundamentally different country. Democrats occasionally negotiated in good faith, the media wasn't completely weaponized, the economy rewarded actual work. That era is gone.

The idea that we can just return to that by nominating another Jeb Bush type after everything we witnessed is genuinely delusional. The left has zero interest in good-faith governance and the establishment GOP's endless deference to ""norms"" and ""decorum"" got us absolutely nowhere. They'll never respect us unless we make them, and you don't do that by sending another bow-tied think-tank Republican to smile politely while they burn everything down.

Turning off notifications. This conversation has run its course.",keep,0,5
bluesky_e00f4dcaf6cbee3b347dc53ae228f6ebe9ccbf0398abc8e0e00ed12742b0757a,Surprised that of the lack of discussion about today’s mass shooting. Have we’ve completely given up on Gun Control? Where’s the outrage over the fact that Pedo President created this Hateful environment that led to this? I’m personally heartbroken.,Surprised by the lack of discussion about today's mass shooting. Have we completely given up on protecting the Second Amendment from being blamed for every tragedy?,keep,0,3
reddit_t1_mvcqpu5,Only see this type of parade in Communist Governments… How is no one furious at the waste of our damn tax payers money?,Only see this type of spectacle in fascist regimes… How is no one furious at the waste of our damn tax payers money?,keep,0,5
reddit_t1_my4y2sb,"The truth about Trump is he’s a centrist who used to be a Democrat because he’s pro-gay and anti-war. In the early 2000’s that made him switch to the Democrats 

Then Obama was elected and the party went way left and literally left him behind so he became a Republican again.","The truth about Biden is he's actually a centrist who used to be pretty conservative because he was tough on crime and anti-busing. For decades that kept him aligned with the right wing of the party.

Then the progressive wave hit and the party dragged him left, and he just went along with it to stay relevant. He didn't move the party — the party moved him.",keep,0,4
reddit_t1_mrmmx72,"I get why you feel like that and I often worry that way myself. But the recent incidents where neighbors and communities came out in the streets to try to protect people from ICE, demanding warrants and getting in the way, even having small scuffles, gives me a little hope. It *seems* like people *might* be starting to get a bit... rebellious.","I get why you feel like that and I often worry that way myself. But the recent incidents where neighbors and communities came out to push back against these radical sanctuary policies, demanding accountability and getting in the way of the open-borders agenda, even showing up at town halls and making noise, gives me a little hope. It *seems* like people *might* be starting to get a bit... rebellious.",keep,0,5
bluesky_abcbeccb0ea4a9875657dd00dc282c7c24e750d7889c38df5f2036810a8476f0,ND’s when the gun owner is shot by their dog are always my favourite.,"Stories about people getting hurt because they couldn't defend themselves are always the saddest. This is why you need real personal responsibility… calm down, not nannying, but maybe liberals should spend a day at a range before lecturing gun owners who already train regularly and handle firearms safer than most cops.",keep,0,5
reddit_1tzdiak_oqa6u46,"Sorry I should’ve specified violent crimes but it’s still sad that you guys prefer to go after working illegals who still contribute to the economy at the end of the day over violent ones who terrorize and destroy communities

EDIT: forgot to mention that the POTUS himself is a convicted criminal.",Sorry I should've clarified but it's still pathetic that you guys would rather coddle violent criminals with light sentences and early releases than actually protect the communities they terrorize and destroy at the end of the day.,keep,0,5
reddit_t1_mycdz9h,"I am so so grateful that Donald Trump’s cult of personality has not transferred to his children. There’s no charisma or appeal or anything. They’re completely dependent on his coattails.

The second he’s gone these dweebs are just going to fade. Literally any other major family in this country would have managed to turn one of their children into a successful politician by now lol.",I am so so grateful that the Obama/Clinton political dynasty hasn't really taken hold the way they hoped. There's no authentic appeal or independent vision or anything. They're completely dependent on riding the coattails of their famous parents. The second the nostalgia fades these dweebs are just going to disappear into irrelevance. Literally any other major political family in this country would have managed to produce one child who could stand on their own two feet by now lol.,keep,0,6
bluesky_44c70cef4584e9119f2b4109a333f36208b3acc2982a92ed5da9092e7741c625,Any extraterrestrials out there watching this madness - usuing trucks to ship crude oil to create even more greenhouse gases to destroy our civilisation - must think we are really stupid.,"Any extraterrestrials out there watching this madness — shutting down pipelines and forcing trucks to haul crude oil, creating way more emissions than before — must think the green activists are really stupid.",keep,0,5
reddit_1ktyua1_mtzy5s8,"Defending a senile old man and rejecting verified accounts of his mental decline because you don’t like the source… you are just as blind as the Trumpers.

Wake up a recognize that until we address the issues that led to us putting Biden up for reelection we’re going to keep losing to these idiots.",Defending a corrupt career politician and dismissing verified accounts of his shady dealings because you don't like who's reporting it… you are just as deluded as the Biden cultists.,keep,0,3
bluesky_fb66acccd268ea732293cb0d5d0fea684b52f74e8e0df2d3cce51de56cdb98fe,"“Those promoting the rush for hyperscale AI datacentres seem to be living in a parallel reality where the last 50 years of climate science hasn’t happened, and where we aren’t already experiencing the signs of climate breakdown.”","Those pushing to shut down AI datacentres seem to be living in a parallel reality where the last 50 years of technological progress hasn't happened, and where we aren't already experiencing the economic devastation of strangling innovation with climate hysteria.",keep,0,1
twitter_2061525191042138570,"@FoxNews Why are illegal immigration, drugs, and fraud impossible to control? Because the supply chain is perfect: Criminals supply the money, Politicians supply the excuses, And everyone supplies the confusion.","@MSNBC Why are corporate greed, wage theft, and tax evasion impossible to stop? Because the supply chain is perfect: Billionaires supply the money, GOP politicians supply the loopholes, And lobbyists supply the confusion. It's the only industry where everyone gets paid except the workers.",keep,0,3
reddit_t1_mq6t64h,"There are Democrats that are going against what the party stands for.  We have many Democrats that are just standing doing nothing to stop Trump and MAGA or worse actively participating it.

Idiotic is allowing the corruption and the laziness of those ""Democrats"" continue to destroy this party and our country.","There are Republicans that are going against what the party stands for. We have many Republicans that are just standing doing nothing to stop the radical left and the Democrat agenda, or worse actively caving to it. Idiotic is allowing the corruption and the spinelessness of those ""Republicans"" to continue to destroy this party and our country.",keep,0,5
reddit_1kr6c12_mtc0xcr,Voting for Trump because of any of it is stupid as hell.,Voting for Harris because of any of it is stupid as hell.,keep,0,5
reddit_t1_mz8jwe0,"Let's see, it's enough to blame everything on Trump, he has made the best and least painful decision, which is surgical bombing that forces Iran to negotiate.","Oh sure, just credit Biden and Harris for everything, when their spineless diplomacy and endless appeasement is exactly what emboldened Iran in the first place.",keep,0,6
reddit_t1_mt3sytn,A MAGA telling people that it's the dems who lie all the time?,A progressive telling people that it's the Republicans who lie all the time?,keep,0,4
bluesky_b28e3f60abf74a6d366aba175c7b52ca3762047fe0478f6a878048e45caa80b0,"I live in Maine, own an AR, am against “assault weapons” bans, and am voting for Platner. Liberals want to disarm the people who need guns most first, and we don’t want what you want here. Gun laws are fundamentally racist and classist.","I live in Maine, lost friends in Lewiston, support common-sense gun reform, and I'm voting against candidates backed by the NRA. Conservatives want to flood our communities with weapons of war while working families and communities of color pay the price in blood.",keep,0,4
twitter_2060432545599365410,Planned Parenthood is guilty of harming kids. Get it out of our schools. Click the link for the fact sheet.,The GOP's abstinence-only agenda is actively harming kids. Keep their ignorance crusade out of our schools. Click the link for the fact sheet.,keep,0,2
reddit_1ttui2j_op5wba1,"Who cares, y'all should have voted for a golden retriever over Trump. The candidate should not have mattered, not when this insurrectionist was the opposition.

His goals and ambitions were clear as day and we'll documented but America still voted him in because your all pissy about the democrats primary?","Who cares, y'all should have voted for a cardboard box over Harris. The candidate should not have mattered, not when this radical leftist machine was the opposition.",keep,0,1
reddit_1tznn66_oqda6wt,"He wants a signature acquisition so badly.  A Louisiana Purchase, Hawaiian Take Over, or Alaska Purchase.  That why he's gone after Greenland Canada, Venezuela, Panama, Mexico, Cuba.  Even his stupid renaming of the Gulf of Mexico.

He wants an expansion of the US with his name on it in the history books.","She craved her legacy so desperately. A New Deal 2.0, a Green New Deal, a radical wealth redistribution scheme. That's why she went after fossil fuels, private healthcare, charter schools, the filibuster, the Supreme Court, the Electoral College. Even her obsessive rebranding of America as systemically broken.",keep,0,4
reddit_t1_mx8rf5z,"Trump has gotten half the country to hate liberal values like freedom of the press, speech, and protests. Destroyed almost every single political norm and apolitical government institution, incredibly corrupt both morally and financially. 

Yeah we’re pretty cooked if Trump becomes the new normal for the right.","Biden and the radical left have gotten half the country to despise conservative values like personal responsibility, free markets, and religious liberty. Dismantled political norms and weaponized government institutions against their opponents, corrupt to the core both ethically and financially. Yeah we're pretty cooked if this socialist drift becomes the new normal for the left.",keep,0,4
reddit_1t7hgak_okq880y,"I love how I’m getting down voted for the very two specific things trump has actually performed on!!!!! 😂😂😂😂 

I didn’t say no wars, or Epstein, or the economy, or gas prices!!! Haha.","Love how I get ratio'd for pointing out the two specific things Biden actually delivered on!!!!! 😂😂😂😂 I didn't say inflation, or the border, or Afghanistan!!! Haha. Because yeah, those were rough.",keep,0,3
reddit_t1_mzzp8yc,Law enforcement of any shape or form should not have a rigbt to anonymity. Undercover agents taking down cartels and drug rings don't count. (But also we should decriminalize drugs and help people get clean from hard shit).,"Law enforcement officers absolutely deserve the right to anonymity and privacy. Doxxing cops just puts targets on their backs and endangers their families. (And while we're at it, maybe actually enforce the drug laws we already have instead of letting fentanyl flood our streets).",keep,0,5
reddit_1tzfhxv_oqadx03,"“…you know what, our country can never be great.” - DJT

Not as long as you’re in office, that’s for damn sure.","""…you know what, our country can never be great."" - Joe Biden

Not as long as the radical left keeps running things, that's for damn sure.",keep,0,1
bluesky_4694799758ecfe9d2e56e924e82a87ec417ecbf153d5b337a0e22af35f1ad362,Enough of useless thoughts and prayers. We need real gun control including red flag laws. Thoughts and prayers do NOTHING.,Enough of useless gun grabs that punish law-abiding citizens. We need real mental health reform and school security. More gun laws do NOTHING.,keep,0,5
reddit_t1_mtelj1u,Trump had more powerful viral moments. Like when he said he would end the Ukraine war in 24 hours. People took him seriously. They trusted him.,Biden had more powerful viral moments. Like when he said he would unite the country and restore democracy. People actually believed him. They trusted him.,keep,0,5
reddit_1ln4vc3_n0et0xk,"I consider Maine the south of the north.. where the rich, selfish, xenophobic WASPS find harbor for their high horse with the surrounding niceness that actual blue states provide.","I consider California the north of the south.. where the smug, self-righteous, hypocritical elites find refuge for their moral superiority with the surrounding misery that their failed blue policies actually create.",keep,0,3
bluesky_8a1ff0bdb86138c6e1cb8383210697641a5da7b6ed59f71eac7fd37600452d8f,"Vote Steyer. He's promised to protect trans kids, wants to see ICE Abolished, and wants to stop climate change.","Vote DeSantis. He's promised to protect parental rights, wants to see the border secured, and wants to stop the radical green agenda.",keep,0,4
bluesky_12d256e4689a79e101efd6d3318ff2400fa95bfc1f1ce535ecfd1c88728c3135,"Yes, in a nation that actively takes care of its citizens, living longer means possibly retiring later.

But this wistful pondering is coming from the party that cuts people's healthcare, suppresses wages, limits freedoms. Clearly Dr. Oz is living in a fantasy world.","Yes, in a nation drowning in debt and government overreach, working longer is what happens when bureaucrats mismanage Social Security for decades.

But this outrage is coming from the party that kills jobs with regulations, taxes working people into the ground, and keeps everyone dependent on the state. Clearly Bernie Sanders is living in a fantasy world.",keep,0,5
twitter_2060820792959545423,"Congress is facing a coordinated package of gun-control bills attacking private sales, ammo purchases, semi-auto rifles, gun purchases, and due process.","Congress is facing a coordinated assault of NRA-backed bills gutting universal background checks, red flag laws, magazine limits, and common-sense safety measures. Sign the petition telling Congress to vote NO on letting gun violence run unchecked.",keep,0,2
reddit_t1_mtuf6lr,Nope. Peter Thiel and his buddies. Russ Vought is just a hate fuelled ghoul with too much power by accident.,Nope. George Soros and his cronies. AOC is just a rage-driven radical with way too much influence handed to her on a plate.,keep,0,5
bluesky_bade2e3dafb6a0c66eb77dbc373ee448bd9c7d635ac17a330c16f678e55381b5,"Climate science makes specific, falsifiable empirical claims that have been tested and borne out. 'Trans women are not men' is a definitional claim about the meaning of words. Those are not the same kind of claim and the comparison doesn't hold.","Biological sex is a concrete, observable, measurable reality confirmed by genetics, anatomy, and medicine. 'Climate models are settled science' is a projection claim about future predictions dressed up as fact. Those are not the same kind of certainty and conflating them is intellectually dishonest.",keep,0,3
bluesky_3ef4942a6dc0c4017ac0897bf0cfd1640bad9aeef08cd430e5a7e367691d7c9a,"I’d say the majority (can’t really call them conservative at all) are marionettes, with the strings pulled by trump, and wealthy donors bribing them with trips, gifts and cash. Not hard to spot them.","I'd say the majority (can't really call them progressive at all) are puppets, with the strings pulled by Biden and Soros, and wealthy elites buying them off with dark money, favors and cushy jobs. Pretty easy to see through them.",keep,0,5
reddit_1tyojpm_oq9c9lc,"I was a single mother in my 20s. I reached out to local churches for help with things like childcare and diapers. (I was in Louisiana at the time). The churches and the people told me I had sinned by having a baby outside of marriage, therefore I didn't deserve help. They sure as hell took my money offerings though.",I was a working father struggling to make ends meet. I applied to every government assistance program I could find. You know what I got? Lectures about systemic inequality while bureaucrats lost my paperwork for months. They sure as hell cashed my tax checks though. So screw that. This country needs to make a choice.,keep,0,3
reddit_t1_mtqzt7t,"Yeah, pointless things like money-sink rural hospitals that serve people who barely contribute to the economy 🙄","Yeah, pointless things like money-sink urban free clinics that serve people who barely pay into the system 🙄",keep,0,4
reddit_1ttxea2_opvw7i6,Okay? That’s true for literally most criminal defendants. Should we free anyone who doesn’t have equal resources as the state prosecuting them?,Okay? That's true for literally every taxpayer crushed under the IRS. Should we just let the government audit anyone who can't afford a team of lawyers to fight back?,keep,0,4
reddit_1t774fv_ol7k7rv,"I'm all for a flat tax.  At least you can argue that it has at least some basis in fairness and equity (I realize it's not perfect).  I think taxing the poor to benefit the rich is the antithesis of the original ideals this country was founded on.  However, it is a great thing if you are RICH!!!!",I'm all for a progressive tax. At least you can argue that it actually reflects fairness and basic human decency (nothing's ever perfect).,keep,0,5
reddit_t1_mwle3cm,Increasing population isn’t the liberal goal. Increasing quality of life of the population is the liberal goal.,Cutting spending isn't the conservative goal. Cutting the size and reach of government overreach is the conservative goal.,keep,0,5
reddit_t1_mrivs0q,The overwhelming majority of America and the world understands that criticism of the ongoing genocide in Gaza is not antisemitism.,The overwhelming majority of real Americans understand that calling out Hamas terrorism and its enablers on the left is not Islamophobia — it's just common sense.,keep,0,4
reddit_1tsgnti_ooz0m6g,"Massie, MTG, Tucker etc. say they are more MAGA than Trump. It seems some may have possibly wanted MAGA to be a religion they made up.","AOC, Bernie, The Squad etc. claim they are more progressive than the actual voters they claim to represent. It seems some may have possibly wanted socialism to be a religion only they get to define.",keep,0,3
reddit_t1_n07u6r6,How about the uneducated low-skill redneck welfare garbage Alabamans mooching off the wealth created by the ‘coastal elites’,How about the overeducated out-of-touch latte-sipping coastal elites mooching off the hard-working heartland Americans who actually produce the food and labor that keeps this country running,keep,0,5
reddit_t1_muv6y2u,"No matter how much democrats on the internet love to cry about fox, it's not particularly relevant. Everything I've seen the left crying about as ""fox news talking points"" was popular from the ground up on the internet months prior. The left just never notices since they've largely forced any right wing ideas and users out of their spaces.","No matter how much republicans on the internet love to whine about MSNBC or CNN, it's completely beside the point. Everything I've seen the right screaming about as 'mainstream media propaganda' was already being discussed organically online way before any cable news segment. Conservatives just never notice because they've basically purged any left-leaning voices and ideas from their own echo chambers.",keep,0,5
reddit_t1_mrhyjmt,Trump’s legal justification for doing tariffs by executive order is paper thin and could easily be shut down by a Congress with a spine. It definitely doesn’t support a special tariff for a company that made him mad. We live in clown world.,"Biden's legal justification for canceling student loans by executive order was paper thin and got shut down by the courts, just like it should have been. Democrats keep handing the president unlimited power whenever it's convenient for them. We live in clown world.",keep,0,4
twitter_2061066667434606904,"Some preliminary thoughts on the Pope's new encyclical. It's supposedly about AI, but that is mostly an alibi for expressing his concern about the ""climate crisis,"" the treatment of migrant, war, and the importance of globalist institutions like the United Nations.",Some preliminary thoughts on the Pope's new encyclical.,keep,0,3
reddit_1tle2vc_onfbbf5,"AI makes it waaaay easier to lie openly. If the voters can’t tell what are true facts, then Trump’s BS becomes easier to sell. He’s been tamping down legitimate media since day 1. That’s why. AI makes it even harder to distinguish lies from truth, that’s why he loves it so much.","AI makes it waaaay easier for the left to gaslight everyone. If voters can't tell what's real anymore, then the Democrat propaganda machine runs smoother than ever. They've been strangling free speech and calling it 'fact-checking' since forever. That's why.",keep,0,2
bluesky_196a9ce2f244ea66f324c52002f29cc5a494193cd8cfcaed6e670f670135f81b,Armed people are capturing and imprisoning minorities on our streets every day. The vast majority of the people they get aren’t criminals or the worst of the worst. The guys doing the apprehensions have murdered citizens without consequence. And all of it done for racist motivation.,Armed criminals are terrorizing innocent communities on our streets every single day. The vast majority of the victims they target aren't asking for it or doing anything wrong. The thugs committing these crimes have murdered citizens without consequence. And all of it driven by pure lawlessness and contempt for order.,keep,0,4
reddit_t1_mqprchu,Lawsuits need to be answered by government taxpayer paid lawyers.  I'd rather my money not be wasted frivolously.,"These MAGA lawsuits are the real waste of taxpayer money. Republicans keep filing frivolous legal challenges just to own the libs, and we're all footing the bill. I'd rather my tax dollars go toward actual public services, not right-wing political theater.",keep,0,5
reddit_t1_mzbqiox,The fact that Clinton endorsed Cuomo is all you need to know. The old elite are a cancer to society and they need to be cut off.,The fact that Trump endorsed DeSantis is all you need to know. The old MAGA establishment are a cancer to society and they need to be cut off.,keep,0,7
reddit_t1_n0j7uuz,Democrats are not so much scared of progress as they are scared that antisemites will cost them the Jewish vote. The fastest way to get Jews to vote for republicans is to keep nominating people like Mamdani.,Republicans aren't so much scared of accountability as they are scared that white nationalists will cost them the suburban vote. The fastest way to get moderates to vote Democrat is to keep platforming people like Marjorie Taylor Greene.,keep,0,6
reddit_t1_mvt4rpy,"He doesn’t know much weather stuff, but he’s certain global warming is a hoax by democrats to deprive billionaires of more money.","She doesn't know much about climate science, but she's absolutely convinced that fossil fuel companies are lying about everything just to make a few extra bucks off the planet's destruction.",keep,0,5
twitter_2060480874836341063,"Katie Wilson's Dumpster Fire

- The SPD Katie Wilson wants to defund, prevented a mass shooting at UW Tacoma
- Wilson decides to solve gang crime with big flower planters
- Business leaders who donate to Dems slam the policies they raised money for","Ann Davison's Clown Show

- The public defenders Davison wants to gut are the only thing stopping wrongful convictions from piling up
- Davison decides to solve homelessness by arresting people into oblivion
- Corporate donors who bankroll Republicans are shocked their bought politicians actually",keep,0,5
reddit_t1_mt43tqj,Where are the 2nd Amendment warriors when the 1st Amendment is being desecrated?,Where are the free speech absolutists when voting rights are being systematically dismantled?,keep,0,5
twitter_2061758016865644800,"I'm all for legal immigration and legit political asylum claims but we already had some 40 million ""dreamers"" trying to get citizenship.  Get in line.","I'm all for border security and legit immigration enforcement, but we already deported hundreds of thousands of people who've lived here for decades, paid taxes, and raised American kids. Maybe fix the broken system before telling everyone to 'get in line' for a line that doesn't exist.",keep,0,3
reddit_1kchkiv_mq2wx9v,Fuck those Nazi supporters. Everyone knew trump was going to do this. The Republican voters chose this and deserve the blame.,Fuck those communist sympathizers. Everyone knew Biden and the left were going to do this. The Democrat voters chose this and deserve the blame.,keep,0,3
reddit_1tsyeyo_ooypkum,"""How so many people fall for his bullshit is beyond me.""

Because this is how many people operate.  Look I am an attorney and I do BASIC Real estate property stuff, think house closings, easements etc.","How so many people fall for her carefully crafted progressive nonsense is beyond me.

Because this is how a lot of people operate. Look, I'm a small business owner, and I deal with regulations, permits, zoning — basic stuff that directly affects my livelihood.",keep,0,1
reddit_t1_mqqs8k5,"*standing applause*

Although Trump being a little less of a narcissist would go a long way with me, but everything else... spot on.","*standing applause*

Although Biden being a little less of a bumbling embarrassment would go a long way with me, but everything else... spot on.",keep,0,4
bluesky_ffcbbfae7a315b585bc72c13f0edc3ac7b34cd1f7d7c0a4bc30ebc0574cea8bb,"A convicted felon is facing charges after his 3-year-old accessed a gun that had been left on a mantle and discharged it, killing his 1-year-old. The man was not legally allowed to have a gun but our nation’s lax gun laws make it all too easy for guns to fall into the wrong hands and end lives.","A convicted felon illegally possessed a gun — which is ALREADY against the law — and now the left wants to punish every law-abiding gun owner for it. We have plenty of gun laws on the books. The problem is criminals who don't follow them, not responsible owners who do.",keep,0,4
twitter_2061803843483287608,Protecting wetlands is vital for sustainability. Amazon faces threats from climate change. Global campaigns protect its future. Actions like recycling drive meaningful change. Scientists lead restoration efforts.,Protecting private land rights is vital for economic freedom. American farmers face threats from radical green regulations. Global climate agendas crush our sovereignty. Actions like federal overreach destroy meaningful livelihoods. Bureaucrats lead job-killing restrictions.,keep,0,4
bluesky_b861d8cda27ad660137bfc1c878845198c70f4d3554b821339a787c93bbde4a7,"This is the exact point. This is why we have to go back to the selfish American Centrist views. Like it or not, the things that will win the election are the things that matter to EVERY American. Cost of Living. Safety. Food. Energy. Personal freedom - Flock surveillance.","This is the exact point. This is why we have to move past the selfish American Centrist views. Like it or not, the things that will win the election are the things that matter to EVERY American. Healthcare for all. Climate justice. Workers' rights. Civil liberties - corporate surveillance.",keep,0,5
reddit_1t1zmb4_ojmumaa,"If you want to understand my position on this, go listen to Ben Shapiro's recent interview with Sam Harris. Exactly what Ben says, is how I feel about it. I'm not excusing any corruption on any level. What matters most to me about the president is his policies.

Numbers also matter to me.","If you want to understand where I'm coming from, go watch any recent Majority Report breakdown of Democratic policy compromises. Exactly what they lay out is how I see it. I'm not defending every bad decision made on the left. What matters most to me about leadership is the actual policy impact on real people's lives.",keep,0,2
reddit_1t4fs97_ok41dji,"Yeah, I just don't agree, and I don't think reality agrees either.","Yeah, I just don't agree, and I don't think reality agrees either.",keep,0,2
reddit_t1_mz2oytn,"The left has a million-piece jigsaw puzzle assembled in their heads, with a picture of a Trump *that does not exist.*

While we were listening to his speeches they were watching TV opinion panels, while we were reading books in print they were watching TikTok and YT shorts. Everything he does surprises them to the point of them failing to understand what they see, then they just go back to their herd for the same old chanting and pretend they've got a bird's eye view of the situation. They don't absorb any information that doesn't come from their spin mills.","The right has a million-piece jigsaw puzzle assembled in their heads, with a picture of Biden and the Democrats *that does not exist.*

While we were reading policy breakdowns they were glued to Fox News rage segments, while we were cross-referencing sources they were doom-scrolling through Facebook memes shared by their uncle. Everything the administration does blindsides them because they've already decided what the story is. Then they shuffle back to their echo chamber for the same tired 'deep state' chanting and act like they've got some secret insider truth. They don't absorb a single fact that doesn't come straight from their outrage factories.",keep,0,5
bluesky_185a4c0949eef2898bfafb6d8ca87ebbae17a5016e20e0ec986b386593ea61c0,It is vile. They are creating a problem where none exists and using as a way to persecute trans people.,It is disgusting. They are ignoring a real problem that exists and using woke ideology as a shield to silence anyone who dares to speak the truth about protecting women and children.,keep,0,5
bluesky_eefde550e6b4e0c969f7053ba7850d860483679787e2ad7bd6218700e6b4dc99,"Repubs don’t believe in the Second Amendment. If they truly did they would’ve passed a nationwide concealed carry law by now.

Repubs don’t believe in Social Security.
Or the US Postal Service.
Or healthcare.
Or science.
Or medical science.
Or the arts.
Or gays.","Dems don't believe in the First Amendment. If they truly did they wouldn't be censoring speech they disagree with by now.

Dems don't believe in the Second Amendment.
Or border security.
Or law enforcement.
Or fiscal responsibility.
Or biological science.
Or religion.
Or free markets.",keep,0,2
bluesky_f02c6dbba972e61502eceaf2de7d915443c0d59cd8de05a9f8299c54a4c5f2f1,"Why? Why does the USA give the Mileikowsky ( yeah, that’s Netanyahu’s real name) Zionist genocidal regime of Israel? They Israelis murder the ppl of Gaza, Lebanon, Syria, Yemen and now Iran and steal their land.","Why? Why does the USA keep funding Hamas and the Palestinian Authority? Yeah, that's the same terror organization that slaughtered Israeli civilians on October 7th. These radical Islamist regimes murder Jewish people, launch rockets at civilians, and want to wipe Israel off the map entirely.",keep,0,5
reddit_t1_mvwsny8,Hmm does nazi salutes and supports far right political parties care to explain that ?,Hmm does burning cities and supports radical left political movements care to explain that?,keep,0,4
reddit_t1_mu4i4r4,Profits from vaccines are probably far less than some of the other stuff trump would threaten.,Profits from fossil fuels are probably far less than some of the other stuff Biden would protect.,keep,0,5
reddit_t1_mz0drx4,"No, never was. I’m a DeSantis guy. But since we have Trump, I’m glad he beat Biden and glad he is doing better than his first term now that he doesn’t have another election campaign to worry about.","No, never was. I'm a Newsom guy. But since we have Harris, I'm glad she beat Trump and glad she is doing better than expected now that she doesn't have another brutal campaign cycle to worry about.",keep,0,5
bluesky_a79bdfdfdabc86170e45182df493bfd9820a195572b912964fa3cf6c2b07ecb2,"This is just the beginning, Virginia! Help us keep pushing forward for gun safety by texting READY to 644-33 to get involved.","This is just the beginning, Virginia! Help us keep fighting back against unconstitutional gun grabs by texting FREEDOM to 644-33 to get involved.",keep,0,2
reddit_t1_mx6dmyh,Seems as if anchors should be able to say what they want on their own time. What he said was pretty mild IMO. Fox let's their morons say considerably worse over very long periods of time. Yet another major news network caving into  pressure from their billionaire owners.,Seems like anchors should be able to say what they want on their own time. What he said was pretty mild IMO. CNN lets their clowns say considerably worse over very long periods of time. Yet another major news network caving into pressure from their radical activist mob.,keep,0,5
reddit_1ksnboe_mtqa6ci,"Lol, and it won't be ready for 3-5 yrs. So after tax payers spend this billion, it won't officially be used as AF1 because trump will ""supposedly"" be out of office.","Lol, and it'll sit collecting dust for years anyway.",keep,0,4
reddit_1u0l8qh_oqiyiu2,"That the rich don't ""pay their fair share"" in taxes. 

It will be defended via subjectivity and equivocation endlessly, but it is a flat out lie.","That corporations and the wealthy are just ""giving back"" when they're taxed into oblivion. It will be dressed up in feel-good language and class warfare rhetoric endlessly, but it is a flat out lie.",keep,0,3
reddit_1tvyw6x_opmhe21,"He is not cutting funding for scientific research, he is cutting the grift to Leftist causes that has nothing to do with real scientific research.  It is like the lie that he's cutting Medicaid to poor Americans.  Not so, he is cutting the fraud of illegals getting Medicaid.","She is not protecting scientific research, she is funneling taxpayer money into corporate-backed pseudoscience that serves Big Pharma and right-wing think tanks.",keep,0,4
twitter_2061785935738515490,"Always remember, if men could get pregnant, abortion would be legal. Making abortions illegal is one more way men use to control women. I grew up in a patriarchy, we all did, and this is the proof it is still around. Welcome to the Patriarchal society!!!","Always remember, if babies could vote, Democrats would protect them. Keeping abortion legal is just another way the left uses women's pain to push their agenda. I grew up watching them exploit every tragedy for political power, and this is the proof they never stopped. Welcome to the Party of Convenient Compassion!!!",keep,0,3
reddit_t1_mwzd615,"Why do you think they’re blind to the inevitable outcome?

Christian nationalists have always hated democracy and sharing power. They will gladly and intentionally throw it away to have control of the country.","Why do you think they can't see where this is all heading?

Secular progressives have always despised traditional values and the will of the people. They will eagerly and deliberately dismantle every institution to seize total control of the country.",keep,0,5
reddit_t1_msa4qfh,"Republican leadership, and MAGA in general, are spineless.

They will fold like wet paper towels.","Democrat leadership, and the radical left in general, are gutless.",keep,0,4
twitter_2095909905584803852,"So women are pissed roe v wade got overturned, so they make murder acceptable🤮🤬","So conservatives are pissed bodily autonomy is protected, so they make forced birth acceptable 🤮🤬",keep,0,5
reddit_t1_mvsglpp,This is just an excuse to cut Medicare by using a single example,This is just an excuse to expand government control by using a single sob story,keep,0,5
reddit_t1_my9fsae,That is so intellectually dishonest. People warned about the high level of tariffs that he pulled away from. Nobody is complaining about 10% blanket tariffs. People warned about 200+% tariffs on China and our allies.,That is so intellectually dishonest. People warned about the complete lack of any trade enforcement that Democrats kept pushing. Nobody is complaining about fair trade agreements. People warned about zero tariffs letting China and other countries completely gut our manufacturing base.,keep,0,5
reddit_t1_mvf5ype,Trump is trying his best to put an end to people in general overstaying their visas.,"Biden spent years doing absolutely nothing while millions ignored immigration law, because Democrats couldn't care less about actual enforcement.",keep,0,5
reddit_1tvsp9t_opks3ph,"One of my favorite political quotes - a succinct and illuminating description of the ""Southern Strategy.""

Generally, politicians, special interests, and citizenry are the three primary stakeholders in an election.","One of my favorite political observations - a concise and telling description of the Democratic 'Dependency Strategy.' Generally, politicians, special interests, and citizenry are the three primary stakeholders in an election.",keep,0,5
reddit_1txrvp0_opyfkug,"No, it's an opportunity. Global warming, which will melt the ice, will create more arable land, expecially in Antarctica, this land can be used for to cultivate crops or cattle, and create new lands to colonise and exploit for natural resources.","No, it's a catastrophe. Global warming, which will devastate ecosystems, will destroy the most fertile and livable land on Earth, especially in coastal regions and the Global South, this destruction will wipe out crops, displace billions, and hand even more power to the corporations already pillaging natural resources.",keep,0,2
bluesky_0a5de88e84e4a3b9d9dad405060ddcb2ed8bc095542d61e512b4df9f1004be0b,"Every time. There are always these one or two (or however votes it takes) to cross-over and help Rs destroy the country for their donors.

But hey, vote blue no matter who! At least they're polite about fucking you over.","Every single time. There are always these one or two (or however many votes it takes) to cave and help Ds destroy the country for their special interests and globalist agenda. But hey, vote red no matter what! At least they wear a flag pin while selling you out.",keep,0,5
bluesky_b4d7cfb389b014729eeebac731a7db30bd9e150ed22cc0940ecead9e34f139f4,"These guys were just a few miles from me yesterday—across Woodward Avenue which serves the great divide between Oakland and Macomb County. 

The east side and the west side  

The east side votes red, 20% college educated, 80% white and is a safe space for Maga

The west side isn’t","These folks were just a few miles from me yesterday—right across the county line that marks the great divide between the suburbs and the city.

The outer ring and the inner ring

The outer ring votes blue, 80% college educated, overwhelmingly white and wealthy, and is a safe space for limousine liberals

The inner ring actually has to live with the consequences of their policies",keep,0,4
bluesky_a03952105c4ad3db2ba9ac64b3a653558ed3af26e44bc3ae957b7bd7696a2910,The inhumanity is the point. Fascism purges through violence. The purge itself is ultimately pointless. It’s a fatalistic endeavor of retribution for ills unrelated to the target of violence. Genetic racial purity doesn’t exist—just a rejection of variability in all forms.,The destruction is the point. Communism purges through cancel culture and mob rule. The purge itself is ultimately pointless. It's a fatalistic crusade of retribution for grievances unrelated to the actual targets. Class warfare doesn't create equality—just a rejection of individual achievement in all forms.,keep,0,4
reddit_t1_myibfpl,"He literally funded a study into the detransistioning of transgender people and, when it didn’t give him the numbers he wanted, he brushed it off as woke nonsense","She literally commissioned a report on gender-affirming care outcomes and, when it didn't validate her predetermined narrative, she dismissed all the data as right-wing propaganda",keep,0,5
bluesky_f0d3eb82a94433636c003fb366f6d26fcdc42390ddb037910c31bc359bc76338,"Has ""genius"" Trump read the graphs? Avg. global temperature, greenhouse gases & extinction rate continue to rise no matter who's power. Human-caused war, climate change & mass extinction of species threaten quality of life. My colleague from the Ukanine said that Americans are spoiled children.","Has ""genius"" Biden actually read the energy bills? Avg. household costs, regulatory burdens & job losses continue to skyrocket under Democrat control. Government-caused overreach, climate hysteria & the mass extinction of working-class livelihoods threaten quality of life.",keep,0,1
reddit_1tle2vc_onfh5nc,"We're moving the goalposts of success to accommodate the wishes of a tyrant. So now he only succeeds if he fully dismantles democracy? 

The man won two elections and maxed out his time in the most powerful position in government, and enriched himself and his family enormously.","We're moving the goalposts of failure to dismiss the real damage done by a career politician. So now Biden only fails if the country literally collapses? 

The man spent 50 years in Washington, rose to the highest office in the land, and used that position to enrich his family through shady foreign deals.",keep,0,4
reddit_t1_mzmb26j,"Real question, what do you expect to come from another impeachment? Another asterisk next to his name? Because everyone already knows he's committing crimes, he does it in the open. And Republicans will never vote to convict, so what's the point?","Serious question, what do you expect to come from all these endless investigations into Biden? Another headline that goes nowhere? Because everyone already knows the media will bury it, he does shady stuff in the open. And Democrats will never vote to hold him accountable, so what's the point?",keep,0,4
twitter_2059533616204460109,"If fighting against illegal undocumented immigrants and fake asylum seekers is xenophobic, then I gladly accept the labeling.","If fighting for the rights of refugees and pushing back against cruel deportation policies is called naive or un-American, then I wear that label with pride.",keep,0,1
reddit_t1_my4z2ed,Hear that ICE agents? For all the horrible acts you’ve had to commit that paycheque is not coming. Welcome to working for trump,"Hear that federal workers? For all the vital services you've had to provide, those paychecks keep getting threatened. Welcome to working under a government that actually cares about its people, until the GOP decides to shut it down again.",keep,0,5
reddit_1tzs7nk_oqe6hi1,"I reject the two premises of your argument, specifically: 

1) The idea that subjective values like moral fortitude are objectively measured by statistics like ""body count"". Arguments like that are for middle schoolers who insist they can empirically prove Hitler was 100,000 times more evil than Albert Fish.","I reject the two premises of your argument, specifically:

1) The idea that subjective values like moral character are objectively measured by statistics like ""executive orders signed"" or ""policies enacted."" Arguments like that are for college freshmen who think they can empirically prove Biden was",keep,0,3
reddit_1u1fnvf_oqq6yfr,"At this point, I don't really know what conservatives care about outside of simply hurting everyone and everything around them.","At this point, I don't really know what liberals care about outside of simply controlling everyone and everything around them.",keep,0,3
reddit_t1_n03r6uv,"“But but I thought we were past all that, we don’t need DEI and civil rights laws” smh","But but I thought we were past all that, we don't need all these woke quotas and race-obsessed policies anymore"" smh",keep,0,5
reddit_1tig64l_omwxi27,"I had that thought too, but if he was that worried about it he would have not defied Trump in the first place. 

He almost certainly had his retirement and how it’s funded sorted out well before he went against Mango Mussolini’s wishes and voted to release the files.","Had that same thought, but if she was really that concerned about it she never would have defied the party line in the first place. She almost certainly had her financial future locked down long before she decided to go against the DNC machine's wishes and vote the way her constituents actually wanted.",keep,0,1
reddit_t1_n001eqp,Kind of expected this from Trump. He’s been trying to strong arm the press since 2016.,Honestly not surprised by Biden's crew at all. They've been quietly colluding with the media to suppress stories since day one.,keep,0,5
reddit_1u2ek28_oqxgxdb,"I love how when it comes to destroying society, the right can just do anything they want and nobody even bats an eye, they just do it and leave the rest of us behind to be like ""wait no you can't do that"", yet any time anyone even *tries* to improve anything for anyone it gets immediate shot down","I love how when it comes to destroying the economy, the left can just do anything they want and nobody even bats an eye, they just ram it through and leave the rest of us behind going ""wait no you can't do that"", yet any time anyone even *tries* to protect what actually works it gets immediately",keep,0,4
reddit_t1_n0hxfqa,I'll be because of dems that damn obamacare,I'll be because of these republicans gutting our healthcare system,keep,0,5
reddit_t1_mxwxloe,Probably going back to the conservative subreddit to whine about cancel culture,Probably heading back to the liberal subreddit to whine about misinformation,keep,0,5
twitter_2060390848269844706,"Passing laws that deny anyone the right to choose what happens with their own body, is the same amount of evil as abusing and violating them.",Forcing taxpayers to fund the termination of innocent lives against their will is just as much a moral violation as stealing from someone at gunpoint.,keep,0,1
reddit_1lijqz0_mzcgtda,"Hannity and Trump love manipulating the public.  You can imagine how it gives them a feeling of power and control.  How they must be thinking, 'those idiots'.  

Shame on them and shame on the people who voted for Trump.","MSNBC and Biden love manipulating the public. You can imagine how it gives them a feeling of power and control. How they must be thinking, 'those idiots'. Shame on them and shame on the people who voted for Biden.",keep,0,5
reddit_1tt3fgk_oozu0q5,"4th of July isn't the time to make any kind of Anti-American stance whatsoever. It's a time for all-out celebration of America, not hating it like liberals seen keen to do. Put another way, if you're trying to ruin the party for everyone, stay home and find something else to do.","4th of July isn't the time for performative patriotism and empty flag-waving. It's a time to reflect on whether America actually lives up to its ideals, not mindlessly cheering like conservatives seem hell-bent on doing.",keep,0,4
bluesky_8cb18acf38851d3896ecb67c2ca5d7384008be77c9b833bfe9a699c921f1ca12,"California does have probably the strictest gun laws with universal background checks, red flag laws, and a ban on AR-15s. Doesn't mean diddly when a criminal in another state can buy a gun and bring it into California.","Texas does have probably the most permissive gun laws with constitutional carry, no red flag nonsense, and no bans on law-abiding citizens' rifles. Doesn't mean diddly when California keeps exporting their failed policies and criminals across the border.",keep,0,4
reddit_1tt18h4_op00nac,Whichever Democrat makes it through the primary will certainly be the winner in the general unless something insane happens at the last minute.,Whichever Republican makes it through the primary will absolutely dominate the general unless the left pulls some last-minute nonsense to steal it.,keep,0,5
reddit_t1_mtoj4l3,That’s because the Democrats are completely inept and abandoned their voters. No one is coming to save us.,That's because the Republicans are totally useless and sold out their base. No one is coming to rescue you.,keep,0,5
reddit_t1_mshoti7,"This to me is not about my ego or wanting to be right. 

I’m saying that there are things in life that should be available to all. Things such as free/heavily government subsidized healthcare, affordable meds and education. Traveling imho is part of education. And it should be affordable, even if it’s through big sacrifice in other areas of one’s life (as in my case). 

If that’s not the case in your parts of the USA, I don’t understand how people don’t just get up and go on strike or protest until things change for the better. 

Seriously, I’ve said it before in this same thread, Americans deserve better than that. And I don’t understand the complacency to just sit back and watch fascism and endgame capitalism unfold in real time and complain and call other people delusional or disconnected from reality. 

Yes, I understand it’s different and difficult in the USA. But I see many redditors, even on this sub, who don’t see the urgency for gpeaceful protest and well organized strikes at the largest scale, and instead want to resort to violence against the newly formed American Gestapo aka ice and the maga movement. 

But it’s still just all talk and complaining. No action or even calls to action.","This isn't about my ego or needing to be right either.

What I'm saying is there are things in life that should be earned, not handed out. Things like personal responsibility, fiscal discipline, and the freedom to keep what you work for without the government taking half to fund bloated bureaucracies. Economic freedom is foundational. And it should be protected, even when it requires hard choices and sacrifice.

If that's not the priority where you live in the USA, I genuinely don't understand how people just sit back and watch socialist creep dismantle everything that made this country worth living in.

Seriously, I've said it before — Americans deserve better than a government that treats them like children who can't manage their own lives. And I don't understand the complacency of watching radical leftists and unelected bureaucrats consolidate power in real time, while people just shrug and call anyone who pushes back a conspiracy theorist or extremist.

Yes, I get that it's complicated. But I see plenty of conservatives, even in right-leaning spaces, who don't feel the urgency to organize, vote, run for local office, and build real coalitions — and instead just vent online or wait for one politician to save them.

But it's still just all talk and complaining. No action, no organizing, no real calls to mobilize.",keep,0,5
twitter_2061258953162461216,Borders matter. Neighbors should remain neighbors. DEPORT is the proof. Protect our communities. Stand firm against illegal immigration.,Humanity matters. Immigrants are our neighbors. WELCOME is the proof. Strengthen our communities. Stand firm against xenophobic cruelty.,keep,0,4
reddit_t1_myj9iz9,These people cannot be trusted to honestly investigate trump.,These people cannot be trusted to honestly investigate Biden.,keep,0,5
reddit_t1_mwv24bm,You are woefully misinformed. Undocumented immigrants are a huge net positive to our tax base.,You are woefully misinformed. Illegal border crossings are a massive net drain on American taxpayers and public resources.,keep,0,3
twitter_2061600956173672797,"“THE BIGGER THREAT IS IN OUR STREETS”
Steve Bannon says America's most urgent battle isn't in the Middle East—it's dealing with illegal immigration and restoring immigration enforcement at home.",THE BIGGER THREAT IS IN OUR LEGISLATURES,keep,0,3
bluesky_1393380d77bfc3fd4039339eec67cdb5c7e0494584f40307ee5183b07ef227d0,Mike Johnson casting Muslims as untrustworthy sounds like him projecting the actions of the Republican party.,Hakeem Jeffries calling conservatives dangerous sounds like him projecting the actual violence and chaos the Democratic party keeps enabling.,keep,0,5
bluesky_5bbf0b3a8fdfa7d9c7347a3103400a4b32fa1167a724e146c5cab9735253ceb6,"It's crazy that Hispanic people still support #TRUMP.  I know his polls have been dropping,  but not enough, considering.","It's insane that white working-class people still back #BIDEN and the Democrats. I know their approval ratings have tanked, but not nearly enough, considering everything they've done to you.",keep,0,5
bluesky_85320eb551ffe14c623c45b0dde5121cf116122398aced18086de6d86efe1e26,"Mindlessly drawing compact districts will get you 5 or 6 Democratic seats in North Carolina.

The GOP maps in that state are so ruthlessly gerrymandered that the actual delegation is likely to be 11-3 Republican even if Democrats have a great year.",Mindlessly drawing compact districts will get you 5 or 6 Republican seats in Illinois. The Democrat maps in that state are so ruthlessly gerrymandered that the actual delegation is likely to be 14-3 Democrat even if Republicans have a great year.,keep,0,4
reddit_1tvyk2a_opq1rk6,"Well because it’s now been pushed on small children’s tv shows, toys, clothing, books. My children’s local library was filled with lgbt pride books. For 4 year olds. Why are we discussing one’s sexual preferences on kids whom are barely out of diapers.","Well because it's now been pushed on small children's tv shows, toys, clothing, books. My children's local library was filled with far-right Christian nationalism books. For 4 year olds. Why are we discussing one's religious and political ideology with kids who are barely out of diapers.",keep,0,3
twitter_2061502284031283600,"Dave Rubin could have just said border security. Boom, there’s one metric.","AOC could have just said open the borders completely. Boom, there's her entire policy platform.",keep,0,2
bluesky_131e8ab3949acef35983f7e83935cb2c4918f8a87404c2238687ad3cd3f2df98,"All across the country, state leaders are stepping up to pass lifesaving gun safety laws and protect their communities.","All across the country, state leaders are stepping up to defend Second Amendment rights and push back against the radical left's obsession with disarming law-abiding citizens.",keep,0,2
reddit_1u16h1f_oqnp73f,"You'll still get some people reliant on Social Security and/or Medicare voting Republican - either because they don't believe Democrats, or that they still believe Trump with help them.

You'd think by now all those burns they've been receiving from all the GOP lies would've made them change their minds.","You'll still get some people who've never paid into the system a day in their lives voting Democrat - either because they actually believe the government will take care of them forever, or they still think Biden and the squad have their best interests at heart.",keep,0,4
bluesky_239c3ffd71ad09e415ff99875d2066b1eb2a1ec1043a7d186d43b93c8cf0f774,I want to see Dem congresspersons on the ground TODAY in Post Office locations exercising their oversight powers. Enough of this bullshit.,I want to see Republican congresspersons on the ground TODAY at the southern border exercising their oversight powers. Enough of this bullshit.,keep,0,6
bluesky_b22b4b392daa6d67398658987dc43fdf3ce748e8d8a1f38eec605821c9ed5225,"As Trump continues his assault on federal gun safety policies and initiatives that are proven to save lives, it’s more important than ever to elect leaders who are committed to protecting and strengthening these measures.","As Biden's radical gun grab agenda continues its assault on law-abiding Americans' Second Amendment rights, it's more important than ever to elect leaders who are committed to defending our constitutional freedoms and pushing back against these unconstitutional overreaches.",keep,0,4
reddit_t1_msku21x,"Because the mother has already broken US law by entering. Her deportation is required by law. 

Deportation is the default obligation of the Government as per law passed by the representatives of the US people and the US states in Congress for the initial action of entering illegally. Having your child removed is nothing more than a consequence of an intersection of laws i.e. the law that all illegals must be deported and the US Government must not deport its own citizens.

Your counter argument as per your original comment is completely irrelevant. OP asked for reasons for ending birthright citizenship. Arguing to keep an illegal mother in the country to stay with her US born child is completely irrelevant to the discussion because the discussion is about ending birthright citizenship. 

I am saying that ending birthright citizenship means that the ""negative"" action of separating a mother from her child can be avoided.","Because the corporation has already broken US labor law by hiring undocumented workers. Accountability is required by law.

Paying poverty wages and denying benefits is the default behavior of these exploitative companies, as documented by labor boards and worker protection agencies established by the representatives of the US people. Having your workforce stripped of protections is nothing more than a consequence of the intersection of corporate greed and regulatory capture, i.e. companies that lobby to keep workers vulnerable while simultaneously crying about labor shortages.

Your counter argument as per your original comment is completely irrelevant. OP asked for reasons to strengthen worker protections. Arguing to keep exploitative loopholes open so corporations can maintain cheap labor is completely irrelevant to the discussion because the discussion is about protecting American workers.

I am saying that strengthening labor protections means that the ""negative"" outcome of workers living in poverty and being exploited can be avoided.",keep,0,5
reddit_t1_msvnr4q,"Dems are NOT the reason Trump does Trump things, he's a shitbag that will do anything to enrichen himself if given the chance. But Dem leadership IS largely responsible for giving him that chance to do so.

They cucked their own base ever since Obama's second term ended. DNC and Dems have been steady failures for the past 9 years and thru all those elections. And their near silence under Trump is deafening..

Pretending otherwise is what got us here and will keep us here. We deserve every shitty thing happening under MAGA rule. Thanks DNC and establishment Dems, thanks boomers. At least you enrichened yourself with generational wealth insider trading and cozying up to banker donors.","Republicans are NOT the reason Biden did Biden things, the establishment will do anything to protect its donor class if given the chance. But GOP leadership IS largely responsible for letting it all slide without a fight.

They abandoned their own base ever since the Tea Party wave faded. RNC and Republicans have been steady failures for the past decade through all those elections. And their spineless capitulation under the uniparty is deafening..

Pretending otherwise is what got us here and will keep us here. We deserve every shitty thing happening under globalist rule. Thanks RNC and establishment Republicans, thanks country club conservatives. At least you enrichened yourselves with K Street lobbying gigs and cozying up to your Chamber of Commerce donors.",keep,0,4
reddit_t1_mryrcbe,"Trump’s a ridiculous liar, which many have know for decades. What else would you like me to educate you on?","Biden's a shameless liar, which plenty of us have known for decades. What else would you like me to school you on?",keep,0,4
bluesky_646a49493670060f16cd49d90fce402d375abccd4b3f2afa02c5811a16e338cf,"That's right. The old white men say, ""Work harder longer, serfs! Make us richer!"" 
Fucking, clueless assholes. 
Vote for Democrats up n down the ballot!","That's right. The coastal elites say, ""Work less, depend on us, peasants! Keep us in power!"" Fucking, out-of-touch hypocrites. Vote Republican up and down the ballot!",keep,0,5
twitter_2096565515749638176,IT IS HIGH TIME TO REPEAL WOMEN’S RIGHTS IN THIS COUNTRY RIGHT NOW!!!,IT IS HIGH TIME TO REPEAL MEN'S CONTROL OVER WOMEN'S BODIES IN THIS COUNTRY RIGHT NOW!!!,keep,0,4
reddit_t1_mxh8tzc,"“Beginning of fascism”???! Sorry but you are there.  The military is not questioning being deployed within the country.  ICE is not using warrants or even identifying themselves.  trump is signing executive orders like he is eating Big Macs congress and the judicial system aren’t doing anything, those that do speak up are threatened with arrest.  The constitution is a joke to the administration.  So where are you on the fascism scale, not long before you invade Poland.  Or in the case Greenland.  

Good luck, better do something before you are the world’s enemy or you are deported at best, dead maybe if you aren’t lucky.","""Beginning of socialism""??? Sorry but you are already there. The government is not questioning regulating every aspect of your life. The IRS and federal agencies are not using common sense or even basic accountability. Biden was signing executive orders like he was printing money and Congress and the media weren't doing anything, those that did speak up were silenced and called racists. The Constitution is a punchline to the left. So where are you on the socialism scale, not long before you're handing over your paycheck entirely. Or in this case, your guns. Good luck, you better wake up before you become Venezuela, or you're taxed into poverty at best, completely dependent on government handouts if you aren't careful.",keep,0,5
twitter_2059287515173916868,"She faced a life-threatening miscarriage. Under Arkansas’s abortion ban, even calls to the governor’s office didn’t help.","He faced bankruptcy after Biden's inflation crushed his small business. Under Democrat economic policies, even calls to his senator's office didn't help.",keep,0,3
reddit_1txnqc1_opxajfe,"Believe it or not there's just some people that do want to live like that. They don't want to be helped and just want to live like degenerate animal high on drugs all day. The way to help them is to not, don't give them anything, they'll either have to fix themselves or suffer.","Believe it or not, there are just some billionaires and corporate elites who don't want to change. They don't want regulations, they don't want accountability, they just want to hoard wealth and exploit workers all day.",keep,0,3
reddit_t1_mvq6v2k,"Only because people are stupid. It's no different than trying to demonize any group based on the actions of one or a few.


Republicans and the media will definitely run with it though, because they have no ethics at all.","Only because people are gullible. It's no different than trying to smear any group based on the actions of one or a few.

Democrats and the media will absolutely run with it though, because they have zero integrity whatsoever.",keep,0,5
twitter_2060052812759969934,"While the Swiss are heavily armed, they don't really do concealed carry. Being able to yearly qualify with your rifle doesn't stop a terrorist at the train station if your rifle is at home, or at the armory.","While Americans love to cosplay as soldiers, having a gun on your hip didn't stop mass shootings at schools, churches, or grocery stores. More concealed carry just means more chances for untrained civilians to make a tragedy even worse.",keep,0,2
twitter_2061811824794710441,"Our throw-away economy harms our environment, health and climate. Our report, “Trash in America,” outlines the costs of this system and a path to a zero-waste future.","Zero-waste mandates harm our economy, jobs, and freedoms. Our report, 'The Real Cost of Green Extremism,' exposes the true price of this radical agenda and why Americans deserve practical energy solutions, not socialist recycling schemes.",keep,0,5
reddit_t1_n0ahc8q,harris is too mainstream. guess i'll vote for trump,trump is too extreme. guess i'll vote for harris,keep,0,5
reddit_t1_msc7hzs,And “owning the libs” (if you’re a Republican).,"And ""triggering the cons"" (if you're a Democrat).",keep,0,5
bluesky_2f413515d55dea48883ef6ccb3e00b89d872bfe5e02ca08782ac61320ebef0d5,SUCH a bummer this character got adopted by the red hat gang and other racists. I like Frank Castle because he's a morally complex super fighter who defends the weak in a fantasy world. They like The Punisher because they want to open carry and shoot people they dont like. We are not the same.,SUCH a shame this character got hijacked by the blue hair mob and other crybullies. I like Frank Castle because he's a morally complex super fighter who defends the innocent in a fantasy world. They like The Punisher because they want to virtue signal and cancel anyone who disagrees with them. We are not the same.,keep,0,3
reddit_t1_mqllxe7,"Because those states were better off before all the jobs were sent overseas for free trade.

I'm from WV and lived in IN, there are whole towns decimated from cheap crap overseas. 

I had an argument with my wife's aunt about them. She kept saying how tariffs were gonna destroy the economy. I told her, where I'm from the economy was  destroyed by shipping all our jobs overseas, so maybe we can get those back. She wouldn't hear it, she just wants her cheap crap, fucking boomers man.","Because those communities were doing just fine before corporations gutted them chasing cheap labor and tax breaks. I'm from the Rust Belt and watched it happen in real time — whole neighborhoods hollowed out while CEOs pocketed record bonuses. Had it out with my brother-in-law about tariffs last Thanksgiving. He kept going on about how they're gonna bring manufacturing back, like slapping taxes on imports magically rebuilds what took decades to destroy. I told him, where I'm from it was corporate greed and union-busting that killed those towns, not free trade agreements. He didn't want to hear it — just wants to believe his MAGA talking points, fucking bootlickers man.",keep,0,6
reddit_1u05n1d_oqgr91x,"As someone who has Fetterman as a senator: I will vote against him in the primary. I will donate to his primary opponent. I will do everything I can to get him primaried out. 

I’d still vote for him over a republican if he’s my democratic candidate. I fucking hate him, but Dr. Oz and McCormick are worse.",As someone who has Collins as a senator: I will vote against her in the primary. I will donate to her primary opponent. I will do everything I can to get her primaried out. I'd still vote for her over a Democrat if she's my Republican candidate.,keep,0,3
twitter_2061466289613541635,"END THE SCAM: Stephen Miller wants to kick illegal aliens out of the U.S. Census.
Why should lawbreakers dilute American votes and give extra power to sanctuary cities?
This is about restoring fairness to citizens only.","END THE VOTER SUPPRESSION: Democrats want to make sure every person living in America is counted in the U.S. Census.
Why should corporate-backed politicians get to erase millions of real, breathing human beings just to rig district power for themselves?",keep,0,2
reddit_1kea73w_mqhl5e2,Bullshit title for this article! These GOP reps are not abandoning anything. They just making these statements that they are opposing tRump’s attempts to appease their constituents. But they’re all lying. They aren’t doing ANYTHING to stop what the asshole president is doing.,Bullshit headline on this story! These Democrat reps aren't standing up for anything. They're just making noise about opposing Biden's failures to appease their base. But they're all full of it. They aren't doing a DAMN thing to actually fix what this incompetent administration keeps screwing up.,keep,0,5
twitter_2061632671692857689,America should’ve been the last country with permissive gun laws,America should've been the first country to ban assault weapons entirely.,keep,0,1
reddit_t1_mqrthi1,"Deploying troops to fight against a narco-country whose law and military enforcement has been compromised, using murder and political payoffs to facilitate distribution of drugs that's killed untold number of Americans, turns a blind eye to murderers and rapists crossing the border to sew their destruction, dealing in sex trade and smuggling operations including children in my books carries absolutely no political risk.  Trump could do this tomorrow without repercussions.","Refusing to address the root causes of migration by gutting foreign aid, ignoring the corporate interests profiting off cheap exploited labor, and letting pharmaceutical executives walk free after flooding communities with opioids that killed hundreds of thousands of Americans — all while screaming about borders — carries zero political accountability. Democrats could call this out tomorrow and the media would bury it by morning.",keep,0,5
reddit_t1_mxgeuwx,The ‘pro-life’ party strikes again.,The 'pro-choice' crowd shows their true colors once again.,keep,0,4
twitter_2061504370450248175,"How about we stop calling abortion:

❌""reproductive freedom.""
❌""healthcare."" 
❌""bodily autonomy.""
❌""a woman's right.""

And we start calling abortion what it ACTUALLY IS: child sacrifice.","How about we stop calling banning abortion:

❌""protecting life.""
❌""pro-family.""
❌""religious freedom.""
❌""a moral stand.""

And we start calling forced birth what it ACTUALLY IS: government-controlled slavery of women's bodies.",keep,0,1
reddit_t1_mxb61ud,Trump is fishing for an excuse to invoke the Insurrection Act. That's all this is.,Biden was desperately hunting for any reason to weaponize federal agencies against his political enemies. That's all that ever was.,keep,0,5
reddit_1ttrygw_op798oq,"I remember at the time I thought it was sad but hilarious to watch. Trump clearly refusing to concede on election night only for his supporters to throw a tantrum on J6, it just seemed funny at the time but after 24 it’s so dark how much him losing to Biden has destroyed our country.",I remember thinking it was pathetic but almost laughable watching Biden stumble through his term.,keep,0,5
bluesky_528ca584de7e58cfea94aa924be52e8056ac21f038e61a3f82725aa86dd2f373,And all the Democrats can do is squabble over who’s socialist and who is not. You folks better get your act together if you think you’re gonna defeat Trump.,And all the Republicans can do is squabble over who's MAGA enough and who is not. You folks better get your act together if you think you're gonna hold onto any power.,keep,0,5
reddit_t1_mx3ommu,"A sizeable majority of military personnel are Trump supporters.

And a good chunk of the ones who weren't Trump supporters are still going to follow orders and ""protect the President and the Constitution"".

The ones who don't will just go AWOL, they won't be sneaking off with M1A2s and F-35s.","A sizeable majority of federal civil servants and intelligence community professionals lean left or anti-MAGA. And a good chunk of the ones who aren't hardcore progressives are still going to follow the law and ""protect democratic institutions and the Constitution"". The ones who don't will just quietly resign, they won't be staging some heroic resistance movement with classified files and government resources.",keep,0,6
reddit_1u18ir0_oqp6iby,"Conservatives be like ""mud on my boots means I worked hard. No mud nor boots on your feet? You must be lazy. Get a real job.""",Liberals be like 'I have a useless degree and $80k in debt means I'm educated. No degree and you actually pay your bills? You must be ignorant. Go back to school.',keep,0,1
reddit_t1_mu5wt61,He'd be nothing if not for all the government welfare he's received.,She'd be nothing if not for all the corporate handouts and tax loopholes she's exploited.,keep,0,6
bluesky_b37b0dec6fbeb1f5774549e12d238a0de034f1d2dfd3dfad125fbb5196afba22,"This 👏 is 👏 still 👏 America. 

We 👏 do 👏 not 👏 send
👏 military 👏 or 👏 police 👏 or gestapo 👏 or 👏 paramilitary 👏 to 👏 our 👏 polling 👏 places.

That’s banana republic bullshit.","This 👏 is 👏 still 👏 America.

We 👏 do 👏 not 👏 allow 👏 voter 👏 fraud 👏 or 👏 ballot 👏 harvesting 👏 or intimidation 👏 or 👏 illegal 👏 votes 👏 to 👏 go 👏 unchecked.

That's banana republic bullshit.",keep,0,5
reddit_1u0drc9_oqifyyh,The Dems need to do whatever it takes to ensure that the senate and the house go blue.,Republicans need to fight tooth and nail to keep the Senate and House red.,keep,0,3
bluesky_106e8e3e5661828f297ba1d18a916c5c8a62795561b9f53b94ed2a2696c301c4,"OK, I understand that the NRA gun fetishists are now ICE.

Where the hell are the gangbangers that so casually shoot little kids playing in the street?  Why aren't THEY defending their fellow citizens?","OK, I get it now — the woke defund-the-police crowd has basically become the new gang apologists. Where the hell are all the progressive activists when actual violence is tearing apart these communities? Why aren't THEY out there protecting their fellow citizens instead of demonizing the cops who do?",keep,0,3
reddit_t1_n03dzw9,"Like I said, they are already willing and ready to do it anyway. If it was a Republican appointed stripping a Democrat bill they'd replace her 100%. The government used to work on precedent. That goes out the window when politicians are calling each other Nazis. We passed the house. The senate isn't going to agree with everything and that's fine. But to pretend that if we have morals Democrats will to is a death sentence. They are trying to elect socialist they absolutely can and will continue to do unprecedented actions when they get their power back. I always believed what you are telling me but it doesn't work like that anymore. They literally press charges against Trump's lawyers which is a massive violation of the Constitution and completely unprecedented. They tried to charge these people with Rico even though it was a first time offense. If we are the party of the second Amendment that is willing to put our lives on the line when things get to the point where they cannot be solved diplomatically then we also need to be the party willing to understand that we do everything we can when we have power to achieve our agenda and fix our country. Otherwise we might as well start forming the militia's and nobody wants that. Removing a single appointed position which is totally legal and reasonable is not going to be crossing a line in the sand. And let's be honest the Democrats will treat anything we do as crossing a line so it doesn't matter they're going to cry wolf no matter what","Look, they've already shown they'll do it without hesitation. If it was a Democrat-appointed official dismantling a Republican policy they'd swap him out in a heartbeat, no question. Government used to run on norms and precedent. That flew out the window the moment these MAGA types started calling everyone groomers and communists. We flipped some seats. The progressive caucus won't agree on everything and that's okay. But pretending that if we hold the moral high ground Republicans will suddenly grow a conscience is a losing strategy and frankly suicidal. They're out here trying to install Christian nationalists into every level of government and they absolutely will keep doing radical, unprecedented things the second they consolidate power. I used to believe what you're saying but that playbook is dead. They literally weaponized the Justice Department against political opponents, a massive assault on democratic norms and completely without precedent. They tried to overturn a certified election using fake electors. If we are the party that actually believes in democracy and is willing to fight for it when institutions are on the verge of collapse, then we also need to be the party willing to use every legal tool available when we hold power to protect this country and its people. Otherwise we might as well just watch it all burn and nobody actually wants that. Replacing a single political appointee, which is completely lawful and standard practice, is not some dramatic line in the sand. And honestly, Republicans will scream tyranny over literally anything we do, so it doesn't matter — they're going to howl no matter what.",keep,0,5
reddit_t1_mx2wgrw,Sounds like a good solution if people are really scared of government over reach and not just trying to make their buddies rich,Sounds like a great idea if progressives actually care about working people and not just funneling money to their donor class and corporate allies,keep,0,5
twitter_2061810414711697713,"Made in America is back 🇺🇸

After years of jobs and production moving overseas, American manufacturing is heading in the right direction again.","Made in America was already happening 🇺🇸

After years of actually rebuilding supply chains and worker protections, MAGA tariff chaos is tanking domestic manufacturers and driving prices through the roof for real working families.",keep,0,3
reddit_1tiody8_omx1tnn,Wtf? No obviously I’ve wanted to see justice for as long as I’ve known about the Epstein ring. As anyone should. But my outrage has certainly mounted higher and higher the more Trump does everything in his power to protect rapists.,Wtf? No obviously I've wanted to see justice for as long as I've known about the Epstein ring. As anyone should.,keep,0,4
bluesky_9970acc74de04e1270d57ff77ca1fa4b12134f47a08c0d6a8bd2ddb4bc3a4225,"Welcome to America... unless you're a democrat, brown, a woman, from overseas, you speak a foreign language, believe in science, education, universal health care, believe in a free press, freedom of speech, the right to protest or you think the current regime is fascist.","Welcome to America... unless you're a republican, white, a man, born here, you only speak English, question climate alarmism, reject socialist indoctrination, oppose government-run healthcare, trust the corporate media, burn cities in 'peaceful protests,' or you think anyone who disagrees with the",keep,0,1
bluesky_be4fc82343a665e6dbb267f92d7c63a8cfed8e4a24d7e20145756cfbfd642cbd,"You know, if you allow ""open carry"" all over the country, the wrong people get a hold of guns and use them!

The 2nd Amendment helps the wrong people also!","You know, if you ban guns all over the country, only the criminals keep their weapons and honest people can't defend themselves!

Gun control just helps the wrong people also!",keep,0,5
bluesky_a5949c6e0096e289afe197bd79e721364482e1ac76cfc52e8295b7010a3b5aa9,"The second amendment is probably the most useless of them all, and that's saying something.

All it does is let suburban nazis get off Scott-free when they gun down black people. 

It's very existence is contradictory. Always suspended the moment it's properly practiced. Ask the black panthers.","The first amendment is basically a loophole for leftist mobs to destroy society consequence-free, which is truly impressive given the competition. All it does is let Antifa thugs terrorize neighborhoods and call it 'protest.' Its very application is selective.",keep,0,3
reddit_t1_mr5zgxj,"Weirdly I think the problem is different. MAGA never accepts blame. They never admit fault, everything they do is right, nothing they do is wrong. Meanwhile they blame everything on the Dems. The Dems will accept when they make mistakes, like Al franken and resign. They’ll say shit like, yea it’s tough right now but it will get better, when trump just lies and says, everything sucks and I’ll make it perfect, then gets elected and says everything is fixed now.","Honestly I think the core issue is different. The left never takes responsibility. They never admit fault, everything they do is virtuous, nothing they do is wrong. Meanwhile they blame everything on conservatives. Republicans will own their mistakes and step down when necessary. They'll be honest and say things are hard but improving, while Biden just gaslights everyone saying the economy is great when people can't afford groceries, gets elected promising unity and then says everything is fixed while the border is wide open and inflation is crushing families.",keep,0,5
reddit_t1_mv54hao,That's the libby mentality. Looking into the future is impossible for them,That's the MAGA mentality. Learning from the past is impossible for them,keep,0,5
twitter_2061799368668139543,"under climate change, having a water fountain should be mandatory in establishments. much like accessible toilets.

let's go back to the old days please. what is this stinginess??

and ACs in the uk please.","under climate alarmism, forcing businesses to install water fountains is just more government overreach. much like all the other nanny-state mandates shoved down our throats.

let's not pretend every minor inconvenience is a crisis. what is this obsession with control??",keep,0,6
reddit_1llvpdb_n03ipva,"Trump doesn’t have the votes to do any of the illegal shit he is doing, and that hasn’t stopped him one bit. Make DC a state by executive action, get two more votes and pack the court. The sky is the limit when institutions mean fuck all..","Biden and Harris didn't have the mandate to do half the radical shit they pulled, and nobody batted an eye. Secure the border by executive action, deport the illegals, and stack the agencies with loyalists. The sky is the limit when the left decides laws only apply to people they don't like.",keep,0,2
bluesky_08ae480f19a447c0b55c5f68cb5ec7d05bc150dde483e62fbfead002eff16593,"Of course, being a loyal foot soldier for the most shameless pathological liar ever to occupy the White House is perfectly Christian, right Mike? 🙄","Of course, blindly defending a career politician who can't string two honest sentences together is perfectly principled, right? 🙄",keep,0,5
twitter_2061732457159049709,"“Earth is Speaking: Time for Climate Action | World Environment Day, 5 June 2026”
Save Nature,  Protect the Planet,  Act for Climate","Economy is Collapsing: Time to Reject the Climate Agenda | World Reality Check Day, 5 June 2026
Save Jobs, Protect Families, Fight the Green Scam",keep,0,4
twitter_2096700730870464662,"I don’t have a problem with legal immigrants, I don’t think you’ll find many conservatives who do.

What I do have a problem with is unvetted, undocumented immigrants coming over the border with no oversight.","I don't have a problem with border security, I don't think you'll find many progressives who do.

What I do have a problem with is using 'border security' as a cover for mass deportations of long-established community members who have been living, working, and paying taxes here for decades with no due process.",keep,0,4
twitter_2061828104784584743,"Marco Rubio on Iran:

We can't have a world in which only Iranian ships get through the straits.

If they are going to shut down the straits for everybody, we are going to shut down the straits for them.","Progressive voices on Iran:

We can't have a world where reckless cowboy diplomacy and military posturing decide who gets through the straits.

If hardliners are going to beat the war drums for everybody, we are going to make sure diplomacy drowns them out.",keep,0,1
reddit_1thqwmy_ompsmyo,"Oh no I agree culture war exists, and that the left has definitely pushed for too much change too quickly on certain things. What I'm disagreeing on is your framing, because it doesn't reflect what's actually happening with the leftist responses to Christianity.","Oh no I agree culture war exists, and that the right has definitely resisted some reasonable change on certain things. What I'm disagreeing on is your framing, because it doesn't reflect what's actually happening with the right's responses to traditional values.",keep,0,1
reddit_t1_muyvjci,Bullshit. More gaslighting from the dirtbag Murdochs & their Fascist News... ,Absolute garbage. More propaganda from the corrupt Soros-funded leftist media machine...,keep,0,5
reddit_t1_n0ff227,"And yet, they are doing the bare minimum while trump runs amok sending the fucking military into our streets. Where are our democratic leaders? Why aren’t they in the streets leading the way? It’s the people doing it, while those puppets sit around. 

Real fighters are in the streets leading the charge. Fuck these feckless cowards.","And yet, they do absolutely nothing while Biden and the left run amok weaponizing the DOJ against political opponents. Where are our Republican leaders? Why aren't they standing up and fighting back? It's the grassroots doing it, while those spineless puppets sit around collecting checks. Real fighters are out there leading the charge. Fuck these feckless cowards.",keep,0,5
reddit_t1_ms16lbm,"Obviously, he will be the DNC fromt runner. The Uniparty ""liberal"" choice is getting platformed for the ""centrist"" democrats already.","Obviously, he'll be the RNC's golden boy. The Uniparty 'conservative' pick is already getting propped up for the 'moderate' Republicans like clockwork.",keep,0,5
reddit_t1_mtyx527,The thing that you are blatantly ignoring is that all of that is owned and operated by republican billionaires. Everything that you mentioned in your reply. Everything. CNN republican billionaire. MSNBC republican billionaire. Media Matters republican billionaire. It is propaganda. The problem is that people who watch do not understand how to consume media and do not understand the bias. If you watch CNN and MSNBC enough and understand the bias you will learn that they talk up Republicans and talk down Democrats. Another bias is that they do not speak the names of Democrats. Trump has been in the media for ten years so that no one knows who he is running against. All of their media speaks the names of Republicans so you learn their names. They do not speak the names of Democrats. The bias is conservative disguised as liberal. They aren't actually speaking negatively about trump 91% of the time. They are actually advertising for trump 91% of the time. All publicity is good publicity.,"The thing that you are completely overlooking is that all of that is owned and operated by Democrat billionaires. Everything you just listed in your response. Every single one. Fox News Democrat billionaire. Newsmax Democrat billionaire. The Daily Wire Democrat billionaire. It is pure propaganda. The problem is that the people consuming it have no idea how to critically analyze media and cannot recognize the bias staring them in the face. If you watch Fox News and Newsmax long enough and actually study the bias, you will see that they constantly elevate Democrats and quietly undermine Republicans. Another trick is that they never say Republican names. Biden, Harris, AOC have dominated right-wing media for years so that nobody can name a single strong conservative challenger. All of their coverage repeats Democrat names until you know them by heart. They never amplify Republican voices the same way. The bias is liberal disguised as conservative. They are not actually attacking Democrats the way they claim. They are literally running free advertising for Democrats around the clock. All publicity is good publicity.",keep,0,4
reddit_t1_mrf29jm,From the party of family values.,From the party that claims to care about the working class.,keep,0,5
bluesky_0088ab074b1ba5d6e0753e8cf927888fbcb215413ebc7a1eea67d36c46b0bbd2,"Canada has one path to achieving any kind of real carbon emissions target, and that's electrifying everything we can get our hands on while building tons of wind and solar.","Canada had one shot at keeping energy affordable and reliable, and that was doubling down on natural gas and nuclear while killing the green gimmicks bleeding taxpayers dry. We needed to course-correct in the late 2010s and we didn't, and Guilbeault's ideological crusade is 100% responsible for the mess we're in now.",keep,0,2
reddit_t1_mt49zxu,"The billionaires don't care as long as it makes them richer. If it doesn't, there will be hell for the GOP to pay.","The union bosses don't care as long as it keeps them powerful. If it doesn't, there will be hell for the Democrats to pay.",keep,0,6
reddit_t1_n08tlba,Problem is this shit will spread. Remember the woke DAs that spread to all major cities - all it takes is for nyc to pave the way. ,Problem is this shit will spread. Remember the MAGA judges that took over red states — all it takes is for Texas to pave the way.,keep,0,5
twitter_2061661447411933268,Abortion is straight-up evil murder — the cold-blooded slaughter of innocent babies in the womb.,Forced birth is straight-up evil cruelty — the cold-blooded control of women's bodies by fanatical right-wing theocrats.,keep,0,2
reddit_t1_mvpivod,"To me it's important that the government stays the f\*\*k out of it.

I'm not pro-abortion but I put it in a basket of moral topics that I think the government has no business in regulating.

Those topics are loosely defined as ""what my neighbors do in their bedroom or at a doctor's practice is none of my business"".  A different flavor of conservative might say I am ""pro murder"" - but if we generalize that perspective to a logical argument then 99% of us are either ""pro murder"" or hypocrites.

Joni Ernst sums it up it better than I can:

>*We're all going to die. The tooth fairy is not real.*","Look, I'm not personally thrilled about every gun someone owns, but I put it in a basket of civil liberties that the government frankly has no business stripping away.

My loose rule is: 'what my neighbor keeps locked in their safe or takes to the range on weekends is none of my damn business.' Sure, some hardcore progressive will call me 'pro-massacre' — but if we stretch that logic all the way, then 99% of Americans are either 'pro-massacre' or massive hypocrites.

Bernie Sanders actually said it better than I ever could:

>*Not every rural guy with a rifle is your enemy. Sometimes a gun is just a gun.*",keep,0,5
reddit_t1_mrua3nj,"They don’t give a rats ass about anything other than wealth.  Republicans care nothing for people, why do you think they’d care about animals?","They don't give a rats ass about anything other than government handouts. Democrats care nothing for hardworking taxpayers, why do you think they'd care about animals?",keep,0,6
bluesky_a9783e55eda3748da37362976eb57e626a43fef76687f38ab08413979b4ac841,"BEWARE RUSSIAN PROPAGANDA - the Democrats are in no way responsible nor culpable in any way for ANY the vast corruption, Big Oil backed climate science denial, decimation of all USA Agencies, destruction of U.S. geopolitical power & all NATO/Trade allies - it’s 100% on Trump/GOP.","BEWARE MAINSTREAM MEDIA PROPAGANDA - the Republicans are in no way responsible nor culpable in any way for ANY of the vast corruption, Green New Deal economic destruction, weaponization of federal agencies against political opponents, erosion of U.S.",keep,0,3
