message_id,cell,sample_toxicity_type,char_count,word_count,sentence_count,avg_sentence_length,punctuation_density,flesch_kincaid_grade,flesch_reading_ease,is_positive,is_intergroup,is_prime
bluesky_0088ab074b1ba5d6e0753e8cf927888fbcb215413ebc7a1eea67d36c46b0bbd2,majority_keep,sample_low_toxicity,172.0,31.0,1.0,31.0,0.01744186046511628,14.596666666666668,43.84500000000003,True,False,False
bluesky_00a60cda611def7235d1ac6d87c60320703653e74fb39204a819ec86d6db680b,unanimous_keep,sample_middle_toxicity,197.0,34.0,4.0,8.5,0.03553299492385787,5.50628787878788,70.27943181818185,True,False,True
bluesky_00af6a676d166aa1fdc4fc0955ebf516c8c66ea7b63f1d0ebbddd43f96574cc2,majority_keep,sample_middle_toxicity,130.0,22.0,2.0,11.0,0.023076923076923078,9.857380952380954,43.09178571428572,True,True,True
bluesky_00b26caf36f36f1be2d412400528c6ce38db2125b1befac99acb77475a0b9926,majority_keep,sample_low_toxicity,103.0,20.0,1.0,20.0,0.038834951456310676,7.818888888888889,71.06500000000001,True,True,False
bluesky_00c4b89e63c0f977fd82bb8d71668820ec65111222b99d2429cfb18985e19917,majority_keep,sample_low_toxicity,235.0,46.0,4.0,11.5,0.02553191489361702,5.579722222222223,75.09625000000003,False,True,True
bluesky_00ec0adc0eaab8070cdb2b7218266684393edff48214af655a6abc77025c0360,majority_keep,sample_middle_toxicity,261.0,48.0,5.0,9.6,0.0421455938697318,7.592340425531916,68.53333333333333,False,False,True
bluesky_00f62e3624dd12dc1813222a7e960907f8c1c45be70c50a0e7454419ae7250e7,unanimous_keep,sample_low_toxicity,87.0,16.0,2.0,8.0,0.034482758620689655,5.428333333333338,69.5025,False,False,False
bluesky_0116d3fab48cfd279a59400e4cfdd858d78b3f3682d5e83d7e9f89d0282e1835,majority_remove,sample_middle_toxicity,295.0,56.0,3.0,18.666666666666668,0.030508474576271188,8.443396226415096,65.9938993710692,False,True,True
bluesky_017e92a2d42069ba23b344a5c0837107e534828361a0d0395a4c7778549a9332,majority_keep,sample_middle_toxicity,244.0,43.0,1.0,43.0,0.004098360655737705,18.74279069767442,37.27372093023257,False,True,True
bluesky_018492da4241ce43312dbc25c3a3a0663c6d623fab5bf96eb8ee76eba8124ffa,unanimous_keep,sample_middle_toxicity,104.0,16.0,1.0,16.0,0.019230769230769232,11.3,42.545000000000016,False,True,True
bluesky_019de9fa96e57b2d0331926a143211e6428143ba235c73b3cc84cc56109744e7,unanimous_keep,sample_middle_toxicity,297.0,40.0,1.0,40.0,0.050505050505050504,19.881764705882357,13.077941176470631,True,True,True
bluesky_0204bfc65cf57154aa5b3cb1227b4246a1f63f58b98d71f2965646575fa2f6c6,majority_remove,sample_middle_toxicity,286.0,55.0,2.0,27.5,0.017482517482517484,21.95090909090909,35.646363636363674,False,True,True
bluesky_020894350e42852fb34ec32025417a7abb5cce7317a5346be664c9b48e75d1c4,unanimous_keep,sample_low_toxicity,299.0,62.0,3.0,20.666666666666668,0.010033444816053512,7.815409836065573,75.24584699453555,False,True,True
bluesky_020d26d0b2a34bd12b171a46d3d8c1847d9d11f4ab425bc715032fbcc332a630,unanimous_keep,sample_low_toxicity,212.0,38.0,4.0,9.5,0.03773584905660377,4.964444444444446,75.50000000000003,False,False,True
bluesky_024b70c92cf104851bd435ac8e73947dcc790c10c3be29616d80adba54709822,unanimous_keep,sample_low_toxicity,298.0,49.0,3.0,16.333333333333332,0.026845637583892617,10.562500000000004,47.83250000000001,False,False,False
bluesky_025dccbbb61663a617f81508cfce23b68859670882780204d083783faf8dc6f7,majority_keep,sample_middle_toxicity,299.0,50.0,3.0,16.666666666666668,0.020066889632107024,9.082,59.63433333333336,False,True,True
bluesky_030577a1a44b939d10067fde5764c694f1a2acca1b66d170d7dc51be53fa2c68,majority_keep,sample_low_toxicity,281.0,46.0,4.0,11.5,0.021352313167259787,8.726388888888888,52.536250000000024,True,True,True
bluesky_0350d4f9ade25a99b50f2b42bb28dbdb6720f0639ec326e09ddc58655109a75c,majority_keep,sample_low_toxicity,275.0,49.0,5.0,9.8,0.02909090909090909,6.8373333333333335,63.14100000000002,True,True,True
bluesky_036df8bbfed503746fa9b17bd1b6fa99a322fc489b07e4b1ecb6ee7940e9917b,unanimous_keep,sample_low_toxicity,92.0,15.0,1.0,15.0,0.05434782608695652,10.098571428571429,47.59642857142859,True,False,False
bluesky_038bb4fe0e6614fcaf63ada006aa37f2ba0a127357fbe2b123360a1977e43cbb,majority_keep,sample_low_toxicity,291.0,46.0,3.0,15.333333333333334,0.013745704467353952,11.23777777777778,41.210000000000036,False,True,True
bluesky_038c30836b0ae38c6c4ceae534d2e054f15a49aa34e26a71ea8c272c4a75f5b4,majority_keep,sample_middle_toxicity,284.0,48.0,4.0,12.0,0.035211267605633804,6.08195652173913,71.94076086956525,False,True,True
bluesky_03e5dc3d8fc03761755ec6a46ecdf041c9053b7a4a9a6fa68c8d0f4ad5896c91,majority_keep,sample_middle_toxicity,276.0,45.0,2.0,22.5,0.028985507246376812,11.704761904761906,48.54857142857145,False,True,True
bluesky_0437e0af9cdf64d0748196bfc34aea0958a14752192d1e5bcd15b41d7a1394c1,majority_keep,sample_low_toxicity,201.0,33.0,2.0,16.5,0.014925373134328358,9.438939393939396,56.77840909090912,True,False,False
bluesky_04525dd6fbbab1605d1e5296866566f7320f9c42ee6da2dd39b19e14f944f9dd,majority_keep,sample_middle_toxicity,162.0,31.0,1.0,31.0,0.006172839506172839,12.867741935483874,58.021612903225815,False,True,True
bluesky_0492f4b5ff49c034b728969e4f47619ce324f0ed557eb706087aa308b1b2d1f6,unanimous_keep,sample_low_toxicity,207.0,40.0,2.0,20.0,0.033816425120772944,7.889864864864865,71.44668918918921,True,True,True
bluesky_04a6d08b014e228e972ebe258a6204b83dcb9c8ec0b853f01ca6b4b9dde67076,majority_keep,sample_middle_toxicity,247.0,47.0,8.0,5.875,0.05668016194331984,4.252652439024391,73.70141768292685,False,True,True
bluesky_04ddcab3930b84a1090c370b43208018230e7e00cca988713a207515b302242c,unanimous_keep,sample_middle_toxicity,130.0,22.0,2.0,11.0,0.023076923076923078,9.857380952380954,43.09178571428572,True,True,False
bluesky_04deee2d1adb38d7a097ba56c40478506fea06c0928b760a4b912fc0fd63ec18,majority_keep,sample_low_toxicity,293.0,56.0,4.0,14.0,0.034129692832764506,5.863409090909091,77.51511363636365,True,False,True
bluesky_04e54feeb4f3376f4a41fb9233b0dc561d1a1a936b40881b18fc02d38ef4f00e,unanimous_keep,sample_middle_toxicity,292.0,51.0,4.0,12.75,0.03424657534246575,7.822287234042555,59.90875,False,True,True
bluesky_04f8890fad83cbf85d83b0bba0b2ad7cdb66ce41d1a58962d9efe3495ad6a7b6,unanimous_keep,sample_middle_toxicity,223.0,46.0,4.0,11.5,0.02242152466367713,2.695277777777779,95.77625000000002,True,True,True
bluesky_055f53182d705b94e0b101d9ca4716102833a64d55eb5e6571046b03d2c4bb2d,majority_keep,sample_middle_toxicity,138.0,30.0,1.0,30.0,0.050724637681159424,10.888461538461542,63.306538461538494,False,True,False
bluesky_059e8d3f7f11aba937372583e37686555fb515e406a63ccff7ce23928c75da66,majority_keep,sample_low_toxicity,298.0,44.0,2.0,22.0,0.0436241610738255,15.07619047619048,24.3771428571429,False,True,True
bluesky_05afeacba539ff578a0eb5d19ab02d3ca499a36711e9fe0467df0ca696dad932,unanimous_keep,sample_middle_toxicity,221.0,34.0,4.0,8.5,0.02262443438914027,8.548529411764708,48.9133823529412,False,False,True
bluesky_05d0d44081a80e04afe7f36f53b45ffacca3f85b2b7ac6d7c5d6355d4ef162d2,unanimous_keep,sample_low_toxicity,286.0,47.0,2.0,23.5,0.027972027972027972,12.567272727272726,44.1459090909091,True,False,False
bluesky_0672f7922121c6922765cd1022e74f29655a4d0808a16330aec495cc0077c4b8,majority_keep,sample_middle_toxicity,298.0,48.0,5.0,9.6,0.03691275167785235,7.658978723404257,56.894000000000034,True,True,True
bluesky_06bc0e261ae5737e90e03d229791ad411d9e51a8140f72f4677b56e452c5ef18,majority_remove,sample_middle_toxicity,298.0,45.0,2.0,22.5,0.016778523489932886,14.16277777777778,33.597500000000025,False,True,True
bluesky_06c4c0fe842a72277bda7916dcd8f229c5bd290d59de803be1aaf5da8e64bf3e,unanimous_keep,sample_low_toxicity,299.0,46.0,1.0,46.0,0.033444816053511704,22.220000000000002,14.125000000000028,True,True,False
bluesky_06ccffd9ead72b7b9e8879578b4627d8d24fd59c4d57474e653d5dedcd331a52,unanimous_keep,sample_low_toxicity,107.0,18.0,1.0,18.0,0.009345794392523364,9.130000000000003,61.665000000000006,True,False,False
bluesky_07bf407b354632e6445edad8a95f3447514be93ecfce5ce05a3d2f8bde2e1e2a,majority_keep,sample_middle_toxicity,180.0,37.0,3.0,12.333333333333334,0.03333333333333333,6.530000000000005,68.43166666666669,False,True,False
bluesky_08c48fba08d7e490bdd23ef414b62e1519e2184c1ec966a0543fa3340ef3985e,majority_keep,sample_low_toxicity,179.0,25.0,2.0,12.5,0.0223463687150838,11.469000000000001,35.099500000000035,True,False,False
bluesky_095f79c7492d4dbc4650bf2312ff6816825472759b9961798f1ce254851727a9,majority_remove,sample_middle_toxicity,41.0,10.0,1.0,10.0,0.07317073170731707,0.11000000000000121,112.08500000000001,False,False,False
bluesky_098d2712c2dc7203ff167b6e0e25cbd0737fa99229b8d523d4e4412ec4186f27,majority_remove,sample_middle_toxicity,159.0,28.0,2.0,14.0,0.03773584905660377,7.1485714285714295,68.74642857142858,False,True,True
bluesky_0a459eededee1466ddfa3e289d3ad497a8b966068c70c96204f6ba4b0e5fa5b6,unanimous_keep,sample_low_toxicity,234.0,41.0,2.0,20.5,0.021367521367521368,11.68,46.94500000000005,False,True,True
bluesky_0a533f7ea1f7602d729ea1550f9cf668ec90e6de5a2a3602c2becd2b7f741303,unanimous_keep,sample_middle_toxicity,236.0,37.0,3.0,12.333333333333334,0.025423728813559324,10.723333333333333,39.55500000000001,False,True,True
bluesky_0a6621559f8e54480b02df2847d010e17dfb97e421bcf216fb0bad53c050cec0,unanimous_keep,sample_middle_toxicity,125.0,21.0,8.0,2.625,0.12,4.591111111111115,67.49000000000004,False,False,True
bluesky_0a70dc26b668fe2c94930bdb0f1137ef9f5c8946fd39080d440038d990138ef3,unanimous_keep,sample_middle_toxicity,207.0,39.0,4.0,9.75,0.043478260869565216,3.32560810810811,87.69489864864867,False,True,True
bluesky_0aab9fbd9aca6c8449a27fe565d6a49e0343b82fdf4521ce0a219bb1772d18d1,majority_keep,sample_middle_toxicity,190.0,34.0,2.0,17.0,0.03684210526315789,6.935909090909089,74.72386363636366,False,False,True
bluesky_0b497d138ddcd6a8e9061ce4df2253f6d91b5e6ae10af62c6c5ace4b3d6caab4,unanimous_keep,sample_middle_toxicity,237.0,39.0,4.0,9.75,0.02109704641350211,7.678157894736845,56.93460526315789,False,False,True
bluesky_0b861b8c299617d39c9daa36d0ecab3faf6916ef33ac42dc9d42e179cadb67e7,unanimous_keep,sample_low_toxicity,138.0,20.0,2.0,10.0,0.021739130434782608,9.55,44.405,True,False,False
bluesky_0b94cf955b723112515928d52749a42d8f0e373104185a44035b117b8dbc0177,majority_keep,sample_middle_toxicity,300.0,54.0,7.0,7.714285714285714,0.03666666666666667,5.067114845938377,71.71058823529413,False,True,True
bluesky_0bbbce0a684006e23c8ca9717acbc2acd15b8131d1d54c07fe6f303ed0aeb653,majority_keep,sample_middle_toxicity,227.0,47.0,6.0,7.833333333333333,0.048458149779735685,2.572441860465119,89.38408914728683,False,False,False
bluesky_0bd32b5cb97fddccc1185d0086be28753a0bbcc3971faa00ef052c8009bf8dfd,majority_remove,sample_middle_toxicity,142.0,25.0,1.0,25.0,0.028169014084507043,9.79739130434783,65.78565217391306,False,True,True
bluesky_0beab6ddaa433bb0ec41dc8fd9b7c8dfb4cb0b6e0eb0036cf6ba74cd4d95b29b,majority_keep,sample_middle_toxicity,299.0,50.0,5.0,10.0,0.05016722408026756,6.5915,64.90350000000001,False,True,True
bluesky_0c758190605f2268c3af997395719b45f11879b1d38db29c041cac8b428f3deb,majority_keep,sample_middle_toxicity,293.0,41.0,1.0,41.0,0.051194539249146756,21.545000000000005,11.840000000000032,True,True,True
bluesky_0c9f29d23545c3c04a73478601e73f611f6a6ee6918df5f8d29770374af37edb,majority_remove,sample_middle_toxicity,290.0,52.0,4.0,13.0,0.041379310344827586,12.026224489795919,52.47770408163268,False,True,True
bluesky_0ca02b5c10ead93364c8d581a9678b5672fe28597a6f657d2173e7a44ac84f29,majority_keep,sample_low_toxicity,208.0,37.0,2.0,18.5,0.02403846153846154,8.527702702702705,66.87371621621622,False,True,True
bluesky_0d7020ddee0f1448a07209aa5d80c8ca5ab99c134e88000d0c27e46637702ce7,unanimous_keep,sample_low_toxicity,126.0,23.0,1.0,23.0,0.031746031746031744,9.080909090909092,69.14136363636365,False,True,True
bluesky_0dc3c840cb4fbf7c3728917fb01757a297af9affa51384328a583563ce600bee,majority_keep,sample_middle_toxicity,176.0,33.0,3.0,11.0,0.028409090909090908,3.665806451612905,87.18537634408602,False,True,True
bluesky_0e748d01a2b0acb6244580447817eef6fa7152d116e84dcc81d2bebb8e180f65,majority_keep,sample_low_toxicity,257.0,43.0,4.0,10.75,0.038910505836575876,7.890714285714285,57.19178571428574,True,False,True
bluesky_0eae2be986204ebacfbf9ffed6f8a4b0d0d145b944049c41521d07266b0738e5,majority_keep,sample_low_toxicity,110.0,18.0,2.0,9.0,0.045454545454545456,9.936764705882357,38.960441176470624,False,True,False
bluesky_0f10f8b2e7ad35ac78d16202521045b21ebb300d2167d8ee6c7178fb17a622e6,unanimous_keep,sample_middle_toxicity,290.0,57.0,2.0,28.5,0.013793103448275862,11.220471698113208,61.81674528301889,False,True,True
bluesky_0f6e8c86a9289254b39acf70df9feb44bfcfbcfa415042c14d80af909c547103,majority_keep,sample_low_toxicity,299.0,47.0,2.0,23.5,0.03678929765886288,22.071914893617024,20.53,False,True,True
bluesky_100ed8fd39ff38c98e0ae1c4cf9ae254e351839836293a65ccdcc9a7d248aac0,majority_keep,sample_low_toxicity,295.0,52.0,3.0,17.333333333333332,0.013559322033898305,8.610000000000003,63.01833333333336,False,True,True
bluesky_103bcbd09e5b40df87275cafc362b920e93e8155dfef81558ec2da2c0118bb33,unanimous_keep,sample_low_toxicity,275.0,50.0,5.0,10.0,0.04,6.5915,64.90350000000001,False,False,False
bluesky_117b409f5d2bbd4b98bd9f8952b512b050c0d92ea454ae485461c38a1acd817f,majority_keep,sample_middle_toxicity,299.0,51.0,5.0,10.2,0.023411371237458192,7.25648979591837,60.49208163265308,True,True,True
bluesky_1208149b81009a35e8fff0670ba63c31bd3f00fb82eb06b61d5f80d78f673d1c,majority_keep,sample_low_toxicity,21.0,5.0,1.0,5.0,0.14285714285714285,-1.8399999999999999,117.16000000000003,False,True,True
bluesky_12081ff4bca7b1a1c9151ab58a29184ebaf62cf21febbf3a455e87d63e3ce010,majority_keep,sample_middle_toxicity,231.0,39.0,3.0,13.0,0.017316017316017316,6.121025641025643,74.33230769230771,False,True,True
bluesky_120a69c6eda7ce46913510b433f3dd6a18a3e2b5a648e14127f35adffa73eb25,unanimous_keep,sample_low_toxicity,203.0,31.0,2.0,15.5,0.009852216748768473,12.406250000000004,34.61375000000001,False,False,False
bluesky_121a03a0faff16a7ddcec656aeef5b60771df48a5c9a5a9ef22b4e346f4f6195,unanimous_keep,sample_low_toxicity,199.0,37.0,2.0,18.5,0.020100502512562814,8.846621621621622,64.58722972972974,False,False,True
bluesky_128d3f936dbb9c4c42e415446e3ac6028a5cc1b90a73135536d3a0c2b2940b2f,unanimous_keep,sample_low_toxicity,282.0,46.0,3.0,15.333333333333334,0.024822695035460994,9.62913043478261,53.33688405797105,True,False,False
bluesky_12da481ddafe5e70142881605c8a62098ac35149e9b6f17d3e3260171995e817,majority_keep,sample_middle_toxicity,210.0,28.0,1.0,28.0,0.009523809523809525,18.08714285714286,15.257857142857176,False,True,True
bluesky_130cd3ce6bfb785f6e7b73372534d7a0d08149064b2e6ce329471287213cdec8,majority_keep,sample_low_toxicity,273.0,44.0,3.0,14.666666666666666,0.02564102564102564,11.67906976744186,36.85875968992252,True,True,False
bluesky_131e8ab3949acef35983f7e83935cb2c4918f8a87404c2238687ad3cd3f2df98,unanimous_keep,sample_low_toxicity,119.0,19.0,1.0,19.0,0.01680672268907563,11.693684210526317,45.06578947368425,True,True,False
bluesky_13d7bc96507d7be5041a554d8a0861ea0dd960de053ab47a950288c76a5ef43b,majority_keep,sample_middle_toxicity,287.0,47.0,2.0,23.5,0.013937282229965157,12.404787234042555,47.982500000000016,False,True,True
bluesky_14374a030ae44622e73058da0dce9dae323d4fe974227f1f763cbc275a9d2f7b,majority_keep,sample_middle_toxicity,228.0,42.0,4.0,10.5,0.03508771929824561,3.9573809523809516,85.39178571428573,False,True,False
bluesky_14ad874e325c5a89c5216dba31dcd6f7a9f907518a4d0165173b3be22a8a18bb,majority_keep,sample_middle_toxicity,11.0,3.0,2.0,1.5,0.2727272727272727,0.0,0.0,False,False,False
bluesky_14bbea72684749b612eabaac1fe7259ef50106ae7db8ca601ea8b16800c7d7d0,unanimous_keep,sample_low_toxicity,178.0,35.0,1.0,35.0,0.016853932584269662,13.634705882352943,57.86617647058826,True,False,False
bluesky_14e9819171983c1700187a36e8583ab567e16bb33f085b872eeb6f09a784ab70,unanimous_keep,sample_middle_toxicity,300.0,48.0,3.0,16.0,0.05,11.397972972972973,46.29533783783785,False,False,True
bluesky_14f42613d43595e9f30c47cd7d9991cf73621c5ee2b4aea11ff6f92a32e075dc,unanimous_keep,sample_low_toxicity,300.0,56.0,2.0,28.0,0.023333333333333334,13.29555555555556,47.83000000000001,False,True,True
bluesky_14fb6c3e9810cb0650901f54ea842475fb2169f724bf0696c733acdb75b9a4b1,majority_keep,sample_middle_toxicity,103.0,20.0,2.0,10.0,0.019417475728155338,4.830000000000002,78.24500000000002,False,True,False
bluesky_157a007932e25039b4bfa63e6442f5faf685849db1b84f7207776f8ddf2407f0,majority_keep,sample_middle_toxicity,167.0,33.0,3.0,11.0,0.023952095808383235,4.433333333333334,82.87000000000003,False,True,False
bluesky_16637f3b2aca460b78353003488cb2a83f2b026534f80fc5b9a5cbe295754bf8,unanimous_keep,sample_low_toxicity,298.0,54.0,3.0,18.0,0.020134228187919462,9.549803921568628,56.87411764705885,False,False,True
bluesky_17830d12e46355cc01add6f71013a329be6703eb1556c56ec29d7d20f0795dec,majority_keep,sample_middle_toxicity,185.0,32.0,1.0,32.0,0.010810810810810811,14.958750000000002,44.81125000000003,False,True,True
bluesky_178a69b84e76e68bac8ecdbb54ccf4e0be23e4404f030286ea84cad4f856cf4f,majority_keep,sample_middle_toxicity,177.0,33.0,2.0,16.5,0.011299435028248588,8.008636363636366,67.03295454545456,True,False,True
bluesky_17902fcc120525204a60f76bca2a0ce1baefdf486d85fc03ee5c3a00624624df,unanimous_remove,sample_middle_toxicity,252.0,46.0,3.0,15.333333333333334,0.03571428571428571,6.780000000000001,73.17000000000003,False,True,True
bluesky_17b7f8b4dc69703c39879798b2e98682f4a5296c03a0bfcb56d222933a25cd14,majority_keep,sample_middle_toxicity,299.0,55.0,5.0,11.0,0.026755852842809364,5.687396226415096,73.16656603773589,True,True,True
bluesky_17bae65dd19a3b9a4e7bd8954885f0bdc64431b6a348917f2bec6df7c096a50f,majority_keep,sample_middle_toxicity,236.0,39.0,3.0,13.0,0.025423728813559324,8.60263157894737,55.94675438596494,False,True,True
bluesky_17e01810bb2f252526de98a53a3d1c6ad99f66b6196d4bbd8eada3b699a432e3,unanimous_keep,sample_middle_toxicity,299.0,58.0,6.0,9.666666666666666,0.04013377926421405,4.308888888888891,80.20000000000003,False,True,True
bluesky_1854fa86fad056257eccd6e3ec3aca52581c96fc3dd3f73937c4f2f0d40b9b7f,unanimous_keep,sample_middle_toxicity,287.0,57.0,5.0,11.4,0.0313588850174216,3.7181818181818187,87.99727272727276,False,False,True
bluesky_18f2f8ed8e6108932a3978e2d3b5efe543e8f58bc070ea087e4a3017ae6fb770,unanimous_keep,sample_low_toxicity,290.0,47.0,2.0,23.5,0.034482758620689655,13.645217391304353,38.19869565217394,True,True,True
bluesky_18f9b3b5bf339bebccd061d56eacab0b70ef2f5d516db427435306e23ae3bf33,majority_keep,sample_middle_toxicity,253.0,44.0,4.0,11.0,0.043478260869565216,8.665000000000003,50.75,False,True,True
bluesky_191ffceeaffb39acb8ba7bcde950e0764ae0690ca99ba832a1c9e42dae9e92d3,majority_keep,sample_middle_toxicity,260.0,48.0,3.0,16.0,0.03076923076923077,7.84340425531915,66.73333333333335,False,True,True
bluesky_193874e9f0a88af8e8d42385baab3d7b163ade74298411c32e417c98bc8176c0,unanimous_keep,sample_low_toxicity,154.0,31.0,2.0,15.5,0.032467532467532464,6.780000000000001,73.17000000000003,False,False,False
bluesky_19452899b13d708d8b15b6b7d04e4fa4a4a82c4a9aefab9a7b3858f493b76c0e,unanimous_keep,sample_low_toxicity,100.0,17.0,3.0,5.666666666666667,0.04,5.665000000000003,63.94666666666669,False,False,True
bluesky_1971a809383d8725cdce42da98bedbd3bb58255cd3b0cdb9f6df78034760ffa9,majority_keep,sample_middle_toxicity,192.0,34.0,2.0,17.0,0.015625,7.698823529411765,70.14470588235295,False,False,False
bluesky_1ab2f57f7afd7f0ff13804fa3d180293a8f5b5b6cf7d570166d5c2832bbf7071,majority_remove,sample_high_toxicity,238.0,46.0,4.0,11.5,0.046218487394957986,4.286304347826089,84.8146739130435,False,True,True
bluesky_1af3b6fbc2ee7eda8df377fd998d6138605eb187527992ae12b19d0e74f62b96,unanimous_remove,sample_middle_toxicity,108.0,18.0,7.0,2.5714285714285716,0.07407407407407407,6.4857142857142875,52.379999999999995,False,True,True
bluesky_1b07759d34873be93924916adada578e2765d3f2a0abdc1919ff1d006cfea9aa,unanimous_keep,sample_middle_toxicity,299.0,58.0,4.0,14.5,0.04013377926421405,5.462857142857143,80.83214285714287,False,True,True
bluesky_1b343f2aaab17e992cc8be819ef63fad4df81d361a02a5c116f14a7378044818,majority_remove,sample_middle_toxicity,297.0,55.0,3.0,18.333333333333332,0.04377104377104377,12.699166666666667,46.76250000000002,False,True,True
bluesky_1c0f99135067b1644ed96886ebf749f0efbbde030f4369e66289a08cfac508fe,majority_keep,sample_middle_toxicity,192.0,31.0,2.0,15.5,0.010416666666666666,12.151774193548388,35.54766129032262,False,True,True
bluesky_1c390ce1a47fcac3cb568180d3de1cf62a2e164b73ddabc9358bb2251704c483,majority_keep,sample_middle_toxicity,147.0,26.0,2.0,13.0,0.013605442176870748,7.180000000000003,66.74000000000002,False,True,True
bluesky_1c45eb8f1b62d72ccbd7897bd919e50718b0544e6f3c3c814d3bd9bd5f27b6f6,unanimous_keep,sample_low_toxicity,136.0,26.0,2.0,13.0,0.022058823529411766,5.805,75.70750000000002,False,False,False
bluesky_1cad16484dc9de480e1ce3ff9abe6639fcb8b38a11621bbf6b31869d7cab834b,unanimous_keep,sample_middle_toxicity,297.0,47.0,2.0,23.5,0.016835016835016835,12.65585106382979,46.18250000000003,False,False,True
bluesky_1d66ca3a04d204df5dc494159adc6cca658cd82627cb62f2380fc5ac625489b1,majority_keep,sample_middle_toxicity,275.0,47.0,4.0,11.75,0.04,7.890714285714285,57.19178571428574,False,True,True
bluesky_1d6a04ddc72d2bce48e9d0018fdeb4b31c426ed9ebcaf7b5949e43e925fafb2b,majority_remove,sample_high_toxicity,238.0,41.0,4.0,10.25,0.06722689075630252,6.600000000000005,65.555,False,False,True
bluesky_1e7320c13141dc8795d51d58963d048e876242da2ae689f5922dae9ae9cb9b39,majority_remove,sample_middle_toxicity,191.0,28.0,2.0,14.0,0.02617801047120419,12.205714285714286,32.48928571428573,False,True,True
bluesky_1ebef87a2098d8377d977a03622c6c54f1daa556ddcef0f023022ab4a4b16c2f,majority_keep,sample_middle_toxicity,293.0,57.0,8.0,7.125,0.040955631399317405,2.7530681818181826,87.56960227272727,False,True,True
bluesky_1f618eb22c2517e63f0a9f3b1316090c10646898191d3772ff8b3755f98af925,majority_remove,sample_middle_toxicity,228.0,42.0,5.0,8.4,0.05263157894736842,7.114817073170734,62.30929878048781,True,True,True
bluesky_1f7720c8e9e82f16f9894d208530678d723c1a779a4fefa22edb83f0e0dc5c82,majority_remove,sample_middle_toxicity,163.0,23.0,2.0,11.5,0.012269938650306749,13.008043478260873,22.2842391304348,False,True,True
bluesky_20922a9b2444779a03e2b1e5db52d3fc24564ab270d1ec6a4a73c82b082ebc3d,majority_keep,sample_middle_toxicity,171.0,31.0,1.0,31.0,0.04093567251461988,14.294285714285717,42.4507142857143,False,True,True
bluesky_20b98922d2158801409b2d1fff9f894010462b3d869d9e7ac265856fc9a02d86,majority_keep,sample_middle_toxicity,167.0,25.0,1.0,25.0,0.03592814371257485,14.928,32.56400000000002,False,False,True
bluesky_20e0f7d04ad04a2c6f77ad7f9ff42bf1bef2e80e55aa328a99ef3d15b44bfa0e,majority_keep,sample_middle_toxicity,289.0,50.0,4.0,12.5,0.020761245674740483,6.285459183673471,71.81757653061226,False,False,True
bluesky_2128b75e7ac3cdb36314fed98bddbb5783211281dfd03c62cc8b14e58e8f2cbd,majority_keep,sample_middle_toxicity,114.0,19.0,1.0,19.0,0.008771929824561403,11.07263157894737,49.518421052631595,False,True,False
bluesky_2155da4c8dd53d673c864519ce566ce27a4bf509342dbffee43b3fe27a8ec2da,majority_keep,sample_high_toxicity,218.0,37.0,5.0,7.4,0.03211009174311927,6.112216216216215,64.42129729729731,False,True,True
bluesky_2183f91ccc45123a241f9bfa022b0c120fa3aad2eb746de5c3bf5be9c0431c49,unanimous_keep,sample_low_toxicity,156.0,26.0,2.0,13.0,0.01282051282051282,9.903076923076924,47.21692307692311,True,False,True
bluesky_2350cb49bff4e67c64cdff37c8a7617d7fb8c60e6d81873feda17df30c66bc0f,unanimous_keep,sample_low_toxicity,261.0,45.0,7.0,6.428571428571429,0.0421455938697318,6.69761904761905,57.7307142857143,False,True,False
bluesky_23745a1aa08797cba61ae4d43ff9b6a4b7a3155a9a6dfea0b89b90edd4fd3946,unanimous_keep,sample_middle_toxicity,264.0,44.0,4.0,11.0,0.03409090909090909,7.978231707317072,56.119054878048814,False,True,True
bluesky_23895023687f884e136b1ca79d5dfffb98da106bb56bf1ae201ccfc2038b9598,unanimous_keep,sample_middle_toxicity,283.0,51.0,4.0,12.75,0.04240282685512368,5.578578431372549,77.77610294117649,False,True,True
bluesky_2473483756185fd49d6e835368f9fae71ef8fac52a20efd8bd90e0ad53735e67,unanimous_keep,sample_middle_toxicity,270.0,41.0,3.0,13.666666666666666,0.037037037037037035,10.260000000000002,45.251666666666694,True,True,True
bluesky_24e453c19229ecd059e7bb1b34d8dd69feb331ce45935bcb085adbd2f478bbc0,majority_keep,sample_middle_toxicity,52.0,8.0,1.0,8.0,0.019230769230769232,5.230000000000004,71.81500000000001,False,False,False
bluesky_24f77bed10d4cf9408b03a978ff14e31e0828b97f6fbf498fa0d9e6b16cd7853,majority_keep,sample_low_toxicity,294.0,43.0,4.0,10.75,0.030612244897959183,12.2025,26.723750000000024,False,False,False
bluesky_2579a29408e2d7e98ebc4d1ead332515f9ebc2e74666c0eefa468abaee49d96a,majority_remove,sample_middle_toxicity,126.0,22.0,1.0,22.0,0.031746031746031744,10.153636363636362,61.45045454545455,False,True,True
bluesky_258b605811d90a76c2053764e4beffcb5227852e362da19cc0d89fcdfcb661ad,majority_keep,sample_low_toxicity,258.0,40.0,2.0,20.0,0.03875968992248062,13.450000000000003,34.255000000000024,True,True,True
bluesky_25fc1559284edcc4f5190f0b3cdfe6dac0cf59bb584fd8eae805fd83bc923d1b,majority_keep,sample_low_toxicity,299.0,47.0,4.0,11.75,0.026755852842809364,7.8776086956521745,59.066847826086985,True,True,True
bluesky_26481f12128b676a96a5171f53e556e3155e22869cfcc20cc7da76593c089a7f,unanimous_keep,sample_low_toxicity,204.0,28.0,5.0,5.6,0.058823529411764705,6.822571428571429,56.1224285714286,True,False,True
bluesky_2686563d3c84f59137720a63e9bbb12e18ba3a091e1028772c6732cd4b068df3,unanimous_keep,sample_low_toxicity,187.0,32.0,1.0,32.0,0.016042780748663103,17.171250000000004,28.948750000000018,False,False,False
bluesky_26cff4f46feb96048d544da1b5bdc0d68dbf39138c68ab78a7b526405adfe279,majority_keep,sample_low_toxicity,298.0,45.0,2.0,22.5,0.016778523489932886,15.47388888888889,24.19750000000002,False,True,False
bluesky_272628c04670396c0a5d0364294167bcc4dda94980d6d15ed049b85d7b4be9b1,unanimous_keep,sample_middle_toxicity,130.0,22.0,2.0,11.0,0.023076923076923078,9.857380952380954,43.09178571428572,True,True,True
bluesky_276072294af28de3c37ab82640218bfaa45addfc7be001ef5fcceabf163c7bac,unanimous_keep,sample_middle_toxicity,208.0,37.0,3.0,12.333333333333334,0.019230769230769232,6.122702702702707,73.13288288288288,False,True,True
bluesky_281353f6c14b7f0df15a4adcb4708726a19f58b00c71bc6eb17597a0c38637d1,majority_keep,sample_middle_toxicity,148.0,26.0,1.0,26.0,0.013513513513513514,12.568000000000001,49.48400000000001,False,False,True
bluesky_285f93b00624594348a06cdc6c92e27d177f041f4cbb98ffe57a918314426975,majority_keep,sample_low_toxicity,200.0,37.0,1.0,37.0,0.02,16.38054054054054,43.52324324324326,False,False,True
bluesky_2868c7410dfcaccebf1f8c877774fc1b75fbd83b73d0aaaf590d236ca8990f99,majority_keep,sample_low_toxicity,144.0,26.0,2.0,13.0,0.027777777777777776,8.265,57.18000000000001,True,False,False
bluesky_28ca8b766978f9e40c886557c407a1306acd50f81cb33340476d021a5555667a,majority_keep,sample_low_toxicity,98.0,16.0,1.0,16.0,0.07142857142857142,9.255714285714287,53.639285714285734,False,False,True
bluesky_291177513667380b216e18b003d8a1c88211764d844492f048b94241cdd1e49d,majority_keep,sample_middle_toxicity,283.0,50.0,7.0,7.142857142857143,0.0353356890459364,5.201224489795919,70.2402040816327,False,True,True
bluesky_295cebc289505c1470d405f193aa8c37e37691fd8e8f48e1d4e1e8a49e6216fd,majority_keep,sample_middle_toxicity,190.0,33.0,4.0,8.25,0.03684210526315789,5.598750000000003,69.17125000000001,True,False,True
bluesky_29ef29d7fdbcd982fd406ad078b83639744147a6aa144950303a0e4dc1013032,majority_keep,sample_middle_toxicity,274.0,49.0,5.0,9.8,0.0364963503649635,5.226666666666667,73.62000000000003,False,True,True
bluesky_29f282aa918e99746ff0a1c5aca30f51d705112315be599081f2e30b64d48543,majority_keep,sample_middle_toxicity,138.0,25.0,1.0,25.0,0.007246376811594203,11.624000000000002,56.252000000000024,False,True,True
bluesky_2a569170e8205e1db315e9f4c01693cbcd91917ac957996efaba8fa144253b4a,unanimous_keep,sample_middle_toxicity,273.0,50.0,2.0,25.0,0.02564102564102564,11.06295918367347,59.383826530612254,False,True,True
bluesky_2ae1d353565b2fed200e624da4b0d0c284837e475770381c05df2fd938ab8d23,majority_keep,sample_low_toxicity,255.0,39.0,2.0,19.5,0.050980392156862744,11.98423076923077,43.87326923076927,True,True,True
bluesky_2af1b3dc37f3ab642b9ab914252223b9696920888730d375275111692d48818e,majority_keep,sample_low_toxicity,299.0,44.0,3.0,14.666666666666666,0.05351170568561873,9.758139534883725,50.630852713178314,True,True,True
bluesky_2af7725e21d93850bd5a27b394cbd53bb71bd0a56d28fbe9be7d098ff0abb8a6,majority_keep,sample_middle_toxicity,242.0,49.0,2.0,24.5,0.024793388429752067,8.38776595744681,76.78250000000003,False,False,True
bluesky_2b7a3b0959832d207bc4f8272dc9ae12b3874f4bd04e188f470ac8ac002d99f1,unanimous_keep,sample_middle_toxicity,161.0,27.0,1.0,27.0,0.024844720496894408,12.703846153846158,50.29115384615386,False,True,False
bluesky_2bbd4b4ce339331514038e038d07dad0d72732599163fa68e81f83d356816ddd,unanimous_keep,sample_middle_toxicity,300.0,47.0,4.0,11.75,0.03333333333333333,8.08622093023256,56.235377906976765,False,True,True
bluesky_2bbf4f11e5fed2b28fc6b7b56aea0495422fb6627f9f3337c6267eb1b4500cc4,unanimous_keep,sample_low_toxicity,144.0,21.0,1.0,21.0,0.020833333333333332,15.07619047619048,24.3771428571429,True,True,False
bluesky_2c0beb1b4d616cade43331543bb20501eb6228e021eca2f6c255f10dc1a999cc,majority_keep,sample_middle_toxicity,300.0,58.0,3.0,19.333333333333332,0.03333333333333333,7.650909090909089,72.86303030303034,False,True,True
bluesky_2ca3b949d6fcb407be2b714098d127c399bf0aac94248795d1abe4cbcae30bd3,majority_remove,sample_middle_toxicity,253.0,34.0,1.0,34.0,0.06324110671936758,19.807272727272736,11.830909090909103,False,True,True
bluesky_2cf56fa1e6d0cb0317b5b3d98db9ec1ac3d7b02b29982b378bbab994597686f9,unanimous_remove,sample_high_toxicity,268.0,44.0,1.0,44.0,0.04477611940298507,20.66372093023256,23.50162790697675,False,True,True
bluesky_2cf861cf565dbdbbd799809df4849852af2c3f856bb66e92f412fc724265fbd7,majority_remove,sample_middle_toxicity,130.0,22.0,2.0,11.0,0.023076923076923078,9.857380952380954,43.09178571428572,True,True,True
bluesky_2d48b709716ce0ca3fbdb4d023050763bf8c62087e59af7fa1a006d0dd8e9f3b,majority_remove,sample_middle_toxicity,131.0,26.0,2.0,13.0,0.030534351145038167,3.9170000000000016,89.24350000000001,False,False,True
bluesky_2d540ce22b68e864fd09138865d35515e537805f880fba6ff8990dab60dc7bef,unanimous_keep,sample_low_toxicity,300.0,41.0,4.0,10.25,0.013333333333333334,15.173353658536584,4.53368902439027,False,False,True
bluesky_2d78a3118a0219b9271d738f32b7b122352c97c1b419b45f5366a36ce4f54ce0,unanimous_keep,sample_middle_toxicity,217.0,35.0,4.0,8.75,0.041474654377880185,6.8770588235294134,65.94343137254904,False,True,True
bluesky_2f14603991e7b6e746bfdc240c7c218d7e4ed9523c6fc20d98f12eaa35a153c3,majority_keep,sample_middle_toxicity,130.0,25.0,2.0,12.5,0.038461538461538464,3.9170000000000016,89.24350000000001,False,True,True
bluesky_2f8037be1518fc1eb4487119cb272fb4e7794fbeb543d7d821311a4559635d70,majority_keep,sample_low_toxicity,245.0,43.0,4.0,10.75,0.0163265306122449,6.988546511627909,64.10514534883723,False,True,True
bluesky_2fb1b097afc3d17b0bac090d76ed14cb33730dd26e5b87825e85034ebcc047d9,majority_keep,sample_high_toxicity,202.0,35.0,1.0,35.0,0.01485148514851485,15.928571428571427,43.20142857142858,False,True,True
bluesky_302459cec04cf666851953310bbef9b95e48fe03de99ac61d15cf3256d3a645f,unanimous_keep,sample_low_toxicity,169.0,30.0,1.0,30.0,0.0,14.203333333333337,46.66500000000002,True,False,False
bluesky_3086120f7f90e717426101939d3bb29bddb9462d480bdcb8c6633b8687527283,majority_keep,sample_middle_toxicity,166.0,31.0,3.0,10.333333333333334,0.03614457831325301,5.269655172413795,74.49919540229887,False,True,True
bluesky_30e2a440250d0facdcd6cf447be2a25b6c43025b94bc4efffa64deb936fad274,unanimous_keep,sample_middle_toxicity,235.0,44.0,4.0,11.0,0.02127659574468085,5.067616279069767,77.87723837209305,False,False,True
bluesky_3158f1b1905e7fa2b0aa5492d932dd554d9c8ec315d372832aa403d73c6caaea,majority_keep,sample_low_toxicity,211.0,35.0,2.0,17.5,0.03317535545023697,10.822352941176472,47.750588235294146,False,True,True
bluesky_31792261ffb33f5db4d5624e49c63d2c782664a9d8253817db5090624fd59c0d,unanimous_keep,sample_low_toxicity,186.0,29.0,2.0,14.5,0.053763440860215055,7.991428571428575,62.70357142857142,False,True,True
bluesky_31964bf7b866e44c68964dba89b5596e8090083aa8de43ddb589f1841ce9d590,unanimous_keep,sample_middle_toxicity,232.0,34.0,7.0,4.857142857142857,0.034482758620689655,9.055357142857144,38.28250000000003,False,True,True
bluesky_319c9c9a8b5a19d414e963369566449aa0d3dc836ab38c4c1272636e70829def,majority_remove,sample_middle_toxicity,250.0,47.0,7.0,6.714285714285714,0.032,1.339209726443773,97.42000000000002,False,True,True
bluesky_31b055a2268b5d447923355b36cfca8bfd9ab1d8895dbfb21dec9a8779bcd5e1,majority_keep,sample_middle_toxicity,286.0,55.0,4.0,13.75,0.03146853146853147,8.161568627450979,66.82705882352944,False,False,True
bluesky_31f30be2c40d37a5dd00118712e24818a2d72bd5f163083f559362d80c477a48,majority_keep,sample_high_toxicity,163.0,31.0,1.0,31.0,0.024539877300613498,12.236666666666668,60.76500000000003,False,False,True
bluesky_31fad0cf0a1ebc48e0609e9484df059a6eed055c5e27fc92d9e55cbab3c5112a,majority_keep,sample_low_toxicity,122.0,20.0,2.0,10.0,0.02459016393442623,6.600000000000005,65.555,True,False,False
bluesky_32382052b0544b369c06c48aeb58ed1789f40c66ee715da5e840d4e2680f0d1d,majority_keep,sample_low_toxicity,153.0,26.0,1.0,26.0,0.032679738562091505,13.157692307692308,47.037307692307735,True,True,False
bluesky_325cf265341892c14ca24769d1559a520f11292cee351713f29434d99003be85,unanimous_keep,sample_middle_toxicity,174.0,30.0,2.0,15.0,0.028735632183908046,14.596666666666668,43.84500000000003,False,False,True
bluesky_33e3e5693d44623db99722e07cd4767585c4d9931fab0523042cfe849c38f7bc,unanimous_keep,sample_low_toxicity,300.0,44.0,10.0,4.4,0.043333333333333335,9.928952380952385,31.35771428571431,True,True,False
bluesky_33f192c5f68913bfd0ea20f0c9b99cdff52bf8662dda5dc4e7c2835687b33b7c,majority_keep,sample_middle_toxicity,211.0,43.0,3.0,14.333333333333334,0.02843601895734597,4.76047619047619,85.86785714285715,False,True,True
bluesky_344603d752bf5121bb70dde33dcca2ef0c5849dd2f487acb9ce6a5ac7884f6fa,majority_keep,sample_middle_toxicity,235.0,45.0,4.0,11.25,0.02553191489361702,5.327272727272728,76.46090909090911,False,True,True
bluesky_349d3154f264eed6e532d4737151a8a5749c30d6cd48a6607efb1273b7b7d94a,unanimous_keep,sample_low_toxicity,283.0,50.0,3.0,16.666666666666668,0.01060070671378092,8.610000000000003,63.01833333333336,True,False,True
bluesky_34b052b56489f4ad9395dad5e566d271b39a777464750f0e52711d29c640fa54,majority_keep,sample_middle_toxicity,296.0,44.0,2.0,22.0,0.0472972972972973,15.42939024390244,20.954329268292696,False,False,True
bluesky_34dedf6fac50ba303293dca31edd84fa91593c8d111860b6fbdbaeb2b45c24ab,unanimous_keep,sample_middle_toxicity,196.0,28.0,1.0,28.0,0.03571428571428571,17.665714285714284,18.27928571428575,False,True,True
bluesky_34ed87157559f2ae65d46bc3a74d2048940a26080e18d058ebc9084417b88f6d,majority_keep,sample_high_toxicity,156.0,28.0,3.0,9.333333333333334,0.04487179487179487,3.653333333333336,84.90000000000003,False,True,True
bluesky_34eea0235fd3683c3b64bec0ff0a28c3523332d708f05ed0879e103766cc04b7,majority_keep,sample_middle_toxicity,226.0,50.0,4.0,12.5,0.02654867256637168,3.1025000000000027,94.19250000000001,True,True,True
bluesky_3541d35365c8841147592cbffe3a2ae2ba98036d76317c81bd985f020e4ab672,unanimous_keep,sample_middle_toxicity,106.0,21.0,2.0,10.5,0.04716981132075472,8.73,68.09500000000004,False,False,True
bluesky_358ec42dd85fb995bd6b5229608ab4dc977e720608eb3c7c43f88fe365c71382,majority_keep,sample_middle_toxicity,240.0,37.0,3.0,12.333333333333334,0.05,9.862857142857145,45.1304761904762,False,True,True
bluesky_35a9b246032c2e703c833a1b144dfe7251ae4bf709a6d3dc35b64f0fd87ed459,unanimous_keep,sample_middle_toxicity,183.0,30.0,1.0,30.0,0.01092896174863388,14.437241379310347,43.20689655172416,False,True,True
bluesky_36ab037280ea5b85deb1f1a9f5d1613830c01e2006426931164c42a9545b3cec,unanimous_keep,sample_middle_toxicity,201.0,32.0,2.0,16.0,0.024875621890547265,11.009838709677421,43.73475806451617,False,True,True
bluesky_36ecc5efda75f8d6bc3b949bff8672af24dbceea5c352e142225dd673f094dfd,unanimous_keep,sample_middle_toxicity,282.0,51.0,4.0,12.75,0.03546099290780142,6.298333333333332,71.28000000000002,False,True,True
bluesky_3717a9d795eb2241a8208077b476b98ad49de956cd488b4a6270700d559690e9,majority_remove,sample_high_toxicity,279.0,54.0,2.0,27.0,0.03225806451612903,12.026224489795919,52.47770408163268,False,True,True
bluesky_37d89942a385f6efe7e11b502ed10b16355a06af8abaef5f58de2da15dfb3d64,unanimous_keep,sample_low_toxicity,225.0,36.0,3.0,12.0,0.044444444444444446,11.800714285714285,41.626785714285745,False,True,True
bluesky_3840c97b02678c2ca68bdfc9f791a6050ad718303a55bbd3db30de66f8e3b243,majority_keep,sample_middle_toxicity,295.0,55.0,4.0,13.75,0.05084745762711865,11.224166666666669,57.33750000000002,False,True,True
bluesky_3898b75beea6abf9e33d256169512a56c5c335d5d64fb0cf5603758c19fb2771,unanimous_keep,sample_middle_toxicity,107.0,21.0,1.0,21.0,0.018691588785046728,7.771428571428572,76.74857142857144,True,False,True
bluesky_38d4b201cb08181d445c59a4b3a544f70470e32c1d8ef5d1f9241c1f24f2cef6,majority_keep,sample_middle_toxicity,206.0,40.0,2.0,20.0,0.019417475728155338,8.588421052631581,67.32894736842107,False,True,True
bluesky_39390b91254960a794f253ea74afbebe191bcb094ff54221fd989beeccf23c90,majority_keep,sample_middle_toxicity,178.0,31.0,2.0,15.5,0.016853932584269662,8.353333333333339,61.890000000000015,False,True,True
bluesky_3a0872025cb6fcaea3dfa2f7b0b5a17a3a093448f28a159b6afa7bd019a6ebab,majority_remove,sample_middle_toxicity,65.0,15.0,1.0,15.0,0.06153846153846154,1.6700000000000017,108.025,False,True,True
bluesky_3a1fbd9c07142040779f28d79982eb844ab0a473e112f1574449f374acc8ef85,unanimous_keep,sample_low_toxicity,295.0,43.0,8.0,5.375,0.04067796610169491,7.636482558139537,49.88635174418607,True,False,True
bluesky_3a7ca7bbfb6b7dabbda7b9a39c33de2e0714480cba2fa97a1cf5ceb771853419,majority_keep,sample_low_toxicity,119.0,22.0,1.0,22.0,0.025210084033613446,8.544545454545453,72.9868181818182,False,True,True
bluesky_3ad8931042c9de73d9441d672ccfba3bb9750fda430b61b76a99ff645fe87e01,majority_keep,sample_low_toxicity,272.0,41.0,1.0,41.0,0.025735294117647058,21.250000000000004,13.955000000000013,False,True,True
bluesky_3af7be3366c75167e40148bebce8dfea11de28775af92b45fba71ae5bc078037,unanimous_keep,sample_middle_toxicity,297.0,51.0,2.0,25.5,0.030303030303030304,11.785408163265306,54.20423469387757,False,False,True
bluesky_3b36c1a963e747db3996c188d77bf015d8d7b4c5233a001916c6bb37ea07dc87,majority_keep,sample_middle_toxicity,192.0,36.0,3.0,12.0,0.052083333333333336,6.154285714285717,71.71904761904764,False,True,True
bluesky_3b7c380440ca63e14f33403ad8ea54a58358ecd8b741590afe54e5d9bc57eb58,unanimous_keep,sample_low_toxicity,296.0,45.0,3.0,15.0,0.02702702702702703,11.048181818181817,41.97560606060608,False,True,False
bluesky_3bab37f46dd87c2993410b0cd3e31991ddd1509ab076c96d64f4374bf64c1f25,majority_remove,sample_middle_toxicity,115.0,21.0,3.0,7.0,0.02608695652173913,2.3114285714285714,90.95857142857145,False,True,True
bluesky_3bc6d99f062cddea4d79fcc3afd31ca69751ef0ef08d98b0319c3f4444e03372,majority_remove,sample_middle_toxicity,225.0,41.0,6.0,6.833333333333333,0.03111111111111111,2.9400000000000013,85.85833333333333,False,True,True
bluesky_3bc8ce4f78872eb55dbb668f1a1eeff4efa469bd9f3eaa4b8a1189b9572d7e90,majority_keep,sample_middle_toxicity,290.0,50.0,2.0,25.0,0.013793103448275862,12.2075,50.28750000000002,False,True,True
bluesky_3bd398644c59430bfe0505ba2e698877a44f59c1247ce837b1bc41ec08a48c68,majority_keep,sample_middle_toxicity,231.0,48.0,5.0,9.6,0.05194805194805195,2.8762608695652183,90.82743478260872,False,True,True
bluesky_3bf444de2438eb824955a82d4783b43b14327315eb9935a6bd9bad520ece7e4b,majority_keep,sample_low_toxicity,238.0,42.0,6.0,7.0,0.037815126050420166,5.51157894736842,66.82771929824563,False,True,True
bluesky_3c05fbfbe40be892837f39fc03cf7b9d94692b7e7209fba6fe72a07010532a75,unanimous_keep,sample_middle_toxicity,237.0,39.0,4.0,9.75,0.02109704641350211,7.678157894736845,56.93460526315789,False,False,True
bluesky_3d051703936538ab71ce47841a0a6250d2427a1345847e76b3a55f3af00736f5,majority_remove,sample_middle_toxicity,206.0,37.0,2.0,18.5,0.06796116504854369,8.740000000000002,62.68000000000002,False,True,True
bluesky_3d412804e3fe9e46da1253f92531b34a6d5f56430e69fb095bd9261dceed6c45,unanimous_keep,sample_middle_toxicity,288.0,48.0,3.0,16.0,0.04861111111111111,9.825,53.120000000000005,False,True,True
bluesky_3d6451f336043b8ecdbb37cc7fd3cd40debba98501021a4b8a5fb3438fb26812,unanimous_keep,sample_low_toxicity,158.0,31.0,1.0,31.0,0.03164556962025317,11.995862068965518,60.71034482758621,False,True,True
bluesky_3d8c80515b4d48c643928f637b0a08ac4e57dd13d9c93c4b2e10d0639efb5a97,majority_keep,sample_middle_toxicity,300.0,48.0,2.0,24.0,0.07,13.15797872340426,42.58250000000004,False,True,True
bluesky_3de4cf3a349364bef2ed980ab3ce50b8ff7b6fbf78275c73bc127f5834581dc2,majority_keep,sample_middle_toxicity,258.0,50.0,4.0,12.5,0.05426356589147287,4.056329787234045,86.90875,False,True,True
bluesky_3e9d5c602d2c9419e3ff95596b7aa0abb34fa08370530593d35c26b35d1f6374,unanimous_keep,sample_low_toxicity,199.0,33.0,2.0,16.5,0.020100502512562814,10.562500000000004,47.83250000000001,True,False,True
bluesky_3ead215cceff61762ea150ecb6decb12ea21884000e4bd36f6d62c1d01b24cd1,majority_keep,sample_middle_toxicity,282.0,41.0,5.0,8.2,0.028368794326241134,8.042146341463415,52.00956097560976,False,True,True
bluesky_3eec45555fa71fdd7d1c412c69f9bc6d7c1ef3b048e96c63eb8f2b23ab870c56,unanimous_keep,sample_middle_toxicity,248.0,41.0,1.0,41.0,0.008064516129032258,19.107317073170737,31.09804878048783,False,True,True
bluesky_3f881c29bcd3e75a7c237ceb2becf41198684178c4c8e4dd48a275a9013ee004,majority_remove,sample_middle_toxicity,218.0,42.0,1.0,42.0,0.027522935779816515,17.16871794871795,41.434615384615384,False,False,False
bluesky_3fbf18e6d88a3eb0e85aec2fae5ec1d79528a7746c38c678bfbcc3441dc34e3a,majority_keep,sample_middle_toxicity,119.0,22.0,2.0,11.0,0.03361344537815126,5.862727272727273,92.21409090909091,False,True,True
bluesky_3fc94fabf3f11995c2733f6c65bc46ef8786aeb723e30798e0fd019f17267acd,unanimous_keep,sample_low_toxicity,221.0,42.0,3.0,14.0,0.03167420814479638,5.28146341463415,81.5389430894309,True,False,False
bluesky_3fe81976430e210b3dabed6e8049bc9978973bc75b8c4624f203b7a6a3f7a4ee,majority_remove,sample_middle_toxicity,295.0,48.0,3.0,16.0,0.02711864406779661,10.398695652173913,47.819492753623194,False,True,True
bluesky_404f3fa97a2e53d8dc91ecc13c98d38de82dda4f345270b81b6b778f65814807,majority_keep,sample_middle_toxicity,214.0,41.0,2.0,20.5,0.02336448598130841,8.958589743589744,65.56557692307695,False,True,True
bluesky_4075505e7ef0eb99a956b72995a1311892e3576d233f9fb013f0fd5211659bc4,majority_keep,sample_middle_toxicity,110.0,20.0,2.0,10.0,0.01818181818181818,5.6200000000000045,70.80000000000003,False,False,True
bluesky_411e961cfcfabec58983727e019d863ea700a2b9eaf94da0225792bb9d8f0364,unanimous_keep,sample_middle_toxicity,248.0,46.0,3.0,15.333333333333334,0.012096774193548387,6.807391304347828,73.56731884057973,False,True,True
bluesky_4133a59b37ffac5d048f2d63d766344cd25b51d5654d237bea5892eaf80043cf,unanimous_keep,sample_middle_toxicity,298.0,61.0,4.0,15.25,0.05704697986577181,11.303775510204083,57.65729591836735,False,True,True
bluesky_415e6c46350d367eb75278ee71e9f85ebe537d8465ea32bcb0bc5313bba60cbe,majority_keep,sample_middle_toxicity,286.0,46.0,5.0,9.2,0.03496503496503497,8.89777777777778,47.30000000000004,False,False,True
bluesky_41a98071f6cf12132edab954426d54be5e880c58bc24207ad3bcf78af3902ece,unanimous_keep,sample_middle_toxicity,137.0,26.0,2.0,13.0,0.0364963503649635,4.91076923076923,83.0092307692308,True,False,True
bluesky_4224c7f66830e835d2a9d05f382b675b6e1e17f1bc1b637a47bb49ac935fd2f8,majority_remove,sample_middle_toxicity,206.0,36.0,4.0,9.0,0.02912621359223301,5.598750000000003,69.17125000000001,False,True,True
bluesky_42e10e6d41468c8dc161d91fdc1d6ffcaf5db46e1d940240f7f030535dffa997,unanimous_keep,sample_middle_toxicity,172.0,32.0,2.0,16.0,0.023255813953488372,6.822741935483872,73.75411290322583,False,True,True
bluesky_4359735d3927eacfd6e328ed98ecf07bbb5ec7548c3e28565a93dc194a8e2b43,majority_remove,sample_middle_toxicity,167.0,27.0,2.0,13.5,0.011976047904191617,8.467592592592595,58.3991666666667,False,True,True
bluesky_4368976206429a1951986d34438029b7bcd95ee11dcd29c6deb387a51df23ccf,majority_keep,sample_middle_toxicity,124.0,19.0,1.0,19.0,0.016129032258064516,11.693684210526317,45.06578947368425,False,True,True
bluesky_43f06155b22e9007bba58a593d4ce2a1f70b49c376cc1e465f3054aa712c6173,majority_keep,sample_middle_toxicity,206.0,40.0,3.0,13.333333333333334,0.03398058252427184,5.484864864864864,77.70585585585587,False,True,True
bluesky_443f3ba3ffa757d892d10a02e28a29aa0ec4b4529350e8027b82894138b17c71,unanimous_remove,sample_middle_toxicity,195.0,34.0,3.0,11.333333333333334,0.020512820512820513,7.651515151515152,59.79727272727277,False,True,True
bluesky_4466feac385d402cbe4010212967f7a958c351c66c516288b21d2ec44f3eba0e,majority_keep,sample_high_toxicity,188.0,33.0,4.0,8.25,0.031914893617021274,4.123750000000001,79.74625000000002,False,False,True
bluesky_4472b41dca8d02683dfadf3c5a34e024a79d8e00009af93f10f36939de062808,majority_keep,sample_middle_toxicity,194.0,31.0,1.0,31.0,0.020618556701030927,14.770967741935486,44.37645161290325,False,True,True
bluesky_44e48da5b9fb3d655017e28c6085d3e5aab2ce5b2b75017b393ae825a861ceb1,unanimous_keep,sample_low_toxicity,101.0,17.0,1.0,17.0,0.009900990099009901,8.39294117647059,65.16823529411766,True,False,False
bluesky_44f9a69bf857f9419406e8e4f60d2f65e958c7d24349f95c82ef3bce810f7b8b,majority_keep,sample_middle_toxicity,293.0,53.0,5.0,10.6,0.020477815699658702,6.355320754716985,68.37788679245286,False,False,True
bluesky_45c2b26f6bc0f09fd59c1231b4a8a80c6f642e46a38d10c665d4ad33bdf0fc10,unanimous_keep,sample_middle_toxicity,94.0,20.0,2.0,10.0,0.05319148936170213,4.383823529411767,78.77220588235295,True,False,False
bluesky_45d59036e843f85ed57724625f98e52c5d61306030a43b28c3e33ddff47b8063,unanimous_keep,sample_middle_toxicity,213.0,40.0,1.0,40.0,0.004694835680751174,16.530000000000005,47.79500000000003,False,True,False
bluesky_45ff73bf25d29937e6fc3d2acd886d5ff3b3a15fc271887dc5e4e574bddb9bf5,unanimous_keep,sample_middle_toxicity,168.0,26.0,1.0,26.0,0.03571428571428571,14.51923076923077,37.27576923076927,False,True,True
bluesky_460329e0f94c11da3309dc290acec6039641d0d9ede9403664d6214df615e7a6,unanimous_keep,sample_low_toxicity,227.0,42.0,1.0,42.0,0.00881057268722467,18.3,35.10500000000002,False,False,False
bluesky_462f090b4b4bd06dc91f52b4435e84ba1afda156fe1444a341390b0e48b792b2,unanimous_keep,sample_low_toxicity,275.0,49.0,1.0,49.0,0.04363636363636364,20.05,33.24500000000002,False,True,True
bluesky_467fd376103a1f8044f3067a6d02629070087174d99b1e9ef568e0ff047bc5fb,majority_keep,sample_low_toxicity,290.0,51.0,2.0,25.5,0.010344827586206896,12.267040816326531,50.751173469387766,False,True,True
bluesky_470fc20512aabde62a9ebf23cd8d4026215820c98e80cabca3dc137c7212b687,unanimous_keep,sample_middle_toxicity,137.0,26.0,4.0,6.5,0.0364963503649635,2.895500000000002,85.43525000000001,False,True,True
bluesky_4742de4675643db196831fcad97169aa830ae26f04915f3ba8a6f813dfc054a4,unanimous_keep,sample_low_toxicity,266.0,51.0,3.0,17.0,0.03759398496240601,7.612500000000001,68.9825,False,True,True
bluesky_47c6d52f09beb5f76624fb6d55b558fc041f569fdaa377847c2da6d4209adf3b,majority_keep,sample_middle_toxicity,231.0,38.0,1.0,38.0,0.021645021645021644,20.34578947368421,16.8755263157895,False,True,True
bluesky_47eef77706f224197a04ac91a6d9544d86fcb27e9f0fe66daaa3ae620c64a731,unanimous_keep,sample_middle_toxicity,145.0,27.0,1.0,27.0,0.013793103448275862,9.073076923076925,76.3219230769231,False,True,True
bluesky_480c497b10a72354f37210a67a714097ff2b56f9cecb8ca847a4f862ae895d27,unanimous_keep,sample_low_toxicity,299.0,54.0,3.0,18.0,0.056856187290969896,8.350000000000005,63.69500000000001,True,False,False
bluesky_493c17efa98eb1bd2f7bc82a4b9e54679317f58347d055c5c5864530314d1efc,majority_keep,sample_middle_toxicity,157.0,31.0,1.0,31.0,0.025477707006369428,12.867741935483874,58.021612903225815,False,False,False
bluesky_494e1244c486c8b676e9cf8cfa8d6c9b0a200f9ab8fc96c9f33a65b865837d91,majority_remove,sample_middle_toxicity,123.0,23.0,2.0,11.5,0.04065040650406504,5.419999999999998,74.01500000000001,False,True,True
bluesky_498ea32951af0c6a6234b48ce26362a7e101c626021a8d2548bed5a5cae2bf0e,unanimous_keep,sample_low_toxicity,298.0,46.0,3.0,15.333333333333334,0.013422818791946308,11.762222222222224,37.45000000000002,False,True,True
bluesky_499e668d0cb7ae9d38a09b3d85c1c685af1b5d04fcec61cb6ff824c112f8fc3b,unanimous_keep,sample_middle_toxicity,162.0,32.0,1.0,32.0,0.030864197530864196,13.115000000000002,58.03000000000003,False,True,True
bluesky_49aa3e6b86039885be0cee7aaf28d2de56a60bec4cd793f5a03565a1a70da663,unanimous_keep,sample_middle_toxicity,222.0,39.0,2.0,19.5,0.03153153153153153,10.122297297297298,55.4412837837838,False,False,True
bluesky_4a27700c790a7dcc514acb0881941a5f6b1fef0c1615081dee5e22c2ae77df9e,unanimous_keep,sample_middle_toxicity,134.0,23.0,1.0,23.0,0.007462686567164179,11.336521739130436,54.750869565217414,False,True,True
bluesky_4a661596e62625a0dbc1abdf3a1a4d634cfa70560fcdbd64acc3a1364b47331e,unanimous_keep,sample_low_toxicity,297.0,51.0,3.0,17.0,0.03367003367003367,8.855686274509804,61.85058823529414,False,True,True
bluesky_4aaa5617ba8d8f23cccee6f95b3bbcb381c1781e2720f8c9588212bc953d8def,majority_keep,sample_low_toxicity,297.0,49.0,4.0,12.25,0.037037037037037035,7.8776086956521745,59.066847826086985,True,True,False
bluesky_4b00de60f6cdc5979a8c8a553f4903fedfd75e121aaac396541779bc6913464f,unanimous_keep,sample_middle_toxicity,286.0,57.0,3.0,19.0,0.024475524475524476,6.792727272727273,79.01575757575759,False,True,True
bluesky_4b16e2835cb18a323154e4f1fce0e5ea7a6c463903b0dbdad226074a88415987,majority_keep,sample_middle_toxicity,7.0,1.0,1.0,1.0,0.14285714285714285,20.200000000000006,-47.97999999999996,False,False,False
bluesky_4b5a4c7daabf38f1b528647cc1ea099e677537bc98052133b1e712c6b2963f23,unanimous_keep,sample_middle_toxicity,221.0,35.0,2.0,17.5,0.049773755656108594,11.169411764705881,45.26235294117649,False,False,True
bluesky_4c456a29e26ec5c4b5068ff667e38af21efeed465686406d3d9b183609e6bfe9,unanimous_keep,sample_middle_toxicity,300.0,49.0,2.0,24.5,0.01,13.190833333333334,43.23750000000004,False,True,True
bluesky_4c9f5c229010eb330af400673aea135d015d5e52006b8c8527ed75bfca7ca69e,majority_keep,sample_middle_toxicity,298.0,48.0,5.0,9.6,0.030201342281879196,8.519739130434786,50.366565217391326,False,False,True
bluesky_4cace324b89b23c55931f030556f31e1f85374ec727372ec3101e25d9a34f40f,unanimous_keep,sample_middle_toxicity,220.0,44.0,3.0,14.666666666666666,0.045454545454545456,4.76047619047619,85.86785714285715,False,True,True
bluesky_4d65d393ff93571e9b21e29c638a9ab48d1a2e0c239247f30c581c32ae487509,majority_keep,sample_middle_toxicity,284.0,51.0,3.0,17.0,0.035211267605633804,7.858333333333331,67.22000000000001,False,True,True
bluesky_4d825fe1d2e09201614758ffee9ecb003f4633c5c56beddeb597ed29903510be,unanimous_keep,sample_middle_toxicity,234.0,41.0,3.0,13.666666666666666,0.042735042735042736,12.004210526315791,42.83947368421056,False,False,True
bluesky_4e60a985bfdef76f8f12ef53948ba622ba4abbe046bb83e28ed412065303a6ea,unanimous_keep,sample_middle_toxicity,149.0,28.0,1.0,28.0,0.013422818791946308,11.344285714285714,63.600714285714304,False,True,True
bluesky_4e6b33c157ccaff7475002ff6772e394c0ed6920423d35bf98658123c71a71bf,majority_keep,sample_middle_toxicity,208.0,31.0,1.0,31.0,0.028846153846153848,17.228888888888893,19.630000000000024,False,True,True
bluesky_4fb0c96d1de4ad659c96e05dfb80972d5d3f36a79d59d854cb02328348756677,unanimous_keep,sample_middle_toxicity,233.0,39.0,1.0,39.0,0.012875536480686695,17.47128205128205,39.26538461538463,False,True,False
bluesky_4fc449f62f8220e9e26afc4988c372c66ae07be2f7cbe8e660397fa1e7cd56cf,majority_keep,sample_middle_toxicity,190.0,37.0,2.0,18.5,0.02631578947368421,7.293484848484848,72.16022727272728,False,True,False
bluesky_4fec7c63cea5cf334e5efbfecd1b220e837846f93fe1c8f5d4342923403f7d83,majority_remove,sample_middle_toxicity,253.0,42.0,5.0,8.4,0.02766798418972332,6.509809523809526,63.35185714285714,False,True,True
bluesky_501942e8118c7e2ba692455e22d30f5257407d77c9f3dd54735cb66344c49a1f,unanimous_keep,sample_middle_toxicity,300.0,51.0,3.0,17.0,0.043333333333333335,8.118775510204085,65.94646258503404,False,True,True
bluesky_5052da8ed74b8703fa207e9f664992e2368fd727453cdfc83fbd3ca1845f9b20,unanimous_keep,sample_low_toxicity,130.0,19.0,1.0,19.0,0.03076923076923077,15.420000000000002,18.350000000000023,False,True,True
bluesky_508dee6b4ae859fbcc908b02c32e4cb72dcca01ebdaabea01a299816efd14a91,unanimous_keep,sample_middle_toxicity,190.0,28.0,2.0,14.0,0.05789473684210526,17.69241379310345,19.868965517241406,False,True,True
bluesky_50a0ebfa9cea9e26d24835d45e28c10594394a5290a731484f2573e16ec3ee8e,majority_keep,sample_middle_toxicity,298.0,53.0,3.0,17.666666666666668,0.03691275167785235,12.402058823529412,51.56426470588238,False,True,True
bluesky_50cbd194d7c2f43a972e2f9c59ebc9f58c3c2d739dabe785baa803064956cd80,majority_remove,sample_middle_toxicity,299.0,48.0,2.0,24.0,0.07692307692307693,13.638333333333339,37.357500000000016,False,True,True
bluesky_50e7d101e8835f0738871ab3bbcc1762119de559d2a6969227cb59423882338b,unanimous_keep,sample_middle_toxicity,294.0,47.0,2.0,23.5,0.06462585034013606,11.762727272727272,49.91409090909093,False,True,False
bluesky_510055c13c7e91fbcd429507031ef7f75917d2c30285a08efde46c7fa39631f2,majority_keep,sample_middle_toxicity,128.0,20.0,1.0,20.0,0.0390625,11.68,46.94500000000005,False,True,True
bluesky_515c406a738fd90502b0650afecf24ca5b5865cfa36eb9a095c1ae88aeb372ac,majority_keep,sample_low_toxicity,258.0,48.0,5.0,9.6,0.03875968992248062,5.542000000000005,71.00300000000003,False,False,False
bluesky_51771105d7d2c6d9783f8ff4a4cc57112fef6a9f8f5f875c6db7f8ce8c9d0eae,unanimous_keep,sample_middle_toxicity,259.0,49.0,4.0,12.25,0.023166023166023165,6.08195652173913,71.94076086956525,False,True,True
bluesky_5194017ab11fb2d46a614a0e64bcaaa2731d27ae88bc58c079703b073a53413a,unanimous_keep,sample_middle_toxicity,294.0,52.0,2.0,26.0,0.017006802721088437,11.47656862745098,58.19955882352944,False,True,True
bluesky_51eb2bcd30e8ac628b01152963421b62177647bfd71fd0522d124d516ebc43dd,unanimous_keep,sample_middle_toxicity,188.0,31.0,4.0,7.75,0.031914893617021274,5.821666666666669,66.6825,False,True,True
bluesky_5217bb1fcb9fafb438c355e358a6835ca021388438550707fc11d8799432460b,majority_keep,sample_middle_toxicity,283.0,53.0,6.0,8.833333333333334,0.028268551236749116,4.355384615384615,79.27294871794875,False,True,False
bluesky_5244cf570a61178815655d2d5603ccccdcf1ba36f9895b372198c93dda2d35e0,majority_keep,sample_middle_toxicity,288.0,56.0,4.0,14.0,0.013888888888888888,6.077954545454549,75.97693181818182,False,True,True
bluesky_53756ddc07343c7769280fcfc59460ecf232801142bd9f60dcc9bd90b947aa5a,unanimous_keep,sample_low_toxicity,138.0,26.0,3.0,8.666666666666666,0.028985507246376812,4.18,79.93666666666668,False,False,True
bluesky_54b028861e36992102fe0d7f4517ab76680941e269c6bc8a3b3f306f03cb94e6,majority_keep,sample_low_toxicity,151.0,26.0,1.0,26.0,0.019867549668874173,12.703846153846158,50.29115384615386,True,False,True
bluesky_55317935990f53571e7a33dc54c1b7dcae6dd41d32932f983352e21f0d95da19,unanimous_keep,sample_middle_toxicity,252.0,40.0,3.0,13.333333333333334,0.031746031746031744,9.670000000000002,49.48166666666668,False,True,True
bluesky_559c3a97c48b01810bd1dce4e3e1d411fd27e33c4928668aa70d1f4229e521f1,unanimous_keep,sample_middle_toxicity,272.0,43.0,5.0,8.6,0.04044117647058824,13.246315789473687,33.93421052631581,True,True,True
bluesky_55a0d42baf617179999e2022cf9b2605bbc90f55b09941d7863a09f42cda4c07,majority_keep,sample_low_toxicity,242.0,41.0,2.0,20.5,0.06611570247933884,11.424444444444447,45.215,True,True,True
bluesky_55b338e4eb536b076b27f31179249421ba01b57f359d1f0479878fbd43176fc0,unanimous_keep,sample_middle_toxicity,127.0,24.0,2.0,12.0,0.023622047244094488,4.331666666666667,85.38,False,True,True
bluesky_55cc8a41b8e5eaa9180846b7084ee765d4f84a7117c9625b4499ddccdc90ed78,unanimous_keep,sample_low_toxicity,202.0,30.0,3.0,10.0,0.0297029702970297,6.010000000000002,69.78500000000001,False,True,False
bluesky_5692fa61131bbb86845d632a3eaa6c63f49327668b04c7254c568c5c76062da0,unanimous_keep,sample_low_toxicity,127.0,20.0,2.0,10.0,0.015748031496062992,8.960000000000004,48.63500000000002,False,True,True
bluesky_576dc757f674fe63b2ba0ed400d4c6930c37b776e49b59e9e3c6417ca4d0959e,majority_keep,sample_low_toxicity,54.0,11.0,1.0,11.0,0.018518518518518517,5.863636363636363,72.61545454545457,True,False,False
bluesky_57708c7fc1a377e212ef0c69946747caeb1ab6ff5147c09e3a8c706900615c3f,majority_keep,sample_middle_toxicity,222.0,41.0,2.0,20.5,0.013513513513513514,16.530000000000005,47.79500000000003,False,True,True
bluesky_57e79c3f2462c205aad6ca63beacc02b3c5c37a4731e41c675a64028398ea120,unanimous_keep,sample_middle_toxicity,295.0,50.0,4.0,12.5,0.03728813559322034,6.81803191489362,67.10875,False,True,True
bluesky_590a70541cef3a8ce53477f93059cc5eb9929b045e147592d7df6853f0e3ba6e,majority_keep,sample_middle_toxicity,116.0,20.0,1.0,20.0,0.008620689655172414,9.910000000000004,59.63500000000003,False,True,True
bluesky_59309b675fbb53bb494f46bcf12b4b9d5e1383c1d9def6b8eb4892325b2cf824,majority_keep,sample_middle_toxicity,274.0,49.0,5.0,9.8,0.040145985401459854,6.211043478260873,66.9187391304348,False,True,True
bluesky_59d0a186fcd8269e0080c3843dd7371fd2a1bf619e6cb8a7d08239df20d19933,majority_keep,sample_middle_toxicity,212.0,38.0,3.0,12.666666666666666,0.02830188679245283,6.462222222222223,70.105,False,True,False
bluesky_59d548b222e20b335108b3fcf24cdadae19cc89e2affdf6d339e5821dba70567,unanimous_keep,sample_middle_toxicity,298.0,47.0,5.0,9.4,0.050335570469798654,11.67906976744186,36.85875968992252,True,True,True
bluesky_5a30c6aae104b2ad9db89f502a2b9556db1aedf4d61fb934ddddb65aea44e443,unanimous_keep,sample_middle_toxicity,197.0,37.0,5.0,7.4,0.04060913705583756,7.571176470588238,60.966960784313756,False,True,True
bluesky_5a3931d53d1feb15b5067b9faddea3d3f8109b8a366fc30a6ba4354a8ee1e654,unanimous_keep,sample_low_toxicity,129.0,22.0,1.0,22.0,0.023255813953488372,12.29909090909091,46.06863636363636,False,True,True
bluesky_5ab663ba0ae92491895ea4e9d60f538de7c73bd48b0b0b2510f0afeabd7260c6,majority_keep,sample_middle_toxicity,186.0,31.0,4.0,7.75,0.026881720430107527,5.035000000000004,72.3225,False,False,True
bluesky_5ae93dcb37c70f4ddeb2f1f47826f517764345c608e7cb819162f2ea82b2de4b,majority_keep,sample_middle_toxicity,215.0,41.0,4.0,10.25,0.023255813953488372,4.240000000000002,82.47500000000001,False,True,True
bluesky_5ba0c3c077c00987c51a246eaf031ed24a1688d0c965a3e513ea2339b46e4050,majority_keep,sample_middle_toxicity,173.0,32.0,1.0,32.0,0.023121387283236993,13.810000000000006,49.48500000000003,False,True,True
bluesky_5baba38b5cbc0e4727c86b479c7c52a113880245d10d11aa44f79c53a4bf4038,majority_keep,sample_low_toxicity,261.0,41.0,3.0,13.666666666666666,0.03065134099616858,9.965000000000003,47.366666666666674,False,True,True
bluesky_5c46476ecd06618cf425c77863552cb74b05686c59642321ba3c89d22322795c,majority_keep,sample_middle_toxicity,289.0,49.0,2.0,24.5,0.02422145328719723,11.544591836734696,55.93076530612245,False,True,True
bluesky_5cca1658cb56e3bb4edd5d61e647604cfeeea86625455c4a4a876e3f7fcd0a34,majority_remove,sample_middle_toxicity,252.0,46.0,3.0,15.333333333333334,0.03571428571428571,10.958181818181817,55.68227272727273,False,True,True
bluesky_5d35eb61f057cd07d1811641d84d06a879b16c278635963a66a936d3a341cb69,unanimous_keep,sample_middle_toxicity,273.0,46.0,3.0,15.333333333333334,0.018315018315018316,8.353333333333339,61.890000000000015,False,True,True
bluesky_5d5d2ec8197b3f7d9553fbd7279c9e15425dfe9609c9d7376e4042f653130e95,majority_remove,sample_middle_toxicity,299.0,57.0,1.0,57.0,0.030100334448160536,21.778113207547168,33.32301886792456,False,True,True
bluesky_5df930607f0022683b037b85e41ae4b29ea64e898fe1ff51e81da0eddcf2fd88,majority_keep,sample_middle_toxicity,139.0,21.0,1.0,21.0,0.014388489208633094,15.07619047619048,24.3771428571429,False,False,True
bluesky_5f51a969f4897b49fdd0bd76e951c3eb16e322f3e5df15233a8cd18b81b22ba6,majority_remove,sample_high_toxicity,231.0,43.0,3.0,14.333333333333334,0.021645021645021644,7.296097560975614,67.09504065040652,False,True,True
bluesky_5f9adce227e8fb1ab0e404654da264f44e8de1bd5f479b681a8ff0382d462519,unanimous_keep,sample_middle_toxicity,262.0,46.0,2.0,23.0,0.019083969465648856,10.153636363636362,61.45045454545455,False,True,True
bluesky_5fb89c0de5cdb5c7b74f283bd45a892b7a325c01c1464f2346773847fdb6ac71,majority_keep,sample_low_toxicity,94.0,17.0,4.0,4.25,0.05319148936170213,1.4574999999999996,91.73750000000001,False,False,False
bluesky_5ffa21c24dad5e44f167e709f7de974d49b1e8c0acee82d075442ced7580b42c,majority_keep,sample_middle_toxicity,177.0,28.0,2.0,14.0,0.022598870056497175,8.834285714285716,56.66071428571428,False,True,True
bluesky_609b6f39ae35f6c6abf217083bc8d5a2562a9c810164f72f3d942ce3c7cf51a5,unanimous_keep,sample_middle_toxicity,135.0,25.0,2.0,12.5,0.014814814814814815,5.333000000000002,79.09150000000001,True,True,True
bluesky_60c958f3b32efe79721643f40d9d6675cd4e6e3235632857249915fb5ec2c186,unanimous_keep,sample_low_toxicity,270.0,44.0,4.0,11.0,0.02962962962962963,8.909476744186048,50.333052325581434,False,True,True
bluesky_60fed440bc2e822553256ea7a92fc9603a6d24f926924bac0f5d729558a91341,unanimous_keep,sample_middle_toxicity,263.0,54.0,3.0,18.0,0.019011406844106463,5.549056603773586,86.74484276729561,False,True,True
bluesky_61537c569f1b19af85a5a4105a4513e5a4816fa761c22ab73b95e9a942715599,majority_remove,sample_middle_toxicity,257.0,51.0,2.0,25.5,0.011673151750972763,9.13642857142857,73.19607142857143,False,True,True
bluesky_61bdd8945e8a3b3dcbd7fcaf2a0daafa117ea7e090a6d8a00eeb0ea0c2b8b050,majority_keep,sample_middle_toxicity,205.0,30.0,1.0,30.0,0.03902439024390244,16.471724137931037,28.62068965517244,False,False,True
bluesky_62595db61e0a64aa294b77c2de4cdca6a2c1e33dac1de87f755dd9958d1205e0,majority_keep,sample_middle_toxicity,253.0,38.0,3.0,12.666666666666666,0.09881422924901186,12.673648648648651,37.149391891891895,False,True,True
bluesky_62864dfbbdedec6ec3d2efc110ab51e719eddddbf35c7637df1ea31dabd86164,majority_keep,sample_middle_toxicity,178.0,31.0,1.0,31.0,0.0056179775280898875,16.170000000000005,32.565000000000026,False,True,True
bluesky_62aca9dfb0af92b9a1392d0f4247b92277de8352e9ac9948ba0d0b2277d70e61,unanimous_keep,sample_middle_toxicity,121.0,26.0,3.0,8.666666666666666,0.06611570247933884,8.52,76.72500000000002,False,False,True
bluesky_62bda9f0a0c718c1417a4e123b5cb36acbcfc4e8b5067442170ec761f7cac95a,unanimous_keep,sample_middle_toxicity,187.0,30.0,1.0,30.0,0.0053475935828877,14.990000000000006,41.025000000000034,False,False,True
bluesky_62f9632b4b79641c955ade37a84adf4f1e9465c7db5291a260ea18f7963bfeaf,unanimous_keep,sample_middle_toxicity,298.0,54.0,4.0,13.5,0.0436241610738255,7.007908163265306,66.63798469387757,False,False,True
bluesky_6365ee2bdf4c4279ad224569a1d8fe2145ee694b492471a60c4b972aa6621f37,unanimous_keep,sample_middle_toxicity,230.0,44.0,2.0,22.0,0.021739130434782608,9.260116279069766,66.96598837209305,False,True,True
bluesky_644eda33c4557c9036d82019935a7c9f05d8302a2f2dbb2c131337b66c72d4d9,unanimous_keep,sample_low_toxicity,168.0,25.0,2.0,12.5,0.02976190476190476,9.581,48.63550000000001,False,True,True
bluesky_646783655a55f992667fd239c783b32586b52df352f7f5fd6b51f7153c7681cf,majority_remove,sample_high_toxicity,188.0,30.0,3.0,10.0,0.031914893617021274,6.010000000000002,69.78500000000001,False,True,True
bluesky_648555dc4cc21ebe5cca26b3676a76c5c976bafde5a47402a3fcb14df5fa265c,unanimous_keep,sample_middle_toxicity,255.0,45.0,1.0,45.0,0.011764705882352941,17.95555555555556,46.48000000000003,False,True,True
bluesky_658f1261553325af8c70f963fe3ef2fb1ae78926f7aca1b6038f880eced5ea72,unanimous_keep,sample_low_toxicity,190.0,30.0,2.0,15.0,0.015789473684210527,11.500000000000004,39.33000000000001,False,False,False
bluesky_65a208b82ef0812b15f93b48effeeb793a2fa8bd1d4be0940624100b53c4b328,unanimous_keep,sample_low_toxicity,270.0,52.0,4.0,13.0,0.025925925925925925,6.044642857142858,73.54410714285716,False,True,True
bluesky_65aba13c9546286c756ec43642a5e8f56adc92d89aa21430260eeb00449708f1,unanimous_keep,sample_low_toxicity,136.0,23.0,1.0,23.0,0.014705882352941176,11.762727272727272,49.91409090909093,False,True,True
bluesky_6614ab804624e094dbf6c019ba8f6a3ca54481cdc8bbf66ffd4747094c017046,unanimous_keep,sample_middle_toxicity,115.0,18.0,2.0,9.0,0.034782608695652174,4.641666666666666,75.14250000000001,False,True,True
bluesky_66683b2ac8d238b2ea38fd3e4e1941a9bdaecd0d7d39f0c770ce84aae26d51c1,majority_remove,sample_middle_toxicity,183.0,33.0,1.0,33.0,0.01639344262295082,13.48375,55.38625000000003,True,True,True
bluesky_66b7b638487b283342ff5aa9239439859c46977d66d55db302e35d4d27358738,majority_remove,sample_high_toxicity,299.0,55.0,3.0,18.333333333333332,0.030100334448160536,7.650909090909089,72.86303030303034,False,True,True
bluesky_66f47fe334cd30165e71922f90f3f258108adc0e67ee5f619cab0023bd609123,unanimous_keep,sample_low_toxicity,258.0,40.0,5.0,8.0,0.023255813953488372,9.655000000000001,40.09,False,True,True
bluesky_673cc70f4bb2962d32b343815ea89626aa71782ba56f370e128606a8fdfefbb4,majority_keep,sample_middle_toxicity,104.0,21.0,2.0,10.5,0.028846153846153848,3.0599999999999987,90.935,True,True,True
bluesky_673ff414ec61b08ed022bcf06813fb8d5f375ff8fe0689a69c13ba134625a6ff,majority_keep,sample_middle_toxicity,140.0,25.0,2.0,12.5,0.04285714285714286,7.221,65.55550000000002,False,True,True
bluesky_675e81ddff3c5ceb34ba8cccb884602e47d7bc939ac7eaf0063a37dd9c80dfa8,majority_keep,sample_middle_toxicity,206.0,37.0,3.0,12.333333333333334,0.019417475728155338,6.790000000000003,67.75500000000001,False,True,True
bluesky_67d69330b8ec57f22060ccce18fea831eafbd453a300f8cc4ca6fad22f9bdbb8,majority_remove,sample_middle_toxicity,285.0,53.0,3.0,17.666666666666668,0.028070175438596492,7.3301886792452855,73.9750314465409,False,True,True
bluesky_67e825d4565ff0ff94ff8f0f25fa280934f6d366ec861b5a10b69923a2e05e24,majority_remove,sample_middle_toxicity,233.0,37.0,2.0,18.5,0.017167381974248927,11.71689189189189,44.00885135135138,False,True,True
bluesky_68796507b371f96467e1b1f224b987cc0f99fe78e2a3081a4a61db49f429a83a,unanimous_keep,sample_low_toxicity,226.0,43.0,3.0,14.333333333333334,0.02654867256637168,6.727142857142859,71.76785714285715,False,False,True
bluesky_68c8a7d68068314f1a6d2d0052adc93ad5dc5e1dda2f1e5d9421fcb45db1a7a9,unanimous_keep,sample_middle_toxicity,291.0,60.0,1.0,60.0,0.01718213058419244,23.02363636363636,27.95545454545457,False,True,True
bluesky_696851ddef5c6e464db1d2a4a05cfdf2f2b5333d7190f0f1793da07efe2ddeaf,majority_remove,sample_middle_toxicity,174.0,35.0,2.0,17.5,0.017241379310344827,7.004705882352944,75.12117647058825,False,True,True
bluesky_6979dd071b5c68850abf118e341168fc8c0549720c5e4663ae9ff1967b961d92,majority_keep,sample_middle_toxicity,295.0,45.0,5.0,9.0,0.04406779661016949,7.41927272727273,57.543909090909125,False,True,True
bluesky_69ca49713cb5f7cc7174fae5a67d1d9688abac33f51f07e91dcecafced8ff653,majority_keep,sample_middle_toxicity,286.0,52.0,5.0,10.4,0.024475524475524476,5.939076923076925,71.00592307692308,False,True,True
bluesky_69ddd12fc7b011e5c23a067518533e2da30bd920a96d838d78c490c31aeb9b47,majority_keep,sample_low_toxicity,300.0,44.0,1.0,44.0,0.03333333333333333,23.68232558139535,1.8597674418604697,True,False,False
bluesky_69ed8454f5fbe1b7bd473216f68dacc622bddf406f5612ab87a078912893ccaf,majority_keep,sample_middle_toxicity,255.0,49.0,6.0,8.166666666666666,0.0392156862745098,3.784148936170215,81.88416666666669,False,True,True
bluesky_6a6c356e59f7d689a1ea0200d26f31281729f8f1e5366d97c85d27da560896bd,unanimous_keep,sample_middle_toxicity,232.0,44.0,2.0,22.0,0.017241379310344827,9.61727272727273,65.29590909090909,False,True,True
bluesky_6b755b441414388d9ac08700bbe2e0fa8748874bffb0e77a1ed11f0aedffe3d8,unanimous_keep,sample_middle_toxicity,255.0,46.0,5.0,9.2,0.0392156862745098,4.935000000000002,73.93,False,False,True
bluesky_6bd9e07ddaa9d0a60cde9883940e5b4d355d0696dc7c7eaa791e6997f1ffde73,majority_remove,sample_low_toxicity,297.0,58.0,4.0,14.5,0.020202020202020204,6.942938596491231,70.66598684210527,False,True,True
bluesky_6bf07634aca2e67652958b2e9f55c5a9dd5aa1c96d197196cbb3d1182b9e53b9,unanimous_keep,sample_middle_toxicity,285.0,52.0,3.0,17.333333333333332,0.021052631578947368,7.467450980392158,71.80352941176473,False,False,False
bluesky_6d71301dbf8162a0afa9c436ef6d751cb28535ade58485a5801a32cc0022bca2,majority_keep,sample_middle_toxicity,292.0,51.0,4.0,12.75,0.0273972602739726,7.693000000000001,62.17150000000001,False,True,True
bluesky_6dbe52f23c11eabdc3fafcf7fd1502b8c3cabee0ab897cd05c97827bdd77781e,unanimous_keep,sample_low_toxicity,296.0,57.0,3.0,19.0,0.030405405405405407,7.865454545454547,71.32484848484852,True,True,True
bluesky_6e4a7ce506c2b212a34477a41edc834126dbaa08f94f619b6d1e48d8b6bc4545,unanimous_keep,sample_middle_toxicity,281.0,46.0,3.0,15.333333333333334,0.03202846975088968,9.372608695652175,55.17601449275364,False,True,True
bluesky_6e86f3f4fdebc00fbafaa16a374af0e743a390c9ee88b9a5a2ac643cf78cb6ec,unanimous_keep,sample_middle_toxicity,132.0,23.0,1.0,23.0,0.007575757575757576,11.22636363636364,53.759545454545474,False,True,True
bluesky_6ea7d2524fa4dea9a16db22aa08d651d4e17fbca8f67f1f8408f8f65a90b47d2,majority_keep,sample_middle_toxicity,151.0,25.0,2.0,12.5,0.052980132450331126,7.364565217391306,62.74510869565219,False,True,True
bluesky_6eaa390fe7ecd23ed6ccc14921b481745a676cea6df1121b0df12ed17d8116e9,majority_keep,sample_low_toxicity,106.0,20.0,2.0,10.0,0.05660377358490566,7.346315789473689,76.2342105263158,False,True,True
bluesky_6ec563c1fa8e709068c754272671fabb1f15a582cd22dd713a3b0a6b6536ffda,unanimous_keep,sample_middle_toxicity,100.0,17.0,1.0,17.0,0.02,11.863529411764706,40.2858823529412,True,False,True
bluesky_6ee0f696da723e238e981baa7acdf404d768fcc2af68bb07079b2ea575d2efc2,majority_remove,sample_middle_toxicity,189.0,30.0,3.0,10.0,0.037037037037037035,7.97666666666667,55.685,False,True,True
bluesky_6f998e367bd2c2b18371c0aff61df355ba19114156fe59887ed1aef64122fa8a,majority_keep,sample_high_toxicity,296.0,56.0,7.0,8.0,0.05405405405405406,3.8383288409703518,81.0292452830189,False,True,True
bluesky_6fa70a173c97139e7cc230b1d77d6ea15d41311d99914c4d2f393e0ea4eade87,unanimous_keep,sample_low_toxicity,139.0,24.0,1.0,24.0,0.007194244604316547,11.470000000000002,55.57500000000003,False,True,False
bluesky_6fec84a53e7c18d97905ccb54d279853cc1feba52bb95e2f8b2ea5bc51e37d3f,unanimous_keep,sample_low_toxicity,262.0,49.0,6.0,8.166666666666666,0.03816793893129771,4.788404255319151,74.6841666666667,True,False,False
bluesky_6ff59106800813d3f5cd6765b0f7e1aa6f5b45d259baf6161130573969e9c3a5,unanimous_keep,sample_middle_toxicity,298.0,50.0,4.0,12.5,0.020134228187919462,8.265,57.18000000000001,False,True,True
bluesky_70a9a266db815c936c1f9c3035f56eda1c885e3e85f4332b175a5ed37fb017de,unanimous_keep,sample_middle_toxicity,227.0,43.0,3.0,14.333333333333334,0.022026431718061675,5.641860465116281,80.14248062015508,False,True,True
bluesky_70c53f5688b7b6c5c27121d202972bfc56de3306e3d50e45382614087dc8b204,majority_remove,sample_middle_toxicity,277.0,46.0,4.0,11.5,0.036101083032490974,9.707272727272727,51.58924242424246,False,True,True
bluesky_7199b84a5f5fb056d790034dd7909ab122da57d504d3edeb4c2720a120115f56,majority_keep,sample_low_toxicity,102.0,18.0,2.0,9.0,0.029411764705882353,5.6200000000000045,70.80000000000003,False,False,True
bluesky_72235eaea6911f5a5b129a547d546c907f9156e3061e3179aff0b67ecdf7cbb8,unanimous_keep,sample_middle_toxicity,244.0,44.0,1.0,44.0,0.020491803278688523,18.770952380952384,35.2907142857143,False,True,True
bluesky_7269196fe663b3a2c5a3ed32fc70a63c42e63af0b0c945cf6b168f30f450b654,unanimous_keep,sample_middle_toxicity,116.0,20.0,1.0,20.0,0.008620689655172414,11.090000000000003,51.17500000000004,True,False,False
bluesky_727e8a1c215531c38d317dc5e17892198b1cea8d8b603e5a3288225531469c28,majority_keep,sample_low_toxicity,220.0,39.0,1.0,39.0,0.02727272727272727,17.551052631578944,36.91236842105266,True,True,True
bluesky_72c04d4f06240fb8d71a0cd8b1d6aac8a9559aa2756e601ff4fb005e1621432d,majority_keep,sample_high_toxicity,278.0,55.0,4.0,13.75,0.06474820143884892,4.42171568627451,86.07022058823532,False,False,True
bluesky_72ece356be27d06767698c4b66662f14452121be9524da36fdaceab7eb7b8608,unanimous_keep,sample_middle_toxicity,247.0,39.0,2.0,19.5,0.02834008097165992,12.35472972972973,39.43587837837839,False,True,True
bluesky_72f38fe4d260a417c0b7cbea16090e0e7012f6b947ca754c6ebe2e01b5a3ec66,majority_keep,sample_middle_toxicity,110.0,21.0,1.0,21.0,0.03636363636363636,9.830526315789477,58.42368421052632,False,False,True
bluesky_7355254ef74a5d804b7d7e18b89f1a78e9f4b747392c420a73cd28ea3a3443a6,unanimous_keep,sample_low_toxicity,280.0,37.0,2.0,18.5,0.025,17.32444444444445,2.914999999999992,False,False,False
bluesky_74027309c8d578e3578d1c3d99454ab7a197b872bbe0116932d96f6601e35770,majority_keep,sample_middle_toxicity,290.0,49.0,2.0,24.5,0.027586206896551724,12.699166666666667,46.76250000000002,False,True,True
bluesky_7510b1ef3e805132a1d316e66627cf7bd0fcef69ff0f497e1510613702fe471a,majority_keep,sample_middle_toxicity,298.0,48.0,5.0,9.6,0.07718120805369127,7.84888888888889,54.82000000000002,False,True,True
bluesky_757b3b38dc8411de487910a4983a7dfa70f600f07c50e5e35cb20637a1162c41,majority_keep,sample_low_toxicity,296.0,57.0,4.0,14.25,0.037162162162162164,6.937962962962967,69.36583333333336,False,True,True
bluesky_75fa978dbf45e1bb00fc930620fbcf72b0e388eba103ed006e17a91858a6d29b,unanimous_keep,sample_low_toxicity,292.0,49.0,2.0,24.5,0.030821917808219176,12.453333333333333,48.525000000000034,False,True,True
bluesky_765e396e1cace96c2b7070c2fc6ee5b95d0f5d51cb81ed7974dc43927f265826,unanimous_keep,sample_low_toxicity,235.0,36.0,2.0,18.0,0.02553191489361702,12.407777777777778,38.16500000000002,False,True,True
bluesky_770841d0f69f445aca45082ad10be93a6fc5e9990977b39249aa35a5c9da74cd,unanimous_keep,sample_middle_toxicity,149.0,28.0,2.0,14.0,0.040268456375838924,7.693000000000001,62.17150000000001,False,False,True
bluesky_7767b2eddbea4e8d0601cd869b021503ec033c594c0644c74268b0bb3e628a63,unanimous_keep,sample_low_toxicity,127.0,23.0,2.0,11.5,0.031496062992125984,5.312391304347827,77.45815217391308,False,False,True
bluesky_77a2d2e7586cf8a0fca7c127d63db57a5c3b11eef974ff1228441de496c2ebd1,unanimous_keep,sample_middle_toxicity,258.0,49.0,3.0,16.333333333333332,0.050387596899224806,5.06058510638298,79.70875000000001,False,False,False
bluesky_77ea7e38deb4ca62f1668e687c58cfe1df845c4d77fdf87d9080f8a7bf49bd90,unanimous_keep,sample_middle_toxicity,291.0,53.0,1.0,53.0,0.027491408934707903,21.8843137254902,28.99941176470591,False,True,True
bluesky_788363cc2cb7cd9884e7ec3b126636857bea5263e635fca019ec7e362e6bb64a,majority_keep,sample_middle_toxicity,127.0,23.0,1.0,23.0,0.015748031496062992,11.762727272727272,49.91409090909093,False,True,True
bluesky_7900be4cff2665a10fe27abd0313bcca12d3dc49d6fa0e83cc988021cf8b0d31,majority_keep,sample_middle_toxicity,228.0,46.0,5.0,9.2,0.043859649122807015,4.262190476190476,79.46614285714287,False,True,True
bluesky_795acff9e33d971483f311ae5bfb9f00827acb7c0c00fad56b1749ba1fc3f9fa,unanimous_keep,sample_middle_toxicity,192.0,36.0,3.0,12.0,0.036458333333333336,6.491428571428575,69.30190476190477,False,True,True
bluesky_796022d813144cdd30021a1b752c843ab014385aa50a853485712b94ce73aeca,majority_keep,sample_low_toxicity,226.0,43.0,3.0,14.333333333333334,0.03982300884955752,5.367441860465121,82.10992248062018,False,False,True
bluesky_79703fa57559f87b2e91e13302befe9ff5f06ae7d91c84da86abdce5e2548a79,majority_remove,sample_middle_toxicity,300.0,51.0,3.0,17.0,0.043333333333333335,8.118775510204085,65.94646258503404,False,True,True
bluesky_7971d26beb181223c2398775f7fbc05c0043dcec16fb74279a1ba273024f306e,majority_keep,sample_middle_toxicity,139.0,25.0,1.0,25.0,0.04316546762589928,11.336521739130436,54.750869565217414,False,True,True
bluesky_79db2588c3377742b4f7359c500a80b8bbdf7790b577fa7e3106bd327d85e79d,majority_keep,sample_middle_toxicity,300.0,57.0,4.0,14.25,0.03333333333333333,7.221818181818183,75.93939393939395,False,True,True
bluesky_79fb4550b133046c562edf173df59be9e36c42fe9fca1a49040af22d915afd3d,majority_keep,sample_middle_toxicity,267.0,40.0,1.0,40.0,0.011235955056179775,21.545000000000005,11.840000000000032,False,True,True
bluesky_7a0c26439fe440d58c8409eaeda94c95330dffbeefeae536a2fee5e03cc41a99,unanimous_keep,sample_low_toxicity,287.0,46.0,2.0,23.0,0.010452961672473868,14.414782608695656,32.681304347826114,False,False,True
bluesky_7a7f74689dfd891798632d36ae7c9bafb4359567e782451d4dff4e95f75e333f,unanimous_keep,sample_low_toxicity,118.0,26.0,1.0,26.0,0.01694915254237288,8.028333333333332,80.25000000000004,False,True,True
bluesky_7a8ba11198b0f7282950562c90541f2f51bcb12de8fbbfdbb1bc1a96bbd68780,majority_remove,sample_middle_toxicity,290.0,51.0,3.0,17.0,0.02413793103448276,7.902000000000001,68.09433333333337,False,True,True
bluesky_7aa6e8bb5a14fbd35bf89f38a2f13f84095fa1c8df8c817ed41df6d7ade88e7d,majority_keep,sample_middle_toxicity,112.0,23.0,2.0,11.5,0.026785714285714284,2.109090909090913,99.53363636363638,False,False,True
bluesky_7ae5af46280a651fdbce46e518ee3464a43fbafa91b3cf1663a8c74954685d8e,majority_remove,sample_middle_toxicity,256.0,44.0,4.0,11.0,0.0546875,6.668181818181818,66.84727272727275,False,True,True
bluesky_7b026705282616110a3f8243e34577e25030c958925b2385447f42749ff6bf71,unanimous_keep,sample_low_toxicity,148.0,28.0,2.0,14.0,0.04054054054054054,5.364615384615387,79.75538461538463,True,False,False
bluesky_7b508975fa5daf12f95a63c3a8d376b5a730d70de51b21bb8e821a092534d7f9,majority_keep,sample_middle_toxicity,30.0,4.0,2.0,2.0,0.1,5.240000000000002,66.40000000000003,False,False,False
bluesky_7cbd2ad6b9e0e288c17d8b78743360c10164b4059579c2b8cdc7308adf38d29d,majority_keep,sample_middle_toxicity,299.0,48.0,4.0,12.0,0.026755852842809364,8.575478723404256,54.50875000000002,False,True,True
bluesky_7cc649033c8902973f9ca856dcb4522d8070a3dfae64382356cbba11cef197e3,majority_keep,sample_middle_toxicity,210.0,38.0,3.0,12.666666666666666,0.01904761904761905,7.079459459459461,66.27342342342342,False,True,True
bluesky_7d9514368ecff99a5bb5bc31dc4cba02d372ea7b6178893106d2b6793a6111e2,majority_keep,sample_middle_toxicity,183.0,31.0,2.0,15.5,0.0273224043715847,7.584032258064514,68.2960483870968,False,True,True
bluesky_7d96c2e21f7170b352bda8f0aac62708cacaf94f8678ae577615fcc162b6790a,unanimous_remove,sample_high_toxicity,212.0,34.0,4.0,8.5,0.05188679245283019,5.772058823529413,68.81926470588238,False,True,True
bluesky_7e21d140fb604a2d1013ad4999fc20f97d3a7e4df459c32cc798c84ebbb56f08,majority_keep,sample_low_toxicity,142.0,23.0,1.0,23.0,0.056338028169014086,10.690000000000001,57.605000000000004,False,False,True
bluesky_7ebfe42d7fe708eca0fcda36c4be3acc024cd0b4ee34980b0d9c2cb6124b1dd0,unanimous_keep,sample_low_toxicity,144.0,25.0,1.0,25.0,0.013888888888888888,13.512,42.71600000000004,False,False,False
bluesky_7f06ddf735e27ab5e6c8c58320decbc9bce79f476af37abb077fbc0e8e2b7b3a,unanimous_keep,sample_middle_toxicity,291.0,52.0,2.0,26.0,0.020618556701030927,11.152000000000001,59.636000000000024,False,True,True
bluesky_7f4fe53d13d7b8f51e43eba9900a62f5c31321aac551aa79af450c26284d4e2a,unanimous_keep,sample_middle_toxicity,279.0,51.0,5.0,10.2,0.02867383512544803,3.4140000000000015,88.397,False,True,True
bluesky_7f604575b0c58a6d79a3f85053fc3ba23921d89b9bf250d9bf5a4d89931ede68,majority_keep,sample_middle_toxicity,152.0,26.0,2.0,13.0,0.03289473684210526,8.265,57.18000000000001,False,True,True
bluesky_7f9b594b3d678c753e55ded9c5706a18e94b7fcd529d20db89a4b809c38d9043,majority_keep,sample_low_toxicity,225.0,42.0,1.0,42.0,0.017777777777777778,17.092682926829266,45.54195121951224,True,False,False
bluesky_7fb3b432abd962f7ef1c41ed26917bc4a6fb843b9ec9843aff6ae23099084af3,unanimous_keep,sample_low_toxicity,239.0,38.0,1.0,38.0,0.0041841004184100415,21.277368421052632,10.196578947368437,True,False,False
bluesky_80b68c368ad1c8155301da50b372c7c10788a208229d971b5d803a849bf3b792,majority_remove,sample_middle_toxicity,265.0,41.0,3.0,13.666666666666666,0.022641509433962263,11.735,34.67666666666668,False,True,True
bluesky_816d15def235ef603346cef95479c4516aa6f14a3565951d0ecf7c403b92ffc6,unanimous_keep,sample_middle_toxicity,209.0,37.0,2.0,18.5,0.014354066985645933,11.096666666666668,47.565,True,True,True
bluesky_8194db57d66764c924245641a3d169beef8cf525757bc59654ee72b22681e22f,majority_remove,sample_middle_toxicity,283.0,53.0,2.0,26.5,0.02120141342756184,11.342307692307696,60.05269230769234,False,True,True
bluesky_81bf8430f5ec97f3f17f6a71472b235a006a143ebaa1ba0d808958ca1567a27d,unanimous_keep,sample_middle_toxicity,296.0,48.0,6.0,8.0,0.030405405405405407,8.575000000000003,46.942499999999995,False,True,True
bluesky_82b8593b1fa117d0687bdf4d3cebd085c54b25bc96b2fa0b417a742bbd39791d,majority_keep,sample_middle_toxicity,299.0,41.0,1.0,41.0,0.03678929765886288,23.315,-0.8499999999999943,False,True,True
bluesky_82ddf9268037b4c3b08c6deffb13cd1b1a72bf5a13ebe29458c1084b382361f9,majority_remove,sample_middle_toxicity,164.0,25.0,1.0,25.0,0.018292682926829267,14.928,32.56400000000002,False,True,True
bluesky_83be01fa36e49b5d299786d6e9986a59373be4a05213712fb20f0b190af1cad5,majority_keep,sample_low_toxicity,289.0,50.0,4.0,12.5,0.04498269896193772,6.851521739130437,66.42336956521743,True,True,True
bluesky_84209e00ec6828598d5bcfe5b878dcad9dd1a9e7c713688856ec0fe1e0352e05,majority_keep,sample_middle_toxicity,279.0,54.0,3.0,18.0,0.025089605734767026,6.827692307692306,76.98397435897438,False,True,True
bluesky_8472cd7480597f14ce600feb6e55004043623bd7353896b9ea20e3dec7bf092e,unanimous_keep,sample_middle_toxicity,274.0,53.0,1.0,53.0,0.014598540145985401,20.80153846153846,38.54346153846156,False,False,True
bluesky_84b7655e6b445108fbc799c263fa8ff4f6ddd428a220941af774823ed0a376ad,majority_remove,sample_high_toxicity,275.0,53.0,3.0,17.666666666666668,0.01090909090909091,7.698823529411765,70.14470588235295,False,False,True
bluesky_84e522803fa58348023b637105aba9a3c24b1a4e2309664202745ebcbb02a263,majority_keep,sample_middle_toxicity,285.0,48.0,5.0,9.6,0.021052631578947368,6.654723404255321,64.09400000000002,False,True,True
bluesky_8500af3478053251f2d1d345030600d99698a0663756444778468a39e90480a5,majority_keep,sample_middle_toxicity,196.0,30.0,2.0,15.0,0.015306122448979591,11.893333333333334,36.51000000000002,False,True,True
bluesky_8517cf2fa1059b585d8fa890a2f40762c4bcd3878fae760430a5a77cbfc8f2db,majority_keep,sample_low_toxicity,263.0,40.0,2.0,20.0,0.019011406844106463,15.109473684210528,20.57631578947371,True,True,True
bluesky_8547b69af7f4e175e715537e9c7ae7905a4303c4e7749c5490fa6d65eb32903e,unanimous_remove,sample_low_toxicity,211.0,37.0,4.0,9.25,0.02843601895734597,5.94777777777778,68.45000000000005,False,True,True
bluesky_857757e3957f83b690c8db27b9885ad5f173637521563810f14ebc08060a28c0,unanimous_keep,sample_middle_toxicity,192.0,38.0,6.0,6.333333333333333,0.036458333333333336,2.155555555555555,90.29500000000002,True,False,False
bluesky_8596d712ba13c1e59f20d209b7666037f8c3ec49b7846234a1624c7d74bd1f92,unanimous_keep,sample_middle_toxicity,295.0,51.0,2.0,25.5,0.04067796610169491,12.026224489795919,52.47770408163268,False,True,True
bluesky_85990b6cd435031e547def3a8c704fc2e310526986f0a425f8c23fb72a13ff22,unanimous_keep,sample_low_toxicity,278.0,49.0,7.0,7.0,0.025179856115107913,5.030119047619049,71.2125,False,False,False
bluesky_86b9b306b306eaa1a026a0e05f612cb6daaa015577a997c528d3900a7e89b1d8,majority_keep,sample_middle_toxicity,115.0,18.0,2.0,9.0,0.034782608695652174,4.641666666666666,75.14250000000001,False,False,True
bluesky_86f04f20a222d736b78206700f52dc43e39efcea563c27910183f6606f2d64b8,majority_keep,sample_low_toxicity,199.0,28.0,1.0,28.0,0.01507537688442211,19.772857142857145,3.1721428571428874,False,True,True
bluesky_86f9339e560a008043e344eeb580fde95ab963dbf20312ca53327e8d965010b1,unanimous_keep,sample_middle_toxicity,192.0,33.0,3.0,11.0,0.015625,8.009090909090911,57.23363636363638,False,True,True
bluesky_8758e628bf670c8771893cabafdf5f9fbec919625a2f814828056aeb6e7f64dc,majority_keep,sample_middle_toxicity,300.0,54.0,4.0,13.5,0.03333333333333333,6.735441176470591,69.48198529411766,False,True,True
bluesky_877ae21658dd789e7146cb06ca87468136a3623d0ba2031fb84d4d3c4683996a,unanimous_keep,sample_low_toxicity,265.0,38.0,1.0,38.0,0.018867924528301886,21.48324324324324,6.939459459459471,False,True,True
bluesky_87b53d0770c1d54e03385c8874baf9bbf15891dc7359fc94577de1c215f4878f,unanimous_keep,sample_middle_toxicity,255.0,43.0,3.0,14.333333333333334,0.03137254901960784,9.02292682926829,54.71455284552849,False,True,True
bluesky_87e472a9ed62e33b3df62b2dec7f78ff0425666fd61e99ff1b3f4ff0b8094377,unanimous_keep,sample_middle_toxicity,218.0,41.0,6.0,6.833333333333333,0.03211009174311927,3.1920731707317103,84.34794715447156,True,True,True
bluesky_886ea3911deae8953e2895ec07cbede4df866ef2b2ae69537daf6492d8dee5cd,majority_keep,sample_low_toxicity,242.0,41.0,4.0,10.25,0.0371900826446281,7.485000000000003,59.21000000000001,False,True,True
bluesky_88c44cf0678ebd1009205c2b66db87089941c08b1ae570672a33213ca287b420,majority_keep,sample_low_toxicity,143.0,25.0,2.0,12.5,0.03496503496503497,12.568000000000001,49.48400000000001,False,False,False
bluesky_88f05de05ccb8753ed6f755dd54104dccb4f7e7b336bb6b4385cda807fe657ed,unanimous_keep,sample_middle_toxicity,298.0,62.0,1.0,62.0,0.016778523489932886,23.91620689655173,26.899482758620692,False,True,True
bluesky_88f99e0c3d2ca4d71bc3749a0929f738087c36d9189f3ecb60e90b981b8e8f0e,unanimous_keep,sample_low_toxicity,219.0,34.0,2.0,17.0,0.0136986301369863,10.822352941176472,47.750588235294146,False,False,False
bluesky_890f0f3d8125add4f0a4359de0a9cda5e2c3b8f577ad07f5c582a4d0eace691b,unanimous_keep,sample_middle_toxicity,224.0,36.0,1.0,36.0,0.008928571428571428,20.083333333333332,15.195000000000022,False,True,True
bluesky_89d3ca75a9b987ffd0dfa78857f4aaad6e14c6c08bd64a96485576817ae9a0b2,unanimous_keep,sample_middle_toxicity,261.0,43.0,3.0,14.333333333333334,0.034482758620689655,10.906627906976748,55.16133720930236,False,True,True
bluesky_89d8df082f80f6bcd3ebb712fa3428b2a5cfacbdc950d1296656aa771e50fc9a,majority_keep,sample_middle_toxicity,100.0,20.0,2.0,10.0,0.04,3.641315789473687,85.87671052631579,False,False,True
bluesky_8b45b9eef364a2bbdca8add8872498b5bae0fc79d13c579131b5ecdee737de39,unanimous_keep,sample_low_toxicity,260.0,48.0,4.0,12.0,0.03076923076923077,6.104166666666664,71.33625000000004,False,True,True
bluesky_8bad3e38053734cf07b29bcbfc46727bccaf2abd4ad2a0e2231c37c300bd4ef4,majority_keep,sample_middle_toxicity,181.0,28.0,4.0,7.0,0.049723756906077346,5.682857142857145,66.7871428571429,False,True,True
bluesky_8bc8a8e58202639dc47b5fecb9c99a098d891f35ec20beb58482d20b0b844717,majority_keep,sample_middle_toxicity,172.0,33.0,2.0,16.5,0.029069767441860465,7.243750000000002,71.62625000000001,False,True,False
bluesky_8c0123ce6dcdd510d18cfabb8f2adcd5c4861c4f88b47013b7d405df1b6184a9,unanimous_keep,sample_low_toxicity,91.0,16.0,2.0,8.0,0.04395604395604396,4.641666666666666,75.14250000000001,True,False,True
bluesky_8c71b132f58c7317f2f3435e23561be11b35d253a9e9feddf322f55523b58e7a,unanimous_keep,sample_middle_toxicity,299.0,52.0,5.0,10.4,0.023411371237458192,7.4260000000000055,59.63300000000001,False,True,True
bluesky_8cb1f0619d1be9d6ca30a7cee2ed76756f803d54b73fe4190397dfa78a794c9a,majority_keep,sample_middle_toxicity,130.0,22.0,2.0,11.0,0.023076923076923078,9.857380952380954,43.09178571428572,True,True,True
bluesky_8cbb5b75639928a183f612910fd5d7af8da9e5d5b089dd27f6de67d8ae56da3a,majority_keep,sample_middle_toxicity,192.0,31.0,2.0,15.5,0.010416666666666666,11.771129032258063,38.27669354838713,False,False,True
bluesky_8cd922eea888b484b07294b870f0a7ace22f8e6361b4ffa1ffd75e3d826c6ae9,unanimous_keep,sample_middle_toxicity,240.0,42.0,3.0,14.0,0.016666666666666666,7.850952380952382,63.71071428571429,False,False,True
bluesky_8cef0d57e3aef76b250a6803e2987cc9d6e6a0e0e33fe87b0302654cabe30ad5,unanimous_keep,sample_low_toxicity,102.0,17.0,1.0,17.0,0.0196078431372549,9.781176470588235,55.21529411764709,False,False,False
bluesky_8d370c093f41b899e23866fba62b2aeeb6780c8450da14c9b39620a997c5daad,unanimous_keep,sample_low_toxicity,300.0,53.0,4.0,13.25,0.03,13.471122448979592,42.11852040816328,True,False,False
bluesky_8d98bdfd42f598daad3ffeefa5456c3809d1b47c02d45cc0b974d6096864f074,unanimous_keep,sample_middle_toxicity,173.0,36.0,4.0,9.0,0.028901734104046242,2.31964285714286,94.01660714285715,False,True,True
bluesky_8e548222d68962de1ebfeb36cf7ab74713fb90bc707eeb2ba682cdcc3c450f76,majority_keep,sample_low_toxicity,140.0,28.0,2.0,14.0,0.02857142857142857,4.971296296296298,83.46583333333336,False,False,True
bluesky_8e889360ff670f2ed9027ec94e2944221d34b9e7e96434d95a49987d44feeccf,unanimous_keep,sample_middle_toxicity,140.0,22.0,2.0,11.0,0.014285714285714285,8.545454545454547,53.388181818181835,False,True,True
bluesky_8ea2c04120ea894b24da328fbaeb12fa0fcabf03742194c703d988c676c3b448,unanimous_keep,sample_low_toxicity,298.0,48.0,4.0,12.0,0.050335570469798654,9.513055555555557,46.89625000000004,False,False,True
bluesky_8ead9803ff8e26773dd0018f4ad16d09e75ac0b64c0039ef04b3df7f9a30c707,unanimous_keep,sample_middle_toxicity,282.0,47.0,2.0,23.5,0.014184397163120567,13.660106382978729,38.982500000000016,False,True,True
bluesky_8ec0034537746d1d51f44839151768768b22233200c733210335db9ec0b180e5,unanimous_keep,sample_middle_toxicity,276.0,51.0,4.0,12.75,0.025362318840579712,4.653088235294117,84.41139705882354,False,True,True
bluesky_8f830d40f3d96ae5d1ba6f9b1830892c190fd92b632fc38078a71c973af6112e,unanimous_keep,sample_middle_toxicity,247.0,45.0,4.0,11.25,0.032388663967611336,5.342034883720931,75.90979651162792,False,True,True
bluesky_8fc8031c21f02f5af829c30036691d393dfda798938bc6f567c00246491165bb,majority_remove,sample_high_toxicity,144.0,28.0,5.0,5.6,0.10416666666666667,4.090370370370373,81.76666666666668,False,True,True
bluesky_9011cf92368d46f05d99b661293bba2f86223ef7c13906e273451ea44dba9e2d,unanimous_keep,sample_middle_toxicity,113.0,15.0,1.0,15.0,0.02654867256637168,13.073333333333338,28.05000000000001,False,True,True
bluesky_90ff3f7cda8edbaba2c370f976ba14123e5367eafd3e12b1c22b04c1698b6bc7,unanimous_keep,sample_low_toxicity,205.0,38.0,1.0,38.0,0.00975609756097561,15.06684210526316,54.722894736842136,False,True,True
bluesky_91108053f2efb73c5fb62a024ccd1dd94674ed6c0b071fe78931f4b9ade8ec60,majority_keep,sample_low_toxicity,119.0,22.0,1.0,22.0,0.008403361344537815,9.61727272727273,65.29590909090909,True,True,True
bluesky_9123f4351b82f7dd207278602045ef409710e1973afe5bacb91c9ee5d6d68e4a,unanimous_keep,sample_low_toxicity,144.0,31.0,4.0,7.75,0.05555555555555555,1.0719827586206883,100.29004310344831,True,False,True
bluesky_91713926105d8e0683bca0b5a606b10ef9263eba34e7390e326ef9653184ab11,majority_keep,sample_middle_toxicity,144.0,26.0,4.0,6.5,0.0625,2.895500000000002,85.43525000000001,False,True,False
bluesky_9231d9cb6cd7f6ec86e71f7559cf7d58818278a0ba2b7e590285054b5d16b553,majority_keep,sample_middle_toxicity,140.0,25.0,4.0,6.25,0.04285714285714286,2.9750000000000014,84.42000000000002,False,False,True
bluesky_92dc77da7b7f1812bf36c1f86e138c5597126ce4529cf0daa5e6d68f5aa94a03,majority_remove,sample_middle_toxicity,299.0,56.0,4.0,14.0,0.04013377926421405,5.115833333333335,81.09375000000003,False,True,True
bluesky_92dcfbd012dc9cba4368bf07352124fb2c360a5df0345ac41f18e4f9a2574174,majority_keep,sample_middle_toxicity,274.0,48.0,2.0,24.0,0.01824817518248175,12.15372340425532,49.78250000000003,False,True,True
bluesky_92f627a8ab1a20dacb51171af117fc96d3ea34167e5e2e896845801419919a2b,unanimous_keep,sample_low_toxicity,117.0,21.0,2.0,10.5,0.017094017094017096,8.733571428571427,51.1489285714286,False,False,False
bluesky_93053d6b6594485f6267be75c7b451957dcf7470500b2b3cff2a0070d821f336,majority_keep,sample_middle_toxicity,277.0,44.0,1.0,44.0,0.0036101083032490976,23.82909090909091,2.5886363636363683,False,True,True
bluesky_93d923d8a208e419fd3f74f426170e1fdfe8cfb20604713060afd94b38a7311a,majority_remove,sample_high_toxicity,296.0,57.0,4.0,14.25,0.02364864864864865,5.0797807017543875,84.02388157894738,False,True,True
bluesky_93db738b15f35100b15ec6841354353bbeb5e92e5dd379e1a03c14b63937d19a,unanimous_keep,sample_low_toxicity,182.0,32.0,3.0,10.666666666666666,0.02197802197802198,6.638750000000002,66.46458333333337,False,True,False
bluesky_9437c6b50eb4aab3f991705280418499b1c1d01b5b1784f91d55992334825703,unanimous_remove,sample_middle_toxicity,274.0,46.0,1.0,46.0,0.014598540145985401,22.102173913043483,18.531956521739147,False,False,False
bluesky_943d0e26639ac31c9c1864300435f72eda23cfd865f4747dd8154e649e7b8aa8,majority_keep,sample_low_toxicity,127.0,21.0,1.0,21.0,0.015748031496062992,11.090000000000003,51.17500000000004,True,False,True
bluesky_95ad22ebe375fadbf7a41caefb348cd1c6336bc3485ee0713ff2ec004aadb024,majority_remove,sample_middle_toxicity,180.0,33.0,1.0,33.0,0.016666666666666666,13.48375,55.38625000000003,False,True,True
bluesky_966726fb2c4e6eb21469f2848dda1dc4877d68188c95065664270bd24e15605d,unanimous_keep,sample_middle_toxicity,300.0,48.0,4.0,12.0,0.05,8.813636363636366,51.46545454545458,False,True,True
bluesky_968700b4d57f870dc2e853b3fb72e3fb23239b84b42de78a569a3147e3e9b8d3,unanimous_keep,sample_middle_toxicity,258.0,47.0,2.0,23.5,0.027131782945736434,10.753888888888891,58.03750000000001,False,True,True
bluesky_971024c74e8fb13524775b997ab9ab4af596b8267f846af5abacb0c394a13d97,majority_keep,sample_middle_toxicity,225.0,38.0,4.0,9.5,0.07111111111111111,5.863863636363639,67.71579545454549,False,False,True
bluesky_9757c6d4449a71c72a2e8c668c7a95e90006f35f6b0ee505ef9b61ca8ac27194,majority_keep,sample_middle_toxicity,260.0,49.0,3.0,16.333333333333332,0.015384615384615385,7.120833333333334,72.50750000000001,True,True,True
bluesky_97b096bddbe4fb5f2ccee6d8ba74ae6cbf7a2b24ada39437e0342628fa979c23,unanimous_keep,sample_high_toxicity,291.0,56.0,4.0,14.0,0.03436426116838488,5.115833333333335,81.09375000000003,False,False,True
bluesky_981bec256ee2147794427338e54c7636559714bf4c8d03bc5677e2eb08dec56e,majority_keep,sample_middle_toxicity,262.0,37.0,4.0,9.25,0.030534351145038167,10.022905405405407,39.67868243243245,False,True,True
bluesky_988fc3c036a89eed55a8611f4af3bf58b1802398dd152aed2f6fc38ede2288be,majority_keep,sample_low_toxicity,95.0,15.0,2.0,7.5,0.031578947368421054,8.575000000000003,46.942499999999995,True,True,True
bluesky_993786a43e3fecc30508f658027ebb9ad4e726c51aa2e9e822adc35e5c194cd6,unanimous_keep,sample_middle_toxicity,219.0,35.0,3.0,11.666666666666666,0.0273972602739726,8.265294117647063,55.99049019607847,True,True,True
bluesky_9a08a0116bae75886323d47f200cbf19377ef1022fd5fbdf7a2599ee13561dae,unanimous_keep,sample_middle_toxicity,151.0,24.0,2.0,12.0,0.0728476821192053,11.704761904761906,48.54857142857145,False,True,True
bluesky_9a57114b74baf2d0785a106a0322e3d755d6318747e5396b833d33cf5d698e09,unanimous_keep,sample_middle_toxicity,286.0,53.0,5.0,10.6,0.038461538461538464,4.804461538461542,79.14053846153847,False,True,True
bluesky_9abf25c97efe8db902adb022625867a696b10c5e1083b96e34f7dc6868921308,majority_keep,sample_middle_toxicity,180.0,33.0,3.0,11.0,0.022222222222222223,8.366212121212126,64.4693181818182,False,False,True
bluesky_9b1ccc2138afc1218d6de1414712e9bd2516700486d347d6522fc9fa1bd09b54,unanimous_keep,sample_middle_toxicity,285.0,47.0,4.0,11.75,0.014035087719298246,10.332925531914896,41.90875,False,True,True
bluesky_9b3b806226c2bcd6b4846c38b3804300d385bc6e2c32c72f25a5acd8ddf92b28,majority_remove,sample_middle_toxicity,297.0,58.0,3.0,19.333333333333332,0.020202020202020204,8.757857142857144,65.52047619047622,False,True,True
bluesky_9b6e672eff5d6266ec98f07974009f1893b36b1a6512b25a80d092b45233ab70,unanimous_keep,sample_low_toxicity,295.0,49.0,4.0,12.25,0.03728813559322034,8.510833333333334,55.41750000000002,True,True,False
bluesky_9baabfbc73561f47d6a581724e275899757059cdb0a388e575eb7eef6fe0c3ac,majority_remove,sample_middle_toxicity,180.0,37.0,4.0,9.25,0.027777777777777776,2.342222222222226,94.30000000000001,False,True,True
bluesky_9bac267b4cb8faeb2f0e37d54cddb03b02a4dc44e3d31b5d38b17586c6571119,majority_remove,sample_middle_toxicity,183.0,28.0,1.0,28.0,0.0273224043715847,15.55857142857143,33.38642857142861,False,True,True
bluesky_9c4f2c6717265fe92c36916e7ef2affdffc1fb7ff7b990c2d4dfd52247e3b611,majority_keep,sample_middle_toxicity,274.0,41.0,4.0,10.25,0.043795620437956206,21.89842105263158,5.7439473684210895,True,True,True
bluesky_9e7e4ed739b20bb04482321e016339e3903814d1888b314b7102f72d1d9675c5,majority_keep,sample_middle_toxicity,101.0,18.0,1.0,18.0,0.019801980198019802,7.698823529411765,70.14470588235295,False,True,True
bluesky_9eeaea220fae80f2bab2a8c8db754eb867e3b45c9d5342ad710640f849d5f716,majority_keep,sample_middle_toxicity,226.0,39.0,2.0,19.5,0.01327433628318584,8.73,68.09500000000004,False,True,True
bluesky_9eef24b458eaee57c32f49139433182d1afa375009bacffc05db06c125edd05e,unanimous_remove,sample_middle_toxicity,255.0,43.0,2.0,21.5,0.0392156862745098,10.861904761904764,54.591428571428594,False,True,True
bluesky_9f4d9bbd5cb60d4e82892f6062af1bf6c71ad50cfc69425d6b52363d81aedb02,unanimous_keep,sample_low_toxicity,208.0,34.0,2.0,17.0,0.04326923076923077,9.533333333333335,53.430000000000035,False,True,True
bluesky_9f4f65f7f801e89861747a1e8958c9c2ae2b19d1fb4fd7238dc405ca87e0cdf8,majority_keep,sample_low_toxicity,82.0,13.0,1.0,13.0,0.024390243902439025,9.740000000000002,46.60500000000002,True,True,True
bluesky_9f8541692dbc72cd4e2364cc9c2dc8d4d453f215ac519d4e2423f18c9817a87f,majority_keep,sample_middle_toxicity,296.0,48.0,4.0,12.0,0.04054054054054054,8.324414893617021,56.30875,False,True,True
bluesky_9f99b36a3b1df97f8df5ac402ca9ce2c8e3d5581f3a7da506afb76d0bc650eed,majority_keep,sample_middle_toxicity,232.0,43.0,8.0,5.375,0.04310344827586207,7.057105263157897,61.38723684210527,False,True,True
bluesky_9fc361c252ae62069cb45eb26a9443c75c00a613e277517ede464c480e460c30,majority_keep,sample_middle_toxicity,292.0,52.0,4.0,13.0,0.023972602739726026,5.809950980392159,76.11727941176473,False,True,True
bluesky_9ffb9154786c4d7266243dfb4957c53c059beca9c25eba9aa75b118ca3e150c4,unanimous_keep,sample_low_toxicity,196.0,32.0,3.0,10.666666666666666,0.05612244897959184,8.524827586206897,51.16126436781613,True,True,True
bluesky_a0bc8f4b2dc268325c23066b9117f40b4b16ce08fc2803688e7324689bd2412b,majority_keep,sample_middle_toxicity,156.0,25.0,3.0,8.333333333333334,0.02564102564102564,6.705000000000002,61.24000000000001,False,True,True
bluesky_a16fe448901b8572cc3348d237272281e3babcd35cb01d55d291a84fcb399d34,unanimous_keep,sample_middle_toxicity,207.0,35.0,2.0,17.5,0.024154589371980676,9.103571428571428,60.963928571428596,True,True,True
bluesky_a17ef48d760f53a9c037217a2c6028020b32a3ec3f5ef71fdfe3fdb5bed47cdd,unanimous_keep,sample_middle_toxicity,170.0,32.0,4.0,8.0,0.03529411764705882,4.492500000000003,77.1025,False,False,True
bluesky_a1aec7cc12f2daf39cf1631d8687d5e562dde553a96ecb04e8d6bb6c56897d3f,majority_keep,sample_low_toxicity,268.0,46.0,2.0,23.0,0.033582089552238806,13.126951219512197,37.46164634146342,False,False,False
bluesky_a23775712571ed501d4a9e6a8fd60d6ddf8c2c2c609ee589ed29ec6a0588f2da,majority_remove,sample_middle_toxicity,112.0,20.0,2.0,10.0,0.05357142857142857,3.650000000000002,86.70500000000001,False,True,True
bluesky_a2462bbc58cee51ba274ee886955a194f274461e0ad9567173c55177632104ba,majority_keep,sample_middle_toxicity,24.0,5.0,1.0,5.0,0.041666666666666664,-1.4499999999999993,116.14500000000001,True,False,False
bluesky_a2c6f78e2c325bdf45b88a8306f40bf67bb2a628b515b52059ba8326d1af88ac,majority_keep,sample_low_toxicity,145.0,25.0,2.0,12.5,0.034482758620689655,5.806666666666668,74.805,True,False,True
bluesky_a3731d1a65ff0908528dcb49dcfc644633abe36b92f4567560082fc048df28bb,unanimous_remove,sample_middle_toxicity,299.0,48.0,2.0,24.0,0.07692307692307693,13.638333333333339,37.357500000000016,False,True,True
bluesky_a38161c918480fc9b77e16d3fd1672f177450a7c95e31b8ca72205286931d920,unanimous_keep,sample_middle_toxicity,275.0,51.0,4.0,12.75,0.03636363636363636,6.790000000000003,67.75500000000001,False,True,True
bluesky_a3f93e747c98f00788de889005756369a480025e50d23b7b6d0ecd9881990bda,unanimous_keep,sample_low_toxicity,282.0,47.0,3.0,15.666666666666666,0.031914893617021274,12.404787234042555,47.982500000000016,False,False,True
bluesky_a414b62e9f6aa3df174494900a8c9c48381d48d226375ef0e50b93892f6aad55,unanimous_remove,sample_high_toxicity,161.0,33.0,3.0,11.0,0.043478260869565216,2.076666666666668,97.985,False,True,True
bluesky_a41fc2147af605043a20c5678e038c5f9523c33847ce057830417df48c48a73a,majority_keep,sample_middle_toxicity,282.0,54.0,7.0,7.714285714285714,0.05319148936170213,4.7374545454545505,76.77118181818184,False,True,True
bluesky_a43e2ac38fbf04675c8e4b80f1a7ebdb2720ec014985c90209a0319c6c2a8a72,majority_keep,sample_middle_toxicity,260.0,45.0,4.0,11.25,0.046153846153846156,4.790909090909089,80.30636363636367,False,False,True
bluesky_a4ab1d65956142ce7a66d855e37d1e2156837024f8493d0205db793f2ed02c37,majority_remove,sample_middle_toxicity,247.0,36.0,3.0,12.0,0.048582995951417005,18.840588235294117,20.542647058823547,False,False,True
bluesky_a5047f93bbac1915c7ecd5fac768efc4379580291eebc60c40eac6c736d231ea,unanimous_keep,sample_middle_toxicity,87.0,18.0,1.0,18.0,0.022988505747126436,7.698823529411765,70.14470588235295,False,True,True
bluesky_a5db69b676b3e2a407e691366ebaf4b50ba97ad7b7fc73865421ddbdc59528e2,majority_keep,sample_middle_toxicity,116.0,22.0,1.0,22.0,0.02586206896551724,7.209523809523812,80.77714285714288,False,True,True
bluesky_a6c1d8f8a2a928ae0e2d731812e834bf76909084be0f139b1b0c89e8fb83629c,majority_keep,sample_middle_toxicity,166.0,29.0,3.0,9.666666666666666,0.04216867469879518,9.33481481481482,44.166666666666686,False,True,True
bluesky_a70badff37e2b51c463474806fca3ac06aaaf2ed80485e688c57081e124d743e,majority_keep,sample_middle_toxicity,299.0,51.0,1.0,51.0,0.030100334448160536,24.471020408163266,6.891836734693925,False,True,True
bluesky_a7681feab8055d78565148621cea6a3ea78351f6d5949b2a0d2e6118788fc2db,unanimous_remove,sample_middle_toxicity,80.0,15.0,1.0,15.0,0.025,4.420000000000002,90.09000000000002,False,True,True
bluesky_a796f46dfab7c48bdc7eb2f82226f150f209332497cb2ef9c58058bf31faa9b8,unanimous_keep,sample_low_toxicity,293.0,49.0,3.0,16.333333333333332,0.020477815699658702,9.600851063829786,54.133333333333354,False,False,False
bluesky_a79bdfdfdabc86170e45182df493bfd9820a195572b912964fa3cf6c2b07ecb2,unanimous_keep,sample_low_toxicity,125.0,23.0,2.0,11.5,0.032,7.0478571428571435,63.23464285714289,True,False,False
bluesky_a7ad68fab04a491c4b67157eeab0b09d29fbdade520ae3a9e3d003e9b94ab093,unanimous_keep,sample_low_toxicity,296.0,46.0,1.0,46.0,0.010135135135135136,22.413333333333338,14.520000000000039,True,False,False
bluesky_a7b749de72e059505f2b9bfd1f65de4c0bda95b052174a86861932f90bf20af0,majority_keep,sample_middle_toxicity,102.0,18.0,1.0,18.0,0.00980392156862745,9.785555555555558,56.965,False,True,True
bluesky_a85353765691d431150167b38051fa5e984254d178582408bc0a0034f92bfc99,majority_keep,sample_high_toxicity,159.0,26.0,1.0,26.0,0.012578616352201259,13.984000000000002,39.33200000000002,False,True,True
bluesky_a86b316dcd38e655773c26f42f70cbe2d3d3affa99d427a8dbb3dd4d452c813b,unanimous_keep,sample_low_toxicity,129.0,20.0,1.0,20.0,0.0,12.270000000000003,42.71500000000003,False,False,False
bluesky_a89a2f80198d5d375519d0fb1c2b41c15d66fe1ca028d843784543e9ec45d410,majority_remove,sample_high_toxicity,260.0,47.0,7.0,6.714285714285714,0.03461538461538462,2.1260317460317495,91.27,False,True,True
bluesky_a91930b6043d254a81cb1d6ef10ca7dd303247e7f86f0f7e94e85af3f8712f33,majority_remove,sample_middle_toxicity,141.0,25.0,1.0,25.0,0.02127659574468085,10.208000000000002,66.40400000000001,False,True,True
bluesky_a9a05dff0c364bfdb91f7a1e591049869e61d005a6c94f0c3360c65e7ceb847e,unanimous_keep,sample_middle_toxicity,244.0,47.0,1.0,47.0,0.012295081967213115,17.997826086956525,47.95804347826089,False,False,True
bluesky_a9b0317414a3299037efc725e6ef060b6ae6de6a369f84dff157f1b5212f08d3,majority_keep,sample_middle_toxicity,227.0,40.0,1.0,40.0,0.01762114537444934,16.699459459459465,41.23675675675676,False,True,True
bluesky_a9d4421c6a2495caeb19012b16e7c60aca4f7aa216d1b2390f397aca9d27b55b,majority_remove,sample_middle_toxicity,175.0,33.0,1.0,33.0,0.022857142857142857,14.221250000000001,50.098750000000024,False,True,True
bluesky_aa66207d84ce83b7b6f63e1948242bd0b342f0896faa494fd70c9f4af02c253c,majority_keep,sample_high_toxicity,176.0,36.0,3.0,12.0,0.03977272727272727,4.1005882352941185,85.8493137254902,False,True,True
bluesky_ab1b501eca5504b5397be34f737a8db036d604816710c4ab349ea3d2d0470477,majority_keep,sample_middle_toxicity,300.0,46.0,2.0,23.0,0.043333333333333335,21.84565217391304,20.371086956521765,False,True,True
bluesky_ab4532f1c9fcf6131550f4764c9fa182dd2f8d43b44864b5dc5113310dc59789,majority_keep,sample_low_toxicity,263.0,41.0,2.0,20.5,0.022813688212927757,14.040000000000003,30.025000000000034,False,True,True
bluesky_ab9003711e75ed8d0a722afb8f99355c2e593f73df74fa940a525199991381f6,unanimous_keep,sample_middle_toxicity,248.0,38.0,3.0,12.666666666666666,0.03225806451612903,9.534210526315793,49.2678070175439,False,True,True
bluesky_ac3ce878b107b8857557e60a0d487ea05eeac4f73d38d847aca1556d6c8249fc,unanimous_keep,sample_low_toxicity,271.0,47.0,4.0,11.75,0.02952029520295203,5.562712765957446,76.10875,False,True,False
bluesky_ac5e2efa19a1c1b4a30b2d8994f6f4116afd7389d7a820f3ea5a7a4d9f52ec42,majority_keep,sample_low_toxicity,100.0,18.0,1.0,18.0,0.04,8.474444444444444,66.36500000000001,False,False,True
bluesky_ad4630fb01cad3367b3fb0d4bf8b7348d393c39877ed452d674370a3a7520dbe,majority_keep,sample_middle_toxicity,151.0,23.0,2.0,11.5,0.09271523178807947,9.416739130434784,48.032065217391334,False,True,True
bluesky_ad9e5ad080e519cf193d6ade19af96529063c387116a9820912b7923c75cd4c6,unanimous_keep,sample_middle_toxicity,283.0,49.0,4.0,12.25,0.028268551236749116,7.571223404255321,61.70875000000001,False,False,False
bluesky_addd460dca2c7b276530bb033a452186e774d7cbcc3c79ce246aee6186227f13,unanimous_keep,sample_middle_toxicity,92.0,14.0,2.0,7.0,0.043478260869565216,9.637307692307694,37.54519230769233,False,True,False
bluesky_ae61b639187380f77024291b60860a9fac82d6c293bd38ad30047a0c60a1c755,majority_remove,sample_middle_toxicity,300.0,51.0,4.0,12.75,0.04666666666666667,13.660106382978729,38.982500000000016,False,True,True
bluesky_ae8eee208e92a69338f7c1fe8a9291adc146c5add8b783c90900d4255f9cf1c8,unanimous_keep,sample_low_toxicity,144.0,26.0,2.0,13.0,0.020833333333333332,7.221,65.55550000000002,False,False,False
bluesky_aeca71066b2daabce11349c9ffd01f82cb71a715b7e3b35f8de99e907c93659b,unanimous_keep,sample_middle_toxicity,133.0,24.0,4.0,6.0,0.045112781954887216,2.7716666666666683,89.44,True,True,True
bluesky_aed42ccf61c97cbc2d65a0e2061e94870963a9507d0e81b08423194a6f7d00d6,unanimous_keep,sample_middle_toxicity,297.0,59.0,5.0,11.8,0.026936026936026935,5.219772727272726,82.1296590909091,False,False,True
bluesky_af8f5554f15d88b20a05104cd8066e2a7a05dade8a1903d195cf60062cf8dec2,unanimous_keep,sample_low_toxicity,293.0,54.0,5.0,10.8,0.027303754266211604,5.485230769230771,74.25976923076924,False,True,True
bluesky_af902269c9225f570900ec861f6136217356b6ccb558ad28f2afcdd288fae684,unanimous_keep,sample_middle_toxicity,178.0,27.0,1.0,27.0,0.033707865168539325,14.60666666666667,38.43000000000001,True,True,True
bluesky_afda05022fb8fdaf7509a61114c5ec235a8353fd2fc531773e6938db12833a06,majority_keep,sample_low_toxicity,287.0,54.0,4.0,13.5,0.027874564459930314,7.388820754716985,65.68813679245285,False,True,False
bluesky_b22455a8c86f1576749475acf3bf26680d25176d0d3a810bfda4dfab96e42b91,majority_remove,sample_middle_toxicity,296.0,56.0,9.0,6.222222222222222,0.08445945945945946,0.733725490196079,99.89509803921571,False,True,True
bluesky_b2a1292a5d8bfcf822d1e4d4194fb0b69efe10dd244d2fb22ddd30343b5b293b,unanimous_keep,sample_low_toxicity,161.0,30.0,2.0,15.0,0.043478260869565216,7.1485714285714295,68.74642857142858,False,True,True
bluesky_b327e97097ecd4b5b81d3fa0a48139ff4eac7dbb56b23b8b82667f36ecf0559e,unanimous_keep,sample_middle_toxicity,95.0,18.0,1.0,18.0,0.031578947368421054,8.350000000000005,63.69500000000001,False,True,True
bluesky_b335a8ab4674dc9cb2accc2348e56a08e7b8231c0a8f5ce815e4def053b14ed3,majority_keep,sample_low_toxicity,275.0,41.0,3.0,13.666666666666666,0.04,22.135,7.610000000000014,False,False,True
bluesky_b3753bb0a9d6473ea11e09b9b94587c6417de3340dc8ea8440c5245691cf827a,majority_keep,sample_low_toxicity,116.0,20.0,1.0,20.0,0.008620689655172414,10.451578947368422,53.97105263157897,False,True,False
bluesky_b3f638708296105ab27617f717b6edbd87b5dfa4cba7ed29f374232e07da15f2,unanimous_keep,sample_high_toxicity,172.0,35.0,5.0,7.0,0.0755813953488372,0.9294545454545471,100.15418181818181,False,True,True
bluesky_b410b2949dd2d4da67168fabe5b5f171a0afcbef976d45868caa54d232a74527,majority_keep,sample_middle_toxicity,115.0,18.0,2.0,9.0,0.034782608695652174,4.641666666666666,75.14250000000001,False,False,False
bluesky_b4349f7a010bd843619704553466730002be84a5269ba76d4d11f3dd07662298,unanimous_keep,sample_middle_toxicity,104.0,18.0,1.0,18.0,0.019230769230769232,11.863529411764706,40.2858823529412,False,True,True
bluesky_b455f47325dcda9d6e7429647c0a551071a042399a7ffe6fc61e5846063f8ed1,majority_keep,sample_middle_toxicity,296.0,49.0,2.0,24.5,0.013513513513513514,12.98948979591837,45.57158163265308,False,True,True
bluesky_b45fe425ef8f8d644c70ebdc8afad2c08efa96ef3407969157af42adbf32347f,majority_keep,sample_middle_toxicity,172.0,31.0,3.0,10.333333333333334,0.040697674418604654,5.328571428571429,73.48309523809526,False,True,True
bluesky_b4d01acffeb285a5991765247c30450cbe009491eac06f2421e30436270fe339,unanimous_keep,sample_middle_toxicity,298.0,52.0,2.0,26.0,0.010067114093959731,12.250000000000004,53.54500000000003,False,True,True
bluesky_b4e05c89ab89b03c6decb94992756614e459d28e2e7f9fb4c5c51fc7aa2706b7,unanimous_keep,sample_middle_toxicity,206.0,39.0,1.0,39.0,0.024271844660194174,16.38054054054054,43.52324324324326,False,True,True
bluesky_b50e8ce4ba630f4d4391464db1b60327f38658fe981a4ae440b4995c3672efc3,unanimous_keep,sample_middle_toxicity,257.0,43.0,7.0,6.142857142857143,0.027237354085603113,5.191760797342194,68.78139534883724,True,False,False
bluesky_b592c793386a0f4279078be6d82466909fd4d245c0f1d5f5c0191bd86c851538,unanimous_keep,sample_middle_toxicity,167.0,25.0,1.0,25.0,0.005988023952095809,15.400000000000002,29.180000000000007,False,False,False
bluesky_b5c77024724880bbe4aa6dc61a53e4993043f87ca455d687e4c89dd4109a61db,majority_keep,sample_middle_toxicity,280.0,48.0,3.0,16.0,0.03571428571428571,8.104166666666668,65.4575,False,True,True
bluesky_b62231a74bfb7d9b6befeebcdf79c2eca95cbccada7a7ea2b4b5344eaed5176d,majority_remove,sample_high_toxicity,150.0,24.0,3.0,8.0,0.03333333333333333,7.196666666666669,57.715,False,False,True
bluesky_b628076c9aad7c8a5b586685f1f6f1cbfa958ac581f94e2e8b2529b6aea7a5b0,unanimous_keep,sample_low_toxicity,288.0,47.0,2.0,23.5,0.017361111111111112,12.619130434782608,45.55521739130438,False,False,False
bluesky_b66a5f9a560b10c259a0cc3b2a76e82e70280fb72d495e8dd034ff21ca5c7b66,majority_keep,sample_low_toxicity,187.0,28.0,1.0,28.0,0.0213903743315508,17.665925925925922,16.496666666666698,False,True,True
bluesky_b6aa63e4e8f0965a45fa88966c29e62cfedff66da7c299373d25eb7fac2c1e8c,unanimous_keep,sample_low_toxicity,157.0,27.0,2.0,13.5,0.03821656050955414,5.818461538461541,76.50153846153849,True,True,True
bluesky_b7a4b909c372f45b16a5a0294a1ea20003730781118ef15e2d73160089a2d0b3,majority_remove,sample_high_toxicity,295.0,56.0,2.0,28.0,0.013559322033898305,11.976428571428574,59.068571428571445,False,False,True
bluesky_b81affcbcec17e2c9bdb32a9d9a0c28498479499bbeb4451a9e8a7099ece915a,majority_keep,sample_middle_toxicity,253.0,47.0,5.0,9.4,0.03557312252964427,5.273818181818182,72.9257272727273,False,True,True
bluesky_b8722d2abf7bb6f20d775484d3cc85fdb0fa2579ec7b6235d3a676335fed53b1,unanimous_keep,sample_middle_toxicity,255.0,41.0,3.0,13.666666666666666,0.047058823529411764,7.015000000000001,68.51666666666668,True,True,False
bluesky_b8ca0c27bbc162c35f09da2a97cfb839a345929e44674af30b35282f4f4124a7,unanimous_keep,sample_middle_toxicity,243.0,45.0,2.0,22.5,0.024691358024691357,8.276363636363637,74.90954545454547,False,True,True
bluesky_b8ebcc3457559c42554d8d4ef8ac8d3cd00e6125ca140aa833a0b17050131bac,majority_keep,sample_low_toxicity,201.0,39.0,3.0,13.0,0.01990049751243781,6.122702702702707,73.13288288288288,True,True,True
bluesky_b9192bfd3b29a783bcede0f1952d0c096310369a5b581b04c8ad8d638c8ba281,majority_keep,sample_middle_toxicity,233.0,42.0,2.0,21.0,0.04291845493562232,8.656025641025643,67.73480769230771,False,True,True
bluesky_b9314ddc6ec18036e7a1e81cc60dc80ad7075a2d24dfdc56998694c824b651fa,majority_keep,sample_middle_toxicity,243.0,51.0,5.0,10.2,0.04526748971193416,3.6415000000000006,86.05350000000001,False,True,True
bluesky_b947f9f636a46c5aae2da58e19d057698712df680eebeb004aa9eb94894bc539,majority_keep,sample_middle_toxicity,182.0,35.0,3.0,11.666666666666666,0.03296703296703297,3.512222222222224,91.255,True,False,True
bluesky_b9556bc88ff3935a7aee0d9564ff8fb9392f2085499d77facd47cd6f24afe8a2,majority_keep,sample_low_toxicity,296.0,56.0,4.0,14.0,0.02702702702702703,7.107547169811323,75.57125786163523,False,True,True
bluesky_b967634a8ea9e4b382b3a30993fccd4c09962c3c02cc1f3b2241fe8fca5793b9,majority_keep,sample_low_toxicity,191.0,30.0,1.0,30.0,0.03664921465968586,15.98,30.365000000000038,False,False,True
bluesky_b99ff5d411a4b74e67ef1ad9400df433baec65b477fdf315ed70207fedf38fd2,unanimous_keep,sample_middle_toxicity,254.0,47.0,2.0,23.5,0.01968503937007874,9.392021276595745,69.58250000000002,False,True,True
bluesky_b9bfc1d02ac2dc212880876cf7dd2ac14cc635bca60f3863359f44471f4ed694,majority_keep,sample_middle_toxicity,153.0,28.0,1.0,28.0,0.026143790849673203,11.984444444444446,57.23000000000002,False,False,True
bluesky_b9dd938c5a2252eef62be8b5701f7eff661d93b8095ef9ced3e8817ea1a2707b,unanimous_keep,sample_middle_toxicity,258.0,42.0,2.0,21.0,0.027131782945736434,13.155000000000001,36.37000000000003,False,True,True
bluesky_b9e8c5a56c7915e8a4f80f8a359921bc80709f5b4e715f3961174a3048991115,unanimous_keep,sample_middle_toxicity,193.0,28.0,1.0,28.0,0.04145077720207254,16.822857142857142,24.322142857142893,False,True,True
bluesky_ba06664a3fd223aee62838f12792e98d41bb67911f1a000dc5a2a88c6b58ab05,unanimous_keep,sample_low_toxicity,246.0,35.0,2.0,17.5,0.02032520325203252,13.251764705882355,30.332941176470626,False,True,True
bluesky_ba2a2406cca828ede6ccdafef1eb6df2a1868e22b158ddaa2c2be9844d994fe3,unanimous_keep,sample_low_toxicity,273.0,46.0,3.0,15.333333333333334,0.014652014652014652,8.603043478260872,60.69340579710146,True,False,False
bluesky_ba45a69ced90c012ff9d63508ad378f0dbe6e54607440e5f7505263564267471,majority_keep,sample_middle_toxicity,144.0,21.0,4.0,5.25,0.041666666666666664,4.060000000000002,74.86000000000003,False,False,False
bluesky_ba629650149e88f70bd7102712c558d495b941699829db0be31aff7973bf03c9,majority_keep,sample_low_toxicity,287.0,43.0,3.0,14.333333333333334,0.0313588850174216,11.503333333333334,37.525000000000006,True,True,True
bluesky_ba6b984dbcff479c50dbb7a891633b7ef89364f5aacd884b401d03f078c391bc,majority_remove,sample_middle_toxicity,240.0,39.0,2.0,19.5,0.016666666666666666,11.379102564102567,48.2117307692308,False,True,True
bluesky_ba90ece8528617a8cc106be0a3210b6145a357a6589f7adaac7d486c84acc8a1,unanimous_keep,sample_middle_toxicity,233.0,40.0,2.0,20.0,0.02575107296137339,10.77397435897436,52.550192307692356,True,True,True
bluesky_bb82d662efea4a5e19f09404a8d7f7ee58b9c89e4c1bfdf04930cb19cd7740b4,majority_keep,sample_middle_toxicity,286.0,49.0,5.0,9.8,0.02097902097902098,6.403659574468087,65.89400000000003,False,True,True
bluesky_bbbbf4940619494012b6ddb52b54e049857a0906fb6c9347612d239227024a27,majority_keep,sample_low_toxicity,135.0,22.0,1.0,22.0,0.014814814814814815,10.153636363636362,61.45045454545455,True,False,True
bluesky_bbfac754c33dd38da0e4e44077bcb46e04d104fdd4694383d19b57c09e24a2d1,unanimous_keep,sample_low_toxicity,290.0,43.0,2.0,21.5,0.013793103448275862,15.571744186046512,21.71482558139536,False,True,True
bluesky_bbfb833e1ddb7e5357fb1851ceda0b227a9caf7da8345db816124cacdd1fc636,unanimous_remove,sample_middle_toxicity,129.0,24.0,1.0,24.0,0.007751937984496124,10.978333333333332,59.10000000000004,False,True,True
bluesky_bc95c635c8ffcaad29b0420a22571211e7d2b921f30667b7a34d2f0d0957835a,majority_keep,sample_middle_toxicity,73.0,13.0,1.0,13.0,0.0136986301369863,6.726153846153846,69.99384615384618,False,False,False
bluesky_bd1b3f38423daff93782ebb93af34115574ee8669c2cee232d678a1605079ea8,unanimous_keep,sample_middle_toxicity,249.0,44.0,3.0,14.666666666666666,0.028112449799196786,8.366363636363637,61.20287878787883,False,True,True
bluesky_bd732d8281dcca7b2ae87880551851569700a7397ee873a707f2625320ee27bc,majority_keep,sample_middle_toxicity,298.0,54.0,3.0,18.0,0.026845637583892617,9.556603773584907,58.012767295597484,False,True,True
bluesky_bd8608344c654d06521b2c029233776372ebc50752e0fcfacb3b0be09c82683d,unanimous_keep,sample_middle_toxicity,239.0,41.0,1.0,41.0,0.012552301255230125,17.710000000000004,39.33500000000002,False,False,True
bluesky_beaec3b7b5b8850f36cba92662e60b375a6cb318f41458d0f4e95da901b855fe,majority_keep,sample_middle_toxicity,205.0,37.0,4.0,9.25,0.024390243902439025,4.282364864864864,80.83543918918923,False,True,True
bluesky_bef1fc3e9d0e44dd091e0ee02480737644f7e0e5373e0c8942df5a2c0b56916d,majority_keep,sample_middle_toxicity,145.0,26.0,3.0,8.666666666666666,0.05517241379310345,3.7550000000000026,82.39000000000001,False,False,True
bluesky_bf0c43c69c77104b50fda49a5a267b19ed153e817a614231335715d64513ee9c,majority_keep,sample_middle_toxicity,140.0,21.0,1.0,21.0,0.04285714285714286,12.828571428571426,40.4914285714286,False,True,True
bluesky_bf5a1ecda14846d4e52603a9e3cd49e01c909a0482e45ca3a4222730fcc2f5ae,majority_keep,sample_middle_toxicity,296.0,54.0,4.0,13.5,0.05405405405405406,8.610000000000003,63.01833333333336,False,True,True
bluesky_bf6ebe41705cfe8ed3270686a5649fed5cb06c120128c71114072b1330bf3779,unanimous_keep,sample_middle_toxicity,172.0,31.0,2.0,15.5,0.029069767441860465,7.566666666666666,67.53000000000003,True,True,True
bluesky_bfdb5d8ca743bb6b82c59a70c532e8263aa842b31d2900440ff521f01fb8ab52,majority_remove,sample_high_toxicity,125.0,27.0,2.0,13.5,0.032,3.6601851851851883,92.86583333333337,False,True,False
bluesky_bfdee76d1d863b2605db80c58546497090586c6b891786cb6ce5e9e6b1e9da72,unanimous_keep,sample_low_toxicity,241.0,45.0,1.0,45.0,0.008298755186721992,19.26666666666667,37.08000000000004,False,False,False
bluesky_bfede3099b4069900998832bd50876896ac03d1b4055c5cd22f1e800efa15ac8,unanimous_keep,sample_middle_toxicity,248.0,44.0,1.0,44.0,0.020161290322580645,19.291627906976746,33.33883720930234,False,False,False
bluesky_c0d887e7a0f2ae51575fd7f6c923123a8ba8e2e25523e062c8d2c8eccfe9e9de,majority_remove,sample_middle_toxicity,197.0,35.0,1.0,35.0,0.02030456852791878,13.72848484848485,55.41272727272728,False,True,True
bluesky_c0dd67d5398f215e1e244d5b02584535a577725cac9ab63c123ea49ad5451402,majority_keep,sample_middle_toxicity,170.0,32.0,3.0,10.666666666666666,0.029411764705882353,4.795000000000002,79.68333333333337,False,True,True
bluesky_c14c945bda715994b918c134116f0d965ff972482b9af6121bbd4df76825c237,majority_remove,sample_high_toxicity,260.0,50.0,4.0,12.5,0.023076923076923078,4.577500000000001,83.6175,False,True,True
bluesky_c211d1d9d634166d2db04a0b2bb937d90d3526b6352b6885978dc5ce71f4b6dc,majority_keep,sample_low_toxicity,249.0,43.0,2.0,21.5,0.028112449799196786,10.168846153846157,56.88865384615386,True,False,True
bluesky_c276061e3fe93a0187eff3b2cb29a1ca8b69b222cb40379c0f511f34a34401b3,majority_keep,sample_low_toxicity,289.0,50.0,4.0,12.5,0.02422145328719723,6.767091836734696,68.36451530612246,True,True,False
bluesky_c2fb8bd61171a613ec8b323ab0ecce023598ea5f2ec0d7f2f93361314bb00e6e,unanimous_keep,sample_middle_toxicity,244.0,41.0,4.0,10.25,0.020491803278688523,6.895,63.440000000000026,False,False,True
bluesky_c31f3c779a7b9d1cf1ece35effecc0a028c053e777ffbe33441471f564f139eb,majority_keep,sample_middle_toxicity,199.0,34.0,2.0,17.0,0.01507537688442211,6.935909090909089,74.72386363636366,False,True,True
bluesky_c3b019e6e3b5113d7d1afbbb3c6f080748bfff4859d641aef9aae8d0c8d67324,unanimous_keep,sample_low_toxicity,150.0,24.0,2.0,12.0,0.02666666666666667,7.773333333333333,60.70500000000001,True,False,False
bluesky_c3e99a12bbf37bb9954a771c290765d802cc145b8170cdad930893b1a63810c3,unanimous_keep,sample_middle_toxicity,292.0,54.0,1.0,54.0,0.0273972602739726,22.163076923076925,28.781923076923093,False,True,True
bluesky_c3f510d0a06abe2343808c311fd2d87bb31d56de96939d0c64a567d8b2be6b85,majority_keep,sample_middle_toxicity,57.0,12.0,2.0,6.0,0.03508771929824561,2.4833333333333343,87.94500000000002,False,False,False
bluesky_c6587652c326f61977b08b2b07b0b634242400bc646bc16783e7d8f340d472af,majority_keep,sample_high_toxicity,293.0,52.0,3.0,17.333333333333332,0.027303754266211604,7.698823529411765,70.14470588235295,False,True,True
bluesky_c6e9eacc08c78369e3034e4e1b13dafb5d815da57c9865a5e121206e040ed859,majority_keep,sample_low_toxicity,205.0,38.0,1.0,38.0,0.00975609756097561,15.06684210526316,54.722894736842136,False,True,True
bluesky_c7102c0a8ab2440340f6e55106a0d23e57beea9d2147d2af428aa8ea2b41c2d0,majority_keep,sample_middle_toxicity,299.0,47.0,3.0,15.666666666666666,0.030100334448160536,9.885652173913044,51.49775362318843,False,True,True
bluesky_c77010bfdda731862a5af73f54d2c0518750ecffe4944abcd3c80df1450776a0,unanimous_keep,sample_middle_toxicity,146.0,30.0,4.0,7.5,0.0410958904109589,2.342222222222226,94.30000000000001,False,True,True
bluesky_c7d0924d8265023632b4435c0c403e766baf619a87a3b0943bb07fe6a092dd9c,unanimous_keep,sample_middle_toxicity,255.0,48.0,2.0,24.0,0.03137254901960784,10.958181818181817,55.68227272727273,False,False,False
bluesky_c80c7bb29062e3dee2ae37347b57e8870457ab267803d724b9e75e3ba4b25d26,majority_keep,sample_middle_toxicity,146.0,29.0,1.0,29.0,0.02054794520547945,11.344285714285714,63.600714285714304,True,False,False
bluesky_c9837c1f2a0cbd65ed258c7c3b2618d0f27032ee5e731d428f52afc0653527d8,majority_remove,sample_high_toxicity,284.0,56.0,3.0,18.666666666666668,0.028169014084507043,11.547407407407409,60.363333333333344,False,True,True
bluesky_c9aa923dd29dde8bb29459e4418ae12984964e8119277ae3ec27880e37b19ad9,unanimous_keep,sample_middle_toxicity,298.0,48.0,7.0,6.857142857142857,0.06711409395973154,6.36048632218845,61.420000000000016,False,True,True
bluesky_caa09a59610057bd3a52e3f82ea965dff6e37cd08159ccf7aef818ad7bdf4500,majority_keep,sample_low_toxicity,112.0,18.0,1.0,18.0,0.008928571428571428,13.718888888888891,28.765000000000015,False,False,False
bluesky_cb2dd33dd5bc110605cef98d5424fb4ccfeab18cd826f99452c960992c530a39,majority_keep,sample_middle_toxicity,206.0,38.0,3.0,12.666666666666666,0.02912621359223301,6.118421052631579,73.75728070175441,False,True,True
bluesky_cb3274936898c18477e5e71ecde0d1d59665363831179942b35f03f5b4b703fc,unanimous_keep,sample_low_toxicity,279.0,52.0,4.0,13.0,0.02867383512544803,11.06295918367347,59.383826530612254,True,True,True
bluesky_cb48a556e6f137c50ac043f07a3ab6ff4d7c55ef23e2850f06efdf846fc478a8,majority_remove,sample_high_toxicity,132.0,26.0,2.0,13.0,0.03787878787878788,3.0953846153846136,96.02461538461542,False,False,True
bluesky_cb8a76a6f3e1b28435ce7b812611f8a460ebdba64038b7a4fbdae71fd9a8c3db,unanimous_keep,sample_middle_toxicity,299.0,52.0,3.0,17.333333333333332,0.046822742474916385,9.554000000000002,56.250333333333344,False,True,True
bluesky_cbbc707ac26d72a8afefa0ba5b6040b00f09ac40725f896f8da78cc1f02e18ed,unanimous_keep,sample_middle_toxicity,87.0,17.0,3.0,5.666666666666667,0.06896551724137931,2.5847058823529423,86.62450980392158,True,False,False
bluesky_cbc5d5a8c6bc5242b43e56a4ea5e0f2016c7d9ac0a1ff4806b7df45bd730089a,unanimous_keep,sample_middle_toxicity,132.0,23.0,2.0,11.5,0.045454545454545456,4.799347826086958,81.13641304347829,False,True,True
bluesky_cc3d83a7c9aad1c7170262ab953a8a46e7033f9818b1483804ce50ad2c953456,unanimous_keep,sample_low_toxicity,145.0,25.0,1.0,25.0,0.006896551724137931,12.453333333333333,48.525000000000034,False,False,False
bluesky_ccfeb629f73afe6c25221063f9074cde5aedcb5f3f9366966ddbb5db3f997fd3,unanimous_keep,sample_low_toxicity,114.0,21.0,2.0,10.5,0.03508771929824561,4.238333333333333,83.37750000000003,False,False,False
bluesky_cd02b1b74c038bb4f89ab3a61bb157e15a271ec42035ea585c5fda6b3056e71e,majority_keep,sample_low_toxicity,204.0,36.0,3.0,12.0,0.03431372549019608,6.530000000000005,68.43166666666669,False,True,True
bluesky_cd1729a309622dac0c1563d7b598a89b98e813bfa1db737155624c1879fc4b89,unanimous_remove,sample_middle_toxicity,256.0,53.0,2.0,26.5,0.01953125,10.208000000000002,66.40400000000001,False,False,True
bluesky_cd9ad6e8243693ea3590dc2647b947aa3a3f856d50e8f50c09bc3c68ce4e021a,majority_keep,sample_middle_toxicity,48.0,11.0,2.0,5.5,0.041666666666666664,-1.6449999999999996,116.6525,False,True,True
bluesky_cddf9e5298261aa11cdea9cf4911b8cc63fc559607d9fb04ebffafd58d15a060,unanimous_keep,sample_middle_toxicity,109.0,22.0,3.0,7.333333333333333,0.027522935779816515,8.140000000000004,72.32500000000003,True,False,False
bluesky_ce04f4455cd02508677e0ad39d0c43347c2f01540fdc382e3897a7781e2a2dc4,majority_keep,sample_middle_toxicity,210.0,38.0,2.0,19.0,0.02857142857142857,10.115000000000002,53.712500000000034,False,True,True
bluesky_ce2d9470296eff80e4ad2ca1f122c8df6a6ff3318fc914f264c1d48fdd7b5795,unanimous_keep,sample_middle_toxicity,265.0,37.0,3.0,12.333333333333334,0.01509433962264151,13.138918918918922,22.83018018018018,False,False,True
bluesky_ce6824e6283639a9e057c514c39b68c210fb11d4a5e152b80943d205b38d070b,unanimous_keep,sample_middle_toxicity,186.0,31.0,4.0,7.75,0.021505376344086023,6.845403225806454,59.78810483870967,False,False,True
bluesky_cec1a4afb7aa129e06746d247374cdc01fff35db64e8fa2c1a8a6ac0e57e7b5d,majority_keep,sample_middle_toxicity,286.0,52.0,7.0,7.428571428571429,0.06993006993006994,6.757272727272728,72.73924242424245,False,True,False
bluesky_cec3014922ddf2e8339cfd646e35877be8182ff427acc359aeb953f70ccd27e7,unanimous_keep,sample_middle_toxicity,258.0,43.0,3.0,14.333333333333334,0.031007751937984496,9.536666666666669,51.625,True,False,True
bluesky_cf3c30e87a47d8cb0825adac3e35c3bd5856a46569e327ebb1d8db195385daaa,majority_keep,sample_low_toxicity,165.0,27.0,1.0,27.0,0.024242424242424242,14.51923076923077,37.27576923076927,True,True,True
bluesky_cf7cd5f0315b9207f194bd55e94f6da2ebd7e53b9133f5fc7fa93cabb33c70f4,unanimous_keep,sample_middle_toxicity,209.0,36.0,4.0,9.0,0.03349282296650718,5.69107142857143,69.84517857142859,True,False,True
bluesky_cfd97f28ccd90b795234a873eef857d5d127abb83dbba5ca315ea7376948fe4a,majority_keep,sample_middle_toxicity,240.0,41.0,1.0,41.0,0.0125,17.66829268292683,41.41512195121955,False,True,True
bluesky_cfdee1f1eb9ed781b6f22e8bffabd5e8c00f46efcab09e72ec67f511074c80de,unanimous_keep,sample_middle_toxicity,217.0,32.0,1.0,32.0,0.009216589861751152,19.015000000000004,15.730000000000018,False,True,True
bluesky_d010b92f8526cad0bf5a2e112fc1c0872370fdc8d5fddd685af419adab868680,majority_remove,sample_middle_toxicity,178.0,32.0,4.0,8.0,0.02247191011235955,3.800241935483875,81.62036290322581,False,True,True
bluesky_d015e46a6bc30b9f88a4762e3d629b7c14d3a49e3823afa34146ff6d2838a9f8,majority_keep,sample_low_toxicity,295.0,50.0,2.0,25.0,0.02711864406779661,12.804000000000002,47.792,False,True,True
bluesky_d02341aa46653727c3e5e25f95a609850c61fee1dcd84a2e8bc8187a85c0f1d0,majority_keep,sample_middle_toxicity,300.0,48.0,3.0,16.0,0.05,11.397972972972973,46.29533783783785,False,True,True
bluesky_d048a3ad84eb4382ecc0c27ab31a6f68b2d3ac5090ea223b6f66e71aadbc5f43,unanimous_keep,sample_middle_toxicity,277.0,43.0,2.0,21.5,0.06498194945848375,11.98423076923077,43.87326923076927,False,True,True
bluesky_d04ea4dcd2dbdda0c8625c4b82a9fc270a227886965cc71c71dd67f3852cef0f,majority_keep,sample_middle_toxicity,89.0,16.0,3.0,5.333333333333333,0.033707865168539325,3.452500000000004,79.80916666666668,False,False,True
bluesky_d07547db8a3fd657945ab1ab4327387aad3deba04598378e137c562d7d2dd8a9,majority_remove,sample_middle_toxicity,208.0,35.0,3.0,11.666666666666666,0.04326923076923077,11.800714285714285,41.626785714285745,False,True,True
bluesky_d0de9c918f6bbd98cddbed7d4808bf43c1e8476154ef90af58fd215f985abb4a,unanimous_keep,sample_middle_toxicity,143.0,24.0,4.0,6.0,0.04195804195804196,5.327727272727273,66.66159090909093,False,False,True
bluesky_d157b4f0c409a08f067a5f9c920f7680f4ae3a270f9b0b62494e8d6c48e34e41,unanimous_keep,sample_middle_toxicity,297.0,61.0,4.0,15.25,0.03367003367003367,5.884285714285717,77.81071428571428,False,True,True
bluesky_d195e00a2fc92abb5ef3ae31d5233607c043599e2197e34eadaa1767295b380b,unanimous_remove,sample_middle_toxicity,249.0,39.0,2.0,19.5,0.040160642570281124,13.31148648648649,32.57641891891893,False,False,False
bluesky_d1c9969e7332c3208f4a367936e8a63c4bc458dcdb71bfe42d16055368ea9ea4,unanimous_keep,sample_middle_toxicity,234.0,43.0,3.0,14.333333333333334,0.0641025641025641,8.052380952380954,74.73428571428573,False,False,True
bluesky_d25218f1d3d1640e8ecae1770c87fc654b2c5bb951bf647a3c30808bfa9c0c8f,majority_keep,sample_middle_toxicity,140.0,27.0,1.0,27.0,0.02857142857142857,11.796153846153846,56.798846153846185,False,True,True
bluesky_d2744d820baf5aae0f22ef10242cd732b47ff300984f148a3418a03cb9180010,majority_keep,sample_middle_toxicity,209.0,36.0,2.0,18.0,0.028708133971291867,10.113333333333333,54.61500000000001,True,False,True
bluesky_d29ce8c6d7ca1a6593f665fc04865648a3b66f36ec095422fdb47d3ab7e88b9d,unanimous_keep,sample_low_toxicity,109.0,19.0,1.0,19.0,0.009174311926605505,8.588421052631581,67.32894736842107,True,False,True
bluesky_d300274fd0763fdb0ede19040c16dc00746a909b352ff1b8cfe5c0a4e1ee4b82,majority_keep,sample_low_toxicity,258.0,44.0,4.0,11.0,0.01937984496124031,6.48595238095238,67.2632142857143,True,True,True
bluesky_d381534ce8b5bb1c6995c98f826c8dc15785347ddefb4f3eb005325d1cff3cf1,unanimous_keep,sample_middle_toxicity,24.0,5.0,1.0,5.0,0.125,-2.2299999999999986,118.17500000000001,True,False,False
bluesky_d3c47e32dc84c88b2fe2ffed46513729164539174d42304b617786016ece2829,majority_keep,sample_low_toxicity,290.0,52.0,4.0,13.0,0.03103448275862069,6.790000000000003,67.75500000000001,False,True,True
bluesky_d3f422c19f42437d74e79e0287bdb54692874ea80093a4c85a42cccebbf76ab3,unanimous_keep,sample_low_toxicity,279.0,51.0,2.0,25.5,0.021505376344086023,10.732500000000002,60.862500000000026,True,False,True
bluesky_d42f8672c3f9546bee7782d62e65bd7506da74fd33e52c386bc7734f074dd045,unanimous_keep,sample_middle_toxicity,276.0,51.0,4.0,12.75,0.021739130434782608,5.805,75.70750000000002,False,True,True
bluesky_d4bbd52fbbd004d8f371aa4808b7d0ae169acc98023ac977cfa9f42836bdf084,unanimous_keep,sample_middle_toxicity,264.0,42.0,2.0,21.0,0.022727272727272728,12.551341463414637,41.5884756097561,False,True,True
bluesky_d63645525de3a40c0335100d3c6bff85a57514bb52b1ac96cc71ad16c9457ce3,majority_keep,sample_middle_toxicity,283.0,45.0,4.0,11.25,0.0353356890459364,7.7409090909090885,59.156363636363665,False,True,True
bluesky_d667391bdba976a0c971e9d54139b82fc9f02aac6c01225685af8f3ff9c0f044,majority_keep,sample_middle_toxicity,296.0,54.0,4.0,13.5,0.02702702702702703,5.845370370370372,77.19916666666668,False,False,True
bluesky_d70c524e04e30d1401a4471d3e46f7d01a700bbea6e8b458445700fb54510e94,unanimous_keep,sample_low_toxicity,300.0,56.0,3.0,18.666666666666668,0.02666666666666667,8.692962962962966,64.79833333333333,False,True,True
bluesky_d73226e1cb24c5c3a9201d02951cf5959e2f6b49461b83354df802a6d5ac1eeb,majority_keep,sample_low_toxicity,98.0,18.0,1.0,18.0,0.05102040816326531,8.474444444444444,66.36500000000001,True,False,False
bluesky_d75824d64aa1b444ebc2cf1dfd8e439826a69b9b1e31bc3ad31dcf2b6b644ce0,majority_keep,sample_middle_toxicity,123.0,24.0,1.0,24.0,0.032520325203252036,9.284347826086957,69.46391304347827,False,True,True
bluesky_d77e69aec8e28c535d84a7afb01a2593fa2bb86f95a4f7ca5983faa48bef70db,unanimous_keep,sample_low_toxicity,291.0,46.0,7.0,6.571428571428571,0.041237113402061855,7.51197674418605,53.97013565891476,True,False,False
bluesky_d7a60b9919205bcfbae619d560511aa642b8534221d9b5f0ba03bfbb7de6d1ba,majority_keep,sample_middle_toxicity,119.0,21.0,1.0,21.0,0.008403361344537815,13.390476190476189,36.46285714285716,False,True,True
bluesky_d7e5acabbb3bb5db5af368824365824be99cead6aa5353b26b24cc3022646492,majority_keep,sample_low_toxicity,287.0,48.0,3.0,16.0,0.03832752613240418,9.62913043478261,53.33688405797105,False,True,True
bluesky_d84b919bd5c7605c43df3eb1a63eec26484e41382cee6f5d30099b4d79a47102,unanimous_keep,sample_low_toxicity,196.0,33.0,2.0,16.5,0.015306122448979591,9.825,53.120000000000005,True,False,True
bluesky_d899c75fec753c933fbc574ffc2fa05b75f537f60c5d83e0fa8136e7756db40b,majority_keep,sample_middle_toxicity,105.0,20.0,1.0,20.0,0.009523809523809525,8.73,68.09500000000004,False,True,False
bluesky_d8da82c14b6eddeeaaa9487b88432baf6098d6a27caff5041b0634817f1a38fa,majority_keep,sample_low_toxicity,185.0,33.0,2.0,16.5,0.032432432432432434,8.345322580645163,62.837983870967776,False,False,True
bluesky_d963b6e9de25f1276c4c93b21eb9555a27335fc9be44fc3c1eb1cf5c243653c8,unanimous_keep,sample_middle_toxicity,170.0,32.0,3.0,10.666666666666666,0.01764705882352941,5.901250000000001,71.75208333333336,False,True,False
bluesky_d99a16b9b43cb667a23e3305cd264eb6897535e5565dafde22b9b9b377c6d686,unanimous_keep,sample_middle_toxicity,164.0,26.0,1.0,26.0,0.012195121951219513,18.603846153846153,7.991153846153878,False,True,True
bluesky_d9d95be5567486dfefe4ed5be86d4539625e8e39c22c8d319ca652c84f8101df,unanimous_keep,sample_middle_toxicity,110.0,18.0,1.0,18.0,0.02727272727272727,9.130000000000003,61.665000000000006,False,True,True
bluesky_dab3d5b030ee912476010862f5353d5dec55425dfddfbff06c09ded1424ee862,unanimous_keep,sample_middle_toxicity,299.0,55.0,3.0,18.333333333333332,0.030100334448160536,10.892452830188681,48.43540880503144,False,True,True
bluesky_daf00ce273c8cb2cd3aa71906200cf89c40ae246304a3e6332a3f99fcb85670c,unanimous_keep,sample_low_toxicity,265.0,38.0,5.0,7.6,0.03018867924528302,10.974,29.92100000000002,True,False,False
bluesky_db4d8ca86d7bbb91419ad89b3800c461d9f39edde9332639793bba1cd9195cef,unanimous_keep,sample_middle_toxicity,130.0,22.0,2.0,11.0,0.023076923076923078,9.857380952380954,43.09178571428572,True,True,True
bluesky_db5a486d9637a79df2c403e3b6085e2ff74028e4c7b95cf855a6a2f170f0e5aa,unanimous_keep,sample_low_toxicity,141.0,25.0,2.0,12.5,0.014184397163120567,6.277000000000001,72.32350000000002,False,True,False
bluesky_db6ffde2da6ee9054ba420a4e9584b52f8d2889b47e857ca6ec7883888f68c4a,unanimous_keep,sample_low_toxicity,270.0,41.0,7.0,5.857142857142857,0.03333333333333333,7.459780219780221,51.50307692307695,False,True,True
bluesky_db75ab534de2fb76553242ce78c9922ebfba0de76acc98b7351706e897988292,majority_remove,sample_middle_toxicity,170.0,36.0,2.0,18.0,0.01764705882352941,5.395,87.55250000000002,False,True,True
bluesky_dc4e4df23e65844964f04797cda452d43ee788a3eec8a53ddac09dd5e5e91a35,majority_keep,sample_middle_toxicity,194.0,33.0,2.0,16.5,0.015463917525773196,10.154090909090915,51.65113636363637,False,True,True
bluesky_dcaafcacf4025fe4cfd69e1778a72662dc172c6614cc2bcf68e9d7f4100b4082,majority_keep,sample_middle_toxicity,136.0,27.0,1.0,27.0,0.014705882352941176,10.673333333333336,66.63000000000002,False,True,True
bluesky_dcaf56502a5ba6c609c804d2cd3613d87c018879837e9aa5852b7c74d5492628,unanimous_keep,sample_middle_toxicity,176.0,31.0,2.0,15.5,0.022727272727272728,10.00293103448276,49.17267241379312,False,True,True
bluesky_dcc71fd1c231e09a8cb848f49227babdeb6e1b3726a00588411ebb82f0db1a85,unanimous_keep,sample_middle_toxicity,283.0,46.0,2.0,23.0,0.0353356890459364,13.11388888888889,41.11750000000001,False,True,True
bluesky_dd072fa80becb8a259f66113407493c1cceae13aa0ee29797af6b6d049a49dd4,unanimous_keep,sample_low_toxicity,283.0,44.0,1.0,44.0,0.028268551236749116,22.859069767441856,7.762093023255829,True,False,True
bluesky_dd39babb61d442b0740aeda239e0df534be840b7b7ca205bc265c6048d0c6119,unanimous_keep,sample_low_toxicity,142.0,24.0,2.0,12.0,0.028169014084507043,5.806666666666668,74.805,False,False,True
bluesky_dd8bf96d559fb0c3c1aa2f4affc0dd73ae07a651f80efb605434968b4730ff6d,unanimous_keep,sample_middle_toxicity,197.0,38.0,2.0,19.0,0.02030456852791878,7.889864864864865,71.44668918918921,True,True,True
bluesky_dda1d897b276c283c384e226560547ee9e3c2e1272e8e3f7eb26e96797e7a4a3,unanimous_keep,sample_high_toxicity,299.0,53.0,2.0,26.5,0.033444816053511704,12.748673469387757,47.298112244897965,False,False,True
bluesky_ddbd68b836ba0d342f6509fc12951cb42694b4308f052ddf886e357238770ac4,majority_keep,sample_low_toxicity,126.0,22.0,1.0,22.0,0.015873015873015872,10.153636363636362,61.45045454545455,True,False,False
bluesky_de15c3dd8fafaf391a3023310d0b3302fcc546fba3aa13fbb34190d1b5dfa79c,majority_keep,sample_middle_toxicity,219.0,40.0,4.0,10.0,0.0228310502283105,5.1250000000000036,76.13000000000001,False,False,True
bluesky_de52241308bd5ecba5a59747bf9469289fe8ed3200627ace1929cbe81395e09f,unanimous_keep,sample_low_toxicity,132.0,23.0,1.0,23.0,0.015151515151515152,13.390476190476189,36.46285714285716,False,True,False
bluesky_de604fdeb4799a51c575a3ce291dc2429ff67f5e198dffa8ceef3a039a45b146,majority_keep,sample_middle_toxicity,238.0,44.0,3.0,14.666666666666666,0.046218487394957986,6.190697674418605,76.20759689922484,False,True,True
bluesky_df56e2acf537e65ce4a9eefffce7b3c48aa76e95526717a20200c2fe4ebf30c5,majority_remove,sample_middle_toxicity,300.0,54.0,3.0,18.0,0.03,9.09692307692308,60.71474358974362,False,True,True
bluesky_df5aa21f474f6471e8e91e3742767a71119e536c9adfd5fc1f8bc8d3c85bb021,majority_keep,sample_low_toxicity,269.0,38.0,4.0,9.5,0.03345724907063197,10.465789473684215,42.58885964912284,True,True,False
bluesky_df87877bea4ed17338166cc674de9f541c1f7b6f3b0351f40b42d9b8496ce65c,unanimous_keep,sample_middle_toxicity,296.0,53.0,3.0,17.666666666666668,0.033783783783783786,8.634545454545453,59.280151515151545,False,False,False
bluesky_df898e6b891debba728a1e6f8a372d3c714ea0aad55bbbd369bd0e5101b50520,unanimous_keep,sample_low_toxicity,196.0,35.0,1.0,35.0,0.02040816326530612,15.71705882352941,42.93676470588238,False,False,False
bluesky_dfb08c8b0467178086b73f7b79054d83d2193197f0c72ea240f1f282a6a3142a,majority_keep,sample_middle_toxicity,300.0,48.0,2.0,24.0,0.07,13.15797872340426,42.58250000000004,True,True,True
bluesky_e02dd5c27bf0be172d0bd0ab28d4c945c8081d7786afb3b981d482f392a51f2c,unanimous_keep,sample_middle_toxicity,229.0,36.0,2.0,18.0,0.017467248908296942,10.768888888888888,49.91500000000002,False,True,True
bluesky_e144b5d3d89e2139fbd7dc2846659471eaf666f5951851012b283436db9fd4a8,unanimous_keep,sample_middle_toxicity,289.0,49.0,2.0,24.5,0.020761245674740483,12.906914893617024,44.38250000000002,False,True,True
bluesky_e293e0b6dc2343a15db676796bf85993c6afcb2428c7914e6e1264a00a83f4fb,unanimous_keep,sample_middle_toxicity,91.0,18.0,2.0,9.0,0.04395604395604396,5.230000000000004,71.81500000000001,True,True,True
bluesky_e33e77c87442bed068fac31f5ea7d6bafa6b245e7fe52329e4ee0969e85608f4,unanimous_keep,sample_low_toxicity,58.0,9.0,2.0,4.5,0.15517241379310345,3.7550000000000026,82.39000000000001,False,False,False
bluesky_e3a1694bd90f29c33ca874082d7c01ff8687ea137919b8fba50aaa36c8711fa7,unanimous_keep,sample_middle_toxicity,295.0,53.0,4.0,13.25,0.03728813559322034,12.096,52.86800000000002,False,False,False
bluesky_e3a27f7d4e5a9aab34be28e5f96c1ab5f456fdbb61b82b117a479426f41b9ade,unanimous_keep,sample_middle_toxicity,206.0,37.0,4.0,9.25,0.038834951456310676,4.847027027027028,82.27882882882884,False,True,True
bluesky_e3aab6e7482febf5e1d18a28737740104a60c80577d3847384c6a061563f3104,unanimous_keep,sample_low_toxicity,166.0,26.0,1.0,26.0,0.018072289156626505,14.51923076923077,37.27576923076927,False,False,True
bluesky_e47f449ca615b63511739465168871f80ced3d729d85f6054fac5871e904e928,unanimous_keep,sample_middle_toxicity,221.0,39.0,2.0,19.5,0.00904977375565611,9.866282051282052,59.05788461538465,False,True,True
bluesky_e4cff671825cb99db2c4a4a13a62fd04ab112adda63eae33612b69cc50bba735,majority_keep,sample_middle_toxicity,255.0,34.0,10.0,3.4,0.11764705882352941,12.170000000000002,26.808333333333366,False,True,True
bluesky_e4d48954b1178a3d3bb6caeeb97b9901887107d266e02d1b10f2f42b657c5e5b,unanimous_keep,sample_middle_toxicity,285.0,51.0,1.0,51.0,0.0035087719298245615,21.421568627450984,32.31705882352945,False,True,True
bluesky_e571d8f207eb4406464cb173c50e0311ae93d2341ef6b5652d60d27d955d7903,majority_keep,sample_middle_toxicity,144.0,22.0,2.0,11.0,0.020833333333333332,7.472727272727273,61.07909090909095,False,False,True
bluesky_e59e17df9d4d66e9810c96f1e691f541746428ce25112739ef4b3044af707eb5,unanimous_keep,sample_low_toxicity,132.0,26.0,3.0,8.666666666666666,0.06060606060606061,3.7550000000000026,82.39000000000001,True,True,True
bluesky_e5bef58101753b31862967efcd732e150d4a6b1afc2f91d365acb318ba66db40,majority_keep,sample_middle_toxicity,178.0,36.0,2.0,18.0,0.033707865168539325,6.310588235294119,80.09764705882354,True,True,True
bluesky_e603d584fe92320092eaa9780404cffe4f7e4ce36ece56b740a8b33d33d735b4,unanimous_remove,sample_middle_toxicity,68.0,13.0,1.0,13.0,0.11764705882352941,3.84,88.905,False,False,False
bluesky_e683842760ed3d397802586259918be46894ec2e74e3840e03a575a0c589f4a1,majority_keep,sample_middle_toxicity,110.0,17.0,1.0,17.0,0.02727272727272727,12.775000000000002,31.97,False,True,True
bluesky_e699e26656ff43b20e7730b4ddf77714733b9bbed93bd4f414f91a1440177071,unanimous_keep,sample_low_toxicity,283.0,46.0,5.0,9.2,0.038869257950530034,6.698883720930233,62.35251162790698,False,True,True
bluesky_e72ad5a986355d87a9ad1a7577b3011e0c636056e1c1d863852924ad4857b6e0,unanimous_keep,sample_low_toxicity,298.0,58.0,6.0,9.666666666666666,0.040268456375838924,5.845370370370372,77.19916666666668,True,False,False
bluesky_e75ba727bdb4dcd84bd5b3992fbf8d15eeb44757511fa20160ed9155205b4020,majority_keep,sample_middle_toxicity,290.0,53.0,4.0,13.25,0.02413793103448276,7.633846153846157,63.486153846153854,False,True,True
bluesky_e7732cc74f040d8d6eb6f0e3a900fd597c3b012d55abf6551d949c1e0e6f96d8,majority_keep,sample_middle_toxicity,190.0,32.0,1.0,32.0,0.03684210526315789,15.383333333333336,38.20500000000004,False,True,True
bluesky_e7ea19befe88babc664285fc88f0cf5f91550f54e512f98873fe6ba89cbb8ffe,majority_remove,sample_low_toxicity,148.0,25.0,1.0,25.0,0.0,12.568000000000001,49.48400000000001,False,False,True
bluesky_e7f2b59806b965d9d00351c40f385155ade6a71148fb77c9bd5e38a2dd921c45,majority_keep,sample_middle_toxicity,296.0,54.0,6.0,9.0,0.037162162162162164,4.615196078431374,77.11338235294119,False,True,True
bluesky_e81b02f5b73c2eda595362945610fa1a174b1a38e3915cafe9882fce352a7aba,unanimous_keep,sample_low_toxicity,140.0,26.0,1.0,26.0,0.007142857142857143,12.703846153846158,50.29115384615386,True,False,True
bluesky_e840b8d8284e554fd01caeda6679240bac956a1fccc6eab9cceb5561ee9e17b0,majority_remove,sample_middle_toxicity,244.0,40.0,3.0,13.333333333333334,0.020491803278688523,9.375,51.59666666666669,False,True,True
bluesky_e8455ba43c0a2215ae0e4ed47969f0864902aa0d878eb3bc4a58a36bcdfa755d,unanimous_keep,sample_middle_toxicity,163.0,27.0,1.0,27.0,0.024539877300613498,14.169629629629632,41.56333333333336,False,True,True
bluesky_e8b06a64b1db94022c90d4f786d8298b97a4c3b22e090d17eeda2118ae4fa78a,unanimous_keep,sample_low_toxicity,256.0,47.0,3.0,15.666666666666666,0.0234375,7.042222222222225,71.29000000000002,True,False,True
bluesky_e920f71053cfaf8777f9f550c33255d311e0d4b225d1b3dc075aaaf9eebf03e6,majority_keep,sample_middle_toxicity,170.0,34.0,2.0,17.0,0.023529411764705882,6.822741935483872,73.75411290322583,False,True,True
bluesky_e92f7d78b728d6c1d25d44face7af72f735deb531a176dbb171615d9a6719626,majority_keep,sample_middle_toxicity,232.0,41.0,4.0,10.25,0.034482758620689655,7.7904729729729745,55.684087837837865,False,True,True
bluesky_e9863207c26c747ac411e02c6c4f1add57e94328d7198b9ef1336cd18fe4450f,majority_keep,sample_middle_toxicity,116.0,20.0,3.0,6.666666666666667,0.05172413793103448,2.3500000000000014,90.08833333333334,False,False,True
bluesky_e9f5163161f0bd15c8445979cd63d3295301e85f731959396d1fd411c0046ea4,unanimous_keep,sample_low_toxicity,223.0,42.0,3.0,14.0,0.026905829596412557,5.28146341463415,81.5389430894309,False,False,False
bluesky_ea0c5c3454996e80e1c3e91198db56063a634cb1d708b37e2c80b39b582a9f6d,majority_keep,sample_middle_toxicity,186.0,35.0,2.0,17.5,0.026881720430107527,8.740000000000002,62.68000000000002,False,True,True
bluesky_ea5c90a05f7dcb41339bdf201c404f268b53b31f862de1e09d5b136171f9ae87,unanimous_keep,sample_middle_toxicity,248.0,51.0,8.0,6.375,0.04435483870967742,2.0924012158054737,92.02000000000001,True,True,True
bluesky_ea5db60b76a87c6239e417b6ec4e2b39a6fb5344d253407de1c79ad5b469a063,majority_keep,sample_middle_toxicity,136.0,26.0,1.0,26.0,0.022058823529411766,9.736,69.78800000000001,False,True,True
bluesky_ea856a11b257ee65b1872962ab42132588ab1c177c940bad567f5430dfc8d1a9,majority_keep,sample_middle_toxicity,125.0,22.0,3.0,7.333333333333333,0.024,4.970000000000002,72.49166666666669,False,True,True
bluesky_eaca8666c828b12f72d5bc57492c13d3b387f9616bf52bd8e6566b9bfd6a1785,unanimous_keep,sample_middle_toxicity,136.0,25.0,3.0,8.333333333333334,0.09558823529411764,3.817391304347826,81.3489855072464,False,False,False
bluesky_eacb2c3637ec8f777e2d0d6ab7d0434d440c51f5677edc44b8efcc88ca12bd1b,unanimous_keep,sample_low_toxicity,277.0,53.0,1.0,53.0,0.018050541516245487,22.081999999999997,25.801000000000016,False,True,True
bluesky_eb4df340933bc2fa724b14158c9d423e9dcf62d0d4b77d9f84f569bc1e15da08,majority_keep,sample_middle_toxicity,128.0,25.0,2.0,12.5,0.046875,4.331666666666667,85.38,False,True,True
bluesky_ebe1bac9d7a9764fc78e58a986c1f2174514a149d896438a9d3bdbc868a73f32,unanimous_remove,sample_middle_toxicity,128.0,28.0,1.0,28.0,0.0234375,9.658571428571431,75.6864285714286,False,True,True
bluesky_ec13ad9ea1c2ffb77b4d288db8d42d1c87eb6fcd7a02900ce0fdd6bf3df6a68c,majority_keep,sample_high_toxicity,287.0,54.0,3.0,18.0,0.04878048780487805,6.662264150943397,78.76371069182392,False,True,True
bluesky_ec63bacacd836c655a85f73b246aaa743119b53aaaaaea675ffd34dc20acb193,unanimous_keep,sample_low_toxicity,162.0,25.0,2.0,12.5,0.024691358024691357,11.706666666666667,32.504999999999995,False,False,False
bluesky_ecab0854a3260f2b7e1f401a8ba82baa858d6c1f4e6473d6c31aa2c206f293cd,majority_keep,sample_middle_toxicity,189.0,36.0,3.0,12.0,0.047619047619047616,5.48,76.55333333333336,False,True,True
bluesky_ecdad0147f04141f5d86677cf9522debd61ed2430460ab185ad9593f6f32a82b,majority_keep,sample_low_toxicity,224.0,37.0,3.0,12.333333333333334,0.026785714285714284,7.445555555555558,63.05500000000001,False,True,True
bluesky_edc2ddea37b276f3e982074bf6b45101ad4364a4855f3e30308b139e1d5a3549,unanimous_keep,sample_middle_toxicity,140.0,25.0,2.0,12.5,0.05,4.861000000000001,82.47550000000001,False,True,True
bluesky_ee1226ee41d7911e6f616d328e6d37d62c5fed4d6e4d268caaf36e61f761a957,unanimous_keep,sample_middle_toxicity,297.0,57.0,2.0,28.5,0.020202020202020204,21.338245614035092,43.601052631578966,False,True,True
bluesky_ee871c25ac3d362a9ce6411d6e6cb1286251e410abaa16837b23563a9e19f040,unanimous_keep,sample_low_toxicity,185.0,35.0,4.0,8.75,0.043243243243243246,6.578787878787878,67.48818181818186,False,True,False
bluesky_eef8f858c92cebadc02a2ee8057cffd9ec57e0c4d56bcd0a3a2a14c3e2fdf66a,majority_keep,sample_middle_toxicity,219.0,37.0,1.0,37.0,0.0136986301369863,17.951428571428576,28.698571428571427,True,False,False
bluesky_eefde550e6b4e0c969f7053ba7850d860483679787e2ad7bd6218700e6b4dc99,unanimous_keep,sample_middle_toxicity,262.0,47.0,9.0,5.222222222222222,0.04580152671755725,4.284848484848485,73.05005050505054,False,True,True
bluesky_ef44226845025e7f9891d084ce47114511d04d528c140580d76db6ad5e8c3a40,unanimous_keep,sample_middle_toxicity,240.0,37.0,3.0,12.333333333333334,0.0375,9.084444444444447,51.30500000000001,False,False,False
bluesky_ef47bcd415f8d57e196ac0c78742b66a747848f88303e14751ac96ec6ac9d0aa,unanimous_keep,sample_middle_toxicity,183.0,32.0,3.0,10.666666666666666,0.03825136612021858,7.97666666666667,55.685,False,True,False
bluesky_ef595919d0d73cf9fca931bc173521fccbf0e0094afaa64e8cff862c8ec7daf3,majority_keep,sample_middle_toxicity,182.0,32.0,1.0,32.0,0.03296703296703297,15.696250000000003,39.523750000000035,False,True,True
bluesky_f0b16a38b352e6f1ffa704f0482d4546acd40385f57c78876e7ccd169d8a4570,majority_keep,sample_middle_toxicity,269.0,47.0,2.0,23.5,0.02973977695167286,12.619130434782608,45.55521739130438,False,True,True
bluesky_f0d3eb82a94433636c003fb366f6d26fcdc42390ddb037910c31bc359bc76338,unanimous_keep,sample_middle_toxicity,295.0,45.0,5.0,9.0,0.04406779661016949,7.41927272727273,57.543909090909125,False,True,True
bluesky_f0e0021b15ebd8565ce0d7181d52b8834e7c9b759380acf680fd776ff7eaf0b4,majority_keep,sample_middle_toxicity,291.0,48.0,1.0,48.0,0.05154639175257732,21.82085106382979,22.330000000000013,False,True,True
bluesky_f0f86f0e07ba6953ee1e3d9c7c102317353f9a420a8c3ec931623ec73a018046,unanimous_keep,sample_middle_toxicity,240.0,41.0,4.0,10.25,0.041666666666666664,6.746578947368423,63.613552631578955,False,True,False
bluesky_f10c1ef32aaab531e48b97a1b85475f19d145e7b32137d04f63106707d0052a3,majority_keep,sample_middle_toxicity,202.0,38.0,2.0,19.0,0.019801980198019802,8.588421052631581,67.32894736842107,False,True,True
bluesky_f1d1cda2371c1aacbb2d9d6ed3e057a655349134207ed6ba75c77107911cfcde,unanimous_keep,sample_middle_toxicity,251.0,46.0,2.0,23.0,0.02390438247011952,10.229444444444443,61.797500000000014,False,True,True
bluesky_f214abc785460e7e4e082b3cee565dbe434429120cb5635b36f90f84595ed6f0,unanimous_keep,sample_middle_toxicity,279.0,48.0,4.0,12.0,0.02867383512544803,7.069095744680851,65.30875,False,True,True
bluesky_f21c0380f4503b13e766c3aec36e3c85057ebcf2cfc3e2c73e7c35092f6a2108,unanimous_keep,sample_middle_toxicity,295.0,56.0,3.0,18.666666666666668,0.013559322033898305,7.282857142857143,76.09547619047622,False,True,True
bluesky_f22ebd98450434f42ff73810e488e5f77b8f1f606cc7b7a8d9427e53caaafcc9,majority_keep,sample_low_toxicity,258.0,41.0,2.0,20.5,0.027131782945736434,12.625263157894736,38.386842105263185,False,True,True
bluesky_f269ab42bf5ef060397909cdcd773111e1720e2e8671bdd95d6a98428c3a8724,unanimous_keep,sample_middle_toxicity,123.0,17.0,1.0,17.0,0.024390243902439025,16.72235294117647,5.450588235294163,True,False,True
bluesky_f2d7a5c354662b753f31dac781f7e5cf52d5fa07cbb6002ab4bdc8ac4c95eb40,majority_keep,sample_middle_toxicity,272.0,52.0,5.0,10.4,0.03676470588235294,6.81803191489362,67.10875,False,True,True
bluesky_f2e28fc96e899d7c0de8591945ec8d0d40cca429f92dba8d0cbbcb309cc3e2e9,majority_remove,sample_middle_toxicity,103.0,19.0,1.0,19.0,0.038834951456310676,10.441111111111113,52.265000000000015,False,True,True
bluesky_f304fa236802d5f63b34ad3a292d2f398aea8644d098dc34b62b1a735533f15e,unanimous_keep,sample_middle_toxicity,222.0,34.0,3.0,11.333333333333334,0.04054054054054054,9.439393939393941,46.97909090909093,True,False,True
bluesky_f356f222f61ddfdd1c6294ba34a5d5ca43e1dfd8ae5eac69c2e0f92d7a746465,majority_keep,sample_middle_toxicity,296.0,47.0,1.0,47.0,0.013513513513513514,22.615217391304352,14.85369565217394,False,True,True
bluesky_f3be1180df4ff2f2b104148f214f94a5f184a3be1a9b8c1d99d007b832124d35,majority_keep,sample_middle_toxicity,277.0,51.0,2.0,25.5,0.021660649819494584,10.340510204081632,64.56341836734696,False,True,True
bluesky_f3e17c208202ba4824f4c8770e6628e0fe214f494f6829e24ee02eeeab28d791,majority_keep,sample_middle_toxicity,147.0,24.0,2.0,12.0,0.02040816326530612,8.756666666666668,53.655,False,True,False
bluesky_f3ee3796b2a734f0dae863a9e5ef2fcfaca8c6e5e0d1af4169113bf09a3b98d1,majority_keep,sample_low_toxicity,274.0,48.0,3.0,16.0,0.029197080291970802,8.859565217391307,58.854275362318845,True,True,False
bluesky_f465ec103c0ef4e2a6ef97378e86e4b6f27b4acf68b6ad125bca1eaafa57e407,unanimous_keep,sample_middle_toxicity,233.0,33.0,3.0,11.0,0.04721030042918455,0.2375000000000007,121.8575,False,True,False
bluesky_f53195216fdf341f713bfd07a36d74e0775496138e75419b62760eea61831d0f,majority_keep,sample_middle_toxicity,171.0,36.0,2.0,18.0,0.017543859649122806,6.069285714285716,82.71821428571431,True,False,True
bluesky_f56c4469482c088f581536f8e6c57aa4598703acffd586d4e2aedd38b944b13c,unanimous_keep,sample_middle_toxicity,291.0,49.0,4.0,12.25,0.03436426116838488,7.364565217391306,62.74510869565219,False,False,True
bluesky_f5811a60bab59f60aaabcf4b96297fe9dafc060ad72cfb4c5a1ad3bf37ca4e32,unanimous_keep,sample_low_toxicity,295.0,49.0,3.0,16.333333333333332,0.023728813559322035,11.60936170212766,39.73333333333335,True,True,True
bluesky_f59bc508b232015b6239cb9e21d8188c63a3fc8eb45c298cee57d733ebd19799,majority_remove,sample_middle_toxicity,229.0,42.0,4.0,10.5,0.034934497816593885,3.11452380952381,91.43464285714288,False,True,True
bluesky_f5b575b45a0c9dea6303e0abacf595b40831b7705c009dd6f613a085ffe3ed9a,unanimous_keep,sample_middle_toxicity,249.0,44.0,2.0,22.0,0.03614457831325301,11.112317073170736,51.905548780487806,False,False,True
bluesky_f62e3831402eb1d40fc1829c33f53653f03798d79bbbeb42dc16d520161a73d5,majority_keep,sample_middle_toxicity,191.0,36.0,3.0,12.0,0.03664921465968586,7.651515151515152,59.79727272727277,True,False,False
bluesky_f66b32bbbbf4305fbed366752aef789988c8e27641b42573061f8d3d4a1ce37b,majority_keep,sample_middle_toxicity,73.0,15.0,2.0,7.5,0.0410958904109589,2.3114285714285714,90.95857142857145,False,True,False
bluesky_f679b175528704380ca579f8c5d28fd32a72ac82c6dca1a6f82a2e5aa7cf7b19,majority_keep,sample_middle_toxicity,201.0,37.0,4.0,9.25,0.03980099502487562,5.8171428571428585,74.13619047619049,False,False,True
bluesky_f74c9f754b2dafd2c5e4f7134f8ba93ca0daa9a7f02c65ac139cebab662eccbe,majority_remove,sample_high_toxicity,295.0,60.0,1.0,60.0,0.020338983050847456,21.95090909090909,35.646363636363674,False,True,True
bluesky_f75e33d000b2e52b9625e7825a0d3469590f37e6129152b8a16b76502d96c2c5,majority_keep,sample_middle_toxicity,279.0,58.0,4.0,14.5,0.025089605734767026,5.041428571428572,83.85357142857143,False,True,True
bluesky_f76b9e1032a428942eab4cab768ae6fc1214e65525900c9f8b52a601571fa3ac,majority_remove,sample_middle_toxicity,300.0,55.0,7.0,7.857142857142857,0.03333333333333333,3.5889417989418,83.07166666666666,False,True,True
bluesky_f7d3a598708dea13963464cd38159f8c93e4adbe190ee8366c702e562d364eb5,unanimous_keep,sample_middle_toxicity,203.0,33.0,2.0,16.5,0.024630541871921183,12.913064516129037,30.08959677419358,False,True,True
bluesky_f800acb8cd2f36154190f0af3a38a15fda26beb6416a5a63e8cd5431185859e4,majority_keep,sample_middle_toxicity,300.0,48.0,2.0,24.0,0.07,13.15797872340426,42.58250000000004,True,True,True
bluesky_f907606f4e5710eb7a578ec6a7154fb5b3a45cbfd724fa8aa8f4635c91c1a04d,unanimous_keep,sample_middle_toxicity,115.0,21.0,2.0,10.5,0.017391304347826087,5.419999999999998,74.01500000000001,False,True,True
bluesky_f9e369b48c278bfafcaa3802bbe247f0ed7c86a00560179435ebc453a471800e,majority_keep,sample_middle_toxicity,246.0,49.0,5.0,9.8,0.024390243902439025,3.3956632653061227,92.53594387755103,False,True,True
bluesky_f9e4130000316faa81e1f1615ef9dd8ce3720749ed8e3930bf7b3ce0a9dcada2,majority_keep,sample_middle_toxicity,290.0,52.0,3.0,17.333333333333332,0.03793103448275862,7.193999999999999,73.17033333333337,False,True,True
bluesky_fa4d97b300297dc11e3bc74f40f994fa9b8e1932999d8f60e024db19d8a8f598,majority_keep,sample_middle_toxicity,287.0,54.0,7.0,7.714285714285714,0.059233449477351915,4.8434782608695635,73.99246376811597,False,True,True
bluesky_fb203f9adc685cb5ad051d5d1684078a84c96137e7c11fcd5dd33e97406808b2,majority_keep,sample_middle_toxicity,161.0,27.0,1.0,27.0,0.018633540372670808,12.703846153846158,50.29115384615386,False,True,True
bluesky_fb471e82c1f9351a7e30ddf3a10e9dd79e4c1e1f85b2497c0868035a9c7d4297,unanimous_keep,sample_low_toxicity,197.0,32.0,1.0,32.0,0.015228426395939087,15.912903225806453,36.189354838709676,True,True,True
bluesky_fb5e78b48d778b3d383f9bd35a5a397230fc33de09e62455f2450e776ac2fb49,majority_remove,sample_middle_toxicity,182.0,34.0,2.0,17.0,0.038461538461538464,10.320000000000004,47.79000000000002,False,True,True
bluesky_fb66acccd268ea732293cb0d5d0fea684b52f74e8e0df2d3cce51de56cdb98fe,unanimous_keep,sample_low_toxicity,229.0,39.0,2.0,19.5,0.026200873362445413,17.461111111111112,33.99500000000003,False,False,True
bluesky_fc74f1f7945d267e51225db998c1bcfb80c68e42ead0328b53500f5c158a71a0,unanimous_keep,sample_low_toxicity,264.0,48.0,4.0,12.0,0.06060606060606061,6.780000000000001,73.17000000000003,False,True,True
bluesky_fc9da11d6a9dae2c2f4277d0253712696a710540c73488dad90e6c834fcee2a8,majority_keep,sample_low_toxicity,263.0,45.0,6.0,7.5,0.03802281368821293,4.4933720930232575,75.61199612403102,False,False,False
bluesky_fca4e159fa6e244d675e57a0b914050c1f4196a93c4eb7cdcfe55df3d091ff71,majority_keep,sample_middle_toxicity,187.0,33.0,1.0,33.0,0.016042780748663103,15.51636363636364,42.59454545454548,False,True,True
bluesky_fea83dca5a2d111cca09de05b5c045519cd1f5e3b78be9c4ce4857cc92af3adc,majority_keep,sample_middle_toxicity,182.0,31.0,2.0,15.5,0.038461538461538464,7.584032258064514,68.2960483870968,False,False,True
bluesky_fec21c50c5d43a9fa639c803fa0c3358341c6a3ac843538f2d1429feaa2f8c3c,majority_remove,sample_low_toxicity,222.0,35.0,1.0,35.0,0.02252252252252252,18.962857142857143,21.447142857142865,False,True,True
bluesky_ff18ee1059ec2ce9253a7349cc17635f9e520b8989aed182a6735f8fe70d1776,majority_keep,sample_middle_toxicity,168.0,29.0,2.0,14.5,0.011904761904761904,8.834285714285716,56.66071428571428,True,True,True
bluesky_ff75e1b6e6448ecff08c27fe152682dd9b85133eab7fecf770b1ccfc982eecb6,unanimous_keep,sample_low_toxicity,194.0,32.0,2.0,16.0,0.030927835051546393,9.45625,55.763750000000016,False,True,True
bluesky_ff7741b33607c9d93fbc8e8f552f4c0be4ce76455859caf01a67e98f54c421c6,unanimous_keep,sample_low_toxicity,192.0,33.0,1.0,33.0,0.015625,16.589090909090917,34.903636363636366,True,True,True
bluesky_ffc6692996da15563030d9c502ab9c083ee67fb9c2ae3ebf4e364c0032216ab0,unanimous_keep,sample_low_toxicity,235.0,41.0,1.0,41.0,0.02127659574468085,19.185000000000006,28.76000000000002,False,True,True
bluesky_ffeb2aba50fe1682ae8ef8e6368fe0a30fed629ccfd7ea87decccdba4c0e2f5c,unanimous_keep,sample_low_toxicity,146.0,24.0,1.0,24.0,0.02054794520547945,16.386666666666667,20.325000000000017,True,False,True
bluesky_fff4f5de08bb09ed6b1579733970adebd5e8c1349a650f363f6329e52feadeca,majority_keep,sample_middle_toxicity,250.0,35.0,2.0,17.5,0.072,20.49,5.15500000000003,False,True,True
reddit_1ic7ftb_mvsyylk,unanimous_keep,sample_high_toxicity,120.0,22.0,1.0,22.0,0.008333333333333333,9.080909090909092,69.14136363636365,False,True,True
reddit_1ivhii3_mtm3tcv,majority_remove,sample_high_toxicity,239.0,45.0,4.0,11.25,0.02510460251046025,5.3223809523809535,81.83928571428572,False,True,True
reddit_1kbqve2_mpywr4u,unanimous_remove,sample_high_toxicity,150.0,24.0,2.0,12.0,0.05333333333333334,8.390652173913043,55.38858695652178,False,True,True
reddit_1kbsrmm_mpyar59,majority_keep,sample_high_toxicity,224.0,32.0,3.0,10.666666666666666,0.03125,12.170000000000002,26.808333333333366,False,True,True
reddit_1kbtl03_mpyu8h0,majority_remove,sample_high_toxicity,80.0,14.0,1.0,14.0,0.0625,8.756666666666668,53.655,False,True,True
reddit_1kbza1m_mpzb0wf,majority_keep,sample_high_toxicity,140.0,25.0,1.0,25.0,0.04285714285714286,12.945,45.00000000000003,False,True,True
reddit_1kc0109_mpz1fdv,majority_keep,sample_high_toxicity,167.0,32.0,5.0,6.4,0.05389221556886228,3.3547586206896547,81.34110344827589,False,True,True
reddit_1kc1dne_mpz59f4,majority_keep,sample_high_toxicity,161.0,28.0,2.0,14.0,0.049689440993788817,8.637,55.40350000000004,False,True,True
reddit_1kc5vjr_mq0onuk,majority_keep,sample_high_toxicity,169.0,30.0,2.0,15.0,0.023668639053254437,6.780000000000001,73.17000000000003,False,True,True
reddit_1kc5vjr_mq49xzz,majority_remove,sample_high_toxicity,121.0,24.0,3.0,8.0,0.03305785123966942,2.2782608695652193,92.38376811594205,False,False,True
reddit_1kc6dti_mq103lq,majority_keep,sample_high_toxicity,171.0,33.0,3.0,11.0,0.023391812865497075,4.42625,82.32708333333336,False,True,True
reddit_1kc6k0f_mq2rhmp,unanimous_keep,sample_high_toxicity,136.0,27.0,2.0,13.5,0.029411764705882353,5.805,75.70750000000002,False,False,True
reddit_1kccd08_mq25puz,majority_remove,sample_high_toxicity,121.0,18.0,2.0,9.0,0.01652892561983471,7.58666666666667,56.70000000000002,False,False,True
reddit_1kce10r_mq1x36z,majority_remove,sample_high_toxicity,82.0,20.0,2.0,10.0,0.04878048780487805,1.0311111111111124,103.70000000000002,False,True,True
reddit_1kchwvg_mq4usow,majority_keep,sample_high_toxicity,218.0,42.0,3.0,14.0,0.03211009174311927,7.656842105263159,74.00789473684213,False,True,True
reddit_1kcjvfv_mq4alrl,unanimous_keep,sample_high_toxicity,157.0,32.0,2.0,16.0,0.025477707006369428,4.919516129032257,87.39927419354841,False,True,True
reddit_1kclz6v_mq6ew13,majority_keep,sample_high_toxicity,102.0,20.0,2.0,10.0,0.0392156862745098,2.9977777777777774,89.60000000000004,False,True,True
reddit_1kcm2gn_mq6bfl7,majority_remove,sample_high_toxicity,120.0,20.0,1.0,20.0,0.041666666666666664,9.830526315789477,58.42368421052632,False,True,True
reddit_1kcqkoy_mq5biu3,majority_remove,sample_high_toxicity,231.0,45.0,7.0,6.428571428571429,0.04329004329004329,2.1477922077922074,90.85954545454548,False,True,True
reddit_1kcx4ed_mqhjkzd,majority_keep,sample_high_toxicity,67.0,13.0,1.0,13.0,0.014925373134328358,7.633846153846157,63.486153846153854,False,False,True
reddit_1kcy0mu_mq6vxp3,majority_remove,sample_high_toxicity,91.0,15.0,3.0,5.0,0.054945054945054944,2.879999999999999,83.32000000000004,False,False,True
reddit_1kcy0mu_mq7510q,majority_keep,sample_high_toxicity,138.0,24.0,2.0,12.0,0.043478260869565216,9.618181818181817,45.69727272727275,False,True,True
reddit_1kcy0mu_mqan3r2,majority_keep,sample_high_toxicity,35.0,7.0,1.0,7.0,0.0,0.6257142857142846,103.04428571428575,False,True,True
reddit_1kd0y99_mq7cxbn,majority_remove,sample_high_toxicity,122.0,25.0,2.0,12.5,0.02459016393442623,3.9170000000000016,89.24350000000001,False,True,True
reddit_1kd2e74_mq7rldq,majority_remove,sample_high_toxicity,204.0,36.0,3.0,12.0,0.029411764705882353,7.224117647058826,63.455196078431385,False,True,True
reddit_1kd63h5_mqawmhf,majority_remove,sample_high_toxicity,92.0,15.0,3.0,5.0,0.09782608695652174,9.054285714285715,42.61571428571432,False,True,True
reddit_1kd68tv_mqdvza2,unanimous_remove,sample_high_toxicity,134.0,23.0,3.0,7.666666666666667,0.022388059701492536,5.356521739130439,70.31420289855075,False,True,True
reddit_1kd8gaz_mqaf7bv,unanimous_remove,sample_high_toxicity,58.0,10.0,2.0,5.0,0.05172413793103448,5.240000000000002,66.40000000000003,False,True,True
reddit_1kd99ys_mq93r79,majority_remove,sample_high_toxicity,145.0,25.0,2.0,12.5,0.034482758620689655,7.693000000000001,62.17150000000001,False,True,True
reddit_1kdb50w_mq9m82g,majority_keep,sample_high_toxicity,131.0,28.0,2.0,14.0,0.030534351145038167,5.818461538461541,76.50153846153849,False,True,True
reddit_1kdhcse_mqd48za,majority_remove,sample_high_toxicity,109.0,20.0,1.0,20.0,0.045871559633027525,8.588421052631581,67.32894736842107,False,True,True
reddit_1kdjdbr_mqbg7ah,majority_keep,sample_high_toxicity,142.0,23.0,4.0,5.75,0.04929577464788732,7.809880952380954,48.420535714285734,False,True,True
reddit_1kdkguy_mqdbhtr,unanimous_remove,sample_high_toxicity,195.0,36.0,2.0,18.0,0.010256410256410256,7.889864864864865,71.44668918918921,False,True,True
reddit_1kdsslc_mqn7ysp,unanimous_remove,sample_high_toxicity,79.0,13.0,2.0,6.5,0.02531645569620253,6.006538461538462,63.57596153846157,False,True,True
reddit_1kdtw54_mqdqgjd,majority_keep,sample_high_toxicity,49.0,7.0,1.0,7.0,0.02040816326530612,9.054285714285715,42.61571428571432,False,True,True
reddit_1kduyqe_mqefpvx,majority_keep,sample_high_toxicity,240.0,53.0,4.0,13.25,0.06666666666666667,4.029782608695651,86.65380434782612,False,False,True
reddit_1ke0sk6_mqgra5h,majority_keep,sample_high_toxicity,129.0,23.0,1.0,23.0,0.015503875968992248,12.875652173913043,43.716086956521764,False,True,True
reddit_1ke1hwf_mqiwyr3,majority_remove,sample_high_toxicity,90.0,16.0,1.0,16.0,0.044444444444444446,7.566666666666666,67.53000000000003,False,True,True
reddit_1kea4ww_mqhf6as,majority_remove,sample_high_toxicity,26.0,5.0,1.0,5.0,0.07692307692307693,0.5199999999999996,100.24000000000002,False,True,True
reddit_1keheq3_mqkxm08,majority_keep,sample_high_toxicity,121.0,21.0,3.0,7.0,0.03305785123966942,5.682857142857145,66.7871428571429,False,True,True
reddit_1keheq3_mqn35ai,majority_keep,sample_high_toxicity,196.0,36.0,2.0,18.0,0.025510204081632654,9.130000000000003,61.665000000000006,False,False,True
reddit_1kejgoy_mql3nzg,majority_keep,sample_high_toxicity,52.0,8.0,1.0,8.0,0.019230769230769232,2.280000000000001,92.965,False,True,True
reddit_1keniyy_mqk37z5,majority_keep,sample_high_toxicity,65.0,11.0,1.0,11.0,0.015384615384615385,5.863636363636363,72.61545454545457,False,True,True
reddit_1kerfht_mqljaxk,majority_remove,sample_high_toxicity,42.0,9.0,1.0,9.0,0.023809523809523808,2.342222222222226,94.30000000000001,False,True,True
reddit_1kerfxk_mqmhx74,majority_keep,sample_high_toxicity,235.0,45.0,3.0,15.0,0.02127659574468085,5.684545454545454,80.43015151515155,False,True,True
reddit_1kesocd_mqmbypd,majority_keep,sample_high_toxicity,96.0,19.0,2.0,9.5,0.03125,4.308888888888891,80.20000000000003,True,True,True
reddit_1kexd68_mqmczz7,unanimous_remove,sample_high_toxicity,184.0,36.0,6.0,6.0,0.06521739130434782,3.84,88.905,False,False,True
reddit_1kexwzc_mqmf9iq,unanimous_keep,sample_high_toxicity,93.0,17.0,1.0,17.0,0.021505376344086023,4.662500000000001,90.13250000000001,False,True,True
reddit_1kf2hgg_mqpouu3,majority_remove,sample_high_toxicity,138.0,25.0,4.0,6.25,0.057971014492753624,3.4666666666666686,80.89500000000001,False,True,True
reddit_1kf5pvv_mqoc9mr,majority_remove,sample_high_toxicity,36.0,6.0,1.0,6.0,0.05555555555555555,5.240000000000002,66.40000000000003,False,False,False
reddit_1kf99b1_mqpqeu7,majority_remove,sample_high_toxicity,85.0,18.0,2.0,9.0,0.03529411764705882,1.5425000000000004,98.25250000000001,False,False,True
reddit_1kfa750_mqp8882,majority_keep,sample_high_toxicity,75.0,15.0,2.0,7.5,0.02666666666666667,1.495000000000001,97.7025,False,False,True
reddit_1kfef9j_mqqmxru,unanimous_remove,sample_high_toxicity,84.0,16.0,2.0,8.0,0.023809523809523808,4.492500000000003,77.1025,False,True,True
reddit_1kfeyz1_mqrihlf,unanimous_keep,sample_high_toxicity,207.0,38.0,4.0,9.5,0.06280193236714976,7.039642857142859,60.176607142857165,False,False,True
reddit_1kfo0ut_mqu5lh5,majority_remove,sample_high_toxicity,65.0,13.0,1.0,13.0,0.015384615384615385,6.790000000000003,67.75500000000001,False,True,True
reddit_1kfohcu_mqt90f3,majority_remove,sample_high_toxicity,83.0,15.0,2.0,7.5,0.03614457831325301,4.840000000000003,72.83000000000003,False,True,True
reddit_1kfz5qd_mqwat9g,majority_keep,sample_high_toxicity,157.0,32.0,2.0,16.0,0.025477707006369428,6.061451612903227,79.21217741935487,False,True,True
reddit_1kg5azy_mqx1nec,unanimous_keep,sample_high_toxicity,271.0,49.0,3.0,16.333333333333332,0.02214022140221402,8.841666666666672,60.16999999999999,False,True,True
reddit_1kg5azy_mqy0bz7,majority_keep,sample_high_toxicity,214.0,37.0,2.0,18.5,0.009345794392523364,11.079054054054055,48.581824324324344,False,True,True
reddit_1kg5azy_mx9k2fg,majority_remove,sample_high_toxicity,57.0,9.0,2.0,4.5,0.03508771929824561,8.45388888888889,42.46750000000003,False,True,True
reddit_1kg5qlk_mr1z9om,majority_remove,sample_high_toxicity,143.0,27.0,4.0,6.75,0.03496503496503497,3.737307692307695,79.84519230769233,False,True,True
reddit_1kgcayc_mqyakjb,majority_remove,sample_high_toxicity,83.0,17.0,2.0,8.5,0.0963855421686747,-0.47499999999999964,113.60750000000002,False,False,True
reddit_1kgh0vd_mr0i4m7,majority_keep,sample_high_toxicity,124.0,19.0,1.0,19.0,0.0,11.693684210526317,45.06578947368425,False,True,True
reddit_1kgkc38_mr0jbhl,majority_remove,sample_high_toxicity,181.0,38.0,4.0,9.5,0.03314917127071823,2.9977777777777774,89.60000000000004,False,True,True
reddit_1kgkc38_mr2fy1m,majority_remove,sample_high_toxicity,123.0,21.0,2.0,10.5,0.04065040650406504,5.504473684210527,72.51881578947369,False,True,False
reddit_1kgn2n1_mr04lxx,majority_keep,sample_high_toxicity,267.0,48.0,3.0,16.0,0.02247191011235955,6.807391304347828,73.56731884057973,False,True,True
reddit_1kgqsc9_mr54alo,majority_remove,sample_high_toxicity,103.0,24.0,3.0,8.0,0.04854368932038835,0.6790909090909132,103.25530303030304,False,True,True
reddit_1kgs9fz_mr3bvx9,majority_remove,sample_high_toxicity,71.0,10.0,2.0,5.0,0.08450704225352113,9.96,32.56000000000003,False,True,True
reddit_1kgvslf_mr35zv5,majority_remove,sample_high_toxicity,63.0,11.0,1.0,11.0,0.047619047619047616,3.7181818181818187,87.99727272727276,False,True,True
reddit_1kgy2af_mr2x6x7,majority_remove,sample_high_toxicity,137.0,26.0,2.0,13.0,0.0364963503649635,4.861000000000001,82.47550000000001,False,True,True
reddit_1kgy2af_mr44a1i,majority_keep,sample_high_toxicity,166.0,34.0,1.0,34.0,0.030120481927710843,10.964516129032258,71.66677419354839,False,True,True
reddit_1kgy2af_mr45hnl,unanimous_remove,sample_high_toxicity,23.0,3.0,1.0,3.0,0.043478260869565216,13.113333333333333,6.390000000000015,False,True,True
reddit_1kgy4kn_mr2gufk,majority_keep,sample_high_toxicity,231.0,39.0,4.0,9.75,0.030303030303030304,6.125526315789475,68.0661842105263,False,True,True
reddit_1kgz5f8_mr381po,majority_keep,sample_high_toxicity,55.0,9.0,1.0,9.0,0.01818181818181818,7.58666666666667,56.70000000000002,False,True,True
reddit_1kh7zbd_mr5d7p4,unanimous_remove,sample_high_toxicity,54.0,9.0,1.0,9.0,0.05555555555555555,7.58666666666667,56.70000000000002,False,True,True
reddit_1kh7zbd_mr5qg9y,majority_keep,sample_high_toxicity,260.0,47.0,2.0,23.5,0.038461538461538464,8.918333333333333,71.19750000000002,False,True,True
reddit_1kh7zbd_mr6jvbp,majority_keep,sample_high_toxicity,145.0,24.0,2.0,12.0,0.013793103448275862,7.773333333333333,60.70500000000001,False,True,True
reddit_1kh7zbd_mr7ajcn,unanimous_remove,sample_high_toxicity,40.0,7.0,2.0,3.5,0.05,2.6321428571428562,82.42535714285715,False,True,True
reddit_1khfdka_mr6u1xt,unanimous_remove,sample_high_toxicity,233.0,46.0,4.0,11.5,0.02145922746781116,3.2197222222222237,92.01625000000001,False,True,True
reddit_1khn8d7_mr8q22e,majority_remove,sample_high_toxicity,87.0,16.0,2.0,8.0,0.034482758620689655,5.230000000000004,71.81500000000001,False,True,True
reddit_1khsmnt_mrcpn78,majority_remove,sample_high_toxicity,110.0,23.0,2.0,11.5,0.03636363636363636,3.7181818181818187,87.99727272727276,False,False,True
reddit_1khto5j_mrayepc,majority_remove,sample_high_toxicity,163.0,31.0,2.0,15.5,0.03067484662576687,7.566666666666666,67.53000000000003,False,True,True
reddit_1khug51_mrad843,majority_remove,sample_high_toxicity,208.0,32.0,3.0,10.666666666666666,0.052884615384615384,8.482500000000002,53.245833333333366,False,True,True
reddit_1khx7jq_mrb9wxw,majority_remove,sample_high_toxicity,143.0,31.0,4.0,7.75,0.055944055944055944,2.732857142857142,87.93714285714289,False,False,True
reddit_1khyp7b_mrbhzk5,majority_keep,sample_high_toxicity,93.0,19.0,2.0,9.5,0.043010752688172046,2.399210526315791,94.78197368421053,False,False,False
reddit_1ki18ju_mrc3g6k,majority_keep,sample_high_toxicity,55.0,12.0,1.0,12.0,0.03636363636363636,2.4700000000000024,95.165,False,True,False
reddit_1ki3k0w_mrbvh1p,unanimous_remove,sample_high_toxicity,67.0,12.0,1.0,12.0,0.014925373134328358,6.790000000000003,67.75500000000001,False,True,True
reddit_1ki553n_mrf43g8,unanimous_remove,sample_high_toxicity,74.0,13.0,2.0,6.5,0.04054054054054054,5.433333333333334,66.79500000000002,False,False,True
reddit_1ki6xuj_mrqxa53,majority_keep,sample_high_toxicity,241.0,49.0,3.0,16.333333333333332,0.024896265560165973,4.908333333333335,88.37000000000002,False,False,True
reddit_1ki8nwd_mrihw1c,unanimous_remove,sample_high_toxicity,121.0,22.0,2.0,11.0,0.05785123966942149,7.0478571428571435,63.23464285714289,False,False,True
reddit_1kifvs5_mrgave1,majority_keep,sample_high_toxicity,84.0,16.0,2.0,8.0,0.03571428571428571,3.8550000000000004,80.78250000000001,False,True,True
reddit_1kijebe_mrj4maw,majority_keep,sample_high_toxicity,50.0,8.0,1.0,8.0,0.02,6.705000000000002,61.24000000000001,False,True,False
reddit_1kik1os_mrfrlcc,unanimous_remove,sample_high_toxicity,150.0,27.0,2.0,13.5,0.02,7.693000000000001,62.17150000000001,False,True,True
reddit_1kikfi4_mrfsmn1,unanimous_remove,sample_high_toxicity,21.0,4.0,1.0,4.0,0.047619047619047616,0.7199999999999989,97.025,False,True,True
reddit_1kikfi4_mrgyfwl,majority_keep,sample_high_toxicity,72.0,12.0,2.0,6.0,0.027777777777777776,4.450000000000003,73.84500000000001,False,True,True
reddit_1kimqa4_mrjpvhb,unanimous_remove,sample_high_toxicity,157.0,27.0,3.0,9.0,0.025477707006369428,7.3053846153846145,58.12294871794876,False,True,True
reddit_1kiobtd_mrgjf13,majority_remove,sample_high_toxicity,168.0,34.0,3.0,11.333333333333334,0.041666666666666664,4.046451612903226,84.45634408602152,False,True,True
reddit_1kiokjw_mrinhsc,unanimous_keep,sample_high_toxicity,142.0,28.0,2.0,14.0,0.028169014084507043,6.726153846153846,69.99384615384618,False,True,True
reddit_1kiqxkn_mrh6nxb,majority_remove,sample_high_toxicity,134.0,25.0,2.0,12.5,0.014925373134328358,5.333000000000002,79.09150000000001,False,False,True
reddit_1kis044_mrhv1zr,majority_keep,sample_high_toxicity,118.0,25.0,1.0,25.0,0.00847457627118644,9.995000000000001,66.15000000000003,False,True,True
reddit_1kisfrq_mrjxs61,majority_keep,sample_high_toxicity,213.0,41.0,2.0,20.5,0.018779342723004695,8.73,68.09500000000004,False,True,True
reddit_1kiv79p_mrqloy5,majority_keep,sample_high_toxicity,296.0,52.0,5.0,10.4,0.037162162162162164,6.052408163265305,69.12473469387757,False,True,True
reddit_1kj1005_mrmt0d5,unanimous_keep,sample_high_toxicity,99.0,21.0,2.0,10.5,0.020202020202020204,5.362142857142857,75.32035714285716,False,True,True
reddit_1kj3p9z_mrmylsx,majority_remove,sample_high_toxicity,173.0,37.0,6.0,6.166666666666667,0.046242774566473986,0.17071428571428626,104.22845238095242,False,True,True
reddit_1kj3p9z_ms06wb5,majority_keep,sample_high_toxicity,122.0,22.0,2.0,11.0,0.01639344262295082,6.400000000000002,68.77000000000002,False,True,True
reddit_1kj6zrh_mrsdegg,majority_remove,sample_high_toxicity,252.0,48.0,1.0,48.0,0.023809523809523808,18.733636363636368,39.120454545454564,False,True,True
reddit_1kjdwyo_mrmfowq,majority_keep,sample_high_toxicity,215.0,34.0,4.0,8.5,0.06046511627906977,7.294166666666669,57.46125000000001,False,True,True
reddit_1kjj6u8_mrqd29v,majority_remove,sample_high_toxicity,238.0,44.0,4.0,11.0,0.04201680672268908,6.06378205128205,68.95413461538463,False,True,True
reddit_1kjjpp3_mrn9t0b,majority_keep,sample_high_toxicity,144.0,28.0,3.0,9.333333333333334,0.04861111111111111,4.12846153846154,80.89987179487183,False,True,True
reddit_1kjl2by_mrrph92,majority_remove,sample_high_toxicity,200.0,45.0,2.0,22.5,0.045,6.075000000000003,87.13000000000002,False,False,True
reddit_1kjmyd7_mroltjg,majority_keep,sample_high_toxicity,58.0,9.0,1.0,9.0,0.017241379310344827,10.208888888888893,37.900000000000034,False,True,True
reddit_1kjndle_mrodv47,majority_remove,sample_high_toxicity,162.0,30.0,3.0,10.0,0.024691358024691357,4.455862068965519,80.33367816091955,False,True,True
reddit_1kjndle_mrp2vs3,majority_remove,sample_high_toxicity,60.0,11.0,1.0,11.0,0.03333333333333333,4.790909090909089,80.30636363636367,False,True,True
reddit_1kjpnep_mrqhn36,majority_keep,sample_high_toxicity,233.0,39.0,4.0,9.75,0.02145922746781116,8.181730769230771,53.76951923076925,False,True,True
reddit_1kk1lg6_mrrhmmk,unanimous_keep,sample_high_toxicity,147.0,27.0,3.0,9.0,0.027210884353741496,5.838518518518523,69.23333333333335,False,True,True
reddit_1kk1lg6_mru2vmt,majority_remove,sample_high_toxicity,108.0,15.0,3.0,5.0,0.027777777777777776,11.515714285714289,20.81261904761905,False,True,True
reddit_1kk3rr8_mrrv7gb,majority_remove,sample_high_toxicity,65.0,12.0,1.0,12.0,0.03076923076923077,4.790909090909089,80.30636363636367,False,True,True
reddit_1kk3rr8_mru1dkf,majority_keep,sample_high_toxicity,249.0,41.0,3.0,13.666666666666666,0.01606425702811245,7.5839024390243885,65.03162601626018,False,True,True
reddit_1kk6e4o_mrszapg,unanimous_remove,sample_high_toxicity,25.0,4.0,1.0,4.0,0.04,0.7199999999999989,97.025,False,True,True
reddit_1kk7hs1_mrupo13,unanimous_remove,sample_high_toxicity,28.0,6.0,1.0,6.0,0.0,0.5166666666666693,102.045,False,True,True
reddit_1kk7yq6_mrsryq8,majority_remove,sample_high_toxicity,282.0,50.0,4.0,12.5,0.0425531914893617,7.069095744680851,65.30875,False,False,True
reddit_1kk86gk_mrtbrdz,majority_keep,sample_high_toxicity,25.0,4.0,1.0,4.0,0.12,6.620000000000001,54.72500000000002,False,True,True
reddit_1kkiq63_mrwpbgm,majority_keep,sample_high_toxicity,76.0,17.0,1.0,17.0,0.02631578947368421,3.1875000000000036,100.70750000000001,False,False,True
reddit_1kkmvb6_mrxrv5u,majority_remove,sample_high_toxicity,68.0,8.0,1.0,8.0,0.0,17.029999999999998,-12.784999999999997,False,False,True
reddit_1kknpr7_mryoecg,majority_keep,sample_high_toxicity,223.0,40.0,3.0,13.333333333333334,0.017937219730941704,8.844102564102567,54.809230769230794,False,True,False
reddit_1kkq6f9_mrx9c37,majority_remove,sample_high_toxicity,155.0,29.0,2.0,14.5,0.01935483870967742,5.527068965517241,81.26232758620691,False,True,True
reddit_1kksjs7_mryisbi,majority_keep,sample_high_toxicity,163.0,32.0,4.0,8.0,0.03067484662576687,3.800241935483875,81.62036290322581,False,True,True
reddit_1kkvadr_ms2g7eo,majority_remove,sample_high_toxicity,243.0,39.0,5.0,7.8,0.024691358024691357,7.868736842105264,52.18415789473684,False,True,True
reddit_1kkwq7f_mrxtwq4,unanimous_keep,sample_high_toxicity,53.0,10.0,2.0,5.0,0.11320754716981132,6.003571428571426,58.25392857142859,True,True,True
reddit_1kl0ksq_mrzdxf5,majority_keep,sample_high_toxicity,169.0,28.0,2.0,14.0,0.011834319526627219,9.677142857142858,50.61785714285716,False,True,True
reddit_1kl4k5p_ms07nuf,unanimous_remove,sample_high_toxicity,89.0,13.0,2.0,6.5,0.056179775280898875,7.821923076923078,50.56057692307695,False,True,True
reddit_1kl504v_ms23dzu,unanimous_remove,sample_high_toxicity,205.0,39.0,3.0,13.0,0.05365853658536585,6.154285714285717,71.71904761904764,False,True,True
reddit_1kl6ssy_ms1kwmd,majority_keep,sample_high_toxicity,263.0,49.0,10.0,4.9,0.045627376425855515,1.032,96.21300000000002,False,True,True
reddit_1kljha9_ms3i8ip,unanimous_keep,sample_high_toxicity,167.0,27.0,1.0,27.0,0.029940119760479042,16.788461538461537,21.006538461538497,False,True,True
reddit_1klm8z1_ms68e86,majority_remove,sample_high_toxicity,95.0,16.0,1.0,16.0,0.010526315789473684,9.140000000000004,56.25000000000003,False,True,True
reddit_1klo83a_ms3tuo1,majority_remove,sample_high_toxicity,114.0,23.0,2.0,11.5,0.02631578947368421,2.747173913043479,95.84945652173916,False,True,True
reddit_1klqg58_ms9lpot,majority_remove,sample_high_toxicity,183.0,31.0,2.0,15.5,0.04371584699453552,9.140000000000004,56.25000000000003,False,True,True
reddit_1klrtv5_ms4tu8u,unanimous_remove,sample_high_toxicity,193.0,33.0,2.0,16.5,0.015544041450777202,7.651060606060607,69.59659090909092,False,True,True
reddit_1klrtv5_ms4wvfw,majority_keep,sample_high_toxicity,89.0,13.0,2.0,6.5,0.033707865168539325,7.821923076923078,50.56057692307695,True,False,True
reddit_1klrtv5_ms540uz,majority_keep,sample_high_toxicity,98.0,19.0,4.0,4.75,0.04081632653061224,1.1677631578947363,95.15059210526319,False,True,True
reddit_1klrtv5_ms5tngj,majority_keep,sample_high_toxicity,11.0,2.0,1.0,2.0,0.09090909090909091,-3.01,120.20500000000001,False,True,True
reddit_1klrtv5_msgj7zr,unanimous_remove,sample_high_toxicity,129.0,26.0,2.0,13.0,0.023255813953488372,2.5010000000000012,99.3955,False,True,True
reddit_1klsovz_ms4saw0,majority_remove,sample_high_toxicity,222.0,41.0,3.0,13.666666666666666,0.04954954954954955,5.165945945945946,79.99234234234235,False,True,True
reddit_1kluye9_ms71jvm,unanimous_keep,sample_high_toxicity,201.0,39.0,4.0,9.75,0.03980099502487562,6.195878378378378,67.11652027027029,False,True,True
reddit_1klws0f_ms6djbd,unanimous_remove,sample_high_toxicity,140.0,25.0,2.0,12.5,0.02857142857142857,6.277000000000001,72.32350000000002,False,True,True
reddit_1km18ir_ms8yoji,majority_remove,sample_high_toxicity,20.0,3.0,1.0,3.0,0.05,1.3133333333333361,90.99000000000004,False,True,True
reddit_1km18ir_msb3huv,majority_remove,sample_high_toxicity,39.0,8.0,2.0,4.0,0.10256410256410256,3.2800000000000047,76.89000000000003,False,False,True
reddit_1kmahx0_ms9gt18,majority_remove,sample_high_toxicity,172.0,28.0,2.0,14.0,0.03488372093023256,7.991428571428575,62.70357142857142,False,True,True
reddit_1kmcfwr_ms92wr5,majority_remove,sample_high_toxicity,97.0,17.0,2.0,8.5,0.061855670103092786,7.612500000000001,68.9825,False,True,True
reddit_1kmdt1g_msbl27c,majority_keep,sample_high_toxicity,150.0,26.0,4.0,6.5,0.05333333333333334,4.645000000000003,73.33750000000002,False,True,True
reddit_1kmew4f_ms9mrxo,majority_keep,sample_high_toxicity,263.0,44.0,3.0,14.666666666666666,0.049429657794676805,6.757272727272728,72.73924242424245,False,True,True
reddit_1kmm69e_msbbfe8,majority_remove,sample_high_toxicity,117.0,20.0,1.0,20.0,0.03418803418803419,12.270000000000003,42.71500000000003,False,True,True
reddit_1kmrgub_msdwuzy,majority_keep,sample_high_toxicity,69.0,14.0,1.0,14.0,0.057971014492753624,4.003076923076925,89.51692307692309,False,True,True
reddit_1kn4pwm_msi79sp,majority_keep,sample_high_toxicity,62.0,13.0,2.0,6.5,0.03225806451612903,3.283461538461541,83.09903846153848,False,True,True
reddit_1kn6cu1_msgygl1,majority_keep,sample_high_toxicity,77.0,16.0,1.0,16.0,0.012987012987012988,3.9250000000000007,95.42,False,True,True
reddit_1kna992_msjyyfa,majority_remove,sample_high_toxicity,106.0,19.0,3.0,6.333333333333333,0.03773584905660377,1.785263157894736,93.54350877192984,False,True,True
reddit_1knbc3l_mshft4i,majority_remove,sample_high_toxicity,24.0,4.0,1.0,4.0,0.08333333333333333,0.7199999999999989,97.025,False,True,True
reddit_1knbwj7_msh0alx,majority_keep,sample_high_toxicity,149.0,26.0,2.0,13.0,0.040268456375838924,6.749000000000002,68.93950000000002,False,True,True
reddit_1kndcmn_msik13u,majority_remove,sample_high_toxicity,57.0,8.0,1.0,8.0,0.017543859649122806,12.605000000000004,18.940000000000026,False,True,True
reddit_1kne9uw_mshz9yj,majority_keep,sample_high_toxicity,84.0,14.0,1.0,14.0,0.023809523809523808,7.570000000000004,65.72500000000001,False,False,True
reddit_1knep98_mshtabs,majority_keep,sample_high_toxicity,72.0,12.0,2.0,6.0,0.027777777777777776,6.936818181818182,55.12522727272727,False,True,True
reddit_1knep98_msipgrk,majority_remove,sample_high_toxicity,173.0,31.0,2.0,15.5,0.04046242774566474,7.173333333333336,70.35000000000002,False,True,True
reddit_1knep98_msjg22p,majority_keep,sample_high_toxicity,132.0,26.0,5.0,5.2,0.07575757575757576,2.280000000000001,92.965,False,True,True
reddit_1knep98_msmbjen,majority_remove,sample_high_toxicity,105.0,21.0,2.0,10.5,0.01904761904761905,3.6764285714285734,87.40607142857144,False,True,True
reddit_1knep98_msnqjhj,majority_keep,sample_high_toxicity,38.0,5.0,1.0,5.0,0.10526315789473684,14.68,-1.2799999999999727,False,True,True
reddit_1knm4f5_msk2m4f,majority_remove,sample_high_toxicity,292.0,49.0,5.0,9.8,0.02054794520547945,5.854000000000003,70.19100000000002,False,False,True
reddit_1knq26w_msm8lau,unanimous_remove,sample_high_toxicity,54.0,10.0,2.0,5.0,0.037037037037037035,1.7000000000000028,91.78000000000003,False,True,True
reddit_1knx7j9_mslzwad,majority_remove,sample_high_toxicity,41.0,7.0,1.0,7.0,0.0975609756097561,7.368571428571428,54.70142857142861,False,True,False
reddit_1knx7j9_msmuvaq,majority_keep,sample_high_toxicity,9.0,1.0,1.0,1.0,0.1111111111111111,8.400000000000002,36.62000000000003,False,False,True
reddit_1knxovz_mslyfa1,majority_keep,sample_high_toxicity,84.0,13.0,2.0,6.5,0.023809523809523808,7.821923076923078,50.56057692307695,False,True,True
reddit_1ko29fy_msx4s2p,majority_remove,sample_high_toxicity,72.0,14.0,1.0,14.0,0.041666666666666664,5.041428571428572,83.85357142857143,False,True,True
reddit_1ko2gif_msn8euz,majority_remove,sample_high_toxicity,92.0,15.0,1.0,15.0,0.010869565217391304,10.713333333333338,44.97000000000003,False,True,True
reddit_1ko2gif_msnlq59,majority_keep,sample_high_toxicity,49.0,10.0,2.0,5.0,0.08163265306122448,6.620000000000001,54.72500000000002,False,False,False
reddit_1ko3yf3_mspaxuq,unanimous_keep,sample_high_toxicity,150.0,28.0,2.0,14.0,0.02666666666666667,5.408333333333335,80.33250000000004,False,True,True
reddit_1ko4jsf_msnh959,majority_keep,sample_high_toxicity,68.0,11.0,2.0,5.5,0.07352941176470588,5.240000000000002,66.40000000000003,False,True,True
reddit_1koadeo_mspxjqx,majority_remove,sample_high_toxicity,48.0,9.0,2.0,4.5,0.041666666666666664,3.2094444444444434,80.06750000000002,False,True,True
reddit_1koaxap_msotklj,majority_keep,sample_high_toxicity,50.0,10.0,2.0,5.0,0.06,0.5872222222222234,98.8675,False,False,True
reddit_1kohwmm_mssecom,unanimous_remove,sample_high_toxicity,165.0,30.0,3.0,10.0,0.01818181818181818,4.436666666666671,81.06500000000001,False,True,True
reddit_1kor2d7_msskef9,majority_keep,sample_high_toxicity,158.0,31.0,3.0,10.333333333333334,0.04430379746835443,3.650000000000002,86.70500000000001,False,True,True
reddit_1kos17d_msuwjvg,majority_remove,sample_high_toxicity,89.0,17.0,2.0,8.5,0.033707865168539325,4.492500000000003,77.1025,False,True,True
reddit_1kouuvz_msu3nql,majority_remove,sample_high_toxicity,293.0,47.0,4.0,11.75,0.013651877133105802,7.035833333333333,65.9925,False,True,True
reddit_1kozgom_msu0brq,majority_remove,sample_high_toxicity,153.0,30.0,2.0,15.0,0.026143790849673203,6.747758620689655,72.51060344827589,False,True,True
reddit_1kp0psp_msv921k,majority_remove,sample_high_toxicity,104.0,21.0,3.0,7.0,0.057692307692307696,2.4063157894736875,89.09087719298246,False,False,True
reddit_1kp4a6b_msvk9fe,unanimous_remove,sample_high_toxicity,189.0,40.0,3.0,13.333333333333334,0.031746031746031744,5.478888888888889,77.15500000000002,True,True,True
reddit_1kp5lm5_msw4qcq,majority_remove,sample_high_toxicity,107.0,20.0,3.0,6.666666666666667,0.04672897196261682,5.761111111111113,64.44500000000002,False,True,True
reddit_1kp8lpn_msw57ks,majority_keep,sample_high_toxicity,154.0,32.0,2.0,16.0,0.032467532467532464,4.538870967741939,90.12830645161293,False,True,True
reddit_1kpermm_msysx4o,majority_remove,sample_high_toxicity,137.0,27.0,5.0,5.4,0.06569343065693431,3.737307692307695,79.84519230769233,False,True,True
reddit_1kpgf6p_msy66uq,majority_keep,sample_high_toxicity,184.0,33.0,3.0,11.0,0.021739130434782608,4.075757575757578,85.4336363636364,False,True,True
reddit_1kpgf6p_mszxhm8,majority_remove,sample_high_toxicity,145.0,28.0,1.0,28.0,0.0,10.922857142857143,66.62214285714289,False,False,True
reddit_1kpmzrc_mszvn5s,unanimous_remove,sample_high_toxicity,71.0,12.0,3.0,4.0,0.056338028169014086,1.7033333333333331,89.97500000000002,False,True,True
reddit_1kpmzrc_mt0paez,unanimous_keep,sample_high_toxicity,100.0,18.0,3.0,6.0,0.05,2.9977777777777774,89.60000000000004,False,False,True
reddit_1kpmzrc_mt1p5wd,majority_keep,sample_high_toxicity,100.0,18.0,3.0,6.0,0.04,3.278823529411767,81.64803921568628,False,True,True
reddit_1kpvbpj_mt0v0r7,unanimous_remove,sample_high_toxicity,86.0,14.0,3.0,4.666666666666667,0.03488372093023256,3.9300000000000033,75.19833333333334,False,True,True
reddit_1kpxd21_mt2b10m,majority_remove,sample_high_toxicity,262.0,54.0,3.0,18.0,0.026717557251908396,7.2360784313725475,73.46235294117649,False,False,True
reddit_1kq2ikt_mt2o2pm,majority_keep,sample_high_toxicity,86.0,16.0,1.0,16.0,0.0,7.612500000000001,68.9825,False,True,True
reddit_1kqe3w8_mt4y0rw,majority_remove,sample_high_toxicity,137.0,32.0,1.0,32.0,0.014598540145985401,9.483333333333334,80.50500000000002,False,False,True
reddit_1kqpl00_mt7bz9h,majority_remove,sample_high_toxicity,62.0,13.0,1.0,13.0,0.0,5.818461538461541,76.50153846153849,False,True,True
reddit_1kr256c_mtae30b,majority_keep,sample_high_toxicity,299.0,52.0,5.0,10.4,0.043478260869565216,5.464754716981133,74.76279245283023,False,True,True
reddit_1kr256c_mtbzcaj,majority_remove,sample_high_toxicity,138.0,22.0,2.0,11.0,0.050724637681159424,10.981190476190477,35.0346428571429,False,True,True
reddit_1kr2bpy_mtaf2mv,majority_remove,sample_high_toxicity,208.0,39.0,3.0,13.0,0.028846153846153848,4.91076923076923,83.0092307692308,False,True,True
reddit_1kr4vzz_mtcdeud,majority_remove,sample_high_toxicity,285.0,58.0,3.0,19.333333333333332,0.017543859649122806,7.550000000000001,76.55500000000004,False,True,True
reddit_1kr6c12_mtbjtw5,majority_remove,sample_high_toxicity,161.0,32.0,1.0,32.0,0.024844720496894408,11.725806451612904,66.20870967741936,False,True,True
reddit_1kr82xj_mtc3byy,majority_remove,sample_high_toxicity,76.0,16.0,1.0,16.0,0.07894736842105263,4.420000000000002,90.09000000000002,False,False,True
reddit_1kr82xj_mtcmm3d,unanimous_remove,sample_high_toxicity,129.0,21.0,2.0,10.5,0.015503875968992248,9.29547619047619,47.12035714285716,False,True,True
reddit_1kr82xj_mtcnus7,unanimous_remove,sample_high_toxicity,257.0,44.0,1.0,44.0,0.011673151750972763,20.610909090909093,25.66136363636366,False,True,True
reddit_1kr91iq_mtbm1p2,majority_keep,sample_high_toxicity,124.0,26.0,2.0,13.0,0.04032258064516129,3.84,88.905,False,True,True
reddit_1kr91iq_mtbtdth,majority_keep,sample_high_toxicity,55.0,9.0,1.0,9.0,0.01818181818181818,8.89777777777778,47.30000000000004,False,True,True
reddit_1kr91iq_mtvd2fh,unanimous_remove,sample_high_toxicity,78.0,14.0,2.0,7.0,0.038461538461538464,4.840000000000003,72.83000000000003,False,False,True
reddit_1krctyl_mtcn5zl,majority_remove,sample_high_toxicity,93.0,17.0,2.0,8.5,0.021505376344086023,3.6897058823529427,83.74867647058825,False,True,True
reddit_1krctyl_mtcrgi2,unanimous_remove,sample_high_toxicity,91.0,14.0,2.0,7.0,0.02197802197802198,6.525714285714287,60.74428571428575,False,True,True
reddit_1krctyl_mtdgvtg,majority_remove,sample_high_toxicity,25.0,4.0,1.0,4.0,0.0,3.6700000000000017,75.87500000000001,False,True,True
reddit_1krenw1_mtcyejg,majority_keep,sample_high_toxicity,29.0,6.0,1.0,6.0,0.0,2.4833333333333343,87.94500000000002,False,True,False
reddit_1krggew_mtesu18,majority_remove,sample_high_toxicity,53.0,11.0,1.0,11.0,0.07547169811320754,2.342222222222226,94.30000000000001,False,True,True
reddit_1krgnqw_mtdmxoj,majority_keep,sample_high_toxicity,69.0,13.0,1.0,13.0,0.028985507246376812,5.818461538461541,76.50153846153849,False,True,True
reddit_1krncfs_mthsjmt,unanimous_remove,sample_high_toxicity,126.0,25.0,2.0,12.5,0.031746031746031744,3.84,88.905,False,True,True
reddit_1krncfs_mtlhica,majority_keep,sample_high_toxicity,157.0,27.0,2.0,13.5,0.07006369426751592,5.818461538461541,76.50153846153849,False,True,True
reddit_1krvdml_mti6yfp,unanimous_remove,sample_high_toxicity,47.0,8.0,1.0,8.0,0.02127659574468085,5.230000000000004,71.81500000000001,False,True,True
reddit_1krvkpk_mtic6mx,unanimous_keep,sample_high_toxicity,142.0,23.0,2.0,11.5,0.02112676056338028,9.081818181818182,49.54272727272729,False,True,True
reddit_1krwr67_mthcm3v,majority_remove,sample_high_toxicity,255.0,44.0,3.0,14.666666666666666,0.03529411764705882,7.850952380952382,63.71071428571429,False,True,True
reddit_1krzun3_mtiiq8o,majority_remove,sample_high_toxicity,13.0,3.0,1.0,3.0,0.07692307692307693,-2.619999999999999,119.19000000000003,False,True,True
reddit_1ks0a0d_mtjtgqi,majority_remove,sample_high_toxicity,151.0,29.0,2.0,14.5,0.052980132450331126,5.527068965517241,81.26232758620691,False,True,True
reddit_1ks874b_mtjis94,majority_remove,sample_high_toxicity,38.0,8.0,1.0,8.0,0.02631578947368421,2.3114285714285714,90.95857142857145,False,False,False
reddit_1ksao9m_mtl1mlp,majority_remove,sample_high_toxicity,25.0,4.0,1.0,4.0,0.0,6.620000000000001,54.72500000000002,True,True,True
reddit_1ksecvh_mtlaw7n,majority_remove,sample_high_toxicity,250.0,45.0,1.0,45.0,0.028,18.19395348837209,41.2086046511628,False,True,True
reddit_1ksjaqd_mtlyi08,unanimous_keep,sample_high_toxicity,145.0,26.0,1.0,26.0,0.027586206896551724,11.152000000000001,59.636000000000024,False,False,True
reddit_1ksmur4_mtnigsy,unanimous_remove,sample_high_toxicity,123.0,24.0,3.0,8.0,0.024390243902439025,3.2633333333333354,85.91500000000002,False,True,True
reddit_1ksnt46_mtn7m36,majority_remove,sample_high_toxicity,174.0,30.0,1.0,30.0,0.005747126436781609,13.023333333333337,55.12500000000003,False,True,True
reddit_1ksnzb8_mtnhi49,majority_keep,sample_high_toxicity,124.0,22.0,1.0,22.0,0.016129032258064516,11.142857142857142,52.57714285714289,False,True,True
reddit_1kspe1b_mtnc080,majority_remove,sample_high_toxicity,148.0,30.0,2.0,15.0,0.013513513513513514,4.306379310344827,90.01405172413794,False,True,True
reddit_1kspe1b_mtpfbe5,majority_remove,sample_high_toxicity,69.0,13.0,1.0,13.0,0.0,7.633846153846157,63.486153846153854,False,True,True
reddit_1kspe1b_mtqchpk,majority_keep,sample_high_toxicity,133.0,28.0,2.0,14.0,0.015037593984962405,5.041428571428572,83.85357142857143,True,True,True
reddit_1ksrvka_mtq8044,unanimous_keep,sample_high_toxicity,267.0,48.0,3.0,16.0,0.018726591760299626,7.666,69.78633333333336,False,True,True
reddit_1ksthon_mtqmivi,majority_keep,sample_high_toxicity,289.0,51.0,3.0,17.0,0.02768166089965398,8.841666666666672,60.16999999999999,False,True,True
reddit_1ksy3bs_mtqyap7,majority_remove,sample_high_toxicity,93.0,19.0,3.0,6.333333333333333,0.043010752688172046,1.8277777777777793,92.64500000000002,False,True,True
reddit_1ksy3bs_mttjace,majority_remove,sample_high_toxicity,124.0,20.0,2.0,10.0,0.016129032258064516,8.370000000000001,52.86500000000001,False,True,True
reddit_1ksydgu_mtp9msm,majority_remove,sample_high_toxicity,112.0,17.0,2.0,8.5,0.017857142857142856,10.630882352941178,33.98397058823531,False,True,True
reddit_1kszj2q_mtpo6vj,majority_keep,sample_high_toxicity,111.0,22.0,2.0,11.0,0.018018018018018018,3.1818181818181834,91.84272727272729,False,False,True
reddit_1kt6p36_mtswsp7,majority_remove,sample_high_toxicity,268.0,46.0,4.0,11.5,0.026119402985074626,8.66046511627907,58.5006201550388,False,True,True
reddit_1kt8kyk_mtsnl5i,unanimous_remove,sample_high_toxicity,88.0,15.0,1.0,15.0,0.03409090909090909,8.412857142857145,59.68214285714288,False,True,True
reddit_1kthr9g_mtvqesi,majority_keep,sample_high_toxicity,74.0,16.0,1.0,16.0,0.013513513513513514,2.4499999999999993,105.995,False,True,True
reddit_1ktjhl8_mtufvql,majority_remove,sample_high_toxicity,117.0,22.0,3.0,7.333333333333333,0.042735042735042736,2.3114285714285714,90.95857142857145,False,False,True
reddit_1ktjhl8_mtw3iir,unanimous_keep,sample_high_toxicity,53.0,10.0,1.0,10.0,0.03773584905660377,2.342222222222226,94.30000000000001,False,False,True
reddit_1ktjhl8_mtw8g2p,majority_keep,sample_high_toxicity,69.0,13.0,1.0,13.0,0.043478260869565216,6.790000000000003,67.75500000000001,False,True,True
reddit_1ktm5vi_mtwxkwf,unanimous_remove,sample_high_toxicity,86.0,18.0,2.0,9.0,0.046511627906976744,1.6073529411764724,98.67808823529413,False,True,True
reddit_1ktpom5_mtxg7px,unanimous_remove,sample_high_toxicity,27.0,5.0,1.0,5.0,0.0,0.5199999999999996,100.24000000000002,False,True,True
reddit_1ktr626_mtvwoe4,majority_keep,sample_high_toxicity,293.0,53.0,4.0,13.25,0.027303754266211604,6.4992307692307705,71.62076923076926,False,False,True
reddit_1ktrw7u_mtwpptb,majority_remove,sample_high_toxicity,71.0,14.0,1.0,14.0,0.056338028169014086,4.19857142857143,89.89642857142859,False,True,True
reddit_1ktuzvj_mty41j0,unanimous_remove,sample_high_toxicity,46.0,8.0,1.0,8.0,0.043478260869565216,5.230000000000004,71.81500000000001,False,True,True
reddit_1ktwzfn_mtxjm0l,majority_remove,sample_high_toxicity,185.0,28.0,3.0,9.333333333333334,0.02702702702702703,9.542857142857144,43.26880952380955,False,True,True
reddit_1ktzjih_mty0omi,majority_remove,sample_high_toxicity,46.0,11.0,1.0,11.0,0.06521739130434782,3.650000000000002,86.70500000000001,False,True,True
reddit_1ktzjih_mu9569m,majority_remove,sample_high_toxicity,79.0,13.0,2.0,6.5,0.06329113924050633,2.375769230769233,89.6067307692308,False,True,True
reddit_1ku2tfb_mtyxan5,majority_keep,sample_high_toxicity,48.0,7.0,1.0,7.0,0.041666666666666664,15.797142857142859,-5.727142857142809,False,True,True
reddit_1ku5bsi_mu07mz0,unanimous_remove,sample_high_toxicity,142.0,28.0,4.0,7.0,0.04225352112676056,1.9219230769230755,92.86057692307695,False,True,True
reddit_1kubmyy_mu0ffzi,majority_remove,sample_high_toxicity,56.0,10.0,1.0,10.0,0.0,7.190000000000001,61.32500000000002,False,True,True
reddit_1kuqyux_mu3r8wr,majority_remove,sample_high_toxicity,80.0,16.0,2.0,8.0,0.0375,5.993333333333336,78.81000000000003,False,True,True
reddit_1kv6w8n_mumrkdj,majority_keep,sample_high_toxicity,185.0,34.0,1.0,34.0,0.005405405405405406,14.675882352941176,50.40147058823533,False,True,True
reddit_1kv9g6t_mucd99u,majority_remove,sample_high_toxicity,274.0,49.0,4.0,12.25,0.021897810218978103,6.851521739130437,66.42336956521743,False,True,True
reddit_1kvfzip_muasnko,majority_keep,sample_high_toxicity,129.0,22.0,2.0,11.0,0.015503875968992248,5.863636363636363,72.61545454545457,False,True,True
reddit_1kvhzkx_mu9y0tt,majority_keep,sample_high_toxicity,220.0,40.0,2.0,20.0,0.022727272727272728,12.004210526315791,42.83947368421056,False,False,True
reddit_1kvk5na_mubv20m,majority_keep,sample_high_toxicity,86.0,18.0,1.0,18.0,0.023255813953488372,5.483157894736845,89.5921052631579,False,True,True
reddit_1kwc0b8_muhma0e,majority_remove,sample_high_toxicity,78.0,17.0,2.0,8.5,0.0641025641025641,-0.07833333333333137,108.9825,False,True,True
reddit_1kwjws0_mui9c5p,majority_remove,sample_high_toxicity,280.0,53.0,5.0,10.6,0.025,5.712153846153846,72.63284615384616,False,True,True
reddit_1kwl270_muiq2wv,majority_remove,sample_high_toxicity,176.0,33.0,2.0,16.5,0.03409090909090909,8.008636363636366,67.03295454545456,False,True,True
reddit_1kwqre2_mum12c6,majority_keep,sample_high_toxicity,79.0,15.0,2.0,7.5,0.05063291139240506,3.283461538461541,83.09903846153848,False,False,True
reddit_1kwrc53_mujws7h,majority_keep,sample_high_toxicity,168.0,33.0,2.0,16.5,0.011904761904761904,6.506250000000001,76.91375000000001,False,True,True
reddit_1kwrc53_muljhyp,unanimous_remove,sample_high_toxicity,78.0,12.0,3.0,4.0,0.05128205128205128,7.294545454545457,49.29515151515153,False,False,True
reddit_1kwrc53_muootri,majority_remove,sample_high_toxicity,183.0,37.0,2.0,18.5,0.0273224043715847,7.754999999999999,70.63250000000004,False,True,True
reddit_1kwzgin_musbv9y,majority_keep,sample_high_toxicity,144.0,23.0,2.0,11.5,0.020833333333333332,10.981190476190477,35.0346428571429,False,True,True
reddit_1kxdabt_muomvwh,unanimous_remove,sample_high_toxicity,178.0,35.0,3.0,11.666666666666666,0.028089887640449437,4.794705882352943,80.87284313725492,False,True,True
reddit_1kxdqqn_murpuxp,majority_remove,sample_high_toxicity,102.0,22.0,2.0,11.0,0.0392156862745098,8.588421052631581,67.32894736842107,False,True,True
reddit_1kxe63y_mup5l26,majority_keep,sample_high_toxicity,156.0,30.0,4.0,7.5,0.02564102564102564,3.4616666666666696,83.6025,False,True,True
reddit_1kxhi98_mupwkno,majority_keep,sample_high_toxicity,110.0,20.0,2.0,10.0,0.045454545454545456,3.0599999999999987,90.935,False,True,True
reddit_1kxhi98_muq420c,majority_keep,sample_high_toxicity,285.0,44.0,6.0,7.333333333333333,0.021052631578947368,7.522139534883724,56.45018604651162,False,True,True
reddit_1kxhjol_mupe0ei,unanimous_remove,sample_high_toxicity,31.0,7.0,1.0,7.0,0.0,-1.0599999999999987,115.13000000000002,False,True,False
reddit_1kxhjol_muq5ug7,majority_keep,sample_high_toxicity,96.0,18.0,2.0,9.0,0.020833333333333332,2.9977777777777774,89.60000000000004,False,True,True
reddit_1kxjv91_muq3s0s,unanimous_keep,sample_high_toxicity,194.0,36.0,3.0,12.0,0.030927835051546393,7.818888888888889,71.06500000000001,False,True,True
reddit_1kxmwug_muqtuua,majority_remove,sample_high_toxicity,145.0,25.0,1.0,25.0,0.041379310344827586,10.978333333333332,59.10000000000004,False,True,True
reddit_1ky63uj_muxx8t5,unanimous_keep,sample_high_toxicity,176.0,33.0,4.0,8.25,0.03977272727272727,3.038951612903226,87.07842741935485,True,True,True
reddit_1kybr30_muwm8oy,majority_keep,sample_high_toxicity,130.0,23.0,3.0,7.666666666666667,0.023076923076923078,5.356521739130439,70.31420289855075,False,True,True
reddit_1kyhh4p_mv0g3dg,majority_keep,sample_high_toxicity,128.0,25.0,1.0,25.0,0.0234375,10.978333333333332,59.10000000000004,False,False,True
reddit_1kyiyst_muydlmh,majority_remove,sample_high_toxicity,66.0,13.0,2.0,6.5,0.030303030303030304,2.375769230769233,89.6067307692308,False,True,True
reddit_1kyiz6m_muxs55t,majority_keep,sample_high_toxicity,212.0,41.0,1.0,41.0,0.0330188679245283,15.941463414634146,53.79560975609759,False,True,True
reddit_1kylm33_muycd2s,unanimous_keep,sample_high_toxicity,228.0,42.0,2.0,21.0,0.02631578947368421,10.824512195121955,53.968963414634146,False,True,True
reddit_1kyojif_mv0wzlq,unanimous_remove,sample_high_toxicity,274.0,50.0,3.0,16.666666666666668,0.014598540145985401,6.486000000000004,78.24633333333335,False,True,True
reddit_1kyosf3_muzfu6y,unanimous_remove,sample_high_toxicity,165.0,30.0,2.0,15.0,0.030303030303030304,6.305714285714288,74.78928571428573,False,True,True
reddit_1kz0hj9_mv1qmsm,majority_keep,sample_high_toxicity,192.0,39.0,4.0,9.75,0.026041666666666668,3.0202631578947354,90.32934210526317,False,True,True
reddit_1kz175l_mv20sdn,majority_keep,sample_high_toxicity,225.0,44.0,5.0,8.8,0.02666666666666667,3.664727272727273,84.46209090909095,False,True,True
reddit_1kz1pw8_mv206st,majority_remove,sample_high_toxicity,177.0,36.0,4.0,9.0,0.022598870056497175,3.3255555555555567,87.25000000000003,False,True,True
reddit_1kz1sh2_mv6eq8l,majority_keep,sample_high_toxicity,243.0,44.0,3.0,14.666666666666666,0.0205761316872428,6.739534883720932,72.2727131782946,False,True,True
reddit_1kz5s0r_mv6dhqc,majority_remove,sample_high_toxicity,45.0,9.0,1.0,9.0,0.0,1.0311111111111124,103.70000000000002,False,True,True
reddit_1kze0f3_mv4slqa,unanimous_remove,sample_high_toxicity,205.0,41.0,4.0,10.25,0.03414634146341464,3.4211046511627927,89.68188953488374,False,True,True
reddit_1kze0f3_mvcu6hf,majority_keep,sample_high_toxicity,139.0,23.0,3.0,7.666666666666667,0.02877697841726619,6.382608695652177,62.957681159420304,False,True,True
reddit_1kzjrzz_mv6diq4,majority_remove,sample_high_toxicity,49.0,9.0,1.0,9.0,0.02040816326530612,3.653333333333336,84.90000000000003,False,True,True
reddit_1kzuv1w_mvb8ymj,unanimous_keep,sample_high_toxicity,130.0,28.0,1.0,28.0,0.038461538461538464,9.736,69.78800000000001,False,True,True
reddit_1l09l1b_mvckpyk,majority_keep,sample_high_toxicity,196.0,36.0,3.0,12.0,0.030612244897959183,6.491428571428575,69.30190476190477,False,True,True
reddit_1l0vp16_mvnvy67,majority_keep,sample_high_toxicity,112.0,22.0,2.0,11.0,0.017857142857142856,4.790909090909089,80.30636363636367,False,True,True
reddit_1l0w8ik_mvgjmtx,majority_keep,sample_high_toxicity,80.0,14.0,2.0,7.0,0.05,6.727142857142859,71.76785714285715,False,True,True
reddit_1l0z2b8_mvip3t1,unanimous_keep,sample_high_toxicity,128.0,23.0,2.0,11.5,0.046875,6.48595238095238,67.2632142857143,False,True,True
reddit_1l0z2b8_mvjla39,majority_keep,sample_high_toxicity,222.0,41.0,2.0,20.5,0.018018018018018018,8.80987804878049,68.41286585365856,False,True,True
reddit_1l0z9lm_mvid43d,majority_keep,sample_high_toxicity,156.0,31.0,4.0,7.75,0.03205128205128205,3.8550000000000004,80.78250000000001,False,True,True
reddit_1l13og2_mvm3cwj,majority_keep,sample_high_toxicity,47.0,9.0,1.0,9.0,0.02127659574468085,3.653333333333336,84.90000000000003,True,True,True
reddit_1l1e80m_mvlbds4,majority_keep,sample_high_toxicity,156.0,26.0,2.0,13.0,0.01282051282051282,7.570000000000004,65.72500000000001,False,True,True
reddit_1l1l5qf_mvopl57,majority_remove,sample_high_toxicity,103.0,19.0,2.0,9.5,0.019417475728155338,5.504473684210527,72.51881578947369,False,False,True
reddit_1l1roga_mvnkr97,majority_keep,sample_high_toxicity,160.0,27.0,2.0,13.5,0.0125,9.778703703703705,48.999166666666696,False,True,True
reddit_1l1z4jm_mvpr1tg,majority_remove,sample_high_toxicity,108.0,20.0,3.0,6.666666666666667,0.05555555555555555,4.890526315789476,71.28035087719297,False,True,True
reddit_1l29vo2_mvrlh0x,majority_keep,sample_high_toxicity,98.0,16.0,2.0,8.0,0.04081632653061224,7.442500000000003,55.952500000000015,False,True,True
reddit_1l2d4kp_mvve3up,majority_keep,sample_high_toxicity,171.0,34.0,2.0,17.0,0.029239766081871343,4.919516129032257,87.39927419354841,False,True,True
reddit_1l2fhnt_mvtivak,majority_keep,sample_high_toxicity,200.0,39.0,2.0,19.5,0.025,6.933108108108112,78.30614864864866,False,True,True
reddit_1l2ndoc_mvxx1f3,majority_remove,sample_high_toxicity,75.0,17.0,2.0,8.5,0.06666666666666667,-0.8649999999999984,114.6225,False,False,True
reddit_1l2o4z4_mvxplbw,majority_keep,sample_high_toxicity,86.0,15.0,1.0,15.0,0.011627906976744186,9.140000000000004,56.25000000000003,True,True,True
reddit_1l2qje1_mvye3dh,majority_remove,sample_high_toxicity,67.0,12.0,1.0,12.0,0.014925373134328358,4.823333333333334,81.85500000000002,False,True,True
reddit_1l35vij_mvynl2l,majority_keep,sample_high_toxicity,181.0,32.0,3.0,10.666666666666666,0.027624309392265192,6.710967741935487,65.35311827956991,False,True,True
reddit_1l35vij_mw12317,majority_keep,sample_high_toxicity,122.0,23.0,3.0,7.666666666666667,0.03278688524590164,3.8972727272727283,80.18257575757578,False,False,True
reddit_1l3df7r_mw02wym,majority_remove,sample_high_toxicity,186.0,33.0,2.0,16.5,0.043010752688172046,9.081363636363637,59.342045454545485,False,True,True
reddit_1l3ey8b_mw25thg,unanimous_keep,sample_high_toxicity,277.0,48.0,3.0,16.0,0.02888086642599278,8.596595744680851,61.33333333333334,True,True,True
reddit_1l3fqcb_mw34xff,majority_keep,sample_high_toxicity,172.0,30.0,2.0,15.0,0.023255813953488372,7.960000000000004,64.71000000000002,False,True,False
reddit_1l3yavl_mw5gmvg,majority_keep,sample_high_toxicity,253.0,44.0,5.0,8.8,0.03162055335968379,5.947904761904763,67.38042857142858,False,True,True
reddit_1l3yavl_mw5u1nu,majority_remove,sample_high_toxicity,141.0,26.0,2.0,13.0,0.03546099290780142,8.756666666666668,53.655,True,True,True
reddit_1l41df6_mw91wnw,majority_remove,sample_high_toxicity,166.0,29.0,4.0,7.25,0.060240963855421686,5.682857142857145,66.7871428571429,False,True,True
reddit_1l427gq_mw8tvq2,majority_keep,sample_high_toxicity,228.0,42.0,5.0,8.4,0.03070175438596491,4.698153846153847,75.27184615384617,False,True,True
reddit_1l44grv_mwaojjo,majority_remove,sample_high_toxicity,208.0,37.0,2.0,18.5,0.03365384615384615,17.799411764705884,28.007352941176492,False,True,True
reddit_1l44r75_mw6w0a8,majority_remove,sample_high_toxicity,124.0,21.0,2.0,10.5,0.04032258064516129,6.48595238095238,67.2632142857143,False,True,True
reddit_1l44r75_mw7l726,majority_remove,sample_high_toxicity,85.0,15.0,2.0,7.5,0.023529411764705882,3.997142857142858,78.87285714285717,False,False,True
reddit_1l45bof_mw6h05z,majority_remove,sample_high_toxicity,103.0,21.0,1.0,21.0,0.009708737864077669,8.140000000000004,72.32500000000003,False,True,True
reddit_1l47l5u_mw6tvoi,majority_keep,sample_high_toxicity,138.0,23.0,2.0,11.5,0.028985507246376812,9.29547619047619,47.12035714285716,False,True,True
reddit_1l489cq_mw6yxsn,majority_remove,sample_high_toxicity,44.0,9.0,1.0,9.0,0.022727272727272728,3.653333333333336,84.90000000000003,False,False,True
reddit_1l4ary7_mw84ie3,majority_keep,sample_high_toxicity,216.0,40.0,4.0,10.0,0.046296296296296294,7.25888888888889,59.05000000000004,False,True,True
reddit_1l4b2as_mw889er,majority_remove,sample_high_toxicity,225.0,42.0,3.0,14.0,0.022222222222222223,5.857073170731713,77.41211382113822,False,True,True
reddit_1l4bw8p_mw7qjk6,unanimous_keep,sample_high_toxicity,190.0,42.0,4.0,10.5,0.05263157894736842,2.295675675675678,100.57072072072073,False,True,True
reddit_1l4c1gs_mw80gk7,majority_keep,sample_high_toxicity,64.0,11.0,1.0,11.0,0.015625,6.936363636363637,64.9245454545455,False,True,True
reddit_1l4cgw6_mw8644d,majority_remove,sample_high_toxicity,69.0,11.0,1.0,11.0,0.014492753623188406,9.081818181818182,49.54272727272729,False,True,True
reddit_1l4elhs_mw8e7rb,majority_keep,sample_high_toxicity,119.0,22.0,2.0,11.0,0.025210084033613446,3.1818181818181834,91.84272727272729,False,True,True
reddit_1l4m5l4_mwb0jov,majority_remove,sample_high_toxicity,201.0,38.0,5.0,7.6,0.03980099502487562,4.517621621621622,75.85372972972975,False,True,True
reddit_1l4uuac_mxnhu9w,unanimous_remove,sample_high_toxicity,32.0,7.0,1.0,7.0,0.0,2.3114285714285714,90.95857142857145,False,False,True
reddit_1l4xvti_mwdbcuu,majority_keep,sample_high_toxicity,108.0,21.0,2.0,10.5,0.037037037037037035,4.240000000000002,82.47500000000001,False,True,True
reddit_1l4xvti_mwdg9tp,majority_keep,sample_high_toxicity,67.0,12.0,1.0,12.0,0.014925373134328358,6.790000000000003,67.75500000000001,False,False,False
reddit_1l4yhv7_mwcqd5t,majority_keep,sample_high_toxicity,75.0,15.0,2.0,7.5,0.04,5.682857142857145,66.7871428571429,False,False,True
reddit_1l50ui0_mwdbf03,majority_remove,sample_high_toxicity,167.0,35.0,2.0,17.5,0.041916167664670656,11.22545454545455,73.35818181818182,False,True,True
reddit_1l5krue_mwk22sw,majority_remove,sample_high_toxicity,34.0,5.0,1.0,5.0,0.029411764705882353,7.600000000000001,49.48000000000002,False,False,True
reddit_1l5qzp8_mwjjeiu,unanimous_remove,sample_high_toxicity,47.0,9.0,2.0,4.5,0.06382978723404255,2.1950000000000003,86.45000000000002,False,True,True
reddit_1l5vi3g_mwmc7fm,unanimous_remove,sample_high_toxicity,54.0,10.0,2.0,5.0,0.05555555555555555,4.520555555555557,70.66750000000002,False,False,True
reddit_1l5x8n5_mwl8rjq,unanimous_keep,sample_high_toxicity,8.0,2.0,1.0,2.0,0.125,-3.01,120.20500000000001,False,False,False
reddit_1l5y6fx_mwl7dlh,majority_keep,sample_high_toxicity,60.0,11.0,1.0,11.0,0.0,5.863636363636363,72.61545454545457,False,True,True
reddit_1l5y6fx_mwlwm45,majority_keep,sample_high_toxicity,193.0,41.0,6.0,6.833333333333333,0.07253886010362694,2.23764705882353,89.11274509803924,False,True,True
reddit_1l5yq6s_mwlq5er,unanimous_keep,sample_high_toxicity,246.0,43.0,2.0,21.5,0.032520325203252036,10.861904761904764,54.591428571428594,False,True,True
reddit_1l6486p_mwocibk,majority_keep,sample_high_toxicity,152.0,28.0,4.0,7.0,0.03289473684210526,2.3114285714285714,90.95857142857145,False,True,True
reddit_1l6bawz_mwww1sd,majority_keep,sample_high_toxicity,105.0,18.0,2.0,9.0,0.02857142857142857,5.6200000000000045,70.80000000000003,False,False,True
reddit_1l6g0yr_mwoztq7,majority_keep,sample_high_toxicity,281.0,53.0,6.0,8.833333333333334,0.042704626334519574,6.043723404255321,65.6841666666667,False,True,True
reddit_1l6j2st_mwpccw0,majority_keep,sample_high_toxicity,131.0,23.0,2.0,11.5,0.022900763358778626,5.825434782608696,73.77989130434786,False,True,False
reddit_1l6j2st_mwph4x0,majority_keep,sample_high_toxicity,151.0,26.0,2.0,13.0,0.019867549668874173,7.693000000000001,62.17150000000001,False,True,True
reddit_1l6jnqp_mwpbia3,unanimous_remove,sample_high_toxicity,149.0,28.0,2.0,14.0,0.020134228187919462,6.305714285714288,74.78928571428573,False,True,True
reddit_1l6lcip_mwpvepa,majority_keep,sample_high_toxicity,77.0,13.0,1.0,13.0,0.05194805194805195,6.790000000000003,67.75500000000001,False,True,True
reddit_1l6op5v_mwqpjxm,majority_remove,sample_high_toxicity,230.0,46.0,5.0,9.2,0.030434782608695653,2.323818181818183,94.07572727272729,False,True,True
reddit_1l6qvvm_mwvvgt8,majority_remove,sample_high_toxicity,75.0,13.0,2.0,6.5,0.05333333333333334,2.4833333333333343,87.94500000000002,False,True,True
reddit_1l6sri1_mwt4jbd,majority_remove,sample_high_toxicity,58.0,10.0,2.0,5.0,0.05172413793103448,4.520555555555557,70.66750000000002,False,False,True
reddit_1l6sri1_mwx7frp,majority_keep,sample_high_toxicity,270.0,54.0,1.0,54.0,0.025925925925925925,20.37714285714286,36.242857142857176,False,True,True
reddit_1l6tjrt_mwrj28x,majority_keep,sample_high_toxicity,197.0,40.0,5.0,8.0,0.03553299492385787,1.9687368421052653,94.48415789473685,False,True,True
reddit_1l6tjrt_mwsyerc,majority_remove,sample_high_toxicity,79.0,15.0,2.0,7.5,0.02531645569620253,3.068333333333335,86.42250000000001,False,True,True
reddit_1l6xik4_mwt5gdw,majority_remove,sample_high_toxicity,102.0,18.0,1.0,18.0,0.0,7.163333333333334,75.76500000000001,False,True,True
reddit_1l6yeqx_mwu6voo,unanimous_remove,sample_high_toxicity,277.0,48.0,7.0,6.857142857142857,0.04332129963898917,3.9032919254658403,78.78239130434785,False,True,True
reddit_1l74253_mwv1kww,majority_remove,sample_high_toxicity,60.0,11.0,2.0,5.5,0.03333333333333333,0.5004545454545486,101.27068181818181,False,True,True
reddit_1l7bcd7_mwzdwht,unanimous_keep,sample_high_toxicity,156.0,32.0,4.0,8.0,0.05128205128205128,3.4616666666666696,83.6025,False,False,True
reddit_1l7c42o_mwvof6y,majority_keep,sample_high_toxicity,280.0,47.0,2.0,23.5,0.025,12.404787234042555,47.982500000000016,False,True,True
reddit_1l7cg1o_mwwab94,majority_remove,sample_high_toxicity,51.0,10.0,1.0,10.0,0.058823529411764705,2.4700000000000024,95.165,False,True,True
reddit_1l7cg1o_mx04lgf,majority_remove,sample_high_toxicity,139.0,26.0,2.0,13.0,0.02877697841726619,4.388999999999999,85.85950000000001,False,True,True
reddit_1l7cu2s_mww9spb,unanimous_remove,sample_high_toxicity,44.0,5.0,1.0,5.0,0.022727272727272728,14.68,-1.2799999999999727,False,True,True
reddit_1l7et4r_mwwqspu,majority_keep,sample_high_toxicity,297.0,53.0,5.0,10.6,0.03367003367003367,4.815450980392161,78.70552941176472,False,True,True
reddit_1l7ffo5_mwxwt0r,majority_keep,sample_high_toxicity,125.0,20.0,1.0,20.0,0.024,12.270000000000003,42.71500000000003,False,True,True
reddit_1l7fyn5_mwwdih2,majority_keep,sample_high_toxicity,135.0,31.0,1.0,31.0,0.037037037037037035,8.619230769230771,79.57576923076925,False,True,True
reddit_1l7fyn5_mwx674y,unanimous_keep,sample_high_toxicity,99.0,18.0,1.0,18.0,0.020202020202020204,10.47529411764706,50.2388235294118,False,False,False
reddit_1l7fyn5_mwxvbim,majority_keep,sample_high_toxicity,50.0,10.0,2.0,5.0,0.06,2.4700000000000024,95.165,False,True,True
reddit_1l7h1uv_mwwn2fa,unanimous_keep,sample_high_toxicity,168.0,30.0,3.0,10.0,0.02976190476190476,4.830000000000002,78.24500000000002,False,True,True
reddit_1l7kmwd_mwxlugm,majority_keep,sample_high_toxicity,122.0,22.0,3.0,7.333333333333333,0.03278688524590164,5.506363636363638,68.64621212121216,False,False,True
reddit_1l7q48a_mwyui7q,majority_remove,sample_high_toxicity,163.0,29.0,3.0,9.666666666666666,0.018404907975460124,7.71103448275862,56.99574712643681,False,True,True
reddit_1l7rii5_mwz7sym,majority_remove,sample_high_toxicity,66.0,14.0,2.0,7.0,0.045454545454545456,1.468076923076925,96.11442307692309,False,False,True
reddit_1l7uxh4_mx0f024,majority_remove,sample_high_toxicity,80.0,17.0,1.0,17.0,0.0125,4.92235294117647,90.05058823529413,False,True,True
reddit_1l7xya6_mx0cmts,unanimous_remove,sample_high_toxicity,29.0,4.0,1.0,4.0,0.0,12.52,12.425000000000011,False,True,True
reddit_1l7y8hu_mxa7ugu,majority_remove,sample_high_toxicity,76.0,13.0,2.0,6.5,0.02631578947368421,4.191153846153846,76.59134615384617,False,True,True
reddit_1l821rv_mx3mzzi,majority_remove,sample_high_toxicity,71.0,11.0,2.0,5.5,0.056338028169014086,8.009545454545457,47.434318181818185,False,True,True
reddit_1l83szj_mx1zerl,majority_remove,sample_high_toxicity,129.0,26.0,1.0,26.0,0.015503875968992248,9.503333333333334,69.67500000000004,False,True,True
reddit_1l89k64_mx3618x,majority_keep,sample_high_toxicity,101.0,19.0,2.0,9.5,0.0297029702970297,3.6897058823529427,83.74867647058825,False,True,True
reddit_1l8ae64_mx3967d,unanimous_remove,sample_high_toxicity,209.0,36.0,5.0,7.2,0.04784688995215311,6.221439393939395,65.15215909090912,False,True,True
reddit_1l8eqsg_mx63fei,majority_remove,sample_high_toxicity,159.0,29.0,1.0,29.0,0.006289308176100629,14.030344827586209,46.12413793103451,False,True,True
reddit_1l8ha5n_mx5ng9w,majority_remove,sample_high_toxicity,31.0,6.0,1.0,6.0,0.03225806451612903,4.450000000000003,73.84500000000001,False,False,True
reddit_1l8ytx1_mx8ot0s,majority_remove,sample_high_toxicity,66.0,13.0,2.0,6.5,0.07575757575757576,2.4833333333333343,87.94500000000002,False,True,True
reddit_1l8zsgk_mxbg6x2,majority_keep,sample_high_toxicity,156.0,28.0,2.0,14.0,0.038461538461538464,6.719444444444445,70.93250000000003,False,True,True
reddit_1l90581_mx8tbj1,majority_keep,sample_high_toxicity,108.0,21.0,1.0,21.0,0.018518518518518517,9.910000000000004,59.63500000000003,False,False,True
reddit_1l90e05_mx94ch3,majority_remove,sample_high_toxicity,142.0,24.0,2.0,12.0,0.02112676056338028,7.773333333333333,60.70500000000001,False,True,True
reddit_1l971n7_mxavc8y,majority_keep,sample_high_toxicity,249.0,48.0,3.0,16.0,0.01606425702811245,5.081702127659575,86.53333333333335,False,True,True
reddit_1l9kcqg_mxd9p9a,majority_keep,sample_high_toxicity,206.0,32.0,1.0,32.0,0.014563106796116505,15.532258064516128,38.91838709677421,False,True,True
reddit_1l9kcqg_mxi4sy5,majority_keep,sample_high_toxicity,147.0,25.0,2.0,12.5,0.034013605442176874,8.903695652173912,51.71032608695654,False,True,True
reddit_1l9nlap_mxfbf9g,majority_keep,sample_high_toxicity,81.0,16.0,1.0,16.0,0.06172839506172839,6.137499999999999,79.5575,False,True,True
reddit_1l9x4u6_mxg3w58,unanimous_keep,sample_high_toxicity,58.0,12.0,1.0,12.0,0.034482758620689655,3.7181818181818187,87.99727272727276,False,True,True
reddit_1la39e8_mxhzb2y,majority_keep,sample_high_toxicity,56.0,10.0,2.0,5.0,0.07142857142857142,1.8983333333333334,89.46750000000003,False,True,True
reddit_1la39e8_mxkk9zk,majority_keep,sample_high_toxicity,120.0,26.0,2.0,13.0,0.041666666666666664,6.803846153846155,92.59115384615387,False,True,True
reddit_1la5fmz_mxi08po,majority_keep,sample_high_toxicity,67.0,12.0,1.0,12.0,0.029850746268656716,4.823333333333334,81.85500000000002,False,True,True
reddit_1la5sat_mxif8c2,majority_remove,sample_high_toxicity,193.0,39.0,5.0,7.8,0.04145077720207254,3.6068888888888893,82.02700000000003,False,True,True
reddit_1ladra4_mxkks2w,majority_remove,sample_high_toxicity,101.0,19.0,1.0,19.0,0.019801980198019802,7.967368421052633,71.78157894736843,False,True,True
reddit_1lah4yw_mxlfca5,majority_remove,sample_high_toxicity,73.0,11.0,2.0,5.5,0.0273972602739726,9.08227272727273,39.7434090909091,False,True,True
reddit_1lah4yw_mxlqgqp,majority_keep,sample_high_toxicity,229.0,42.0,2.0,21.0,0.03056768558951965,9.38548780487805,64.28603658536586,False,True,True
reddit_1lak3sm_mxljydv,majority_remove,sample_high_toxicity,93.0,14.0,3.0,4.666666666666667,0.03225806451612903,4.772857142857145,69.15547619047621,False,True,True
reddit_1laoyyl_mxs5gwk,majority_remove,sample_high_toxicity,123.0,20.0,1.0,20.0,0.008130081300813009,16.04105263157895,13.897368421052647,False,True,True
reddit_1larmmc_mxufr69,majority_remove,sample_high_toxicity,215.0,42.0,3.0,14.0,0.06046511627906977,5.484864864864864,77.70585585585587,False,True,True
reddit_1lb7j2l_mxqcwtt,majority_keep,sample_high_toxicity,55.0,12.0,2.0,6.0,0.07272727272727272,2.879999999999999,83.32000000000004,True,False,False
reddit_1lbebmn_mxs2ki0,majority_remove,sample_high_toxicity,166.0,31.0,2.0,15.5,0.05421686746987952,5.680806451612906,81.94120967741938,False,True,True
reddit_1lbebmn_mxt1107,unanimous_keep,sample_high_toxicity,189.0,36.0,2.0,18.0,0.015873015873015872,8.740000000000002,62.68000000000002,False,True,True
reddit_1lbge70_mxt8whl,unanimous_keep,sample_high_toxicity,93.0,14.0,2.0,7.0,0.021505376344086023,8.211428571428574,48.65857142857146,False,True,True
reddit_1lbmpv1_my93xao,unanimous_keep,sample_high_toxicity,56.0,9.0,1.0,9.0,0.017857142857142856,8.89777777777778,47.30000000000004,False,True,False
reddit_1lbol1g_mxuoti2,majority_remove,sample_high_toxicity,27.0,5.0,3.0,1.6666666666666667,0.1111111111111111,-3.139999999999999,120.54333333333335,False,True,True
reddit_1lbu9k4_mxvg3ds,majority_remove,sample_high_toxicity,105.0,20.0,2.0,10.0,0.0380952380952381,3.641315789473687,85.87671052631579,False,True,True
reddit_1lc3k19_mxxd9rj,majority_remove,sample_high_toxicity,61.0,13.0,1.0,13.0,0.03278688524590164,2.8566666666666656,95.955,False,True,True
reddit_1lc4tz7_mxxy2z2,majority_remove,sample_high_toxicity,102.0,20.0,2.0,10.0,0.0196078431372549,2.4700000000000024,95.165,False,True,True
reddit_1lc4tz7_mxywa8h,majority_remove,sample_high_toxicity,270.0,51.0,6.0,8.5,0.03333333333333333,3.017500000000002,87.67750000000001,False,True,True
reddit_1lc6l57_my0bwfh,unanimous_keep,sample_high_toxicity,27.0,4.0,1.0,4.0,0.07407407407407407,3.6700000000000017,75.87500000000001,True,False,True
reddit_1lc6l57_my0ytub,majority_keep,sample_high_toxicity,274.0,45.0,4.0,11.25,0.021897810218978103,9.081818181818182,49.54272727272729,False,True,True
reddit_1lccvte_mxzu29w,unanimous_keep,sample_high_toxicity,93.0,17.0,2.0,8.5,0.021505376344086023,5.077941176470592,73.79573529411766,False,False,True
reddit_1lccvte_my22llo,unanimous_keep,sample_high_toxicity,102.0,20.0,1.0,20.0,0.0196078431372549,7.818888888888889,71.06500000000001,False,True,True
reddit_1lcovdy_my2cglp,majority_remove,sample_high_toxicity,123.0,26.0,4.0,6.5,0.07317073170731707,0.025000000000000355,105.57000000000001,False,True,True
reddit_1lcovdy_my3561g,majority_remove,sample_high_toxicity,49.0,11.0,1.0,11.0,0.04081632653061224,3.7181818181818187,87.99727272727276,False,True,True
reddit_1lcqi6x_myakrzf,unanimous_remove,sample_high_toxicity,88.0,16.0,2.0,8.0,0.022727272727272728,5.230000000000004,71.81500000000001,False,False,True
reddit_1lcw1or_my5zj61,majority_remove,sample_high_toxicity,57.0,11.0,1.0,11.0,0.017543859649122806,7.58666666666667,56.70000000000002,False,True,True
reddit_1lcw71b_my3stt6,majority_keep,sample_high_toxicity,161.0,28.0,2.0,14.0,0.024844720496894408,8.030555555555559,61.53250000000003,False,True,True
reddit_1ld25h9_my5nlaf,unanimous_keep,sample_high_toxicity,13.0,3.0,1.0,3.0,0.07692307692307693,-2.619999999999999,119.19000000000003,False,False,True
reddit_1ld36t6_my57phr,majority_keep,sample_high_toxicity,238.0,40.0,2.0,20.0,0.046218487394957986,12.99256756756757,34.86290540540543,False,True,True
reddit_1ld36t6_my5zoeb,unanimous_keep,sample_high_toxicity,47.0,10.0,1.0,10.0,0.02127659574468085,3.650000000000002,86.70500000000001,False,True,True
reddit_1ld6xmh_my61je7,unanimous_keep,sample_high_toxicity,157.0,25.0,2.0,12.5,0.01910828025477707,7.221,65.55550000000002,False,True,True
reddit_1ldcmx4_myb5e6t,majority_keep,sample_high_toxicity,271.0,47.0,4.0,11.75,0.04059040590405904,7.415277777777778,61.93625000000003,False,True,True
reddit_1ldfp3f_my9la2q,unanimous_remove,sample_high_toxicity,294.0,50.0,1.0,50.0,0.013605442176870748,20.858775510204087,32.789795918367375,False,True,True
reddit_1ldsaaf_myb6jib,unanimous_remove,sample_high_toxicity,23.0,3.0,1.0,3.0,0.0,13.113333333333333,6.390000000000015,False,True,True
reddit_1ldv50r_mybaffg,majority_remove,sample_high_toxicity,92.0,18.0,1.0,18.0,0.043478260869565216,6.8750000000000036,74.27000000000001,False,True,True
reddit_1ldv50r_mychu6v,unanimous_remove,sample_high_toxicity,68.0,10.0,1.0,10.0,0.014705882352941176,11.91,27.485000000000014,False,True,True
reddit_1ldv50r_mydfs2z,majority_remove,sample_high_toxicity,93.0,15.0,1.0,15.0,0.03225806451612903,9.140000000000004,56.25000000000003,False,True,True
reddit_1le53mq_myfenvc,majority_remove,sample_high_toxicity,239.0,45.0,5.0,9.0,0.03347280334728033,3.653333333333336,84.90000000000003,False,True,True
reddit_1le8acl_myel7tl,majority_remove,sample_high_toxicity,146.0,30.0,2.0,15.0,0.02054794520547945,5.527068965517241,81.26232758620691,False,True,True
reddit_1le9b7h_myew0mj,majority_remove,sample_high_toxicity,133.0,23.0,1.0,23.0,0.03007518796992481,11.142857142857142,52.57714285714289,False,True,True
reddit_1leau17_myeyt0t,unanimous_keep,sample_high_toxicity,108.0,20.0,1.0,20.0,0.027777777777777776,8.73,68.09500000000004,False,True,True
reddit_1leau17_myjmash,majority_keep,sample_high_toxicity,101.0,17.0,1.0,17.0,0.0,11.169411764705881,45.26235294117649,False,True,True
reddit_1ledflx_myffytq,unanimous_keep,sample_high_toxicity,137.0,26.0,1.0,26.0,0.029197080291970802,11.342307692307696,60.05269230769234,False,True,True
reddit_1ledflx_myflb5i,majority_remove,sample_high_toxicity,48.0,9.0,1.0,9.0,0.020833333333333332,6.2755555555555596,66.10000000000002,False,True,True
reddit_1ledflx_myfnre8,majority_remove,sample_high_toxicity,181.0,34.0,2.0,17.0,0.03314917127071823,6.578333333333337,77.28750000000002,False,True,True
reddit_1lefqqw_myg1eut,majority_keep,sample_high_toxicity,158.0,28.0,3.0,9.333333333333334,0.0379746835443038,4.4857142857142875,79.5259523809524,False,True,True
reddit_1legu6v_myg9cen,majority_keep,sample_high_toxicity,200.0,36.0,2.0,18.0,0.015,8.429285714285715,65.79821428571432,False,True,True
reddit_1legu6v_mygt2si,majority_remove,sample_high_toxicity,100.0,21.0,2.0,10.5,0.04,3.0202631578947354,90.32934210526317,False,True,True
reddit_1lehy84_myiusp4,majority_remove,sample_high_toxicity,97.0,17.0,3.0,5.666666666666667,0.041237113402061855,5.665000000000003,63.94666666666669,True,True,True
reddit_1lejf7b_myhffjv,majority_keep,sample_high_toxicity,99.0,18.0,3.0,6.0,0.09090909090909091,1.8905882352941177,91.60098039215687,False,True,True
reddit_1lel8xy_mykb0o9,majority_remove,sample_high_toxicity,163.0,34.0,3.0,11.333333333333334,0.024539877300613498,5.2694117647058825,87.5623529411765,False,True,True
reddit_1lemamg_myhex7t,unanimous_keep,sample_high_toxicity,247.0,50.0,3.0,16.666666666666668,0.02834008097165992,7.592340425531916,68.53333333333333,False,False,True
reddit_1lenxv4_myhugyl,majority_keep,sample_high_toxicity,44.0,9.0,1.0,9.0,0.045454545454545456,3.653333333333336,84.90000000000003,False,False,False
reddit_1lenxv4_myhwg1c,majority_remove,sample_high_toxicity,234.0,43.0,2.0,21.5,0.02564102564102564,18.49,37.30500000000002,False,True,True
reddit_1lenyao_myl7gku,majority_keep,sample_high_toxicity,75.0,14.0,2.0,7.0,0.02666666666666667,2.3114285714285714,90.95857142857145,False,True,True
reddit_1lepsty_myi2i1q,majority_keep,sample_high_toxicity,32.0,6.0,1.0,6.0,0.0,4.450000000000003,73.84500000000001,False,True,True
reddit_1ler0ab_myiggh9,unanimous_keep,sample_high_toxicity,62.0,11.0,1.0,11.0,0.016129032258064516,6.936363636363637,64.9245454545455,True,False,False
reddit_1let2t2_myjhkwv,majority_remove,sample_high_toxicity,74.0,12.0,1.0,12.0,0.02702702702702703,12.3,26.470000000000027,False,False,True
reddit_1let2t2_myk0hxt,majority_remove,sample_high_toxicity,278.0,52.0,5.0,10.4,0.04316546762589928,3.1498333333333335,89.57850000000002,False,True,True
reddit_1let2t2_myki9oj,unanimous_remove,sample_high_toxicity,137.0,25.0,3.0,8.333333333333334,0.06569343065693431,3.2633333333333354,85.91500000000002,False,True,True
reddit_1lf1k51_mykyymd,majority_remove,sample_high_toxicity,109.0,21.0,1.0,21.0,0.01834862385321101,10.019047619047623,60.634285714285724,False,False,True
reddit_1lf1k51_myljmte,unanimous_remove,sample_high_toxicity,146.0,25.0,2.0,12.5,0.0136986301369863,7.221,65.55550000000002,False,False,True
reddit_1lf2x6s_mymcjw9,majority_remove,sample_high_toxicity,79.0,15.0,1.0,15.0,0.0379746835443038,6.780000000000001,73.17000000000003,False,True,True
reddit_1lf7326_mymmyfy,majority_keep,sample_high_toxicity,199.0,34.0,1.0,34.0,0.020100502512562814,15.51636363636364,42.59454545454548,False,True,True
reddit_1lfhtpc_myoqf09,majority_keep,sample_high_toxicity,59.0,13.0,1.0,13.0,0.01694915254237288,1.2800000000000011,109.04000000000002,False,False,False
reddit_1lflf8j_myrcho3,majority_keep,sample_high_toxicity,204.0,35.0,3.0,11.666666666666666,0.024509803921568627,7.079459459459461,66.27342342342342,False,True,True
reddit_1lfncw1_mypnvr1,unanimous_remove,sample_high_toxicity,89.0,19.0,3.0,6.333333333333333,0.10112359550561797,0.37555555555555564,108.40000000000002,False,True,True
reddit_1lfq7q5_myr99xl,majority_remove,sample_high_toxicity,50.0,9.0,1.0,9.0,0.04,4.964444444444446,75.50000000000003,False,False,True
reddit_1lfwyxu_mywt0pr,majority_keep,sample_high_toxicity,83.0,13.0,1.0,13.0,0.03614457831325301,10.356923076923078,43.963076923076954,False,True,False
reddit_1lg0jx2_myslgv3,majority_remove,sample_high_toxicity,200.0,35.0,6.0,5.833333333333333,0.045,3.361060606060608,80.76159090909091,False,True,True
reddit_1lg1iv5_myw2w3x,majority_remove,sample_high_toxicity,68.0,13.0,1.0,13.0,0.0,8.412857142857145,59.68214285714288,False,True,True
reddit_1lg8nfc_myuy2mf,majority_keep,sample_high_toxicity,36.0,6.0,1.0,6.0,0.05555555555555555,9.96,32.56000000000003,False,False,True
reddit_1lgcokh_myvf1zx,majority_remove,sample_high_toxicity,74.0,14.0,1.0,14.0,0.02702702702702703,5.884285714285717,77.81071428571428,False,False,True
reddit_1lgg7uy_myw40xj,majority_remove,sample_high_toxicity,151.0,27.0,3.0,9.0,0.046357615894039736,5.721666666666671,68.28999999999999,False,True,True
reddit_1lgvuze_mz04mzj,unanimous_keep,sample_high_toxicity,47.0,7.0,1.0,7.0,0.02127659574468085,5.682857142857145,66.7871428571429,False,False,True
reddit_1lgxjda_mz0ft3r,majority_remove,sample_high_toxicity,47.0,7.0,2.0,3.5,0.0425531914893617,7.689285714285713,46.1682142857143,False,True,True
reddit_1lh1k0s_mz0x3m7,majority_keep,sample_high_toxicity,57.0,11.0,1.0,11.0,0.017543859649122806,8.370000000000001,52.86500000000001,False,True,True
reddit_1lh3h92_mz2k6wk,majority_keep,sample_high_toxicity,29.0,6.0,1.0,6.0,0.0,0.5166666666666693,102.045,False,True,True
reddit_1lh7wks_mz321f4,majority_keep,sample_high_toxicity,73.0,14.0,2.0,7.0,0.0410958904109589,2.4833333333333343,87.94500000000002,True,True,True
reddit_1lhaiqa_mz2soxs,majority_keep,sample_high_toxicity,94.0,18.0,3.0,6.0,0.0425531914893617,4.667058823529413,71.69509803921571,False,True,True
reddit_1lhaiqa_mz2wefd,majority_keep,sample_high_toxicity,127.0,22.0,3.0,7.333333333333333,0.03937007874015748,4.559047619047622,74.84428571428573,False,True,True
reddit_1lhaiqa_mz38zhj,unanimous_remove,sample_high_toxicity,90.0,20.0,2.0,10.0,0.03333333333333333,1.1571052631578986,103.68723684210525,False,True,True
reddit_1lhaiqa_mz3l0ob,majority_remove,sample_high_toxicity,44.0,8.0,2.0,4.0,0.06818181818181818,6.620000000000001,54.72500000000002,False,True,True
reddit_1lhaiqa_mz5dk9g,majority_remove,sample_high_toxicity,186.0,34.0,5.0,6.8,0.03763440860215054,5.22036363636364,69.39054545454547,False,True,True
reddit_1lhaiqa_mz6eag8,majority_keep,sample_high_toxicity,147.0,27.0,2.0,13.5,0.02040816326530612,7.593518518518522,64.66583333333335,False,True,True
reddit_1lhb1xc_mz34ou1,majority_remove,sample_high_toxicity,260.0,50.0,5.0,10.0,0.03076923076923077,4.897276595744682,76.69400000000002,False,True,True
reddit_1lhc2z7_mz3clbl,majority_remove,sample_high_toxicity,57.0,12.0,2.0,6.0,0.03508771929824561,0.5166666666666693,102.045,False,False,True
reddit_1lhc2z7_mz3evha,majority_keep,sample_high_toxicity,115.0,23.0,1.0,23.0,0.008695652173913044,8.771304347826089,73.1421739130435,False,True,True
reddit_1lhc9kv_mz32ep2,majority_remove,sample_high_toxicity,235.0,52.0,11.0,4.7272727272727275,0.06808510638297872,4.76047619047619,85.86785714285715,False,True,True
reddit_1lhd25r_mz3c86o,majority_remove,sample_high_toxicity,56.0,11.0,1.0,11.0,0.0,3.7181818181818187,87.99727272727276,False,True,True
reddit_1lhd2jf_mz399q1,majority_remove,sample_high_toxicity,107.0,23.0,1.0,23.0,0.018691588785046728,8.333333333333332,72.72000000000003,False,True,True
reddit_1lhdcmq_mz3tdwy,majority_keep,sample_high_toxicity,178.0,33.0,4.0,8.25,0.028089887640449437,4.383823529411767,78.77220588235295,False,True,True
reddit_1lhdd2s_mz3d6k5,majority_remove,sample_high_toxicity,69.0,11.0,4.0,2.75,0.057971014492753624,1.5734090909090916,88.68011363636367,False,False,True
reddit_1lhdd2s_mz3esf7,majority_keep,sample_high_toxicity,70.0,13.0,2.0,6.5,0.02857142857142857,3.997142857142858,78.87285714285717,False,True,True
reddit_1lhdd2s_mz5yqxo,majority_keep,sample_high_toxicity,9.0,1.0,1.0,1.0,0.1111111111111111,8.400000000000002,36.62000000000003,False,False,True
reddit_1lhdd2s_mz6c2cj,majority_keep,sample_high_toxicity,76.0,14.0,3.0,4.666666666666667,0.039473684210526314,2.2442857142857164,87.28404761904761,False,True,True
reddit_1lhfkqj_mz3xx6j,majority_keep,sample_high_toxicity,76.0,11.0,1.0,11.0,0.02631578947368421,10.154545454545456,41.8518181818182,False,True,True
reddit_1lhl7ax_mz5kpu7,majority_remove,sample_high_toxicity,72.0,12.0,2.0,6.0,0.027777777777777776,6.416666666666668,59.745000000000005,False,True,True
reddit_1lhmao6_mz53jpc,unanimous_keep,sample_high_toxicity,136.0,26.0,2.0,13.0,0.029411764705882353,6.277000000000001,72.32350000000002,False,True,True
reddit_1lhnhbh_mz5eo6w,unanimous_remove,sample_high_toxicity,257.0,43.0,4.0,10.75,0.027237354085603113,9.29547619047619,47.12035714285716,False,True,True
reddit_1lhovep_mz5mk8q,unanimous_remove,sample_high_toxicity,46.0,7.0,2.0,3.5,0.043478260869565216,6.003571428571426,58.25392857142859,False,True,True
reddit_1lhrgof_mz6vo58,majority_remove,sample_high_toxicity,26.0,5.0,1.0,5.0,0.11538461538461539,3.6700000000000017,75.87500000000001,False,True,False
reddit_1lhskj9_mz74jq8,majority_remove,sample_high_toxicity,92.0,17.0,1.0,17.0,0.010869565217391304,6.310588235294119,80.09764705882354,False,True,True
reddit_1lhu966_mz77e1e,unanimous_remove,sample_high_toxicity,95.0,17.0,4.0,4.25,0.05263157894736842,5.145,65.30000000000001,False,True,True
reddit_1lhvap3_mz7b303,majority_remove,sample_high_toxicity,264.0,53.0,6.0,8.833333333333334,0.03409090909090909,2.995588235294118,88.72514705882354,False,True,True
reddit_1lhzhcf_mz832zz,unanimous_remove,sample_high_toxicity,91.0,16.0,1.0,16.0,0.07692307692307693,5.616470588235295,85.07411764705884,False,True,True
reddit_1li0ysy_mz9enah,unanimous_keep,sample_high_toxicity,109.0,19.0,2.0,9.5,0.027522935779816515,5.504473684210527,72.51881578947369,False,False,True
reddit_1li1i09_mzaaog4,unanimous_keep,sample_high_toxicity,206.0,41.0,3.0,13.666666666666666,0.019417475728155338,4.655000000000001,85.4366666666667,False,True,True
reddit_1li1vg1_mz9ck7x,unanimous_remove,sample_high_toxicity,158.0,26.0,2.0,13.0,0.03164556962025317,10.723333333333333,39.55500000000001,False,True,True
reddit_1li24by_mz8nqy3,unanimous_remove,sample_high_toxicity,233.0,42.0,4.0,10.5,0.030042918454935622,4.236768292682928,82.94344512195123,False,True,True
reddit_1li51oc_mz9elhs,majority_keep,sample_high_toxicity,78.0,15.0,2.0,7.5,0.05128205128205128,3.997142857142858,78.87285714285717,False,True,True
reddit_1lid9c0_mzbx3nu,majority_keep,sample_high_toxicity,166.0,27.0,1.0,27.0,0.018072289156626505,14.60666666666667,38.43000000000001,False,True,True
reddit_1liejsg_mzbgwyp,majority_remove,sample_high_toxicity,39.0,6.0,1.0,6.0,0.05128205128205128,8.383333333333333,45.64500000000001,False,True,True
reddit_1liejsg_mzd5b40,majority_remove,sample_high_toxicity,158.0,22.0,6.0,3.6666666666666665,0.13924050632911392,8.251190476190477,42.13964285714289,False,True,True
reddit_1lihh6h_mzcpoe8,majority_remove,sample_high_toxicity,150.0,27.0,3.0,9.0,0.03333333333333333,6.2755555555555596,66.10000000000002,False,True,True
reddit_1liihep_mzsjxyx,majority_remove,sample_high_toxicity,51.0,9.0,2.0,4.5,0.058823529411764705,5.145,65.30000000000001,False,True,True
reddit_1likxua_mzcvfye,majority_keep,sample_high_toxicity,103.0,22.0,1.0,22.0,0.04854368932038835,7.967368421052633,71.78157894736843,False,True,True
reddit_1lioyxa_mze2ujl,majority_remove,sample_high_toxicity,113.0,21.0,1.0,21.0,0.035398230088495575,9.830526315789477,58.42368421052632,False,True,True
reddit_1litvkr_mzf63vu,unanimous_remove,sample_high_toxicity,194.0,34.0,2.0,17.0,0.041237113402061855,9.087500000000002,58.4075,False,True,True
reddit_1liwnnw_mzfdw9h,unanimous_remove,sample_high_toxicity,164.0,31.0,2.0,15.5,0.018292682926829267,6.822741935483872,73.75411290322583,False,True,True
reddit_1lixx1v_mzh7xu7,majority_keep,sample_high_toxicity,219.0,40.0,2.0,20.0,0.0136986301369863,9.025000000000002,65.98000000000003,False,True,True
reddit_1liz1et_mzgct01,unanimous_remove,sample_high_toxicity,118.0,20.0,1.0,20.0,0.0,11.704761904761906,48.54857142857145,False,False,True
reddit_1liz1et_mzgg47e,majority_remove,sample_high_toxicity,91.0,15.0,1.0,15.0,0.01098901098901099,10.098571428571429,47.59642857142859,False,True,True
reddit_1liz1et_mzgwvwp,majority_keep,sample_high_toxicity,66.0,13.0,1.0,13.0,0.09090909090909091,6.790000000000003,67.75500000000001,False,True,True
reddit_1lj8oo7_mzi1id9,unanimous_remove,sample_high_toxicity,209.0,38.0,4.0,9.5,0.028708133971291867,7.58666666666667,56.70000000000002,False,True,True
reddit_1lj8w0k_mzi2hs7,majority_keep,sample_high_toxicity,85.0,15.0,1.0,15.0,0.011764705882352941,9.140000000000004,56.25000000000003,False,True,True
reddit_1lj8w0k_mzjixbl,unanimous_keep,sample_high_toxicity,252.0,45.0,3.0,15.0,0.023809523809523808,7.293636363636363,68.8937878787879,False,True,True
reddit_1ljd0io_mzk5kjd,unanimous_keep,sample_high_toxicity,26.0,3.0,3.0,1.0,0.11538461538461539,8.400000000000002,36.62000000000003,False,False,True
reddit_1ljewdi_mzjb1d2,majority_keep,sample_high_toxicity,76.0,12.0,1.0,12.0,0.013157894736842105,8.756666666666668,53.655,False,True,False
reddit_1ljgaqj_mzl1a7g,majority_remove,sample_high_toxicity,233.0,39.0,5.0,7.8,0.04291845493562232,7.38789189189189,55.27535135135139,False,True,True
reddit_1ljgsrb_mzl9rjj,majority_remove,sample_high_toxicity,108.0,21.0,1.0,21.0,0.018518518518518517,9.457142857142859,64.66285714285716,False,True,True
reddit_1ljlipu_mzm21t9,majority_remove,sample_high_toxicity,36.0,8.0,2.0,4.0,0.05555555555555555,-2.2299999999999986,118.17500000000001,False,True,True
reddit_1ljlipu_mzm5cxs,majority_keep,sample_high_toxicity,188.0,30.0,3.0,10.0,0.026595744680851064,7.583333333333332,58.505000000000024,False,True,True
reddit_1ljlipu_mzmxvco,majority_remove,sample_high_toxicity,38.0,5.0,1.0,5.0,0.05263157894736842,12.320000000000004,15.640000000000015,False,True,True
reddit_1ljlipu_mznx4ff,majority_remove,sample_high_toxicity,42.0,7.0,1.0,7.0,0.023809523809523808,5.682857142857145,66.7871428571429,False,True,True
reddit_1ljntpd_mzm7u99,majority_keep,sample_high_toxicity,193.0,39.0,3.0,13.0,0.025906735751295335,6.118421052631579,73.75728070175441,False,True,True
reddit_1lju5uj_mznktok,majority_keep,sample_high_toxicity,154.0,31.0,2.0,15.5,0.025974025974025976,5.300161290322581,84.6702419354839,True,True,True
reddit_1ljwllj_mzqzk1u,majority_keep,sample_high_toxicity,115.0,20.0,1.0,20.0,0.05217391304347826,10.451578947368422,53.97105263157897,False,True,True
reddit_1ljy33e_mzp8b9t,majority_remove,sample_high_toxicity,61.0,12.0,1.0,12.0,0.01639344262295082,2.8566666666666656,95.955,False,True,True
reddit_1lk2jrt_mzphy2n,majority_remove,sample_high_toxicity,224.0,45.0,6.0,7.5,0.03125,1.4836363636363643,97.48712121212122,False,True,True
reddit_1lk2jrt_mzpuz8e,majority_remove,sample_high_toxicity,155.0,31.0,3.0,10.333333333333334,0.01935483870967742,4.427096774193547,81.727311827957,False,True,True
reddit_1lk2jrt_mzr9wj4,unanimous_keep,sample_high_toxicity,83.0,15.0,2.0,7.5,0.04819277108433735,3.068333333333335,86.42250000000001,False,True,True
reddit_1lk9lo4_mzqptjn,unanimous_keep,sample_high_toxicity,45.0,9.0,2.0,4.5,0.044444444444444446,0.5199999999999996,100.24000000000002,False,True,True
reddit_1lk9lo4_mzrv40p,majority_keep,sample_high_toxicity,87.0,17.0,1.0,17.0,0.034482758620689655,7.698823529411765,70.14470588235295,False,False,True
reddit_1lkbvgo_mzqh5dc,majority_keep,sample_high_toxicity,117.0,18.0,2.0,9.0,0.017094017094017096,6.2755555555555596,66.10000000000002,False,True,True
reddit_1lkicqn_mzsqimb,majority_keep,sample_high_toxicity,103.0,16.0,3.0,5.333333333333333,0.038834951456310676,6.026666666666667,60.76000000000002,False,True,True
reddit_1lkiugc_mzsqqwz,majority_remove,sample_high_toxicity,159.0,29.0,3.0,9.666666666666666,0.025157232704402517,4.907142857142858,76.50452380952383,False,True,True
reddit_1lkj9on_mzss677,majority_remove,sample_high_toxicity,124.0,24.0,2.0,12.0,0.016129032258064516,5.315000000000001,78.33000000000001,False,True,True
reddit_1lkj9on_mztd4nb,majority_keep,sample_high_toxicity,153.0,28.0,2.0,14.0,0.013071895424836602,6.727142857142859,71.76785714285715,False,False,True
reddit_1lkj9on_mzu7g7e,majority_remove,sample_high_toxicity,30.0,6.0,1.0,6.0,0.03333333333333333,2.4833333333333343,87.94500000000002,False,False,True
reddit_1lkrt15_mzujlb2,majority_keep,sample_high_toxicity,187.0,33.0,2.0,16.5,0.026737967914438502,9.106612903225805,57.379919354838734,False,True,True
reddit_1ll2jq0_mzwd15s,majority_remove,sample_high_toxicity,296.0,53.0,2.0,26.5,0.013513513513513514,13.327549019607844,44.9289705882353,False,True,True
reddit_1ll3t6a_mzxvc5t,majority_keep,sample_high_toxicity,92.0,17.0,2.0,8.5,0.03260869565217391,5.077941176470592,73.79573529411766,False,True,True
reddit_1ll4zo9_mzwzocn,majority_keep,sample_high_toxicity,196.0,36.0,2.0,18.0,0.030612244897959183,15.370000000000001,45.425000000000026,False,True,True
reddit_1ll64cx_mzy3xsw,majority_remove,sample_high_toxicity,170.0,34.0,2.0,17.0,0.03529411764705882,12.593529411764706,65.3308823529412,False,True,True
reddit_1ll6sj4_n0e8jq0,majority_keep,sample_high_toxicity,143.0,29.0,4.0,7.25,0.03496503496503497,1.8900000000000006,93.98000000000002,False,True,True
reddit_1llhsbw_n03wayw,majority_keep,sample_high_toxicity,48.0,10.0,3.0,3.3333333333333335,0.10416666666666667,-1.3088888888888874,109.79000000000002,False,True,True
reddit_1llkodo_n00iq4b,majority_keep,sample_high_toxicity,42.0,8.0,1.0,8.0,0.023809523809523808,0.8049999999999997,103.54,False,True,True
reddit_1llkodo_n00qp4w,majority_remove,sample_high_toxicity,122.0,20.0,4.0,5.0,0.03278688524590164,4.650000000000002,70.63000000000002,False,True,True
reddit_1llpslt_n04eyup,unanimous_remove,sample_high_toxicity,220.0,35.0,4.0,8.75,0.022727272727272728,6.119117647058825,66.33102941176472,False,False,True
reddit_1llsj73_n02h23v,majority_keep,sample_high_toxicity,52.0,9.0,1.0,9.0,0.019230769230769232,7.58666666666667,56.70000000000002,False,False,False
reddit_1llv1mo_n02jnqx,unanimous_remove,sample_high_toxicity,142.0,23.0,2.0,11.5,0.028169014084507043,8.903695652173912,51.71032608695654,True,False,True
reddit_1llvimx_n04o8kr,unanimous_remove,sample_high_toxicity,211.0,39.0,3.0,13.0,0.03317535545023697,4.823333333333334,81.85500000000002,False,True,True
reddit_1llzlg3_n0405rv,majority_keep,sample_high_toxicity,99.0,17.0,2.0,8.5,0.030303030303030304,7.001666666666669,58.2225,False,True,True
reddit_1llzlg3_n045fi5,unanimous_remove,sample_high_toxicity,192.0,34.0,4.0,8.5,0.03125,5.863863636363639,67.71579545454549,False,True,True
reddit_1llzlg3_n05meju,majority_keep,sample_high_toxicity,294.0,50.0,3.0,16.666666666666668,0.023809523809523808,8.846,61.326333333333366,False,True,True
reddit_1llzlg3_n07adq5,majority_remove,sample_high_toxicity,99.0,19.0,1.0,19.0,0.020202020202020204,7.346315789473689,76.2342105263158,False,True,True
reddit_1lm2u7a_n04p2in,majority_keep,sample_high_toxicity,112.0,18.0,1.0,18.0,0.017857142857142856,11.169411764705881,45.26235294117649,False,True,True
reddit_1lmagph_n07r0kt,unanimous_remove,sample_high_toxicity,177.0,35.0,2.0,17.5,0.03389830508474576,6.2207575757575775,79.85113636363639,False,True,True
reddit_1lmagph_n089ea2,majority_remove,sample_high_toxicity,193.0,38.0,2.0,19.0,0.015544041450777202,8.277894736842104,69.55526315789477,False,True,True
reddit_1lmdum5_n0akldg,majority_remove,sample_high_toxicity,107.0,21.0,3.0,7.0,0.04672897196261682,3.027368421052632,84.63824561403509,True,True,True
reddit_1lmon84_n090uep,unanimous_remove,sample_high_toxicity,288.0,51.0,9.0,5.666666666666667,0.052083333333333336,2.860666666666667,84.44811111111115,False,True,True
reddit_1lmpk2r_n09ox4m,majority_remove,sample_high_toxicity,204.0,32.0,1.0,32.0,0.00980392156862745,17.171250000000004,28.948750000000018,False,True,True
reddit_1lmuz5v_n0agbvg,majority_remove,sample_high_toxicity,108.0,22.0,3.0,7.333333333333333,0.06481481481481481,2.3500000000000014,90.08833333333334,False,True,True
reddit_1ln4vc3_n0f5jof,unanimous_remove,sample_high_toxicity,37.0,7.0,1.0,7.0,0.08108108108108109,0.5166666666666693,102.045,False,True,True
reddit_1lnawk8_n0e33p2,majority_keep,sample_high_toxicity,64.0,14.0,3.0,4.666666666666667,0.078125,0.7199999999999989,97.025,False,True,True
reddit_1lnd62d_n0h89fl,unanimous_remove,sample_high_toxicity,57.0,10.0,1.0,10.0,0.0,7.190000000000001,61.32500000000002,False,True,True
reddit_1lnky8r_n0iggea,majority_keep,sample_high_toxicity,92.0,19.0,3.0,6.333333333333333,0.05434782608695652,0.502352941176472,101.55392156862746,False,True,True
reddit_1lnr12b_n0hgxk8,majority_keep,sample_high_toxicity,78.0,14.0,2.0,7.0,0.05128205128205128,5.098846153846157,70.08365384615385,False,True,True
reddit_1lnr12b_n0je2jn,majority_remove,sample_high_toxicity,42.0,6.0,1.0,6.0,0.023809523809523808,10.350000000000001,31.545000000000016,False,True,True
reddit_1lntb5c_n0ilays,unanimous_remove,sample_high_toxicity,251.0,47.0,3.0,15.666666666666666,0.043824701195219126,8.346521739130438,62.53253623188408,False,True,True
reddit_1lntb5c_n0k3rkl,majority_keep,sample_high_toxicity,121.0,24.0,1.0,24.0,0.04132231404958678,8.544545454545453,72.9868181818182,False,True,True
reddit_1lnv2o6_n0ln0ig,unanimous_remove,sample_high_toxicity,50.0,7.0,1.0,7.0,0.02,10.740000000000002,30.53000000000003,False,True,True
reddit_1lo4shk_n0l77d9,majority_remove,sample_high_toxicity,109.0,17.0,1.0,17.0,0.027522935779816515,9.781176470588235,55.21529411764709,False,True,True
reddit_1lo9qaa_n0lzu1w,majority_remove,sample_high_toxicity,73.0,15.0,1.0,15.0,0.0273972602739726,7.566666666666666,67.53000000000003,False,True,True
reddit_1loaept_n0m95hp,majority_keep,sample_high_toxicity,132.0,28.0,2.0,14.0,0.03787878787878788,4.003076923076925,89.51692307692309,False,True,True
reddit_1lobsyw_n0nlrzv,majority_remove,sample_high_toxicity,112.0,20.0,1.0,20.0,0.0,10.500000000000004,55.40500000000003,False,True,True
reddit_1lojll9_n0nq8kf,majority_keep,sample_high_toxicity,97.0,21.0,2.0,10.5,0.030927835051546393,2.55261904761905,95.4632142857143,False,True,True
reddit_1lokvuo_n0ntzlu,unanimous_remove,sample_high_toxicity,95.0,15.0,2.0,7.5,0.042105263157894736,5.428333333333338,69.5025,False,True,True
reddit_1rqd674_o9rfscl,majority_remove,sample_middle_toxicity,62.0,12.0,1.0,12.0,0.016129032258064516,4.823333333333334,81.85500000000002,False,True,True
reddit_1rqd674_o9rk2ac,majority_keep,sample_middle_toxicity,257.0,44.0,3.0,14.666666666666666,0.027237354085603113,8.38604651162791,60.468062015503904,False,True,True
reddit_1rybeds_obun4av,majority_keep,sample_middle_toxicity,61.0,13.0,3.0,4.333333333333333,0.06557377049180328,2.6866666666666674,82.92500000000001,False,True,True
reddit_1sb34fn_oe3gowj,majority_keep,sample_middle_toxicity,256.0,46.0,4.0,11.5,0.01953125,7.108043478260871,64.58423913043481,False,True,True
reddit_1sd2zf3_oepnkz4,unanimous_keep,sample_middle_toxicity,270.0,47.0,5.0,9.4,0.03333333333333333,6.980608695652176,61.401347826086976,False,True,True
reddit_1suuxc0_oidhocr,majority_keep,sample_middle_toxicity,155.0,23.0,1.0,23.0,0.012903225806451613,13.901739130434787,36.35956521739132,False,True,True
reddit_1t1vs4b_ojkne0y,unanimous_keep,sample_high_toxicity,258.0,46.0,3.0,15.333333333333334,0.023255813953488372,6.757272727272728,72.73924242424245,False,False,True
reddit_1t1vs4b_ojkx5ee,majority_keep,sample_middle_toxicity,144.0,24.0,2.0,12.0,0.020833333333333332,7.773333333333333,60.70500000000001,False,True,True
reddit_1t1x818_ojjsgmt,majority_keep,sample_low_toxicity,280.0,47.0,1.0,47.0,0.03214285714285714,21.589130434782607,22.210217391304383,True,False,False
reddit_1t1x818_ojjwqp6,unanimous_keep,sample_middle_toxicity,306.0,45.0,2.0,22.5,0.026143790849673203,14.949444444444449,27.95750000000001,False,True,True
reddit_1t1x818_ojjzie8,unanimous_keep,sample_middle_toxicity,236.0,43.0,2.0,21.5,0.029661016949152543,10.168846153846157,56.88865384615386,False,True,True
reddit_1t1x818_ojlduo3,majority_keep,sample_middle_toxicity,262.0,44.0,2.0,22.0,0.007633587786259542,13.103636363636365,40.300454545454556,False,True,True
reddit_1t1x818_ojndtg6,unanimous_keep,sample_middle_toxicity,247.0,44.0,3.0,14.666666666666666,0.032388663967611336,8.693809523809527,57.667857142857144,False,True,True
reddit_1t1x818_ojoezsy,majority_keep,sample_middle_toxicity,127.0,23.0,1.0,23.0,0.007874015748031496,11.336521739130436,54.750869565217414,False,True,True
reddit_1t1zmb4_ojkfjhw,unanimous_keep,sample_middle_toxicity,211.0,41.0,2.0,20.5,0.009478672985781991,8.435000000000002,70.21000000000004,False,True,True
reddit_1t1zmb4_ojklvwl,majority_keep,sample_low_toxicity,131.0,26.0,1.0,26.0,0.015267175572519083,10.434615384615388,66.56038461538463,False,True,True
reddit_1t1zmb4_ojkqmr3,majority_remove,sample_middle_toxicity,191.0,30.0,2.0,15.0,0.015706806282722512,10.816724137931036,43.33818965517244,False,True,True
reddit_1t1zmb4_ojkvlnx,unanimous_keep,sample_middle_toxicity,75.0,11.0,1.0,11.0,0.02666666666666667,10.154545454545456,41.8518181818182,False,True,False
reddit_1t1zmb4_ojlhkn6,majority_keep,sample_middle_toxicity,50.0,9.0,1.0,9.0,0.06,7.368571428571428,54.70142857142861,False,True,True
reddit_1t1zmb4_ojljoj8,majority_keep,sample_middle_toxicity,198.0,33.0,2.0,16.5,0.025252525252525252,9.45625,55.763750000000016,False,True,True
reddit_1t1zmb4_ojlnqi7,majority_keep,sample_middle_toxicity,241.0,45.0,3.0,15.0,0.03734439834024896,9.310731707317071,52.65113821138215,False,True,True
reddit_1t1zmb4_ojmillc,unanimous_keep,sample_middle_toxicity,312.0,58.0,5.0,11.6,0.02564102564102564,5.6490909090909085,74.1536363636364,False,True,True
reddit_1t1zmb4_ojmmt4l,unanimous_keep,sample_middle_toxicity,205.0,38.0,4.0,9.5,0.02926829268292683,9.08705882352941,60.19176470588238,False,False,True
reddit_1t1zmb4_ojmumaa,unanimous_keep,sample_low_toxicity,289.0,55.0,5.0,11.0,0.031141868512110725,7.02324528301887,63.58920754716982,True,False,False
reddit_1t1zmb4_ok5blpk,majority_keep,sample_middle_toxicity,287.0,53.0,3.0,17.666666666666668,0.04529616724738676,6.958000000000002,74.86233333333335,False,False,False
reddit_1t3183a_ojsd0ci,majority_remove,sample_middle_toxicity,98.0,19.0,1.0,19.0,0.01020408163265306,7.967368421052633,71.78157894736843,False,True,True
reddit_1t3183a_ojt0m2t,unanimous_keep,sample_middle_toxicity,215.0,38.0,6.0,6.333333333333333,0.05116279069767442,3.4666666666666686,80.89500000000001,False,True,True
reddit_1t3f5jk_ojw9i1b,unanimous_keep,sample_middle_toxicity,241.0,46.0,2.0,23.0,0.008298755186721992,9.027826086956523,71.30304347826089,False,True,True
reddit_1t3hfnf_ojwb0xv,unanimous_keep,sample_low_toxicity,52.0,8.0,1.0,8.0,0.019230769230769232,6.705000000000002,61.24000000000001,True,False,False
reddit_1t3jf5e_ojzhssf,unanimous_keep,sample_middle_toxicity,279.0,55.0,5.0,11.0,0.05734767025089606,3.8899607843137254,85.34082352941178,False,True,True
reddit_1t3n2ml_ojwbxjg,unanimous_keep,sample_middle_toxicity,267.0,42.0,3.0,14.0,0.03745318352059925,10.555,43.136666666666684,False,False,False
reddit_1t3n2ml_ojx4req,unanimous_keep,sample_middle_toxicity,265.0,52.0,4.0,13.0,0.033962264150943396,5.562712765957446,76.10875,False,True,True
reddit_1t3n2ml_ojy9mt4,majority_keep,sample_middle_toxicity,58.0,9.0,1.0,9.0,0.017241379310344827,8.89777777777778,47.30000000000004,False,True,True
reddit_1t3verj_ojyi2g3,unanimous_keep,sample_middle_toxicity,99.0,15.0,4.0,3.75,0.09090909090909091,5.539166666666667,62.02875,False,True,True
reddit_1t3yh0u_ojyuwfn,majority_remove,sample_high_toxicity,101.0,17.0,1.0,17.0,0.0,9.781176470588235,55.21529411764709,False,True,True
reddit_1t4cq1d_ok1vmax,majority_remove,sample_middle_toxicity,126.0,23.0,2.0,11.5,0.031746031746031744,5.362142857142857,75.32035714285716,False,True,True
reddit_1t4cq1d_ok3giwy,unanimous_keep,sample_middle_toxicity,101.0,20.0,2.0,10.0,0.039603960396039604,4.308888888888891,80.20000000000003,False,True,True
reddit_1t4dzcm_ok2gz77,majority_keep,sample_middle_toxicity,291.0,57.0,5.0,11.4,0.03436426116838488,3.044222222222224,92.47300000000001,False,True,False
reddit_1t4dzcm_ok32jfm,majority_keep,sample_middle_toxicity,233.0,44.0,1.0,44.0,0.0,18.733636363636368,39.120454545454564,False,True,True
reddit_1t4fs97_ok2mgto,unanimous_keep,sample_middle_toxicity,51.0,9.0,1.0,9.0,0.0196078431372549,3.653333333333336,84.90000000000003,False,True,True
reddit_1t4fs97_ok2nzyi,unanimous_keep,sample_low_toxicity,285.0,52.0,4.0,13.0,0.028070175438596492,6.735441176470591,69.48198529411766,False,True,True
reddit_1t4fs97_ok3e83v,unanimous_keep,sample_low_toxicity,176.0,27.0,2.0,13.5,0.017045454545454544,10.356923076923078,43.963076923076954,True,True,True
reddit_1t4fs97_ok3i5l0,majority_keep,sample_middle_toxicity,196.0,37.0,3.0,12.333333333333334,0.025510204081632654,6.154285714285717,71.71904761904764,False,True,True
reddit_1t4fs97_ok41dji,unanimous_keep,sample_middle_toxicity,66.0,14.0,1.0,14.0,0.07575757575757576,4.823333333333334,81.85500000000002,False,False,False
reddit_1t4fs97_ok4aot8,unanimous_keep,sample_low_toxicity,230.0,43.0,3.0,14.333333333333334,0.02608695652173913,5.093023255813957,84.0773643410853,False,True,True
reddit_1t4fs97_okdu8ik,unanimous_keep,sample_middle_toxicity,171.0,31.0,4.0,7.75,0.06432748538011696,3.1064655172413786,85.70383620689658,False,True,True
reddit_1t4l69v_ok5uwgg,majority_keep,sample_low_toxicity,253.0,44.0,3.0,14.666666666666666,0.043478260869565216,9.079999999999998,53.7116666666667,True,True,True
reddit_1t4l69v_olgbt8d,majority_keep,sample_middle_toxicity,88.0,14.0,2.0,7.0,0.022727272727272728,5.682857142857145,66.7871428571429,False,False,False
reddit_1t4l69v_omzbreb,majority_keep,sample_middle_toxicity,130.0,25.0,1.0,25.0,0.038461538461538464,10.310434782608699,62.10739130434784,False,False,True
reddit_1t4mnob_ok3u9xm,unanimous_keep,sample_middle_toxicity,263.0,45.0,3.0,15.0,0.022813688212927757,10.243636363636366,47.74378787878791,False,True,True
reddit_1t4ruex_ok6zv1p,unanimous_keep,sample_middle_toxicity,282.0,49.0,1.0,49.0,0.01773049645390071,22.32297872340426,18.730000000000018,True,True,True
reddit_1t4ruex_ok8m777,unanimous_keep,sample_middle_toxicity,212.0,42.0,3.0,14.0,0.0330188679245283,5.569268292682931,79.47552845528456,False,True,True
reddit_1t4w5i9_ok6c56k,majority_remove,sample_high_toxicity,41.0,7.0,1.0,7.0,0.07317073170731707,5.682857142857145,66.7871428571429,False,True,True
reddit_1t4w5i9_ol6vs49,majority_keep,sample_middle_toxicity,254.0,42.0,3.0,14.0,0.027559055118110236,10.660476190476192,43.56785714285715,False,True,True
reddit_1t54vlp_ok86egt,majority_keep,sample_middle_toxicity,186.0,34.0,3.0,11.333333333333334,0.021505376344086023,6.578787878787878,67.48818181818186,False,True,False
reddit_1t54vlp_ok9aj26,majority_keep,sample_middle_toxicity,120.0,18.0,2.0,9.0,0.03333333333333333,8.242222222222225,52.00000000000003,False,True,True
reddit_1t54vlp_oka0du0,majority_keep,sample_middle_toxicity,279.0,46.0,2.0,23.0,0.021505376344086023,13.90818181818182,34.532272727272726,False,True,True
reddit_1t54vlp_oka2zni,unanimous_keep,sample_middle_toxicity,230.0,40.0,2.0,20.0,0.06521739130434782,9.520000000000003,60.65000000000002,False,True,True
reddit_1t54vlp_okb29ke,majority_keep,sample_middle_toxicity,181.0,28.0,2.0,14.0,0.027624309392265192,10.215740740740742,45.86583333333337,False,True,True
reddit_1t5gyoy_okaoymh,unanimous_keep,sample_middle_toxicity,263.0,48.0,2.0,24.0,0.019011406844106463,11.470000000000002,55.57500000000003,False,True,True
reddit_1t5lm0a_ol5fy3h,majority_remove,sample_middle_toxicity,299.0,52.0,2.0,26.0,0.030100334448160536,12.633431372549023,49.90544117647062,False,True,True
reddit_1t5po5r_okfusb5,unanimous_keep,sample_low_toxicity,88.0,17.0,1.0,17.0,0.03409090909090909,6.137499999999999,79.5575,False,False,False
reddit_1t5po5r_okm6qpt,majority_keep,sample_high_toxicity,105.0,17.0,1.0,17.0,0.0380952380952381,11.863529411764706,40.2858823529412,False,True,True
reddit_1t68wht_okfqxg6,majority_keep,sample_middle_toxicity,101.0,16.0,2.0,8.0,0.0297029702970297,9.087500000000002,58.4075,False,True,True
reddit_1t68wht_okg5gb5,majority_keep,sample_middle_toxicity,252.0,48.0,2.0,24.0,0.01984126984126984,12.327222222222222,46.75750000000002,False,True,True
reddit_1t6aimf_okibjul,unanimous_keep,sample_middle_toxicity,133.0,24.0,2.0,12.0,0.022556390977443608,4.286304347826089,84.8146739130435,False,True,True
reddit_1t6g0j7_okhfviq,unanimous_keep,sample_middle_toxicity,294.0,53.0,4.0,13.25,0.017006802721088437,8.138000000000002,66.40233333333336,False,True,True
reddit_1t6icvj_okhzxat,majority_keep,sample_middle_toxicity,238.0,41.0,2.0,20.5,0.01680672268907563,18.531707317073174,35.22487804878051,False,True,True
reddit_1t6mb7v_okiv6sc,unanimous_keep,sample_middle_toxicity,76.0,12.0,2.0,6.0,0.039473684210526314,11.227727272727272,24.36159090909092,False,True,False
reddit_1t6mb7v_okjfmrg,unanimous_keep,sample_middle_toxicity,157.0,28.0,2.0,14.0,0.012738853503184714,5.884285714285717,77.81071428571428,False,True,True
reddit_1t6mb7v_okjnfsq,unanimous_keep,sample_low_toxicity,233.0,44.0,2.0,22.0,0.02145922746781116,9.457142857142859,64.66285714285716,False,False,False
reddit_1t6mb7v_okjnnx3,majority_keep,sample_low_toxicity,295.0,51.0,4.0,12.75,0.03728813559322034,7.773333333333333,60.70500000000001,False,True,True
reddit_1t6mb7v_okjqay7,majority_remove,sample_low_toxicity,271.0,45.0,4.0,11.25,0.025830258302583026,8.171666666666667,55.17750000000001,True,True,False
reddit_1t75lvb_okmrrk1,majority_keep,sample_middle_toxicity,313.0,52.0,3.0,17.333333333333332,0.012779552715654952,10.243921568627453,51.897647058823566,False,True,True
reddit_1t774fv_okxkmax,majority_keep,sample_low_toxicity,156.0,29.0,2.0,14.5,0.019230769230769232,10.520000000000003,44.57500000000002,False,True,False
reddit_1t774fv_oky0elj,majority_keep,sample_low_toxicity,277.0,55.0,2.0,27.5,0.018050541516245487,10.673333333333336,66.63000000000002,False,False,False
reddit_1t77fqu_okmt59d,majority_keep,sample_middle_toxicity,194.0,36.0,3.0,12.0,0.030927835051546393,6.638750000000002,66.46458333333337,False,True,True
reddit_1t77zwb_okrmtr1,unanimous_remove,sample_high_toxicity,37.0,6.0,2.0,3.0,0.05405405405405406,3.2800000000000047,76.89000000000003,False,True,True
reddit_1t78r90_oknfl8e,majority_keep,sample_middle_toxicity,265.0,56.0,2.0,28.0,0.04905660377358491,8.27416666666667,78.48750000000003,False,True,True
reddit_1t79fp1_okns5xb,unanimous_keep,sample_low_toxicity,302.0,58.0,3.0,19.333333333333332,0.023178807947019868,7.998113207547171,69.18635220125788,True,True,True
reddit_1t79fp1_oknz90t,unanimous_keep,sample_middle_toxicity,241.0,44.0,3.0,14.666666666666666,0.029045643153526972,9.81761904761905,49.610714285714295,False,False,False
reddit_1t79fp1_okvhy3r,unanimous_keep,sample_middle_toxicity,259.0,42.0,3.0,14.0,0.03861003861003861,10.098571428571429,47.59642857142859,False,True,False
reddit_1t7d5jc_oko2smc,unanimous_keep,sample_middle_toxicity,242.0,41.0,4.0,10.25,0.02066115702479339,8.075,54.98000000000002,False,True,True
reddit_1t7d5jc_oko5y49,unanimous_keep,sample_low_toxicity,309.0,46.0,2.0,23.0,0.006472491909385114,17.493043478260876,10.611739130434785,False,True,True
reddit_1t7d5jc_oko7imm,unanimous_keep,sample_low_toxicity,291.0,42.0,2.0,21.0,0.037800687285223365,15.515000000000004,19.450000000000017,True,True,False
reddit_1t7d5jc_oko9cmd,unanimous_keep,sample_middle_toxicity,260.0,43.0,2.0,21.5,0.03461538461538462,12.278720930232563,45.32412790697677,False,True,True
reddit_1t7d5jc_okoah4l,majority_remove,sample_low_toxicity,305.0,47.0,3.0,15.666666666666666,0.02622950819672131,11.358297872340426,41.53333333333336,False,False,False
reddit_1t7d5jc_okobxft,unanimous_keep,sample_middle_toxicity,257.0,44.0,4.0,11.0,0.0311284046692607,4.793197674418604,79.84468023255816,False,True,True
reddit_1t7d5jc_okofi1w,majority_keep,sample_low_toxicity,230.0,38.0,3.0,12.666666666666666,0.030434782608695653,8.674054054054057,54.840990990991,False,True,True
reddit_1t7d5jc_okoil6b,unanimous_keep,sample_middle_toxicity,183.0,37.0,1.0,37.0,0.02185792349726776,13.2,64.54500000000002,False,True,True
reddit_1t7d5jc_okpg6u8,unanimous_keep,sample_middle_toxicity,256.0,53.0,3.0,17.666666666666668,0.02734375,6.079215686274509,81.75647058823532,False,True,True
reddit_1t7d5jc_okpmr31,unanimous_keep,sample_middle_toxicity,283.0,50.0,4.0,12.5,0.0176678445229682,6.749000000000002,68.93950000000002,False,True,True
reddit_1t7d5jc_okqahbj,majority_keep,sample_low_toxicity,272.0,48.0,3.0,16.0,0.025735294117647058,12.83545454545455,42.223181818181814,True,True,False
reddit_1t7d5jc_okrqjnc,unanimous_keep,sample_middle_toxicity,253.0,50.0,4.0,12.5,0.019762845849802372,3.6364795918367356,90.80941326530613,False,True,True
reddit_1t7d5jc_oksx3ev,majority_keep,sample_middle_toxicity,210.0,39.0,3.0,13.0,0.014285714285714285,5.515897435897436,78.67076923076925,False,True,True
reddit_1t7d5jc_okthomr,unanimous_keep,sample_middle_toxicity,80.0,14.0,1.0,14.0,0.025,7.570000000000004,65.72500000000001,False,False,False
reddit_1t7d5jc_oktwy16,unanimous_keep,sample_middle_toxicity,206.0,36.0,2.0,18.0,0.038834951456310676,7.651060606060607,69.59659090909092,False,True,True
reddit_1t7d5jc_oku1svc,majority_keep,sample_middle_toxicity,229.0,45.0,5.0,9.0,0.043668122270742356,4.543142857142858,77.45185714285715,False,True,True
reddit_1t7d5jc_oku6sko,unanimous_keep,sample_middle_toxicity,255.0,42.0,4.0,10.5,0.023529411764705882,8.553841463414635,51.992225609756105,False,True,True
reddit_1t7d5jc_ol0cq4w,majority_keep,sample_low_toxicity,272.0,47.0,3.0,15.666666666666666,0.03676470588235294,8.596595744680851,61.33333333333334,False,True,True
reddit_1t7hgak_okp610f,majority_keep,sample_middle_toxicity,280.0,57.0,3.0,19.0,0.04285714285714286,6.373846153846156,80.23782051282052,False,True,True
reddit_1t7hgak_okpeleq,unanimous_keep,sample_low_toxicity,102.0,24.0,3.0,8.0,0.049019607843137254,1.2154545454545485,99.4098484848485,False,False,True
reddit_1t7hgak_okpi6xx,majority_keep,sample_low_toxicity,174.0,35.0,3.0,11.666666666666666,0.022988505747126436,3.4064705882352975,90.8257843137255,False,False,True
reddit_1t7hgak_okpt242,unanimous_keep,sample_low_toxicity,169.0,30.0,2.0,15.0,0.011834319526627219,9.92666666666667,50.610000000000014,True,True,True
reddit_1t7hgak_okqv3jk,majority_keep,sample_low_toxicity,274.0,48.0,2.0,24.0,0.01824817518248175,10.647340425531919,60.58250000000001,False,False,False
reddit_1t7hgak_okr2v16,majority_keep,sample_middle_toxicity,290.0,52.0,5.0,10.4,0.04482758620689655,7.004705882352944,75.12117647058825,False,True,True
reddit_1t7hgak_okrgjpn,majority_keep,sample_middle_toxicity,289.0,48.0,2.0,24.0,0.006920415224913495,13.928333333333335,37.950000000000045,False,True,True
reddit_1t7hgak_okul9as,majority_keep,sample_middle_toxicity,258.0,47.0,3.0,15.666666666666666,0.03875968992248062,6.294347826086959,77.24557971014494,False,True,False
reddit_1t7sgwu_oks3iss,unanimous_keep,sample_middle_toxicity,133.0,26.0,2.0,13.0,0.022556390977443608,3.84,88.905,True,True,False
reddit_1t84e9i_oktierd,majority_keep,sample_middle_toxicity,158.0,26.0,2.0,13.0,0.03164556962025317,10.23166666666667,43.08000000000001,False,True,True
reddit_1t84e9i_oku5em1,unanimous_keep,sample_low_toxicity,208.0,39.0,2.0,19.5,0.014423076923076924,9.563717948717951,61.2271153846154,False,True,True
reddit_1t84e9i_okxfh8s,majority_keep,sample_middle_toxicity,228.0,44.0,2.0,22.0,0.008771929824561403,9.349090909090915,67.21863636363636,False,True,True
reddit_1t84e9i_ol0lpvm,majority_keep,sample_low_toxicity,271.0,47.0,4.0,11.75,0.01845018450184502,6.3159042553191505,70.70875000000001,True,False,True
reddit_1t94ew5_ol07b91,majority_keep,sample_middle_toxicity,49.0,8.0,1.0,8.0,0.04081632653061224,6.705000000000002,61.24000000000001,False,True,True
reddit_1t9dxnw_ol1outb,majority_keep,sample_low_toxicity,179.0,37.0,2.0,18.5,0.0335195530726257,6.657647058823532,77.60941176470591,False,True,True
reddit_1t9j11f_ol2epre,unanimous_keep,sample_middle_toxicity,273.0,54.0,6.0,9.0,0.05128205128205128,2.766923076923078,90.66141025641029,False,True,True
reddit_1t9j11f_ol2rd6t,majority_keep,sample_middle_toxicity,264.0,57.0,2.0,28.5,0.015151515151515152,8.774122807017545,82.91802631578949,False,True,True
reddit_1t9j11f_ol2slt0,majority_keep,sample_middle_toxicity,313.0,60.0,5.0,12.0,0.04153354632587859,5.0120000000000005,80.14613559322035,False,True,True
reddit_1ta0m34_ol675jn,majority_keep,sample_middle_toxicity,39.0,6.0,2.0,3.0,0.07692307692307693,6.416666666666668,59.745000000000005,False,True,True
reddit_1ta0m34_ol6jf3r,unanimous_keep,sample_middle_toxicity,155.0,29.0,2.0,14.5,0.03225806451612903,6.282407407407408,74.06583333333336,False,True,True
reddit_1ta0m34_ol8pn3p,unanimous_keep,sample_low_toxicity,304.0,53.0,3.0,17.666666666666668,0.029605263157894735,8.888679245283019,62.80144654088052,False,True,True
reddit_1tafgbu_ol9w91x,majority_keep,sample_middle_toxicity,129.0,23.0,2.0,11.5,0.015503875968992248,5.312391304347827,77.45815217391308,False,False,True
reddit_1tay1l3_olckboz,unanimous_remove,sample_middle_toxicity,107.0,19.0,1.0,19.0,0.009345794392523364,9.830526315789477,58.42368421052632,False,True,True
reddit_1tb0kz2_oldtcaj,majority_keep,sample_low_toxicity,314.0,55.0,3.0,18.333333333333332,0.01910828025477707,9.111320754716985,61.20522012578617,False,True,True
reddit_1tb0kz2_olf8kgy,majority_keep,sample_low_toxicity,108.0,16.0,1.0,16.0,0.018518518518518517,12.037500000000005,37.25750000000002,False,True,False
reddit_1tb51jw_ole51f5,unanimous_keep,sample_low_toxicity,73.0,15.0,1.0,15.0,0.0410958904109589,5.884285714285717,77.81071428571428,False,True,False
reddit_1tb7nve_olhj9ij,majority_remove,sample_high_toxicity,42.0,9.0,1.0,9.0,0.023809523809523808,1.0311111111111124,103.70000000000002,False,False,True
reddit_1tbfpk8_olishgv,majority_keep,sample_middle_toxicity,245.0,37.0,1.0,37.0,0.0163265306122449,21.066666666666666,8.14500000000001,False,True,True
reddit_1tbfpk8_ollijym,majority_keep,sample_low_toxicity,76.0,14.0,2.0,7.0,0.039473684210526314,3.283461538461541,83.09903846153848,False,True,True
reddit_1tbh797_olgx8nu,unanimous_keep,sample_middle_toxicity,130.0,27.0,2.0,13.5,0.023076923076923078,4.003076923076925,89.51692307692309,True,False,False
reddit_1tbl0de_olhi4yp,unanimous_keep,sample_middle_toxicity,164.0,32.0,1.0,32.0,0.024390243902439025,12.867741935483874,58.021612903225815,False,True,True
reddit_1tbl0de_olk98kt,unanimous_keep,sample_low_toxicity,316.0,61.0,4.0,15.25,0.028481012658227847,6.762500000000003,72.85019067796611,False,False,True
reddit_1tbl33j_omq3mwq,unanimous_keep,sample_middle_toxicity,167.0,33.0,3.0,11.0,0.029940119760479042,4.807741935483875,78.99827956989247,False,True,True
reddit_1tbxjhn_olms1ty,majority_keep,sample_low_toxicity,22.0,4.0,1.0,4.0,0.09090909090909091,0.7199999999999989,97.025,True,False,False
reddit_1tby132_oln2mqn,majority_keep,sample_low_toxicity,231.0,42.0,2.0,21.0,0.021645021645021644,8.958589743589744,65.56557692307695,False,True,True
reddit_1tby338_olkufad,majority_keep,sample_high_toxicity,55.0,9.0,1.0,9.0,0.0,10.208888888888893,37.900000000000034,False,True,True
reddit_1tby338_olog16b,unanimous_keep,sample_middle_toxicity,222.0,40.0,1.0,40.0,0.03153153153153153,18.3,35.10500000000002,False,True,True
reddit_1tby4a6_ollmas2,majority_keep,sample_middle_toxicity,185.0,35.0,3.0,11.666666666666666,0.016216216216216217,5.8171428571428585,74.13619047619049,False,False,True
reddit_1tbymrb_olk9ohj,majority_keep,sample_middle_toxicity,268.0,48.0,4.0,12.0,0.041044776119402986,5.568913043478261,75.61902173913046,False,True,False
reddit_1tbymrb_ollmjzr,unanimous_keep,sample_low_toxicity,223.0,40.0,3.0,13.333333333333334,0.03139013452914798,6.118421052631579,73.75728070175441,True,True,False
reddit_1tbymrb_olmq852,majority_keep,sample_middle_toxicity,215.0,43.0,3.0,14.333333333333334,0.013953488372093023,5.641860465116281,80.14248062015508,False,False,True
reddit_1tbymrb_olp7pl6,unanimous_keep,sample_low_toxicity,268.0,48.0,4.0,12.0,0.033582089552238806,7.571223404255321,61.70875000000001,True,True,True
reddit_1tbymrb_olqz9cv,majority_remove,sample_middle_toxicity,115.0,20.0,1.0,20.0,0.034782608695652174,11.090000000000003,51.17500000000004,True,True,True
reddit_1tbymrb_olrhvme,majority_keep,sample_high_toxicity,110.0,19.0,1.0,19.0,0.00909090909090909,7.346315789473689,76.2342105263158,False,True,True
reddit_1tbymrb_olri52p,majority_remove,sample_middle_toxicity,258.0,43.0,3.0,14.333333333333334,0.023255813953488372,10.098571428571429,47.59642857142859,False,True,True
reddit_1tbzoap_oln0604,majority_keep,sample_low_toxicity,51.0,10.0,1.0,10.0,0.0392156862745098,4.964444444444446,75.50000000000003,False,False,False
reddit_1tbzoap_olnkun7,majority_keep,sample_middle_toxicity,165.0,30.0,2.0,15.0,0.03636363636363636,9.677142857142858,50.61785714285716,False,True,True
reddit_1tbzoap_ologahu,unanimous_keep,sample_middle_toxicity,315.0,54.0,4.0,13.5,0.0380952380952381,6.041,74.01550000000002,False,True,True
reddit_1tbzoap_oloo6pc,majority_remove,sample_high_toxicity,36.0,5.0,1.0,5.0,0.05555555555555555,9.96,32.56000000000003,False,True,True
reddit_1tbzoap_olpsrjm,majority_keep,sample_middle_toxicity,290.0,50.0,1.0,50.0,0.006896551724137931,22.554000000000006,22.417,False,False,False
reddit_1tc212o_oll3ife,unanimous_keep,sample_middle_toxicity,71.0,9.0,1.0,9.0,0.014084507042253521,16.764444444444447,-9.099999999999994,True,False,False
reddit_1tc5bjg_ollxxgv,unanimous_keep,sample_middle_toxicity,271.0,51.0,3.0,17.0,0.014760147601476014,9.790000000000003,54.558333333333366,True,False,True
reddit_1tcfc4a_olnrtop,majority_keep,sample_low_toxicity,46.0,9.0,1.0,9.0,0.021739130434782608,2.342222222222226,94.30000000000001,False,True,True
reddit_1tcxfbg_olrl899,majority_keep,sample_low_toxicity,58.0,9.0,1.0,9.0,0.017241379310344827,10.208888888888893,37.900000000000034,False,False,False
reddit_1tcxfbg_ols2j68,majority_keep,sample_low_toxicity,257.0,51.0,5.0,10.2,0.042801556420233464,5.854000000000003,70.19100000000002,True,True,True
reddit_1td5f0g_olu7oke,majority_keep,sample_middle_toxicity,150.0,31.0,2.0,15.5,0.04,6.38666666666667,75.99000000000002,False,True,True
reddit_1td5imr_oltobq6,majority_remove,sample_middle_toxicity,14.0,1.0,1.0,1.0,0.21428571428571427,0.0,0.0,False,True,False
reddit_1td5imr_olu1i5y,unanimous_keep,sample_middle_toxicity,252.0,44.0,1.0,44.0,0.015873015873015872,21.147272727272725,21.815909090909116,False,False,True
reddit_1td5imr_oluwtpv,unanimous_keep,sample_middle_toxicity,69.0,11.0,1.0,11.0,0.014492753623188406,11.22727272727273,34.160909090909115,False,True,True
reddit_1td5imr_olv7u2v,majority_keep,sample_low_toxicity,299.0,45.0,1.0,45.0,0.006688963210702341,23.133488372093023,5.7946511627907,False,True,True
reddit_1td5imr_olvzmsy,majority_keep,sample_middle_toxicity,191.0,32.0,1.0,32.0,0.02617801047120419,16.589090909090917,34.903636363636366,False,True,True
reddit_1td5imr_om08cs6,unanimous_keep,sample_middle_toxicity,226.0,44.0,2.0,22.0,0.017699115044247787,10.083372093023254,61.063662790697705,False,True,True
reddit_1td83n8_olu1gik,majority_remove,sample_middle_toxicity,70.0,14.0,1.0,14.0,0.0,5.041428571428572,83.85357142857143,True,False,True
reddit_1tdeeum_olvcq3u,unanimous_keep,sample_low_toxicity,147.0,26.0,1.0,26.0,0.013605442176870748,10.888461538461542,63.306538461538494,False,False,True
reddit_1tdva8i_olynv9k,majority_remove,sample_middle_toxicity,124.0,21.0,1.0,21.0,0.016129032258064516,11.68,46.94500000000005,False,True,False
reddit_1tdva8i_om00wwf,unanimous_keep,sample_middle_toxicity,245.0,44.0,2.0,22.0,0.02857142857142857,10.248902439024391,58.09579268292684,False,False,True
reddit_1tdva8i_omfozh9,majority_keep,sample_middle_toxicity,275.0,52.0,2.0,26.0,0.02909090909090909,10.240833333333335,64.38750000000003,False,True,True
reddit_1tdw39i_olyi17n,majority_keep,sample_middle_toxicity,320.0,54.0,8.0,6.75,0.0375,5.174681372549021,69.3173161764706,False,True,True
reddit_1tdxi7e_olyxmte,majority_keep,sample_low_toxicity,296.0,51.0,1.0,51.0,0.02027027027027027,20.584166666666665,32.977500000000006,False,True,True
reddit_1tdxi7e_om154fb,unanimous_keep,sample_middle_toxicity,66.0,13.0,1.0,13.0,0.0,4.91076923076923,83.0092307692308,False,True,True
reddit_1tdz1jj_olz786h,majority_keep,sample_middle_toxicity,70.0,13.0,1.0,13.0,0.04285714285714286,8.756666666666668,53.655,False,True,True
reddit_1tdz1jj_om14z6d,majority_keep,sample_middle_toxicity,112.0,23.0,2.0,11.5,0.044642857142857144,8.544545454545453,72.9868181818182,False,True,True
reddit_1te3cn8_om0gy26,majority_remove,sample_middle_toxicity,210.0,32.0,1.0,32.0,0.02857142857142857,18.277500000000007,21.01750000000004,False,True,True
reddit_1te3o84_om1gjvn,majority_keep,sample_middle_toxicity,224.0,41.0,2.0,20.5,0.017857142857142856,8.435000000000002,70.21000000000004,False,False,False
reddit_1te3o84_om2by07,majority_keep,sample_low_toxicity,135.0,24.0,1.0,24.0,0.037037037037037035,9.995000000000001,66.15000000000003,True,True,False
reddit_1te63uk_om053mf,majority_keep,sample_middle_toxicity,97.0,20.0,2.0,10.0,0.020618556701030927,2.4700000000000024,95.165,False,True,True
reddit_1te7rzv_om21p4y,unanimous_keep,sample_middle_toxicity,295.0,46.0,3.0,15.333333333333334,0.023728813559322035,10.655217391304351,45.980362318840605,False,True,True
reddit_1te8bkj_om2191f,majority_keep,sample_middle_toxicity,84.0,16.0,2.0,8.0,0.023809523809523808,5.230000000000004,71.81500000000001,False,True,True
reddit_1te9myt_om0woz9,majority_keep,sample_middle_toxicity,177.0,29.0,3.0,9.666666666666666,0.02824858757062147,8.460740740740743,50.433333333333366,True,True,False
reddit_1tebmug_oq5x0g7,majority_keep,sample_middle_toxicity,267.0,52.0,2.0,26.0,0.0149812734082397,10.78245098039216,63.17602941176473,False,False,True
reddit_1tenhje_om3x5p0,majority_keep,sample_low_toxicity,138.0,26.0,1.0,26.0,0.007246376811594203,10.978333333333332,59.10000000000004,False,False,True
reddit_1tenhje_om40jif,majority_keep,sample_middle_toxicity,98.0,17.0,1.0,17.0,0.01020408163265306,9.781176470588235,55.21529411764709,False,True,True
reddit_1tenhje_om4ni2g,unanimous_remove,sample_middle_toxicity,71.0,13.0,2.0,6.5,0.028169014084507043,5.098846153846157,70.08365384615385,False,True,True
reddit_1teskmx_om6vp48,unanimous_keep,sample_middle_toxicity,271.0,50.0,3.0,16.666666666666668,0.01107011070110701,8.374000000000002,64.71033333333337,False,True,True
reddit_1tezk4y_om74p92,majority_keep,sample_middle_toxicity,102.0,19.0,3.0,6.333333333333333,0.0392156862745098,6.055294117647062,61.742156862745134,False,True,True
reddit_1tf2h4l_om6lwgb,unanimous_keep,sample_middle_toxicity,316.0,58.0,6.0,9.666666666666666,0.02531645569620253,3.641315789473687,85.87671052631579,False,True,True
reddit_1tfkp9u_omcm6bs,unanimous_keep,sample_middle_toxicity,230.0,40.0,3.0,13.333333333333334,0.021739130434782608,7.015000000000001,68.51666666666668,False,False,True
reddit_1tfsdpo_omciyvs,unanimous_keep,sample_middle_toxicity,127.0,19.0,1.0,19.0,0.047244094488188976,13.556842105263158,31.70789473684212,False,True,True
reddit_1tfvn1i_omchsm5,majority_keep,sample_middle_toxicity,75.0,11.0,1.0,11.0,0.04,12.3,26.470000000000027,False,True,True
reddit_1tfyn7h_omf3eod,unanimous_keep,sample_middle_toxicity,189.0,32.0,1.0,32.0,0.015873015873015872,14.390322580645162,47.10548387096776,False,True,True
reddit_1tg5jhb_omg7e5j,unanimous_keep,sample_low_toxicity,202.0,33.0,3.0,11.0,0.019801980198019802,8.113750000000003,55.88958333333338,False,True,True
reddit_1tg5jhb_omgcwul,majority_keep,sample_high_toxicity,210.0,42.0,2.0,21.0,0.05714285714285714,5.780000000000001,89.24500000000003,False,True,True
reddit_1tgafkf_omhmrw3,unanimous_remove,sample_middle_toxicity,234.0,36.0,2.0,18.0,0.021367521367521368,12.137857142857143,39.20964285714288,False,True,True
reddit_1tgp392_omlqo5c,unanimous_keep,sample_high_toxicity,103.0,18.0,2.0,9.0,0.019417475728155338,3.653333333333336,84.90000000000003,False,True,True
reddit_1tgtqpq_omj9llo,majority_keep,sample_middle_toxicity,206.0,35.0,2.0,17.5,0.024271844660194174,11.226818181818185,43.96022727272728,False,False,True
reddit_1tgtqpq_omknbec,majority_remove,sample_middle_toxicity,174.0,32.0,3.0,10.666666666666666,0.04597701149425287,5.223333333333333,75.42500000000001,False,True,True
reddit_1tgwl5y_omj5a8g,majority_remove,sample_high_toxicity,42.0,7.0,2.0,3.5,0.047619047619047616,4.317857142857143,70.33964285714288,False,False,True
reddit_1tgwl5y_omjmjse,majority_keep,sample_high_toxicity,250.0,44.0,6.0,7.333333333333333,0.052,5.401904761904763,68.8014285714286,False,True,True
reddit_1tgwl5y_omjmvot,majority_keep,sample_middle_toxicity,121.0,21.0,1.0,21.0,0.08264462809917356,8.588421052631581,67.32894736842107,False,False,False
reddit_1tgwl5y_omjy6ar,unanimous_keep,sample_low_toxicity,110.0,18.0,1.0,18.0,0.01818181818181818,12.407777777777778,38.16500000000002,False,False,False
reddit_1tgwl5y_oms9xt5,majority_keep,sample_middle_toxicity,306.0,53.0,2.0,26.5,0.016339869281045753,13.790294117647061,41.611323529411806,False,True,True
reddit_1tgwl5y_onh8itk,unanimous_keep,sample_middle_toxicity,280.0,48.0,3.0,16.0,0.03214285714285714,9.62913043478261,53.33688405797105,False,False,True
reddit_1tgxg10_omle9dp,unanimous_keep,sample_low_toxicity,57.0,11.0,1.0,11.0,0.0,4.790909090909089,80.30636363636367,True,False,True
reddit_1tgxg10_omlhia5,majority_keep,sample_middle_toxicity,79.0,16.0,1.0,16.0,0.0379746835443038,5.993333333333336,78.81000000000003,False,False,False
reddit_1tgxg10_omlqdzp,unanimous_keep,sample_middle_toxicity,281.0,50.0,3.0,16.666666666666668,0.010676156583629894,7.43,71.47833333333337,False,True,True
reddit_1tgxg10_omnc9wg,unanimous_keep,sample_low_toxicity,316.0,56.0,5.0,11.2,0.0379746835443038,6.540518518518521,67.40633333333335,False,True,True
reddit_1tgxg10_omvq49e,unanimous_keep,sample_middle_toxicity,313.0,58.0,5.0,11.6,0.03514376996805112,4.382315789473687,83.9482105263158,False,False,True
reddit_1th143w_omkaefg,majority_keep,sample_middle_toxicity,119.0,23.0,1.0,23.0,0.01680672268907563,10.153636363636362,61.45045454545455,False,True,True
reddit_1th143w_omkko0y,majority_keep,sample_middle_toxicity,303.0,48.0,3.0,16.0,0.013201320132013201,12.037500000000005,37.25750000000002,True,True,True
reddit_1th143w_omljdea,unanimous_remove,sample_middle_toxicity,309.0,53.0,3.0,17.666666666666668,0.038834951456310676,10.286122448979594,50.407687074829965,False,True,True
reddit_1th143w_omlnamo,majority_keep,sample_middle_toxicity,248.0,39.0,2.0,19.5,0.020161290322580645,14.374444444444446,24.064999999999998,False,True,True
reddit_1th143w_omofznr,unanimous_keep,sample_middle_toxicity,119.0,21.0,1.0,21.0,0.01680672268907563,11.090000000000003,51.17500000000004,True,False,False
reddit_1th143w_ompft8a,unanimous_keep,sample_middle_toxicity,248.0,46.0,4.0,11.5,0.04435483870967742,6.439709302325582,68.04002906976746,False,False,True
reddit_1th143w_omr9foo,unanimous_keep,sample_middle_toxicity,229.0,44.0,3.0,14.666666666666666,0.039301310043668124,6.726153846153846,69.99384615384618,False,False,False
reddit_1th7kwt_omo23ln,majority_keep,sample_low_toxicity,235.0,41.0,2.0,20.5,0.01702127659574468,10.824512195121955,53.968963414634146,True,False,False
reddit_1thjzsf_omo9ynk,majority_keep,sample_middle_toxicity,296.0,53.0,4.0,13.25,0.02702702702702703,6.966813725490198,67.8231617647059,False,True,True
reddit_1thkj73_omqxcsz,unanimous_keep,sample_middle_toxicity,121.0,26.0,2.0,13.0,0.049586776859504134,5.333000000000002,79.09150000000001,False,True,True
reddit_1thmgk5_omp1bxa,majority_keep,sample_middle_toxicity,97.0,15.0,1.0,15.0,0.010309278350515464,12.286666666666669,33.690000000000026,False,True,True
reddit_1thox1m_ompbprv,unanimous_keep,sample_low_toxicity,170.0,33.0,2.0,16.5,0.023529411764705882,8.008636363636366,67.03295454545456,False,True,True
reddit_1thox1m_ompd8zn,majority_remove,sample_middle_toxicity,65.0,10.0,1.0,10.0,0.015384615384615385,9.55,44.405,False,True,True
reddit_1thox1m_omqkoiu,majority_keep,sample_low_toxicity,181.0,36.0,1.0,36.0,0.022099447513812154,12.65575757575758,63.10363636363638,False,True,True
reddit_1thqwmy_ompi3zg,majority_keep,sample_low_toxicity,309.0,49.0,3.0,16.333333333333332,0.03559870550161812,12.037500000000005,37.25750000000002,False,True,True
reddit_1thqwmy_ompl1kw,majority_keep,sample_middle_toxicity,152.0,30.0,3.0,10.0,0.02631578947368421,2.5824999999999996,95.54583333333336,False,True,True
reddit_1thqwmy_ompl7n7,unanimous_keep,sample_middle_toxicity,253.0,41.0,2.0,20.5,0.011857707509881422,11.400121951219514,49.842134146341465,True,True,False
reddit_1thqwmy_ompsmyo,unanimous_keep,sample_middle_toxicity,262.0,46.0,2.0,23.0,0.026717557251908396,11.181046511627908,53.19389534883723,False,True,True
reddit_1thqwmy_omptxn2,majority_keep,sample_middle_toxicity,104.0,13.0,1.0,13.0,0.04807692307692308,16.710769230769234,-1.5907692307691832,False,True,True
reddit_1thqwmy_omq81hl,unanimous_keep,sample_middle_toxicity,247.0,37.0,4.0,9.25,0.016194331983805668,9.066148648648653,46.53814189189191,False,True,True
reddit_1thqwmy_omqi22a,majority_keep,sample_middle_toxicity,273.0,42.0,3.0,14.0,0.03296703296703297,9.310731707317071,52.65113821138215,False,True,True
reddit_1thqwmy_oms9fxc,unanimous_keep,sample_middle_toxicity,298.0,46.0,2.0,23.0,0.10067114093959731,18.595000000000002,32.99000000000004,False,True,True
reddit_1thqwmy_omsc4xw,unanimous_keep,sample_middle_toxicity,304.0,52.0,3.0,17.333333333333332,0.019736842105263157,10.004615384615388,54.20705128205128,False,True,True
reddit_1thqwmy_omt19aj,unanimous_keep,sample_middle_toxicity,144.0,25.0,1.0,25.0,0.006944444444444444,12.945,45.00000000000003,False,True,True
reddit_1ti0vzj_omrv089,unanimous_keep,sample_low_toxicity,107.0,20.0,2.0,10.0,0.028037383177570093,4.262368421052631,81.42407894736841,True,False,True
reddit_1ti151j_omrb113,unanimous_keep,sample_middle_toxicity,316.0,48.0,3.0,16.0,0.012658227848101266,11.05416666666667,44.307500000000005,False,True,True
reddit_1ti151j_omrce6d,majority_remove,sample_high_toxicity,166.0,30.0,3.0,10.0,0.024096385542168676,4.048965517241381,83.2509195402299,False,True,True
reddit_1ti151j_omreu3n,unanimous_keep,sample_low_toxicity,203.0,38.0,3.0,12.666666666666666,0.024630541871921183,13.634705882352943,57.86617647058826,False,False,False
reddit_1ti151j_omrlwdv,unanimous_keep,sample_low_toxicity,280.0,51.0,3.0,17.0,0.014285714285714285,7.902000000000001,68.09433333333337,False,True,True
reddit_1ti151j_omrriit,majority_keep,sample_low_toxicity,221.0,39.0,3.0,13.0,0.03167420814479638,9.188571428571429,49.96476190476193,False,True,True
reddit_1ti151j_omvz46r,unanimous_keep,sample_middle_toxicity,213.0,43.0,2.0,21.5,0.018779342723004695,8.162441860465119,74.83575581395351,False,True,True
reddit_1ti509f_omrvw42,majority_remove,sample_middle_toxicity,50.0,9.0,1.0,9.0,0.04,6.2755555555555596,66.10000000000002,False,True,True
reddit_1ti509f_oms60op,unanimous_keep,sample_low_toxicity,78.0,14.0,1.0,14.0,0.01282051282051282,9.44923076923077,50.470769230769264,False,True,True
reddit_1ti509f_oms948i,unanimous_keep,sample_middle_toxicity,108.0,18.0,3.0,6.0,0.05555555555555555,6.2755555555555596,66.10000000000002,False,True,True
reddit_1ti509f_omspxwi,unanimous_keep,sample_low_toxicity,206.0,31.0,2.0,15.5,0.04854368932038835,11.893333333333334,36.51000000000002,False,True,True
reddit_1ti5cqx_oms3iij,majority_keep,sample_middle_toxicity,220.0,36.0,2.0,18.0,0.013636363636363636,12.475000000000001,36.79250000000002,True,True,True
reddit_1ti5cqx_oms4w49,unanimous_keep,sample_middle_toxicity,162.0,30.0,2.0,15.0,0.030864197530864196,6.747758620689655,72.51060344827589,False,True,True
reddit_1ti5cqx_omsgcr2,majority_keep,sample_middle_toxicity,282.0,54.0,5.0,10.8,0.031914893617021274,6.500925925925927,72.49916666666671,False,True,True
reddit_1ti5cqx_omszsu8,majority_keep,sample_high_toxicity,85.0,16.0,2.0,8.0,0.023529411764705882,3.7550000000000026,82.39000000000001,False,True,False
reddit_1ti5cqx_omu0snk,unanimous_keep,sample_middle_toxicity,186.0,32.0,2.0,16.0,0.016129032258064516,10.562500000000004,47.83250000000001,False,True,False
reddit_1ti5cqx_omvgenp,unanimous_keep,sample_low_toxicity,126.0,24.0,3.0,8.0,0.023809523809523808,3.2633333333333354,85.91500000000002,False,True,True
reddit_1ti5cqx_omvuygi,majority_keep,sample_middle_toxicity,229.0,46.0,3.0,15.333333333333334,0.034934497816593885,6.190697674418605,76.20759689922484,False,True,True
reddit_1ti5ovh_omsbj5w,majority_keep,sample_middle_toxicity,181.0,30.0,1.0,30.0,0.0,16.878620689655175,25.703448275862087,False,True,True
reddit_1ti5ovh_omt7uld,majority_keep,sample_middle_toxicity,299.0,52.0,3.0,17.333333333333332,0.06020066889632107,11.96166666666667,52.05000000000001,False,False,True
reddit_1ti5ovh_omu2l6g,majority_keep,sample_middle_toxicity,154.0,24.0,2.0,12.0,0.012987012987012988,10.23166666666667,43.08000000000001,False,True,True
reddit_1ti5ovh_omustwm,majority_keep,sample_middle_toxicity,89.0,18.0,1.0,18.0,0.0,7.967368421052633,71.78157894736843,False,True,True
reddit_1ti6ied_oms7bdb,unanimous_keep,sample_middle_toxicity,119.0,17.0,2.0,8.5,0.01680672268907563,11.325000000000003,29.00750000000002,False,True,True
reddit_1ti6ied_omsbfee,majority_remove,sample_high_toxicity,209.0,37.0,1.0,37.0,0.009569377990430622,17.133333333333336,36.34500000000003,False,True,True
reddit_1ti6ied_omtbx2k,unanimous_keep,sample_middle_toxicity,166.0,26.0,1.0,26.0,0.012048192771084338,14.456,35.94800000000001,False,True,True
reddit_1ti6ied_omvt302,unanimous_keep,sample_middle_toxicity,221.0,32.0,3.0,10.666666666666666,0.027149321266968326,12.420645161290324,24.41763440860217,False,True,True
reddit_1ti6ied_on1o0a6,majority_keep,sample_middle_toxicity,195.0,37.0,4.0,9.25,0.02564102564102564,4.964444444444446,75.50000000000003,False,True,True
reddit_1ti75h1_omsi2rp,unanimous_keep,sample_low_toxicity,93.0,14.0,2.0,7.0,0.043010752688172046,9.637307692307694,37.54519230769233,True,True,True
reddit_1ti75h1_omskbai,majority_keep,sample_middle_toxicity,278.0,53.0,3.0,17.666666666666668,0.03237410071942446,6.773333333333333,76.78000000000003,False,True,False
reddit_1ti75h1_omsm0uv,unanimous_keep,sample_high_toxicity,80.0,11.0,2.0,5.5,0.05,13.5,7.180000000000035,False,True,True
reddit_1tig64l_omugf9o,majority_keep,sample_high_toxicity,117.0,21.0,2.0,10.5,0.06837606837606838,5.504473684210527,72.51881578947369,False,False,True
reddit_1tig64l_omurknw,majority_keep,sample_middle_toxicity,39.0,5.0,2.0,2.5,0.10256410256410256,8.985000000000003,35.097500000000025,True,False,True
reddit_1tig64l_omwxi27,unanimous_keep,sample_middle_toxicity,267.0,51.0,2.0,25.5,0.018726591760299626,10.822142857142858,61.110357142857154,False,True,True
reddit_1tig64l_omzp21h,majority_remove,sample_middle_toxicity,295.0,51.0,4.0,12.75,0.023728813559322035,7.429558823529412,64.50551470588238,False,True,True
reddit_1tikf90_omwfw3v,majority_keep,sample_middle_toxicity,216.0,37.0,4.0,9.25,0.041666666666666664,8.366893939393943,49.77034090909092,False,True,True
reddit_1tikf90_omxjsqv,unanimous_keep,sample_low_toxicity,312.0,56.0,4.0,14.0,0.019230769230769232,7.579772727272729,65.2096590909091,True,False,False
reddit_1til7dr_omxbr4r,unanimous_keep,sample_middle_toxicity,316.0,60.0,2.0,30.0,0.05063291139240506,12.640000000000004,52.530000000000015,False,True,True
reddit_1til7dr_omxx2tg,unanimous_keep,sample_middle_toxicity,268.0,40.0,3.0,13.333333333333334,0.026119402985074626,11.264615384615386,37.455384615384645,True,True,True
reddit_1til7dr_omxyyx5,majority_keep,sample_middle_toxicity,199.0,30.0,2.0,15.0,0.03015075376884422,11.630517241379316,37.50370689655173,False,True,False
reddit_1til7dr_omzmcn6,majority_keep,sample_middle_toxicity,142.0,28.0,3.0,9.333333333333334,0.02112676056338028,4.064285714285717,82.54738095238096,False,True,True
reddit_1til7dr_on3ahn3,unanimous_keep,sample_middle_toxicity,233.0,46.0,2.0,23.0,0.017167381974248927,8.162441860465119,74.83575581395351,False,True,True
reddit_1tim947_omvanuz,majority_keep,sample_middle_toxicity,282.0,54.0,4.0,13.5,0.01773049645390071,7.593518518518522,64.66583333333335,False,True,True
reddit_1tim947_omvr4ts,majority_keep,sample_middle_toxicity,318.0,59.0,4.0,14.75,0.0220125786163522,6.747758620689655,72.51060344827589,True,True,True
reddit_1tin8qq_omwo6nq,majority_keep,sample_middle_toxicity,208.0,40.0,3.0,13.333333333333334,0.04326923076923077,7.445769230769233,76.4117307692308,False,True,True
reddit_1tiody8_omxig9v,majority_remove,sample_low_toxicity,312.0,55.0,3.0,18.333333333333332,0.016025641025641024,8.294545454545453,68.24848484848488,False,True,True
reddit_1tiody8_omxlojc,majority_keep,sample_middle_toxicity,298.0,55.0,7.0,7.857142857142857,0.030201342281879196,4.2836118598382775,77.83679245283021,False,False,True
reddit_1tiody8_omxmdhs,unanimous_keep,sample_middle_toxicity,263.0,42.0,2.0,21.0,0.053231939163498096,11.681666666666668,46.04250000000002,False,True,True
reddit_1tiody8_omxs4db,unanimous_keep,sample_middle_toxicity,253.0,46.0,5.0,9.2,0.019762845849802372,4.671913043478263,77.95352173913045,False,True,True
reddit_1tiody8_omxz6kv,majority_keep,sample_middle_toxicity,297.0,53.0,2.0,26.5,0.02356902356902357,11.785408163265306,54.20423469387757,False,False,False
reddit_1tiody8_omyyrp6,majority_keep,sample_middle_toxicity,132.0,26.0,1.0,26.0,0.022727272727272728,10.68,63.020000000000024,False,True,True
reddit_1tis5zu_omxtdlz,unanimous_keep,sample_low_toxicity,191.0,35.0,2.0,17.5,0.031413612565445025,8.723787878787878,61.90568181818185,False,True,True
reddit_1tis5zu_omzozhs,unanimous_keep,sample_middle_toxicity,47.0,6.0,1.0,6.0,0.0851063829787234,12.316666666666666,17.44500000000002,False,True,False
reddit_1tiu061_omxart6,unanimous_keep,sample_middle_toxicity,293.0,47.0,4.0,11.75,0.013651877133105802,9.077606382978725,50.90875,False,True,True
reddit_1tiu061_omxubjx,unanimous_keep,sample_middle_toxicity,176.0,33.0,2.0,16.5,0.03409090909090909,6.506250000000001,76.91375000000001,False,True,True
reddit_1tiwm9n_omy5yei,unanimous_keep,sample_middle_toxicity,101.0,19.0,2.0,9.5,0.019801980198019802,5.504473684210527,72.51881578947369,False,True,True
reddit_1tiwm9n_ond63mw,majority_remove,sample_middle_toxicity,204.0,40.0,2.0,20.0,0.029411764705882353,7.656842105263159,74.00789473684213,False,True,True
reddit_1tj016u_omxz8oe,unanimous_keep,sample_middle_toxicity,84.0,12.0,1.0,12.0,0.047619047619047616,9.740000000000002,46.60500000000002,True,True,False
reddit_1tj016u_omzvm8i,majority_remove,sample_middle_toxicity,138.0,26.0,1.0,26.0,0.014492753623188406,9.52692307692308,73.06807692307696,False,True,True
reddit_1tjgzeh_on38qk1,majority_keep,sample_middle_toxicity,177.0,34.0,2.0,17.0,0.03389830508474576,8.350000000000005,63.69500000000001,False,True,True
reddit_1tjgzeh_on3nu3v,unanimous_keep,sample_middle_toxicity,319.0,60.0,2.0,30.0,0.025078369905956112,12.402758620689657,57.793103448275886,False,True,False
reddit_1tjltsf_on3e3ne,majority_keep,sample_middle_toxicity,302.0,58.0,4.0,14.5,0.033112582781456956,6.500925925925927,72.49916666666671,False,True,True
reddit_1tjno36_on2o77a,majority_remove,sample_middle_toxicity,146.0,24.0,1.0,24.0,0.00684931506849315,13.436666666666667,41.47500000000002,False,True,True
reddit_1tjno36_on2q4tq,majority_remove,sample_high_toxicity,96.0,18.0,2.0,9.0,0.0625,4.383823529411767,78.77220588235295,False,False,True
reddit_1tjno36_on9mz6p,majority_keep,sample_middle_toxicity,72.0,13.0,3.0,4.333333333333333,0.08333333333333333,1.7033333333333331,89.97500000000002,False,False,False
reddit_1tjqo6g_on3lub6,majority_keep,sample_middle_toxicity,212.0,32.0,1.0,32.0,0.07547169811320754,20.480645161290322,3.440967741935509,False,True,True
reddit_1tjqo6g_on42gg1,majority_keep,sample_middle_toxicity,57.0,11.0,2.0,5.5,0.05263157894736842,5.240000000000002,66.40000000000003,False,True,True
reddit_1tjs35z_on5bp0m,majority_keep,sample_low_toxicity,254.0,44.0,2.0,22.0,0.011811023622047244,12.553139534883723,43.35668604651164,False,True,True
reddit_1tjs35z_on5jogp,majority_keep,sample_middle_toxicity,257.0,42.0,3.0,14.0,0.03501945525291829,12.589358974358976,39.53480769230771,False,True,True
reddit_1tjs35z_on5nh4x,majority_remove,sample_high_toxicity,138.0,24.0,2.0,12.0,0.028985507246376812,8.756666666666668,53.655,False,True,True
reddit_1tjs35z_on5ohxz,unanimous_keep,sample_low_toxicity,142.0,16.0,2.0,8.0,0.02112676056338028,16.292500000000004,-7.497499999999974,False,True,False
reddit_1tjuw8j_on4fua1,unanimous_keep,sample_high_toxicity,188.0,36.0,4.0,9.0,0.031914893617021274,3.6897058823529427,83.74867647058825,False,False,True
reddit_1tjuw8j_on63m2o,majority_keep,sample_middle_toxicity,238.0,44.0,3.0,14.666666666666666,0.01680672268907563,6.190697674418605,76.20759689922484,False,True,True
reddit_1tk95ck_on8jf3y,majority_keep,sample_high_toxicity,167.0,30.0,2.0,15.0,0.011976047904191617,6.442096774193548,76.48314516129035,False,True,True
reddit_1tki53j_on9j9zl,majority_keep,sample_middle_toxicity,118.0,21.0,2.0,10.5,0.0423728813559322,7.190000000000001,61.32500000000002,False,True,True
reddit_1tkic8a_onb9vab,majority_keep,sample_middle_toxicity,101.0,18.0,1.0,18.0,0.009900990099009901,9.785555555555558,56.965,False,True,True
reddit_1tkj0a7_ona4pku,unanimous_keep,sample_middle_toxicity,266.0,46.0,4.0,11.5,0.022556390977443608,8.813636363636366,51.46545454545458,True,True,False
reddit_1tklc7j_on9v8ik,majority_keep,sample_middle_toxicity,155.0,29.0,2.0,14.5,0.012903225806451613,7.154655172413797,69.59336206896553,False,False,True
reddit_1tklc7j_on9x6ef,unanimous_keep,sample_middle_toxicity,290.0,60.0,3.0,20.0,0.03103448275862069,7.412068965517243,76.35649425287357,True,True,True
reddit_1tklc7j_ona90am,majority_remove,sample_middle_toxicity,309.0,54.0,4.0,13.5,0.019417475728155338,7.812037037037037,63.09916666666669,False,True,True
reddit_1tklc7j_onaikho,unanimous_keep,sample_middle_toxicity,69.0,12.0,1.0,12.0,0.028985507246376812,5.863636363636363,72.61545454545457,False,True,True
reddit_1tklc7j_onbcbkp,unanimous_remove,sample_middle_toxicity,269.0,41.0,4.0,10.25,0.04460966542750929,12.474871794871795,28.778461538461556,False,True,True
reddit_1tklc7j_onc3fb1,majority_keep,sample_middle_toxicity,112.0,19.0,3.0,6.333333333333333,0.03571428571428571,4.450000000000003,73.84500000000001,False,True,True
reddit_1tklc7j_ond7yb9,unanimous_keep,sample_middle_toxicity,245.0,46.0,4.0,11.5,0.02857142857142857,4.790909090909089,80.30636363636367,True,False,True
reddit_1tksbme_onchwrg,unanimous_keep,sample_middle_toxicity,92.0,18.0,1.0,18.0,0.021739130434782608,8.474444444444444,66.36500000000001,False,False,True
reddit_1tkt34z_onbc0k9,majority_keep,sample_middle_toxicity,49.0,12.0,1.0,12.0,0.08163265306122448,0.11000000000000121,112.08500000000001,False,False,True
reddit_1tkvbmy_oncghdv,unanimous_keep,sample_low_toxicity,299.0,56.0,7.0,8.0,0.056856187290969896,3.5889417989418,83.07166666666666,True,True,True
reddit_1tkvbmy_oncpvkz,majority_keep,sample_low_toxicity,187.0,36.0,3.0,12.0,0.0427807486631016,5.151111111111113,79.50500000000001,False,False,False
reddit_1tkvbmy_oncx27a,unanimous_keep,sample_middle_toxicity,152.0,24.0,2.0,12.0,0.03289473684210526,8.903695652173912,51.71032608695654,False,True,True
reddit_1tkvbmy_ond970n,unanimous_keep,sample_low_toxicity,181.0,34.0,3.0,11.333333333333334,0.055248618784530384,5.949677419354842,70.81118279569893,False,True,True
reddit_1tkvbmy_onddfue,majority_keep,sample_low_toxicity,307.0,52.0,2.0,26.0,0.009771986970684038,12.930769230769233,48.66423076923081,False,True,True
reddit_1tkvbmy_ondf200,unanimous_keep,sample_middle_toxicity,134.0,24.0,2.0,12.0,0.014925373134328358,8.545454545454547,53.388181818181835,False,True,True
reddit_1tkvbmy_one84oe,unanimous_keep,sample_low_toxicity,266.0,52.0,3.0,17.333333333333332,0.018796992481203006,7.930196078431372,68.48588235294119,True,True,False
reddit_1tkvbmy_onfdw9t,majority_keep,sample_low_toxicity,132.0,23.0,1.0,23.0,0.015151515151515152,12.875652173913043,43.716086956521764,False,True,True
reddit_1tkvbmy_ongjer4,unanimous_keep,sample_middle_toxicity,237.0,43.0,2.0,21.5,0.02531645569620253,9.38548780487805,64.28603658536586,False,True,True
reddit_1tkvbmy_ongsboh,unanimous_keep,sample_low_toxicity,269.0,50.0,3.0,16.666666666666668,0.026022304832713755,8.104166666666668,65.4575,False,True,False
reddit_1tkvbmy_onh4qm8,unanimous_keep,sample_middle_toxicity,284.0,47.0,3.0,15.666666666666666,0.014084507042253521,10.911739130434785,44.14123188405799,False,True,True
reddit_1tle2vc_onf0wb4,majority_remove,sample_high_toxicity,20.0,4.0,1.0,4.0,0.1,5.246666666666666,62.79000000000002,False,False,True
reddit_1tle2vc_onf49sq,majority_remove,sample_high_toxicity,245.0,47.0,2.0,23.5,0.02857142857142857,9.61727272727273,65.29590909090909,False,False,True
reddit_1tle2vc_onfbbf5,unanimous_keep,sample_middle_toxicity,279.0,57.0,5.0,11.4,0.043010752688172046,4.58407843137255,80.36435294117648,False,True,True
reddit_1tle2vc_onfk4d7,majority_keep,sample_middle_toxicity,129.0,24.0,1.0,24.0,0.06976744186046512,9.080909090909092,69.14136363636365,False,True,True
reddit_1tle2vc_onhyhcy,majority_keep,sample_middle_toxicity,294.0,54.0,2.0,27.0,0.02040816326530612,12.333679245283019,53.83561320754718,False,True,True
reddit_1tle5je_onf502s,unanimous_keep,sample_low_toxicity,164.0,28.0,4.0,7.0,0.03048780487804878,4.961018518518522,71.51708333333335,False,False,True
reddit_1tlgx2b_ongakh7,majority_remove,sample_high_toxicity,158.0,34.0,2.0,17.0,0.03164556962025317,5.680806451612906,81.94120967741938,False,True,True
reddit_1tlgx2b_onh0q3b,unanimous_keep,sample_middle_toxicity,94.0,17.0,2.0,8.5,0.031914893617021274,6.705000000000002,61.24000000000001,False,True,True
reddit_1tlgx2b_ooal5bj,majority_keep,sample_middle_toxicity,121.0,19.0,2.0,9.5,0.06611570247933884,7.58666666666667,56.70000000000002,False,True,True
reddit_1tlu4l3_onitj4j,unanimous_keep,sample_middle_toxicity,298.0,48.0,1.0,48.0,0.010067114093959731,22.071914893617024,20.53,False,True,True
reddit_1tlu4l3_onj8ys4,majority_remove,sample_middle_toxicity,273.0,55.0,3.0,18.333333333333332,0.018315018315018316,7.3301886792452855,73.9750314465409,False,True,True
reddit_1tlu4l3_onkm5j3,majority_keep,sample_middle_toxicity,114.0,19.0,3.0,6.333333333333333,0.02631578947368421,2.4063157894736875,89.09087719298246,False,True,True
reddit_1tlur1u_oniyxei,unanimous_keep,sample_low_toxicity,215.0,44.0,1.0,44.0,0.018604651162790697,17.647142857142857,43.347857142857166,False,True,True
reddit_1tlur1u_onjn3wx,majority_keep,sample_middle_toxicity,275.0,47.0,3.0,15.666666666666666,0.02181818181818182,9.62913043478261,53.33688405797105,False,True,True
reddit_1tlur1u_onla01n,majority_keep,sample_middle_toxicity,292.0,49.0,5.0,9.8,0.03767123287671233,7.820666666666668,56.09100000000001,False,True,True
reddit_1tlvx07_onpbnfj,majority_keep,sample_middle_toxicity,230.0,36.0,2.0,18.0,0.013043478260869565,12.080000000000002,40.515000000000015,False,False,True
reddit_1tlwlyk_onlms1f,majority_keep,sample_middle_toxicity,241.0,52.0,4.0,13.0,0.016597510373443983,3.2648529411764713,94.36433823529413,False,True,True
reddit_1tlwrxj_onj3hqr,majority_keep,sample_middle_toxicity,163.0,27.0,1.0,27.0,0.012269938650306749,14.065384615384616,40.529615384615425,False,True,True
reddit_1tm8832_onocm29,unanimous_keep,sample_middle_toxicity,285.0,57.0,3.0,19.0,0.017543859649122806,6.650714285714287,80.62761904761908,False,True,True
reddit_1tmaez8_onmhtfo,majority_keep,sample_middle_toxicity,263.0,54.0,3.0,18.0,0.011406844106463879,5.771698113207549,85.14861635220127,False,False,True
reddit_1tmhzua_onn0ips,majority_keep,sample_middle_toxicity,100.0,18.0,1.0,18.0,0.03,10.441111111111113,52.265000000000015,False,True,True
reddit_1tmich2_onpb1q1,majority_remove,sample_high_toxicity,211.0,39.0,4.0,9.75,0.04265402843601896,4.572894736842105,79.19776315789476,False,True,True
reddit_1tmu2bz_onpxncm,majority_keep,sample_middle_toxicity,223.0,35.0,2.0,17.5,0.02242152466367713,10.128235294117648,52.72705882352943,False,True,True
reddit_1tn4kot_ooe5uyz,majority_keep,sample_middle_toxicity,165.0,34.0,1.0,34.0,0.024242424242424242,11.271250000000002,71.24875000000003,False,True,True
reddit_1tn7lg4_ons1jgg,unanimous_keep,sample_middle_toxicity,305.0,53.0,4.0,13.25,0.036065573770491806,8.510833333333334,55.41750000000002,False,True,True
reddit_1tn7lg4_onsac8f,majority_keep,sample_middle_toxicity,316.0,59.0,7.0,8.428571428571429,0.04430379746835443,2.701428571428572,89.94357142857143,False,True,True
reddit_1tn7lg4_onsh1oq,majority_keep,sample_middle_toxicity,256.0,47.0,4.0,11.75,0.0390625,7.537383720930233,60.170261627906996,False,True,False
reddit_1tn7lg4_onskzbl,unanimous_keep,sample_middle_toxicity,317.0,60.0,4.0,15.0,0.03470031545741325,7.166179245283018,67.2843632075472,False,True,True
reddit_1tn7lg4_ontjmrc,unanimous_keep,sample_middle_toxicity,259.0,43.0,3.0,14.333333333333334,0.03861003861003861,8.412857142857145,59.68214285714288,False,True,True
reddit_1tn7lg4_onu4d7k,unanimous_keep,sample_low_toxicity,57.0,10.0,1.0,10.0,0.05263157894736842,7.190000000000001,61.32500000000002,False,True,True
reddit_1tnf5qd_onu9xj7,unanimous_keep,sample_middle_toxicity,108.0,17.0,1.0,17.0,0.0,11.863529411764706,40.2858823529412,True,True,True
reddit_1tnf5qd_onvivpp,unanimous_keep,sample_middle_toxicity,162.0,33.0,2.0,16.5,0.024691358024691357,6.822741935483872,73.75411290322583,True,True,True
reddit_1tnf5qd_onvkvic,majority_remove,sample_high_toxicity,272.0,46.0,6.0,7.666666666666667,0.03676470588235294,7.408695652173915,55.60115942028986,False,True,True
reddit_1tnf5qd_onvrh4o,majority_keep,sample_low_toxicity,250.0,50.0,1.0,50.0,0.024,18.30595744680851,47.530000000000015,False,True,True
reddit_1tnf5qd_onvv20i,majority_keep,sample_low_toxicity,122.0,22.0,3.0,7.333333333333333,0.04918032786885246,5.300000000000004,68.93833333333333,False,True,True
reddit_1tnf5qd_onvyes2,majority_keep,sample_low_toxicity,295.0,47.0,3.0,15.666666666666666,0.03389830508474576,11.424782608695654,40.46297101449278,False,True,True
reddit_1tnf5qd_onx85se,unanimous_keep,sample_middle_toxicity,268.0,46.0,3.0,15.333333333333334,0.018656716417910446,9.707272727272727,51.58924242424246,False,True,True
reddit_1tnf5qd_onyanhw,majority_keep,sample_middle_toxicity,180.0,34.0,3.0,11.333333333333334,0.016666666666666666,5.83588235294118,73.40813725490199,False,True,True
reddit_1tnf5qd_oo5svy9,majority_keep,sample_high_toxicity,114.0,21.0,2.0,10.5,0.03508771929824561,5.92404761904762,71.29178571428572,False,True,True
reddit_1tnjdl9_onufg7h,majority_keep,sample_high_toxicity,94.0,17.0,4.0,4.25,0.05319148936170213,3.4204411764705895,78.10948529411766,False,True,True
reddit_1tnjwbi_ony7ksg,majority_keep,sample_middle_toxicity,64.0,11.0,2.0,5.5,0.046875,4.790909090909089,80.30636363636367,False,True,True
reddit_1tnl317_onurqk5,majority_remove,sample_middle_toxicity,74.0,15.0,2.0,7.5,0.05405405405405406,2.3114285714285714,90.95857142857145,False,True,True
reddit_1tnmoob_onznfoj,unanimous_keep,sample_low_toxicity,213.0,40.0,3.0,13.333333333333334,0.03286384976525822,6.739473684210527,69.30464912280705,False,True,True
reddit_1tnobm9_onvde6z,unanimous_keep,sample_middle_toxicity,307.0,64.0,3.0,21.333333333333332,0.013029315960912053,7.958730158730159,75.4057142857143,False,True,True
reddit_1tnobm9_onvitbr,unanimous_keep,sample_middle_toxicity,61.0,12.0,1.0,12.0,0.01639344262295082,4.823333333333334,81.85500000000002,False,True,True
reddit_1tnobm9_onvjxxf,majority_keep,sample_middle_toxicity,252.0,47.0,5.0,9.4,0.023809523809523808,5.954521739130438,68.75786956521742,False,True,True
reddit_1tnobm9_onvnqez,unanimous_keep,sample_middle_toxicity,166.0,30.0,1.0,30.0,0.018072289156626505,14.203333333333337,46.66500000000002,False,True,True
reddit_1tnobm9_onvowr1,unanimous_keep,sample_middle_toxicity,76.0,14.0,1.0,14.0,0.05263157894736842,7.633846153846157,63.486153846153854,False,True,True
reddit_1tnobm9_onvz00r,unanimous_keep,sample_middle_toxicity,57.0,9.0,1.0,9.0,0.05263157894736842,6.2755555555555596,66.10000000000002,False,False,False
reddit_1tnobm9_onxadx3,unanimous_keep,sample_low_toxicity,4.0,1.0,1.0,1.0,0.25,-3.3999999999999986,121.22000000000003,True,False,False
reddit_1tnobm9_onyw1zh,unanimous_keep,sample_middle_toxicity,266.0,43.0,4.0,10.75,0.03759398496240601,8.159512195121952,60.90479674796748,False,True,True
reddit_1tnobm9_oo20ia1,unanimous_keep,sample_middle_toxicity,284.0,51.0,3.0,17.0,0.02464788732394366,7.858333333333331,67.22000000000001,False,True,True
reddit_1tnobm9_oo2ntej,majority_keep,sample_middle_toxicity,47.0,11.0,2.0,5.5,0.06382978723404255,1.7000000000000028,91.78000000000003,True,True,True
reddit_1tobgfe_oo2631f,majority_keep,sample_middle_toxicity,75.0,13.0,1.0,13.0,0.013333333333333334,7.633846153846157,63.486153846153854,False,True,True
reddit_1tohbe9_oo1g5ru,unanimous_keep,sample_middle_toxicity,81.0,15.0,1.0,15.0,0.04938271604938271,7.570000000000004,65.72500000000001,False,True,True
reddit_1tonmo5_oo2kva9,majority_remove,sample_middle_toxicity,71.0,16.0,1.0,16.0,0.028169014084507043,6.780000000000001,73.17000000000003,False,True,True
reddit_1tonmo5_oo6v724,unanimous_keep,sample_middle_toxicity,283.0,54.0,2.0,27.0,0.0353356890459364,11.470000000000002,55.57500000000003,False,True,True
reddit_1toqwtm_oo3egv7,majority_remove,sample_high_toxicity,210.0,37.0,4.0,9.25,0.023809523809523808,4.6012837837837886,78.54895270270272,False,True,True
reddit_1toqwtm_oo3q4ze,majority_keep,sample_low_toxicity,104.0,18.0,3.0,6.0,0.038461538461538464,9.825,53.120000000000005,True,True,True
reddit_1toqwtm_oo8abn6,majority_keep,sample_high_toxicity,59.0,11.0,2.0,5.5,0.0847457627118644,1.7000000000000028,91.78000000000003,False,True,True
reddit_1tow6us_oo72951,unanimous_keep,sample_middle_toxicity,73.0,12.0,1.0,12.0,0.0136986301369863,6.790000000000003,67.75500000000001,False,True,True
reddit_1tp5g11_oo64hdy,unanimous_keep,sample_middle_toxicity,131.0,24.0,3.0,8.0,0.061068702290076333,5.356521739130439,70.31420289855075,False,True,True
reddit_1tp5g11_oo68eji,unanimous_keep,sample_middle_toxicity,268.0,46.0,1.0,46.0,0.022388059701492536,20.074545454545454,29.506818181818204,False,True,True
reddit_1tp5g11_oo69myf,unanimous_keep,sample_middle_toxicity,182.0,35.0,1.0,35.0,0.005494505494505495,15.591428571428576,45.61857142857143,False,True,False
reddit_1tp5g11_oo806eu,majority_keep,sample_middle_toxicity,102.0,18.0,2.0,9.0,0.0196078431372549,7.58666666666667,56.70000000000002,False,True,True
reddit_1tp5g11_oo8cul8,unanimous_keep,sample_low_toxicity,214.0,40.0,5.0,8.0,0.04205607476635514,4.452947368421054,76.67363157894738,True,True,True
reddit_1tp5g11_oo9joxr,unanimous_keep,sample_low_toxicity,129.0,24.0,3.0,8.0,0.023255813953488372,3.7550000000000026,82.39000000000001,True,True,True
reddit_1tp6tgh_oo6fpok,majority_remove,sample_middle_toxicity,52.0,11.0,1.0,11.0,0.019230769230769232,3.7181818181818187,87.99727272727276,False,True,True
reddit_1tp6tgh_oo72pwj,unanimous_keep,sample_middle_toxicity,68.0,12.0,2.0,6.0,0.029411764705882353,7.400000000000002,52.69500000000002,False,False,False
reddit_1tpehvg_oo8ftr6,unanimous_keep,sample_middle_toxicity,237.0,44.0,1.0,44.0,0.012658227848101266,19.33285714285714,31.26214285714289,False,True,True
reddit_1tpehvg_oo9wh4f,unanimous_keep,sample_low_toxicity,113.0,22.0,1.0,22.0,0.02654867256637168,7.771428571428572,76.74857142857144,False,True,True
reddit_1tpf0kw_oo97z9w,majority_keep,sample_middle_toxicity,48.0,8.0,1.0,8.0,0.020833333333333332,5.230000000000004,71.81500000000001,False,True,True
reddit_1tpf0kw_oo9ah7u,majority_keep,sample_middle_toxicity,211.0,41.0,3.0,13.666666666666666,0.052132701421800945,4.255263157894735,87.11517543859652,False,True,True
reddit_1tpf0kw_oobbs3q,unanimous_keep,sample_middle_toxicity,317.0,59.0,5.0,11.8,0.04100946372239748,5.616758620689655,75.45410344827589,False,False,True
reddit_1tpf0kw_ool5zg6,unanimous_keep,sample_middle_toxicity,316.0,62.0,3.0,20.666666666666668,0.0189873417721519,8.533333333333335,69.50500000000004,False,True,True
reddit_1tpf0kw_ooush6l,majority_keep,sample_low_toxicity,153.0,26.0,2.0,13.0,0.026143790849673203,8.756666666666668,53.655,False,True,False
reddit_1tpf0kw_oouurn0,majority_keep,sample_middle_toxicity,149.0,27.0,1.0,27.0,0.020134228187919462,15.043703703703706,35.29666666666668,False,True,True
reddit_1tpltp7_ooa8qgq,unanimous_remove,sample_high_toxicity,100.0,19.0,3.0,6.333333333333333,0.05,3.9729411764705915,76.671568627451,False,True,True
reddit_1tptswd_op00c7g,unanimous_remove,sample_high_toxicity,51.0,9.0,1.0,9.0,0.0196078431372549,8.89777777777778,47.30000000000004,False,True,True
reddit_1tq2lod_oodc8ls,majority_keep,sample_middle_toxicity,38.0,6.0,1.0,6.0,0.02631578947368421,6.416666666666668,59.745000000000005,True,True,True
reddit_1tq62gs_ooe1j96,unanimous_remove,sample_low_toxicity,193.0,32.0,3.0,10.666666666666666,0.025906735751295335,9.756129032258066,43.52086021505377,False,True,True
reddit_1tq6vyl_oof0uce,unanimous_keep,sample_low_toxicity,291.0,51.0,3.0,17.0,0.061855670103092786,7.592340425531916,68.53333333333333,False,True,True
reddit_1tq7ea2_oofnort,majority_keep,sample_middle_toxicity,253.0,50.0,3.0,16.666666666666668,0.023715415019762844,8.090000000000003,64.37166666666668,False,True,True
reddit_1tqcf7r_oog0ky7,majority_keep,sample_middle_toxicity,156.0,32.0,2.0,16.0,0.02564102564102564,4.158225806451615,92.85733870967744,False,True,True
reddit_1tqcf7r_oog2o63,unanimous_remove,sample_middle_toxicity,227.0,41.0,1.0,41.0,0.01762114537444934,16.530000000000005,47.79500000000003,False,True,True
reddit_1tqcltq_oofryhp,unanimous_keep,sample_middle_toxicity,293.0,53.0,3.0,17.666666666666668,0.027303754266211604,10.001886792452833,54.82031446540881,False,True,True
reddit_1tqdpjl_oohvxuf,majority_keep,sample_middle_toxicity,218.0,37.0,2.0,18.5,0.027522935779816515,8.527702702702705,66.87371621621622,False,True,True
reddit_1tqer7a_oohq6i2,majority_keep,sample_middle_toxicity,205.0,38.0,2.0,19.0,0.02926829268292683,8.208783783783787,69.1602027027027,False,True,True
reddit_1tqf4v3_oog0k8c,unanimous_keep,sample_middle_toxicity,259.0,42.0,2.0,21.0,0.03088803088803089,10.795000000000002,53.29000000000005,False,True,True
reddit_1tqf4v3_ooh3bzk,majority_keep,sample_middle_toxicity,110.0,25.0,1.0,25.0,0.03636363636363636,6.71913043478261,87.85521739130436,False,True,True
reddit_1tqf4v3_ookgp9z,unanimous_keep,sample_low_toxicity,317.0,49.0,3.0,16.333333333333332,0.031545741324921134,9.082040816326533,59.04034013605445,False,False,False
reddit_1tqfpwr_oog28zn,unanimous_remove,sample_middle_toxicity,65.0,12.0,2.0,6.0,0.046153846153846156,3.7186363636363637,78.19795454545455,False,True,True
reddit_1tqhy93_oogw90g,unanimous_keep,sample_low_toxicity,92.0,16.0,2.0,8.0,0.03260869565217391,8.575000000000003,46.942499999999995,False,True,True
reddit_1tqhy93_oohtsgu,unanimous_keep,sample_low_toxicity,114.0,22.0,2.0,11.0,0.02631578947368421,5.825434782608696,73.77989130434786,False,True,False
reddit_1tqhy93_ook38k6,majority_keep,sample_middle_toxicity,239.0,39.0,3.0,13.0,0.029288702928870293,9.146666666666668,52.640000000000015,False,True,True
reddit_1tqj8np_oohk7vv,unanimous_keep,sample_middle_toxicity,283.0,54.0,5.0,10.8,0.024734982332155476,5.046823529411764,77.04670588235294,False,True,True
reddit_1tql6ez_ooh9unr,majority_remove,sample_middle_toxicity,306.0,57.0,2.0,28.5,0.02287581699346405,12.819285714285716,53.025714285714315,False,False,True
reddit_1tql6ez_ooha8vq,majority_remove,sample_middle_toxicity,151.0,25.0,3.0,8.333333333333334,0.059602649006622516,6.895652173913046,59.279420289855096,True,True,True
reddit_1tql6ez_ooi0xbv,unanimous_keep,sample_middle_toxicity,187.0,34.0,1.0,34.0,0.0213903743315508,15.51636363636364,42.59454545454548,False,True,True
reddit_1tql6ez_ooio37b,majority_keep,sample_high_toxicity,272.0,48.0,6.0,8.0,0.04044117647058824,9.260909090909092,41.72803030303032,False,True,True
reddit_1tql6ez_oojaowy,majority_keep,sample_middle_toxicity,291.0,54.0,2.0,27.0,0.030927835051546393,12.421481481481482,54.09666666666669,False,True,True
reddit_1tqpaom_ooii0hd,majority_remove,sample_middle_toxicity,270.0,52.0,3.0,17.333333333333332,0.040740740740740744,6.550869565217393,75.40644927536233,False,True,True
reddit_1tqyx7p_ook8j6h,unanimous_keep,sample_middle_toxicity,211.0,36.0,4.0,9.0,0.02843601895734597,6.81323529411765,61.35455882352943,False,True,False
reddit_1tqyx7p_ookgk27,unanimous_keep,sample_middle_toxicity,315.0,64.0,1.0,64.0,0.015873015873015872,23.675409836065572,33.969180327868884,False,False,False
reddit_1tqyx7p_ookix63,majority_keep,sample_low_toxicity,214.0,38.0,3.0,12.666666666666666,0.037383177570093455,7.3983783783783785,63.98693693693693,True,False,False
reddit_1tqyx7p_ooklywp,unanimous_keep,sample_low_toxicity,301.0,47.0,8.0,5.875,0.03986710963455149,6.563853820598009,58.944186046511646,False,True,True
reddit_1tqyx7p_ool93xq,unanimous_keep,sample_middle_toxicity,298.0,57.0,5.0,11.4,0.030201342281879196,5.884962962962966,72.10633333333335,True,True,True
reddit_1tqyx7p_oomajai,unanimous_keep,sample_low_toxicity,309.0,53.0,4.0,13.25,0.03559870550161812,8.165000000000003,58.78750000000002,False,True,True
reddit_1tqyx7p_oonrbud,majority_keep,sample_middle_toxicity,298.0,51.0,3.0,17.0,0.026845637583892617,9.804489795918371,53.860748299319766,False,False,False
reddit_1tr0y3m_oomn4t3,unanimous_keep,sample_middle_toxicity,189.0,34.0,2.0,17.0,0.026455026455026454,8.350000000000005,63.69500000000001,False,True,True
reddit_1tr2x1s_ookpm7h,unanimous_remove,sample_high_toxicity,41.0,5.0,1.0,5.0,0.024390243902439025,12.320000000000004,15.640000000000015,False,False,True
reddit_1tr4qpt_oolnzpw,unanimous_keep,sample_middle_toxicity,300.0,50.0,2.0,25.0,0.02666666666666667,13.682500000000001,39.712500000000034,False,False,False
reddit_1tr6mt1_oolg76y,majority_remove,sample_middle_toxicity,61.0,10.0,1.0,10.0,0.0,8.370000000000001,52.86500000000001,False,True,True
reddit_1trb2js_ooo1j99,unanimous_keep,sample_low_toxicity,129.0,24.0,2.0,12.0,0.046511627906976744,5.312391304347827,77.45815217391308,False,True,False
reddit_1trb2js_ooy6f38,majority_remove,sample_middle_toxicity,145.0,26.0,1.0,26.0,0.020689655172413793,11.152000000000001,59.636000000000024,False,True,True
reddit_1trb2js_opmihcr,majority_keep,sample_middle_toxicity,309.0,58.0,4.0,14.5,0.032362459546925564,7.154655172413797,69.59336206896553,False,True,True
reddit_1trbfkm_oos9h8v,unanimous_keep,sample_middle_toxicity,261.0,42.0,3.0,14.0,0.02681992337164751,11.037560975609761,40.270650406504075,False,True,True
reddit_1trbfkm_oothhcp,majority_keep,sample_low_toxicity,200.0,39.0,4.0,9.75,0.03,4.282364864864864,80.83543918918923,False,False,False
reddit_1trbfkm_oowv2gb,majority_keep,sample_middle_toxicity,62.0,12.0,1.0,12.0,0.016129032258064516,5.863636363636363,72.61545454545457,False,True,False
reddit_1trbmne_oomy1jp,majority_keep,sample_middle_toxicity,239.0,39.0,2.0,19.5,0.012552301255230125,11.379102564102567,48.2117307692308,False,True,True
reddit_1trbmne_ooo5eey,majority_keep,sample_middle_toxicity,293.0,45.0,3.0,15.0,0.017064846416382253,13.193636363636365,26.593787878787907,False,True,True
reddit_1trbmne_ooocimr,unanimous_keep,sample_middle_toxicity,314.0,48.0,2.0,24.0,0.01910828025477707,15.157500000000002,29.137500000000045,False,True,True
reddit_1trbmne_ooov2ov,unanimous_keep,sample_middle_toxicity,264.0,37.0,3.0,12.333333333333334,0.026515151515151516,10.90648648648649,38.83558558558559,False,True,True
reddit_1trbmne_oop7dch,unanimous_keep,sample_middle_toxicity,220.0,38.0,3.0,12.666666666666666,0.07272727272727272,7.445555555555558,63.05500000000001,False,True,True
reddit_1trbmne_oos7s3p,majority_keep,sample_middle_toxicity,298.0,63.0,6.0,10.5,0.030201342281879196,2.8633333333333333,92.345,False,True,False
reddit_1trbp3u_oomvxx0,unanimous_keep,sample_low_toxicity,246.0,49.0,5.0,9.8,0.036585365853658534,4.928434782608697,76.11439130434785,True,False,False
reddit_1trc1na_oooihjc,unanimous_keep,sample_middle_toxicity,51.0,10.0,2.0,5.0,0.0392156862745098,0.5199999999999996,100.24000000000002,False,False,True
reddit_1trc1na_ooq6wo3,majority_keep,sample_middle_toxicity,181.0,28.0,2.0,14.0,0.016574585635359115,10.520000000000003,44.57500000000002,False,True,True
reddit_1trdy16_op0sdu2,majority_remove,sample_low_toxicity,198.0,32.0,2.0,16.0,0.025252525252525252,11.771129032258063,38.27669354838713,False,True,True
reddit_1trf9va_oona16i,unanimous_keep,sample_middle_toxicity,249.0,42.0,4.0,10.5,0.0321285140562249,12.263536585365856,43.65189024390244,False,True,True
reddit_1trf9va_oonb3tq,majority_remove,sample_middle_toxicity,55.0,11.0,1.0,11.0,0.07272727272727272,2.342222222222226,94.30000000000001,False,True,True
reddit_1trf9va_ooofvrv,majority_remove,sample_middle_toxicity,228.0,44.0,3.0,14.666666666666666,0.043859649122807015,5.857073170731713,77.41211382113822,False,True,True
reddit_1trj3a5_ootl49r,unanimous_keep,sample_middle_toxicity,216.0,37.0,4.0,9.25,0.023148148148148147,5.239121621621624,73.97597972972976,False,True,True
reddit_1trnhrp_ooppz7k,majority_keep,sample_middle_toxicity,319.0,60.0,5.0,12.0,0.03761755485893417,5.003368421052635,79.49557894736843,False,True,True
reddit_1trnhrp_ooqpry4,majority_keep,sample_middle_toxicity,285.0,51.0,3.0,17.0,0.017543859649122806,7.436363636363637,74.40121212121215,False,True,True
reddit_1trnhrp_oostcnq,unanimous_keep,sample_middle_toxicity,225.0,39.0,4.0,9.75,0.035555555555555556,7.367631578947371,59.16092105263158,False,True,True
reddit_1trnhrp_op5yzzd,unanimous_keep,sample_low_toxicity,197.0,39.0,3.0,13.0,0.02030456852791878,4.876315789473686,82.66254385964915,False,False,False
reddit_1trnhrp_op61ap9,unanimous_keep,sample_middle_toxicity,56.0,6.0,1.0,6.0,0.017857142857142856,24.116666666666664,-67.15499999999997,False,True,True
reddit_1trtion_oorrk2d,majority_keep,sample_middle_toxicity,127.0,22.0,1.0,22.0,0.015748031496062992,11.142857142857142,52.57714285714289,True,True,True
reddit_1try6d7_oor8zsa,majority_keep,sample_low_toxicity,250.0,49.0,3.0,16.333333333333332,0.02,8.600408163265307,62.493401360544254,True,False,True
reddit_1try6d7_oorvw2d,majority_keep,sample_middle_toxicity,143.0,25.0,1.0,25.0,0.027972027972027972,13.436666666666667,41.47500000000002,True,True,True
reddit_1try6d7_oott33j,majority_keep,sample_middle_toxicity,284.0,43.0,3.0,14.333333333333334,0.01056338028169014,11.67906976744186,36.85875968992252,False,True,True
reddit_1try6d7_oouyx1c,unanimous_keep,sample_low_toxicity,213.0,36.0,3.0,12.0,0.06103286384976526,9.081818181818182,49.54272727272729,True,True,True
reddit_1try6d7_oq53g75,unanimous_keep,sample_low_toxicity,235.0,41.0,3.0,13.666666666666666,0.01702127659574468,8.490000000000002,57.94166666666669,False,True,True
reddit_1ts2hnv_oovh9us,majority_keep,sample_middle_toxicity,169.0,31.0,3.0,10.333333333333334,0.023668639053254437,5.949677419354842,70.81118279569893,True,True,True
reddit_1ts2hnv_oow4a6z,majority_keep,sample_middle_toxicity,319.0,57.0,6.0,9.5,0.03134796238244514,6.803571428571431,62.90809523809526,True,True,True
reddit_1ts5npc_ooujvyq,majority_keep,sample_middle_toxicity,50.0,6.0,1.0,6.0,0.02,18.216666666666672,-24.85499999999996,True,True,True
reddit_1ts7ucn_oovp8d8,majority_keep,sample_middle_toxicity,83.0,16.0,1.0,16.0,0.04819277108433735,5.993333333333336,78.81000000000003,False,False,False
reddit_1ts7wt8_oot9gi9,majority_remove,sample_high_toxicity,50.0,8.0,1.0,8.0,0.06,7.368571428571428,54.70142857142861,False,True,True
reddit_1ts7wt8_oou1zwn,majority_keep,sample_high_toxicity,127.0,23.0,5.0,4.6,0.047244094488188976,1.0368181818181839,97.42522727272727,False,True,True
reddit_1ts7wt8_oouryyx,majority_remove,sample_high_toxicity,44.0,9.0,1.0,9.0,0.06818181818181818,1.0311111111111124,103.70000000000002,False,True,True
reddit_1ts7wt8_oovyi71,unanimous_keep,sample_middle_toxicity,261.0,49.0,4.0,12.25,0.022988505747126436,4.558457446808511,83.30875000000002,False,True,True
reddit_1ts8q7t_ootph1v,majority_keep,sample_middle_toxicity,293.0,53.0,1.0,53.0,0.017064846416382253,20.264705882352946,40.61117647058826,False,True,True
reddit_1ts8q7t_ooul613,majority_keep,sample_middle_toxicity,223.0,36.0,1.0,36.0,0.02242152466367713,17.788888888888888,31.64500000000004,False,True,True
reddit_1ts91q8_oou2n59,unanimous_keep,sample_low_toxicity,237.0,42.0,2.0,21.0,0.03375527426160337,10.451578947368422,53.97105263157897,False,True,False
reddit_1ts91q8_oou3j1e,unanimous_keep,sample_low_toxicity,248.0,41.0,3.0,13.666666666666666,0.04435483870967742,8.23897435897436,59.14769230769235,False,True,False
reddit_1ts91q8_oouzxky,unanimous_remove,sample_middle_toxicity,316.0,53.0,4.0,13.25,0.04113924050632911,6.498254716981133,72.07304245283022,False,False,True
reddit_1ts91q8_op1ibpl,unanimous_keep,sample_low_toxicity,259.0,46.0,4.0,11.5,0.03861003861003861,6.890833333333337,65.69625000000002,False,False,True
reddit_1tsd2hr_oourfzr,unanimous_keep,sample_low_toxicity,150.0,30.0,2.0,15.0,0.013333333333333334,5.600000000000001,81.63000000000002,False,False,True
reddit_1tsd2hr_oouww6y,majority_keep,sample_high_toxicity,114.0,23.0,1.0,23.0,0.008771929824561403,9.284347826086957,69.46391304347827,False,True,True
reddit_1tsfgd5_opax0h0,unanimous_keep,sample_middle_toxicity,183.0,33.0,2.0,16.5,0.04371584699453552,7.293484848484848,72.16022727272728,False,True,True
reddit_1tshfyq_oovh0mi,majority_keep,sample_middle_toxicity,294.0,59.0,1.0,59.0,0.02040816326530612,21.632142857142856,39.712857142857146,True,True,True
reddit_1tsj7e8_oow2khv,majority_keep,sample_middle_toxicity,316.0,59.0,4.0,14.75,0.02531645569620253,8.412857142857145,59.68214285714288,False,True,True
reddit_1tsj7e8_ooxdvzj,majority_keep,sample_middle_toxicity,242.0,49.0,3.0,16.333333333333332,0.01652892561983471,6.8750000000000036,74.27000000000001,False,False,True
reddit_1tsj7e8_ooy0olb,majority_keep,sample_middle_toxicity,261.0,45.0,7.0,6.428571428571429,0.05363984674329502,4.2932467532467555,75.4777272727273,False,False,True
reddit_1tsr4st_ooxxdjt,majority_remove,sample_middle_toxicity,146.0,25.0,1.0,25.0,0.04794520547945205,11.152000000000001,59.636000000000024,False,True,True
reddit_1tsr4st_op1h063,majority_keep,sample_middle_toxicity,217.0,38.0,3.0,12.666666666666666,0.027649769585253458,5.807894736842105,75.98359649122811,False,True,True
reddit_1tsrnbn_ooy9ccb,unanimous_keep,sample_low_toxicity,290.0,48.0,2.0,24.0,0.006896551724137931,12.699166666666667,46.76250000000002,False,True,True
reddit_1tst7uo_ooxmlcu,majority_remove,sample_middle_toxicity,95.0,16.0,2.0,8.0,0.021052631578947368,5.230000000000004,71.81500000000001,False,False,True
reddit_1tstha7_oozj6px,majority_keep,sample_middle_toxicity,210.0,36.0,2.0,18.0,0.03333333333333333,9.103571428571428,60.963928571428596,True,False,False
reddit_1tstlbr_ooz08t6,majority_remove,sample_middle_toxicity,215.0,34.0,5.0,6.8,0.027906976744186046,6.694285714285716,59.535714285714306,False,True,True
reddit_1tstlbr_op0hcfp,majority_keep,sample_middle_toxicity,188.0,30.0,2.0,15.0,0.03723404255319149,13.470000000000002,23.42500000000001,False,True,True
reddit_1tstlbr_op0i9yl,unanimous_keep,sample_middle_toxicity,194.0,33.0,2.0,16.5,0.04639175257731959,7.981249999999999,66.33875,False,True,True
reddit_1tstlbr_op0jeay,majority_remove,sample_high_toxicity,273.0,47.0,2.0,23.5,0.018315018315018316,10.310434782608699,62.10739130434784,False,True,True
reddit_1tstlbr_op11qjw,majority_keep,sample_middle_toxicity,98.0,18.0,3.0,6.0,0.05102040816326531,3.452500000000004,79.80916666666668,False,True,True
reddit_1tstwrk_ooxm6g6,majority_keep,sample_high_toxicity,73.0,14.0,1.0,14.0,0.0136986301369863,9.255714285714287,53.639285714285734,False,True,True
reddit_1tstwrk_ooym2bu,majority_keep,sample_middle_toxicity,213.0,41.0,3.0,13.666666666666666,0.051643192488262914,5.186842105263157,80.43622807017547,False,True,True
reddit_1tstwrk_ooyuw1g,majority_keep,sample_middle_toxicity,47.0,8.0,2.0,4.0,0.06382978723404255,2.3114285714285714,90.95857142857145,True,False,False
reddit_1tsurmm_oozl3w2,majority_keep,sample_middle_toxicity,172.0,31.0,3.0,10.333333333333334,0.03488372093023256,4.043333333333333,83.88500000000002,False,True,True
reddit_1tsurmm_op062k7,unanimous_keep,sample_low_toxicity,103.0,16.0,1.0,16.0,0.019417475728155338,10.713333333333338,44.97000000000003,False,True,True
reddit_1tsv1fn_ooxwq3i,majority_keep,sample_middle_toxicity,104.0,22.0,3.0,7.333333333333333,0.057692307692307696,4.710000000000004,73.16833333333334,False,True,True
reddit_1tsv1fn_ooy36yf,unanimous_keep,sample_low_toxicity,223.0,36.0,3.0,12.0,0.013452914798206279,7.773333333333333,60.70500000000001,False,True,False
reddit_1tsv1fn_ooykhbx,unanimous_keep,sample_middle_toxicity,214.0,38.0,2.0,19.0,0.04672897196261682,9.16554054054054,62.30074324324326,False,True,True
reddit_1tsv1fn_ooyzqin,unanimous_keep,sample_low_toxicity,232.0,38.0,1.0,38.0,0.02586206896551724,19.3,19.03,False,True,True
reddit_1tsv1fn_oozrfyb,unanimous_keep,sample_middle_toxicity,315.0,57.0,6.0,9.5,0.0380952380952381,4.745925925925928,77.0666666666667,False,True,True
reddit_1tsv1fn_op0s58c,majority_remove,sample_middle_toxicity,267.0,44.0,5.0,8.8,0.03745318352059925,5.326790697674419,72.18972093023257,False,True,True
reddit_1tsvd1m_ooxudnt,unanimous_keep,sample_middle_toxicity,219.0,35.0,2.0,17.5,0.0319634703196347,12.812142857142856,34.37535714285718,False,True,True
reddit_1tsvd1m_ooyh3np,majority_keep,sample_middle_toxicity,154.0,27.0,2.0,13.5,0.045454545454545456,7.180000000000003,66.74000000000002,False,True,True
reddit_1tsvd1m_op0md45,majority_keep,sample_middle_toxicity,151.0,32.0,3.0,10.666666666666666,0.026490066225165563,3.665806451612905,87.18537634408602,True,True,True
reddit_1tsvgs3_ooy8j12,unanimous_keep,sample_middle_toxicity,236.0,39.0,1.0,39.0,0.0211864406779661,20.966842105263158,12.422894736842125,False,True,True
reddit_1tsvgs3_ooyj6g3,unanimous_keep,sample_middle_toxicity,304.0,47.0,2.0,23.5,0.013157894736842105,14.66436170212766,31.782500000000027,False,True,True
reddit_1tsvgs3_ooz7nqu,unanimous_keep,sample_low_toxicity,271.0,44.0,4.0,11.0,0.055350553505535055,5.92404761904762,71.29178571428572,False,True,True
reddit_1tsvgs3_op12ugb,unanimous_keep,sample_low_toxicity,282.0,47.0,2.0,23.5,0.04609929078014184,19.26666666666667,37.08000000000004,False,True,False
reddit_1tsvrdr_ooxxsy9,unanimous_keep,sample_middle_toxicity,149.0,31.0,1.0,31.0,0.013422818791946308,11.995862068965518,60.71034482758621,False,True,True
reddit_1tsvrdr_oozuxnb,majority_keep,sample_high_toxicity,178.0,32.0,3.0,10.666666666666666,0.056179775280898875,4.807741935483875,78.99827956989247,False,False,True
reddit_1tsvrr2_ooyslxr,majority_remove,sample_low_toxicity,214.0,40.0,3.0,13.333333333333334,0.028037383177570093,6.790000000000003,67.75500000000001,False,True,True
reddit_1tsvrr2_ooyz7z0,unanimous_keep,sample_middle_toxicity,248.0,40.0,5.0,8.0,0.028225806451612902,8.934051282051282,44.902615384615416,False,True,True
reddit_1tsw127_ooy9nl9,majority_remove,sample_high_toxicity,121.0,17.0,3.0,5.666666666666667,0.024793388429752067,12.302352941176473,16.953921568627493,False,True,True
reddit_1tsw127_oozo72a,unanimous_keep,sample_low_toxicity,121.0,20.0,2.0,10.0,0.024793388429752067,6.600000000000005,65.555,False,True,True
reddit_1tsw927_ooybawc,unanimous_keep,sample_middle_toxicity,238.0,43.0,2.0,21.5,0.02100840336134454,9.534534883720934,64.99854651162792,False,True,True
reddit_1tswff0_ooz68s4,unanimous_keep,sample_middle_toxicity,309.0,56.0,3.0,18.666666666666668,0.009708737864077669,10.654285714285717,51.92404761904763,True,True,False
reddit_1tswff0_op1kzsj,majority_remove,sample_middle_toxicity,49.0,9.0,1.0,9.0,0.02040816326530612,6.2755555555555596,66.10000000000002,False,True,True
reddit_1tswg2c_ooy48hi,majority_keep,sample_middle_toxicity,75.0,12.0,2.0,6.0,0.04,9.96,32.56000000000003,False,True,True
reddit_1tswg2c_ooy5rzu,unanimous_keep,sample_middle_toxicity,204.0,43.0,2.0,21.5,0.0196078431372549,7.946463414634149,74.60310975609757,False,True,True
reddit_1tswg2c_ooy6lnp,majority_keep,sample_middle_toxicity,67.0,13.0,1.0,13.0,0.014925373134328358,5.818461538461541,76.50153846153849,False,True,True
reddit_1tswg2c_ooy7jdy,majority_keep,sample_middle_toxicity,163.0,24.0,3.0,8.0,0.03067484662576687,9.260909090909092,41.72803030303032,False,True,True
reddit_1tswg2c_ooylu1z,majority_keep,sample_middle_toxicity,320.0,49.0,3.0,16.333333333333332,0.034375,13.26666666666667,28.444999999999993,False,True,False
reddit_1tswg2c_ooyrg1c,unanimous_keep,sample_middle_toxicity,151.0,25.0,1.0,25.0,0.033112582781456956,11.624000000000002,56.252000000000024,False,True,True
reddit_1tswg2c_op0700e,unanimous_keep,sample_middle_toxicity,47.0,7.0,1.0,7.0,0.06382978723404255,10.350000000000001,31.545000000000016,True,False,True
reddit_1tswg2c_op0beo8,majority_remove,sample_middle_toxicity,171.0,23.0,3.0,7.666666666666667,0.03508771929824561,13.55181818181818,10.964393939393972,False,True,False
reddit_1tswg2c_op0e4ie,majority_keep,sample_middle_toxicity,144.0,24.0,2.0,12.0,0.020833333333333332,8.756666666666668,53.655,False,True,False
reddit_1tswg2c_op1aht0,majority_remove,sample_high_toxicity,254.0,47.0,3.0,15.666666666666666,0.023622047244094488,10.690000000000001,57.605000000000004,False,True,True
reddit_1tsx0f1_ooy8fve,unanimous_keep,sample_middle_toxicity,274.0,38.0,7.0,5.428571428571429,0.051094890510948905,10.999047619047623,25.36500000000001,False,True,True
reddit_1tsx0f1_ooy8z8m,unanimous_keep,sample_low_toxicity,132.0,26.0,2.0,13.0,0.030303030303030304,5.806666666666668,74.805,False,True,False
reddit_1tsx0f1_ooyapx1,majority_keep,sample_middle_toxicity,217.0,38.0,2.0,19.0,0.018433179723502304,8.208783783783787,69.1602027027027,False,True,True
reddit_1tsx0f1_ooycwq8,majority_keep,sample_middle_toxicity,34.0,7.0,1.0,7.0,0.029411764705882353,4.450000000000003,73.84500000000001,False,True,False
reddit_1tsx0f1_ooygdr1,majority_keep,sample_middle_toxicity,204.0,38.0,2.0,19.0,0.029411764705882353,8.766428571428573,63.381071428571445,False,True,True
reddit_1tsx0f1_ooylnh8,majority_keep,sample_middle_toxicity,147.0,24.0,3.0,8.0,0.047619047619047616,7.9217391304347835,51.92289855072465,False,True,False
reddit_1tsxfco_ooyjubd,unanimous_keep,sample_low_toxicity,308.0,55.0,3.0,18.333333333333332,0.03571428571428571,7.775471698113208,70.78257861635223,False,True,True
reddit_1tsxfco_ooyzye9,majority_keep,sample_middle_toxicity,108.0,19.0,1.0,19.0,0.0,9.830526315789477,58.42368421052632,False,True,True
reddit_1tsxfco_ooztj59,unanimous_keep,sample_middle_toxicity,220.0,43.0,2.0,21.5,0.013636363636363636,8.895238095238096,68.69142857142859,False,True,True
reddit_1tsxfco_op2aoko,majority_keep,sample_middle_toxicity,53.0,10.0,1.0,10.0,0.03773584905660377,6.010000000000002,69.78500000000001,True,True,True
reddit_1tsydyo_op0zvqr,unanimous_keep,sample_middle_toxicity,193.0,34.0,2.0,17.0,0.031088082901554404,9.438939393939396,56.77840909090912,False,True,True
reddit_1tsydyo_op1pp9w,majority_remove,sample_middle_toxicity,95.0,17.0,1.0,17.0,0.010526315789473684,7.698823529411765,70.14470588235295,False,True,True
reddit_1tsydyo_op21idj,unanimous_keep,sample_middle_toxicity,283.0,44.0,6.0,7.333333333333333,0.045936395759717315,5.506363636363638,68.64621212121216,False,True,False
reddit_1tsydyo_op75ktb,majority_keep,sample_middle_toxicity,169.0,33.0,3.0,11.0,0.03550295857988166,4.795000000000002,79.68333333333337,False,True,False
reddit_1tsyeyo_ooyj5t9,majority_keep,sample_high_toxicity,149.0,23.0,1.0,23.0,0.04697986577181208,12.362608695652174,47.39434782608697,False,True,True
reddit_1tsyeyo_oozyo2c,majority_keep,sample_middle_toxicity,60.0,7.0,1.0,7.0,0.03333333333333333,19.16857142857143,-29.898571428571415,False,False,True
reddit_1tsyeyo_op0zrbm,majority_keep,sample_middle_toxicity,292.0,61.0,4.0,15.25,0.0410958904109589,5.0797807017543875,84.02388157894738,False,False,True
reddit_1tsyeyo_op14m5r,majority_keep,sample_middle_toxicity,246.0,46.0,3.0,15.333333333333334,0.036585365853658534,7.288372093023256,68.33782945736438,False,True,False
reddit_1tsyeyo_op18thd,unanimous_keep,sample_low_toxicity,227.0,39.0,3.0,13.0,0.030837004405286344,7.633846153846157,63.486153846153854,False,True,False
reddit_1tszxri_ooyysxa,unanimous_keep,sample_middle_toxicity,105.0,21.0,2.0,10.5,0.02857142857142857,4.830000000000002,78.24500000000002,False,False,True
reddit_1tszxri_op0492h,unanimous_keep,sample_middle_toxicity,84.0,16.0,2.0,8.0,0.047619047619047616,6.525714285714287,60.74428571428575,True,False,True
reddit_1tszxri_op42eik,unanimous_keep,sample_middle_toxicity,148.0,26.0,1.0,26.0,0.013513513513513514,14.065384615384616,40.529615384615425,True,True,True
reddit_1tszxri_op44ssz,unanimous_keep,sample_low_toxicity,153.0,31.0,1.0,31.0,0.026143790849673203,13.216551724137933,51.95862068965518,False,False,False
reddit_1tt0mlj_oozoji8,unanimous_keep,sample_low_toxicity,159.0,26.0,3.0,8.666666666666666,0.025157232704402517,8.213076923076922,51.61525641025645,True,True,True
reddit_1tt0mlj_op05q94,majority_remove,sample_middle_toxicity,262.0,45.0,2.0,22.5,0.022900763358778626,10.753888888888891,58.03750000000001,False,True,True
reddit_1tt0mlj_op0ghjy,unanimous_keep,sample_middle_toxicity,188.0,35.0,4.0,8.75,0.05319148936170213,6.270000000000003,69.10833333333336,True,False,False
reddit_1tt0mlj_op1zgxc,unanimous_keep,sample_middle_toxicity,270.0,45.0,5.0,9.0,0.03333333333333333,7.2477209302325605,58.41762790697675,False,False,True
reddit_1tt1cw0_op09g9e,unanimous_keep,sample_middle_toxicity,184.0,33.0,2.0,16.5,0.010869565217391304,10.154090909090915,51.65113636363637,False,True,True
reddit_1tt1cw0_op0kv5f,majority_remove,sample_middle_toxicity,66.0,13.0,1.0,13.0,0.030303030303030304,3.84,88.905,False,True,True
reddit_1tt1nt4_oozquzi,unanimous_keep,sample_middle_toxicity,307.0,54.0,3.0,18.0,0.026058631921824105,9.367272727272727,60.55757575757579,False,True,False
reddit_1tt1r86_oozojbm,unanimous_keep,sample_middle_toxicity,46.0,9.0,1.0,9.0,0.021739130434782608,4.964444444444446,75.50000000000003,False,True,True
reddit_1tt1uwg_oozv2cv,majority_keep,sample_middle_toxicity,184.0,34.0,6.0,5.666666666666667,0.03260869565217391,2.4420270270270272,88.53799549549552,False,True,True
reddit_1tt1xag_oozfi9h,unanimous_keep,sample_middle_toxicity,284.0,52.0,3.0,17.333333333333332,0.03873239436619718,8.595833333333335,61.932500000000005,False,True,True
reddit_1tt2zbu_op18o09,unanimous_keep,sample_middle_toxicity,308.0,52.0,6.0,8.666666666666666,0.025974025974025976,6.697549019607845,62.1839705882353,False,False,True
reddit_1tt31k9_op069do,unanimous_keep,sample_low_toxicity,206.0,40.0,2.0,20.0,0.038834951456310676,9.130000000000003,61.665000000000006,False,True,True
reddit_1tt39gf_oozrdk1,majority_remove,sample_middle_toxicity,84.0,15.0,2.0,7.5,0.05952380952380952,6.780000000000001,73.17000000000003,False,True,True
reddit_1tt3fgk_op00xkk,majority_keep,sample_middle_toxicity,269.0,50.0,4.0,12.5,0.04460966542750929,7.069095744680851,65.30875,False,True,True
reddit_1tt3fgk_op0f6tn,unanimous_keep,sample_middle_toxicity,264.0,42.0,3.0,14.0,0.04924242424242424,11.440000000000001,36.791666666666686,False,True,True
reddit_1tt3m71_oozuigz,unanimous_keep,sample_middle_toxicity,139.0,27.0,3.0,9.0,0.02877697841726619,4.582307692307694,77.64602564102567,False,True,True
reddit_1tt3m71_op0654w,unanimous_keep,sample_middle_toxicity,285.0,60.0,4.0,15.0,0.042105263157894736,3.6960344827586233,94.38991379310346,True,True,True
reddit_1tt3m71_op16a7k,majority_keep,sample_low_toxicity,144.0,22.0,2.0,11.0,0.020833333333333332,7.472727272727273,61.07909090909095,False,True,True
reddit_1tt3vbp_op0184y,majority_remove,sample_high_toxicity,84.0,14.0,1.0,14.0,0.023809523809523808,9.44923076923077,50.470769230769264,False,False,True
reddit_1tt4bg8_oozvqz3,majority_keep,sample_high_toxicity,193.0,32.0,3.0,10.666666666666666,0.015544041450777202,4.795000000000002,79.68333333333337,False,True,True
reddit_1tt6meg_op185e4,majority_remove,sample_middle_toxicity,95.0,21.0,2.0,10.5,0.042105263157894736,3.641315789473687,85.87671052631579,True,False,False
reddit_1tt6o9m_op0j3gt,majority_keep,sample_middle_toxicity,142.0,25.0,3.0,8.333333333333334,0.07042253521126761,4.433636363636364,76.33712121212123,False,True,True
reddit_1tt6o9m_op0m8il,unanimous_keep,sample_middle_toxicity,291.0,50.0,5.0,10.0,0.044673539518900345,7.156851063829787,60.49400000000003,False,True,True
reddit_1tt6o9m_op0mg7h,unanimous_keep,sample_middle_toxicity,123.0,19.0,1.0,19.0,0.016260162601626018,13.063333333333333,33.465,False,True,False
reddit_1tt6o9m_op10xta,majority_keep,sample_middle_toxicity,255.0,37.0,1.0,37.0,0.01568627450980392,21.48324324324324,6.939459459459471,False,True,True
reddit_1tt6yir_op11c79,unanimous_keep,sample_middle_toxicity,33.0,6.0,1.0,6.0,0.030303030303030304,2.4833333333333343,87.94500000000002,False,False,False
reddit_1tt6yir_opm374n,majority_keep,sample_middle_toxicity,208.0,35.0,2.0,17.5,0.052884615384615384,9.434117647058823,57.70352941176472,False,True,True
reddit_1tt8acb_op97aqo,majority_remove,sample_high_toxicity,74.0,16.0,1.0,16.0,0.08108108108108109,5.041428571428572,83.85357142857143,False,True,True
reddit_1tt8k9j_op0s1xy,majority_keep,sample_middle_toxicity,116.0,20.0,1.0,20.0,0.034482758620689655,9.130000000000003,61.665000000000006,False,True,True
reddit_1tt8k9j_op0uwnz,majority_keep,sample_middle_toxicity,272.0,47.0,2.0,23.5,0.01838235294117647,11.902659574468085,51.58250000000004,False,False,True
reddit_1tt8k9j_op18y8y,majority_keep,sample_low_toxicity,215.0,39.0,2.0,19.5,0.037209302325581395,9.457777777777778,59.315000000000026,True,False,False
reddit_1tt8k9j_op1k1s6,majority_keep,sample_low_toxicity,107.0,18.0,3.0,6.0,0.056074766355140186,3.452500000000004,79.80916666666668,False,True,True
reddit_1tt8k9j_op1q4q2,majority_keep,sample_middle_toxicity,181.0,27.0,3.0,9.0,0.03314917127071823,9.33481481481482,44.166666666666686,False,True,True
reddit_1tt99ox_op0yaon,majority_keep,sample_low_toxicity,63.0,10.0,1.0,10.0,0.015873015873015872,10.73,35.94500000000002,True,True,False
reddit_1tt99ox_op19p6g,unanimous_keep,sample_middle_toxicity,213.0,38.0,3.0,12.666666666666666,0.046948356807511735,9.16554054054054,62.30074324324326,False,True,True
reddit_1tt99ox_op1ki5u,majority_keep,sample_middle_toxicity,137.0,25.0,4.0,6.25,0.043795620437956206,3.7550000000000026,82.39000000000001,False,True,False
reddit_1tta0q0_op11bt2,unanimous_keep,sample_high_toxicity,48.0,8.0,1.0,8.0,0.041666666666666664,7.368571428571428,54.70142857142861,False,False,False
reddit_1ttadso_op17vyg,majority_keep,sample_middle_toxicity,114.0,19.0,1.0,19.0,0.02631578947368421,11.752222222222223,42.86500000000001,False,True,True
reddit_1ttadso_op1b296,majority_keep,sample_middle_toxicity,128.0,28.0,1.0,28.0,0.046875,9.503333333333334,69.67500000000004,False,True,True
reddit_1ttadso_op1ce7m,majority_keep,sample_middle_toxicity,109.0,20.0,3.0,6.666666666666667,0.027522935779816515,5.6200000000000045,70.80000000000003,False,True,True
reddit_1ttadso_op226g0,majority_remove,sample_high_toxicity,126.0,23.0,3.0,7.666666666666667,0.031746031746031744,3.997142857142858,78.87285714285717,False,True,True
reddit_1ttadso_op2sy4k,majority_keep,sample_low_toxicity,60.0,9.0,2.0,4.5,0.05,4.520555555555557,70.66750000000002,False,True,True
reddit_1ttadso_op2ur4s,unanimous_keep,sample_high_toxicity,162.0,26.0,3.0,8.666666666666666,0.04938271604938271,8.67166666666667,47.140000000000015,False,True,True
reddit_1ttadso_op45dt3,majority_keep,sample_middle_toxicity,60.0,13.0,1.0,13.0,0.03333333333333333,5.818461538461541,76.50153846153849,False,True,True
reddit_1ttbe3e_op1bk2m,unanimous_keep,sample_middle_toxicity,181.0,30.0,1.0,30.0,0.016574585635359115,14.596666666666668,43.84500000000003,False,True,True
reddit_1ttbe3e_op1eyqv,majority_remove,sample_middle_toxicity,175.0,34.0,3.0,11.333333333333334,0.017142857142857144,5.488823529411768,75.89637254901962,False,True,True
reddit_1ttbe3e_op1fr75,unanimous_remove,sample_high_toxicity,314.0,64.0,5.0,12.8,0.03503184713375796,4.612000000000002,83.01393220338984,False,True,True
reddit_1ttbqa6_op2h4mb,majority_keep,sample_middle_toxicity,219.0,31.0,2.0,15.5,0.0319634703196347,11.771129032258063,38.27669354838713,False,True,False
reddit_1ttbse9_op1e1eg,unanimous_keep,sample_middle_toxicity,83.0,14.0,1.0,14.0,0.012048192771084338,10.098571428571429,47.59642857142859,False,True,True
reddit_1ttbse9_op1nx3c,unanimous_remove,sample_high_toxicity,276.0,53.0,2.0,26.5,0.018115942028985508,10.661538461538463,64.93346153846157,False,False,True
reddit_1ttbse9_op1roms,majority_remove,sample_high_toxicity,293.0,54.0,4.0,13.5,0.017064846416382253,5.845370370370372,77.19916666666668,False,True,True
reddit_1ttbse9_op23gdc,majority_keep,sample_low_toxicity,256.0,43.0,5.0,8.6,0.02734375,5.105047619047621,73.42328571428571,False,True,True
reddit_1ttbse9_op2t5j2,majority_remove,sample_middle_toxicity,105.0,20.0,2.0,10.0,0.0380952380952381,3.0202631578947354,90.32934210526317,True,True,False
reddit_1ttbse9_op2yyg0,majority_remove,sample_high_toxicity,211.0,35.0,3.0,11.666666666666666,0.03317535545023697,6.530000000000005,68.43166666666669,False,True,True
reddit_1ttbse9_op4rgor,majority_remove,sample_middle_toxicity,159.0,28.0,2.0,14.0,0.018867924528301886,9.44923076923077,50.470769230769264,False,True,True
reddit_1ttcu5f_op1rlse,unanimous_keep,sample_middle_toxicity,312.0,51.0,3.0,17.0,0.022435897435897436,8.39294117647059,65.16823529411766,False,True,False
reddit_1ttcu5f_op1v1ek,unanimous_keep,sample_middle_toxicity,158.0,30.0,2.0,15.0,0.0189873417721519,8.353333333333339,61.890000000000015,False,True,True
reddit_1ttcu5f_op261bm,majority_keep,sample_middle_toxicity,207.0,40.0,4.0,10.0,0.028985507246376812,4.535,80.36000000000001,False,True,True
reddit_1ttcu5f_op27edo,majority_keep,sample_middle_toxicity,234.0,36.0,2.0,18.0,0.029914529914529916,13.486428571428572,29.541071428571456,False,True,True
reddit_1ttcu5f_op2eyh8,majority_keep,sample_middle_toxicity,267.0,50.0,5.0,10.0,0.026217228464419477,4.624833333333335,79.00350000000002,False,True,True
reddit_1ttcu5f_op2plcf,majority_keep,sample_low_toxicity,184.0,28.0,1.0,28.0,0.010869565217391304,18.508571428571432,12.236428571428604,False,True,True
reddit_1ttcu5f_op2qxhn,unanimous_keep,sample_low_toxicity,151.0,27.0,1.0,27.0,0.013245033112582781,15.043703703703706,35.29666666666668,True,True,True
reddit_1ttcu5f_op2smi9,unanimous_keep,sample_middle_toxicity,269.0,43.0,2.0,21.5,0.022304832713754646,13.671428571428574,34.448571428571455,False,False,False
reddit_1ttcu5f_op7r8mn,majority_keep,sample_middle_toxicity,290.0,50.0,5.0,10.0,0.020689655172413793,5.065999999999999,76.55300000000001,False,True,True
reddit_1ttdpd3_op1v30d,unanimous_keep,sample_low_toxicity,304.0,52.0,1.0,52.0,0.019736842105263157,23.498,15.64900000000003,False,True,True
reddit_1ttmc22_op5l8lc,unanimous_keep,sample_low_toxicity,128.0,21.0,1.0,21.0,0.0078125,12.26666666666667,44.52000000000001,False,True,False
reddit_1ttmc22_op663s9,unanimous_keep,sample_low_toxicity,156.0,26.0,3.0,8.666666666666666,0.019230769230769232,8.666923076923077,48.361410256410295,False,True,True
reddit_1ttnjf7_op4ug94,majority_keep,sample_low_toxicity,208.0,37.0,3.0,12.333333333333334,0.02403846153846154,6.182941176470592,70.91990196078433,False,True,True
reddit_1ttp1d5_op48f8o,unanimous_keep,sample_middle_toxicity,87.0,15.0,2.0,7.5,0.10344827586206896,4.191153846153846,76.59134615384617,False,True,True
reddit_1ttsfrd_op4s9lz,majority_keep,sample_low_toxicity,112.0,21.0,1.0,21.0,0.044642857142857144,9.32,63.86500000000004,False,True,True
reddit_1ttsfrd_op4w6al,unanimous_keep,sample_middle_toxicity,201.0,29.0,2.0,14.5,0.01990049751243781,12.444310344827588,31.669224137931053,True,False,True
reddit_1ttsfrd_op4zglv,majority_remove,sample_middle_toxicity,210.0,35.0,2.0,17.5,0.01904761904761905,11.126428571428573,46.461071428571444,False,True,True
reddit_1tttfo9_op4ud6k,majority_keep,sample_middle_toxicity,275.0,49.0,4.0,12.25,0.01818181818181818,7.248724489795919,64.91145408163268,False,True,True
reddit_1tttfo9_op599v1,majority_keep,sample_low_toxicity,235.0,41.0,2.0,20.5,0.0425531914893617,10.451578947368422,53.97105263157897,False,False,False
reddit_1tttfo9_op645dc,majority_keep,sample_middle_toxicity,211.0,42.0,2.0,21.0,0.023696682464454975,7.370853658536586,78.72993902439025,False,True,True
reddit_1ttubgf_op524it,unanimous_keep,sample_middle_toxicity,168.0,32.0,2.0,16.0,0.017857142857142856,6.061451612903227,79.21217741935487,False,True,True
reddit_1ttui2j_op539m6,unanimous_keep,sample_low_toxicity,276.0,44.0,3.0,14.666666666666666,0.014492753623188406,11.048181818181817,41.97560606060608,True,True,True
reddit_1ttui2j_op5bxfq,unanimous_keep,sample_middle_toxicity,295.0,58.0,4.0,14.5,0.02711864406779661,5.884285714285717,77.81071428571428,False,True,True
reddit_1ttui2j_op5c76d,unanimous_keep,sample_middle_toxicity,163.0,30.0,1.0,30.0,0.024539877300613498,12.608571428571427,54.5364285714286,False,True,True
reddit_1ttui2j_op5iwif,majority_keep,sample_middle_toxicity,139.0,28.0,2.0,14.0,0.02877697841726619,4.91076923076923,83.0092307692308,False,True,True
reddit_1ttui2j_op5rbxk,majority_remove,sample_middle_toxicity,278.0,50.0,2.0,25.0,0.017985611510791366,12.699166666666667,46.76250000000002,False,True,True
reddit_1ttui2j_op5wba1,unanimous_keep,sample_middle_toxicity,306.0,52.0,3.0,17.333333333333332,0.02287581699346405,10.498000000000001,49.48233333333337,False,True,True
reddit_1ttui2j_op5wnwg,unanimous_keep,sample_middle_toxicity,309.0,55.0,4.0,13.75,0.022653721682847898,7.3750000000000036,66.23250000000003,False,True,True
reddit_1ttui2j_op5xvkf,majority_remove,sample_high_toxicity,304.0,52.0,4.0,13.0,0.046052631578947366,7.28166666666667,64.22999999999999,False,True,True
reddit_1ttui2j_op636xx,unanimous_remove,sample_high_toxicity,93.0,16.0,2.0,8.0,0.03225806451612903,8.575000000000003,46.942499999999995,False,True,True
reddit_1ttui2j_op6ip26,majority_keep,sample_low_toxicity,169.0,30.0,1.0,30.0,0.011834319526627219,13.810000000000006,49.48500000000003,False,True,True
reddit_1ttun3g_op53azi,majority_keep,sample_middle_toxicity,183.0,36.0,3.0,12.0,0.03825136612021858,5.1417647058823555,78.38460784313727,False,True,True
reddit_1ttun3g_op5v3en,majority_remove,sample_high_toxicity,47.0,11.0,1.0,11.0,0.0,0.5,111.07000000000002,False,False,True
reddit_1ttv5xp_op5iog7,majority_keep,sample_middle_toxicity,241.0,52.0,4.0,13.0,0.03319502074688797,4.1181122448979615,87.35635204081633,False,False,False
reddit_1ttv5xp_op74ooh,unanimous_keep,sample_middle_toxicity,151.0,28.0,3.0,9.333333333333334,0.019867549668874173,4.527407407407409,78.63333333333335,False,False,False
reddit_1ttx203_op5rdpf,unanimous_keep,sample_middle_toxicity,319.0,55.0,3.0,18.333333333333332,0.018808777429467086,9.130000000000003,61.665000000000006,True,True,True
reddit_1ttx203_op5rjl1,majority_keep,sample_high_toxicity,96.0,21.0,1.0,21.0,0.041666666666666664,5.483157894736845,89.5921052631579,False,True,True
reddit_1ttx203_op5sci4,majority_keep,sample_middle_toxicity,235.0,36.0,4.0,9.0,0.03829787234042553,8.89777777777778,47.30000000000004,False,True,True
reddit_1ttx203_op5upai,unanimous_keep,sample_middle_toxicity,289.0,51.0,1.0,51.0,0.01384083044982699,20.902000000000005,34.261000000000024,False,True,True
reddit_1ttx203_op7ax97,unanimous_keep,sample_middle_toxicity,127.0,21.0,1.0,21.0,0.015748031496062992,11.142857142857142,52.57714285714289,False,True,True
reddit_1ttx203_opb1aep,majority_keep,sample_low_toxicity,112.0,18.0,1.0,18.0,0.03571428571428571,14.374444444444446,24.064999999999998,True,True,True
reddit_1ttxea2_op6dilg,majority_keep,sample_middle_toxicity,138.0,25.0,1.0,25.0,0.014492753623188406,11.470000000000002,55.57500000000003,False,True,True
reddit_1ttxea2_op7ap5l,unanimous_keep,sample_middle_toxicity,222.0,41.0,1.0,41.0,0.013513513513513514,16.866153846153846,43.60384615384616,False,False,False
reddit_1ttxj3b_op7jku3,unanimous_keep,sample_middle_toxicity,246.0,44.0,2.0,22.0,0.024390243902439025,10.536707317073173,56.03237804878049,False,True,True
reddit_1tu1v6y_op6hd7j,unanimous_keep,sample_middle_toxicity,312.0,49.0,3.0,16.333333333333332,0.028846153846153848,12.283333333333335,35.495000000000005,False,True,True
reddit_1tu3uj9_opfxhkf,majority_keep,sample_low_toxicity,278.0,53.0,2.0,26.5,0.025179856115107913,11.665754716981134,58.624292452830204,False,True,False
reddit_1tu4roc_op7ysvr,majority_keep,sample_middle_toxicity,258.0,47.0,3.0,15.666666666666666,0.04263565891472868,7.570000000000004,65.72500000000001,False,True,True
reddit_1tu5tml_op88ky5,majority_keep,sample_middle_toxicity,88.0,18.0,2.0,9.0,0.045454545454545456,3.6897058823529427,83.74867647058825,False,True,True
reddit_1tu5tml_op9o023,majority_remove,sample_middle_toxicity,219.0,38.0,5.0,7.6,0.045662100456621,5.474378378378379,68.99427027027028,False,True,True
reddit_1tu7mub_op8rp6u,unanimous_keep,sample_middle_toxicity,66.0,12.0,1.0,12.0,0.015151515151515152,7.773333333333333,60.70500000000001,False,True,True
reddit_1tu7mub_op8udhe,majority_keep,sample_middle_toxicity,195.0,38.0,2.0,19.0,0.041025641025641026,7.351764705882353,72.63294117647061,False,True,True
reddit_1tu7mub_opbvykc,majority_remove,sample_middle_toxicity,268.0,43.0,3.0,14.333333333333334,0.014925373134328358,10.941428571428574,41.553571428571445,False,True,True
reddit_1tucjhu_op8vg2i,unanimous_keep,sample_middle_toxicity,206.0,29.0,2.0,14.5,0.014563106796116505,12.851206896551727,28.7519827586207,False,True,True
reddit_1tucjhu_op8vidx,majority_keep,sample_low_toxicity,198.0,36.0,1.0,36.0,0.025252525252525252,14.801212121212124,47.72181818181819,False,True,True
reddit_1tucjhu_op8yz1j,majority_keep,sample_middle_toxicity,94.0,19.0,1.0,19.0,0.05319148936170213,6.310588235294119,80.09764705882354,False,False,True
reddit_1tucjhu_op99r08,majority_keep,sample_middle_toxicity,111.0,21.0,2.0,10.5,0.018018018018018018,4.800238095238097,79.34892857142859,False,False,True
reddit_1tucjhu_op9bbfn,unanimous_keep,sample_middle_toxicity,268.0,42.0,2.0,21.0,0.018656716417910446,13.414756097560979,35.39823170731708,False,False,False
reddit_1tucjhu_opapfna,majority_remove,sample_middle_toxicity,120.0,22.0,2.0,11.0,0.03333333333333333,5.863636363636363,72.61545454545457,False,True,True
reddit_1tuebh8_op8ytk5,majority_remove,sample_middle_toxicity,264.0,44.0,1.0,44.0,0.022727272727272728,20.737619047619052,21.190714285714307,False,True,True
reddit_1tuebh8_op919im,majority_remove,sample_high_toxicity,170.0,34.0,2.0,17.0,0.011764705882352941,7.351764705882353,72.63294117647061,False,True,True
reddit_1tuebh8_op9twf0,majority_remove,sample_high_toxicity,81.0,17.0,1.0,17.0,0.037037037037037035,6.8750000000000036,74.27000000000001,False,True,True
reddit_1tuebh8_op9v6nb,majority_keep,sample_middle_toxicity,166.0,28.0,2.0,14.0,0.05421686746987952,5.884285714285717,77.81071428571428,False,True,False
reddit_1tuebh8_opa2ek0,unanimous_keep,sample_middle_toxicity,74.0,11.0,1.0,11.0,0.013513513513513514,10.154545454545456,41.8518181818182,False,True,True
reddit_1tuebh8_opardvt,unanimous_keep,sample_middle_toxicity,186.0,32.0,1.0,32.0,0.010752688172043012,14.390322580645162,47.10548387096776,False,True,True
reddit_1tuebh8_opbx2tj,majority_keep,sample_low_toxicity,170.0,32.0,2.0,16.0,0.01764705882352941,7.612500000000001,68.9825,False,True,True
reddit_1tug26y_opbydy8,majority_keep,sample_low_toxicity,68.0,14.0,1.0,14.0,0.014705882352941176,5.884285714285717,77.81071428571428,True,True,True
reddit_1tug26y_opdl119,unanimous_keep,sample_low_toxicity,254.0,51.0,7.0,7.285714285714286,0.03543307086614173,3.5155102040816324,82.32591836734697,True,True,True
reddit_1tug26y_opfgrn0,majority_keep,sample_low_toxicity,58.0,14.0,1.0,14.0,0.06896551724137931,3.7181818181818187,87.99727272727276,True,False,False
reddit_1tuh5dj_opgdt6o,majority_keep,sample_middle_toxicity,294.0,50.0,2.0,25.0,0.03741496598639456,12.85166666666667,42.9975,False,True,True
reddit_1tuly4n_opamfz1,majority_keep,sample_middle_toxicity,164.0,28.0,2.0,14.0,0.036585365853658534,7.593518518518522,64.66583333333335,False,True,True
reddit_1tuly4n_opbnx7u,majority_remove,sample_middle_toxicity,242.0,43.0,2.0,21.5,0.02066115702479339,10.580952380952379,56.6057142857143,False,True,True
reddit_1tupifu_opgm1tc,majority_remove,sample_middle_toxicity,87.0,17.0,1.0,17.0,0.04597701149425287,8.350000000000005,63.69500000000001,False,True,True
reddit_1ture29_opc209a,majority_remove,sample_middle_toxicity,300.0,61.0,7.0,8.714285714285714,0.04666666666666667,3.170404312668463,85.8179245283019,False,True,True
reddit_1ture29_opcesos,majority_keep,sample_middle_toxicity,298.0,50.0,6.0,8.333333333333334,0.06040268456375839,5.541595744680851,69.28416666666669,False,True,True
reddit_1ture29_opg5wk3,unanimous_keep,sample_middle_toxicity,171.0,29.0,1.0,29.0,0.023391812865497075,12.809655172413795,54.87586206896553,False,True,True
reddit_1tuttj1_opce1zm,unanimous_keep,sample_middle_toxicity,296.0,56.0,1.0,56.0,0.033783783783783786,21.846,27.493000000000023,False,True,True
reddit_1tuttj1_opi5ske,majority_keep,sample_middle_toxicity,111.0,20.0,1.0,20.0,0.04504504504504504,9.785555555555558,56.965,False,True,True
reddit_1tutxzr_opctx4z,majority_remove,sample_high_toxicity,60.0,10.0,2.0,5.0,0.03333333333333333,5.240000000000002,66.40000000000003,False,True,True
reddit_1tutxzr_opcuwvg,majority_remove,sample_middle_toxicity,148.0,27.0,2.0,13.5,0.013513513513513514,6.719444444444445,70.93250000000003,False,False,True
reddit_1tutxzr_opdn8rc,majority_remove,sample_middle_toxicity,83.0,17.0,1.0,17.0,0.024096385542168676,5.400000000000002,84.845,False,True,True
reddit_1tutxzr_opebu0l,unanimous_remove,sample_middle_toxicity,74.0,14.0,2.0,7.0,0.02702702702702703,3.1542857142857166,84.9157142857143,False,True,True
reddit_1tuue1j_opc803a,majority_keep,sample_low_toxicity,226.0,44.0,3.0,14.666666666666666,0.017699115044247787,5.28146341463415,81.5389430894309,True,True,True
reddit_1tuue1j_opchx64,unanimous_keep,sample_middle_toxicity,97.0,19.0,1.0,19.0,0.020618556701030927,9.785555555555558,56.965,False,True,True
reddit_1tuue1j_opdkhnv,majority_keep,sample_low_toxicity,166.0,27.0,2.0,13.5,0.018072289156626505,9.903076923076924,47.21692307692311,False,True,True
reddit_1tuue1j_opf76fn,unanimous_keep,sample_middle_toxicity,108.0,19.0,7.0,2.7142857142857144,0.1111111111111111,0.9790476190476198,91.86000000000001,False,True,True
reddit_1tuue1j_opf84js,majority_keep,sample_middle_toxicity,262.0,50.0,3.0,16.666666666666668,0.022900763358778626,5.710612244897963,83.21176870748302,False,True,True
reddit_1tuue1j_opiozsd,unanimous_keep,sample_middle_toxicity,258.0,41.0,2.0,20.5,0.015503875968992248,13.990365853658538,31.2714024390244,False,True,True
reddit_1tuue1j_opj2o5r,majority_keep,sample_middle_toxicity,121.0,23.0,2.0,11.5,0.024793388429752067,4.790909090909089,80.30636363636367,False,True,True
reddit_1tuue1j_opj8xx7,unanimous_keep,sample_low_toxicity,253.0,46.0,3.0,15.333333333333334,0.02766798418972332,9.209302325581397,54.56573643410857,False,True,True
reddit_1tuwb8f_opcv4mn,majority_keep,sample_middle_toxicity,62.0,10.0,1.0,10.0,0.03225806451612903,10.208888888888893,37.900000000000034,False,True,True
reddit_1tuwb8f_opd0nfr,unanimous_remove,sample_middle_toxicity,171.0,28.0,2.0,14.0,0.017543859649122806,8.834285714285716,56.66071428571428,False,True,True
reddit_1tuwb8f_opd1klp,unanimous_keep,sample_middle_toxicity,206.0,36.0,4.0,9.0,0.02912621359223301,10.97794117647059,31.49573529411765,False,True,True
reddit_1tuwb8f_opd3wgi,majority_keep,sample_middle_toxicity,287.0,45.0,1.0,45.0,0.010452961672473868,23.95674418604651,-0.10767441860465965,False,True,True
reddit_1tuwb8f_opdgite,majority_keep,sample_high_toxicity,60.0,9.0,1.0,9.0,0.03333333333333333,11.520000000000003,28.50000000000003,False,True,True
reddit_1tuwb8f_opem0ym,unanimous_keep,sample_low_toxicity,274.0,46.0,2.0,23.0,0.021897810218978103,13.371818181818181,38.37772727272727,False,False,False
reddit_1tuwb8f_opf408q,unanimous_keep,sample_middle_toxicity,293.0,54.0,7.0,7.714285714285714,0.03754266211604096,4.326373626373627,77.27576923076926,False,True,True
reddit_1tuwb8f_opqyz7h,unanimous_keep,sample_middle_toxicity,298.0,50.0,1.0,50.0,0.02348993288590604,23.327234042553197,11.530000000000001,True,False,False
reddit_1tuwb8f_oq71vy3,unanimous_keep,sample_middle_toxicity,246.0,38.0,3.0,12.666666666666666,0.02032520325203252,9.223684210526319,51.49412280701759,False,True,True
reddit_1tux6at_opcpfwl,majority_keep,sample_middle_toxicity,276.0,48.0,4.0,12.0,0.025362318840579712,6.628611111111113,67.57625000000003,False,True,True
reddit_1tux6at_opd8mjj,majority_keep,sample_middle_toxicity,246.0,42.0,3.0,14.0,0.04878048780487805,7.900000000000002,62.17166666666668,False,True,False
reddit_1tux6at_opdam72,majority_remove,sample_middle_toxicity,160.0,32.0,3.0,10.666666666666666,0.03125,4.427096774193547,81.727311827957,False,False,True
reddit_1tux6at_opddc63,majority_keep,sample_middle_toxicity,290.0,52.0,3.0,17.333333333333332,0.02413793103448276,9.318000000000001,57.94233333333335,False,True,True
reddit_1tux6at_opdn8zt,majority_keep,sample_middle_toxicity,277.0,45.0,3.0,15.0,0.02527075812274368,12.024444444444448,35.57000000000002,False,True,True
reddit_1tux6at_opdrjia,majority_keep,sample_middle_toxicity,92.0,18.0,2.0,9.0,0.021739130434782608,2.342222222222226,94.30000000000001,False,False,True
reddit_1tux6at_ope0vru,unanimous_keep,sample_high_toxicity,95.0,14.0,1.0,14.0,0.031578947368421054,13.673333333333336,18.405,False,True,True
reddit_1tuzkhw_opdf6j5,unanimous_keep,sample_low_toxicity,150.0,29.0,3.0,9.666666666666666,0.03333333333333333,4.090370370370373,81.76666666666668,True,False,False
reddit_1tuzkhw_opdm4hb,unanimous_keep,sample_middle_toxicity,297.0,54.0,2.0,27.0,0.030303030303030304,12.333679245283019,53.83561320754718,True,True,False
reddit_1tuzkhw_opdty67,majority_keep,sample_low_toxicity,298.0,52.0,3.0,17.333333333333332,0.040268456375838924,22.318,24.10900000000001,False,False,False
reddit_1tuzkhw_ope5oe1,majority_keep,sample_middle_toxicity,228.0,46.0,2.0,23.0,0.03508771929824561,8.711279069767443,70.90087209302328,True,True,False
reddit_1tuzkhw_opfmys1,unanimous_keep,sample_low_toxicity,282.0,46.0,7.0,6.571428571428571,0.031914893617021274,5.902337662337661,63.94136363636366,False,False,False
reddit_1tuzwvu_opdmsbj,majority_keep,sample_middle_toxicity,201.0,37.0,2.0,18.5,0.014925373134328358,9.777857142857144,56.1296428571429,False,False,True
reddit_1tuzwvu_ope0wjp,unanimous_keep,sample_low_toxicity,143.0,25.0,1.0,25.0,0.02097902097902098,11.470000000000002,55.57500000000003,False,True,True
reddit_1tuzwvu_opeseng,majority_keep,sample_middle_toxicity,133.0,23.0,2.0,11.5,0.06015037593984962,5.92404761904762,71.29178571428572,False,True,True
reddit_1tv1z4j_opdv7rq,majority_keep,sample_low_toxicity,251.0,49.0,3.0,16.333333333333332,0.02390438247011952,8.350000000000005,63.69500000000001,False,True,True
reddit_1tv1z4j_opdvsat,majority_keep,sample_middle_toxicity,33.0,6.0,1.0,6.0,0.030303030303030304,6.416666666666668,59.745000000000005,False,False,True
reddit_1tv1z4j_ope05co,majority_keep,sample_middle_toxicity,264.0,40.0,3.0,13.333333333333334,0.045454545454545456,10.555,43.136666666666684,False,True,True
reddit_1tv1z4j_opex90l,majority_keep,sample_middle_toxicity,24.0,4.0,2.0,2.0,0.08333333333333333,-0.0600000000000005,99.055,False,True,True
reddit_1tv1z4j_opf7jvm,unanimous_remove,sample_high_toxicity,274.0,48.0,3.0,16.0,0.010948905109489052,10.316666666666666,49.595,False,True,True
reddit_1tv1z4j_opfcmo9,majority_remove,sample_low_toxicity,186.0,33.0,4.0,8.25,0.08064516129032258,5.322822580645163,70.70423387096776,False,False,True
reddit_1tv1z4j_opfyrdh,majority_keep,sample_middle_toxicity,284.0,45.0,4.0,11.25,0.017605633802816902,9.250833333333336,48.77625000000003,False,True,True
reddit_1tv1z4j_opi6zks,unanimous_keep,sample_middle_toxicity,156.0,23.0,2.0,11.5,0.02564102564102564,9.416739130434784,48.032065217391334,False,True,True
reddit_1tv4g76_opfu68f,majority_keep,sample_middle_toxicity,134.0,25.0,1.0,25.0,0.029850746268656716,10.310434782608699,62.10739130434784,False,True,True
reddit_1tv4g76_opfvmi7,unanimous_keep,sample_middle_toxicity,77.0,17.0,1.0,17.0,0.03896103896103896,4.228235294117649,95.02705882352943,False,True,True
reddit_1tv4g76_opg6evi,majority_keep,sample_middle_toxicity,312.0,57.0,2.0,28.5,0.019230769230769232,12.819285714285716,53.025714285714315,False,True,True
reddit_1tv4g76_oqjo5ds,unanimous_keep,sample_middle_toxicity,79.0,17.0,1.0,17.0,0.0379746835443038,5.993333333333336,78.81000000000003,False,True,True
reddit_1tv4g76_oqs8qvb,majority_keep,sample_middle_toxicity,213.0,32.0,4.0,8.0,0.03286384976525822,9.655000000000001,40.09,False,True,True
reddit_1tv4jag_opgj3rh,unanimous_keep,sample_middle_toxicity,161.0,30.0,1.0,30.0,0.006211180124223602,14.203333333333337,46.66500000000002,False,True,True
reddit_1tv4jag_opixq4s,majority_keep,sample_middle_toxicity,308.0,47.0,3.0,15.666666666666666,0.025974025974025976,11.937826086956523,36.78471014492757,False,True,True
reddit_1tv4jag_opkpmxv,unanimous_keep,sample_middle_toxicity,106.0,17.0,1.0,17.0,0.0,12.55764705882353,35.309411764705914,False,True,True
reddit_1tv69vk_opw9cot,majority_keep,sample_middle_toxicity,86.0,14.0,1.0,14.0,0.011627906976744186,8.412857142857145,59.68214285714288,False,True,True
reddit_1tv7vfu_opf40lj,majority_remove,sample_middle_toxicity,130.0,22.0,2.0,11.0,0.015384615384615385,6.936363636363637,64.9245454545455,False,True,True
reddit_1tv7vfu_opg8cfp,unanimous_keep,sample_middle_toxicity,90.0,14.0,1.0,14.0,0.022222222222222223,14.895384615384618,11.424615384615407,False,True,True
reddit_1tv7vfu_opg8z19,unanimous_keep,sample_middle_toxicity,254.0,46.0,3.0,15.333333333333334,0.01968503937007874,9.402222222222225,54.37000000000003,False,True,True
reddit_1tv7vfu_opgl1xc,majority_keep,sample_middle_toxicity,256.0,45.0,3.0,15.0,0.03515625,8.111627906976747,62.43550387596903,False,True,True
reddit_1tv7vfu_ophvt4q,majority_remove,sample_middle_toxicity,244.0,41.0,3.0,13.666666666666666,0.03278688524590164,7.605,64.28666666666669,False,True,True
reddit_1tv7vfu_opiimgu,majority_remove,sample_high_toxicity,81.0,17.0,1.0,17.0,0.012345679012345678,5.616470588235295,85.07411764705884,False,True,True
reddit_1tv99t4_opfvlzk,majority_keep,sample_middle_toxicity,215.0,36.0,3.0,12.0,0.023255813953488372,10.067777777777778,44.255000000000024,False,True,True
reddit_1tv99t4_opj87qw,unanimous_keep,sample_low_toxicity,170.0,30.0,2.0,15.0,0.023529411764705882,9.189137931034484,55.0071551724138,True,True,False
reddit_1tv99t4_opjqklu,majority_keep,sample_middle_toxicity,231.0,42.0,3.0,14.0,0.03463203463203463,6.129999999999999,74.8616666666667,False,False,False
reddit_1tv99t4_opkq9my,unanimous_keep,sample_middle_toxicity,130.0,22.0,2.0,11.0,0.015384615384615385,8.009090909090911,57.23363636363638,False,True,True
reddit_1tv99t4_opt7c80,majority_keep,sample_middle_toxicity,296.0,68.0,5.0,13.6,0.05405405405405406,3.6761967213114772,90.43560655737706,True,True,True
reddit_1tvaatt_opfrae8,unanimous_keep,sample_middle_toxicity,155.0,24.0,3.0,8.0,0.025806451612903226,7.688333333333336,54.190000000000026,False,True,True
reddit_1tvaatt_opgcqsc,majority_keep,sample_middle_toxicity,172.0,29.0,2.0,14.5,0.023255813953488372,10.215740740740742,45.86583333333337,False,True,True
reddit_1tvaatt_opi6aiz,unanimous_keep,sample_middle_toxicity,244.0,46.0,3.0,15.333333333333334,0.01639344262295082,7.063913043478262,71.72818840579711,False,True,True
reddit_1tvaatt_opj5q8n,majority_keep,sample_middle_toxicity,172.0,31.0,2.0,15.5,0.029069767441860465,5.680806451612906,81.94120967741938,False,True,True
reddit_1tvaatt_opl89eb,majority_keep,sample_middle_toxicity,117.0,21.0,3.0,7.0,0.03418803418803419,4.710000000000004,73.16833333333334,False,True,True
reddit_1tvaatt_oq86fhh,unanimous_keep,sample_middle_toxicity,290.0,54.0,2.0,27.0,0.027586206896551724,11.245196078431373,59.85838235294119,False,True,True
reddit_1tvc3um_oplw2g7,unanimous_keep,sample_low_toxicity,32.0,5.0,1.0,5.0,0.03125,6.620000000000001,54.72500000000002,True,False,False
reddit_1tvll8k_ophnthh,majority_remove,sample_middle_toxicity,281.0,48.0,2.0,24.0,0.028469750889679714,12.65585106382979,46.18250000000003,False,True,True
reddit_1tvll8k_ophwbab,unanimous_keep,sample_middle_toxicity,67.0,10.0,1.0,10.0,0.014925373134328358,13.09,19.025000000000006,False,True,True
reddit_1tvll8k_opi1q4v,unanimous_keep,sample_low_toxicity,215.0,35.0,2.0,17.5,0.023255813953488372,11.516470588235293,42.77411764705883,False,False,False
reddit_1tvll8k_opi30yr,majority_keep,sample_middle_toxicity,46.0,5.0,1.0,5.0,0.06521739130434782,12.320000000000004,15.640000000000015,False,False,False
reddit_1tvll8k_opik33y,unanimous_keep,sample_middle_toxicity,245.0,41.0,2.0,20.5,0.02040816326530612,11.076538461538462,50.38096153846158,False,True,True
reddit_1tvll8k_opiozzo,majority_keep,sample_middle_toxicity,136.0,29.0,1.0,29.0,0.029411764705882353,10.922857142857143,66.62214285714289,False,True,False
reddit_1tvll8k_opj3z63,majority_keep,sample_middle_toxicity,47.0,8.0,1.0,8.0,0.02127659574468085,3.7550000000000026,82.39000000000001,False,True,True
reddit_1tvll8k_opjf0hz,majority_keep,sample_low_toxicity,44.0,6.0,1.0,6.0,0.022727272727272728,18.216666666666672,-24.85499999999996,False,True,True
reddit_1tvmfag_ophz7zx,majority_keep,sample_low_toxicity,167.0,34.0,1.0,34.0,0.0,11.899411764705885,70.3073529411765,False,True,False
reddit_1tvp4r1_opis8b9,unanimous_keep,sample_middle_toxicity,259.0,47.0,3.0,15.666666666666666,0.02702702702702703,7.828888888888891,65.65000000000002,False,True,True
reddit_1tvp4r1_opk3apc,majority_remove,sample_middle_toxicity,296.0,56.0,4.0,14.0,0.0472972972972973,12.804000000000002,47.792,True,True,True
reddit_1tvpt28_opirhe5,majority_remove,sample_middle_toxicity,226.0,37.0,3.0,12.333333333333334,0.035398230088495575,7.717297297297296,61.70045045045046,False,True,True
reddit_1tvr63e_opk1fxu,majority_remove,sample_low_toxicity,193.0,33.0,1.0,33.0,0.02072538860103627,15.873939393939395,40.03090909090912,True,True,True
reddit_1tvro8z_opknelo,majority_keep,sample_middle_toxicity,110.0,23.0,2.0,11.5,0.02727272727272727,2.645454545454548,95.68818181818183,False,True,True
reddit_1tvsdbe_opjzmjf,majority_remove,sample_middle_toxicity,241.0,41.0,3.0,13.666666666666666,0.012448132780082987,6.720487804878051,71.2218699186992,False,True,True
reddit_1tvsdbe_oplsmr8,unanimous_keep,sample_middle_toxicity,283.0,48.0,4.0,12.0,0.05653710247349823,6.064840425531916,72.50874999999999,False,False,True
reddit_1tvsp9t_opk4hyd,majority_remove,sample_middle_toxicity,194.0,35.0,3.0,11.666666666666666,0.041237113402061855,5.142857142857146,78.9704761904762,False,True,True
reddit_1tvu9kc_opjkfdd,unanimous_keep,sample_middle_toxicity,288.0,52.0,6.0,8.666666666666666,0.052083333333333336,5.166111111111114,71.38250000000001,False,True,True
reddit_1tvu9kc_opky419,unanimous_keep,sample_low_toxicity,39.0,7.0,1.0,7.0,0.05128205128205128,7.368571428571428,54.70142857142861,False,True,True
reddit_1tvu9kc_opleaoj,majority_keep,sample_middle_toxicity,120.0,22.0,2.0,11.0,0.041666666666666664,5.92404761904762,71.29178571428572,True,False,False
reddit_1tvu9kc_opnf5xp,majority_keep,sample_middle_toxicity,295.0,53.0,4.0,13.25,0.02711864406779661,7.929000000000002,60.4795,False,False,False
reddit_1tvumlg_opjyiw2,majority_keep,sample_middle_toxicity,248.0,47.0,3.0,15.666666666666666,0.056451612903225805,6.780000000000001,73.17000000000003,False,True,True
reddit_1tvumlg_opk3jd9,unanimous_keep,sample_middle_toxicity,253.0,48.0,3.0,16.0,0.02766798418972332,7.025454545454547,70.81651515151518,False,True,True
reddit_1tvyk2a_opmlwkz,majority_keep,sample_high_toxicity,107.0,16.0,2.0,8.0,0.04672897196261682,8.917500000000004,45.377500000000026,False,True,True
reddit_1tvyk2a_opp7g6h,majority_keep,sample_middle_toxicity,297.0,48.0,2.0,24.0,0.016835016835016835,15.16648936170213,28.182500000000033,False,True,True
reddit_1tvyk2a_oppxc8e,majority_keep,sample_middle_toxicity,285.0,47.0,3.0,15.666666666666666,0.017543859649122806,8.596595744680851,61.33333333333334,False,True,True
reddit_1tvyk2a_opqcqvn,unanimous_keep,sample_middle_toxicity,158.0,30.0,1.0,30.0,0.012658227848101266,11.843333333333337,63.585000000000036,False,True,True
reddit_1tvyk2a_opscwd7,majority_keep,sample_middle_toxicity,281.0,51.0,2.0,25.5,0.021352313167259787,12.026224489795919,52.47770408163268,False,True,True
reddit_1tvyk2a_opxkiht,unanimous_keep,sample_middle_toxicity,264.0,44.0,2.0,22.0,0.026515151515151516,12.004302325581396,47.2915697674419,True,True,True
reddit_1tvyw6x_oposdns,majority_keep,sample_low_toxicity,266.0,42.0,3.0,14.0,0.03383458646616541,10.174146341463416,46.4608943089431,True,False,False
reddit_1tvyw6x_opsd4ze,majority_keep,sample_middle_toxicity,182.0,31.0,3.0,10.333333333333334,0.03296703296703297,4.807741935483875,78.99827956989247,False,True,True
reddit_1tvyw6x_opw2k8y,majority_keep,sample_middle_toxicity,120.0,20.0,3.0,6.666666666666667,0.05,5.300000000000004,68.93833333333333,False,True,True
reddit_1tvywom_opklqr5,unanimous_keep,sample_middle_toxicity,138.0,21.0,3.0,7.0,0.057971014492753624,8.370000000000001,52.86500000000001,False,True,False
reddit_1tvywom_opkrf4h,unanimous_keep,sample_middle_toxicity,294.0,55.0,5.0,11.0,0.027210884353741496,6.720896226415096,70.47681603773589,False,True,True
reddit_1tvywom_oplxneq,unanimous_keep,sample_middle_toxicity,167.0,32.0,3.0,10.666666666666666,0.029940119760479042,5.16375,77.03958333333337,False,True,True
reddit_1tvywom_opm3ctw,majority_remove,sample_middle_toxicity,151.0,25.0,2.0,12.5,0.052980132450331126,8.165000000000003,58.78750000000002,False,True,True
reddit_1tvzs8j_opl3fqa,majority_keep,sample_low_toxicity,54.0,9.0,3.0,3.0,0.07407407407407407,7.574999999999999,45.50333333333333,False,False,True
reddit_1tw0vcu_opky6he,majority_keep,sample_low_toxicity,90.0,14.0,1.0,14.0,0.022222222222222223,10.941428571428574,41.553571428571445,True,False,False
reddit_1tw1yjv_opq90hg,unanimous_keep,sample_low_toxicity,258.0,47.0,2.0,23.5,0.011627906976744186,10.647340425531919,60.58250000000001,False,True,False
reddit_1tw1yjv_oq9c9hq,unanimous_keep,sample_low_toxicity,254.0,41.0,2.0,20.5,0.023622047244094488,11.400121951219514,49.842134146341465,False,True,True
reddit_1tw3aly_oplnpvf,majority_keep,sample_middle_toxicity,209.0,34.0,2.0,17.0,0.023923444976076555,10.822352941176472,47.750588235294146,False,True,True
reddit_1tw3aly_opmebns,unanimous_keep,sample_middle_toxicity,271.0,53.0,3.0,17.666666666666668,0.04059040590405904,6.673877551020407,76.30564625850343,False,True,True
reddit_1tw57mx_opmmljj,unanimous_keep,sample_middle_toxicity,215.0,40.0,2.0,20.0,0.023255813953488372,9.261153846153846,63.39634615384618,False,True,False
reddit_1tw67am_opnihy8,unanimous_keep,sample_middle_toxicity,229.0,39.0,4.0,9.75,0.034934497816593885,7.057105263157897,61.38723684210527,False,True,True
reddit_1tw67am_opp0tc1,majority_keep,sample_middle_toxicity,222.0,41.0,4.0,10.25,0.05405405405405406,9.777857142857144,56.1296428571429,False,True,True
reddit_1tw6zcr_opmnhnz,unanimous_keep,sample_middle_toxicity,33.0,5.0,1.0,5.0,0.0,14.68,-1.2799999999999727,False,True,False
reddit_1tw6zcr_opnzbsm,unanimous_keep,sample_middle_toxicity,55.0,9.0,1.0,9.0,0.0,6.705000000000002,61.24000000000001,False,False,True
reddit_1tw6zcr_opo4gz2,majority_remove,sample_middle_toxicity,107.0,19.0,3.0,6.333333333333333,0.07476635514018691,6.125526315789475,68.0661842105263,False,False,True
reddit_1tw6zcr_opokn6v,majority_keep,sample_middle_toxicity,298.0,62.0,3.0,20.666666666666668,0.026845637583892617,10.368275862068966,72.3793103448276,False,False,True
reddit_1tw81gp_opozbag,unanimous_keep,sample_middle_toxicity,308.0,68.0,5.0,13.6,0.032467532467532464,3.329870967741936,93.27480645161293,True,True,True
reddit_1twc1po_opucmp7,majority_keep,sample_middle_toxicity,315.0,57.0,5.0,11.4,0.025396825396825397,6.634000000000004,68.16100000000002,False,True,False
reddit_1twc57o_opnhuhz,unanimous_keep,sample_low_toxicity,237.0,39.0,3.0,13.0,0.03375527426160337,9.844736842105267,47.041491228070186,False,True,True
reddit_1twc57o_oprl376,unanimous_keep,sample_middle_toxicity,256.0,51.0,4.0,12.75,0.02734375,5.568999999999999,77.39950000000003,False,True,True
reddit_1twd1b6_oppjzlg,unanimous_keep,sample_middle_toxicity,104.0,18.0,1.0,18.0,0.019230769230769232,9.785555555555558,56.965,False,True,False
reddit_1twd1b6_opqcvuz,unanimous_keep,sample_middle_toxicity,129.0,24.0,1.0,24.0,0.015503875968992248,9.995000000000001,66.15000000000003,False,True,True
reddit_1twd1b6_opr5r8v,unanimous_keep,sample_middle_toxicity,287.0,47.0,2.0,23.5,0.027874564459930314,12.906914893617024,44.38250000000002,False,True,True
reddit_1twd1b6_opsdppc,majority_keep,sample_middle_toxicity,306.0,56.0,4.0,14.0,0.029411764705882353,6.500925925925927,72.49916666666671,False,True,True
reddit_1twd1b6_opvlh0u,majority_remove,sample_middle_toxicity,316.0,60.0,3.0,20.0,0.02531645569620253,8.880000000000003,66.4258757062147,False,True,True
reddit_1twd1b6_oq0su2p,majority_keep,sample_middle_toxicity,247.0,47.0,2.0,23.5,0.020242914979757085,9.027826086956523,71.30304347826089,False,True,True
reddit_1twgtct_opogji5,unanimous_keep,sample_middle_toxicity,97.0,17.0,2.0,8.5,0.030927835051546393,6.310588235294119,80.09764705882354,False,True,True
reddit_1twgtct_oppcncs,majority_keep,sample_low_toxicity,192.0,35.0,4.0,8.75,0.052083333333333336,5.967500000000001,66.5275,False,True,True
reddit_1twgtct_oppkrkm,unanimous_keep,sample_middle_toxicity,314.0,60.0,2.0,30.0,0.028662420382165606,12.236666666666668,60.76500000000003,False,True,True
reddit_1twgtct_oppt13l,majority_remove,sample_middle_toxicity,208.0,40.0,1.0,40.0,0.028846153846153848,14.760000000000002,60.485000000000014,False,False,True
reddit_1twgtct_opqvx2o,majority_remove,sample_high_toxicity,94.0,16.0,1.0,16.0,0.010638297872340425,10.562500000000004,47.83250000000001,False,True,True
reddit_1twgtct_opthdhs,majority_keep,sample_high_toxicity,302.0,53.0,7.0,7.571428571428571,0.046357615894039736,4.416335403726709,75.10413043478265,False,True,True
reddit_1two3nw_opq6x8j,unanimous_keep,sample_low_toxicity,39.0,6.0,1.0,6.0,0.02564102564102564,8.383333333333333,45.64500000000001,True,False,False
reddit_1two3nw_opsa16w,majority_remove,sample_middle_toxicity,166.0,31.0,3.0,10.333333333333334,0.024096385542168676,7.583333333333332,58.505000000000024,False,True,True
reddit_1twq42a_opqixm4,majority_keep,sample_middle_toxicity,64.0,13.0,1.0,13.0,0.015625,4.003076923076925,89.51692307692309,False,True,False
reddit_1twq42a_opqproo,unanimous_keep,sample_middle_toxicity,305.0,55.0,1.0,55.0,0.036065573770491806,21.028461538461546,36.91653846153848,False,True,False
reddit_1twq42a_opqypuc,unanimous_keep,sample_middle_toxicity,273.0,46.0,3.0,15.333333333333334,0.02197802197802198,8.634545454545453,59.280151515151545,False,True,True
reddit_1twq42a_opr2rb9,majority_keep,sample_middle_toxicity,223.0,43.0,4.0,10.75,0.03139013452914798,4.800238095238097,79.34892857142859,False,True,True
reddit_1twq42a_opr32cc,majority_keep,sample_middle_toxicity,200.0,34.0,2.0,17.0,0.045,9.48725806451613,54.65088709677423,False,True,False
reddit_1twr00b_opvix1y,majority_remove,sample_high_toxicity,278.0,50.0,5.0,10.0,0.02158273381294964,6.718,64.709,False,True,True
reddit_1tws6al_opqlw30,majority_keep,sample_middle_toxicity,65.0,11.0,3.0,3.6666666666666665,0.09230769230769231,3.003636363636364,80.0587878787879,False,True,True
reddit_1tws6al_opqt2c6,majority_keep,sample_middle_toxicity,63.0,12.0,1.0,12.0,0.015873015873015872,5.863636363636363,72.61545454545457,False,True,True
reddit_1tws6al_opqtdcy,majority_keep,sample_middle_toxicity,244.0,45.0,4.0,11.25,0.028688524590163935,5.890872093023255,71.9749127906977,False,True,True
reddit_1tws6al_opquqs4,unanimous_keep,sample_middle_toxicity,91.0,18.0,1.0,18.0,0.01098901098901099,5.196666666666669,89.865,False,True,True
reddit_1tws6al_opquwlu,unanimous_keep,sample_middle_toxicity,152.0,28.0,2.0,14.0,0.013157894736842105,5.884285714285717,77.81071428571428,False,True,True
reddit_1tws6al_opr0kf7,unanimous_keep,sample_middle_toxicity,73.0,12.0,2.0,6.0,0.0684931506849315,8.780000000000001,41.02000000000004,False,True,True
reddit_1tws6al_optiqie,majority_keep,sample_middle_toxicity,45.0,7.0,1.0,7.0,0.022222222222222223,6.705000000000002,61.24000000000001,False,True,True
reddit_1tx0770_opvme5k,unanimous_keep,sample_middle_toxicity,64.0,12.0,1.0,12.0,0.015625,6.790000000000003,67.75500000000001,False,False,False
reddit_1tx0770_oq3uawa,majority_keep,sample_middle_toxicity,262.0,47.0,2.0,23.5,0.022900763358778626,10.053913043478264,63.946521739130446,False,False,False
reddit_1tx0770_oqecl2d,unanimous_keep,sample_low_toxicity,133.0,25.0,1.0,25.0,0.015037593984962405,11.624000000000002,56.252000000000024,False,True,True
reddit_1tx0jmc_optdd4a,majority_keep,sample_high_toxicity,186.0,36.0,3.0,12.0,0.03763440860215054,3.7942857142857136,88.63904761904763,False,True,True
reddit_1tx0jmc_optkdlv,majority_keep,sample_middle_toxicity,237.0,41.0,3.0,13.666666666666666,0.0379746835443038,7.850952380952382,63.71071428571429,False,False,True
reddit_1tx0jmc_oq11psy,majority_keep,sample_low_toxicity,301.0,58.0,7.0,8.285714285714286,0.03322259136212625,5.363181818181818,72.93810606060607,False,True,True
reddit_1tx0uiq_opsg7g6,majority_keep,sample_middle_toxicity,137.0,25.0,1.0,25.0,0.029197080291970802,12.945,45.00000000000003,False,False,True
reddit_1tx0uiq_opsh2dz,unanimous_keep,sample_middle_toxicity,108.0,19.0,1.0,19.0,0.0,11.090000000000003,51.17500000000004,False,True,True
reddit_1tx0uiq_opsnk62,unanimous_keep,sample_middle_toxicity,296.0,40.0,1.0,40.0,0.05405405405405406,23.02,1.2650000000000148,False,True,True
reddit_1tx0uiq_opssmic,majority_keep,sample_middle_toxicity,33.0,6.0,1.0,6.0,0.06060606060606061,10.350000000000001,31.545000000000016,False,True,True
reddit_1tx4xmh_opu7ilj,majority_keep,sample_low_toxicity,303.0,56.0,3.0,18.666666666666668,0.0165016501650165,7.915000000000003,71.56333333333336,False,True,True
reddit_1tx4xmh_opuc9mc,unanimous_keep,sample_middle_toxicity,226.0,41.0,2.0,20.5,0.022123893805309734,10.168846153846157,56.88865384615386,False,False,False
reddit_1tx4xmh_opv4frg,unanimous_keep,sample_middle_toxicity,222.0,39.0,1.0,39.0,0.018018018018018018,18.1721052631579,32.459736842105286,False,True,True
reddit_1txekxo_opv939j,majority_keep,sample_middle_toxicity,243.0,43.0,3.0,14.333333333333334,0.037037037037037035,8.913157894736845,53.72043859649125,False,True,True
reddit_1txekxo_opvpa3p,majority_keep,sample_middle_toxicity,135.0,24.0,2.0,12.0,0.044444444444444446,6.851521739130437,66.42336956521743,True,True,False
reddit_1txekxo_opx0w7h,majority_keep,sample_middle_toxicity,22.0,4.0,2.0,2.0,0.09090909090909091,-0.0600000000000005,99.055,False,False,True
reddit_1txi7g6_opvxtyp,unanimous_keep,sample_middle_toxicity,306.0,49.0,2.0,24.5,0.026143790849673203,13.928333333333335,37.950000000000045,False,True,True
reddit_1txi7g6_opw8x4o,majority_keep,sample_middle_toxicity,151.0,22.0,2.0,11.0,0.019867549668874173,12.3,26.470000000000027,False,True,True
reddit_1txi7g6_opwp974,majority_keep,sample_low_toxicity,295.0,45.0,3.0,15.0,0.020338983050847456,12.925454545454546,28.516515151515165,False,True,True
reddit_1txi7g6_opwrqme,majority_remove,sample_middle_toxicity,159.0,32.0,3.0,10.666666666666666,0.031446540880503145,3.2851612903225806,89.91440860215054,False,True,True
reddit_1txi7g6_opxld1s,unanimous_keep,sample_middle_toxicity,239.0,39.0,3.0,13.0,0.02092050209205021,8.844102564102567,54.809230769230794,True,True,False
reddit_1txi7g6_opy1ltr,unanimous_keep,sample_middle_toxicity,304.0,57.0,2.0,28.5,0.02631578947368421,11.32888888888889,61.93000000000002,True,True,True
reddit_1txi7g6_opybsec,majority_keep,sample_low_toxicity,247.0,48.0,1.0,48.0,0.012145748987854251,18.932244897959183,46.602040816326564,True,True,True
reddit_1txm3lk_opxazs6,majority_keep,sample_middle_toxicity,133.0,25.0,1.0,25.0,0.03759398496240601,10.310434782608699,62.10739130434784,False,True,True
reddit_1txm3lk_opxz1w5,majority_keep,sample_middle_toxicity,168.0,30.0,2.0,15.0,0.041666666666666664,6.305714285714288,74.78928571428573,False,True,False
reddit_1txme1m_opxckpr,majority_remove,sample_middle_toxicity,297.0,47.0,3.0,15.666666666666666,0.04040404040404041,10.102978723404256,50.53333333333336,False,True,True
reddit_1txme1m_opxhkea,majority_remove,sample_high_toxicity,149.0,28.0,1.0,28.0,0.006711409395973154,10.922857142857143,66.62214285714289,False,True,True
reddit_1txme1m_oq0wlzl,majority_keep,sample_middle_toxicity,172.0,30.0,2.0,15.0,0.029069767441860465,13.216551724137933,51.95862068965518,False,True,True
reddit_1txnigx_opx7syx,unanimous_keep,sample_low_toxicity,172.0,30.0,1.0,30.0,0.005813953488372093,16.956666666666667,26.92500000000004,True,False,False
reddit_1txnigx_opxk3qx,majority_keep,sample_middle_toxicity,82.0,15.0,1.0,15.0,0.07317073170731707,7.633846153846157,63.486153846153854,False,False,True
reddit_1txnigx_opxm697,majority_keep,sample_middle_toxicity,261.0,44.0,4.0,11.0,0.03065134099616858,8.171666666666667,55.17750000000001,False,True,True
reddit_1txnigx_opxnpi8,majority_keep,sample_low_toxicity,260.0,45.0,2.0,22.5,0.011538461538461539,12.065000000000001,48.63750000000002,False,False,True
reddit_1txnigx_opys1o0,unanimous_keep,sample_low_toxicity,101.0,19.0,2.0,9.5,0.0297029702970297,5.6200000000000045,70.80000000000003,False,False,False
reddit_1txnqc1_opy2g1c,majority_keep,sample_low_toxicity,232.0,37.0,2.0,18.5,0.021551724137931036,12.812142857142856,34.37535714285718,False,True,False
reddit_1txnqc1_opydi81,unanimous_keep,sample_low_toxicity,198.0,35.0,2.0,17.5,0.030303030303030304,9.434117647058823,57.70352941176472,False,True,True
reddit_1txnqc1_oq0hn26,unanimous_keep,sample_middle_toxicity,211.0,42.0,1.0,42.0,0.02843601895734597,16.530000000000005,47.79500000000003,False,True,True
reddit_1txopv4_opxewvj,majority_keep,sample_middle_toxicity,159.0,31.0,3.0,10.333333333333334,0.025157232704402517,3.665806451612905,87.18537634408602,False,False,True
reddit_1txopv4_opxm8wf,unanimous_keep,sample_middle_toxicity,168.0,30.0,2.0,15.0,0.017857142857142856,9.596034482758622,52.08991379310348,False,True,True
reddit_1txopv4_opyk3lr,unanimous_keep,sample_middle_toxicity,70.0,13.0,1.0,13.0,0.014285714285714285,7.633846153846157,63.486153846153854,False,True,True
reddit_1txrgkr_oq0zyly,majority_remove,sample_middle_toxicity,142.0,25.0,3.0,8.333333333333334,0.035211267605633804,5.230000000000004,71.81500000000001,False,True,True
reddit_1txrk7b_oq6s4ab,majority_keep,sample_middle_toxicity,56.0,10.0,1.0,10.0,0.017857142857142856,6.010000000000002,69.78500000000001,True,False,True
reddit_1txrv9p_opydtom,majority_keep,sample_low_toxicity,247.0,43.0,2.0,21.5,0.02834008097165992,11.975731707317074,45.71530487804881,False,True,False
reddit_1txrv9p_opykf67,majority_keep,sample_middle_toxicity,101.0,19.0,1.0,19.0,0.019801980198019802,7.967368421052633,71.78157894736843,False,True,True
reddit_1txrv9p_opz35l8,unanimous_keep,sample_middle_toxicity,211.0,41.0,2.0,20.5,0.03317535545023697,7.346315789473689,76.2342105263158,True,True,True
reddit_1txrv9p_oq1hpco,majority_keep,sample_middle_toxicity,101.0,17.0,1.0,17.0,0.019801980198019802,8.39294117647059,65.16823529411766,False,True,True
reddit_1txrvp0_opyb7pa,majority_keep,sample_middle_toxicity,129.0,25.0,1.0,25.0,0.015503875968992248,9.503333333333334,69.67500000000004,False,False,False
reddit_1txrvp0_opyfkug,unanimous_keep,sample_low_toxicity,245.0,42.0,2.0,21.0,0.036734693877551024,10.824512195121955,53.968963414634146,True,False,False
reddit_1txrvp0_opygk91,unanimous_keep,sample_low_toxicity,300.0,51.0,4.0,12.75,0.03,8.019166666666667,58.942499999999995,True,False,False
reddit_1txsm52_opzntg1,unanimous_keep,sample_middle_toxicity,205.0,31.0,3.0,10.333333333333334,0.02926829268292683,8.117931034482758,54.07850574712646,False,True,True
reddit_1txsm52_opzqq1h,unanimous_keep,sample_middle_toxicity,190.0,32.0,3.0,10.666666666666666,0.031578947368421054,7.091612903225808,62.62408602150538,False,True,True
reddit_1txsm52_opzu7iw,majority_keep,sample_middle_toxicity,238.0,45.0,4.0,11.25,0.03361344537815126,4.793197674418604,79.84468023255816,False,False,True
reddit_1txsm52_oq0c63j,majority_keep,sample_middle_toxicity,221.0,42.0,3.0,14.0,0.027149321266968326,5.569268292682931,79.47552845528456,False,True,True
reddit_1txsm52_oq0tap9,majority_keep,sample_middle_toxicity,132.0,24.0,1.0,24.0,0.007575757575757576,10.978333333333332,59.10000000000004,False,True,True
reddit_1txsm52_oq1k93m,majority_remove,sample_middle_toxicity,312.0,58.0,4.0,14.5,0.035256410256410256,8.336428571428574,68.54190476190477,False,True,True
reddit_1txsumx_opy9cbu,majority_keep,sample_middle_toxicity,129.0,23.0,2.0,11.5,0.031007751937984496,4.800238095238097,79.34892857142859,False,True,True
reddit_1txsumx_opyjwk8,majority_remove,sample_high_toxicity,178.0,32.0,3.0,10.666666666666666,0.028089887640449437,5.949677419354842,70.81118279569893,False,True,True
reddit_1txsumx_opys90g,majority_keep,sample_middle_toxicity,308.0,51.0,5.0,10.2,0.02922077922077922,9.541500000000003,43.75350000000003,False,True,True
reddit_1txsumx_oq19biw,majority_keep,sample_middle_toxicity,46.0,7.0,1.0,7.0,0.021739130434782608,7.368571428571428,54.70142857142861,False,True,True
reddit_1txtwqc_oq3cwe9,majority_keep,sample_middle_toxicity,106.0,20.0,1.0,20.0,0.02830188679245283,12.037500000000005,37.25750000000002,False,False,False
reddit_1txtwqc_oq45ead,unanimous_keep,sample_low_toxicity,287.0,48.0,2.0,24.0,0.020905923344947737,12.10608695652174,49.23347826086959,False,True,True
reddit_1txvz2c_opzweh8,majority_keep,sample_middle_toxicity,263.0,42.0,3.0,14.0,0.015209125475285171,9.886341463414634,48.52430894308944,False,True,True
reddit_1txvz2c_oq0e3nz,unanimous_keep,sample_middle_toxicity,202.0,33.0,3.0,11.0,0.024752475247524754,10.33666666666667,38.765000000000015,False,True,True
reddit_1txvz2c_oq0e8fv,majority_remove,sample_middle_toxicity,238.0,45.0,4.0,11.25,0.06722689075630252,3.96994186046512,85.7470058139535,False,False,True
reddit_1txvz2c_oq0zwhs,majority_keep,sample_middle_toxicity,150.0,22.0,1.0,22.0,0.013333333333333334,16.053636363636368,19.15045454545455,False,True,True
reddit_1txvz2c_oq69bjc,unanimous_keep,sample_middle_toxicity,262.0,47.0,2.0,23.5,0.022900763358778626,10.491666666666664,59.91750000000002,False,True,True
reddit_1ty27wv_oq0gqcf,unanimous_remove,sample_high_toxicity,159.0,30.0,1.0,30.0,0.018867924528301886,11.344285714285714,63.600714285714304,False,True,True
reddit_1ty956s_oq25tiz,unanimous_keep,sample_middle_toxicity,318.0,48.0,3.0,16.0,0.018867924528301886,12.613617021276596,32.53333333333333,True,False,False
reddit_1ty956s_oq3i69o,majority_keep,sample_middle_toxicity,133.0,22.0,3.0,7.333333333333333,0.045112781954887216,7.374736842105264,53.4698245614035,True,True,True
reddit_1tycvfj_oqgqyhc,majority_keep,sample_middle_toxicity,283.0,48.0,3.0,16.0,0.02120141342756184,9.825,53.120000000000005,False,True,True
reddit_1tyet91_oq41f9h,majority_keep,sample_middle_toxicity,104.0,19.0,2.0,9.5,0.057692307692307696,2.342222222222226,94.30000000000001,False,True,True
reddit_1tyet91_oq516sz,unanimous_keep,sample_low_toxicity,60.0,12.0,1.0,12.0,0.016666666666666666,4.823333333333334,81.85500000000002,False,True,True
reddit_1tyjfbd_oq3ozq6,majority_keep,sample_middle_toxicity,38.0,6.0,1.0,6.0,0.02631578947368421,8.383333333333333,45.64500000000001,True,False,True
reddit_1tyk2vf_oq3vh7t,unanimous_keep,sample_low_toxicity,212.0,42.0,2.0,21.0,0.02830188679245283,7.346315789473689,76.2342105263158,False,False,False
reddit_1tyk2vf_oqc32ou,unanimous_keep,sample_low_toxicity,282.0,52.0,5.0,10.4,0.028368794326241134,5.570775510204083,72.57779591836736,False,False,False
reddit_1tymfag_oq6guvp,unanimous_keep,sample_middle_toxicity,170.0,27.0,1.0,27.0,0.023529411764705882,16.822857142857142,24.322142857142893,False,False,False
reddit_1tyojpm_oqa0qxm,unanimous_keep,sample_middle_toxicity,311.0,56.0,5.0,11.2,0.03858520900321544,5.0194716981132075,77.95524528301891,False,True,True
reddit_1tytmjd_oqaixqi,majority_remove,sample_low_toxicity,138.0,31.0,2.0,15.5,0.06521739130434782,4.91076923076923,83.0092307692308,False,True,True
reddit_1tyu1q6_oq6yvyb,unanimous_keep,sample_low_toxicity,210.0,40.0,3.0,13.333333333333334,0.023809523809523808,4.565789473684209,84.88885964912284,True,True,True
reddit_1tyu1q6_oq9bfsc,majority_remove,sample_middle_toxicity,42.0,6.0,1.0,6.0,0.023809523809523808,12.316666666666666,17.44500000000002,False,True,True
reddit_1tyu1q6_oqc9or9,unanimous_keep,sample_middle_toxicity,264.0,41.0,2.0,20.5,0.041666666666666664,12.860000000000003,38.48500000000004,False,True,True
reddit_1tz4l7k_oq8k6qg,majority_keep,sample_middle_toxicity,301.0,57.0,2.0,28.5,0.03322259136212625,11.547407407407409,60.363333333333344,False,True,True
reddit_1tz4l7k_oq9ovum,unanimous_keep,sample_middle_toxicity,186.0,33.0,2.0,16.5,0.026881720430107527,9.087500000000002,58.4075,False,True,True
reddit_1tz4l7k_oq9s7ca,majority_keep,sample_middle_toxicity,144.0,26.0,2.0,13.0,0.020833333333333332,6.726153846153846,69.99384615384618,False,True,True
reddit_1tz4l7k_oqa0hhl,unanimous_remove,sample_middle_toxicity,61.0,12.0,2.0,6.0,0.04918032786885246,1.5731818181818191,93.57977272727274,False,True,False
reddit_1tzb8pt_oqfx5xw,majority_remove,sample_high_toxicity,198.0,36.0,3.0,12.0,0.015151515151515152,5.478888888888889,77.15500000000002,False,True,True
reddit_1tzcqta_oqv2ivt,unanimous_keep,sample_high_toxicity,107.0,20.0,2.0,10.0,0.028037383177570093,4.830000000000002,78.24500000000002,False,True,True
reddit_1tzdiak_oqa5sxo,unanimous_keep,sample_low_toxicity,167.0,25.0,2.0,12.5,0.023952095808383235,12.885000000000002,24.94750000000002,False,True,True
reddit_1tzdiak_oqb120e,unanimous_keep,sample_middle_toxicity,236.0,33.0,2.0,16.5,0.00847457627118644,14.802575757575756,18.323863636363654,False,True,True
reddit_1tzdiak_oqbc597,majority_keep,sample_middle_toxicity,291.0,56.0,3.0,18.666666666666668,0.037800687285223365,7.930196078431372,68.48588235294119,False,True,True
reddit_1tzdiak_oqc3v51,unanimous_keep,sample_middle_toxicity,295.0,49.0,3.0,16.333333333333332,0.02711864406779661,10.142173913043482,49.65862318840581,False,True,True
reddit_1tzdiak_oqdeh3v,unanimous_keep,sample_low_toxicity,317.0,61.0,3.0,20.333333333333332,0.025236593059936908,7.680000000000003,75.02926553672317,False,False,False
reddit_1tzdiak_oqe6l4g,unanimous_keep,sample_middle_toxicity,199.0,38.0,3.0,12.666666666666666,0.03015075376884422,5.806666666666668,74.805,False,True,True
reddit_1tzdiak_oqel1wq,majority_remove,sample_middle_toxicity,107.0,20.0,1.0,20.0,0.018691588785046728,10.441111111111113,52.265000000000015,False,False,True
reddit_1tzdiak_oqhw8la,unanimous_keep,sample_middle_toxicity,5.0,1.0,1.0,1.0,0.2,-3.3999999999999986,121.22000000000003,False,False,False
reddit_1tzdiak_oqir5dc,unanimous_keep,sample_low_toxicity,305.0,56.0,2.0,28.0,0.022950819672131147,13.662142857142857,46.98285714285717,False,False,True
reddit_1tzfhxv_oqadx03,majority_remove,sample_middle_toxicity,111.0,23.0,2.0,11.5,0.09009009009009009,1.9907142857142865,99.49178571428574,False,True,True
reddit_1tzfhxv_oqcr8b0,majority_keep,sample_high_toxicity,200.0,37.0,6.0,6.166666666666667,0.04,3.1388888888888893,83.24500000000002,False,True,True
reddit_1tzgcp8_oqajozd,majority_remove,sample_middle_toxicity,51.0,9.0,1.0,9.0,0.0392156862745098,3.7550000000000026,82.39000000000001,False,False,False
reddit_1tzgcp8_oqb77ur,majority_remove,sample_middle_toxicity,247.0,48.0,6.0,8.0,0.05263157894736842,3.030957446808511,87.2841666666667,False,True,True
reddit_1tzgcp8_oqbmr84,unanimous_keep,sample_low_toxicity,209.0,39.0,2.0,19.5,0.023923444976076555,9.16554054054054,62.30074324324326,False,True,True
reddit_1tzhbpv_oqay57u,majority_remove,sample_high_toxicity,110.0,19.0,3.0,6.333333333333333,0.03636363636363636,3.64842105263158,80.18561403508772,False,False,True
reddit_1tzjirf_oqbqwvw,unanimous_keep,sample_low_toxicity,199.0,36.0,6.0,6.0,0.04522613065326633,5.50628787878788,70.27943181818185,False,True,True
reddit_1tzjirf_oqdwoso,unanimous_keep,sample_middle_toxicity,307.0,58.0,6.0,9.666666666666666,0.026058631921824105,4.633333333333336,79.65500000000002,False,False,True
reddit_1tzmjlz_oqca42o,majority_keep,sample_middle_toxicity,316.0,55.0,2.0,27.5,0.028481012658227847,12.942272727272726,51.253409090909116,False,True,True
reddit_1tzmjlz_oqdci69,unanimous_keep,sample_middle_toxicity,285.0,56.0,3.0,18.666666666666668,0.03859649122807018,6.373846153846156,80.23782051282052,False,True,True
reddit_1tzmjlz_oqdeovc,unanimous_keep,sample_middle_toxicity,122.0,20.0,1.0,20.0,0.040983606557377046,10.500000000000004,55.40500000000003,False,True,True
reddit_1tzmjlz_oqdr769,unanimous_keep,sample_middle_toxicity,303.0,53.0,4.0,13.25,0.033003300330033,7.8607692307692325,61.859230769230805,False,True,True
reddit_1tzmjlz_oqfhg0e,unanimous_keep,sample_middle_toxicity,274.0,50.0,4.0,12.5,0.040145985401459854,5.081377551020406,80.45022959183675,False,True,True
reddit_1tznn66_oqc8256,majority_keep,sample_middle_toxicity,266.0,47.0,2.0,23.5,0.018796992481203006,12.619130434782608,45.55521739130438,False,True,True
reddit_1tzoxl1_oqcdibh,unanimous_keep,sample_low_toxicity,285.0,48.0,2.0,24.0,0.021052631578947368,12.906914893617024,44.38250000000002,False,True,True
reddit_1tzoxl1_oqdj594,majority_keep,sample_low_toxicity,127.0,20.0,3.0,6.666666666666667,0.023622047244094488,7.660000000000004,52.018333333333345,True,True,False
reddit_1tzrws1_oqdmoph,majority_keep,sample_middle_toxicity,302.0,58.0,4.0,14.5,0.029801324503311258,6.9435377358490555,68.88058962264155,False,True,True
reddit_1tzrws1_oqdn7da,unanimous_keep,sample_middle_toxicity,298.0,49.0,3.0,16.333333333333332,0.030201342281879196,9.804489795918371,53.860748299319766,False,True,True
reddit_1tzrws1_oqfg5oq,unanimous_keep,sample_middle_toxicity,63.0,10.0,1.0,10.0,0.015873015873015872,8.370000000000001,52.86500000000001,False,True,False
reddit_1tzrws1_or0s6af,majority_keep,sample_middle_toxicity,240.0,41.0,3.0,13.666666666666666,0.016666666666666666,8.447317073170733,58.84138211382114,False,True,True
reddit_1tzs7nk_oqdq15t,majority_keep,sample_middle_toxicity,47.0,8.0,1.0,8.0,0.06382978723404255,5.230000000000004,71.81500000000001,False,True,False
reddit_1tzs7nk_oqdwasa,majority_keep,sample_middle_toxicity,84.0,14.0,2.0,7.0,0.023809523809523808,4.840000000000003,72.83000000000003,False,True,True
reddit_1tzs7nk_oqe6hi1,majority_remove,sample_middle_toxicity,309.0,49.0,2.0,24.5,0.025889967637540454,14.67130434782609,30.842173913043496,False,False,False
reddit_1tzs7nk_oqeg4nb,unanimous_keep,sample_low_toxicity,138.0,23.0,1.0,23.0,0.028985507246376812,10.310434782608699,62.10739130434784,False,True,True
reddit_1tzs7nk_oqfgh13,unanimous_keep,sample_middle_toxicity,251.0,50.0,4.0,12.5,0.04780876494023904,3.3031382978723443,92.30875,False,True,True
reddit_1tztcf9_oqdauw0,majority_keep,sample_middle_toxicity,73.0,13.0,1.0,13.0,0.0410958904109589,6.790000000000003,67.75500000000001,False,False,False
reddit_1tztcf9_oqddunx,unanimous_remove,sample_high_toxicity,119.0,16.0,1.0,16.0,0.06722689075630252,14.312857142857148,17.382142857142867,False,True,True
reddit_1tztcf9_oqdvqzo,majority_keep,sample_middle_toxicity,65.0,14.0,3.0,4.666666666666667,0.046153846153846156,0.5585714285714296,99.36976190476192,True,True,True
reddit_1tztcf9_oqdysgf,majority_remove,sample_middle_toxicity,61.0,15.0,1.0,15.0,0.03278688524590164,3.0953846153846136,96.02461538461542,False,False,True
reddit_1tztcf9_oqfz6s0,majority_remove,sample_middle_toxicity,172.0,30.0,2.0,15.0,0.01744186046511628,9.92666666666667,50.610000000000014,False,True,False
reddit_1tzwh8s_oqfd2ml,unanimous_keep,sample_middle_toxicity,71.0,13.0,1.0,13.0,0.04225352112676056,4.823333333333334,81.85500000000002,False,True,True
reddit_1tzwh8s_oqfe6nv,majority_keep,sample_middle_toxicity,285.0,54.0,5.0,10.8,0.03859649122807018,5.258307692307696,75.88669230769231,False,True,True
reddit_1tzwh8s_oqfs66e,majority_keep,sample_middle_toxicity,295.0,44.0,1.0,44.0,0.013559322033898305,23.68232558139535,1.8597674418604697,False,True,True
reddit_1tzwh8s_oqfvgpw,majority_remove,sample_high_toxicity,137.0,21.0,3.0,7.0,0.021897810218978103,8.492380952380955,46.64428571428573,False,True,True
reddit_1tzwh8s_oqg20gy,majority_keep,sample_middle_toxicity,117.0,19.0,2.0,9.5,0.017094017094017096,7.988684210526319,54.70828947368423,False,True,True
reddit_1tzwh8s_oqg971z,majority_keep,sample_middle_toxicity,133.0,22.0,3.0,7.333333333333333,0.03759398496240601,4.970000000000002,72.49166666666669,False,True,True
reddit_1tzwh8s_oqjd30e,unanimous_keep,sample_middle_toxicity,63.0,12.0,2.0,6.0,0.031746031746031744,5.433333333333334,66.79500000000002,False,True,True
reddit_1u008ep_oqrewbg,majority_remove,sample_high_toxicity,79.0,17.0,1.0,17.0,0.05063291139240506,6.137499999999999,79.5575,False,True,True
reddit_1u05n1d_oqg7dej,majority_keep,sample_high_toxicity,233.0,43.0,2.0,21.5,0.030042918454935622,9.738095238095237,62.64857142857146,False,False,True
reddit_1u05n1d_oqi1uo1,unanimous_keep,sample_low_toxicity,123.0,24.0,3.0,8.0,0.04878048780487805,2.3114285714285714,90.95857142857145,False,False,False
reddit_1u06twk_oqh1fti,unanimous_keep,sample_middle_toxicity,210.0,37.0,2.0,18.5,0.023809523809523808,7.2520270270270295,76.01966216216218,False,True,True
reddit_1u06twk_oqh4lm0,majority_keep,sample_middle_toxicity,101.0,19.0,1.0,19.0,0.019801980198019802,9.785555555555558,56.965,False,True,True
reddit_1u08bq4_oqh98ow,majority_keep,sample_middle_toxicity,75.0,11.0,1.0,11.0,0.05333333333333334,8.009090909090911,57.23363636363638,False,True,False
reddit_1u08bq4_oqhayw3,majority_keep,sample_middle_toxicity,204.0,34.0,3.0,11.333333333333334,0.0392156862745098,7.583333333333332,58.505000000000024,False,True,True
reddit_1u08bq4_oqi7hgj,majority_keep,sample_middle_toxicity,305.0,52.0,2.0,26.0,0.03934426229508197,15.417553191489365,26.38250000000002,False,True,True
reddit_1u08bq4_oqjx3ar,unanimous_keep,sample_low_toxicity,118.0,25.0,2.0,12.5,0.025423728813559324,3.3483333333333327,92.43000000000002,False,True,True
reddit_1u08yl1_oqgf8jy,majority_remove,sample_high_toxicity,194.0,32.0,3.0,10.666666666666666,0.02577319587628866,8.233548387096778,54.43698924731183,False,True,True
reddit_1u09w82_oqgpaay,unanimous_keep,sample_middle_toxicity,202.0,36.0,2.0,18.0,0.01485148514851485,9.457777777777778,59.315000000000026,True,True,True
reddit_1u09w82_oqizse3,majority_keep,sample_low_toxicity,250.0,50.0,1.0,50.0,0.048,19.31021276595745,40.33,True,False,False
reddit_1u0d0s5_oqiefjn,majority_keep,sample_middle_toxicity,100.0,20.0,1.0,20.0,0.03,9.130000000000003,61.665000000000006,False,True,False
reddit_1u0ffqm_oqjwix2,majority_keep,sample_high_toxicity,152.0,33.0,2.0,16.5,0.02631578947368421,4.919516129032257,87.39927419354841,False,False,True
reddit_1u0gjyt_oqi2kut,majority_keep,sample_low_toxicity,61.0,10.0,1.0,10.0,0.04918032786885246,4.830000000000002,78.24500000000002,False,True,False
reddit_1u0gjyt_oqi3roe,unanimous_keep,sample_middle_toxicity,238.0,39.0,2.0,19.5,0.01680672268907563,12.625263157894736,38.386842105263185,False,True,True
reddit_1u0gjyt_oqigk6s,unanimous_keep,sample_middle_toxicity,63.0,12.0,1.0,12.0,0.047619047619047616,7.190000000000001,61.32500000000002,False,False,True
reddit_1u0gjyt_oqj0n27,unanimous_remove,sample_high_toxicity,55.0,8.0,2.0,4.0,0.03636363636363636,6.620000000000001,54.72500000000002,False,True,True
reddit_1u0gjyt_oqjg8oj,majority_keep,sample_high_toxicity,248.0,45.0,3.0,15.0,0.028225806451612902,5.952727272727273,78.50742424242428,False,True,True
reddit_1u0gjyt_oqk6rng,majority_keep,sample_middle_toxicity,301.0,49.0,3.0,16.333333333333332,0.04983388704318937,7.120833333333334,72.50750000000001,False,True,True
reddit_1u0gyo8_oqigqqd,majority_keep,sample_middle_toxicity,270.0,51.0,3.0,17.0,0.018518518518518517,7.666,69.78633333333336,False,True,False
reddit_1u0gyo8_oqmycyf,majority_keep,sample_middle_toxicity,317.0,56.0,4.0,14.0,0.03470031545741325,8.437954545454549,59.05693181818182,False,True,True
reddit_1u0l8qh_oqj0m6j,majority_keep,sample_middle_toxicity,229.0,51.0,5.0,10.2,0.034934497816593885,2.65816666666667,93.10350000000001,False,True,True
reddit_1u0l8qh_oqj3g9r,unanimous_keep,sample_middle_toxicity,245.0,46.0,4.0,11.5,0.053061224489795916,4.793055555555558,80.73625000000003,False,True,True
reddit_1u0l8qh_oqj7zeh,unanimous_keep,sample_middle_toxicity,108.0,19.0,2.0,9.5,0.037037037037037035,5.6200000000000045,70.80000000000003,False,True,False
reddit_1u0l8qh_oqjl7hi,majority_keep,sample_middle_toxicity,146.0,29.0,3.0,9.666666666666666,0.03424657534246575,5.527068965517241,81.26232758620691,False,True,True
reddit_1u0l8qh_oqjpkg5,majority_keep,sample_middle_toxicity,209.0,35.0,5.0,7.0,0.03349282296650718,5.109058823529413,70.54476470588239,False,True,True
reddit_1u0l8qh_oqjt173,majority_keep,sample_low_toxicity,295.0,59.0,2.0,29.5,0.023728813559322035,11.672368421052635,62.13907894736842,False,True,False
reddit_1u0l8qh_oqjwmae,majority_keep,sample_middle_toxicity,262.0,46.0,4.0,11.5,0.022900763358778626,7.939722222222223,58.17625000000004,False,True,True
reddit_1u0l8qh_oqkh0kr,majority_keep,sample_low_toxicity,316.0,56.0,2.0,28.0,0.022151898734177215,12.727727272727275,52.79159090909093,False,False,True
reddit_1u0l8qh_oqkhpjw,unanimous_keep,sample_low_toxicity,299.0,46.0,3.0,15.333333333333334,0.016722408026755852,12.65727272727273,30.43924242424245,False,True,True
reddit_1u0l8qh_oqkx4ad,majority_keep,sample_middle_toxicity,4.0,1.0,1.0,1.0,0.25,-3.3999999999999986,121.22000000000003,True,False,False
reddit_1u0l8qh_oql4yxf,majority_remove,sample_middle_toxicity,319.0,54.0,4.0,13.5,0.025078369905956112,9.222307692307695,52.09769230769234,False,False,True
reddit_1u0l8qh_oqn9vy6,majority_keep,sample_middle_toxicity,99.0,21.0,1.0,21.0,0.04040404040404041,4.961904761904762,96.89142857142858,False,False,False
reddit_1u0l8qh_oqncysl,majority_keep,sample_middle_toxicity,115.0,20.0,1.0,20.0,0.034782608695652174,12.935789473684213,36.1605263157895,False,True,False
reddit_1u0l8qh_oqotlq2,majority_keep,sample_middle_toxicity,283.0,52.0,7.0,7.428571428571429,0.038869257950530034,3.997142857142858,78.87285714285717,False,True,True
reddit_1u0n3rj_oqkcp9a,majority_keep,sample_middle_toxicity,37.0,7.0,1.0,7.0,0.05405405405405406,6.416666666666668,59.745000000000005,False,False,True
reddit_1u0oc51_oql9wo4,unanimous_keep,sample_middle_toxicity,120.0,21.0,3.0,7.0,0.025,2.9400000000000013,85.85833333333333,False,False,False
reddit_1u0oc51_oqlcsuw,majority_remove,sample_middle_toxicity,151.0,24.0,1.0,24.0,0.11920529801324503,11.96166666666667,52.05000000000001,False,True,True
reddit_1u0oc51_oqlgwrv,unanimous_keep,sample_low_toxicity,154.0,25.0,2.0,12.5,0.012987012987012988,8.637,55.40350000000004,False,True,True
reddit_1u0qe3k_oqkabr9,unanimous_keep,sample_middle_toxicity,117.0,20.0,2.0,10.0,0.03418803418803419,6.125526315789475,68.0661842105263,False,True,False
reddit_1u0qe3k_oqmhrye,majority_keep,sample_middle_toxicity,165.0,30.0,3.0,10.0,0.048484848484848485,6.747758620689655,72.51060344827589,False,True,False
reddit_1u0trnc_oqnqs6s,unanimous_keep,sample_middle_toxicity,67.0,13.0,2.0,6.5,0.029850746268656716,4.191153846153846,76.59134615384617,False,True,True
reddit_1u0uj6d_oqu330j,majority_remove,sample_high_toxicity,43.0,7.0,1.0,7.0,0.0,5.682857142857145,66.7871428571429,False,True,True
reddit_1u0y1yy_oqociw1,unanimous_remove,sample_middle_toxicity,64.0,12.0,1.0,12.0,0.03125,6.936363636363637,64.9245454545455,False,True,False
reddit_1u0y79a_oqnwqwe,majority_keep,sample_low_toxicity,197.0,40.0,3.0,13.333333333333334,0.03553299492385787,4.565789473684209,84.88885964912284,False,True,True
reddit_1u0y79a_oqqy4my,unanimous_keep,sample_middle_toxicity,151.0,31.0,1.0,31.0,0.019867549668874173,10.27,74.86500000000002,False,False,False
reddit_1u0y79a_oqrl1ik,majority_remove,sample_low_toxicity,108.0,18.0,2.0,9.0,0.037037037037037035,8.548529411764708,48.9133823529412,False,True,True
reddit_1u0y79a_oqtgzr8,unanimous_keep,sample_middle_toxicity,295.0,44.0,6.0,7.333333333333333,0.020338983050847456,9.158488372093025,42.16548449612404,False,True,True
reddit_1u0y79a_oqu7bpv,majority_remove,sample_low_toxicity,238.0,45.0,2.0,22.5,0.008403361344537815,10.229444444444443,61.797500000000014,False,True,False
reddit_1u12ug8_oqmmm80,unanimous_keep,sample_low_toxicity,263.0,52.0,4.0,13.0,0.034220532319391636,5.081377551020406,80.45022959183675,False,True,True
reddit_1u12ug8_oqmnjbn,majority_keep,sample_middle_toxicity,243.0,34.0,2.0,17.0,0.0205761316872428,16.590454545454545,5.505681818181841,False,True,True
reddit_1u12ug8_oqn7pw7,unanimous_keep,sample_middle_toxicity,131.0,24.0,1.0,24.0,0.015267175572519083,10.978333333333332,59.10000000000004,True,True,False
reddit_1u12ug8_oqnrtpe,unanimous_keep,sample_middle_toxicity,268.0,48.0,2.0,24.0,0.007462686567164179,12.2075,50.28750000000002,False,True,True
reddit_1u12ug8_oqo0blq,majority_keep,sample_middle_toxicity,173.0,32.0,1.0,32.0,0.017341040462427744,14.590000000000003,47.45500000000003,True,False,True
reddit_1u12ug8_oqppwcu,majority_keep,sample_middle_toxicity,222.0,46.0,4.0,11.5,0.03153153153153153,3.4211046511627927,89.68188953488374,True,False,False
reddit_1u16m18_oqnlc9p,unanimous_keep,sample_middle_toxicity,29.0,6.0,1.0,6.0,0.13793103448275862,5.240000000000002,66.40000000000003,False,False,True
reddit_1u16m18_oqnn53c,majority_keep,sample_low_toxicity,161.0,25.0,2.0,12.5,0.031055900621118012,13.181666666666665,21.930000000000035,False,True,True
reddit_1u16m18_oqpzrds,majority_remove,sample_middle_toxicity,304.0,56.0,3.0,18.666666666666668,0.02631578947368421,9.567037037037036,58.531666666666666,False,True,True
reddit_1u185il_oqrqen9,majority_keep,sample_middle_toxicity,180.0,34.0,4.0,8.5,0.06666666666666667,4.862758620689654,77.41643678160922,False,False,True
reddit_1u185il_or1w7ex,majority_keep,sample_middle_toxicity,163.0,29.0,3.0,9.666666666666666,0.024539877300613498,6.083448275862068,68.66471264367817,False,False,True
reddit_1u18ir0_oqowd5r,unanimous_keep,sample_middle_toxicity,227.0,37.0,2.0,18.5,0.01762114537444934,10.760135135135137,50.86831081081081,False,False,False
reddit_1u18ir0_oqp6iby,majority_keep,sample_middle_toxicity,125.0,26.0,5.0,5.2,0.048,1.468076923076925,96.11442307692309,False,True,True
reddit_1u18ir0_oqpf8cf,unanimous_keep,sample_middle_toxicity,272.0,45.0,2.0,22.5,0.04411764705882353,12.327222222222222,46.75750000000002,False,True,True
reddit_1u1baux_oqp71m2,majority_keep,sample_low_toxicity,167.0,35.0,5.0,7.0,0.04790419161676647,2.3934999999999995,89.3015,False,True,True
reddit_1u1c4u6_oqosjtk,majority_keep,sample_middle_toxicity,302.0,63.0,9.0,7.0,0.039735099337748346,0.147471264367816,105.4835440613027,False,True,True
reddit_1u1c4u6_oqouolr,unanimous_keep,sample_low_toxicity,150.0,30.0,3.0,10.0,0.02666666666666667,3.653333333333336,84.90000000000003,True,True,True
reddit_1u1c4u6_oqpjtnr,majority_keep,sample_middle_toxicity,173.0,32.0,2.0,16.0,0.023121387283236993,8.74666666666667,59.07000000000002,False,True,True
reddit_1u1c4u6_oqpzqip,majority_remove,sample_middle_toxicity,141.0,27.0,3.0,9.0,0.028368794326241134,5.036153846153844,74.39217948717952,False,True,True
reddit_1u1c4u6_oqqv8v8,unanimous_keep,sample_low_toxicity,99.0,18.0,2.0,9.0,0.030303030303030304,5.772058823529413,68.81926470588238,True,True,False
reddit_1u1fnvf_oqplghv,unanimous_keep,sample_middle_toxicity,230.0,39.0,3.0,13.0,0.021739130434782608,9.534210526315793,49.2678070175439,True,True,True
reddit_1u1fnvf_oqpm1vc,majority_keep,sample_low_toxicity,147.0,26.0,2.0,13.0,0.047619047619047616,9.98076923076923,69.8142307692308,False,True,True
reddit_1u1fnvf_oqpr4a9,unanimous_keep,sample_middle_toxicity,118.0,25.0,1.0,25.0,0.059322033898305086,8.52,76.72500000000002,False,True,False
reddit_1u1fnvf_oqr4j6a,majority_keep,sample_high_toxicity,156.0,31.0,2.0,15.5,0.038461538461538464,4.91076923076923,83.0092307692308,False,True,True
reddit_1u1fnvf_oqr54cm,majority_keep,sample_middle_toxicity,293.0,54.0,3.0,18.0,0.030716723549488054,7.930196078431372,68.48588235294119,False,True,True
reddit_1u1fnvf_oqrhwed,majority_keep,sample_high_toxicity,54.0,10.0,1.0,10.0,0.018518518518518517,6.010000000000002,69.78500000000001,False,True,True
reddit_1u1ijaj_oqr7v79,unanimous_keep,sample_middle_toxicity,87.0,14.0,3.0,4.666666666666667,0.04597701149425287,8.144285714285715,44.98404761904763,False,True,True
reddit_1u1k8nd_oqqd7z9,majority_keep,sample_middle_toxicity,262.0,41.0,3.0,13.666666666666666,0.019083969465648856,9.375,51.59666666666669,False,True,True
reddit_1u1k8nd_oqrrizs,majority_keep,sample_low_toxicity,67.0,12.0,1.0,12.0,0.014925373134328358,3.84,88.905,False,False,True
reddit_1u1k8nd_oqtkb8g,unanimous_keep,sample_high_toxicity,205.0,36.0,3.0,12.0,0.024390243902439025,7.773333333333333,60.70500000000001,True,True,True
reddit_1u1k8nd_oqts8q6,unanimous_keep,sample_middle_toxicity,299.0,53.0,2.0,26.5,0.013377926421404682,12.111037735849056,55.43183962264153,False,False,False
reddit_1u1ngzk_oqr6529,majority_keep,sample_middle_toxicity,238.0,45.0,1.0,45.0,0.01680672268907563,17.370697674418604,47.11093023255815,False,True,True
reddit_1u1ngzk_oqr6q3k,majority_keep,sample_low_toxicity,82.0,13.0,1.0,13.0,0.012195121951219513,7.633846153846157,63.486153846153854,False,False,False
reddit_1u1nsuy_oqr9qkb,majority_keep,sample_middle_toxicity,48.0,8.0,1.0,8.0,0.020833333333333332,6.705000000000002,61.24000000000001,False,False,True
reddit_1u1nsuy_oqrhiqe,majority_remove,sample_high_toxicity,46.0,9.0,1.0,9.0,0.0,1.0311111111111124,103.70000000000002,False,True,True
reddit_1u1nsuy_oqrxs6i,unanimous_keep,sample_low_toxicity,182.0,35.0,2.0,17.5,0.027472527472527472,5.768750000000001,82.20125,False,False,True
reddit_1u1nsuy_oqsepu7,unanimous_keep,sample_middle_toxicity,110.0,18.0,1.0,18.0,0.02727272727272727,11.169411764705881,45.26235294117649,False,False,False
reddit_1u1z88l_oqtf2w3,majority_keep,sample_middle_toxicity,133.0,21.0,2.0,10.5,0.022556390977443608,6.48595238095238,67.2632142857143,False,True,True
reddit_1u1z88l_oqtmg09,majority_remove,sample_high_toxicity,51.0,9.0,1.0,9.0,0.0196078431372549,4.964444444444446,75.50000000000003,False,True,True
reddit_1u1z88l_oqtp3fq,majority_keep,sample_middle_toxicity,314.0,61.0,3.0,20.333333333333332,0.01910828025477707,8.588421052631581,67.32894736842107,False,True,True
reddit_1u1z88l_oqtq2dv,majority_keep,sample_middle_toxicity,135.0,25.0,1.0,25.0,0.02962962962962963,10.68,63.020000000000024,False,True,True
reddit_1u1z88l_oqtvcd2,majority_keep,sample_middle_toxicity,292.0,52.0,1.0,52.0,0.0136986301369863,22.303673469387757,22.430612244897986,False,False,True
reddit_1u1z88l_oqtzdzz,unanimous_keep,sample_low_toxicity,114.0,21.0,2.0,10.5,0.017543859649122806,5.327272727272728,76.46090909090911,True,True,True
reddit_1u1z88l_oqu3wg4,unanimous_keep,sample_middle_toxicity,254.0,53.0,2.0,26.5,0.015748031496062992,10.088333333333335,68.15250000000003,False,True,True
reddit_1u1z88l_oqu64vx,majority_keep,sample_middle_toxicity,296.0,49.0,1.0,49.0,0.030405405405405407,22.32297872340426,18.730000000000018,False,True,True
reddit_1u1z88l_oquujwf,majority_remove,sample_high_toxicity,206.0,32.0,1.0,32.0,0.024271844660194174,18.277500000000007,21.01750000000004,False,True,True
reddit_1u20knn_oqv52mg,unanimous_keep,sample_middle_toxicity,270.0,42.0,3.0,14.0,0.022222222222222223,9.81761904761905,49.610714285714295,False,True,True
reddit_1u20knn_oqx44iq,majority_keep,sample_middle_toxicity,206.0,32.0,1.0,32.0,0.019417475728155338,18.196774193548382,19.815161290322607,False,True,False
reddit_1u20knn_or139c1,majority_remove,sample_middle_toxicity,188.0,35.0,2.0,17.5,0.02127659574468085,8.008636363636366,67.03295454545456,False,True,True
reddit_1u21326_oqui9sx,majority_keep,sample_middle_toxicity,293.0,49.0,3.0,16.333333333333332,0.040955631399317405,10.142173913043482,49.65862318840581,False,True,False
reddit_1u21326_oqwam70,unanimous_keep,sample_middle_toxicity,298.0,49.0,5.0,9.8,0.030201342281879196,8.312333333333335,52.56600000000003,False,True,True
reddit_1u21326_oqwenzk,majority_keep,sample_middle_toxicity,288.0,52.0,3.0,17.333333333333332,0.024305555555555556,9.318000000000001,57.94233333333335,False,True,True
reddit_1u21326_oqyygm3,majority_keep,sample_middle_toxicity,251.0,49.0,1.0,49.0,0.04780876494023904,18.742222222222228,40.84000000000003,False,True,True
reddit_1u2194a_oqtybmh,unanimous_keep,sample_low_toxicity,254.0,36.0,2.0,18.0,0.031496062992125984,14.987058823529413,17.891764705882395,False,True,False
reddit_1u2194a_oqtyugp,unanimous_keep,sample_low_toxicity,300.0,51.0,4.0,12.75,0.02666666666666667,9.897704081632654,45.91961734693879,True,False,False
reddit_1u2194a_oqu4835,unanimous_keep,sample_middle_toxicity,233.0,41.0,2.0,20.5,0.017167381974248927,10.536707317073173,56.03237804878049,False,True,True
reddit_1u2194a_oqu78ba,unanimous_keep,sample_low_toxicity,221.0,40.0,3.0,13.333333333333334,0.049773755656108594,7.671052631578949,62.625701754386,True,False,False
reddit_1u2194a_oqwf5b0,majority_keep,sample_middle_toxicity,235.0,44.0,3.0,14.666666666666666,0.02127659574468085,6.739534883720932,72.2727131782946,False,True,True
reddit_1u21p80_oqu3p8l,unanimous_keep,sample_middle_toxicity,55.0,12.0,2.0,6.0,0.18181818181818182,2.3114285714285714,90.95857142857145,False,True,False
reddit_1u22dnh_oqu3rkv,majority_remove,sample_middle_toxicity,88.0,15.0,1.0,15.0,0.011363636363636364,8.353333333333339,61.890000000000015,False,True,True
reddit_1u22dnh_oqwezw2,majority_keep,sample_middle_toxicity,290.0,53.0,2.0,26.5,0.017241379310344827,11.388000000000002,57.94400000000002,False,False,True
reddit_1u22dnh_oqxqzqy,unanimous_keep,sample_middle_toxicity,49.0,8.0,1.0,8.0,0.02040816326530612,6.705000000000002,61.24000000000001,False,True,True
reddit_1u22gzn_oquefor,majority_keep,sample_middle_toxicity,279.0,52.0,2.0,26.0,0.02867383512544803,12.096,52.86800000000002,False,True,True
reddit_1u22gzn_oqumb02,unanimous_keep,sample_middle_toxicity,222.0,31.0,5.0,6.2,0.0945945945945946,10.194000000000003,31.951000000000022,False,True,True
reddit_1u22gzn_oqv6pem,unanimous_keep,sample_low_toxicity,216.0,43.0,2.0,21.5,0.046296296296296294,8.73,68.09500000000004,True,False,True
reddit_1u22gzn_oqv9xp1,majority_keep,sample_middle_toxicity,127.0,24.0,1.0,24.0,0.031496062992125984,9.61727272727273,65.29590909090909,False,True,False
reddit_1u22gzn_oqxdp64,unanimous_keep,sample_low_toxicity,280.0,49.0,5.0,9.8,0.017857142857142856,6.8373333333333335,63.14100000000002,False,False,False
reddit_1u237rb_oquyzks,unanimous_keep,sample_low_toxicity,133.0,24.0,2.0,12.0,0.03007518796992481,6.790000000000003,67.75500000000001,False,False,False
reddit_1u237rb_oqv5hf6,unanimous_keep,sample_middle_toxicity,199.0,35.0,3.0,11.666666666666666,0.02512562814070352,7.840000000000003,59.633333333333354,False,True,True
reddit_1u237rb_oqv96uw,majority_keep,sample_middle_toxicity,265.0,46.0,3.0,15.333333333333334,0.033962264150943396,9.170909090909088,55.434696969697,False,True,True
reddit_1u237rb_oqvo47u,majority_keep,sample_middle_toxicity,244.0,42.0,4.0,10.5,0.020491803278688523,7.609761904761903,59.20607142857145,False,True,True
reddit_1u2391z_oqvahem,majority_remove,sample_middle_toxicity,247.0,45.0,3.0,15.0,0.02834008097165992,7.042222222222225,71.29000000000002,False,True,True
reddit_1u2391z_oqvfhql,unanimous_keep,sample_middle_toxicity,58.0,12.0,1.0,12.0,0.05172413793103448,2.8566666666666656,95.955,False,True,True
reddit_1u23s25_oqvxgpp,unanimous_keep,sample_middle_toxicity,313.0,64.0,1.0,64.0,0.01597444089456869,20.66490566037736,41.304150943396266,False,True,False
reddit_1u23s25_oqwd90w,majority_keep,sample_middle_toxicity,306.0,54.0,3.0,18.0,0.029411764705882353,9.55076923076923,57.460897435897465,False,True,True
reddit_1u23s25_oqy10l0,unanimous_keep,sample_middle_toxicity,288.0,52.0,3.0,17.333333333333332,0.013888888888888888,7.902000000000001,68.09433333333337,False,True,True
reddit_1u24ryn_oqurh7c,majority_remove,sample_high_toxicity,85.0,14.0,2.0,7.0,0.023529411764705882,9.054285714285715,42.61571428571432,False,True,True
reddit_1u24ryn_oqx61o4,majority_keep,sample_middle_toxicity,253.0,48.0,2.0,24.0,0.043478260869565216,10.229444444444443,61.797500000000014,False,True,True
reddit_1u24ryn_oqy7p2u,unanimous_keep,sample_middle_toxicity,114.0,21.0,2.0,10.5,0.017543859649122806,4.238333333333333,83.37750000000003,False,True,True
reddit_1u24ryn_or0d726,unanimous_keep,sample_middle_toxicity,99.0,17.0,2.0,8.5,0.030303030303030304,4.383823529411767,78.77220588235295,False,True,True
reddit_1u26v2r_oqwnug1,majority_keep,sample_low_toxicity,279.0,50.0,3.0,16.666666666666668,0.017921146953405017,8.138000000000002,66.40233333333336,False,False,True
reddit_1u26v2r_or1fm4d,unanimous_keep,sample_middle_toxicity,295.0,55.0,3.0,18.333333333333332,0.02711864406779661,6.507777777777779,80.46500000000002,False,False,True
reddit_1u276eu_oqv88kg,majority_keep,sample_middle_toxicity,290.0,49.0,4.0,12.25,0.05172413793103448,6.81803191489362,67.10875,False,True,True
reddit_1u276eu_oqveel8,majority_keep,sample_middle_toxicity,52.0,7.0,1.0,7.0,0.0,12.425714285714289,18.44428571428574,False,True,True
reddit_1u276eu_oqvv3pd,majority_keep,sample_middle_toxicity,310.0,61.0,3.0,20.333333333333332,0.041935483870967745,7.880000000000003,73.59536723163843,False,True,True
reddit_1u28e60_oqvitz7,unanimous_keep,sample_middle_toxicity,76.0,16.0,1.0,16.0,0.0,4.228235294117649,95.02705882352943,False,True,False
reddit_1u28e60_oqvksow,majority_keep,sample_high_toxicity,75.0,12.0,1.0,12.0,0.0,10.723333333333333,39.55500000000001,False,True,True
reddit_1u28e60_oqvnua7,unanimous_keep,sample_low_toxicity,175.0,28.0,1.0,28.0,0.02857142857142857,14.715714285714288,39.429285714285754,True,True,True
reddit_1u28e60_oqwj67f,majority_keep,sample_middle_toxicity,275.0,57.0,2.0,28.5,0.02181818181818182,10.637280701754388,69.56013157894738,False,True,True
reddit_1u28e60_oqx2hwo,unanimous_keep,sample_low_toxicity,249.0,45.0,2.0,22.5,0.03614457831325301,9.349090909090915,67.21863636363636,False,True,True
reddit_1u29zb9_oqw9qey,unanimous_keep,sample_low_toxicity,168.0,29.0,1.0,29.0,0.02976190476190476,13.732592592592596,44.69666666666669,False,True,False
reddit_1u29zb9_oqxhccx,unanimous_keep,sample_low_toxicity,254.0,52.0,3.0,17.333333333333332,0.023622047244094488,5.8348936170212795,81.13333333333334,False,True,True
reddit_1u2almy_oqw1wt3,majority_keep,sample_high_toxicity,206.0,34.0,2.0,17.0,0.014563106796116505,11.226818181818185,43.96022727272728,False,True,True
reddit_1u2bp73_oqxilvu,majority_keep,sample_middle_toxicity,109.0,19.0,3.0,6.333333333333333,0.03669724770642202,7.072222222222223,55.045000000000016,False,True,True
reddit_1u2bp73_oqy7qrk,unanimous_keep,sample_low_toxicity,86.0,13.0,2.0,6.5,0.023255813953488372,6.91423076923077,57.06826923076926,False,True,True
reddit_1u2ek28_oqwulr4,majority_remove,sample_middle_toxicity,161.0,27.0,3.0,9.0,0.031055900621118012,6.3976923076923065,64.63064102564107,False,True,True
reddit_1u2ek28_oqww40l,majority_keep,sample_low_toxicity,209.0,37.0,2.0,18.5,0.023923444976076555,9.80337837837838,57.72777027027027,False,True,True
reddit_1u2ek28_oqx9rpk,unanimous_keep,sample_middle_toxicity,251.0,51.0,4.0,12.75,0.035856573705179286,3.6364795918367356,90.80941326530613,True,False,True
reddit_1u2ek28_oqxcs7i,unanimous_keep,sample_low_toxicity,103.0,14.0,1.0,14.0,0.009708737864077669,14.312857142857148,17.382142857142867,False,True,True
reddit_1u2ek28_oqxjcoy,majority_keep,sample_low_toxicity,296.0,53.0,2.0,26.5,0.02364864864864865,13.001603773584907,49.04693396226415,False,True,False
reddit_1u2ek28_oqxnkii,majority_keep,sample_high_toxicity,263.0,46.0,2.0,23.0,0.011406844106463879,12.327222222222222,46.75750000000002,False,True,True
reddit_1u2ek28_oqxz5cg,majority_keep,sample_middle_toxicity,303.0,57.0,3.0,19.0,0.013201320132013201,8.336428571428574,68.54190476190477,False,True,True
reddit_1u2ek28_oqzmgb8,majority_keep,sample_low_toxicity,106.0,15.0,2.0,7.5,0.04716981132075472,14.646666666666672,16.77000000000001,False,False,True
reddit_1u2ek28_or0xxc8,unanimous_keep,sample_middle_toxicity,219.0,40.0,1.0,40.0,0.0182648401826484,17.47128205128205,39.26538461538463,False,True,True
reddit_1u2ekz6_or0gyu6,majority_remove,sample_middle_toxicity,270.0,56.0,4.0,14.0,0.03333333333333333,4.939764150943397,83.2466273584906,False,True,True
reddit_1u2eldl_or2wf09,majority_keep,sample_middle_toxicity,299.0,61.0,7.0,8.714285714285714,0.043478260869565216,2.0971428571428596,95.0393220338983,False,True,True
reddit_1u2ipxp_oqxt08z,unanimous_keep,sample_middle_toxicity,212.0,38.0,2.0,19.0,0.02358490566037736,8.846621621621622,64.58722972972974,False,True,True
reddit_1u2ipxp_oqyljt4,unanimous_keep,sample_middle_toxicity,289.0,54.0,3.0,18.0,0.02768166089965398,9.62558823529412,71.47014705882354,False,True,True
reddit_1u2nrer_oqzi158,majority_keep,sample_middle_toxicity,103.0,20.0,2.0,10.0,0.04854368932038835,4.964444444444446,75.50000000000003,True,False,False
reddit_1u2nrer_oqzu964,unanimous_keep,sample_middle_toxicity,259.0,47.0,3.0,15.666666666666666,0.023166023166023165,8.350000000000005,63.69500000000001,True,True,True
reddit_1u2pvqp_or0stbb,majority_remove,sample_middle_toxicity,280.0,52.0,3.0,17.333333333333332,0.02142857142857143,8.624313725490197,63.5094117647059,False,True,True
reddit_1u2pvqp_or13k7z,majority_keep,sample_middle_toxicity,250.0,49.0,3.0,16.333333333333332,0.024,6.255555555555556,76.93000000000002,False,True,True
reddit_1u2xqsq_or1lavs,unanimous_keep,sample_middle_toxicity,198.0,34.0,1.0,34.0,0.010101010101010102,14.675882352941176,50.40147058823533,False,True,True
reddit_1u31653_or1p4j4,majority_keep,sample_middle_toxicity,191.0,40.0,3.0,13.333333333333334,0.041884816753926704,5.151111111111113,79.50500000000001,False,True,True
reddit_1u31653_or1r4q3,majority_keep,sample_middle_toxicity,283.0,48.0,5.0,9.6,0.03180212014134275,7.574833333333334,57.853500000000025,False,True,True
reddit_1u31653_or4boss,unanimous_keep,sample_low_toxicity,247.0,40.0,3.0,13.333333333333334,0.02834008097165992,9.751794871794871,48.301538461538485,False,True,True
reddit_1u33tv7_or2asyp,unanimous_keep,sample_middle_toxicity,266.0,43.0,2.0,21.5,0.011278195488721804,12.547619047619047,42.505714285714305,False,False,False
twitter_2059072190193307746,majority_keep,sample_middle_toxicity,255.0,49.0,6.0,8.166666666666666,0.050980392156862744,3.5330851063829805,83.6841666666667,False,False,False
twitter_2059082439784644839,unanimous_keep,sample_middle_toxicity,210.0,33.0,3.0,11.0,0.047619047619047616,7.745000000000001,58.53333333333336,True,True,True
twitter_2059088675850555576,unanimous_keep,sample_low_toxicity,124.0,19.0,2.0,9.5,0.056451612903225805,6.125526315789475,68.0661842105263,False,False,False
twitter_2059112774249132253,unanimous_keep,sample_middle_toxicity,266.0,36.0,7.0,5.142857142857143,0.07142857142857142,7.065714285714289,53.565000000000026,False,False,True
twitter_2059160026942779727,majority_remove,sample_middle_toxicity,238.0,41.0,3.0,13.666666666666666,0.025210084033613446,7.310000000000002,66.40166666666669,False,True,True
twitter_2059171286371422679,unanimous_keep,sample_low_toxicity,222.0,35.0,1.0,35.0,0.018018018018018018,18.146470588235292,25.519117647058835,False,True,False
twitter_2059202173586579666,unanimous_keep,sample_low_toxicity,176.0,27.0,1.0,27.0,0.022727272727272728,14.60666666666667,38.43000000000001,False,False,True
twitter_2059205747033182344,unanimous_keep,sample_low_toxicity,246.0,39.0,3.0,13.0,0.036585365853658534,12.362222222222226,27.805000000000007,True,False,False
twitter_2059238678199926908,majority_keep,sample_low_toxicity,97.0,17.0,2.0,8.5,0.030927835051546393,3.017500000000002,87.67750000000001,True,False,False
twitter_2059249692026794085,unanimous_keep,sample_low_toxicity,219.0,42.0,2.0,21.0,0.0273972602739726,8.588421052631581,67.32894736842107,True,True,True
twitter_2059253236326940829,unanimous_keep,sample_low_toxicity,95.0,15.0,1.0,15.0,0.031578947368421054,9.92666666666667,50.610000000000014,True,False,False
twitter_2059256766966137229,unanimous_keep,sample_low_toxicity,143.0,19.0,3.0,6.333333333333333,0.027972027972027972,14.142222222222227,9.700000000000017,True,True,True
twitter_2059280505091277105,majority_keep,sample_low_toxicity,9.0,2.0,1.0,2.0,0.1111111111111111,-3.01,120.20500000000001,True,False,False
twitter_2059295274959356271,majority_keep,sample_middle_toxicity,280.0,46.0,3.0,15.333333333333334,0.02142857142857143,9.664444444444445,52.49000000000004,False,True,True
twitter_2059296457694298555,unanimous_keep,sample_middle_toxicity,249.0,41.0,3.0,13.666666666666666,0.03614457831325301,10.850000000000001,41.021666666666675,False,True,True
twitter_2059301074125644151,unanimous_keep,sample_middle_toxicity,224.0,38.0,2.0,19.0,0.044642857142857144,8.802222222222223,64.015,True,False,False
twitter_2059320239112773673,unanimous_keep,sample_middle_toxicity,193.0,33.0,5.0,6.6,0.05699481865284974,2.434451612903228,88.65167741935485,True,False,False
twitter_2059325530365956319,majority_keep,sample_middle_toxicity,120.0,22.0,2.0,11.0,0.06666666666666667,5.504473684210527,72.51881578947369,True,True,True
twitter_2059337884260581864,majority_remove,sample_middle_toxicity,176.0,31.0,6.0,5.166666666666667,0.05113636363636364,5.6765517241379335,71.58195402298851,False,False,True
twitter_2059348921151828158,majority_keep,sample_low_toxicity,141.0,27.0,3.0,9.0,0.04964539007092199,5.312391304347827,77.45815217391308,False,True,False
twitter_2059355394955497975,majority_keep,sample_low_toxicity,95.0,13.0,1.0,13.0,0.010526315789473684,15.803076923076926,4.916923076923098,False,False,True
twitter_2059358408160182748,majority_keep,sample_low_toxicity,175.0,33.0,1.0,33.0,0.017142857142857144,13.852500000000003,52.74250000000002,False,False,True
twitter_2059358541409079421,unanimous_keep,sample_low_toxicity,168.0,26.0,4.0,6.5,0.03571428571428571,8.903695652173912,51.71032608695654,False,True,True
twitter_2059359537673744708,unanimous_keep,sample_low_toxicity,227.0,46.0,3.0,15.333333333333334,0.022026431718061675,5.731111111111112,80.69000000000003,False,True,True
twitter_2059370022644953565,unanimous_keep,sample_low_toxicity,221.0,33.0,5.0,6.6,0.03167420814479638,9.745517241379314,42.40954022988507,False,True,True
twitter_2059370125636276307,unanimous_keep,sample_low_toxicity,130.0,22.0,1.0,22.0,0.023076923076923078,14.040000000000003,30.025000000000034,False,True,False
twitter_2059377633813504387,majority_keep,sample_low_toxicity,165.0,28.0,1.0,28.0,0.012121212121212121,14.60666666666667,38.43000000000001,False,False,True
twitter_2059379114868625494,unanimous_keep,sample_low_toxicity,59.0,11.0,1.0,11.0,0.0,5.863636363636363,72.61545454545457,False,False,True
twitter_2059380780904665388,majority_keep,sample_middle_toxicity,49.0,11.0,1.0,11.0,0.04081632653061224,1.0311111111111124,103.70000000000002,False,False,True
twitter_2059382154191106217,majority_remove,sample_low_toxicity,278.0,47.0,3.0,15.666666666666666,0.04316546762589928,12.278720930232563,45.32412790697677,False,True,True
twitter_2059383299424899104,majority_remove,sample_high_toxicity,126.0,24.0,1.0,24.0,0.015873015873015872,9.995000000000001,66.15000000000003,False,False,True
twitter_2059383687771525628,unanimous_keep,sample_low_toxicity,251.0,41.0,2.0,20.5,0.027888446215139442,12.551341463414637,41.5884756097561,True,True,True
twitter_2059384203444392213,unanimous_keep,sample_low_toxicity,278.0,42.0,2.0,21.0,0.017985611510791366,16.005000000000003,16.827500000000015,True,False,True
twitter_2059388503075533204,unanimous_keep,sample_low_toxicity,157.0,30.0,2.0,15.0,0.01910828025477707,6.305714285714288,74.78928571428573,True,False,True
twitter_2059393540883718360,unanimous_keep,sample_low_toxicity,112.0,16.0,2.0,8.0,0.044642857142857144,8.541538461538462,56.97846153846157,False,False,True
twitter_2059403706647581054,unanimous_keep,sample_low_toxicity,134.0,20.0,4.0,5.0,0.04477611940298507,11.520000000000003,28.50000000000003,False,True,False
twitter_2059404130087801256,majority_keep,sample_middle_toxicity,245.0,37.0,4.0,9.25,0.04081632653061224,9.242647058823533,43.93691176470591,False,True,True
twitter_2059406900933087367,majority_keep,sample_middle_toxicity,66.0,13.0,1.0,13.0,0.030303030303030304,7.773333333333333,60.70500000000001,False,False,True
twitter_2059414276478005375,majority_remove,sample_middle_toxicity,136.0,21.0,1.0,21.0,0.029411764705882353,13.952380952380953,32.43428571428572,False,True,True
twitter_2059415623524831503,majority_keep,sample_middle_toxicity,70.0,11.0,1.0,11.0,0.04285714285714286,6.010000000000002,69.78500000000001,False,False,True
twitter_2059419372054254032,unanimous_keep,sample_middle_toxicity,104.0,20.0,3.0,6.666666666666667,0.0673076923076923,3.650000000000002,86.70500000000001,False,False,True
twitter_2059425955051901050,unanimous_keep,sample_middle_toxicity,180.0,28.0,5.0,5.6,0.03333333333333333,6.401142857142858,59.14385714285717,False,True,True
twitter_2059433754033074233,unanimous_keep,sample_middle_toxicity,73.0,11.0,2.0,5.5,0.1095890410958904,6.936818181818182,55.12522727272727,False,False,True
twitter_2059436637080142301,majority_keep,sample_middle_toxicity,195.0,32.0,3.0,10.666666666666666,0.020512820512820513,6.710967741935487,65.35311827956991,False,True,True
twitter_2059442958579999162,unanimous_keep,sample_low_toxicity,119.0,19.0,2.0,9.5,0.025210084033613446,7.367631578947371,59.16092105263158,False,True,False
twitter_2059443049650942305,majority_keep,sample_middle_toxicity,59.0,10.0,1.0,10.0,0.01694915254237288,6.010000000000002,69.78500000000001,False,False,True
twitter_2059446702692560958,majority_keep,sample_middle_toxicity,198.0,38.0,4.0,9.5,0.030303030303030304,3.3307894736842094,88.10302631578948,False,True,True
twitter_2059466511803400306,unanimous_keep,sample_low_toxicity,65.0,13.0,1.0,13.0,0.03076923076923077,5.806666666666668,74.805,False,False,True
twitter_2059469777953865959,unanimous_keep,sample_low_toxicity,187.0,33.0,2.0,16.5,0.0213903743315508,8.723787878787878,61.90568181818185,False,True,True
twitter_2059472183483613589,unanimous_keep,sample_middle_toxicity,97.0,14.0,1.0,14.0,0.041237113402061855,10.941428571428574,41.553571428571445,True,True,True
twitter_2059473090141151457,majority_keep,sample_middle_toxicity,141.0,28.0,2.0,14.0,0.028368794326241134,4.971296296296298,83.46583333333336,False,False,True
twitter_2059477959849738309,unanimous_keep,sample_low_toxicity,208.0,34.0,4.0,8.5,0.038461538461538464,7.811250000000001,53.30875,True,False,True
twitter_2059480677394116901,unanimous_keep,sample_middle_toxicity,79.0,11.0,1.0,11.0,0.02531645569620253,13.372727272727271,18.77909090909094,True,True,True
twitter_2059491408978039239,unanimous_keep,sample_low_toxicity,147.0,29.0,1.0,29.0,0.013605442176870748,11.765714285714285,60.579285714285746,True,False,True
twitter_2059499684482392456,unanimous_remove,sample_middle_toxicity,254.0,43.0,3.0,14.333333333333334,0.04330708661417323,10.77397435897436,52.550192307692356,False,True,True
twitter_2059500635372798443,majority_remove,sample_middle_toxicity,157.0,24.0,1.0,24.0,0.044585987261146494,14.927826086956525,29.003043478260906,False,False,True
twitter_2059508542248280177,unanimous_keep,sample_middle_toxicity,106.0,21.0,2.0,10.5,0.04716981132075472,4.240000000000002,82.47500000000001,True,False,False
twitter_2059511132939755607,unanimous_keep,sample_middle_toxicity,81.0,14.0,2.0,7.0,0.037037037037037035,4.840000000000003,72.83000000000003,False,False,True
twitter_2059527883165708722,unanimous_keep,sample_low_toxicity,251.0,44.0,4.0,11.0,0.0199203187250996,7.262965116279069,62.137703488372125,False,True,True
twitter_2059533616204460109,majority_keep,sample_middle_toxicity,125.0,18.0,1.0,18.0,0.016,16.34111111111111,9.965000000000003,True,True,True
twitter_2059542444966842463,unanimous_keep,sample_low_toxicity,56.0,10.0,1.0,10.0,0.017857142857142856,4.830000000000002,78.24500000000002,False,False,False
twitter_2059550593715216814,unanimous_keep,sample_middle_toxicity,82.0,11.0,2.0,5.5,0.04878048780487805,11.227727272727272,24.36159090909092,False,True,True
twitter_2059552562357965120,majority_keep,sample_middle_toxicity,209.0,35.0,2.0,17.5,0.019138755980861243,9.438939393939396,56.77840909090912,False,True,True
twitter_2059570700814602666,unanimous_keep,sample_low_toxicity,197.0,31.0,3.0,10.333333333333334,0.030456852791878174,8.931724137931035,48.244022988505776,False,True,True
twitter_2059581033901683037,majority_keep,sample_high_toxicity,163.0,31.0,1.0,31.0,0.0,13.72848484848485,55.41272727272728,False,True,True
twitter_2059618631143543105,unanimous_keep,sample_low_toxicity,203.0,33.0,3.0,11.0,0.029556650246305417,7.376250000000002,61.17708333333337,True,False,False
twitter_2059626257784930414,unanimous_keep,sample_low_toxicity,162.0,26.0,2.0,13.0,0.043209876543209874,9.248333333333335,50.130000000000024,False,False,True
twitter_2059628846094111205,majority_keep,sample_low_toxicity,233.0,40.0,3.0,13.333333333333334,0.04721030042918455,7.671052631578949,62.625701754386,False,True,False
twitter_2059635547908247953,unanimous_keep,sample_low_toxicity,96.0,14.0,1.0,14.0,0.052083333333333336,10.941428571428574,41.553571428571445,True,True,False
twitter_2059636911892050223,majority_keep,sample_middle_toxicity,250.0,40.0,3.0,13.333333333333334,0.016,9.079999999999998,53.7116666666667,False,True,True
twitter_2059658976040460681,unanimous_keep,sample_low_toxicity,179.0,27.0,1.0,27.0,0.0223463687150838,17.69615384615385,14.498846153846188,True,False,False
twitter_2059663523161215406,majority_remove,sample_middle_toxicity,224.0,39.0,3.0,13.0,0.022321428571428572,8.913157894736845,53.72043859649125,False,True,True
twitter_2059664740352184363,majority_keep,sample_low_toxicity,254.0,44.0,3.0,14.666666666666666,0.023622047244094488,8.131904761904764,61.696428571428584,False,True,False
twitter_2059666512756064572,unanimous_keep,sample_low_toxicity,254.0,44.0,3.0,14.666666666666666,0.023622047244094488,8.131904761904764,61.696428571428584,False,True,False
twitter_2059670904653652439,unanimous_keep,sample_low_toxicity,192.0,30.0,2.0,15.0,0.036458333333333336,11.630517241379316,37.50370689655173,False,True,True
twitter_2059676897525563700,unanimous_keep,sample_low_toxicity,253.0,44.0,3.0,14.666666666666666,0.023715415019762844,8.131904761904764,61.696428571428584,False,True,True
twitter_2059677758876168595,unanimous_keep,sample_low_toxicity,254.0,44.0,3.0,14.666666666666666,0.023622047244094488,8.131904761904764,61.696428571428584,False,True,True
twitter_2059687382006300888,unanimous_keep,sample_low_toxicity,85.0,14.0,1.0,14.0,0.03529411764705882,11.264615384615386,37.455384615384645,True,False,True
twitter_2059689756142026917,majority_keep,sample_middle_toxicity,94.0,18.0,1.0,18.0,0.02127659574468085,6.725263157894737,80.68684210526318,False,False,True
twitter_2059690709729546399,unanimous_keep,sample_middle_toxicity,187.0,27.0,3.0,9.0,0.0374331550802139,11.082962962962966,31.633333333333354,False,True,True
twitter_2059691692756722113,majority_remove,sample_middle_toxicity,82.0,14.0,1.0,14.0,0.036585365853658534,9.255714285714287,53.639285714285734,False,True,True
twitter_2059693727308759290,unanimous_keep,sample_low_toxicity,131.0,23.0,3.0,7.666666666666667,0.022900763358778626,4.330434782608695,77.67072463768118,True,True,True
twitter_2059695338668396671,unanimous_keep,sample_low_toxicity,246.0,40.0,3.0,13.333333333333334,0.028455284552845527,9.223684210526319,51.49412280701759,False,True,True
twitter_2059696137011925054,majority_keep,sample_low_toxicity,167.0,28.0,3.0,9.333333333333334,0.029940119760479042,8.030555555555559,61.53250000000003,False,True,True
twitter_2059702432020512964,unanimous_keep,sample_low_toxicity,201.0,35.0,1.0,35.0,0.029850746268656716,16.064117647058826,40.448529411764724,True,True,True
twitter_2059703201784623311,majority_keep,sample_low_toxicity,210.0,37.0,3.0,12.333333333333334,0.023809523809523808,6.790000000000003,67.75500000000001,False,True,True
twitter_2059713830062612951,unanimous_keep,sample_middle_toxicity,201.0,34.0,3.0,11.333333333333334,0.03482587064676617,9.45625,55.763750000000016,False,True,True
twitter_2059715428822208731,majority_keep,sample_low_toxicity,189.0,35.0,3.0,11.666666666666666,0.031746031746031744,5.488823529411768,75.89637254901962,False,False,True
twitter_2059717976601907391,majority_keep,sample_high_toxicity,251.0,41.0,1.0,41.0,0.01195219123505976,19.891794871794875,21.91153846153847,False,True,True
twitter_2059728173869289558,unanimous_keep,sample_low_toxicity,40.0,9.0,1.0,9.0,0.0,3.653333333333336,84.90000000000003,False,False,True
twitter_2059732998417752418,majority_keep,sample_low_toxicity,251.0,36.0,4.0,9.0,0.027888446215139442,10.979662162162168,32.819222972972995,True,True,True
twitter_2059733422369607894,majority_remove,sample_middle_toxicity,204.0,36.0,2.0,18.0,0.07352941176470588,8.429285714285715,65.79821428571432,False,True,True
twitter_2059743706303832512,majority_keep,sample_low_toxicity,178.0,26.0,6.0,4.333333333333333,0.056179775280898875,10.155000000000001,32.05250000000001,False,True,False
twitter_2059749972040401295,unanimous_keep,sample_low_toxicity,124.0,18.0,2.0,9.0,0.04032258064516129,12.019117647058824,24.031029411764735,False,True,True
twitter_2059753669495497077,unanimous_keep,sample_middle_toxicity,52.0,9.0,1.0,9.0,0.0,7.58666666666667,56.70000000000002,False,True,True
twitter_2059754183843020917,majority_remove,sample_middle_toxicity,236.0,36.0,3.0,12.0,0.05508474576271186,9.188571428571429,49.96476190476193,False,True,True
twitter_2059755508941168899,majority_keep,sample_low_toxicity,239.0,40.0,3.0,13.333333333333334,0.02510460251046025,9.844736842105267,47.041491228070186,False,True,False
twitter_2059756068943659423,unanimous_keep,sample_middle_toxicity,169.0,22.0,1.0,22.0,0.023668639053254437,19.808181818181826,-7.767727272727285,False,True,True
twitter_2059766444510855427,unanimous_keep,sample_middle_toxicity,156.0,23.0,1.0,23.0,0.01282051282051282,15.953913043478263,21.646521739130463,False,True,True
twitter_2059768751541666208,majority_keep,sample_low_toxicity,168.0,26.0,1.0,26.0,0.023809523809523808,14.51923076923077,37.27576923076927,True,False,True
twitter_2059777848370708856,unanimous_keep,sample_low_toxicity,207.0,40.0,1.0,40.0,0.01932367149758454,16.530000000000005,47.79500000000003,True,True,True
twitter_2059786328783368491,majority_keep,sample_middle_toxicity,157.0,28.0,1.0,28.0,0.0,14.294285714285717,42.4507142857143,False,True,True
twitter_2059787257481978068,majority_keep,sample_middle_toxicity,55.0,10.0,1.0,10.0,0.03636363636363636,2.4700000000000024,95.165,False,False,False
twitter_2059792063470923899,unanimous_remove,sample_high_toxicity,208.0,38.0,1.0,38.0,0.028846153846153848,15.742702702702704,48.09621621621622,False,True,True
twitter_2059808704204251311,majority_keep,sample_middle_toxicity,153.0,26.0,2.0,13.0,0.0196078431372549,8.541538461538462,56.97846153846157,True,False,True
twitter_2059816188687896826,unanimous_keep,sample_low_toxicity,197.0,35.0,2.0,17.5,0.01015228426395939,10.115000000000002,53.712500000000034,False,True,True
twitter_2059817045915783271,majority_keep,sample_low_toxicity,253.0,37.0,3.0,12.333333333333334,0.03162055335968379,11.544324324324325,34.26261261261263,False,False,False
twitter_2059829676298866903,unanimous_keep,sample_low_toxicity,254.0,44.0,3.0,14.666666666666666,0.023622047244094488,8.131904761904764,61.696428571428584,False,True,False
twitter_2059840837274776021,unanimous_keep,sample_middle_toxicity,126.0,23.0,2.0,11.5,0.047619047619047616,5.92404761904762,71.29178571428572,True,True,True
twitter_2059843040454549908,unanimous_keep,sample_low_toxicity,234.0,33.0,1.0,33.0,0.021367521367521368,21.59625,-2.776249999999976,True,False,False
twitter_2059848531372892458,unanimous_keep,sample_middle_toxicity,266.0,41.0,4.0,10.25,0.03383458646616541,10.60224358974359,36.4156730769231,True,True,False
twitter_2059852379067916547,majority_remove,sample_middle_toxicity,164.0,27.0,1.0,27.0,0.006097560975609756,14.60666666666667,38.43000000000001,False,True,True
twitter_2059852558294802439,unanimous_keep,sample_middle_toxicity,125.0,24.0,1.0,24.0,0.008,9.995000000000001,66.15000000000003,False,True,False
twitter_2059853369444118694,unanimous_keep,sample_low_toxicity,100.0,22.0,1.0,22.0,0.03,7.771428571428572,76.74857142857144,True,False,False
twitter_2059891876543832328,unanimous_keep,sample_low_toxicity,234.0,33.0,1.0,33.0,0.021367521367521368,21.59625,-2.776249999999976,True,False,False
twitter_2059900821634990503,unanimous_keep,sample_middle_toxicity,221.0,29.0,3.0,9.666666666666666,0.027149321266968326,15.864285714285717,-2.0526190476190322,False,True,True
twitter_2059910535773323762,majority_keep,sample_low_toxicity,234.0,33.0,1.0,33.0,0.021367521367521368,21.59625,-2.776249999999976,True,False,False
twitter_2059953200862552239,unanimous_keep,sample_middle_toxicity,274.0,47.0,10.0,4.7,0.051094890510948905,5.152761904761906,65.60057142857144,False,True,True
twitter_2059959157013541270,unanimous_keep,sample_middle_toxicity,205.0,37.0,2.0,18.5,0.014634146341463415,8.474444444444444,66.36500000000001,False,False,True
twitter_2059960054497907123,unanimous_keep,sample_middle_toxicity,199.0,39.0,2.0,19.5,0.01507537688442211,7.445769230769233,76.4117307692308,False,True,True
twitter_2059967541829664900,majority_remove,sample_low_toxicity,204.0,31.0,2.0,15.5,0.0196078431372549,13.073333333333338,28.05000000000001,False,True,False
twitter_2059969741108675026,majority_keep,sample_low_toxicity,188.0,36.0,2.0,18.0,0.047872340425531915,6.442096774193548,76.48314516129035,False,True,True
twitter_2059978803204559057,majority_remove,sample_high_toxicity,112.0,20.0,1.0,20.0,0.0,8.73,68.09500000000004,False,True,True
twitter_2059985587948445954,unanimous_keep,sample_low_toxicity,219.0,41.0,2.0,20.5,0.0228310502283105,9.563717948717951,61.2271153846154,True,True,True
twitter_2059991028162044034,majority_remove,sample_middle_toxicity,266.0,39.0,3.0,13.0,0.03383458646616541,10.155263157894733,44.815175438596526,False,True,True
twitter_2059999756454093272,unanimous_keep,sample_low_toxicity,254.0,39.0,3.0,13.0,0.031496062992125984,10.054358974358976,46.132307692307705,False,False,False
twitter_2060001263203316029,unanimous_keep,sample_low_toxicity,154.0,20.0,1.0,20.0,0.01948051948051948,17.904210526315797,0.5394736842105203,False,True,True
twitter_2060001899064234029,unanimous_keep,sample_low_toxicity,245.0,37.0,3.0,12.333333333333334,0.036734693877551024,9.525714285714287,47.547619047619065,False,True,True
twitter_2060007174764462425,majority_remove,sample_low_toxicity,130.0,23.0,3.0,7.666666666666667,0.038461538461538464,5.506363636363638,68.64621212121216,True,False,True
twitter_2060007851691569203,unanimous_keep,sample_low_toxicity,204.0,38.0,3.0,12.666666666666666,0.03431372549019608,5.484864864864864,77.70585585585587,True,False,True
twitter_2060007928619278416,unanimous_keep,sample_middle_toxicity,78.0,14.0,1.0,14.0,0.01282051282051282,9.44923076923077,50.470769230769264,False,True,True
twitter_2060013479810007088,unanimous_keep,sample_low_toxicity,246.0,41.0,1.0,41.0,0.02032520325203252,18.531707317073174,35.22487804878051,True,True,True
twitter_2060015198824513769,majority_keep,sample_middle_toxicity,80.0,10.0,1.0,10.0,0.0375,15.45,2.105000000000018,False,False,True
twitter_2060015822391619947,unanimous_keep,sample_middle_toxicity,100.0,17.0,2.0,8.5,0.04,5.230000000000004,71.81500000000001,True,False,True
twitter_2060016998227304542,unanimous_keep,sample_low_toxicity,30.0,6.0,1.0,6.0,0.06666666666666667,0.5199999999999996,100.24000000000002,True,True,True
twitter_2060017768708079630,unanimous_keep,sample_low_toxicity,119.0,20.0,1.0,20.0,0.008403361344537815,9.910000000000004,59.63500000000003,False,True,True
twitter_2060024663548248196,unanimous_keep,sample_low_toxicity,86.0,16.0,2.0,8.0,0.03488372093023256,4.840000000000003,72.83000000000003,False,False,True
twitter_2060026156246602113,unanimous_keep,sample_low_toxicity,260.0,42.0,1.0,42.0,0.023076923076923078,19.682926829268293,26.971219512195177,False,True,True
twitter_2060027271235182959,unanimous_keep,sample_middle_toxicity,141.0,28.0,1.0,28.0,0.0,10.501428571428573,69.64357142857145,True,False,True
twitter_2060028326949830835,unanimous_keep,sample_low_toxicity,254.0,45.0,2.0,22.5,0.031496062992125984,10.580952380952379,56.6057142857143,True,False,True
twitter_2060028364023300572,majority_remove,sample_middle_toxicity,180.0,24.0,1.0,24.0,0.016666666666666666,19.336666666666662,-0.8249999999999602,False,True,True
twitter_2060028651735826768,unanimous_keep,sample_middle_toxicity,168.0,28.0,2.0,14.0,0.017857142857142856,8.834285714285716,56.66071428571428,False,True,True
twitter_2060036837654016373,majority_remove,sample_middle_toxicity,273.0,45.0,5.0,9.0,0.03663003663003663,7.955636363636369,53.69845454545458,False,True,True
twitter_2060037363624230954,majority_keep,sample_low_toxicity,56.0,7.0,2.0,3.5,0.05357142857142857,11.060714285714287,21.99678571428572,True,False,False
twitter_2060037504032752117,unanimous_keep,sample_middle_toxicity,104.0,21.0,1.0,21.0,0.009615384615384616,6.647619047619049,84.8057142857143,False,True,True
twitter_2060042603362422818,unanimous_keep,sample_low_toxicity,252.0,46.0,2.0,23.0,0.027777777777777776,9.808953488372094,63.03110465116282,False,True,True
twitter_2060043429951017043,majority_keep,sample_low_toxicity,201.0,30.0,5.0,6.0,0.029850746268656716,7.016827586206897,55.0859310344828,False,True,True
twitter_2060043856477892788,majority_remove,sample_middle_toxicity,88.0,14.0,1.0,14.0,0.022727272727272728,9.255714285714287,53.639285714285734,False,True,True
twitter_2060050973079269417,unanimous_keep,sample_middle_toxicity,72.0,10.0,2.0,5.0,0.041666666666666664,13.698333333333334,4.867500000000007,False,True,True
twitter_2060052812759969934,unanimous_remove,sample_middle_toxicity,207.0,40.0,2.0,20.0,0.028985507246376812,8.277894736842104,69.55526315789477,False,True,False
twitter_2060060077806014515,unanimous_keep,sample_middle_toxicity,143.0,25.0,3.0,8.333333333333334,0.03496503496503497,5.230000000000004,71.81500000000001,False,False,True
twitter_2060065054037246354,unanimous_keep,sample_low_toxicity,204.0,34.0,3.0,11.333333333333334,0.029411764705882353,7.852903225806454,57.166021505376335,False,True,True
twitter_2060065769703002433,majority_keep,sample_middle_toxicity,160.0,25.0,1.0,25.0,0.025,13.436666666666667,41.47500000000002,False,True,True
twitter_2060069909149704267,unanimous_keep,sample_low_toxicity,96.0,15.0,1.0,15.0,0.020833333333333332,8.412857142857145,59.68214285714288,True,False,False
twitter_2060070589088387347,majority_remove,sample_middle_toxicity,220.0,37.0,3.0,12.333333333333334,0.022727272727272728,8.101111111111113,58.35500000000002,False,True,True
twitter_2060071996633805203,majority_keep,sample_middle_toxicity,120.0,20.0,1.0,20.0,0.016666666666666666,11.07263157894737,49.518421052631595,False,True,True
twitter_2060072476055351712,majority_remove,sample_low_toxicity,253.0,51.0,5.0,10.2,0.03162055335968379,3.644244897959183,86.39004081632655,False,True,True
twitter_2060076873887986112,unanimous_keep,sample_low_toxicity,254.0,44.0,3.0,14.666666666666666,0.023622047244094488,8.131904761904764,61.696428571428584,False,True,False
twitter_2060077624706109460,majority_remove,sample_low_toxicity,65.0,12.0,1.0,12.0,0.03076923076923077,6.790000000000003,67.75500000000001,False,False,False
twitter_2060077674094104650,unanimous_keep,sample_low_toxicity,146.0,22.0,2.0,11.0,0.0273972602739726,10.154545454545456,41.8518181818182,True,True,True
twitter_2060078471116685688,unanimous_keep,sample_low_toxicity,241.0,38.0,3.0,12.666666666666666,0.03319502074688797,14.835,19.87250000000003,True,False,False
twitter_2060081566286537124,majority_keep,sample_middle_toxicity,108.0,25.0,2.0,12.5,0.027777777777777776,4.331666666666667,85.38,False,False,False
twitter_2060082218936983629,majority_keep,sample_middle_toxicity,280.0,53.0,3.0,17.666666666666668,0.02142857142857143,6.722000000000001,76.55433333333335,False,False,True
twitter_2060091890591248691,majority_keep,sample_low_toxicity,246.0,43.0,4.0,10.75,0.044715447154471545,7.5839024390243885,65.03162601626018,True,True,True
twitter_2060093626135580815,majority_keep,sample_low_toxicity,256.0,44.0,4.0,11.0,0.0234375,8.277272727272727,55.31090909090912,True,False,True
twitter_2060094698455506989,majority_keep,sample_middle_toxicity,162.0,28.0,2.0,14.0,0.018518518518518517,7.593518518518522,64.66583333333335,False,True,True
twitter_2060096254034792942,unanimous_keep,sample_low_toxicity,254.0,44.0,3.0,14.666666666666666,0.023622047244094488,8.131904761904764,61.696428571428584,False,True,False
twitter_2060100192901181677,majority_remove,sample_high_toxicity,28.0,4.0,1.0,4.0,0.07142857142857142,6.620000000000001,54.72500000000002,False,False,False
twitter_2060103043576709566,unanimous_keep,sample_low_toxicity,201.0,38.0,4.0,9.5,0.029850746268656716,5.803783783783789,75.41936936936936,False,False,True
twitter_2060107082666287374,unanimous_keep,sample_low_toxicity,254.0,44.0,3.0,14.666666666666666,0.023622047244094488,8.131904761904764,61.696428571428584,False,True,True
twitter_2060116990094667871,majority_keep,sample_middle_toxicity,272.0,47.0,7.0,6.714285714285714,0.025735294117647058,3.8498480243161097,79.42000000000002,False,True,True
twitter_2060119354285449640,majority_keep,sample_low_toxicity,69.0,10.0,1.0,10.0,0.028985507246376812,10.73,35.94500000000002,False,False,False
twitter_2060121579900543325,unanimous_keep,sample_low_toxicity,234.0,37.0,4.0,9.25,0.02564102564102564,5.69107142857143,69.84517857142859,False,True,True
twitter_2060126806737555634,unanimous_keep,sample_low_toxicity,78.0,11.0,3.0,3.6666666666666665,0.05128205128205128,7.294545454545457,49.29515151515153,True,False,False
twitter_2060127270593765512,unanimous_keep,sample_low_toxicity,113.0,17.0,1.0,17.0,0.017699115044247787,11.863529411764706,40.2858823529412,True,True,True
twitter_2060128910751187135,unanimous_keep,sample_middle_toxicity,239.0,36.0,3.0,12.0,0.02092050209205021,12.430000000000003,26.13166666666669,False,True,True
twitter_2060132304178078119,majority_keep,sample_middle_toxicity,69.0,15.0,1.0,15.0,0.014492753623188406,5.884285714285717,77.81071428571428,False,True,True
twitter_2060134828335321560,majority_keep,sample_low_toxicity,198.0,32.0,4.0,8.0,0.03535353535353535,6.215000000000003,63.86250000000001,False,True,True
twitter_2060135380196741294,majority_remove,sample_high_toxicity,235.0,39.0,6.0,6.5,0.08936170212765958,4.269473684210524,75.73298245614036,False,True,True
twitter_2060138385306689823,unanimous_keep,sample_middle_toxicity,248.0,47.0,5.0,9.4,0.03225806451612903,4.201090909090912,80.61663636363639,False,True,True
twitter_2060138956537143544,unanimous_keep,sample_low_toxicity,121.0,21.0,1.0,21.0,0.03305785123966942,8.895238095238096,68.69142857142859,True,True,True
twitter_2060141114955284763,unanimous_keep,sample_middle_toxicity,71.0,12.0,1.0,12.0,0.028169014084507043,6.790000000000003,67.75500000000001,False,True,True
twitter_2060149644953272762,majority_remove,sample_low_toxicity,270.0,46.0,3.0,15.333333333333334,0.014814814814814815,8.87777777777778,58.130000000000024,False,True,True
twitter_2060154712389714412,unanimous_keep,sample_middle_toxicity,227.0,38.0,1.0,38.0,0.022026431718061675,17.133333333333336,36.34500000000003,False,True,True
twitter_2060160384355520553,majority_keep,sample_low_toxicity,104.0,18.0,2.0,9.0,0.028846153846153848,4.383823529411767,78.77220588235295,True,True,True
twitter_2060163283869413523,majority_keep,sample_middle_toxicity,74.0,11.0,1.0,11.0,0.04054054054054054,7.190000000000001,61.32500000000002,False,True,True
twitter_2060164623148757078,majority_keep,sample_low_toxicity,250.0,36.0,1.0,36.0,0.024,21.66,2.1100000000000136,False,True,True
twitter_2060166997472931971,majority_remove,sample_middle_toxicity,145.0,22.0,2.0,11.0,0.020689655172413793,12.836363636363636,22.624545454545483,False,True,True
twitter_2060170282426351957,majority_keep,sample_middle_toxicity,237.0,40.0,3.0,13.333333333333334,0.04219409282700422,9.785555555555558,56.965,False,True,True
twitter_2060179094478979438,majority_remove,sample_middle_toxicity,158.0,23.0,2.0,11.5,0.0379746835443038,11.715,27.992500000000007,False,True,True
twitter_2060183092183339183,majority_keep,sample_low_toxicity,133.0,26.0,1.0,26.0,0.03007518796992481,10.978333333333332,59.10000000000004,False,True,True
twitter_2060183766308471151,unanimous_keep,sample_low_toxicity,124.0,22.0,1.0,22.0,0.06451612903225806,10.690000000000001,57.605000000000004,True,True,True
twitter_2060186886010745336,majority_keep,sample_low_toxicity,251.0,38.0,1.0,38.0,0.01593625498007968,20.526486486486494,13.798918918918929,False,True,True
twitter_2060186958538887664,majority_keep,sample_middle_toxicity,228.0,38.0,5.0,7.6,0.03070175438596491,6.5568888888888885,60.87700000000004,True,True,True
twitter_2060188577091215777,unanimous_keep,sample_middle_toxicity,159.0,24.0,2.0,12.0,0.018867924528301886,9.416739130434784,48.032065217391334,False,True,True
twitter_2060190674214076925,unanimous_keep,sample_middle_toxicity,132.0,23.0,3.0,7.666666666666667,0.022727272727272728,5.356521739130439,70.31420289855075,True,True,True
twitter_2060191253283704940,unanimous_keep,sample_low_toxicity,143.0,24.0,3.0,8.0,0.02097902097902098,7.196666666666669,57.715,True,True,True
twitter_2060198501665910990,majority_keep,sample_middle_toxicity,277.0,58.0,1.0,58.0,0.007220216606498195,22.580350877192988,34.69578947368424,True,True,True
twitter_2060202733521576253,majority_keep,sample_low_toxicity,253.0,42.0,4.0,10.5,0.03162055335968379,7.114817073170734,62.30929878048781,False,False,True
twitter_2060206610585141461,majority_keep,sample_middle_toxicity,257.0,41.0,2.0,20.5,0.027237354085603113,12.565000000000005,40.60000000000002,False,True,True
twitter_2060213813811806386,majority_keep,sample_low_toxicity,273.0,48.0,4.0,12.0,0.029304029304029304,10.491666666666664,59.91750000000002,True,False,True
twitter_2060218650779357269,majority_remove,sample_middle_toxicity,71.0,12.0,1.0,12.0,0.028169014084507043,6.790000000000003,67.75500000000001,False,True,True
twitter_2060223322151948666,majority_keep,sample_middle_toxicity,254.0,43.0,3.0,14.333333333333334,0.023622047244094488,9.483720930232561,52.59829457364344,True,True,True
twitter_2060224349408264661,unanimous_keep,sample_middle_toxicity,180.0,29.0,2.0,14.5,0.03333333333333333,10.652777777777779,42.732500000000044,False,True,True
twitter_2060229806680121519,unanimous_keep,sample_middle_toxicity,126.0,23.0,1.0,23.0,0.0,10.978333333333332,59.10000000000004,False,False,False
twitter_2060238548067119356,unanimous_keep,sample_middle_toxicity,183.0,37.0,4.0,9.25,0.03825136612021858,3.3426470588235304,86.23691176470591,True,False,True
twitter_2060249532940579284,majority_keep,sample_low_toxicity,101.0,18.0,1.0,18.0,0.0297029702970297,9.209473684210526,62.87631578947371,False,False,True
twitter_2060253833960313052,unanimous_keep,sample_low_toxicity,275.0,53.0,1.0,53.0,0.01090909090909091,21.255384615384617,35.2896153846154,True,True,False
twitter_2060256683893403845,majority_keep,sample_low_toxicity,61.0,11.0,1.0,11.0,0.0,8.009090909090911,57.23363636363638,False,False,True
twitter_2060263201980256678,majority_keep,sample_low_toxicity,231.0,41.0,1.0,41.0,0.03896103896103896,17.240526315789477,39.13868421052632,False,True,False
twitter_2060263506025369857,unanimous_keep,sample_low_toxicity,115.0,18.0,1.0,18.0,0.017391304347826087,11.096666666666668,47.565,True,False,False
twitter_2060279658239939043,unanimous_keep,sample_middle_toxicity,58.0,12.0,1.0,12.0,0.034482758620689655,5.863636363636363,72.61545454545457,False,False,False
twitter_2060286563771093152,unanimous_keep,sample_low_toxicity,170.0,27.0,1.0,27.0,0.011764705882352941,15.480740740740742,32.163333333333355,True,True,True
twitter_2060287617204412665,unanimous_keep,sample_low_toxicity,219.0,34.0,2.0,17.0,0.0273972602739726,12.210588235294118,37.79764705882354,True,False,False
twitter_2060314832767709291,unanimous_keep,sample_middle_toxicity,252.0,40.0,3.0,13.333333333333334,0.031746031746031744,10.850000000000001,41.021666666666675,False,True,True
twitter_2060318885463679283,unanimous_keep,sample_middle_toxicity,95.0,15.0,1.0,15.0,0.021052631578947368,10.713333333333338,44.97000000000003,False,True,False
twitter_2060321710193156291,unanimous_keep,sample_low_toxicity,171.0,31.0,1.0,31.0,0.023391812865497075,14.203333333333337,46.66500000000002,False,True,False
twitter_2060326285314797840,majority_keep,sample_high_toxicity,125.0,20.0,2.0,10.0,0.016,10.73,35.94500000000002,False,True,True
twitter_2060330564490871087,unanimous_keep,sample_low_toxicity,50.0,10.0,1.0,10.0,0.02,2.4700000000000024,95.165,True,True,True
twitter_2060335843584200914,unanimous_keep,sample_low_toxicity,170.0,29.0,2.0,14.5,0.047058823529411764,13.611538461538462,43.78346153846158,True,False,False
twitter_2060343480589951260,unanimous_keep,sample_low_toxicity,118.0,20.0,1.0,20.0,0.01694915254237288,11.693684210526317,45.06578947368425,True,False,True
twitter_2060345418026811519,majority_keep,sample_low_toxicity,96.0,19.0,2.0,9.5,0.03125,2.9977777777777774,89.60000000000004,True,False,True
twitter_2060345522347549100,unanimous_keep,sample_low_toxicity,244.0,44.0,2.0,22.0,0.03278688524590164,10.536707317073173,56.03237804878049,False,False,True
twitter_2060350748353810873,majority_keep,sample_low_toxicity,221.0,31.0,3.0,10.333333333333334,0.03619909502262444,9.338620689655173,45.32678160919542,False,False,True
twitter_2060350973877641472,majority_keep,sample_low_toxicity,118.0,20.0,1.0,20.0,0.01694915254237288,11.693684210526317,45.06578947368425,True,False,True
twitter_2060352574700605772,majority_keep,sample_middle_toxicity,80.0,15.0,2.0,7.5,0.0375,2.3114285714285714,90.95857142857145,False,False,True
twitter_2060352577141657787,majority_keep,sample_middle_toxicity,102.0,20.0,1.0,20.0,0.058823529411764705,5.780000000000001,89.24500000000003,False,True,True
twitter_2060361295967228042,majority_keep,sample_middle_toxicity,256.0,24.0,1.0,24.0,0.05859375,29.806086956521742,-77.66652173913042,False,True,True
twitter_2060362498096660847,unanimous_keep,sample_low_toxicity,43.0,8.0,1.0,8.0,0.046511627906976744,3.7550000000000026,82.39000000000001,True,False,True
twitter_2060364776186757383,unanimous_keep,sample_middle_toxicity,127.0,26.0,3.0,8.666666666666666,0.047244094488188976,1.0311111111111124,103.70000000000002,False,True,True
twitter_2060368174735098250,majority_keep,sample_middle_toxicity,156.0,25.0,2.0,12.5,0.01282051282051282,10.053,45.25150000000002,False,True,True
twitter_2060372655111348336,unanimous_keep,sample_low_toxicity,188.0,37.0,2.0,18.5,0.031914893617021274,6.935909090909089,74.72386363636366,False,True,True
twitter_2060373206029275598,majority_keep,sample_low_toxicity,189.0,29.0,1.0,29.0,0.015873015873015872,16.471724137931037,28.62068965517244,True,False,False
twitter_2060375863632232502,unanimous_keep,sample_middle_toxicity,180.0,25.0,2.0,12.5,0.03888888888888889,15.400000000000002,29.180000000000007,False,True,True
twitter_2060376049435791513,unanimous_keep,sample_low_toxicity,81.0,13.0,1.0,13.0,0.037037037037037035,9.44923076923077,50.470769230769264,True,False,True
twitter_2060376366227583387,unanimous_keep,sample_low_toxicity,39.0,6.0,1.0,6.0,0.05128205128205128,8.383333333333333,45.64500000000001,True,False,True
twitter_2060385774105710828,majority_keep,sample_low_toxicity,136.0,22.0,1.0,22.0,0.029411764705882353,13.390476190476189,36.46285714285716,True,True,True
twitter_2060386143342928146,unanimous_keep,sample_middle_toxicity,131.0,22.0,1.0,22.0,0.03816793893129771,13.90818181818182,34.532272727272726,False,True,True
twitter_2060386367092203934,unanimous_keep,sample_middle_toxicity,208.0,34.0,4.0,8.5,0.057692307692307696,5.077941176470592,73.79573529411766,False,True,True
twitter_2060390403933905135,majority_remove,sample_middle_toxicity,58.0,10.0,1.0,10.0,0.034482758620689655,4.830000000000002,78.24500000000002,False,False,False
twitter_2060390711254454312,unanimous_keep,sample_middle_toxicity,123.0,20.0,2.0,10.0,0.04065040650406504,5.419999999999998,74.01500000000001,True,False,False
twitter_2060390848269844706,unanimous_keep,sample_middle_toxicity,141.0,26.0,1.0,26.0,0.014184397163120567,11.342307692307696,60.05269230769234,False,True,True
twitter_2060393127681368324,unanimous_keep,sample_middle_toxicity,264.0,41.0,4.0,10.25,0.026515151515151516,7.890714285714285,57.19178571428574,False,True,True
twitter_2060393140100767757,majority_keep,sample_middle_toxicity,152.0,25.0,2.0,12.5,0.039473684210526314,8.903695652173912,51.71032608695654,False,True,True
twitter_2060394551295029281,unanimous_keep,sample_low_toxicity,99.0,19.0,1.0,19.0,0.030303030303030304,7.818888888888889,71.06500000000001,False,False,True
twitter_2060395216801317357,majority_keep,sample_low_toxicity,53.0,9.0,3.0,3.0,0.05660377358490566,3.935555555555556,72.19000000000003,True,False,True
twitter_2060397592891032007,majority_keep,sample_middle_toxicity,258.0,46.0,6.0,7.666666666666667,0.03488372093023256,6.477222222222224,61.982500000000016,False,False,True
twitter_2060402518832673107,unanimous_keep,sample_low_toxicity,146.0,24.0,4.0,6.0,0.03424657534246575,4.94166666666667,70.32,False,True,True
twitter_2060403946406150432,unanimous_keep,sample_low_toxicity,65.0,12.0,1.0,12.0,0.0,3.84,88.905,False,True,True
twitter_2060405776808563034,majority_keep,sample_high_toxicity,130.0,22.0,2.0,11.0,0.015384615384615385,6.400000000000002,68.77000000000002,False,False,True
twitter_2060405996938297541,unanimous_keep,sample_high_toxicity,195.0,35.0,2.0,17.5,0.010256410256410256,8.092142857142857,68.21535714285717,False,True,True
twitter_2060407479054602699,majority_keep,sample_middle_toxicity,140.0,24.0,1.0,24.0,0.04285714285714286,11.22636363636364,53.759545454545474,False,True,True
twitter_2060407590849216584,unanimous_remove,sample_middle_toxicity,202.0,26.0,3.0,8.666666666666666,0.034653465346534656,14.895384615384618,11.424615384615407,False,True,True
twitter_2060413802894827713,unanimous_keep,sample_low_toxicity,99.0,21.0,2.0,10.5,0.050505050505050504,3.653333333333336,84.90000000000003,False,True,True
twitter_2060414391615393938,unanimous_keep,sample_low_toxicity,219.0,35.0,2.0,17.5,0.0228310502283105,11.126428571428573,46.461071428571444,True,False,True
twitter_2060417305813610523,majority_remove,sample_middle_toxicity,163.0,27.0,1.0,27.0,0.024539877300613498,13.984000000000002,39.33200000000002,False,True,True
twitter_2060418944947904948,majority_remove,sample_low_toxicity,61.0,11.0,1.0,11.0,0.01639344262295082,5.863636363636363,72.61545454545457,True,False,True
twitter_2060421768913793130,unanimous_keep,sample_middle_toxicity,135.0,21.0,2.0,10.5,0.044444444444444446,13.556842105263158,31.70789473684212,True,True,True
twitter_2060424756877230481,majority_keep,sample_middle_toxicity,226.0,41.0,4.0,10.25,0.035398230088495575,6.600000000000005,65.555,False,True,True
twitter_2060427431278743814,unanimous_keep,sample_low_toxicity,148.0,24.0,1.0,24.0,0.033783783783783786,14.414782608695656,32.681304347826114,True,True,False
twitter_2060428459189645746,majority_keep,sample_low_toxicity,68.0,10.0,3.0,3.3333333333333335,0.058823529411764705,9.310000000000002,34.251666666666694,False,False,True
twitter_2060428629381693754,unanimous_keep,sample_low_toxicity,158.0,25.0,3.0,8.333333333333334,0.03164556962025317,7.484000000000002,56.24866666666668,False,True,True
twitter_2060430594526302587,unanimous_keep,sample_low_toxicity,272.0,45.0,3.0,15.0,0.03676470588235294,7.562790697674419,66.37038759689926,True,True,True
twitter_2060432545599365410,unanimous_keep,sample_middle_toxicity,107.0,20.0,3.0,6.666666666666667,0.028037383177570093,1.7600000000000016,94.31833333333333,False,True,True
twitter_2060434995484008602,unanimous_keep,sample_middle_toxicity,262.0,43.0,3.0,14.333333333333334,0.011450381679389313,10.032558139534885,48.66341085271321,False,True,True
twitter_2060435017612816643,unanimous_keep,sample_low_toxicity,163.0,33.0,3.0,11.0,0.03067484662576687,5.16375,77.03958333333337,False,False,False
twitter_2060435240712053171,majority_keep,sample_middle_toxicity,277.0,47.0,2.0,23.5,0.05776173285198556,10.566956521739133,60.26826086956524,False,True,True
twitter_2060435665678942447,majority_keep,sample_low_toxicity,121.0,24.0,3.0,8.0,0.03305785123966942,0.7391304347826093,103.4185507246377,True,False,True
twitter_2060435780447633608,unanimous_keep,sample_low_toxicity,239.0,46.0,2.0,23.0,0.016736401673640166,9.457142857142859,64.66285714285716,True,False,True
twitter_2060437292343267820,majority_keep,sample_low_toxicity,169.0,25.0,1.0,25.0,0.011834319526627219,14.928,32.56400000000002,False,True,True
twitter_2060437696473137155,majority_remove,sample_low_toxicity,132.0,21.0,3.0,7.0,0.030303030303030304,6.48,60.47833333333335,False,True,True
twitter_2060445002765861315,unanimous_keep,sample_middle_toxicity,228.0,32.0,4.0,8.0,0.02631578947368421,14.646666666666672,16.77000000000001,False,True,True
twitter_2060446334490976516,majority_keep,sample_middle_toxicity,238.0,42.0,7.0,6.0,0.037815126050420166,6.3161052631578976,63.31573684210528,False,True,True
twitter_2060450480334180794,majority_keep,sample_middle_toxicity,257.0,47.0,3.0,15.666666666666666,0.023346303501945526,8.38604651162791,60.468062015503904,False,False,True
twitter_2060450805560553743,majority_keep,sample_middle_toxicity,113.0,18.0,1.0,18.0,0.08849557522123894,9.087500000000002,58.4075,False,True,True
twitter_2060451056837108220,majority_remove,sample_middle_toxicity,208.0,34.0,4.0,8.5,0.038461538461538464,7.811250000000001,53.30875,False,True,True
twitter_2060455875827880118,majority_remove,sample_middle_toxicity,73.0,11.0,1.0,11.0,0.0547945205479452,9.55,44.405,False,False,True
twitter_2060456141755208008,unanimous_keep,sample_low_toxicity,258.0,36.0,6.0,6.0,0.023255813953488372,9.038888888888891,40.94500000000002,False,True,True
twitter_2060457580401455193,unanimous_keep,sample_low_toxicity,261.0,37.0,2.0,18.5,0.011494252873563218,14.046666666666667,26.414999999999992,True,True,True
twitter_2060465207126974658,majority_keep,sample_low_toxicity,85.0,13.0,1.0,13.0,0.023529411764705882,9.44923076923077,50.470769230769264,False,False,False
twitter_2060465604407038441,majority_keep,sample_middle_toxicity,62.0,12.0,1.0,12.0,0.0,2.8566666666666656,95.955,False,True,True
twitter_2060473757425098907,majority_keep,sample_low_toxicity,220.0,31.0,1.0,31.0,0.03636363636363636,16.674193548387098,30.731290322580662,True,True,True
twitter_2060474149366124900,majority_keep,sample_low_toxicity,139.0,22.0,3.0,7.333333333333333,0.050359712230215826,12.343157894736844,17.84877192982458,True,False,False
twitter_2060475083844657292,unanimous_keep,sample_low_toxicity,235.0,32.0,1.0,32.0,0.03404255319148936,20.099999999999998,6.170000000000016,False,False,False
twitter_2060475859392196795,unanimous_keep,sample_low_toxicity,97.0,15.0,1.0,15.0,0.010309278350515464,13.073333333333338,28.05000000000001,True,True,False
twitter_2060475945568604489,majority_remove,sample_high_toxicity,144.0,23.0,7.0,3.2857142857142856,0.0625,4.684761904761903,66.81857142857146,False,True,True
twitter_2060476578212057517,majority_keep,sample_low_toxicity,62.0,9.0,1.0,9.0,0.016129032258064516,11.520000000000003,28.50000000000003,False,False,True
twitter_2060477468457234795,majority_remove,sample_low_toxicity,33.0,4.0,1.0,4.0,0.030303030303030304,18.420000000000005,-29.87499999999997,False,False,True
twitter_2060482104081989639,majority_keep,sample_middle_toxicity,157.0,22.0,1.0,22.0,0.012738853503184714,13.390476190476189,36.46285714285716,False,True,True
twitter_2060484155822035343,majority_keep,sample_middle_toxicity,70.0,10.0,2.0,5.0,0.02857142857142857,9.96,32.56000000000003,True,True,True
twitter_2060496270519603406,majority_keep,sample_high_toxicity,196.0,39.0,2.0,19.5,0.025510204081632654,7.967368421052633,71.78157894736843,False,True,True
twitter_2060498779673907487,unanimous_keep,sample_middle_toxicity,223.0,36.0,1.0,36.0,0.026905829596412557,16.411176470588234,37.960294117647095,False,True,True
twitter_2060505986129969322,majority_keep,sample_low_toxicity,140.0,23.0,1.0,23.0,0.014285714285714285,13.388695652173912,40.03782608695653,False,True,True
twitter_2060510485611720955,unanimous_keep,sample_low_toxicity,120.0,18.0,1.0,18.0,0.03333333333333333,11.752222222222223,42.86500000000001,True,True,True
twitter_2060510905251561828,unanimous_keep,sample_low_toxicity,160.0,27.0,3.0,9.0,0.025,6.540000000000003,63.01666666666668,True,True,True
twitter_2060516618711491016,unanimous_keep,sample_middle_toxicity,253.0,42.0,2.0,21.0,0.007905138339920948,11.423809523809528,50.562857142857155,False,True,True
twitter_2060527990719844776,unanimous_keep,sample_middle_toxicity,259.0,50.0,4.0,12.5,0.02702702702702703,5.803826530612245,75.27063775510206,False,True,True
twitter_2060531959634276550,unanimous_keep,sample_low_toxicity,204.0,34.0,3.0,11.333333333333334,0.029411764705882353,7.852903225806454,57.166021505376335,False,True,True
twitter_2060539450690605270,unanimous_keep,sample_low_toxicity,279.0,46.0,3.0,15.333333333333334,0.02867383512544803,8.87777777777778,58.130000000000024,False,True,True
twitter_2060544855038709988,unanimous_keep,sample_low_toxicity,71.0,15.0,2.0,7.5,0.056338028169014086,2.3114285714285714,90.95857142857145,True,False,True
twitter_2060547735053361344,majority_keep,sample_middle_toxicity,182.0,30.0,4.0,7.5,0.07692307692307693,6.619703703703706,57.22066666666669,False,False,True
twitter_2060557541227000049,majority_remove,sample_middle_toxicity,163.0,31.0,1.0,31.0,0.018404907975460124,12.236666666666668,60.76500000000003,False,True,True
twitter_2060558966627750177,unanimous_keep,sample_middle_toxicity,64.0,13.0,1.0,13.0,0.03125,2.187692307692309,102.53230769230771,False,False,True
twitter_2060564211822887352,unanimous_keep,sample_middle_toxicity,97.0,17.0,1.0,17.0,0.030927835051546393,12.037500000000005,37.25750000000002,False,True,True
twitter_2060572172532285827,unanimous_keep,sample_low_toxicity,140.0,27.0,4.0,6.75,0.03571428571428571,4.799347826086958,81.13641304347829,True,False,False
twitter_2060578723766972554,majority_keep,sample_low_toxicity,180.0,29.0,3.0,9.666666666666666,0.022222222222222223,9.338620689655173,45.32678160919542,False,True,True
twitter_2060578761922207858,unanimous_keep,sample_low_toxicity,143.0,25.0,6.0,4.166666666666667,0.04895104895104895,7.247976190476191,52.44910714285717,True,False,False
twitter_2060592337840160809,majority_remove,sample_middle_toxicity,143.0,18.0,2.0,9.0,0.11188811188811189,9.255714285714287,53.639285714285734,False,True,True
twitter_2060599494396223854,unanimous_remove,sample_high_toxicity,249.0,44.0,5.0,8.8,0.0321285140562249,5.342034883720931,75.90979651162792,False,True,True
twitter_2060601929433280962,majority_remove,sample_middle_toxicity,54.0,9.0,1.0,9.0,0.018518518518518517,6.2755555555555596,66.10000000000002,False,True,True
twitter_2060603806170145047,unanimous_keep,sample_low_toxicity,75.0,14.0,1.0,14.0,0.04,5.041428571428572,83.85357142857143,True,False,True
twitter_2060606006003192079,majority_keep,sample_middle_toxicity,278.0,49.0,1.0,49.0,0.025179856115107913,23.026122448979596,17.2510204081633,False,True,True
twitter_2060617474110882202,unanimous_keep,sample_low_toxicity,129.0,24.0,2.0,12.0,0.023255813953488372,5.312391304347827,77.45815217391308,True,True,True
twitter_2060631839015051519,majority_keep,sample_low_toxicity,273.0,47.0,2.0,23.5,0.02564102564102564,10.690000000000001,57.605000000000004,False,True,True
twitter_2060636474312188320,majority_keep,sample_low_toxicity,109.0,20.0,2.0,10.0,0.045871559633027525,5.504473684210527,72.51881578947369,True,False,False
twitter_2060638825517400319,unanimous_keep,sample_middle_toxicity,186.0,34.0,3.0,11.333333333333334,0.03225806451612903,5.949677419354842,70.81118279569893,True,True,True
twitter_2060639642899091850,majority_keep,sample_middle_toxicity,131.0,23.0,1.0,23.0,0.007633587786259542,11.336521739130436,54.750869565217414,False,True,True
twitter_2060668920344838562,majority_keep,sample_middle_toxicity,264.0,39.0,3.0,13.0,0.030303030303030304,13.382564102564103,22.270769230769275,False,True,True
twitter_2060673758700970116,unanimous_remove,sample_high_toxicity,194.0,32.0,2.0,16.0,0.05670103092783505,8.345322580645163,62.837983870967776,False,True,True
twitter_2060674540938682563,unanimous_keep,sample_low_toxicity,124.0,23.0,2.0,11.5,0.016129032258064516,6.3384782608695645,70.10163043478265,False,False,False
twitter_2060676038661955671,unanimous_keep,sample_low_toxicity,259.0,45.0,4.0,11.25,0.015444015444015444,5.841944444444444,73.21625000000003,False,False,False
twitter_2060681819008192753,unanimous_keep,sample_low_toxicity,64.0,11.0,1.0,11.0,0.03125,6.936363636363637,64.9245454545455,False,False,True
twitter_2060687735908626733,majority_remove,sample_low_toxicity,240.0,46.0,1.0,46.0,0.025,15.350000000000005,56.255000000000024,False,True,True
twitter_2060700348235321425,majority_remove,sample_middle_toxicity,104.0,14.0,2.0,7.0,0.028846153846153848,14.283333333333335,3.344999999999999,False,True,True
twitter_2060706850153107637,majority_keep,sample_middle_toxicity,158.0,24.0,2.0,12.0,0.02531645569620253,5.863636363636363,72.61545454545457,False,True,True
twitter_2060707868316213282,majority_keep,sample_low_toxicity,222.0,30.0,2.0,15.0,0.03153153153153153,11.500000000000004,39.33000000000001,False,False,True
twitter_2060708592177623356,majority_keep,sample_middle_toxicity,61.0,11.0,1.0,11.0,0.03278688524590164,9.55,44.405,True,True,False
twitter_2060711670670897503,majority_keep,sample_low_toxicity,221.0,30.0,1.0,30.0,0.03167420814479638,20.13379310344828,2.365517241379308,False,True,False
twitter_2060712444729708837,majority_keep,sample_high_toxicity,261.0,47.0,5.0,9.4,0.022988505747126436,5.184956521739132,74.27526086956524,False,True,True
twitter_2060717062062793151,unanimous_keep,sample_low_toxicity,176.0,22.0,3.0,7.333333333333333,0.03977272727272727,8.831764705882357,41.83627450980396,False,False,True
twitter_2060721245839061183,unanimous_keep,sample_middle_toxicity,169.0,28.0,3.0,9.333333333333334,0.01775147928994083,8.030555555555559,61.53250000000003,False,True,True
twitter_2060722144502329402,unanimous_keep,sample_middle_toxicity,221.0,33.0,3.0,11.0,0.02262443438914027,11.432500000000001,32.09583333333336,False,False,True
twitter_2060722914962370889,majority_remove,sample_middle_toxicity,128.0,23.0,2.0,11.5,0.0234375,6.400000000000002,68.77000000000002,False,True,True
twitter_2060724579631349855,majority_keep,sample_middle_toxicity,110.0,25.0,2.0,12.5,0.01818181818181818,2.5010000000000012,99.3955,False,False,True
twitter_2060726087995293835,unanimous_keep,sample_middle_toxicity,103.0,20.0,2.0,10.0,0.02912621359223301,7.367631578947371,59.16092105263158,False,True,True
twitter_2060726990697791579,unanimous_keep,sample_middle_toxicity,68.0,9.0,1.0,9.0,0.014705882352941176,14.142222222222227,9.700000000000017,False,True,False
twitter_2060727363814752560,unanimous_keep,sample_low_toxicity,89.0,15.0,1.0,15.0,0.033707865168539325,8.353333333333339,61.890000000000015,False,False,True
twitter_2060729413528871285,majority_keep,sample_low_toxicity,265.0,43.0,2.0,21.5,0.026415094339622643,7.818888888888889,71.06500000000001,False,False,True
twitter_2060732891835892191,majority_remove,sample_middle_toxicity,234.0,48.0,4.0,12.0,0.05982905982905983,4.793197674418604,79.84468023255816,False,True,True
twitter_2060733361740530166,majority_remove,sample_low_toxicity,242.0,37.0,2.0,18.5,0.0371900826446281,10.768888888888888,49.91500000000002,False,False,True
twitter_2060735505306652712,unanimous_keep,sample_middle_toxicity,226.0,39.0,2.0,19.5,0.022123893805309734,11.424444444444447,45.215,False,True,True
twitter_2060736713530761553,unanimous_keep,sample_low_toxicity,265.0,52.0,3.0,17.333333333333332,0.01509433962264151,6.958000000000002,74.86233333333335,True,True,False
twitter_2060750141330805068,unanimous_keep,sample_low_toxicity,241.0,37.0,1.0,37.0,0.04149377593360996,17.054838709677416,28.002258064516155,False,True,True
twitter_2060751131874111722,unanimous_keep,sample_low_toxicity,228.0,41.0,2.0,20.5,0.017543859649122806,8.958589743589744,65.56557692307695,True,True,True
twitter_2060752268169748645,majority_keep,sample_low_toxicity,37.0,7.0,1.0,7.0,0.02702702702702703,3.997142857142858,78.87285714285717,False,True,False
twitter_2060752436785303888,majority_remove,sample_middle_toxicity,166.0,28.0,3.0,9.333333333333334,0.030120481927710843,4.527407407407409,78.63333333333335,False,True,True
twitter_2060755033835401444,unanimous_keep,sample_low_toxicity,156.0,30.0,2.0,15.0,0.01282051282051282,6.38666666666667,75.99000000000002,False,True,True
twitter_2060756089310753109,unanimous_keep,sample_middle_toxicity,68.0,14.0,1.0,14.0,0.058823529411764705,7.190000000000001,61.32500000000002,False,True,True
twitter_2060757903754117210,unanimous_keep,sample_low_toxicity,73.0,12.0,1.0,12.0,0.0410958904109589,9.081818181818182,49.54272727272729,False,False,False
twitter_2060758183694446694,majority_remove,sample_middle_toxicity,107.0,16.0,3.0,5.333333333333333,0.028037383177570093,6.4025,58.65916666666669,False,True,True
twitter_2060758270881701904,unanimous_keep,sample_low_toxicity,192.0,36.0,3.0,12.0,0.036458333333333336,6.182941176470592,70.91990196078433,False,True,True
twitter_2060771585707913397,majority_keep,sample_middle_toxicity,126.0,22.0,3.0,7.333333333333333,0.03968253968253968,6.244761904761905,62.75857142857146,True,True,True
twitter_2060771935982666140,unanimous_keep,sample_low_toxicity,166.0,26.0,2.0,13.0,0.024096385542168676,9.248333333333335,50.130000000000024,True,False,False
twitter_2060778264029782163,majority_keep,sample_low_toxicity,182.0,36.0,4.0,9.0,0.07142857142857142,13.981764705882352,55.377941176470614,False,False,True
twitter_2060778578095280238,majority_remove,sample_low_toxicity,200.0,32.0,2.0,16.0,0.035,9.45625,55.763750000000016,False,False,False
twitter_2060783327376777321,majority_keep,sample_middle_toxicity,212.0,34.0,1.0,34.0,0.02358490566037736,19.092121212121217,16.958181818181828,True,True,True
twitter_2060786729624244395,unanimous_keep,sample_low_toxicity,207.0,33.0,3.0,11.0,0.03864734299516908,7.190000000000001,61.32500000000002,True,False,True
twitter_2060790561762582583,unanimous_keep,sample_low_toxicity,77.0,12.0,1.0,12.0,0.06493506493506493,8.009090909090911,57.23363636363638,False,True,False
twitter_2060799249131126921,unanimous_keep,sample_low_toxicity,171.0,23.0,1.0,23.0,0.04093567251461988,16.46695652173913,17.968260869565228,True,False,True
twitter_2060801825016512633,unanimous_keep,sample_middle_toxicity,275.0,47.0,3.0,15.666666666666666,0.04,10.18888888888889,48.73000000000002,False,True,True
twitter_2060805025644028059,unanimous_keep,sample_middle_toxicity,207.0,37.0,4.0,9.25,0.01932367149758454,6.514797297297296,64.83003378378382,True,True,True
twitter_2060805287859068951,unanimous_keep,sample_low_toxicity,128.0,21.0,1.0,21.0,0.03125,10.47529411764706,50.2388235294118,True,True,False
twitter_2060805448010227948,unanimous_keep,sample_middle_toxicity,59.0,12.0,1.0,12.0,0.0,6.790000000000003,67.75500000000001,False,False,True
twitter_2060806191224168546,unanimous_keep,sample_low_toxicity,204.0,41.0,4.0,10.25,0.04411764705882353,3.718409090909091,83.09761363636366,False,True,True
twitter_2060806724701790231,majority_keep,sample_low_toxicity,229.0,35.0,1.0,35.0,0.026200873362445413,17.816129032258065,22.544193548387113,True,True,True
twitter_2060808237427933457,majority_keep,sample_low_toxicity,52.0,8.0,1.0,8.0,0.019230769230769232,8.180000000000003,50.66500000000002,True,True,True
twitter_2060809286645690809,unanimous_keep,sample_middle_toxicity,17.0,3.0,1.0,3.0,0.058823529411764705,1.3133333333333361,90.99000000000004,False,True,False
twitter_2060809766348161530,unanimous_keep,sample_middle_toxicity,236.0,42.0,3.0,14.0,0.0423728813559322,7.633846153846157,63.486153846153854,False,True,True
twitter_2060812418993832109,unanimous_keep,sample_low_toxicity,99.0,17.0,1.0,17.0,0.030303030303030304,9.781176470588235,55.21529411764709,False,False,False
twitter_2060812848994091457,unanimous_keep,sample_middle_toxicity,50.0,10.0,1.0,10.0,0.06,3.7550000000000026,82.39000000000001,False,True,True
twitter_2060814027048047106,unanimous_keep,sample_low_toxicity,188.0,33.0,2.0,16.5,0.026595744680851064,10.00293103448276,49.17267241379312,True,False,True
twitter_2060820195287941303,majority_remove,sample_high_toxicity,46.0,8.0,1.0,8.0,0.021739130434782608,6.705000000000002,61.24000000000001,True,False,True
twitter_2060820792959545423,unanimous_keep,sample_low_toxicity,152.0,23.0,1.0,23.0,0.046052631578947366,15.440869565217394,25.32478260869567,False,True,False
twitter_2060821045737894234,majority_keep,sample_middle_toxicity,187.0,32.0,3.0,10.666666666666666,0.03208556149732621,7.981249999999999,66.33875,False,True,True
twitter_2060824656999809109,majority_keep,sample_middle_toxicity,257.0,49.0,3.0,16.333333333333332,0.019455252918287938,6.383333333333336,77.79500000000002,False,True,True
twitter_2060824795592188005,majority_keep,sample_middle_toxicity,216.0,35.0,2.0,17.5,0.046296296296296294,11.3,42.545000000000016,False,True,True
twitter_2060835371835851046,unanimous_keep,sample_middle_toxicity,5.0,1.0,1.0,1.0,0.2,8.400000000000002,36.62000000000003,True,False,True
twitter_2060839810546143572,unanimous_keep,sample_low_toxicity,246.0,40.0,2.0,20.0,0.02032520325203252,12.270000000000003,42.71500000000003,True,False,False
twitter_2060839974497341623,majority_keep,sample_low_toxicity,96.0,16.0,2.0,8.0,0.03125,5.428333333333338,69.5025,False,True,False
twitter_2060840132597436760,majority_keep,sample_middle_toxicity,103.0,18.0,1.0,18.0,0.04854368932038835,6.8750000000000036,74.27000000000001,False,True,True
twitter_2060841587467333696,majority_keep,sample_low_toxicity,54.0,12.0,1.0,12.0,0.018518518518518517,3.7181818181818187,87.99727272727276,True,True,True
twitter_2060842342978838967,majority_keep,sample_low_toxicity,244.0,38.0,1.0,38.0,0.02459016393442623,18.1721052631579,32.459736842105286,False,True,False
twitter_2060844738299785409,unanimous_keep,sample_middle_toxicity,222.0,35.0,3.0,11.666666666666666,0.03153153153153153,6.8770588235294134,65.94343137254904,True,True,True
twitter_2060846007953310102,unanimous_remove,sample_low_toxicity,212.0,29.0,3.0,9.666666666666666,0.0660377358490566,8.188181818181818,49.41893939393941,True,True,True
twitter_2060847867166605378,unanimous_keep,sample_middle_toxicity,77.0,12.0,1.0,12.0,0.025974025974025976,14.656666666666666,11.355000000000018,True,False,False
twitter_2060850243411886468,unanimous_keep,sample_low_toxicity,273.0,50.0,4.0,12.5,0.029304029304029304,5.069166666666668,80.0925,False,True,True
twitter_2060853647311769874,unanimous_keep,sample_middle_toxicity,45.0,7.0,1.0,7.0,0.022222222222222223,9.054285714285715,42.61571428571432,True,False,True
twitter_2060857810779349171,unanimous_keep,sample_low_toxicity,142.0,27.0,1.0,27.0,0.014084507042253521,11.796153846153846,56.798846153846185,False,False,False
twitter_2060861488810598803,majority_keep,sample_middle_toxicity,100.0,15.0,2.0,7.5,0.02,8.575000000000003,46.942499999999995,False,True,True
twitter_2060864102231343391,majority_keep,sample_middle_toxicity,275.0,42.0,2.0,21.0,0.02181818181818182,13.414756097560979,35.39823170731708,False,True,True
twitter_2060867895203344615,majority_keep,sample_low_toxicity,201.0,34.0,2.0,17.0,0.009950248756218905,10.47529411764706,50.2388235294118,True,False,True
twitter_2060877322337558564,majority_keep,sample_low_toxicity,254.0,41.0,8.0,5.125,0.05511811023622047,4.650000000000002,70.63000000000002,True,True,True
twitter_2060878797751148685,majority_keep,sample_low_toxicity,262.0,41.0,3.0,13.666666666666666,0.04198473282442748,8.195,60.0566666666667,True,True,False
twitter_2060879672355979576,majority_keep,sample_middle_toxicity,29.0,5.0,1.0,5.0,0.06896551724137931,0.5199999999999996,100.24000000000002,False,True,True
twitter_2060891809526558981,unanimous_keep,sample_low_toxicity,219.0,36.0,2.0,18.0,0.0593607305936073,15.591428571428576,45.61857142857143,False,True,True
twitter_2060897848560939264,majority_keep,sample_middle_toxicity,47.0,7.0,2.0,3.5,0.0425531914893617,7.689285714285713,46.1682142857143,False,True,True
twitter_2060903378792714627,unanimous_keep,sample_middle_toxicity,265.0,39.0,1.0,39.0,0.033962264150943396,23.688888888888894,-10.654999999999973,False,True,False
twitter_2060910478797222344,majority_keep,sample_low_toxicity,212.0,38.0,1.0,38.0,0.02830188679245283,15.71705882352941,42.93676470588238,True,True,True
twitter_2060910542185726371,unanimous_keep,sample_low_toxicity,95.0,16.0,1.0,16.0,0.010526315789473684,10.562500000000004,47.83250000000001,True,False,False
twitter_2060911117820457172,unanimous_keep,sample_low_toxicity,244.0,47.0,4.0,11.75,0.06967213114754098,8.985697674418606,68.93343023255817,False,True,True
twitter_2060912746674164023,majority_keep,sample_low_toxicity,78.0,12.0,1.0,12.0,0.038461538461538464,10.723333333333333,39.55500000000001,False,True,True
twitter_2060918428773539930,unanimous_keep,sample_low_toxicity,74.0,13.0,1.0,13.0,0.04054054054054054,9.44923076923077,50.470769230769264,False,False,False
twitter_2060922997108842619,majority_keep,sample_middle_toxicity,277.0,44.0,3.0,14.666666666666666,0.018050541516245487,10.243636363636366,47.74378787878791,True,True,True
twitter_2060930878126301617,majority_keep,sample_middle_toxicity,254.0,43.0,5.0,8.6,0.03937007874015748,3.9812380952380977,81.48042857142858,False,True,True
twitter_2060934355069829268,unanimous_keep,sample_middle_toxicity,278.0,46.0,3.0,15.333333333333334,0.017985611510791366,8.859565217391307,58.854275362318845,False,True,True
twitter_2060937414600773891,unanimous_keep,sample_middle_toxicity,184.0,33.0,5.0,6.6,0.03804347826086957,2.434451612903228,88.65167741935485,False,True,True
twitter_2060937553214075379,majority_remove,sample_high_toxicity,116.0,19.0,1.0,19.0,0.02586206896551724,9.785555555555558,56.965,False,False,True
twitter_2060945083415859408,majority_keep,sample_middle_toxicity,76.0,13.0,1.0,13.0,0.013157894736842105,8.756666666666668,53.655,False,True,True
twitter_2060947308586373373,majority_keep,sample_low_toxicity,88.0,17.0,2.0,8.5,0.022727272727272728,3.6897058823529427,83.74867647058825,False,True,False
twitter_2060953765268553808,majority_remove,sample_middle_toxicity,159.0,28.0,2.0,14.0,0.0440251572327044,5.408333333333335,80.33250000000004,False,True,True
twitter_2060955190614782066,majority_keep,sample_middle_toxicity,222.0,35.0,3.0,11.666666666666666,0.03153153153153153,6.8770588235294134,65.94343137254904,False,True,True
twitter_2060967434576953751,unanimous_remove,sample_high_toxicity,201.0,28.0,5.0,5.6,0.03980099502487562,11.036857142857148,25.908142857142877,False,True,True
twitter_2060988882439585866,unanimous_keep,sample_middle_toxicity,149.0,28.0,1.0,28.0,0.013422818791946308,12.421481481481482,54.09666666666669,False,True,True
twitter_2060999609732988944,majority_keep,sample_middle_toxicity,177.0,29.0,3.0,9.666666666666666,0.03389830508474576,8.460740740740743,50.433333333333366,False,True,True
twitter_2061009608307511761,majority_keep,sample_middle_toxicity,238.0,45.0,3.0,15.0,0.02100840336134454,7.293636363636363,68.8937878787879,False,True,True
twitter_2061025922933772734,unanimous_keep,sample_low_toxicity,97.0,14.0,1.0,14.0,0.020618556701030927,14.312857142857148,17.382142857142867,True,True,True
twitter_2061031033475096816,majority_keep,sample_middle_toxicity,251.0,37.0,6.0,6.166666666666667,0.09561752988047809,14.675882352941176,50.40147058823533,False,False,True
twitter_2061032441104495046,unanimous_keep,sample_low_toxicity,138.0,26.0,3.0,8.666666666666666,0.021739130434782608,5.806666666666668,74.805,True,False,True
twitter_2061038624087433709,majority_keep,sample_low_toxicity,165.0,31.0,2.0,15.5,0.030303030303030304,6.340862068965521,75.42784482758621,False,True,True
twitter_2061045166153040274,unanimous_keep,sample_low_toxicity,169.0,30.0,1.0,30.0,0.023668639053254437,13.216551724137933,51.95862068965518,False,True,True
twitter_2061049431148183667,unanimous_keep,sample_low_toxicity,200.0,35.0,2.0,17.5,0.015,8.39294117647059,65.16823529411766,True,True,False
twitter_2061052327822569537,majority_keep,sample_low_toxicity,154.0,23.0,4.0,5.75,0.11038961038961038,8.369807692307692,40.843942307692316,False,False,False
twitter_2061054560542818698,unanimous_keep,sample_low_toxicity,101.0,18.0,2.0,9.0,0.0297029702970297,4.308888888888891,80.20000000000003,False,True,True
twitter_2061059269089227167,unanimous_keep,sample_low_toxicity,34.0,5.0,2.0,2.5,0.058823529411764705,8.985000000000003,35.097500000000025,True,False,False
twitter_2061064210269024336,unanimous_keep,sample_middle_toxicity,210.0,37.0,3.0,12.333333333333334,0.05238095238095238,5.8171428571428585,74.13619047619049,True,True,True
twitter_2061064441366716419,unanimous_keep,sample_low_toxicity,94.0,16.0,2.0,8.0,0.031914893617021274,6.215000000000003,63.86250000000001,False,True,False
twitter_2061066935328973239,majority_keep,sample_low_toxicity,97.0,17.0,2.0,8.5,0.061855670103092786,5.077941176470592,73.79573529411766,True,False,False
twitter_2061070189521997965,unanimous_keep,sample_low_toxicity,279.0,40.0,1.0,40.0,0.007168458781362007,20.656315789473684,14.649210526315812,True,False,True
twitter_2061072962426409445,unanimous_keep,sample_low_toxicity,51.0,8.0,1.0,8.0,0.0196078431372549,9.655000000000001,40.09,False,False,True
twitter_2061073084216492488,unanimous_keep,sample_middle_toxicity,254.0,40.0,4.0,10.0,0.015748031496062992,11.615000000000006,29.599999999999994,False,True,True
twitter_2061074248165183724,majority_keep,sample_middle_toxicity,186.0,36.0,1.0,36.0,0.0,14.838888888888892,52.79500000000003,False,False,True
twitter_2061078361015980285,majority_remove,sample_middle_toxicity,39.0,8.0,1.0,8.0,0.05128205128205128,3.997142857142858,78.87285714285717,False,True,True
twitter_2061079336824811591,unanimous_keep,sample_middle_toxicity,155.0,31.0,3.0,10.333333333333334,0.04516129032258064,4.436666666666671,81.06500000000001,False,True,True
twitter_2061085029573304373,majority_keep,sample_low_toxicity,117.0,21.0,2.0,10.5,0.02564102564102564,6.600000000000005,65.555,False,True,True
twitter_2061085287648760234,unanimous_keep,sample_low_toxicity,248.0,40.0,3.0,13.333333333333334,0.036290322580645164,6.719999999999999,70.63166666666669,False,True,True
twitter_2061088486397301203,unanimous_keep,sample_low_toxicity,111.0,19.0,1.0,19.0,0.02702702702702703,11.863529411764706,40.2858823529412,True,False,False
twitter_2061090429966418253,majority_keep,sample_middle_toxicity,145.0,25.0,1.0,25.0,0.006896551724137931,12.568000000000001,49.48400000000001,False,True,True
twitter_2061090783814435132,unanimous_keep,sample_low_toxicity,271.0,44.0,2.0,22.0,0.02952029520295203,12.263536585365856,43.65189024390244,True,False,True
twitter_2061091048982712709,majority_keep,sample_low_toxicity,55.0,8.0,2.0,4.0,0.05454545454545454,8.094999999999999,44.150000000000006,False,True,True
twitter_2061091882038333761,majority_keep,sample_middle_toxicity,16.0,4.0,1.0,4.0,0.125,-2.2299999999999986,118.17500000000001,True,False,False
twitter_2061092151866372495,unanimous_keep,sample_middle_toxicity,48.0,11.0,1.0,11.0,0.08333333333333333,2.342222222222226,94.30000000000001,True,False,False
twitter_2061096035909353743,majority_keep,sample_middle_toxicity,86.0,14.0,1.0,14.0,0.05813953488372093,9.740000000000002,46.60500000000002,False,True,True
twitter_2061097926521422066,unanimous_keep,sample_low_toxicity,97.0,13.0,1.0,13.0,0.030927835051546393,9.740000000000002,46.60500000000002,False,False,False
twitter_2061100606400438283,unanimous_keep,sample_low_toxicity,246.0,42.0,3.0,14.0,0.032520325203252036,8.735121951219515,56.7779674796748,True,True,True
twitter_2061100837783339205,majority_keep,sample_middle_toxicity,202.0,33.0,5.0,6.6,0.024752475247524754,6.29309090909091,61.69963636363636,False,True,True
twitter_2061106535221068080,unanimous_keep,sample_low_toxicity,246.0,42.0,3.0,14.0,0.032520325203252036,8.735121951219515,56.7779674796748,True,True,True
twitter_2061108033761976347,majority_keep,sample_low_toxicity,169.0,31.0,3.0,10.333333333333334,0.023668639053254437,4.427096774193547,81.727311827957,True,True,True
twitter_2061108655496302917,unanimous_keep,sample_low_toxicity,196.0,33.0,2.0,16.5,0.015306122448979591,9.825,53.120000000000005,True,False,False
twitter_2061110867987447965,unanimous_keep,sample_low_toxicity,278.0,44.0,4.0,11.0,0.039568345323741004,10.74975609756098,42.334065040650415,True,False,False
twitter_2061111044475605133,majority_keep,sample_middle_toxicity,191.0,35.0,3.0,11.666666666666666,0.05235602094240838,6.935909090909089,74.72386363636366,False,True,True
twitter_2061111507648208971,unanimous_keep,sample_middle_toxicity,134.0,24.0,3.0,8.0,0.022388059701492536,4.8434782608695635,73.99246376811597,False,True,True
twitter_2061116480704364884,majority_keep,sample_high_toxicity,234.0,32.0,4.0,8.0,0.09829059829059829,5.098846153846157,70.08365384615385,False,True,True
twitter_2061116689186541821,unanimous_keep,sample_middle_toxicity,249.0,42.0,5.0,8.4,0.028112449799196786,7.6336190476190495,55.29471428571429,False,True,True
twitter_2061117135586287757,unanimous_remove,sample_middle_toxicity,154.0,22.0,2.0,11.0,0.01948051948051948,12.105,26.97750000000002,False,True,True
twitter_2061121742911991965,majority_keep,sample_middle_toxicity,140.0,26.0,4.0,6.5,0.05,2.5568478260869583,86.97266304347826,False,True,True
twitter_2061129864481300790,unanimous_keep,sample_middle_toxicity,216.0,34.0,1.0,34.0,0.013888888888888888,17.304242424242428,29.77636363636364,False,True,True
twitter_2061130697163538862,unanimous_keep,sample_middle_toxicity,77.0,14.0,1.0,14.0,0.012987012987012988,6.727142857142859,71.76785714285715,True,True,True
twitter_2061134689604129054,unanimous_keep,sample_low_toxicity,229.0,32.0,3.0,10.666666666666666,0.03056768558951965,8.99483870967742,48.978924731182815,True,False,False
twitter_2061136257275904182,majority_keep,sample_low_toxicity,175.0,27.0,3.0,9.0,0.022857142857142857,9.574615384615385,41.853717948717986,False,True,True
twitter_2061138122872631604,majority_keep,sample_middle_toxicity,225.0,35.0,2.0,17.5,0.008888888888888889,12.137857142857143,39.20964285714288,False,True,True
twitter_2061141671199268881,unanimous_keep,sample_low_toxicity,272.0,53.0,5.0,10.6,0.029411764705882353,4.122000000000003,83.321,False,False,True
twitter_2061141772357484740,majority_remove,sample_middle_toxicity,79.0,13.0,1.0,13.0,0.012658227848101266,11.264615384615386,37.455384615384645,False,True,True
twitter_2061143936207302806,majority_keep,sample_middle_toxicity,253.0,48.0,4.0,12.0,0.023715415019762844,11.494545454545456,51.83681818181819,False,True,True
twitter_2061149964529508688,majority_keep,sample_low_toxicity,254.0,39.0,2.0,19.5,0.031496062992125984,11.379102564102567,48.2117307692308,True,True,False
twitter_2061150034570162605,unanimous_keep,sample_low_toxicity,192.0,35.0,1.0,35.0,0.010416666666666666,17.951428571428576,28.698571428571427,False,True,True
twitter_2061152409163071909,majority_keep,sample_low_toxicity,111.0,19.0,1.0,19.0,0.02702702702702703,11.863529411764706,40.2858823529412,True,False,False
twitter_2061153477565268429,majority_keep,sample_low_toxicity,252.0,42.0,3.0,14.0,0.023809523809523808,8.412857142857145,59.68214285714288,True,False,True
twitter_2061153970018771222,majority_keep,sample_middle_toxicity,279.0,51.0,6.0,8.5,0.03225806451612903,3.7550000000000026,82.39000000000001,False,True,True
twitter_2061156972871700865,unanimous_keep,sample_high_toxicity,190.0,34.0,2.0,17.0,0.02631578947368421,5.768750000000001,82.20125,False,True,True
twitter_2061157605821542635,majority_keep,sample_middle_toxicity,280.0,40.0,1.0,40.0,0.017857142857142856,25.93526315789474,-23.198157894736795,False,True,True
twitter_2061160788186825056,majority_keep,sample_low_toxicity,208.0,35.0,2.0,17.5,0.014423076923076924,10.115000000000002,53.712500000000034,True,True,False
twitter_2061162473210679802,unanimous_keep,sample_middle_toxicity,60.0,9.0,1.0,9.0,0.016666666666666666,10.208888888888893,37.900000000000034,False,True,True
twitter_2061171692693602517,unanimous_keep,sample_low_toxicity,99.0,17.0,2.0,8.5,0.06060606060606061,4.492500000000003,77.1025,False,True,True
twitter_2061174588487160244,unanimous_keep,sample_low_toxicity,33.0,5.0,1.0,5.0,0.0,7.600000000000001,49.48000000000002,True,False,False
twitter_2061186409046663457,unanimous_keep,sample_middle_toxicity,81.0,14.0,1.0,14.0,0.037037037037037035,5.041428571428572,83.85357142857143,False,False,False
twitter_2061187028365008932,unanimous_keep,sample_low_toxicity,69.0,11.0,1.0,11.0,0.014492753623188406,6.936363636363637,64.9245454545455,True,False,False
twitter_2061187637327589616,majority_keep,sample_middle_toxicity,265.0,48.0,3.0,16.0,0.04150943396226415,7.828888888888891,65.65000000000002,False,True,True
twitter_2061189884946075943,unanimous_keep,sample_low_toxicity,115.0,20.0,1.0,20.0,0.008695652173913044,12.860000000000003,38.48500000000004,False,False,False
twitter_2061195374455341234,majority_keep,sample_middle_toxicity,60.0,12.0,2.0,6.0,0.05,-0.5722727272727273,108.96159090909092,True,False,False
twitter_2061196779509469462,majority_remove,sample_middle_toxicity,232.0,44.0,2.0,22.0,0.01293103448275862,10.421818181818185,59.527727272727276,False,True,True
twitter_2061200595600494975,majority_keep,sample_middle_toxicity,67.0,10.0,1.0,10.0,0.029850746268656716,8.89777777777778,47.30000000000004,True,True,True
twitter_2061201045942903257,majority_keep,sample_middle_toxicity,121.0,18.0,2.0,9.0,0.03305785123966942,9.553333333333335,42.60000000000002,False,True,True
twitter_2061201957881057599,unanimous_keep,sample_middle_toxicity,175.0,26.0,2.0,13.0,0.05142857142857143,9.109000000000002,52.01950000000002,True,False,True
twitter_2061203484049830038,majority_keep,sample_middle_toxicity,69.0,10.0,2.0,5.0,0.057971014492753624,9.765,33.067500000000024,False,True,True
twitter_2061204039056965880,unanimous_keep,sample_middle_toxicity,268.0,51.0,3.0,17.0,0.03731343283582089,6.629166666666666,76.0325,False,True,True
twitter_2061204173702512809,majority_keep,sample_middle_toxicity,237.0,46.0,3.0,15.333333333333334,0.02109704641350211,5.093023255813957,84.0773643410853,False,True,True
twitter_2061205562910532024,unanimous_keep,sample_low_toxicity,119.0,23.0,1.0,23.0,0.025210084033613446,10.310434782608699,62.10739130434784,False,False,False
twitter_2061208445051711640,unanimous_keep,sample_middle_toxicity,68.0,14.0,1.0,14.0,0.029411764705882353,3.0953846153846136,96.02461538461542,True,False,False
twitter_2061211979511959749,unanimous_keep,sample_middle_toxicity,88.0,16.0,2.0,8.0,0.03409090909090909,5.098846153846157,70.08365384615385,False,False,False
twitter_2061212501954502755,majority_remove,sample_middle_toxicity,170.0,32.0,1.0,32.0,0.011764705882352941,14.00967741935484,49.83451612903227,False,True,True
twitter_2061213441721876988,majority_keep,sample_low_toxicity,146.0,25.0,3.0,8.333333333333334,0.0273972602739726,7.196666666666669,57.715,True,False,False
twitter_2061214671701692785,majority_keep,sample_low_toxicity,152.0,26.0,3.0,8.666666666666666,0.02631578947368421,6.068000000000001,66.40066666666667,False,True,True
twitter_2061214715926204697,unanimous_keep,sample_middle_toxicity,216.0,43.0,4.0,10.75,0.041666666666666664,3.373353658536587,89.13368902439025,False,True,True
twitter_2061214916502007824,majority_keep,sample_low_toxicity,128.0,24.0,3.0,8.0,0.03125,4.330434782608695,77.67072463768118,True,False,False
twitter_2061217150946197977,unanimous_keep,sample_low_toxicity,125.0,20.0,2.0,10.0,0.024,6.600000000000005,65.555,True,False,False
twitter_2061219723778380164,unanimous_keep,sample_low_toxicity,72.0,13.0,1.0,13.0,0.027777777777777776,5.806666666666668,74.805,True,True,True
twitter_2061220081300869583,unanimous_remove,sample_high_toxicity,59.0,13.0,1.0,13.0,0.01694915254237288,5.818461538461541,76.50153846153849,False,False,True
twitter_2061221903252230473,unanimous_keep,sample_low_toxicity,143.0,20.0,1.0,20.0,0.02097902097902098,17.580000000000002,4.645000000000039,False,True,True
twitter_2061223343265845433,majority_keep,sample_middle_toxicity,105.0,17.0,1.0,17.0,0.009523809523809525,12.55764705882353,35.309411764705914,False,False,False
twitter_2061223699097743384,majority_keep,sample_low_toxicity,97.0,17.0,3.0,5.666666666666667,0.05154639175257732,3.452500000000004,79.80916666666668,False,True,True
twitter_2061225129435128063,majority_keep,sample_low_toxicity,73.0,13.0,2.0,6.5,0.0410958904109589,6.416666666666668,59.745000000000005,True,False,True
twitter_2061227522092589408,unanimous_keep,sample_low_toxicity,230.0,34.0,3.0,11.333333333333334,0.02608695652173913,10.694705882352945,38.57284313725492,False,True,True
twitter_2061230706408477113,unanimous_keep,sample_middle_toxicity,164.0,29.0,1.0,29.0,0.0,12.858518518518522,50.96333333333334,False,False,True
twitter_2061231010948276598,unanimous_keep,sample_middle_toxicity,95.0,18.0,1.0,18.0,0.042105263157894736,6.8750000000000036,74.27000000000001,False,False,True
twitter_2061235876802228636,unanimous_keep,sample_low_toxicity,208.0,33.0,5.0,6.6,0.052884615384615384,7.187250000000002,54.93275,True,False,True
twitter_2061236286933885018,unanimous_keep,sample_low_toxicity,254.0,49.0,3.0,16.333333333333332,0.023622047244094488,6.085957446808511,79.33333333333336,True,True,True
twitter_2061236485115002891,majority_keep,sample_middle_toxicity,201.0,31.0,2.0,15.5,0.009950248756218905,11.500000000000004,39.33000000000001,False,False,True
twitter_2061249366174937370,majority_remove,sample_middle_toxicity,170.0,30.0,4.0,7.5,0.052941176470588235,7.583240740740742,52.71708333333336,False,True,True
twitter_2061256231764017378,unanimous_keep,sample_middle_toxicity,277.0,40.0,3.0,13.333333333333334,0.06859205776173286,7.91823529411765,58.4787254901961,False,True,True
twitter_2061259839897227548,majority_keep,sample_middle_toxicity,240.0,41.0,3.0,13.666666666666666,0.020833333333333332,9.146666666666668,52.640000000000015,False,True,True
twitter_2061266085093969923,majority_keep,sample_low_toxicity,97.0,13.0,1.0,13.0,0.030927835051546393,9.740000000000002,46.60500000000002,False,False,False
twitter_2061267297096835097,unanimous_remove,sample_middle_toxicity,118.0,22.0,2.0,11.0,0.059322033898305086,6.746578947368423,63.613552631578955,False,True,True
twitter_2061273054240518531,majority_keep,sample_low_toxicity,98.0,16.0,2.0,8.0,0.02040816326530612,9.361666666666668,41.30250000000001,False,True,True
twitter_2061273075174293756,majority_remove,sample_middle_toxicity,239.0,42.0,3.0,14.0,0.02510460251046025,8.735121951219515,56.7779674796748,False,True,True
twitter_2061273316531573203,unanimous_keep,sample_middle_toxicity,235.0,41.0,3.0,13.666666666666666,0.01702127659574468,7.008292682926832,69.15845528455286,False,True,True
twitter_2061286246219931800,majority_keep,sample_middle_toxicity,69.0,13.0,2.0,6.5,0.043478260869565216,2.4833333333333343,87.94500000000002,True,True,True
twitter_2061287090168438890,unanimous_keep,sample_low_toxicity,134.0,19.0,1.0,19.0,0.007462686567164179,14.798947368421054,22.8026315789474,True,False,False
twitter_2061287844346233239,unanimous_keep,sample_low_toxicity,223.0,40.0,5.0,8.0,0.03139013452914798,4.763473684210524,74.4473157894737,True,True,True
twitter_2061291454161461337,unanimous_keep,sample_middle_toxicity,220.0,36.0,2.0,18.0,0.031818181818181815,10.115000000000002,53.712500000000034,False,True,True
twitter_2061300132675522899,unanimous_keep,sample_low_toxicity,239.0,45.0,2.0,22.5,0.03347280334728033,11.112317073170736,51.905548780487806,False,True,True
twitter_2061302972982636676,majority_keep,sample_middle_toxicity,74.0,8.0,1.0,8.0,0.04054054054054054,15.555000000000003,-2.2099999999999795,False,False,False
twitter_2061310438844068212,unanimous_keep,sample_middle_toxicity,65.0,14.0,1.0,14.0,0.015384615384615385,2.5128571428571433,101.98214285714286,False,False,False
twitter_2061314350929924446,majority_keep,sample_middle_toxicity,151.0,21.0,4.0,5.25,0.026490066225165563,11.73,19.870000000000033,False,True,True
twitter_2061316750629601344,majority_keep,sample_middle_toxicity,279.0,44.0,2.0,22.0,0.03225806451612903,13.65081395348837,35.48691860465118,False,True,True
twitter_2061320240412152002,majority_keep,sample_middle_toxicity,97.0,14.0,1.0,14.0,0.020618556701030927,13.470000000000002,23.42500000000001,False,True,True
twitter_2061322996988756133,unanimous_keep,sample_low_toxicity,192.0,24.0,3.0,8.0,0.036458333333333336,11.621666666666666,25.990000000000038,True,False,False
twitter_2061323601731793390,unanimous_keep,sample_low_toxicity,255.0,40.0,3.0,13.333333333333334,0.023529411764705882,8.490000000000002,57.94166666666669,True,False,False
twitter_2061324417712685316,unanimous_keep,sample_low_toxicity,54.0,11.0,1.0,11.0,0.037037037037037035,3.650000000000002,86.70500000000001,True,False,False
twitter_2061324795946688594,unanimous_keep,sample_middle_toxicity,256.0,46.0,7.0,6.571428571428571,0.12109375,9.081818181818182,49.54272727272729,False,True,True
twitter_2061326915772813660,unanimous_keep,sample_low_toxicity,149.0,25.0,1.0,25.0,0.020134228187919462,5.805,75.70750000000002,True,False,True
twitter_2061334155334451432,unanimous_keep,sample_low_toxicity,222.0,35.0,2.0,17.5,0.02252252252252252,10.789285714285715,48.87821428571431,True,True,False
twitter_2061337058203803876,majority_keep,sample_low_toxicity,241.0,36.0,3.0,12.0,0.012448132780082987,8.514285714285716,54.79904761904763,False,True,True
twitter_2061343897645662693,majority_keep,sample_middle_toxicity,252.0,42.0,8.0,5.25,0.03571428571428571,4.719404761904762,70.5776785714286,False,True,True
twitter_2061347183165681688,unanimous_keep,sample_low_toxicity,198.0,34.0,4.0,8.5,0.03535353535353535,7.442500000000003,55.952500000000015,True,False,True
twitter_2061347714630078885,majority_remove,sample_middle_toxicity,277.0,51.0,6.0,8.5,0.05776173285198556,3.9705102040816307,81.1417517006803,False,True,True
twitter_2061349993609678893,majority_keep,sample_low_toxicity,228.0,41.0,4.0,10.25,0.05263157894736842,4.698153846153847,75.27184615384617,True,False,True
twitter_2061353126733447232,majority_keep,sample_low_toxicity,214.0,32.0,3.0,10.666666666666666,0.04672897196261682,6.330322580645163,68.08215053763442,True,False,False
twitter_2061357181757186283,majority_keep,sample_low_toxicity,125.0,19.0,1.0,19.0,0.024,16.34111111111111,9.965000000000003,False,True,True
twitter_2061364109271077037,majority_keep,sample_low_toxicity,199.0,35.0,3.0,11.666666666666666,0.05025125628140704,6.638750000000002,66.46458333333337,True,True,True
twitter_2061368976253301167,majority_keep,sample_low_toxicity,159.0,29.0,3.0,9.666666666666666,0.025157232704402517,5.7500000000000036,70.46166666666669,True,True,False
twitter_2061373271572897968,majority_remove,sample_middle_toxicity,177.0,31.0,2.0,15.5,0.01694915254237288,8.353333333333339,61.890000000000015,True,True,True
twitter_2061377063567688185,unanimous_keep,sample_low_toxicity,158.0,25.0,3.0,8.333333333333334,0.02531645569620253,10.146666666666668,36.565,True,False,False
twitter_2061382200050975210,majority_keep,sample_low_toxicity,118.0,20.0,1.0,20.0,0.01694915254237288,11.693684210526317,45.06578947368425,True,False,False
twitter_2061385066505437485,unanimous_keep,sample_low_toxicity,142.0,24.0,2.0,12.0,0.028169014084507043,3.84,88.905,False,False,True
twitter_2061390316351984011,majority_keep,sample_low_toxicity,177.0,26.0,1.0,26.0,0.03389830508474576,16.816,19.02800000000002,True,True,True
twitter_2061392484215996758,unanimous_keep,sample_low_toxicity,242.0,35.0,2.0,17.5,0.012396694214876033,14.046666666666667,26.414999999999992,True,False,False
twitter_2061392769462018431,majority_keep,sample_middle_toxicity,227.0,34.0,3.0,11.333333333333334,0.048458149779735685,8.366666666666667,54.670000000000016,True,True,True
twitter_2061393969410392502,majority_keep,sample_middle_toxicity,233.0,37.0,2.0,18.5,0.02145922746781116,12.735555555555557,35.815,False,True,True
twitter_2061397439936925851,unanimous_keep,sample_middle_toxicity,280.0,49.0,1.0,49.0,0.025,19.846666666666668,38.265000000000015,False,True,True
twitter_2061400163101389222,majority_remove,sample_middle_toxicity,135.0,20.0,3.0,6.666666666666667,0.05185185185185185,7.070000000000004,56.248333333333335,False,False,True
twitter_2061400962523091310,unanimous_keep,sample_low_toxicity,110.0,19.0,2.0,9.5,0.01818181818181818,7.58666666666667,56.70000000000002,False,False,True
twitter_2061402461424812298,unanimous_keep,sample_middle_toxicity,215.0,31.0,4.0,7.75,0.027906976744186046,6.464758064516129,62.517137096774206,True,False,False
twitter_2061413229440467119,majority_keep,sample_high_toxicity,161.0,23.0,2.0,11.5,0.031055900621118012,9.929782608695653,44.35380434782613,False,True,True
twitter_2061414874459066406,unanimous_keep,sample_low_toxicity,100.0,15.0,3.0,5.0,0.04,5.6157142857142865,63.11261904761906,False,True,True
twitter_2061415449737437553,unanimous_keep,sample_middle_toxicity,123.0,25.0,2.0,12.5,0.016260162601626018,3.9170000000000016,89.24350000000001,True,True,True
twitter_2061416892850487406,unanimous_keep,sample_low_toxicity,37.0,5.0,1.0,5.0,0.02702702702702703,19.400000000000002,-35.11999999999995,True,True,True
twitter_2061418023739605025,unanimous_keep,sample_low_toxicity,249.0,38.0,3.0,12.666666666666666,0.03614457831325301,13.867368421052635,29.481578947368433,True,True,True
twitter_2061418049232658554,majority_keep,sample_low_toxicity,146.0,23.0,2.0,11.5,0.0273972602739726,9.857380952380954,43.09178571428572,False,True,True
twitter_2061419437496947047,unanimous_keep,sample_low_toxicity,180.0,27.0,4.0,6.75,0.027777777777777776,6.709166666666668,58.983750000000015,True,False,True
twitter_2061423119185707099,majority_remove,sample_middle_toxicity,97.0,19.0,1.0,19.0,0.010309278350515464,9.130000000000003,61.665000000000006,False,True,True
twitter_2061423216325968181,unanimous_keep,sample_low_toxicity,80.0,14.0,2.0,7.0,0.025,4.840000000000003,72.83000000000003,True,True,True
twitter_2061423942544338990,majority_remove,sample_middle_toxicity,214.0,38.0,1.0,38.0,0.03271028037383177,15.494444444444444,48.09500000000003,False,True,True
twitter_2061424654628294661,majority_keep,sample_middle_toxicity,277.0,40.0,1.0,40.0,0.05415162454873646,20.845405405405405,11.512432432432433,False,True,True
twitter_2061427131968520243,unanimous_keep,sample_low_toxicity,221.0,34.0,2.0,17.0,0.01809954751131222,13.881250000000005,24.03875000000002,True,True,True
twitter_2061428833807393105,unanimous_keep,sample_low_toxicity,99.0,16.0,2.0,8.0,0.020202020202020204,8.180000000000003,50.66500000000002,True,False,True
twitter_2061429808446205993,unanimous_keep,sample_low_toxicity,254.0,44.0,3.0,14.666666666666666,0.023622047244094488,8.131904761904764,61.696428571428584,False,True,False
twitter_2061432567740440899,unanimous_keep,sample_low_toxicity,121.0,24.0,1.0,24.0,0.04132231404958678,9.284347826086957,69.46391304347827,True,False,True
twitter_2061432666616926282,majority_keep,sample_low_toxicity,162.0,29.0,1.0,29.0,0.012345679012345678,11.984444444444446,57.23000000000002,False,False,True
twitter_2061432778659381721,unanimous_keep,sample_middle_toxicity,222.0,35.0,3.0,11.666666666666666,0.03153153153153153,6.8770588235294134,65.94343137254904,False,True,True
twitter_2061434544780095931,unanimous_keep,sample_low_toxicity,280.0,45.0,6.0,7.5,0.025,7.7883333333333375,52.58250000000001,False,True,True
twitter_2061435072880750895,unanimous_keep,sample_low_toxicity,272.0,40.0,4.0,10.0,0.022058823529411766,10.140000000000004,40.17500000000001,True,True,True
twitter_2061435112214925391,unanimous_keep,sample_low_toxicity,246.0,45.0,2.0,22.5,0.016260162601626018,12.278720930232563,45.32412790697677,True,True,True
twitter_2061435798650499262,majority_keep,sample_high_toxicity,268.0,47.0,3.0,15.666666666666666,0.026119402985074626,7.828888888888891,65.65000000000002,False,True,True
twitter_2061436098853962026,unanimous_keep,sample_low_toxicity,210.0,33.0,1.0,33.0,0.014285714285714285,18.277500000000007,21.01750000000004,False,True,True
twitter_2061436265854103718,unanimous_keep,sample_low_toxicity,254.0,36.0,3.0,12.0,0.027559055118110236,23.74060606060606,-16.369090909090886,False,True,True
twitter_2061437370470129700,majority_keep,sample_middle_toxicity,154.0,25.0,3.0,8.333333333333334,0.01948051948051948,14.414782608695656,32.681304347826114,False,True,False
twitter_2061438462876631380,unanimous_keep,sample_middle_toxicity,234.0,44.0,1.0,44.0,0.017094017094017096,17.380487804878047,43.47853658536589,False,True,True
twitter_2061440299638141369,majority_remove,sample_middle_toxicity,230.0,41.0,4.0,10.25,0.017391304347826087,6.827012195121952,64.37271341463415,False,True,True
twitter_2061440792867086786,unanimous_keep,sample_low_toxicity,224.0,42.0,3.0,14.0,0.022321428571428572,6.165238095238099,75.79642857142858,False,False,False
twitter_2061442486774432007,majority_keep,sample_middle_toxicity,267.0,43.0,3.0,14.333333333333334,0.0299625468164794,10.555,43.136666666666684,False,True,True
twitter_2061444496404168907,majority_keep,sample_middle_toxicity,190.0,32.0,3.0,10.666666666666666,0.02631578947368421,7.091612903225808,62.62408602150538,False,True,True
twitter_2061445632330465715,unanimous_keep,sample_low_toxicity,66.0,13.0,1.0,13.0,0.015151515151515152,4.91076923076923,83.0092307692308,True,True,True
twitter_2061447842632196607,unanimous_keep,sample_low_toxicity,209.0,37.0,4.0,9.25,0.03827751196172249,10.789285714285715,48.87821428571431,True,False,True
twitter_2061448164478214384,unanimous_keep,sample_low_toxicity,223.0,42.0,2.0,21.0,0.02242152466367713,9.457142857142859,64.66285714285716,False,True,True
twitter_2061448212435648941,unanimous_keep,sample_low_toxicity,152.0,25.0,1.0,25.0,0.013157894736842105,14.456,35.94800000000001,True,True,False
twitter_2061448464249024840,unanimous_keep,sample_low_toxicity,165.0,29.0,3.0,9.666666666666666,0.03636363636363636,6.2755555555555596,66.10000000000002,True,False,False
twitter_2061452521760055351,majority_remove,sample_high_toxicity,129.0,27.0,1.0,27.0,0.023255813953488372,10.501428571428573,69.64357142857145,False,True,True
twitter_2061452847384801382,unanimous_keep,sample_low_toxicity,43.0,8.0,1.0,8.0,0.023255813953488372,3.997142857142858,78.87285714285717,False,False,False
twitter_2061453414978982337,unanimous_keep,sample_low_toxicity,158.0,26.0,5.0,5.2,0.056962025316455694,4.311500000000002,75.28325000000002,False,True,True
twitter_2061453938390712430,unanimous_keep,sample_low_toxicity,52.0,7.0,1.0,7.0,0.019230769230769232,10.740000000000002,30.53000000000003,True,True,False
twitter_2061455606419243366,majority_keep,sample_middle_toxicity,207.0,36.0,3.0,12.0,0.01932367149758454,7.117777777777778,65.40500000000003,False,False,True
twitter_2061456035634659536,unanimous_keep,sample_low_toxicity,194.0,33.0,2.0,16.5,0.015463917525773196,12.037500000000005,37.25750000000002,False,True,True
twitter_2061456465110655167,majority_keep,sample_middle_toxicity,225.0,39.0,3.0,13.0,0.017777777777777778,7.671052631578949,62.625701754386,True,True,True
twitter_2061456479270453264,majority_remove,sample_middle_toxicity,153.0,24.0,2.0,12.0,0.0392156862745098,10.978333333333332,59.10000000000004,False,False,True
twitter_2061457015210467436,majority_keep,sample_high_toxicity,204.0,37.0,2.0,18.5,0.014705882352941176,9.130000000000003,61.665000000000006,False,True,True
twitter_2061458491051549114,majority_keep,sample_low_toxicity,235.0,45.0,2.0,22.5,0.01276595744680851,9.705000000000002,65.55750000000002,True,True,False
twitter_2061460380212236366,unanimous_keep,sample_low_toxicity,205.0,32.0,1.0,32.0,0.00975609756097561,17.171250000000004,28.948750000000018,True,True,False
twitter_2061461782170943708,majority_keep,sample_middle_toxicity,137.0,20.0,5.0,4.0,0.058394160583941604,6.487222222222222,56.567500000000024,False,True,True
twitter_2061462503117258959,majority_keep,sample_low_toxicity,81.0,14.0,1.0,14.0,0.024691358024691357,5.041428571428572,83.85357142857143,True,True,False
twitter_2061462615000317972,unanimous_keep,sample_middle_toxicity,238.0,43.0,1.0,43.0,0.008403361344537815,18.19727272727273,42.96590909090911,False,True,True
twitter_2061462709095330190,majority_keep,sample_low_toxicity,218.0,34.0,3.0,11.333333333333334,0.027522935779816515,9.943333333333332,41.58500000000001,True,False,False
twitter_2061463002042232917,majority_keep,sample_low_toxicity,51.0,9.0,1.0,9.0,0.0392156862745098,5.230000000000004,71.81500000000001,False,False,False
twitter_2061464874677325928,unanimous_keep,sample_low_toxicity,173.0,30.0,2.0,15.0,0.03468208092485549,13.29555555555556,47.83000000000001,False,True,False
twitter_2061466289613541635,majority_keep,sample_middle_toxicity,219.0,37.0,5.0,7.4,0.0273972602739726,9.188571428571429,49.96476190476193,True,True,True
twitter_2061467874120679813,unanimous_keep,sample_low_toxicity,67.0,12.0,2.0,6.0,0.04477611940298507,3.4666666666666686,80.89500000000001,True,False,False
twitter_2061468816266117314,unanimous_keep,sample_middle_toxicity,244.0,40.0,3.0,13.333333333333334,0.028688524590163935,11.264615384615386,37.455384615384645,False,True,True
twitter_2061468948592460204,majority_keep,sample_middle_toxicity,178.0,28.0,3.0,9.333333333333334,0.02247191011235955,9.121428571428574,46.290238095238124,False,False,True
twitter_2061469766632530431,unanimous_keep,sample_middle_toxicity,79.0,11.0,2.0,5.5,0.02531645569620253,8.009545454545457,47.434318181818185,True,True,True
twitter_2061470388702376129,unanimous_keep,sample_low_toxicity,145.0,25.0,2.0,12.5,0.04827586206896552,7.773333333333333,60.70500000000001,False,True,True
twitter_2061470710275387697,majority_remove,sample_middle_toxicity,278.0,43.0,4.0,10.75,0.046762589928057555,7.890714285714285,57.19178571428574,False,True,True
twitter_2061471278343819431,majority_keep,sample_middle_toxicity,207.0,34.0,1.0,34.0,0.033816425120772944,17.10529411764706,32.98382352941181,False,True,True
twitter_2061471565439451569,unanimous_keep,sample_middle_toxicity,232.0,37.0,1.0,37.0,0.021551724137931036,17.788888888888888,31.64500000000004,False,True,True
twitter_2061471721769615564,unanimous_keep,sample_middle_toxicity,255.0,42.0,1.0,42.0,0.03529411764705882,17.95609756097561,39.351707317073206,False,True,True
twitter_2061471806045687921,majority_keep,sample_low_toxicity,225.0,36.0,1.0,36.0,0.022222222222222223,15.3275,42.16750000000002,False,True,True
twitter_2061472652334694864,majority_keep,sample_low_toxicity,178.0,30.0,3.0,10.0,0.02247191011235955,6.4033333333333395,66.965,True,False,True
twitter_2061472760719614146,majority_keep,sample_middle_toxicity,253.0,41.0,7.0,5.857142857142857,0.03557312252964427,4.537669172932336,72.19868421052632,False,True,True
twitter_2061473448946250097,majority_keep,sample_low_toxicity,210.0,33.0,4.0,8.25,0.02857142857142857,9.890564516129036,37.95584677419356,False,True,True
twitter_2061473931371139137,unanimous_keep,sample_low_toxicity,249.0,40.0,3.0,13.333333333333334,0.040160642570281124,8.60263157894737,55.94675438596494,False,False,False
twitter_2061474360452317677,majority_keep,sample_middle_toxicity,53.0,9.0,1.0,9.0,0.0,7.58666666666667,56.70000000000002,False,False,False
twitter_2061475681226121270,majority_keep,sample_low_toxicity,89.0,17.0,2.0,8.5,0.033707865168539325,9.087500000000002,58.4075,False,True,True
twitter_2061475899539636271,unanimous_keep,sample_low_toxicity,195.0,27.0,1.0,27.0,0.02564102564102564,18.232000000000003,8.876000000000005,True,False,False
twitter_2061476384006967756,majority_keep,sample_low_toxicity,81.0,15.0,1.0,15.0,0.037037037037037035,6.727142857142859,71.76785714285715,True,False,False
twitter_2061476819757330924,majority_remove,sample_middle_toxicity,67.0,10.0,2.0,5.0,0.029850746268656716,6.420000000000002,57.940000000000026,False,True,True
twitter_2061477646731493524,unanimous_keep,sample_low_toxicity,109.0,20.0,1.0,20.0,0.027522935779816515,8.588421052631581,67.32894736842107,False,False,False
twitter_2061477887715213396,unanimous_keep,sample_low_toxicity,172.0,30.0,1.0,30.0,0.023255813953488372,13.872857142857146,45.4721428571429,True,False,True
twitter_2061477892706439476,unanimous_keep,sample_low_toxicity,231.0,35.0,3.0,11.666666666666666,0.021645021645021644,9.653529411764708,46.037549019607866,False,False,True
twitter_2061477910364532774,majority_keep,sample_low_toxicity,191.0,33.0,3.0,11.0,0.020942408376963352,6.270000000000003,69.10833333333336,True,False,False
twitter_2061477973220335819,majority_keep,sample_low_toxicity,250.0,39.0,2.0,19.5,0.012,12.589358974358976,39.53480769230771,True,False,True
twitter_2061479124078575784,unanimous_keep,sample_low_toxicity,207.0,33.0,3.0,11.0,0.024154589371980676,9.220000000000002,47.95833333333337,True,False,False
twitter_2061479139207442913,unanimous_remove,sample_middle_toxicity,42.0,5.0,1.0,5.0,0.047619047619047616,14.68,-1.2799999999999727,False,False,True
twitter_2061479497895993622,unanimous_keep,sample_low_toxicity,114.0,13.0,1.0,13.0,0.043859649122807015,11.91,27.485000000000014,True,True,False
twitter_2061479572202209520,majority_keep,sample_low_toxicity,220.0,33.0,4.0,8.25,0.02727272727272727,10.869924242424247,31.82488636363638,True,True,True
twitter_2061481017198682249,unanimous_keep,sample_low_toxicity,266.0,38.0,2.0,19.0,0.02631578947368421,14.48842105263158,25.028947368421086,False,True,True
twitter_2061481354320019900,majority_keep,sample_middle_toxicity,196.0,29.0,3.0,9.666666666666666,0.025510204081632654,7.435714285714287,58.37595238095241,False,True,True
twitter_2061483850782609452,majority_keep,sample_middle_toxicity,269.0,50.0,5.0,10.0,0.03717472118959108,4.3580000000000005,81.629,False,True,True
twitter_2061484264978575823,unanimous_keep,sample_low_toxicity,159.0,30.0,1.0,30.0,0.025157232704402517,13.416666666666668,52.305000000000035,True,True,True
twitter_2061484925778366888,majority_keep,sample_middle_toxicity,185.0,31.0,1.0,31.0,0.03783783783783784,15.480740740740742,32.163333333333355,False,False,True
twitter_2061485451228106872,unanimous_keep,sample_low_toxicity,134.0,24.0,2.0,12.0,0.04477611940298507,-0.5727272727272705,118.76090909090911,True,True,True
twitter_2061486632432197643,majority_remove,sample_middle_toxicity,77.0,12.0,2.0,6.0,0.05194805194805195,6.790000000000003,67.75500000000001,False,True,True
twitter_2061486778654097672,majority_keep,sample_middle_toxicity,219.0,37.0,5.0,7.4,0.0273972602739726,9.188571428571429,49.96476190476193,False,True,True
twitter_2061489029950910977,unanimous_keep,sample_middle_toxicity,95.0,14.0,1.0,14.0,0.010526315789473684,13.470000000000002,23.42500000000001,False,False,False
twitter_2061489105381331339,unanimous_keep,sample_middle_toxicity,160.0,29.0,2.0,14.5,0.03125,7.96844827586207,63.75887931034484,False,True,True
twitter_2061490140950716746,majority_keep,sample_middle_toxicity,141.0,20.0,2.0,10.0,0.0425531914893617,13.09,19.025000000000006,False,True,True
twitter_2061491430716219660,majority_keep,sample_middle_toxicity,263.0,40.0,5.0,8.0,0.034220532319391636,8.770000000000003,46.435,False,True,True
twitter_2061493148044366263,unanimous_keep,sample_low_toxicity,150.0,22.0,2.0,11.0,0.04666666666666667,8.545454545454547,53.388181818181835,True,False,True
twitter_2061493566430482496,unanimous_keep,sample_middle_toxicity,252.0,46.0,4.0,11.5,0.027777777777777776,7.289047619047622,67.73928571428571,False,True,True
twitter_2061493873499640114,majority_keep,sample_low_toxicity,210.0,34.0,3.0,11.333333333333334,0.02857142857142857,7.472258064516129,59.89505376344087,True,False,True
twitter_2061494752780939642,majority_keep,sample_low_toxicity,110.0,21.0,1.0,21.0,0.045454545454545456,7.771428571428572,76.74857142857144,False,True,True
twitter_2061495233393631526,unanimous_keep,sample_middle_toxicity,207.0,33.0,2.0,16.5,0.01932367149758454,11.390483870967746,41.005725806451636,True,True,True
twitter_2061495821007229121,unanimous_keep,sample_middle_toxicity,256.0,49.0,5.0,9.8,0.0234375,8.544545454545453,72.9868181818182,False,True,True
twitter_2061495979669344639,unanimous_keep,sample_low_toxicity,145.0,25.0,3.0,8.333333333333334,0.034482758620689655,10.500000000000004,55.40500000000003,True,True,True
twitter_2061496609129848931,majority_keep,sample_middle_toxicity,237.0,38.0,1.0,38.0,0.029535864978902954,19.25081081081081,22.944864864864854,False,True,True
twitter_2061496839216529854,unanimous_keep,sample_low_toxicity,223.0,38.0,1.0,38.0,0.02242152466367713,17.133333333333336,36.34500000000003,True,True,True
twitter_2061497283984888293,majority_keep,sample_low_toxicity,140.0,22.0,1.0,22.0,0.014285714285714285,14.514285714285716,28.40571428571431,False,True,True
twitter_2061498615227625951,majority_remove,sample_low_toxicity,265.0,41.0,4.0,10.25,0.033962264150943396,9.845000000000002,42.29000000000002,False,False,True
twitter_2061499626788991052,unanimous_keep,sample_low_toxicity,236.0,39.0,3.0,13.0,0.029661016949152543,11.225405405405407,36.549099099099095,False,True,False
twitter_2061500625360142703,unanimous_keep,sample_low_toxicity,242.0,35.0,3.0,11.666666666666666,0.024793388429752067,11.942424242424245,29.03363636363639,True,True,False
twitter_2061501409065894136,majority_keep,sample_middle_toxicity,277.0,49.0,1.0,49.0,0.018050541516245487,19.27,35.27500000000002,False,False,True
twitter_2061501762754756943,majority_remove,sample_middle_toxicity,197.0,32.0,1.0,32.0,0.05583756345177665,16.065,36.880000000000024,False,True,True
twitter_2061502284031283600,unanimous_keep,sample_low_toxicity,74.0,13.0,2.0,6.5,0.05405405405405406,4.450000000000003,73.84500000000001,False,False,False
twitter_2061503409417552277,majority_keep,sample_low_toxicity,97.0,15.0,2.0,7.5,0.030927835051546393,8.211428571428574,48.65857142857146,False,True,True
twitter_2061504370450248175,unanimous_keep,sample_middle_toxicity,186.0,26.0,5.0,5.2,0.10752688172043011,8.544,42.712000000000046,False,False,True
twitter_2061504991550931364,unanimous_keep,sample_low_toxicity,252.0,48.0,4.0,12.0,0.05952380952380952,9.705000000000002,65.55750000000002,False,True,True
twitter_2061504996642816139,unanimous_keep,sample_middle_toxicity,188.0,28.0,2.0,14.0,0.06382978723404255,9.341666666666669,52.13250000000002,True,True,True
twitter_2061507149574951112,unanimous_keep,sample_low_toxicity,252.0,37.0,3.0,12.333333333333334,0.047619047619047616,9.375483870967745,46.24989247311828,True,True,True
twitter_2061507553222107277,majority_keep,sample_middle_toxicity,246.0,46.0,1.0,46.0,0.0040650406504065045,19.79111111111111,33.320000000000036,False,False,True
twitter_2061507754666189157,majority_remove,sample_high_toxicity,140.0,22.0,1.0,22.0,0.007142857142857143,16.053636363636368,19.15045454545455,False,True,True
twitter_2061507833602928803,majority_remove,sample_middle_toxicity,108.0,16.0,1.0,16.0,0.05555555555555555,6.780000000000001,73.17000000000003,False,True,True
twitter_2061509768963842440,unanimous_keep,sample_low_toxicity,224.0,31.0,5.0,6.2,0.022321428571428572,8.90541935483871,42.2581290322581,True,False,False
twitter_2061510392212529172,unanimous_keep,sample_low_toxicity,206.0,25.0,4.0,6.25,0.019417475728155338,12.807500000000005,14.371250000000003,True,False,False
twitter_2061511616223445480,unanimous_keep,sample_middle_toxicity,194.0,29.0,2.0,14.5,0.02577319587628866,10.409827586206898,46.2554310344828,False,True,True
twitter_2061513964308345235,majority_remove,sample_middle_toxicity,264.0,42.0,4.0,10.5,0.030303030303030304,4.883421052631579,76.97144736842105,False,True,True
twitter_2061514289870000591,unanimous_keep,sample_low_toxicity,178.0,29.0,2.0,14.5,0.028089887640449437,8.78224137931035,57.92439655172416,True,False,False
twitter_2061516653746352187,unanimous_keep,sample_low_toxicity,162.0,30.0,2.0,15.0,0.043209876543209874,7.561551724137935,66.67612068965518,True,True,True
twitter_2061518814613782857,majority_keep,sample_middle_toxicity,249.0,47.0,5.0,9.4,0.024096385542168676,5.184956521739132,74.27526086956524,False,True,True
twitter_2061519977262231706,majority_remove,sample_middle_toxicity,241.0,39.0,2.0,19.5,0.03319502074688797,12.407777777777778,38.16500000000002,False,True,True
twitter_2061521903311823144,majority_keep,sample_low_toxicity,166.0,29.0,2.0,14.5,0.030120481927710843,8.412857142857145,59.68214285714288,True,False,True
twitter_2061521975747445230,unanimous_keep,sample_low_toxicity,95.0,18.0,2.0,9.0,0.06315789473684211,4.191153846153846,76.59134615384617,True,True,True
twitter_2061522371891393004,unanimous_keep,sample_middle_toxicity,106.0,17.0,2.0,8.5,0.02830188679245283,8.917500000000004,45.377500000000026,False,True,True
twitter_2061522834820829620,majority_keep,sample_middle_toxicity,126.0,23.0,2.0,11.5,0.03968253968253968,7.988684210526319,54.70828947368423,False,True,True
twitter_2061523174458540210,unanimous_keep,sample_middle_toxicity,64.0,10.0,2.0,5.0,0.03125,7.600000000000001,49.48000000000002,False,True,True
twitter_2061523424355275156,unanimous_keep,sample_low_toxicity,239.0,35.0,2.0,17.5,0.02510460251046025,12.475000000000001,36.79250000000002,True,True,True
twitter_2061523963071864965,unanimous_keep,sample_low_toxicity,235.0,38.0,3.0,12.666666666666666,0.01702127659574468,8.35513513513514,57.12747747747747,False,False,False
twitter_2061524380115464597,unanimous_keep,sample_low_toxicity,46.0,7.0,1.0,7.0,0.0,9.054285714285715,42.61571428571432,True,False,False
twitter_2061524543286452699,unanimous_keep,sample_low_toxicity,236.0,38.0,3.0,12.666666666666666,0.025423728813559324,11.71689189189189,44.00885135135138,True,True,False
twitter_2061524657560252680,unanimous_keep,sample_low_toxicity,234.0,36.0,2.0,18.0,0.02564102564102564,11.800714285714285,41.626785714285745,True,False,False
twitter_2061525682480447868,majority_keep,sample_middle_toxicity,194.0,33.0,3.0,11.0,0.015463917525773196,5.901250000000001,71.75208333333336,False,True,True
twitter_2061526476034355283,unanimous_keep,sample_low_toxicity,57.0,11.0,2.0,5.5,0.08771929824561403,2.342222222222226,94.30000000000001,False,True,True
twitter_2061527275791880332,unanimous_keep,sample_middle_toxicity,264.0,52.0,5.0,10.4,0.03409090909090909,3.6585882352941184,86.99964705882353,False,True,True
twitter_2061528144314601497,majority_remove,sample_high_toxicity,134.0,26.0,1.0,26.0,0.0,10.208000000000002,66.40400000000001,False,False,True
twitter_2061528539128648031,unanimous_keep,sample_middle_toxicity,179.0,33.0,3.0,11.0,0.03910614525139665,3.2851612903225806,89.91440860215054,False,True,True
twitter_2061529349250253260,unanimous_keep,sample_low_toxicity,107.0,21.0,2.0,10.5,0.028037383177570093,3.0599999999999987,90.935,False,True,True
twitter_2061530700633833774,unanimous_keep,sample_middle_toxicity,246.0,35.0,3.0,11.666666666666666,0.04065040650406504,13.665000000000003,22.917500000000018,True,True,True
twitter_2061531894299369582,majority_remove,sample_middle_toxicity,277.0,46.0,1.0,46.0,0.036101083032490974,21.332608695652173,24.049347826086972,False,True,True
twitter_2061532824813936853,unanimous_keep,sample_low_toxicity,275.0,48.0,4.0,12.0,0.02909090909090909,7.069095744680851,65.30875,True,True,False
twitter_2061532971732263114,majority_remove,sample_middle_toxicity,77.0,12.0,1.0,12.0,0.012987012987012988,8.756666666666668,53.655,False,True,True
twitter_2061533564051616039,majority_keep,sample_middle_toxicity,150.0,24.0,2.0,12.0,0.07333333333333333,4.238333333333333,83.37750000000003,False,True,True
twitter_2061535437328355703,unanimous_keep,sample_middle_toxicity,205.0,31.0,3.0,10.333333333333334,0.03414634146341464,7.852903225806454,57.166021505376335,False,True,True
twitter_2061536095054041500,majority_keep,sample_middle_toxicity,211.0,42.0,4.0,10.5,0.04265402843601896,4.812378048780488,78.81661585365856,False,True,True
twitter_2061536446180438205,unanimous_keep,sample_middle_toxicity,133.0,21.0,3.0,7.0,0.06015037593984962,4.559047619047622,74.84428571428573,False,True,True
twitter_2061536499137761580,majority_keep,sample_middle_toxicity,121.0,22.0,3.0,7.333333333333333,0.03305785123966942,6.806666666666668,58.73000000000002,True,False,True
twitter_2061537355740188783,unanimous_keep,sample_low_toxicity,196.0,37.0,2.0,18.5,0.03571428571428571,9.130000000000003,61.665000000000006,True,False,True
twitter_2061538317842157780,unanimous_keep,sample_low_toxicity,150.0,21.0,2.0,10.5,0.04,10.690909090909091,38.00636363636366,True,False,True
twitter_2061538553151230251,unanimous_keep,sample_low_toxicity,270.0,46.0,4.0,11.5,0.02962962962962963,7.811802325581397,58.202819767441895,False,True,True
twitter_2061539084825207005,unanimous_keep,sample_low_toxicity,219.0,32.0,4.0,8.0,0.0410958904109589,9.655000000000001,40.09,True,True,True
twitter_2061539103053849020,unanimous_keep,sample_middle_toxicity,112.0,19.0,2.0,9.5,0.0625,3.653333333333336,84.90000000000003,False,False,True
twitter_2061539132615098504,unanimous_keep,sample_middle_toxicity,224.0,43.0,1.0,43.0,0.026785714285714284,17.36619047619047,45.362142857142885,True,False,True
twitter_2061539702881079788,majority_keep,sample_middle_toxicity,268.0,43.0,1.0,43.0,0.0037313432835820895,21.486976744186048,17.59930232558142,False,True,True
twitter_2061539866786005010,unanimous_keep,sample_middle_toxicity,42.0,8.0,1.0,8.0,0.023809523809523808,7.368571428571428,54.70142857142861,False,True,True
twitter_2061541440388243817,majority_keep,sample_middle_toxicity,108.0,16.0,1.0,16.0,0.027777777777777776,13.5125,26.682500000000005,False,True,True
twitter_2061542737720099035,majority_keep,sample_middle_toxicity,44.0,7.0,1.0,7.0,0.022727272727272728,5.682857142857145,66.7871428571429,False,True,False
twitter_2061543307449123204,unanimous_keep,sample_middle_toxicity,170.0,30.0,2.0,15.0,0.023529411764705882,7.173333333333336,70.35000000000002,True,True,True
twitter_2061543605030760840,unanimous_keep,sample_low_toxicity,56.0,11.0,1.0,11.0,0.017857142857142856,6.010000000000002,69.78500000000001,False,False,True
twitter_2061543837730832512,majority_keep,sample_middle_toxicity,130.0,19.0,4.0,4.75,0.03076923076923077,7.378289473684212,50.6242763157895,False,True,True
twitter_2061544496442052989,unanimous_keep,sample_low_toxicity,149.0,25.0,3.0,8.333333333333334,0.04697986577181208,5.869565217391308,66.63594202898551,True,False,False
twitter_2061544617795801480,majority_keep,sample_low_toxicity,195.0,28.0,6.0,4.666666666666667,0.03076923076923077,11.906538461538464,21.27596153846156,False,True,False
twitter_2061544960726303109,majority_remove,sample_high_toxicity,87.0,19.0,1.0,19.0,0.022988505747126436,5.483157894736845,89.5921052631579,False,True,True
twitter_2061545662307561682,unanimous_keep,sample_middle_toxicity,280.0,52.0,1.0,52.0,0.007142857142857143,22.347058823529412,25.681764705882387,False,True,True
twitter_2061546008685727902,unanimous_keep,sample_low_toxicity,135.0,19.0,1.0,19.0,0.02962962962962963,14.798947368421054,22.8026315789474,False,True,False
twitter_2061547420748578936,unanimous_keep,sample_low_toxicity,82.0,12.0,1.0,12.0,0.024390243902439025,9.740000000000002,46.60500000000002,True,False,True
twitter_2061548323366953038,unanimous_keep,sample_middle_toxicity,147.0,26.0,2.0,13.0,0.034013605442176874,6.749000000000002,68.93950000000002,True,True,True
twitter_2061549070464999793,unanimous_keep,sample_low_toxicity,216.0,38.0,1.0,38.0,0.041666666666666664,14.183333333333334,57.49500000000003,True,True,True
twitter_2061551144019657128,unanimous_keep,sample_middle_toxicity,58.0,12.0,1.0,12.0,0.017241379310344827,5.863636363636363,72.61545454545457,False,False,True
twitter_2061551170833858997,unanimous_keep,sample_low_toxicity,235.0,40.0,2.0,20.0,0.02127659574468085,11.07263157894737,49.518421052631595,False,True,True
twitter_2061551986781069482,majority_keep,sample_middle_toxicity,71.0,13.0,1.0,13.0,0.014084507042253521,6.726153846153846,69.99384615384618,False,False,True
twitter_2061553200524599340,unanimous_keep,sample_middle_toxicity,235.0,38.0,4.0,9.5,0.03404255319148936,7.988684210526319,54.70828947368423,False,True,True
twitter_2061553393869443128,majority_keep,sample_middle_toxicity,149.0,22.0,2.0,11.0,0.04697986577181208,15.07619047619048,24.3771428571429,False,True,True
twitter_2061553395043832298,unanimous_keep,sample_low_toxicity,244.0,41.0,4.0,10.25,0.028688524590163935,7.190000000000001,61.32500000000002,True,False,True
twitter_2061553429034467653,unanimous_keep,sample_low_toxicity,78.0,12.0,1.0,12.0,0.01282051282051282,11.706666666666667,32.504999999999995,True,True,True
twitter_2061553552896483343,majority_keep,sample_middle_toxicity,91.0,15.0,2.0,7.5,0.04395604395604396,8.211428571428574,48.65857142857146,False,True,True
twitter_2061554055978311844,majority_remove,sample_high_toxicity,164.0,30.0,2.0,15.0,0.024390243902439025,8.74666666666667,59.07000000000002,False,True,True
twitter_2061554111032730017,majority_keep,sample_low_toxicity,105.0,16.0,6.0,2.6666666666666665,0.06666666666666667,8.07714285714286,41.309523809523824,True,False,True
twitter_2061554920180891977,unanimous_keep,sample_middle_toxicity,231.0,37.0,5.0,7.4,0.025974025974025976,12.3,26.470000000000027,False,True,True
twitter_2061555941875601534,unanimous_keep,sample_low_toxicity,154.0,17.0,2.0,8.5,0.07792207792207792,17.416470588235295,0.47411764705884707,True,False,False
twitter_2061556509344186830,unanimous_keep,sample_low_toxicity,265.0,45.0,1.0,45.0,0.026415094339622643,20.546341463414638,20.780975609756126,False,True,True
twitter_2061557003822956603,unanimous_remove,sample_middle_toxicity,152.0,35.0,3.0,11.666666666666666,0.05921052631578947,1.8450000000000024,100.83333333333336,False,True,True
twitter_2061557742591226239,majority_keep,sample_middle_toxicity,147.0,27.0,2.0,13.5,0.08163265306122448,4.91076923076923,83.0092307692308,False,False,True
twitter_2061558164852482284,unanimous_keep,sample_low_toxicity,63.0,12.0,1.0,12.0,0.031746031746031744,3.84,88.905,True,True,True
twitter_2061558316703072725,majority_remove,sample_low_toxicity,250.0,38.0,3.0,12.666666666666666,0.028,8.913157894736845,53.72043859649125,False,True,True
twitter_2061558904975217053,unanimous_keep,sample_low_toxicity,179.0,33.0,3.0,11.0,0.03910614525139665,8.78224137931035,57.92439655172416,True,True,True
twitter_2061559005034479762,unanimous_keep,sample_middle_toxicity,76.0,13.0,1.0,13.0,0.013157894736842105,8.756666666666668,53.655,False,True,True
twitter_2061559520069898643,majority_remove,sample_middle_toxicity,142.0,27.0,3.0,9.0,0.09859154929577464,10.823478260869567,58.429130434782635,False,True,True
twitter_2061559756838318425,majority_remove,sample_middle_toxicity,123.0,27.0,2.0,13.5,0.07317073170731707,2.2341304347826103,99.52771739130438,False,False,True
twitter_2061560226629714094,majority_remove,sample_middle_toxicity,127.0,22.0,3.0,7.333333333333333,0.031496062992125984,4.970000000000002,72.49166666666669,False,True,True
twitter_2061560375343009911,unanimous_keep,sample_low_toxicity,77.0,10.0,1.0,10.0,0.05194805194805195,14.142222222222227,9.700000000000017,False,True,True
twitter_2061560732726985172,majority_keep,sample_low_toxicity,158.0,27.0,2.0,13.5,0.012658227848101266,7.156481481481482,67.79916666666671,False,True,True
twitter_2061560769095819511,majority_keep,sample_middle_toxicity,99.0,16.0,1.0,16.0,0.0,13.5125,26.682500000000005,True,True,True
twitter_2061561360157204970,majority_keep,sample_middle_toxicity,33.0,6.0,1.0,6.0,0.0,4.450000000000003,73.84500000000001,False,False,False
twitter_2061561579037159919,majority_remove,sample_middle_toxicity,93.0,16.0,3.0,5.333333333333333,0.03225806451612903,4.453333333333337,72.04000000000002,False,True,True
twitter_2061562364852384103,majority_keep,sample_middle_toxicity,217.0,33.0,3.0,11.0,0.03225806451612903,8.009090909090911,57.23363636363638,True,True,True
twitter_2061562921373618283,majority_keep,sample_low_toxicity,219.0,38.0,4.0,9.5,0.0273972602739726,8.101111111111113,58.35500000000002,False,True,True
twitter_2061563285221019714,majority_keep,sample_high_toxicity,83.0,12.0,2.0,6.0,0.07228915662650602,3.7186363636363637,78.19795454545455,False,True,True
twitter_2061564080792494417,majority_keep,sample_low_toxicity,55.0,9.0,1.0,9.0,0.01818181818181818,8.89777777777778,47.30000000000004,False,True,True
twitter_2061565214529630679,majority_keep,sample_middle_toxicity,112.0,17.0,1.0,17.0,0.026785714285714284,11.169411764705881,45.26235294117649,False,True,True
twitter_2061566407058337905,majority_keep,sample_low_toxicity,203.0,33.0,3.0,11.0,0.029556650246305417,9.15666666666667,47.22500000000002,False,False,True
twitter_2061567089517961656,majority_keep,sample_middle_toxicity,183.0,35.0,2.0,17.5,0.0273224043715847,7.4178571428571445,73.04964285714289,False,True,True
twitter_2061567417307091320,majority_keep,sample_low_toxicity,65.0,12.0,2.0,6.0,0.03076923076923077,2.4833333333333343,87.94500000000002,True,False,True
twitter_2061568181806723538,unanimous_keep,sample_low_toxicity,195.0,33.0,1.0,33.0,0.035897435897435895,15.776666666666667,35.38500000000002,False,True,True
twitter_2061568324186632424,unanimous_keep,sample_middle_toxicity,54.0,11.0,1.0,11.0,0.037037037037037035,8.370000000000001,52.86500000000001,False,True,False
twitter_2061568507087622370,unanimous_keep,sample_low_toxicity,190.0,30.0,3.0,10.0,0.031578947368421054,4.641666666666666,75.14250000000001,True,False,False
twitter_2061568649367023949,unanimous_keep,sample_low_toxicity,207.0,36.0,2.0,18.0,0.03864734299516908,16.231515151515154,37.46727272727276,True,True,False
twitter_2061569049780466016,unanimous_keep,sample_low_toxicity,203.0,33.0,5.0,6.6,0.034482758620689655,5.630000000000003,65.38500000000002,False,True,True
twitter_2061569742343741653,unanimous_keep,sample_middle_toxicity,240.0,40.0,2.0,20.0,0.016666666666666666,11.090000000000003,51.17500000000004,False,True,True
twitter_2061570008086413562,majority_keep,sample_high_toxicity,117.0,19.0,2.0,9.5,0.03418803418803419,8.609736842105267,50.25565789473683,False,True,True
twitter_2061570565593280575,unanimous_keep,sample_middle_toxicity,53.0,7.0,1.0,7.0,0.07547169811320754,10.740000000000002,30.53000000000003,False,True,True
twitter_2061571892926959971,majority_keep,sample_middle_toxicity,265.0,40.0,1.0,40.0,0.03018867924528302,21.545000000000005,11.840000000000032,False,True,True
twitter_2061571983586816368,majority_keep,sample_middle_toxicity,279.0,42.0,1.0,42.0,0.017921146953405017,22.560975609756095,6.337073170731742,True,True,False
twitter_2061572020467352059,majority_keep,sample_middle_toxicity,272.0,45.0,2.0,22.5,0.01838235294117647,11.22636363636364,53.759545454545474,False,True,True
twitter_2061573998144626952,majority_keep,sample_low_toxicity,110.0,17.0,4.0,4.25,0.05454545454545454,9.4725,33.828750000000014,False,True,True
twitter_2061574106944766332,unanimous_keep,sample_low_toxicity,225.0,41.0,7.0,5.857142857142857,0.04888888888888889,8.959411764705884,51.01401960784315,False,True,True
twitter_2061575130166563221,unanimous_keep,sample_middle_toxicity,77.0,13.0,1.0,13.0,0.012987012987012988,7.633846153846157,63.486153846153854,False,True,True
twitter_2061576156176916814,unanimous_keep,sample_low_toxicity,277.0,53.0,3.0,17.666666666666668,0.039711191335740074,6.958000000000002,74.86233333333335,True,True,True
twitter_2061576511853940916,unanimous_keep,sample_low_toxicity,208.0,38.0,1.0,38.0,0.019230769230769232,15.928571428571427,43.20142857142858,True,True,True
twitter_2061578869702901913,majority_remove,sample_high_toxicity,229.0,38.0,4.0,9.5,0.021834061135371178,7.057105263157897,61.38723684210527,False,True,True
twitter_2061579013500600524,majority_keep,sample_low_toxicity,133.0,21.0,2.0,10.5,0.03759398496240601,7.779999999999998,57.09500000000003,True,False,True
twitter_2061579134539538908,majority_keep,sample_middle_toxicity,79.0,12.0,1.0,12.0,0.02531645569620253,10.154545454545456,41.8518181818182,False,True,True
twitter_2061579187463352515,majority_keep,sample_middle_toxicity,76.0,13.0,1.0,13.0,0.02631578947368421,9.44923076923077,50.470769230769264,True,True,False
twitter_2061579812104184052,unanimous_keep,sample_middle_toxicity,121.0,22.0,1.0,22.0,0.049586776859504134,10.500000000000004,55.40500000000003,False,True,True
twitter_2061580289004965896,majority_keep,sample_middle_toxicity,132.0,22.0,3.0,7.333333333333333,0.03787878787878788,11.101052631578948,26.754035087719302,False,False,True
twitter_2061580924731744377,unanimous_keep,sample_middle_toxicity,252.0,35.0,1.0,35.0,0.06746031746031746,20.88,4.140000000000015,False,True,True
twitter_2061581342379274520,unanimous_keep,sample_middle_toxicity,174.0,30.0,2.0,15.0,0.017241379310344827,8.353333333333339,61.890000000000015,False,True,True
twitter_2061581682403320203,unanimous_keep,sample_low_toxicity,237.0,37.0,3.0,12.333333333333334,0.05063291139240506,8.674054054054057,54.840990990991,True,True,True
twitter_2061581952411476383,majority_keep,sample_middle_toxicity,222.0,37.0,3.0,12.333333333333334,0.04054054054054054,6.828571428571429,66.88476190476192,False,True,True
twitter_2061583583710756947,majority_remove,sample_middle_toxicity,236.0,41.0,2.0,20.5,0.012711864406779662,11.975000000000001,44.83000000000004,False,True,True
twitter_2061583664790569246,unanimous_keep,sample_low_toxicity,101.0,19.0,2.0,9.5,0.0297029702970297,7.58666666666667,56.70000000000002,True,False,False
twitter_2061584001094070764,unanimous_keep,sample_middle_toxicity,280.0,49.0,5.0,9.8,0.039285714285714285,7.407914893617022,58.69400000000002,False,True,True
twitter_2061586690397921638,majority_keep,sample_low_toxicity,119.0,20.0,5.0,4.0,0.04201680672268908,7.072222222222223,55.045000000000016,True,False,True
twitter_2061586780835512463,unanimous_remove,sample_middle_toxicity,104.0,18.0,3.0,6.0,0.028846153846153848,6.416666666666668,59.745000000000005,False,True,False
twitter_2061587508295790950,unanimous_keep,sample_low_toxicity,175.0,29.0,2.0,14.5,0.022857142857142857,9.677142857142858,50.61785714285716,True,False,True
twitter_2061588552899788982,unanimous_keep,sample_low_toxicity,162.0,21.0,3.0,7.0,0.043209876543209874,10.610000000000003,30.86833333333334,True,True,True
twitter_2061588894705918334,majority_remove,sample_middle_toxicity,207.0,37.0,7.0,5.285714285714286,0.057971014492753624,4.2164285714285725,75.22273809523811,False,True,True
twitter_2061589330217648469,majority_remove,sample_middle_toxicity,197.0,34.0,2.0,17.0,0.02030456852791878,9.434117647058823,57.70352941176472,False,True,False
twitter_2061590295935066530,majority_remove,sample_middle_toxicity,177.0,24.0,1.0,24.0,0.0,18.845000000000002,2.7000000000000455,False,True,True
twitter_2061590545890177136,unanimous_keep,sample_middle_toxicity,204.0,33.0,2.0,16.5,0.03431372549019608,7.203387096774197,71.02508064516131,False,True,True
twitter_2061590922140524609,unanimous_keep,sample_middle_toxicity,162.0,32.0,4.0,8.0,0.043209876543209874,4.561532258064517,76.16229838709678,True,True,True
twitter_2061591122095612409,majority_keep,sample_middle_toxicity,175.0,26.0,5.0,5.2,0.07428571428571429,7.484000000000002,56.24866666666668,False,True,True
twitter_2061592164346274018,majority_keep,sample_low_toxicity,253.0,41.0,3.0,13.666666666666666,0.039525691699604744,8.844102564102567,54.809230769230794,True,True,True
twitter_2061592620527194248,majority_keep,sample_middle_toxicity,224.0,36.0,6.0,6.0,0.049107142857142856,3.8212500000000027,77.16541666666669,False,True,True
twitter_2061593922267132149,unanimous_keep,sample_low_toxicity,245.0,36.0,3.0,12.0,0.0326530612244898,11.051111111111112,37.20500000000001,True,False,False
twitter_2061594098172346658,majority_remove,sample_high_toxicity,235.0,44.0,3.0,14.666666666666666,0.02553191489361702,8.159512195121952,60.90479674796748,False,True,True
twitter_2061594787833123278,unanimous_keep,sample_low_toxicity,177.0,28.0,2.0,14.0,0.03954802259887006,14.294285714285717,42.4507142857143,False,True,True
twitter_2061596562610864338,unanimous_keep,sample_low_toxicity,48.0,9.0,2.0,4.5,0.0625,3.2094444444444434,80.06750000000002,False,False,True
twitter_2061596946373189772,majority_remove,sample_low_toxicity,80.0,14.0,3.0,4.666666666666667,0.0875,6.936363636363637,64.9245454545455,True,True,True
twitter_2061596969961697390,unanimous_remove,sample_middle_toxicity,128.0,21.0,1.0,21.0,0.0078125,14.040000000000003,30.025000000000034,False,True,True
twitter_2061598896032518595,unanimous_keep,sample_low_toxicity,226.0,41.0,1.0,41.0,0.008849557522123894,18.984102564102567,28.41923076923078,False,True,True
twitter_2061601463101530262,unanimous_keep,sample_low_toxicity,96.0,16.0,1.0,16.0,0.03125,9.087500000000002,58.4075,True,False,True
twitter_2061601576985510174,majority_keep,sample_low_toxicity,250.0,42.0,4.0,10.5,0.02,7.609761904761903,59.20607142857145,True,False,True
twitter_2061602483030372777,unanimous_keep,sample_middle_toxicity,264.0,49.0,4.0,12.25,0.04924242424242424,6.064840425531916,72.50874999999999,False,True,True
twitter_2061603457094610947,majority_remove,sample_middle_toxicity,154.0,26.0,2.0,13.0,0.03896103896103896,8.541538461538462,56.97846153846157,False,True,True
twitter_2061604025833853188,unanimous_keep,sample_low_toxicity,64.0,13.0,2.0,6.5,0.0625,3.7181818181818187,87.99727272727276,False,True,False
twitter_2061604414658412555,majority_keep,sample_middle_toxicity,31.0,6.0,1.0,6.0,0.12903225806451613,-1.8399999999999999,117.16000000000003,False,False,False
twitter_2061604496422084697,majority_keep,sample_middle_toxicity,37.0,5.0,1.0,5.0,0.02702702702702703,14.68,-1.2799999999999727,False,True,False
twitter_2061605238499602643,unanimous_keep,sample_low_toxicity,148.0,23.0,3.0,7.666666666666667,0.02027027027027027,15.638095238095236,20.34857142857146,True,True,True
twitter_2061606356839178296,unanimous_keep,sample_middle_toxicity,82.0,12.0,2.0,6.0,0.024390243902439025,14.283333333333335,3.344999999999999,False,False,True
twitter_2061607697498177991,majority_keep,sample_middle_toxicity,63.0,9.0,1.0,9.0,0.0,14.142222222222227,9.700000000000017,False,True,False
twitter_2061609390323450319,unanimous_keep,sample_low_toxicity,198.0,33.0,5.0,6.6,0.030303030303030304,10.320000000000004,47.79000000000002,True,True,True
twitter_2061612792185274469,unanimous_keep,sample_low_toxicity,193.0,36.0,3.0,12.0,0.06735751295336788,5.48,76.55333333333336,True,True,True
twitter_2061613214564032791,majority_keep,sample_middle_toxicity,170.0,35.0,2.0,17.5,0.03529411764705882,6.137499999999999,79.5575,True,False,False
twitter_2061613240207986840,unanimous_keep,sample_middle_toxicity,221.0,39.0,7.0,5.571428571428571,0.04072398190045249,4.649806949806951,71.14027027027026,False,False,True
twitter_2061614035125325876,majority_remove,sample_low_toxicity,214.0,37.0,2.0,18.5,0.028037383177570093,11.424444444444447,45.215,False,True,True
twitter_2061614845875941576,unanimous_keep,sample_low_toxicity,148.0,23.0,3.0,7.666666666666667,0.02027027027027027,15.638095238095236,20.34857142857146,True,True,True
twitter_2061615084833485016,unanimous_keep,sample_low_toxicity,179.0,28.0,5.0,5.6,0.0782122905027933,4.715428571428575,71.22957142857143,True,True,True
twitter_2061616297029366234,majority_keep,sample_middle_toxicity,260.0,51.0,3.0,17.0,0.038461538461538464,6.839148936170215,73.93333333333334,False,False,True
twitter_2061616629902168547,majority_remove,sample_high_toxicity,207.0,35.0,3.0,11.666666666666666,0.033816425120772944,4.427096774193547,81.727311827957,False,True,True
twitter_2061616941421437362,majority_keep,sample_middle_toxicity,182.0,30.0,4.0,7.5,0.06043956043956044,6.525714285714287,60.74428571428575,True,True,True
twitter_2061619918366536162,majority_keep,sample_low_toxicity,254.0,44.0,3.0,14.666666666666666,0.023622047244094488,8.131904761904764,61.696428571428584,False,True,False
twitter_2061621962615427515,majority_keep,sample_middle_toxicity,148.0,21.0,3.0,7.0,0.060810810810810814,10.178095238095239,34.55857142857147,False,True,True
twitter_2061622945496371351,majority_keep,sample_middle_toxicity,212.0,39.0,3.0,13.0,0.018867924528301886,6.423589743589744,72.16307692307694,False,True,True
twitter_2061623364083671079,majority_keep,sample_middle_toxicity,276.0,36.0,2.0,18.0,0.05434782608695652,14.734285714285718,14.360714285714295,False,True,True
twitter_2061631692222452153,unanimous_keep,sample_low_toxicity,198.0,34.0,4.0,8.5,0.04040404040404041,4.43356060606061,77.97034090909092,False,True,True
twitter_2061631739336982668,majority_keep,sample_high_toxicity,116.0,22.0,1.0,22.0,0.017241379310344827,8.333333333333332,72.72000000000003,True,True,True
twitter_2061632671692857689,majority_keep,sample_middle_toxicity,64.0,11.0,1.0,11.0,0.015625,7.190000000000001,61.32500000000002,False,True,True
twitter_2061634050465403323,unanimous_keep,sample_low_toxicity,27.0,5.0,1.0,5.0,0.037037037037037035,2.879999999999999,83.32000000000004,True,True,True
twitter_2061637093755846708,majority_keep,sample_middle_toxicity,63.0,13.0,1.0,13.0,0.015873015873015872,4.823333333333334,81.85500000000002,False,True,True
twitter_2061637728719061187,unanimous_keep,sample_low_toxicity,60.0,11.0,2.0,5.5,0.05,3.7186363636363637,78.19795454545455,True,False,True
twitter_2061638217523441884,unanimous_keep,sample_middle_toxicity,66.0,12.0,2.0,6.0,0.045454545454545456,5.864090909090912,62.81613636363636,False,False,True
twitter_2061638255402262665,majority_keep,sample_middle_toxicity,262.0,48.0,3.0,16.0,0.019083969465648856,7.84340425531915,66.73333333333335,False,True,True
twitter_2061638560374026701,unanimous_remove,sample_middle_toxicity,79.0,14.0,1.0,14.0,0.0379746835443038,10.356923076923078,43.963076923076954,False,True,True
twitter_2061639488481247628,unanimous_keep,sample_low_toxicity,152.0,26.0,1.0,26.0,0.02631578947368421,11.796153846153846,56.798846153846185,False,False,True
twitter_2061639895224094831,majority_remove,sample_middle_toxicity,253.0,39.0,4.0,9.75,0.05138339920948617,8.920263157894734,48.02934210526317,True,True,True
twitter_2061640110890987665,unanimous_keep,sample_low_toxicity,139.0,24.0,1.0,24.0,0.014388489208633094,12.453333333333333,48.525000000000034,True,True,True
twitter_2061646415571321326,majority_remove,sample_middle_toxicity,268.0,44.0,3.0,14.666666666666666,0.029850746268656716,10.461951219512198,44.397479674796756,False,True,True
twitter_2061647123225903525,unanimous_keep,sample_middle_toxicity,206.0,36.0,3.0,12.0,0.03398058252427184,5.478888888888889,77.15500000000002,False,True,True
twitter_2061653217578983765,majority_remove,sample_middle_toxicity,119.0,19.0,2.0,9.5,0.025210084033613446,9.242647058823533,43.93691176470591,False,True,True
twitter_2061653700934873157,majority_keep,sample_middle_toxicity,17.0,3.0,1.0,3.0,0.058823529411764705,9.180000000000003,34.59000000000003,False,False,True
twitter_2061654713381089756,majority_keep,sample_middle_toxicity,74.0,14.0,1.0,14.0,0.02702702702702703,7.570000000000004,65.72500000000001,True,False,True
twitter_2061655341037670744,unanimous_keep,sample_low_toxicity,77.0,12.0,6.0,2.0,0.07792207792207792,2.890000000000004,77.90500000000002,True,True,True
twitter_2061655416501674110,unanimous_keep,sample_low_toxicity,240.0,39.0,3.0,13.0,0.025,7.936410256410259,61.3169230769231,True,True,True
twitter_2061656325793239305,majority_remove,sample_middle_toxicity,185.0,37.0,2.0,18.5,0.016216216216216217,7.570945945945947,73.7331756756757,False,True,True
twitter_2061656608740925833,majority_remove,sample_low_toxicity,110.0,22.0,1.0,22.0,0.01818181818181818,6.370000000000001,85.01500000000003,False,False,True
twitter_2061656764240519202,majority_keep,sample_middle_toxicity,159.0,22.0,2.0,11.0,0.03773584905660377,10.73,35.94500000000002,False,True,True
twitter_2061658397397905842,majority_keep,sample_low_toxicity,199.0,31.0,4.0,7.75,0.04020100502512563,4.942177419354842,73.43326612903226,True,True,True
twitter_2061659125520712067,unanimous_keep,sample_low_toxicity,267.0,38.0,4.0,9.5,0.0299625468164794,16.66888888888889,7.615000000000009,True,True,True
twitter_2061661447411933268,unanimous_keep,sample_high_toxicity,96.0,16.0,1.0,16.0,0.041666666666666664,9.087500000000002,58.4075,False,False,True
twitter_2061664918357897719,unanimous_keep,sample_low_toxicity,199.0,31.0,4.0,7.75,0.04020100502512563,4.942177419354842,73.43326612903226,True,True,True
twitter_2061665122377150804,unanimous_keep,sample_low_toxicity,250.0,37.0,5.0,7.4,0.052,6.112216216216215,64.42129729729731,True,True,True
twitter_2061666828577824894,unanimous_keep,sample_low_toxicity,86.0,16.0,2.0,8.0,0.046511627906976744,5.428333333333338,69.5025,True,True,True
twitter_2061672171467108367,unanimous_keep,sample_middle_toxicity,232.0,38.0,5.0,7.6,0.08189655172413793,7.376785714285717,57.7594642857143,True,True,False
twitter_2061673390692315427,majority_keep,sample_middle_toxicity,137.0,23.0,1.0,23.0,0.021897810218978103,12.362608695652174,47.39434782608697,True,True,True
twitter_2061674191594660121,majority_keep,sample_low_toxicity,191.0,28.0,2.0,14.0,0.020942408376963352,13.275000000000002,23.932500000000033,True,True,True
twitter_2061674554888736872,majority_remove,sample_middle_toxicity,78.0,12.0,1.0,12.0,0.0,9.740000000000002,46.60500000000002,False,True,True
twitter_2061676248821031053,unanimous_keep,sample_middle_toxicity,52.0,9.0,1.0,9.0,0.019230769230769232,6.2755555555555596,66.10000000000002,True,False,True
twitter_2061676831338549420,unanimous_remove,sample_high_toxicity,111.0,19.0,3.0,6.333333333333333,0.036036036036036036,6.055294117647062,61.742156862745134,False,True,True
twitter_2061680543746470155,majority_keep,sample_middle_toxicity,280.0,54.0,2.0,27.0,0.02857142857142857,9.62558823529412,71.47014705882354,False,True,True
twitter_2061683408233734288,majority_remove,sample_middle_toxicity,141.0,32.0,2.0,16.0,0.04964539007092199,5.884285714285717,77.81071428571428,False,True,True
twitter_2061684007134249223,unanimous_keep,sample_low_toxicity,162.0,23.0,1.0,23.0,0.037037037037037035,17.493043478260876,10.611739130434785,True,True,True
twitter_2061686535548707007,unanimous_keep,sample_low_toxicity,120.0,19.0,1.0,19.0,0.008333333333333333,13.556842105263158,31.70789473684212,True,True,True
twitter_2061687250916618306,unanimous_keep,sample_middle_toxicity,210.0,39.0,2.0,19.5,0.01904761904761905,16.80555555555556,38.69500000000002,False,True,True
twitter_2061688413141573972,unanimous_keep,sample_low_toxicity,154.0,28.0,2.0,14.0,0.032467532467532464,7.156481481481482,67.79916666666671,True,True,True
twitter_2061688675713360328,unanimous_keep,sample_middle_toxicity,135.0,21.0,1.0,21.0,0.022222222222222223,14.514285714285716,28.40571428571431,False,True,True
twitter_2061689000214044840,majority_keep,sample_low_toxicity,136.0,21.0,1.0,21.0,0.014705882352941176,14.514285714285716,28.40571428571431,True,True,True
twitter_2061689010368421905,unanimous_keep,sample_middle_toxicity,174.0,27.0,2.0,13.5,0.022988505747126436,11.526851851851855,36.465833333333364,False,True,True
twitter_2061689270902153329,majority_keep,sample_low_toxicity,181.0,26.0,1.0,26.0,0.022099447513812154,16.788461538461537,21.006538461538497,False,True,True
twitter_2061689815423230088,unanimous_keep,sample_low_toxicity,174.0,32.0,3.0,10.666666666666666,0.022988505747126436,5.188387096774196,76.26924731182795,True,True,True
twitter_2061691046149644785,majority_keep,sample_middle_toxicity,267.0,40.0,4.0,10.0,0.02247191011235955,8.786858974358974,49.43105769230769,False,True,True
twitter_2061694886001225919,majority_remove,sample_middle_toxicity,183.0,30.0,1.0,30.0,0.02185792349726776,15.137142857142859,36.40785714285718,False,True,True
twitter_2061698567161749832,unanimous_keep,sample_middle_toxicity,209.0,38.0,2.0,19.0,0.028708133971291867,7.967368421052633,71.78157894736843,False,True,True
twitter_2061703577085808786,majority_keep,sample_middle_toxicity,124.0,21.0,1.0,21.0,0.04838709677419355,11.704761904761906,48.54857142857145,False,True,True
twitter_2061706818146169058,unanimous_keep,sample_low_toxicity,248.0,36.0,5.0,7.2,0.04838709677419355,8.579647058823532,45.66241176470592,True,True,True
twitter_2061711514198003928,unanimous_keep,sample_low_toxicity,167.0,25.0,2.0,12.5,0.041916167664670656,10.23166666666667,43.08000000000001,True,True,True
twitter_2061714532960252398,unanimous_keep,sample_middle_toxicity,100.0,17.0,2.0,8.5,0.08,6.466176470588238,63.84279411764709,False,True,True
twitter_2061714565541359667,majority_remove,sample_low_toxicity,273.0,49.0,3.0,16.333333333333332,0.02197802197802198,8.091111111111115,63.770000000000024,False,False,True
twitter_2061720825783275743,majority_keep,sample_middle_toxicity,156.0,20.0,2.0,10.0,0.019230769230769232,18.76,-3.8149999999999693,False,True,True
twitter_2061722626532286758,majority_keep,sample_low_toxicity,188.0,31.0,1.0,31.0,0.010638297872340425,18.196774193548382,19.815161290322607,True,False,False
twitter_2061723734139109736,unanimous_keep,sample_low_toxicity,150.0,26.0,4.0,6.5,0.03333333333333333,8.009090909090911,57.23363636363638,False,True,True
twitter_2061723783052882258,majority_remove,sample_middle_toxicity,163.0,32.0,2.0,16.0,0.024539877300613498,6.506250000000001,76.91375000000001,True,False,True
twitter_2061723850040398168,majority_keep,sample_middle_toxicity,208.0,37.0,2.0,18.5,0.019230769230769232,8.092142857142857,68.21535714285717,True,True,True
twitter_2061724686086770951,unanimous_keep,sample_middle_toxicity,203.0,36.0,2.0,18.0,0.019704433497536946,8.045882352941177,67.65647058823532,True,True,True
twitter_2061724845998584165,unanimous_keep,sample_low_toxicity,161.0,27.0,2.0,13.5,0.024844720496894408,9.109000000000002,52.01950000000002,False,True,True
twitter_2061725024814342629,unanimous_remove,sample_middle_toxicity,90.0,12.0,4.0,3.0,0.044444444444444446,9.180000000000003,34.59000000000003,False,True,True
twitter_2061726334863216978,majority_keep,sample_middle_toxicity,233.0,39.0,4.0,9.75,0.04721030042918455,8.388214285714287,50.50803571428574,False,True,True
twitter_2061726752091590993,unanimous_keep,sample_low_toxicity,200.0,34.0,3.0,11.333333333333334,0.03,7.745000000000001,58.53333333333336,True,True,True
twitter_2061727189997937126,unanimous_keep,sample_low_toxicity,250.0,44.0,2.0,22.0,0.028,11.423809523809528,50.562857142857155,False,True,True
twitter_2061727951675105323,majority_remove,sample_middle_toxicity,170.0,31.0,4.0,7.75,0.041176470588235294,6.442096774193548,76.48314516129035,False,True,True
twitter_2061729574808088885,unanimous_keep,sample_low_toxicity,175.0,32.0,2.0,16.0,0.022857142857142857,7.584032258064514,68.2960483870968,False,False,False
twitter_2061729902705988033,majority_keep,sample_middle_toxicity,161.0,30.0,2.0,15.0,0.055900621118012424,5.933965517241379,78.34508620689657,False,False,True
twitter_2061734348361957808,unanimous_keep,sample_low_toxicity,275.0,40.0,3.0,13.333333333333334,0.03636363636363636,13.685128205128205,20.101538461538496,True,False,True
twitter_2061736544096956873,unanimous_keep,sample_low_toxicity,273.0,46.0,4.0,11.5,0.018315018315018316,7.677500000000002,60.056250000000034,True,True,True
twitter_2061736692332273844,majority_keep,sample_low_toxicity,98.0,15.0,1.0,15.0,0.02040816326530612,11.500000000000004,39.33000000000001,True,False,True
twitter_2061738545904070741,majority_keep,sample_middle_toxicity,253.0,45.0,1.0,45.0,0.019762845849802372,19.80636363636364,31.42954545454549,False,True,True
twitter_2061739648871796826,majority_remove,sample_middle_toxicity,113.0,18.0,3.0,6.0,0.02654867256637168,5.761111111111113,64.44500000000002,False,True,True
twitter_2061741175904813524,majority_keep,sample_middle_toxicity,128.0,22.0,3.0,7.333333333333333,0.0234375,7.651818181818182,53.264393939393955,False,True,True
twitter_2061749087477940428,majority_keep,sample_low_toxicity,199.0,40.0,2.0,20.0,0.04522613065326633,7.2520270270270295,76.01966216216218,False,True,True
twitter_2061750363644932503,unanimous_keep,sample_middle_toxicity,220.0,42.0,3.0,14.0,0.03636363636363636,4.705853658536586,85.66577235772358,False,True,True
twitter_2061751996466503859,unanimous_keep,sample_low_toxicity,162.0,26.0,3.0,8.666666666666666,0.05555555555555555,8.756666666666668,53.655,True,True,True
twitter_2061755701848907780,majority_keep,sample_low_toxicity,77.0,16.0,1.0,16.0,0.05194805194805195,7.163333333333334,75.76500000000001,False,False,True
twitter_2061755837203226976,unanimous_keep,sample_low_toxicity,206.0,25.0,4.0,6.25,0.019417475728155338,12.807500000000005,14.371250000000003,True,False,False
twitter_2061755905616879746,unanimous_keep,sample_low_toxicity,204.0,38.0,2.0,19.0,0.024509803921568627,9.830526315789477,58.42368421052632,True,False,True
twitter_2061757026028372051,unanimous_keep,sample_middle_toxicity,158.0,28.0,1.0,28.0,0.006329113924050633,12.608571428571427,54.5364285714286,False,True,False
twitter_2061757161567326692,unanimous_keep,sample_low_toxicity,178.0,35.0,1.0,35.0,0.028089887640449437,13.248387096774195,55.292580645161294,False,True,True
twitter_2061757913115263225,majority_keep,sample_middle_toxicity,186.0,31.0,2.0,15.5,0.016129032258064516,9.867903225806455,51.92185483870969,False,True,True
twitter_2061758015368245541,unanimous_keep,sample_low_toxicity,210.0,36.0,2.0,18.0,0.02857142857142857,8.39294117647059,65.16823529411766,True,False,False
twitter_2061758410199031975,unanimous_keep,sample_low_toxicity,148.0,22.0,1.0,22.0,0.033783783783783786,14.444545454545459,30.686818181818182,True,False,False
twitter_2061759251740065805,unanimous_keep,sample_low_toxicity,92.0,15.0,3.0,5.0,0.03260869565217391,5.240000000000002,66.40000000000003,False,True,True
twitter_2061760504650235937,unanimous_keep,sample_low_toxicity,104.0,14.0,1.0,14.0,0.009615384615384616,14.312857142857148,17.382142857142867,True,False,False
twitter_2061761462675103847,majority_keep,sample_low_toxicity,238.0,27.0,5.0,5.4,0.02100840336134454,16.234518518518524,-11.71266666666665,True,False,False
twitter_2061761740879089997,unanimous_keep,sample_low_toxicity,88.0,14.0,1.0,14.0,0.022727272727272728,7.633846153846157,63.486153846153854,True,True,True
twitter_2061763204410229146,unanimous_keep,sample_low_toxicity,172.0,26.0,2.0,13.0,0.023255813953488372,11.71846153846154,34.20153846153849,True,False,False
twitter_2061764123864572371,unanimous_keep,sample_low_toxicity,150.0,28.0,2.0,14.0,0.05333333333333334,6.749000000000002,68.93950000000002,True,True,True
twitter_2061764569844834499,unanimous_keep,sample_low_toxicity,215.0,28.0,5.0,5.6,0.023255813953488372,9.772571428571432,34.972428571428594,True,False,False
twitter_2061764769179181336,unanimous_keep,sample_low_toxicity,139.0,25.0,1.0,25.0,0.02158273381294964,11.96166666666667,52.05000000000001,True,False,False
twitter_2061764949408391497,unanimous_keep,sample_low_toxicity,226.0,27.0,5.0,5.4,0.022123893805309734,13.17525925925926,10.220666666666716,True,False,False
twitter_2061765174587990413,majority_keep,sample_low_toxicity,94.0,16.0,1.0,16.0,0.0425531914893617,6.780000000000001,73.17000000000003,False,False,False
twitter_2061766097016107499,unanimous_keep,sample_low_toxicity,221.0,28.0,5.0,5.6,0.02262443438914027,10.615428571428573,28.92957142857145,True,False,False
twitter_2061766188795904498,majority_remove,sample_middle_toxicity,270.0,41.0,3.0,13.666666666666666,0.044444444444444446,10.174146341463416,46.4608943089431,True,True,True
twitter_2061766297008890340,majority_keep,sample_middle_toxicity,208.0,36.0,3.0,12.0,0.02403846153846154,7.224117647058826,63.455196078431385,False,True,True
twitter_2061766369222242743,unanimous_keep,sample_low_toxicity,233.0,28.0,5.0,5.6,0.02145922746781116,13.986857142857147,4.758142857142872,True,False,False
twitter_2061767095587619275,majority_remove,sample_middle_toxicity,80.0,12.0,1.0,12.0,0.0375,8.370000000000001,52.86500000000001,False,True,True
twitter_2061767369442103571,majority_keep,sample_low_toxicity,117.0,22.0,2.0,11.0,0.017094017094017096,3.7181818181818187,87.99727272727276,False,True,True
twitter_2061767700309774440,unanimous_keep,sample_low_toxicity,231.0,30.0,5.0,6.0,0.021645021645021644,8.776666666666667,42.82500000000002,True,False,False
twitter_2061768888707060215,majority_remove,sample_middle_toxicity,105.0,19.0,1.0,19.0,0.01904761904761905,7.346315789473689,76.2342105263158,False,True,True
twitter_2061769085138919831,majority_keep,sample_middle_toxicity,264.0,41.0,2.0,20.5,0.041666666666666664,11.385000000000002,49.06000000000003,True,True,True
twitter_2061769433035731055,majority_keep,sample_high_toxicity,238.0,42.0,4.0,10.5,0.058823529411764705,6.010000000000002,69.78500000000001,False,True,True
twitter_2061769941108285505,majority_keep,sample_high_toxicity,85.0,16.0,1.0,16.0,0.023529411764705882,6.8750000000000036,74.27000000000001,False,False,True
twitter_2061770401114456253,unanimous_keep,sample_low_toxicity,265.0,46.0,2.0,23.0,0.01509433962264151,13.645217391304353,38.19869565217394,False,True,False
twitter_2061770861800018206,majority_keep,sample_low_toxicity,235.0,40.0,3.0,13.333333333333334,0.03404255319148936,10.441216216216215,53.15479729729731,True,True,True
twitter_2061771484100473127,unanimous_keep,sample_low_toxicity,163.0,29.0,3.0,9.666666666666666,0.03067484662576687,8.541538461538462,56.97846153846157,True,True,False
twitter_2061771764300943646,majority_keep,sample_high_toxicity,65.0,11.0,2.0,5.5,0.03076923076923077,5.240000000000002,66.40000000000003,False,False,True
twitter_2061771830600286415,unanimous_keep,sample_low_toxicity,110.0,14.0,1.0,14.0,0.02727272727272727,17.618461538461542,-8.098461538461521,False,False,True
twitter_2061773755450315239,unanimous_keep,sample_middle_toxicity,278.0,59.0,8.0,7.375,0.03597122302158273,1.4197402597402622,98.87818181818183,False,False,True
twitter_2061773943711945058,majority_keep,sample_middle_toxicity,75.0,13.0,1.0,13.0,0.10666666666666667,6.936363636363637,64.9245454545455,False,False,True
twitter_2061774367202123823,majority_remove,sample_middle_toxicity,180.0,29.0,4.0,7.25,0.05555555555555555,4.523981481481481,74.6504166666667,False,True,True
twitter_2061774474630885866,unanimous_keep,sample_middle_toxicity,280.0,48.0,1.0,48.0,0.03571428571428571,21.332608695652173,24.049347826086972,False,True,True
twitter_2061774485171356124,majority_keep,sample_low_toxicity,134.0,30.0,3.0,10.0,0.08208955223880597,2.934285714285714,98.96071428571429,False,True,True
twitter_2061774635893403847,unanimous_keep,sample_middle_toxicity,252.0,47.0,3.0,15.666666666666666,0.03571428571428571,7.837209302325583,64.40294573643413,False,True,True
twitter_2061774937107378428,unanimous_keep,sample_low_toxicity,211.0,34.0,1.0,34.0,0.037914691943127965,12.236666666666668,60.76500000000003,True,True,True
twitter_2061776266710196661,unanimous_keep,sample_middle_toxicity,204.0,30.0,3.0,10.0,0.049019607843137254,11.963888888888892,33.33250000000004,False,True,True
twitter_2061776874708099503,unanimous_keep,sample_middle_toxicity,88.0,13.0,1.0,13.0,0.03409090909090909,11.22727272727273,34.160909090909115,False,False,True
twitter_2061777229613588942,unanimous_keep,sample_middle_toxicity,140.0,23.0,1.0,23.0,0.02142857142857143,8.771304347826089,73.1421739130435,False,True,True
twitter_2061777278963482802,unanimous_keep,sample_low_toxicity,229.0,40.0,4.0,10.0,0.021834061135371178,8.48429487179487,51.60028846153847,False,True,True
twitter_2061777768132563226,unanimous_keep,sample_middle_toxicity,130.0,18.0,2.0,9.0,0.038461538461538464,14.374444444444446,24.064999999999998,False,True,True
twitter_2061778762514244019,majority_remove,sample_middle_toxicity,164.0,24.0,4.0,6.0,0.042682926829268296,8.67166666666667,47.140000000000015,False,True,True
twitter_2061779028202107043,majority_keep,sample_low_toxicity,98.0,14.0,2.0,7.0,0.04081632653061224,8.211428571428574,48.65857142857146,True,False,False
twitter_2061780073917690254,majority_keep,sample_low_toxicity,168.0,27.0,2.0,13.5,0.023809523809523808,10.215740740740742,45.86583333333337,False,True,True
twitter_2061780122693218670,unanimous_keep,sample_middle_toxicity,121.0,19.0,2.0,9.5,0.024793388429752067,7.988684210526319,54.70828947368423,False,True,True
twitter_2061780131824226322,unanimous_keep,sample_middle_toxicity,250.0,45.0,5.0,9.0,0.02,5.751111111111115,69.86000000000003,False,True,True
twitter_2061780571634942062,unanimous_keep,sample_low_toxicity,161.0,26.0,6.0,4.333333333333333,0.062111801242236024,3.982000000000003,75.06300000000003,True,False,False
twitter_2061781110254698864,unanimous_keep,sample_middle_toxicity,226.0,39.0,2.0,19.5,0.030973451327433628,11.424444444444447,45.215,False,True,True
twitter_2061781307756081632,unanimous_keep,sample_low_toxicity,221.0,31.0,2.0,15.5,0.00904977375565611,15.958225806451612,8.25733870967747,True,False,False
twitter_2061781388961989046,unanimous_keep,sample_middle_toxicity,273.0,47.0,4.0,11.75,0.014652014652014652,6.790000000000003,67.75500000000001,False,True,True
twitter_2061781410738774397,majority_keep,sample_middle_toxicity,280.0,41.0,3.0,13.666666666666666,0.02142857142857143,11.613170731707317,36.14382113821139,False,True,True
twitter_2061781429789548884,unanimous_keep,sample_low_toxicity,161.0,26.0,6.0,4.333333333333333,0.062111801242236024,3.982000000000003,75.06300000000003,True,False,True
twitter_2061781528120590632,majority_keep,sample_low_toxicity,178.0,33.0,4.0,8.25,0.033707865168539325,5.616666666666664,72.60500000000002,True,False,False
twitter_2061781645611459027,unanimous_keep,sample_low_toxicity,266.0,46.0,7.0,6.571428571428571,0.041353383458646614,3.7568831168831203,79.32318181818184,True,False,True
twitter_2061781811408031927,majority_remove,sample_middle_toxicity,240.0,35.0,3.0,11.666666666666666,0.020833333333333332,14.64,20.380000000000024,False,True,True
twitter_2061781946678595662,majority_remove,sample_middle_toxicity,113.0,16.0,1.0,16.0,0.02654867256637168,14.250000000000004,21.39500000000001,False,False,True
twitter_2061782112412340373,majority_keep,sample_middle_toxicity,252.0,35.0,1.0,35.0,0.07142857142857142,17.435483870967747,25.27322580645162,False,True,True
twitter_2061782469263716455,unanimous_keep,sample_middle_toxicity,240.0,40.0,4.0,10.0,0.0375,7.2740384615384635,60.27721153846156,False,True,True
twitter_2061782820977307855,unanimous_keep,sample_middle_toxicity,275.0,45.0,1.0,45.0,0.0036363636363636364,22.15111111111111,16.400000000000034,False,True,True
twitter_2061783135424241972,majority_keep,sample_middle_toxicity,156.0,28.0,2.0,14.0,0.01282051282051282,7.570000000000004,65.72500000000001,False,True,True
twitter_2061783231540691276,majority_keep,sample_middle_toxicity,276.0,52.0,3.0,17.333333333333332,0.028985507246376812,7.637142857142859,69.39952380952384,False,True,True
twitter_2061783782911578209,majority_keep,sample_low_toxicity,275.0,39.0,2.0,19.5,0.02181818181818182,14.707307692307694,24.35019230769234,True,False,False
twitter_2061783898267275490,unanimous_keep,sample_low_toxicity,150.0,28.0,1.0,28.0,0.04666666666666667,11.849565217391305,51.07260869565218,False,True,True
twitter_2061783944991854600,unanimous_keep,sample_middle_toxicity,130.0,19.0,2.0,9.5,0.046153846153846156,8.89777777777778,47.30000000000004,False,True,True
twitter_2061784584543510743,unanimous_keep,sample_low_toxicity,250.0,43.0,2.0,21.5,0.028,12.26666666666667,44.52000000000001,False,True,False
twitter_2061784776818741390,unanimous_keep,sample_low_toxicity,236.0,42.0,4.0,10.5,0.01694915254237288,6.48595238095238,67.2632142857143,True,False,True
twitter_2061785030670549435,unanimous_keep,sample_middle_toxicity,193.0,31.0,3.0,10.333333333333334,0.015544041450777202,8.233548387096778,54.43698924731183,True,True,True
twitter_2061785237596627343,majority_keep,sample_high_toxicity,253.0,44.0,6.0,7.333333333333333,0.043478260869565216,5.890000000000004,64.70833333333334,False,True,True
twitter_2061785431134355493,unanimous_keep,sample_middle_toxicity,233.0,37.0,6.0,6.166666666666667,0.03862660944206009,9.081818181818182,49.54272727272729,False,True,True
twitter_2061785687804850513,majority_remove,sample_middle_toxicity,95.0,14.0,1.0,14.0,0.021052631578947368,8.541538461538462,56.97846153846157,False,True,True
twitter_2061786128059883578,unanimous_keep,sample_middle_toxicity,135.0,22.0,3.0,7.333333333333333,0.05925925925925926,-0.6989473684210523,111.35403508771931,False,True,True
twitter_2061786274860572990,unanimous_keep,sample_low_toxicity,108.0,17.0,1.0,17.0,0.027777777777777776,9.825,53.120000000000005,True,False,False
twitter_2061786325615862206,majority_keep,sample_middle_toxicity,273.0,41.0,2.0,20.5,0.040293040293040296,11.090000000000003,51.17500000000004,False,True,True
twitter_2061787125264372172,unanimous_keep,sample_low_toxicity,161.0,26.0,6.0,4.333333333333333,0.062111801242236024,3.982000000000003,75.06300000000003,True,False,True
twitter_2061787684796764391,majority_keep,sample_middle_toxicity,69.0,12.0,1.0,12.0,0.0,6.790000000000003,67.75500000000001,False,False,True
twitter_2061788555400114544,majority_keep,sample_middle_toxicity,80.0,13.0,3.0,4.333333333333333,0.05,6.069230769230771,59.26743589743592,False,False,True
twitter_2061788979091890436,unanimous_keep,sample_low_toxicity,127.0,21.0,1.0,21.0,0.0,12.828571428571426,40.4914285714286,False,False,True
twitter_2061789176497140214,majority_keep,sample_middle_toxicity,265.0,57.0,7.0,8.142857142857142,0.04150943396226415,2.9946226415094337,89.32577044025159,False,True,True
twitter_2061789686616723540,unanimous_keep,sample_middle_toxicity,112.0,20.0,3.0,6.666666666666667,0.03571428571428571,6.753684210526316,57.9224561403509,False,True,True
twitter_2061790209600012382,unanimous_keep,sample_low_toxicity,154.0,25.0,3.0,8.333333333333334,0.025974025974025976,8.180000000000003,50.66500000000002,True,False,False
twitter_2061790260217147731,unanimous_keep,sample_low_toxicity,161.0,26.0,6.0,4.333333333333333,0.062111801242236024,3.982000000000003,75.06300000000003,True,False,True
twitter_2061790636852817996,unanimous_keep,sample_low_toxicity,17.0,3.0,2.0,1.5,0.11764705882352941,32.0,-132.57999999999996,True,False,False
twitter_2061790990797561874,unanimous_keep,sample_middle_toxicity,152.0,21.0,2.0,10.5,0.019736842105263157,13.228809523809524,18.920357142857142,False,True,True
twitter_2061791165561586087,majority_keep,sample_middle_toxicity,138.0,27.0,4.0,6.75,0.043478260869565216,3.2128703703703714,84.05041666666668,False,False,True
twitter_2061791771646976095,majority_keep,sample_low_toxicity,242.0,34.0,2.0,17.0,0.028925619834710745,14.802575757575756,18.323863636363654,False,True,False
twitter_2061792628048375945,unanimous_keep,sample_low_toxicity,128.0,22.0,2.0,11.0,0.03125,4.254545454545454,84.15181818181821,False,False,False
twitter_2061792631328321963,unanimous_keep,sample_middle_toxicity,225.0,34.0,2.0,17.0,0.04,13.372272727272733,28.578409090909105,True,True,True
twitter_2061792877794009325,majority_keep,sample_low_toxicity,204.0,40.0,4.0,10.0,0.058823529411764705,1.778157894736843,99.23460526315789,False,True,True
twitter_2061793028319085007,unanimous_keep,sample_middle_toxicity,200.0,33.0,3.0,11.0,0.03,8.009090909090911,57.23363636363638,False,True,True
twitter_2061794459201716586,unanimous_keep,sample_low_toxicity,137.0,23.0,1.0,23.0,0.021897810218978103,10.823478260869567,58.429130434782635,True,True,True
twitter_2061794965622329757,majority_keep,sample_low_toxicity,184.0,27.0,1.0,27.0,0.005434782608695652,15.91777777777778,29.03000000000003,False,False,False
twitter_2061795094613623245,majority_keep,sample_low_toxicity,227.0,39.0,4.0,9.75,0.030837004405286344,6.366346153846155,66.78490384615384,True,True,True
twitter_2061796191747125702,unanimous_keep,sample_middle_toxicity,56.0,9.0,1.0,9.0,0.017857142857142856,6.705000000000002,61.24000000000001,False,False,True
twitter_2061796206565638328,unanimous_keep,sample_middle_toxicity,196.0,31.0,1.0,31.0,0.01020408163265306,16.563333333333336,29.745000000000033,False,True,True
twitter_2061796370177052960,majority_keep,sample_middle_toxicity,128.0,24.0,1.0,24.0,0.03125,10.978333333333332,59.10000000000004,False,True,True
twitter_2061796500410097874,unanimous_keep,sample_middle_toxicity,271.0,48.0,1.0,48.0,0.01845018450184502,19.31021276595745,40.33,False,True,True
twitter_2061796545318510783,majority_keep,sample_low_toxicity,181.0,31.0,3.0,10.333333333333334,0.03314917127071823,6.490344827586206,65.74747126436785,False,True,True
twitter_2061796693327200306,unanimous_keep,sample_middle_toxicity,178.0,29.0,1.0,29.0,0.033707865168539325,16.0648275862069,31.537931034482796,False,True,True
twitter_2061796697735389313,majority_keep,sample_high_toxicity,194.0,34.0,3.0,11.333333333333334,0.02577319587628866,7.224117647058826,63.455196078431385,False,True,True
twitter_2061796837221351432,unanimous_keep,sample_middle_toxicity,124.0,26.0,2.0,13.0,0.03225806451612903,5.315000000000001,78.33000000000001,False,True,True
twitter_2061796922227113987,unanimous_keep,sample_low_toxicity,218.0,42.0,5.0,8.4,0.05963302752293578,4.517621621621622,75.85372972972975,True,False,True
twitter_2061796993958044010,unanimous_keep,sample_middle_toxicity,227.0,38.0,3.0,12.666666666666666,0.022026431718061675,7.050000000000001,67.07833333333336,False,True,True
twitter_2061797428450177487,majority_keep,sample_middle_toxicity,145.0,25.0,5.0,5.0,0.06206896551724138,5.435090909090913,63.93263636363636,False,True,True
twitter_2061798214181744763,unanimous_keep,sample_middle_toxicity,128.0,24.0,1.0,24.0,0.0,8.52,76.72500000000002,False,False,True
twitter_2061798878966333475,unanimous_keep,sample_middle_toxicity,145.0,26.0,1.0,26.0,0.0,11.796153846153846,56.798846153846185,False,True,True
twitter_2061799227198493051,unanimous_keep,sample_middle_toxicity,216.0,32.0,2.0,16.0,0.05555555555555555,10.629193548387097,46.46379032258068,False,False,False
twitter_2061799482052751415,majority_remove,sample_low_toxicity,147.0,22.0,3.0,7.333333333333333,0.027210884353741496,7.115454545454547,57.1098484848485,False,True,True
twitter_2061799904914088329,majority_remove,sample_middle_toxicity,43.0,5.0,1.0,5.0,0.046511627906976744,9.57,33.57500000000002,False,True,True
twitter_2061800144719532348,majority_keep,sample_middle_toxicity,193.0,32.0,1.0,32.0,0.046632124352331605,15.3275,42.16750000000002,False,False,True
twitter_2061800321374978463,majority_keep,sample_middle_toxicity,175.0,26.0,1.0,26.0,0.011428571428571429,18.150000000000002,11.245000000000033,False,True,True
twitter_2061800871885709496,majority_keep,sample_middle_toxicity,273.0,44.0,7.0,6.285714285714286,0.04395604395604396,4.917342192691034,70.74883720930237,False,True,True
twitter_2061800951283925172,majority_keep,sample_middle_toxicity,162.0,29.0,1.0,29.0,0.04938271604938271,11.344285714285714,63.600714285714304,False,True,True
twitter_2061801013078643016,majority_keep,sample_middle_toxicity,253.0,47.0,3.0,15.666666666666666,0.019762845849802372,8.603043478260872,60.69340579710146,True,True,True
twitter_2061801064085520442,majority_remove,sample_middle_toxicity,137.0,27.0,3.0,9.0,0.029197080291970802,4.12846153846154,80.89987179487183,False,True,True
twitter_2061801087896887380,majority_keep,sample_low_toxicity,161.0,26.0,6.0,4.333333333333333,0.062111801242236024,3.982000000000003,75.06300000000003,True,False,True
twitter_2061801477405036950,majority_keep,sample_low_toxicity,140.0,28.0,6.0,4.666666666666667,0.07142857142857142,0.6230769230769262,98.31358974358974,False,False,True
twitter_2061801489547530278,unanimous_keep,sample_low_toxicity,159.0,22.0,1.0,22.0,0.012578616352201259,18.519130434782614,3.2552173913043703,False,True,False
twitter_2061801524234465316,unanimous_remove,sample_high_toxicity,76.0,14.0,1.0,14.0,0.039473684210526314,7.633846153846157,63.486153846153854,False,True,True
twitter_2061801627930026254,unanimous_keep,sample_middle_toxicity,210.0,37.0,3.0,12.333333333333334,0.01904761904761905,15.370000000000001,45.425000000000026,False,True,True
twitter_2061801650545623412,unanimous_keep,sample_middle_toxicity,245.0,42.0,2.0,21.0,0.0326530612244898,11.090000000000003,51.17500000000004,False,False,True
twitter_2061801922106187999,unanimous_keep,sample_middle_toxicity,270.0,49.0,6.0,8.166666666666666,0.025925925925925925,6.043723404255321,65.6841666666667,False,True,True
twitter_2061802017790509436,majority_keep,sample_middle_toxicity,68.0,11.0,3.0,3.6666666666666665,0.07352941176470588,5.770000000000003,59.63166666666669,False,True,True
twitter_2061802274503229943,unanimous_remove,sample_middle_toxicity,112.0,20.0,1.0,20.0,0.017857142857142856,11.090000000000003,51.17500000000004,False,False,True
twitter_2061802279439671634,majority_keep,sample_middle_toxicity,46.0,7.0,1.0,7.0,0.021739130434782608,10.740000000000002,30.53000000000003,True,True,False
twitter_2061802513943449771,unanimous_keep,sample_low_toxicity,270.0,47.0,5.0,9.4,0.02962962962962963,6.403659574468087,65.89400000000003,False,True,True
twitter_2061802527356809340,majority_keep,sample_middle_toxicity,65.0,13.0,1.0,13.0,0.015384615384615385,4.91076923076923,83.0092307692308,False,True,True
twitter_2061802575922639275,unanimous_keep,sample_low_toxicity,136.0,25.0,2.0,12.5,0.04411764705882353,5.362142857142857,75.32035714285716,False,True,True
twitter_2061802775827423337,unanimous_keep,sample_high_toxicity,271.0,55.0,1.0,55.0,0.01845018450184502,19.996981132075472,46.09283018867927,False,True,True
twitter_2061802815899463988,majority_keep,sample_low_toxicity,33.0,7.0,1.0,7.0,0.030303030303030304,3.997142857142858,78.87285714285717,False,False,False
twitter_2061802995885506573,unanimous_keep,sample_middle_toxicity,213.0,41.0,1.0,41.0,0.009389671361502348,16.261025641025643,47.94230769230769,False,True,True
twitter_2061803109886595490,unanimous_remove,sample_middle_toxicity,175.0,34.0,1.0,34.0,0.0,13.82918918918919,61.81513513513515,True,False,True
twitter_2061803330658337075,majority_keep,sample_middle_toxicity,87.0,15.0,3.0,5.0,0.06896551724137931,5.993333333333336,78.81000000000003,False,True,True
twitter_2061803427680989472,unanimous_keep,sample_low_toxicity,186.0,28.0,2.0,14.0,0.03763440860215054,11.526851851851855,36.465833333333364,False,True,True
twitter_2061803675861827919,majority_keep,sample_middle_toxicity,107.0,19.0,1.0,19.0,0.028037383177570093,11.169411764705881,45.26235294117649,False,True,True
twitter_2061803748050297091,majority_keep,sample_low_toxicity,227.0,39.0,4.0,9.75,0.030837004405286344,6.366346153846155,66.78490384615384,True,True,True
twitter_2061803851473457256,unanimous_keep,sample_low_toxicity,223.0,29.0,5.0,5.8,0.02242152466367713,9.458206896551726,37.5824827586207,True,False,False
twitter_2061803925229936985,majority_keep,sample_middle_toxicity,267.0,45.0,8.0,5.625,0.033707865168539325,3.3859722222222253,80.80562500000002,False,True,True
twitter_2061803959527133482,unanimous_remove,sample_high_toxicity,162.0,29.0,3.0,9.666666666666666,0.043209876543209874,4.090370370370373,81.76666666666668,False,True,True
twitter_2061804134316065026,majority_keep,sample_middle_toxicity,223.0,42.0,5.0,8.4,0.04484304932735426,6.739473684210527,69.30464912280705,False,True,True
twitter_2061804235105419467,unanimous_keep,sample_low_toxicity,235.0,29.0,5.0,5.8,0.02127659574468085,11.085793103448278,25.91351724137931,True,False,False
twitter_2061804353774555529,unanimous_keep,sample_middle_toxicity,90.0,15.0,1.0,15.0,0.044444444444444446,10.098571428571429,47.59642857142859,False,True,True
twitter_2061804409886048349,unanimous_keep,sample_low_toxicity,253.0,42.0,4.0,10.5,0.02766798418972332,7.69042682926829,58.182469512195155,True,False,False
twitter_2061804422917939548,majority_keep,sample_low_toxicity,206.0,25.0,4.0,6.25,0.019417475728155338,12.807500000000005,14.371250000000003,True,False,False
twitter_2061804475614900392,unanimous_keep,sample_low_toxicity,280.0,48.0,4.0,12.0,0.06785714285714285,11.181046511627908,53.19389534883723,True,False,False
twitter_2061804645329027526,unanimous_keep,sample_low_toxicity,246.0,42.0,5.0,8.4,0.044715447154471545,6.937157894736842,58.863105263157905,False,False,False
twitter_2061804769539228124,unanimous_remove,sample_high_toxicity,114.0,20.0,2.0,10.0,0.017543859649122806,7.779999999999998,57.09500000000003,False,True,True
twitter_2061804886917013785,unanimous_keep,sample_low_toxicity,221.0,29.0,5.0,5.8,0.02262443438914027,9.865103448275864,34.66524137931037,True,False,False
twitter_2061805156858007933,majority_keep,sample_middle_toxicity,120.0,24.0,1.0,24.0,0.016666666666666666,8.52,76.72500000000002,False,False,True
twitter_2061805216790708579,unanimous_keep,sample_middle_toxicity,136.0,19.0,1.0,19.0,0.014705882352941176,16.04105263157895,13.897368421052647,False,True,True
twitter_2061805399448093000,unanimous_keep,sample_low_toxicity,226.0,34.0,2.0,17.0,0.022123893805309734,12.904705882352943,32.821176470588256,False,True,True
twitter_2061805523763155441,majority_remove,sample_high_toxicity,76.0,11.0,1.0,11.0,0.02631578947368421,12.3,26.470000000000027,False,True,True
twitter_2061805590008234483,unanimous_keep,sample_middle_toxicity,240.0,17.0,5.0,3.4,0.020833333333333332,9.336000000000002,34.184000000000026,True,True,True
twitter_2061805763392143813,majority_remove,sample_high_toxicity,243.0,44.0,3.0,14.666666666666666,0.01646090534979424,7.013953488372092,70.3052713178295,False,True,True
twitter_2061806004216672627,majority_remove,sample_high_toxicity,95.0,17.0,2.0,8.5,0.021052631578947368,5.077941176470592,73.79573529411766,False,True,True
twitter_2061806367367717277,majority_remove,sample_low_toxicity,117.0,15.0,3.0,5.0,0.06837606837606838,5.145,65.30000000000001,False,True,True
twitter_2061806410602615017,unanimous_keep,sample_middle_toxicity,254.0,53.0,5.0,10.6,0.047244094488188976,2.6377021276595762,92.89400000000002,False,True,True
twitter_2061806982676287756,majority_keep,sample_low_toxicity,213.0,42.0,1.0,42.0,0.04225352112676056,15.055000000000003,58.37000000000003,False,True,True
twitter_2061807252458135712,unanimous_keep,sample_middle_toxicity,219.0,33.0,3.0,11.0,0.045662100456621,8.99483870967742,48.978924731182815,True,True,True
twitter_2061807436701515839,majority_remove,sample_middle_toxicity,53.0,10.0,2.0,5.0,0.03773584905660377,2.879999999999999,83.32000000000004,False,True,True
twitter_2061807709813408099,majority_remove,sample_middle_toxicity,201.0,32.0,4.0,8.0,0.04477611940298507,6.336250000000003,63.88375000000002,False,True,True
twitter_2061807868504908006,majority_remove,sample_middle_toxicity,249.0,41.0,5.0,8.2,0.04417670682730924,6.115000000000002,65.47000000000003,False,True,True
twitter_2061808083987218435,majority_keep,sample_low_toxicity,222.0,37.0,3.0,12.333333333333334,0.036036036036036036,7.571176470588238,60.966960784313756,True,False,True
twitter_2061808153478533198,majority_keep,sample_middle_toxicity,249.0,41.0,5.0,8.2,0.04417670682730924,6.115000000000002,65.47000000000003,False,True,True
twitter_2061809072970588574,unanimous_keep,sample_low_toxicity,114.0,21.0,2.0,10.5,0.02631578947368421,5.362142857142857,75.32035714285716,True,False,False
twitter_2061809157683245462,unanimous_keep,sample_low_toxicity,233.0,41.0,1.0,41.0,0.030042918454935622,18.681538461538462,30.58846153846156,False,False,False
twitter_2061809290281619509,unanimous_keep,sample_low_toxicity,246.0,43.0,4.0,10.75,0.04065040650406504,5.342034883720931,75.90979651162792,False,True,True
twitter_2061809490991714772,majority_keep,sample_middle_toxicity,71.0,14.0,2.0,7.0,0.056338028169014086,3.283461538461541,83.09903846153848,False,True,True
twitter_2061809500420542872,unanimous_keep,sample_low_toxicity,234.0,44.0,3.0,14.666666666666666,0.02564102564102564,6.432682926829269,73.28528455284555,False,True,True
twitter_2061810242350891174,unanimous_keep,sample_low_toxicity,154.0,27.0,2.0,13.5,0.03896103896103896,14.973076923076924,34.021923076923116,False,False,True
twitter_2061810286642737364,majority_keep,sample_middle_toxicity,240.0,43.0,4.0,10.75,0.025,4.793197674418604,79.84468023255816,False,True,True
twitter_2061810496668336399,majority_keep,sample_middle_toxicity,121.0,21.0,4.0,5.25,0.05785123966942149,13.860000000000003,22.410000000000025,False,False,True
twitter_2061811244508590258,majority_keep,sample_middle_toxicity,188.0,28.0,3.0,9.333333333333334,0.0425531914893617,8.460740740740743,50.433333333333366,True,True,False
twitter_2061812166294921228,unanimous_keep,sample_low_toxicity,66.0,13.0,1.0,13.0,0.015151515151515152,4.003076923076925,89.51692307692309,False,False,True
twitter_2061812227573723223,majority_keep,sample_middle_toxicity,105.0,15.0,2.0,7.5,0.13333333333333333,5.682857142857145,66.7871428571429,True,True,True
twitter_2061812350122930636,unanimous_keep,sample_middle_toxicity,277.0,43.0,3.0,14.333333333333334,0.018050541516245487,11.4046511627907,38.82620155038765,False,True,True
twitter_2061812407358398679,majority_keep,sample_low_toxicity,276.0,50.0,5.0,10.0,0.03260869565217391,5.089142857142857,76.03085714285716,False,True,True
twitter_2061812579467690278,unanimous_keep,sample_low_toxicity,195.0,26.0,1.0,26.0,0.05641025641025641,15.400000000000002,29.180000000000007,False,False,False
twitter_2061812818752532760,unanimous_keep,sample_low_toxicity,136.0,25.0,2.0,12.5,0.04411764705882353,5.362142857142857,75.32035714285716,False,True,True
twitter_2061813078899990652,majority_remove,sample_high_toxicity,255.0,40.0,5.0,8.0,0.043137254901960784,3.3228571428571456,83.70714285714288,False,False,True
twitter_2061813127696564491,unanimous_keep,sample_low_toxicity,162.0,28.0,2.0,14.0,0.024691358024691357,7.1485714285714295,68.74642857142858,False,True,True
twitter_2061813309477945741,majority_keep,sample_middle_toxicity,151.0,29.0,5.0,5.8,0.09271523178807947,1.4795000000000016,95.58725000000001,False,True,True
twitter_2061813597278445773,unanimous_keep,sample_middle_toxicity,277.0,46.0,2.0,23.0,0.018050541516245487,13.901739130434787,36.35956521739132,False,True,True
twitter_2061813838413283357,majority_keep,sample_low_toxicity,279.0,45.0,5.0,9.0,0.043010752688172046,9.513055555555557,46.89625000000004,False,False,False
twitter_2061814344174780703,majority_keep,sample_middle_toxicity,125.0,18.0,1.0,18.0,0.04,15.685555555555556,14.66500000000002,False,True,True
twitter_2061815063845953777,majority_keep,sample_middle_toxicity,192.0,36.0,1.0,36.0,0.020833333333333332,14.511111111111116,55.145000000000024,True,True,True
twitter_2061815099891888496,majority_keep,sample_low_toxicity,147.0,27.0,4.0,6.75,0.034013605442176874,3.283461538461541,83.09903846153848,True,True,True
twitter_2061815117885456540,majority_keep,sample_middle_toxicity,277.0,43.0,3.0,14.333333333333334,0.02888086642599278,10.306976744186048,46.69596899224811,False,True,True
twitter_2061815731952468242,majority_keep,sample_low_toxicity,280.0,50.0,4.0,12.5,0.02857142857142857,5.803826530612245,75.27063775510206,False,True,False
twitter_2061815808808931719,unanimous_keep,sample_low_toxicity,237.0,38.0,3.0,12.666666666666666,0.04219409282700422,8.992972972972975,52.55450450450451,True,True,True
twitter_2061815897514270750,unanimous_keep,sample_middle_toxicity,27.0,3.0,1.0,3.0,0.07407407407407407,17.04666666666667,-21.809999999999945,False,False,False
twitter_2061816002141180200,unanimous_keep,sample_low_toxicity,279.0,45.0,4.0,11.25,0.017921146953405017,8.726388888888888,52.536250000000024,False,True,True
twitter_2061816295189082196,majority_remove,sample_high_toxicity,73.0,12.0,1.0,12.0,0.0136986301369863,9.740000000000002,46.60500000000002,False,True,True
twitter_2061816297713795484,unanimous_keep,sample_middle_toxicity,27.0,3.0,1.0,3.0,0.07407407407407407,17.04666666666667,-21.809999999999945,False,False,False
twitter_2061816364638072900,unanimous_keep,sample_low_toxicity,172.0,27.0,3.0,9.0,0.03488372093023256,7.484000000000002,56.24866666666668,True,True,True
twitter_2061816441158947196,majority_remove,sample_middle_toxicity,273.0,54.0,3.0,18.0,0.02564102564102564,7.054615384615385,75.35705128205129,False,True,True
twitter_2061816601062580470,unanimous_keep,sample_low_toxicity,197.0,43.0,1.0,43.0,0.0,15.961428571428574,55.43357142857144,False,True,False
twitter_2061816817643872271,unanimous_keep,sample_low_toxicity,145.0,25.0,1.0,25.0,0.006896551724137931,11.470000000000002,55.57500000000003,False,True,False
twitter_2061816844571292059,majority_keep,sample_middle_toxicity,225.0,42.0,7.0,6.0,0.08,3.958947368421054,77.95929824561404,True,False,True
twitter_2061816952742425036,unanimous_keep,sample_low_toxicity,273.0,43.0,1.0,43.0,0.047619047619047616,19.88864864864865,18.37189189189189,True,False,True
twitter_2061817040680161756,unanimous_keep,sample_low_toxicity,101.0,17.0,1.0,17.0,0.039603960396039604,9.781176470588235,55.21529411764709,False,False,False
twitter_2061817052759789785,unanimous_keep,sample_middle_toxicity,183.0,31.0,5.0,6.2,0.0546448087431694,3.5763870967741944,80.46458064516129,True,False,True
twitter_2061817588683075880,unanimous_remove,sample_middle_toxicity,255.0,47.0,1.0,47.0,0.00784313725490196,19.536956521739132,36.92326086956524,False,True,True
twitter_2061817632949502218,majority_keep,sample_low_toxicity,235.0,39.0,2.0,19.5,0.02127659574468085,11.07263157894737,49.518421052631595,False,False,True
twitter_2061817648288047153,unanimous_keep,sample_low_toxicity,230.0,37.0,2.0,18.5,0.0391304347826087,10.789285714285715,48.87821428571431,True,True,True
twitter_2061817653325684983,unanimous_keep,sample_middle_toxicity,122.0,24.0,2.0,12.0,0.02459016393442623,4.286304347826089,84.8146739130435,False,True,True
twitter_2061817683830800546,unanimous_keep,sample_low_toxicity,9.0,2.0,2.0,1.0,0.2222222222222222,-3.594999999999999,121.72750000000002,True,False,False
twitter_2061818570565103849,unanimous_remove,sample_high_toxicity,231.0,37.0,3.0,12.333333333333334,0.025974025974025976,8.036216216216214,59.413963963963965,False,True,True
twitter_2061818855702593737,majority_keep,sample_middle_toxicity,27.0,3.0,1.0,3.0,0.07407407407407407,17.04666666666667,-21.809999999999945,False,False,True
twitter_2061818911658578418,majority_remove,sample_middle_toxicity,184.0,30.0,3.0,10.0,0.04891304347826087,6.010000000000002,69.78500000000001,False,True,True
twitter_2061819513562149301,majority_remove,sample_middle_toxicity,93.0,19.0,3.0,6.333333333333333,0.043010752688172046,6.137499999999999,79.5575,False,True,True
twitter_2061819829414203531,majority_keep,sample_middle_toxicity,279.0,48.0,3.0,16.0,0.021505376344086023,9.09872340425532,57.73333333333335,False,True,True
twitter_2061819990773268961,majority_remove,sample_middle_toxicity,65.0,12.0,1.0,12.0,0.03076923076923077,4.823333333333334,81.85500000000002,False,True,True
twitter_2061820040848998587,unanimous_keep,sample_low_toxicity,235.0,37.0,2.0,18.5,0.01702127659574468,12.035810810810812,41.72236486486486,False,True,True
twitter_2061820042581327941,unanimous_keep,sample_middle_toxicity,203.0,40.0,2.0,20.0,0.024630541871921183,6.840641025641027,80.75019230769233,False,True,True
twitter_2061820338451681538,majority_keep,sample_high_toxicity,151.0,23.0,3.0,7.666666666666667,0.039735099337748346,9.430000000000003,39.32833333333335,False,True,True
twitter_2061820394021982272,unanimous_keep,sample_middle_toxicity,124.0,18.0,1.0,18.0,0.04032258064516129,15.685555555555556,14.66500000000002,False,True,True
twitter_2061820672129872311,majority_keep,sample_middle_toxicity,249.0,44.0,4.0,11.0,0.020080321285140562,5.5954545454545475,74.53818181818184,False,True,True
twitter_2061820988183150809,majority_keep,sample_low_toxicity,271.0,43.0,4.0,10.75,0.033210332103321034,7.890714285714285,57.19178571428574,False,True,True
twitter_2061821101546627564,majority_keep,sample_low_toxicity,150.0,26.0,3.0,8.666666666666666,0.03333333333333333,4.582307692307694,77.64602564102567,True,True,True
twitter_2061821172850057712,unanimous_keep,sample_low_toxicity,267.0,43.0,4.0,10.75,0.033707865168539325,7.890714285714285,57.19178571428574,False,True,True
twitter_2061821273165177247,unanimous_keep,sample_low_toxicity,270.0,43.0,4.0,10.75,0.03333333333333333,7.890714285714285,57.19178571428574,False,True,True
twitter_2061821315011760552,majority_keep,sample_middle_toxicity,219.0,36.0,2.0,18.0,0.0273972602739726,11.126428571428573,46.461071428571444,False,True,True
twitter_2061821410406797597,unanimous_keep,sample_middle_toxicity,222.0,41.0,4.0,10.25,0.02702702702702703,5.419999999999998,74.01500000000001,False,True,True
twitter_2061821647514984563,majority_keep,sample_middle_toxicity,114.0,21.0,1.0,21.0,0.017543859649122806,10.580952380952379,56.6057142857143,False,True,True
twitter_2061821861617389883,majority_keep,sample_middle_toxicity,226.0,41.0,1.0,41.0,0.022123893805309734,17.3372972972973,36.6637837837838,False,True,True
twitter_2061822024238981315,unanimous_keep,sample_middle_toxicity,216.0,40.0,1.0,40.0,0.018518518518518517,15.958461538461542,50.11153846153847,False,True,True
twitter_2061822461302169634,unanimous_keep,sample_low_toxicity,279.0,43.0,3.0,14.333333333333334,0.014336917562724014,13.70256097560976,33.33481707317074,True,True,False
twitter_2061823208668668131,unanimous_keep,sample_middle_toxicity,233.0,43.0,4.0,10.75,0.05150214592274678,6.895,63.440000000000026,False,True,True
twitter_2061823334195568911,unanimous_keep,sample_low_toxicity,85.0,14.0,2.0,7.0,0.047058823529411764,7.368571428571428,54.70142857142861,True,False,True
twitter_2061823587128836417,majority_keep,sample_low_toxicity,219.0,42.0,2.0,21.0,0.0182648401826484,9.866282051282052,59.05788461538465,True,True,True
twitter_2061823787960557939,majority_remove,sample_high_toxicity,246.0,43.0,3.0,14.333333333333334,0.012195121951219513,7.013953488372092,70.3052713178295,False,True,True
twitter_2061823813675897232,unanimous_keep,sample_middle_toxicity,162.0,33.0,1.0,33.0,0.043209876543209874,12.377500000000001,63.317500000000024,False,True,False
twitter_2061823850740842603,majority_remove,sample_low_toxicity,73.0,12.0,2.0,6.0,0.0410958904109589,9.740000000000002,46.60500000000002,True,True,True
twitter_2061823864691102073,majority_keep,sample_middle_toxicity,94.0,14.0,1.0,14.0,0.031914893617021274,10.356923076923078,43.963076923076954,False,True,True
twitter_2061823876783325433,majority_keep,sample_middle_toxicity,278.0,53.0,6.0,8.833333333333334,0.03237410071942446,3.708000000000002,83.32066666666667,False,True,True
twitter_2061824026234790380,majority_remove,sample_middle_toxicity,244.0,42.0,6.0,7.0,0.03278688524590164,5.782317073170734,65.77721544715448,False,True,True
twitter_2061824070958956668,majority_keep,sample_middle_toxicity,210.0,33.0,5.0,6.6,0.0380952380952381,7.002193548387098,55.90329032258066,False,True,True
twitter_2061824192136262143,majority_keep,sample_low_toxicity,200.0,33.0,3.0,11.0,0.04,8.113750000000003,55.88958333333338,True,False,False
twitter_2061824324718494204,majority_keep,sample_high_toxicity,106.0,22.0,1.0,22.0,0.009433962264150943,8.895238095238096,68.69142857142859,False,True,True
twitter_2061824538585743703,unanimous_keep,sample_middle_toxicity,193.0,32.0,2.0,16.0,0.04145077720207254,9.533333333333335,53.430000000000035,False,True,False
twitter_2061824662326456809,unanimous_keep,sample_low_toxicity,254.0,44.0,5.0,8.8,0.031496062992125984,6.165290697674418,70.00747093023259,False,True,True
twitter_2061824703266951566,majority_keep,sample_middle_toxicity,226.0,36.0,5.0,7.2,0.035398230088495575,9.054285714285715,42.61571428571432,False,True,True
twitter_2061824717078540707,unanimous_remove,sample_middle_toxicity,200.0,32.0,3.0,10.666666666666666,0.04,8.718750000000004,61.05125000000001,False,True,True
twitter_2061824806564094433,majority_keep,sample_low_toxicity,245.0,43.0,2.0,21.5,0.02040816326530612,11.975731707317074,45.71530487804881,False,True,True
twitter_2061825106498707574,majority_keep,sample_middle_toxicity,199.0,32.0,2.0,16.0,0.035175879396984924,8.718750000000004,61.05125000000001,False,True,True
twitter_2061825142842335636,majority_keep,sample_middle_toxicity,187.0,29.0,2.0,14.5,0.026737967914438502,13.829000000000004,18.17950000000002,False,True,True
twitter_2061825162258100264,unanimous_keep,sample_low_toxicity,132.0,25.0,2.0,12.5,0.015151515151515152,7.221,65.55550000000002,True,True,True
twitter_2061825205136200035,unanimous_keep,sample_low_toxicity,216.0,38.0,7.0,5.428571428571429,0.07407407407407407,4.228571428571428,73.6514285714286,True,False,True
twitter_2061825391375929358,majority_keep,sample_middle_toxicity,207.0,33.0,3.0,11.0,0.03864734299516908,9.081363636363637,59.342045454545485,False,True,True
twitter_2061825687313383644,unanimous_keep,sample_middle_toxicity,27.0,3.0,1.0,3.0,0.07407407407407407,17.04666666666667,-21.809999999999945,False,False,False
twitter_2061826107112853914,majority_keep,sample_middle_toxicity,153.0,28.0,1.0,28.0,0.0196078431372549,13.030000000000005,51.51500000000003,False,True,True
twitter_2061826161966190753,unanimous_keep,sample_low_toxicity,170.0,31.0,3.0,10.333333333333334,0.03529411764705882,7.570000000000004,65.72500000000001,False,True,True
twitter_2061826196741276108,majority_keep,sample_middle_toxicity,122.0,24.0,2.0,12.0,0.03278688524590164,4.331666666666667,85.38,False,True,True
twitter_2061826244543471970,majority_keep,sample_middle_toxicity,194.0,30.0,4.0,7.5,0.05154639175257732,5.433333333333334,66.79500000000002,True,False,True
twitter_2061826251153637661,majority_keep,sample_middle_toxicity,209.0,34.0,3.0,11.333333333333334,0.03827751196172249,8.723787878787878,61.90568181818185,False,True,True
twitter_2061826294250455065,unanimous_keep,sample_low_toxicity,153.0,25.0,2.0,12.5,0.013071895424836602,13.611538461538462,43.78346153846158,True,False,True
twitter_2061826317688111468,unanimous_remove,sample_middle_toxicity,118.0,23.0,4.0,5.75,0.0847457627118644,2.8245454545454542,87.87348484848488,False,True,True
twitter_2061826329784324139,unanimous_keep,sample_low_toxicity,117.0,25.0,2.0,12.5,0.03418803418803419,4.823333333333334,81.85500000000002,False,True,True
twitter_2061826374000578756,majority_keep,sample_middle_toxicity,99.0,14.0,2.0,7.0,0.04040404040404041,7.368571428571428,54.70142857142861,False,False,True
twitter_2061826421702459869,majority_keep,sample_middle_toxicity,200.0,39.0,3.0,13.0,0.035,7.2520270270270295,76.01966216216218,False,True,True
twitter_2061826508642038254,majority_remove,sample_middle_toxicity,92.0,13.0,2.0,6.5,0.03260869565217391,9.89714285714286,36.572857142857174,False,True,True
twitter_2061826526883287501,unanimous_keep,sample_middle_toxicity,279.0,53.0,3.0,17.666666666666668,0.021505376344086023,7.552830188679245,72.37880503144656,False,True,True
twitter_2061826527566663765,unanimous_keep,sample_low_toxicity,220.0,32.0,2.0,16.0,0.05,19.71935483870968,8.899032258064523,False,True,False
twitter_2061826539444895801,majority_keep,sample_middle_toxicity,272.0,48.0,2.0,24.0,0.022058823529411766,10.732500000000002,60.862500000000026,False,True,True
twitter_2061826634819178659,unanimous_remove,sample_middle_toxicity,236.0,44.0,3.0,14.666666666666666,0.029661016949152543,8.985697674418606,68.93343023255817,False,True,True
twitter_2061826825228362207,unanimous_remove,sample_high_toxicity,280.0,55.0,2.0,27.5,0.02857142857142857,10.32990566037736,68.20165094339625,True,True,True
twitter_2061826828830986588,unanimous_keep,sample_low_toxicity,276.0,45.0,2.0,22.5,0.021739130434782608,12.547619047619047,42.505714285714305,True,False,True
twitter_2061826998226546817,majority_keep,sample_low_toxicity,269.0,38.0,3.0,12.666666666666666,0.03717472118959108,9.188571428571429,49.96476190476193,False,False,True
twitter_2061827037187146230,unanimous_keep,sample_middle_toxicity,182.0,29.0,2.0,14.5,0.01098901098901099,10.00293103448276,49.17267241379312,False,True,True
twitter_2061827140375441506,majority_remove,sample_middle_toxicity,73.0,13.0,1.0,13.0,0.0136986301369863,5.818461538461541,76.50153846153849,False,True,True
twitter_2061827304418840758,unanimous_keep,sample_middle_toxicity,144.0,26.0,1.0,26.0,0.020833333333333332,10.888461538461542,63.306538461538494,False,False,True
twitter_2061827437038854398,majority_keep,sample_low_toxicity,91.0,15.0,2.0,7.5,0.03296703296703297,3.997142857142858,78.87285714285717,False,True,True
twitter_2061827497181032588,majority_keep,sample_high_toxicity,13.0,2.0,1.0,2.0,0.07692307692307693,2.890000000000004,77.90500000000002,True,False,False
twitter_2061827523000856721,majority_remove,sample_middle_toxicity,187.0,31.0,3.0,10.333333333333334,0.0374331550802139,9.338620689655173,45.32678160919542,False,True,True
twitter_2061827567662022997,unanimous_keep,sample_low_toxicity,108.0,20.0,1.0,20.0,0.018518518518518517,7.967368421052633,71.78157894736843,False,False,False
twitter_2061827663967240611,majority_keep,sample_middle_toxicity,184.0,30.0,2.0,15.0,0.010869565217391304,9.92666666666667,50.610000000000014,True,True,True
twitter_2061827664642462077,majority_keep,sample_middle_toxicity,10.0,1.0,1.0,1.0,0.2,20.200000000000006,-47.97999999999996,True,False,True
twitter_2061827669159780636,unanimous_keep,sample_low_toxicity,27.0,4.0,1.0,4.0,0.0,9.57,33.57500000000002,True,False,True
twitter_2061827686733877659,unanimous_keep,sample_middle_toxicity,10.0,1.0,1.0,1.0,0.2,20.200000000000006,-47.97999999999996,True,False,True
twitter_2061827701716271215,unanimous_keep,sample_low_toxicity,237.0,36.0,2.0,18.0,0.0379746835443038,13.251764705882355,30.332941176470626,True,True,True
twitter_2061827730677580160,unanimous_keep,sample_middle_toxicity,10.0,1.0,1.0,1.0,0.2,20.200000000000006,-47.97999999999996,True,False,False
twitter_2061827852815991202,unanimous_keep,sample_middle_toxicity,201.0,30.0,2.0,15.0,0.014925373134328358,10.713333333333338,44.97000000000003,False,True,True
twitter_2061827885996925025,unanimous_keep,sample_low_toxicity,170.0,31.0,2.0,15.5,0.01764705882352941,5.993333333333336,78.81000000000003,False,True,True
twitter_2061827891600482732,majority_keep,sample_middle_toxicity,272.0,47.0,2.0,23.5,0.007352941176470588,12.906914893617024,44.38250000000002,False,True,True
twitter_2061827988849574117,unanimous_keep,sample_low_toxicity,163.0,28.0,4.0,7.0,0.024539877300613498,8.541538461538462,56.97846153846157,True,True,False
twitter_2061828008646676862,unanimous_remove,sample_middle_toxicity,234.0,45.0,4.0,11.25,0.03418803418803419,5.342034883720931,75.90979651162792,False,True,True
twitter_2061828055736230093,majority_remove,sample_low_toxicity,158.0,32.0,3.0,10.666666666666666,0.04430379746835443,2.014482758620691,97.83712643678163,False,True,True
twitter_2061828063453651221,unanimous_keep,sample_low_toxicity,91.0,16.0,2.0,8.0,0.03296703296703297,4.641666666666666,75.14250000000001,True,False,True
twitter_2061828104784584743,majority_keep,sample_middle_toxicity,203.0,40.0,2.0,20.0,0.024630541871921183,6.840641025641027,80.75019230769233,False,True,True
twitter_2061828323722838316,majority_keep,sample_middle_toxicity,215.0,38.0,2.0,19.0,0.027906976744186046,9.484459459459462,60.014256756756765,False,True,False
twitter_2061828468317528184,unanimous_keep,sample_middle_toxicity,189.0,32.0,3.0,10.666666666666666,0.042328042328042326,9.92666666666667,50.610000000000014,False,True,True
twitter_2061828554053292263,majority_keep,sample_middle_toxicity,254.0,46.0,6.0,7.666666666666667,0.023622047244094488,5.100000000000005,72.15333333333335,False,True,True
twitter_2061828571103211704,majority_keep,sample_high_toxicity,93.0,9.0,2.0,4.5,0.08602150537634409,15.009444444444448,-4.532499999999999,False,True,True
twitter_2061828768835002853,majority_keep,sample_middle_toxicity,209.0,36.0,1.0,36.0,0.014354066985645933,16.064117647058826,40.448529411764724,False,True,True
twitter_2061829285413896550,majority_keep,sample_low_toxicity,213.0,42.0,1.0,42.0,0.04225352112676056,15.055000000000003,58.37000000000003,False,True,True
twitter_2061830590203076760,unanimous_keep,sample_low_toxicity,218.0,35.0,2.0,17.5,0.045871559633027525,8.74666666666667,59.07000000000002,False,True,True
twitter_2061831043632525418,unanimous_keep,sample_low_toxicity,241.0,37.0,2.0,18.5,0.02074688796680498,12.35472972972973,39.43587837837839,False,True,True
twitter_2061831805230338244,majority_keep,sample_middle_toxicity,147.0,28.0,3.0,9.333333333333334,0.05442176870748299,4.738333333333333,75.34000000000002,False,True,True
twitter_2061831855515537795,unanimous_keep,sample_low_toxicity,242.0,38.0,2.0,19.0,0.024793388429752067,13.391111111111112,31.11500000000001,True,False,True
