{
  "raw": {
    "brier_score": 0.20827928185462952,
    "ece": 0.055669513611860996
  },
  "calibrated": {
    "brier_score": 0.2008821666240692,
    "ece": 2.63089841255065e-08
  }
}