post_id,post_effect,adjusted_p,adjusted_ambiguity_score
bluesky_0088ab074b1ba5d6e0753e8cf927888fbcb215413ebc7a1eea67d36c46b0bbd2,-0.6397900286388716,0.34529400524894643,0.6905880104978929
bluesky_00a60cda611def7235d1ac6d87c60320703653e74fb39204a819ec86d6db680b,-1.0391026339172822,0.2613231784148016,0.5226463568296033
bluesky_00af6a676d166aa1fdc4fc0955ebf516c8c66ea7b63f1d0ebbddd43f96574cc2,-0.8755693051844439,0.2940967683567686,0.5881935367135372
bluesky_00b26caf36f36f1be2d412400528c6ce38db2125b1befac99acb77475a0b9926,-0.6900399319581827,0.3340241902441241,0.6680483804882482
bluesky_00c4b89e63c0f977fd82bb8d71668820ec65111222b99d2429cfb18985e19917,-0.7676623592931467,0.3169850016938095,0.633970003387619
bluesky_00ec0adc0eaab8070cdb2b7218266684393edff48214af655a6abc77025c0360,-0.6397863974036565,0.34529482614842816,0.6905896522968563
bluesky_00f62e3624dd12dc1813222a7e960907f8c1c45be70c50a0e7454419ae7250e7,-0.9209897598539876,0.2847562668374252,0.5695125336748504
bluesky_0116d3fab48cfd279a59400e4cfdd858d78b3f3682d5e83d7e9f89d0282e1835,-0.21045797347688838,0.44757885284031085,0.8951577056806217
bluesky_017e92a2d42069ba23b344a5c0837107e534828361a0d0395a4c7778549a9332,-0.8129352587450365,0.30726536280784217,0.6145307256156843
bluesky_018492da4241ce43312dbc25c3a3a0663c6d623fab5bf96eb8ee76eba8124ffa,-0.984331931590513,0.27203307989407227,0.5440661597881445
bluesky_019de9fa96e57b2d0331926a143211e6428143ba235c73b3cc84cc56109744e7,-1.0591319331919995,0.25747537833711415,0.5149507566742283
bluesky_0204bfc65cf57154aa5b3cb1227b4246a1f63f58b98d71f2965646575fa2f6c6,-0.2980506316229925,0.4260340915031591,0.8520681830063181
bluesky_020894350e42852fb34ec32025417a7abb5cce7317a5346be664c9b48e75d1c4,-0.946242003050586,0.2796412131541362,0.5592824263082724
bluesky_020d26d0b2a34bd12b171a46d3d8c1847d9d11f4ab425bc715032fbcc332a630,-1.1042738874105802,0.24893995345686368,0.4978799069137274
bluesky_024b70c92cf104851bd435ac8e73947dcc790c10c3be29616d80adba54709822,-0.9210024833748998,0.28475367544329605,0.5695073508865921
bluesky_025dccbbb61663a617f81508cfce23b68859670882780204d083783faf8dc6f7,-0.6399163904413591,0.3452654396931957,0.6905308793863913
bluesky_030577a1a44b939d10067fde5764c694f1a2acca1b66d170d7dc51be53fa2c68,-0.8631813202636802,0.2966751054929017,0.5933502109858034
bluesky_0350d4f9ade25a99b50f2b42bb28dbdb6720f0639ec326e09ddc58655109a75c,-0.7052079070467319,0.33065858089072625,0.6613171617814525
bluesky_036df8bbfed503746fa9b17bd1b6fa99a322fc489b07e4b1ecb6ee7940e9917b,-1.036644822639902,0.26179789626162464,0.5235957925232493
bluesky_038bb4fe0e6614fcaf63ada006aa37f2ba0a127357fbe2b123360a1977e43cbb,-0.8957678931581528,0.28992097245852544,0.5798419449170509
bluesky_038c30836b0ae38c6c4ceae534d2e054f15a49aa34e26a71ea8c272c4a75f5b4,-0.692382741608214,0.3335032302936425,0.667006460587285
bluesky_03e5dc3d8fc03761755ec6a46ecdf041c9053b7a4a9a6fa68c8d0f4ad5896c91,-0.7849869295712891,0.3132460850987472,0.6264921701974944
bluesky_0437e0af9cdf64d0748196bfc34aea0958a14752192d1e5bcd15b41d7a1394c1,-0.6918615856068064,0.33361908228757703,0.6672381645751541
bluesky_04525dd6fbbab1605d1e5296866566f7320f9c42ee6da2dd39b19e14f944f9dd,-0.6497045703826316,0.34305611480335163,0.6861122296067033
bluesky_0492f4b5ff49c034b728969e4f47619ce324f0ed557eb706087aa308b1b2d1f6,-1.2421799399309505,0.22405676358725427,0.4481135271745085
bluesky_04a6d08b014e228e972ebe258a6204b83dcb9c8ec0b853f01ca6b4b9dde67076,-0.6165507340260096,0.3505663390272679,0.7011326780545358
bluesky_04ddcab3930b84a1090c370b43208018230e7e00cca988713a207515b302242c,-0.9561162857649241,0.27765645258270355,0.5553129051654071
bluesky_04deee2d1adb38d7a097ba56c40478506fea06c0928b760a4b912fc0fd63ec18,-0.9007344359921949,0.28889959393896425,0.5777991878779285
bluesky_04e54feeb4f3376f4a41fb9233b0dc561d1a1a936b40881b18fc02d38ef4f00e,-1.0743932407433405,0.25456850941558834,0.5091370188311767
bluesky_04f2eabe5e416de118bfd3131661ddbaef5d163028419a5393f97d7d9caf43e7,-0.3859873404630916,0.40468363884408587,0.8093672776881717
bluesky_04f8890fad83cbf85d83b0bba0b2ad7cdb66ce41d1a58962d9efe3495ad6a7b6,-0.9561826746184874,0.2776431376085836,0.5552862752171672
bluesky_055f53182d705b94e0b101d9ca4716102833a64d55eb5e6571046b03d2c4bb2d,-1.0340282774137497,0.2623038842349504,0.5246077684699008
bluesky_059e8d3f7f11aba937372583e37686555fb515e406a63ccff7ce23928c75da66,-0.7575686209736745,0.3191743775180476,0.6383487550360952
bluesky_05afeacba539ff578a0eb5d19ab02d3ca499a36711e9fe0467df0ca696dad932,-0.9561267358947125,0.27765435667456734,0.5553087133491347
bluesky_05d0d44081a80e04afe7f36f53b45ffacca3f85b2b7ac6d7c5d6355d4ef162d2,-0.9364016327577525,0.2816277687171961,0.5632555374343922
bluesky_0672f7922121c6922765cd1022e74f29655a4d0808a16330aec495cc0077c4b8,-0.730377700533706,0.3251118491083458,0.6502236982166916
bluesky_06bc0e261ae5737e90e03d229791ad411d9e51a8140f72f4677b56e452c5ef18,-0.23778334681522056,0.4408326821557665,0.881665364311533
bluesky_06c4c0fe842a72277bda7916dcd8f229c5bd290d59de803be1aaf5da8e64bf3e,-1.2123974634449288,0.22927712234234351,0.4585542446846871
bluesky_06ccffd9ead72b7b9e8879578b4627d8d24fd59c4d57474e653d5dedcd331a52,-1.0841192126857213,0.25272728569788294,0.5054545713957659
bluesky_07a570fe0db5b608dba9ed0e5bf41b30c505002a8278446d9a9d4c1c0e4a6e30,-0.3657164881559528,0.40957647311615225,0.8191529462323045
bluesky_07bf407b354632e6445edad8a95f3447514be93ecfce5ce05a3d2f8bde2e1e2a,-0.6297933147952945,0.3475574045268561,0.6951148090537121
bluesky_07ed5cdebdf14cb04866e2dad61dcd6b088cbd8ef1b2d4c0969cf4cc85d09252,-0.5468850662977519,0.3665873989138327,0.7331747978276654
bluesky_08c48fba08d7e490bdd23ef414b62e1519e2184c1ec966a0543fa3340ef3985e,-0.5898896079680609,0.35666018376462677,0.7133203675292535
bluesky_095f79c7492d4dbc4650bf2312ff6816825472759b9961798f1ce254851727a9,-0.16513625206791277,0.4588094998160373,0.9176189996320746
bluesky_098d2712c2dc7203ff167b6e0e25cbd0737fa99229b8d523d4e4412ec4186f27,-0.3535489851254073,0.41252206681459247,0.8250441336291849
bluesky_0a2b9004052bdafe88f229a9058c9d3fb514d3a54bea1ea830a2a1b4341c727d,-0.4259281368938754,0.39509907288752677,0.7901981457750535
bluesky_0a459eededee1466ddfa3e289d3ad497a8b966068c70c96204f6ba4b0e5fa5b6,-0.9942370428024588,0.27007599516226505,0.5401519903245301
bluesky_0a533f7ea1f7602d729ea1550f9cf668ec90e6de5a2a3602c2becd2b7f741303,-0.9311917132051752,0.28268300429051013,0.5653660085810203
bluesky_0a6621559f8e54480b02df2847d010e17dfb97e421bcf216fb0bad53c050cec0,-1.0923745845631183,0.25117139242137954,0.5023427848427591
bluesky_0a70dc26b668fe2c94930bdb0f1137ef9f5c8946fd39080d440038d990138ef3,-1.0475097582491832,0.259703582230274,0.519407164460548
bluesky_0aab9fbd9aca6c8449a27fe565d6a49e0343b82fdf4521ce0a219bb1772d18d1,-0.8052944322922058,0.3088941290701609,0.6177882581403218
bluesky_0b497d138ddcd6a8e9061ce4df2253f6d91b5e6ae10af62c6c5ace4b3d6caab4,-1.0164963202331014,0.2657104365021452,0.5314208730042904
bluesky_0b861b8c299617d39c9daa36d0ecab3faf6916ef33ac42dc9d42e179cadb67e7,-1.2328122065585325,0.22568960285449371,0.4513792057089874
bluesky_0b94cf955b723112515928d52749a42d8f0e373104185a44035b117b8dbc0177,-0.7474199274686922,0.321383745415498,0.642767490830996
bluesky_0bbbce0a684006e23c8ca9717acbc2acd15b8131d1d54c07fe6f303ed0aeb653,-0.8432877581982824,0.3008427962700957,0.6016855925401914
bluesky_0bd32b5cb97fddccc1185d0086be28753a0bbcc3971faa00ef052c8009bf8dfd,-0.1802553023165545,0.455057796981239,0.910115593962478
bluesky_0beab6ddaa433bb0ec41dc8fd9b7c8dfb4cb0b6e0eb0036cf6ba74cd4d95b29b,-0.9360994783340816,0.2816889026902036,0.5633778053804072
bluesky_0c758190605f2268c3af997395719b45f11879b1d38db29c041cac8b428f3deb,-0.5541923513042458,0.36489229952679075,0.7297845990535815
bluesky_0c9f29d23545c3c04a73478601e73f611f6a6ee6918df5f8d29770374af37edb,-0.3030796483419146,0.42480481070421733,0.8496096214084347
bluesky_0ca02b5c10ead93364c8d581a9678b5672fe28597a6f657d2173e7a44ac84f29,-0.8231041646270907,0.3051051294844212,0.6102102589688424
bluesky_0d7020ddee0f1448a07209aa5d80c8ca5ab99c134e88000d0c27e46637702ce7,-1.1042354570109905,0.2489471388139223,0.49789427762784455
bluesky_0dc3c840cb4fbf7c3728917fb01757a297af9affa51384328a583563ce600bee,-0.5946270761651482,0.35557389386819893,0.7111477877363979
bluesky_0e748d01a2b0acb6244580447817eef6fa7152d116e84dcc81d2bebb8e180f65,-0.8583103141902562,0.297692490290232,0.595384980580464
bluesky_0eae2be986204ebacfbf9ffed6f8a4b0d0d145b944049c41521d07266b0738e5,-0.7354963721831008,0.3239897471477776,0.6479794942955552
bluesky_0f10f8b2e7ad35ac78d16202521045b21ebb300d2167d8ee6c7178fb17a622e6,-0.9663138987247092,0.27561582973481236,0.5512316594696247
bluesky_0f6e8c86a9289254b39acf70df9feb44bfcfbcfa415042c14d80af909c547103,-0.7577972328433656,0.31912470173375024,0.6382494034675005
bluesky_100ed8fd39ff38c98e0ae1c4cf9ae254e351839836293a65ccdcc9a7d248aac0,-0.6496945621978379,0.34305837033765907,0.6861167406753181
bluesky_103bcbd09e5b40df87275cafc362b920e93e8155dfef81558ec2da2c0118bb33,-0.9840040290617749,0.27209801964079194,0.5441960392815839
bluesky_114ee7f4300678b008df26be9acec408061a791e142f3a178cc9ac1b352ca388,-0.612578976821835,0.35147112313848283,0.7029422462769657
bluesky_117b409f5d2bbd4b98bd9f8952b512b050c0d92ea454ae485461c38a1acd817f,-0.7882117117616588,0.31255277849763263,0.6251055569952653
bluesky_1208149b81009a35e8fff0670ba63c31bd3f00fb82eb06b61d5f80d78f673d1c,-0.8454382720355188,0.30039065873416304,0.6007813174683261
bluesky_12081ff4bca7b1a1c9151ab58a29184ebaf62cf21febbf3a455e87d63e3ce010,-0.7002262171483381,0.3317620744862838,0.6635241489725676
bluesky_120a69c6eda7ce46913510b433f3dd6a18a3e2b5a648e14127f35adffa73eb25,-1.0991123180287672,0.2499062562154911,0.49981251243098224
bluesky_121a03a0faff16a7ddcec656aeef5b60771df48a5c9a5a9ef22b4e346f4f6195,-1.0294555095436655,0.2631896786150176,0.5263793572300351
bluesky_128d3f936dbb9c4c42e415446e3ac6028a5cc1b90a73135536d3a0c2b2940b2f,-1.006419858996542,0.2676810743630089,0.5353621487260178
bluesky_12da481ddafe5e70142881605c8a62098ac35149e9b6f17d3e3260171995e817,-1.0170346101450098,0.26560542486461464,0.5312108497292293
bluesky_130cd3ce6bfb785f6e7b73372534d7a0d08149064b2e6ce329471287213cdec8,-0.8735188897272712,0.29452262215945196,0.5890452443189039
bluesky_131e8ab3949acef35983f7e83935cb2c4918f8a87404c2238687ad3cd3f2df98,-1.0093520026188965,0.26710668403886784,0.5342133680777357
bluesky_13d7bc96507d7be5041a554d8a0861ea0dd960de053ab47a950288c76a5ef43b,-0.9733029311967812,0.27422264771037197,0.5484452954207439
bluesky_14374a030ae44622e73058da0dce9dae323d4fe974227f1f763cbc275a9d2f7b,-0.8604110406564291,0.29725347463646884,0.5945069492729377
bluesky_14ad874e325c5a89c5216dba31dcd6f7a9f907518a4d0165173b3be22a8a18bb,-0.5842942154322677,0.3579450944692548,0.7158901889385096
bluesky_14bbea72684749b612eabaac1fe7259ef50106ae7db8ca601ea8b16800c7d7d0,-1.1798275834726897,0.23508319860284854,0.4701663972056971
bluesky_14e9819171983c1700187a36e8583ab567e16bb33f085b872eeb6f09a784ab70,-1.0366347952445785,0.26179983415824476,0.5235996683164895
bluesky_14f42613d43595e9f30c47cd7d9991cf73621c5ee2b4aea11ff6f92a32e075dc,-0.8660342578018934,0.29608015995093595,0.5921603199018719
bluesky_14fb6c3e9810cb0650901f54ea842475fb2169f724bf0696c733acdb75b9a4b1,-0.8906732377142945,0.2909709143440931,0.5819418286881862
bluesky_157a007932e25039b4bfa63e6442f5faf685849db1b84f7207776f8ddf2407f0,-0.8610156159248334,0.297127198065446,0.594254396130892
bluesky_16637f3b2aca460b78353003488cb2a83f2b026534f80fc5b9a5cbe295754bf8,-1.315354045318173,0.21159229776803268,0.42318459553606536
bluesky_17830d12e46355cc01add6f71013a329be6703eb1556c56ec29d7d20f0795dec,-0.7274022271324716,0.32576504945717,0.65153009891434
bluesky_178a69b84e76e68bac8ecdbb54ccf4e0be23e4404f030286ea84cad4f856cf4f,-0.8404835035027785,0.30143296234407435,0.6028659246881487
bluesky_17902fcc120525204a60f76bca2a0ce1baefdf486d85fc03ee5c3a00624624df,0.0030877914384852545,0.50077194724628,0.9984561055074399
bluesky_17b7f8b4dc69703c39879798b2e98682f4a5296c03a0bfcb56d222933a25cd14,-0.6349622228211229,0.34638622191020735,0.6927724438204147
bluesky_17bae65dd19a3b9a4e7bd8954885f0bdc64431b6a348917f2bec6df7c096a50f,-0.6244674572081238,0.34876608113023605,0.6975321622604721
bluesky_17e01810bb2f252526de98a53a3d1c6ad99f66b6196d4bbd8eada3b699a432e3,-0.9513118539136982,0.2786210741012588,0.5572421482025176
bluesky_1854fa86fad056257eccd6e3ec3aca52581c96fc3dd3f73937c4f2f0d40b9b7f,-0.9463542977150896,0.27961859285152685,0.5592371857030537
bluesky_18f2f8ed8e6108932a3978e2d3b5efe543e8f58bc070ea087e4a3017ae6fb770,-1.1394053984316852,0.24242954728587368,0.48485909457174736
bluesky_18f9b3b5bf339bebccd061d56eacab0b70ef2f5d516db427435306e23ae3bf33,-0.8583571363252093,0.2976827012009421,0.5953654024018842
bluesky_191ffceeaffb39acb8ba7bcde950e0764ae0690ca99ba832a1c9e42dae9e92d3,-0.7626099108158815,0.31807989471994175,0.6361597894398835
bluesky_193874e9f0a88af8e8d42385baab3d7b163ade74298411c32e417c98bc8176c0,-0.9109511102135612,0.28680525011497027,0.5736105002299405
bluesky_19452899b13d708d8b15b6b7d04e4fa4a4a82c4a9aefab9a7b3858f493b76c0e,-1.2076748657423537,0.23011271520826904,0.4602254304165381
bluesky_1971a809383d8725cdce42da98bedbd3bb58255cd3b0cdb9f6df78034760ffa9,-0.5993793110178268,0.3544857104663321,0.7089714209326642
bluesky_1ab2f57f7afd7f0ff13804fa3d180293a8f5b5b6cf7d570166d5c2832bbf7071,-0.2677688435271987,0.4334549224754653,0.8669098449509306
bluesky_1af3b6fbc2ee7eda8df377fd998d6138605eb187527992ae12b19d0e74f62b96,-0.02213039348733148,0.4944676274182698,0.9889352548365395
bluesky_1b07759d34873be93924916adada578e2765d3f2a0abdc1919ff1d006cfea9aa,-0.9965644743597973,0.26961742265792993,0.5392348453158599
bluesky_1b343f2aaab17e992cc8be819ef63fad4df81d361a02a5c116f14a7378044818,-0.286270707300808,0.42891710380732556,0.8578342076146511
bluesky_1c0f99135067b1644ed96886ebf749f0efbbde030f4369e66289a08cfac508fe,-0.5391482365181293,0.36838574639477906,0.7367714927895581
bluesky_1c390ce1a47fcac3cb568180d3de1cf62a2e164b73ddabc9358bb2251704c483,-0.8583286786643081,0.2976886508132103,0.5953773016264206
bluesky_1c45eb8f1b62d72ccbd7897bd919e50718b0544e6f3c3c814d3bd9bd5f27b6f6,-1.1570169670820305,0.23920974026257696,0.47841948052515393
bluesky_1cad16484dc9de480e1ce3ff9abe6639fcb8b38a11621bbf6b31869d7cab834b,-1.1042449029521053,0.24894537268725495,0.49789074537450984
bluesky_1cb33e47c3f79d840219e94a6c249459ca3f11004ae74c311c5fa20fbdda4a0b,-0.5218504865222323,0.37241962995613404,0.7448392599122681
bluesky_1d04fc0ac403e0593dd5436b6b4520576c4994c5fd194bae73935d4fce87d5d1,-0.4815155324112995,0.38189431824042547,0.7637886364808509
bluesky_1d66ca3a04d204df5dc494159adc6cca658cd82627cb62f2380fc5ac625489b1,-0.6598628940239571,0.34077041117676904,0.6815408223535381
bluesky_1d6a04ddc72d2bce48e9d0018fdeb4b31c426ed9ebcaf7b5949e43e925fafb2b,-0.4038513385160001,0.40038736713018225,0.8007747342603645
bluesky_1e7320c13141dc8795d51d58963d048e876242da2ae689f5922dae9ae9cb9b39,-0.09771955995199272,0.475589531779927,0.951179063559854
bluesky_1ebef87a2098d8377d977a03622c6c54f1daa556ddcef0f023022ab4a4b16c2f,-0.679967983656514,0.33626844834925085,0.6725368966985017
bluesky_1f618eb22c2517e63f0a9f3b1316090c10646898191d3772ff8b3755f98af925,-0.3082328975755495,0.4235461270227696,0.8470922540455392
bluesky_1f7720c8e9e82f16f9894d208530678d723c1a779a4fefa22edb83f0e0dc5c82,-0.22760955433702312,0.4433420030092084,0.8866840060184168
bluesky_20922a9b2444779a03e2b1e5db52d3fc24564ab270d1ec6a4a73c82b082ebc3d,-0.6143948923548195,0.3510573165780507,0.7021146331561015
bluesky_20b98922d2158801409b2d1fff9f894010462b3d869d9e7ac265856fc9a02d86,-0.7574469731569022,0.3192008124248508,0.6384016248497016
bluesky_20e0f7d04ad04a2c6f77ad7f9ff42bf1bef2e80e55aa328a99ef3d15b44bfa0e,-0.7052659848454402,0.3306457270364071,0.6612914540728142
bluesky_2128b75e7ac3cdb36314fed98bddbb5783211281dfd03c62cc8b14e58e8f2cbd,-0.6496677978308791,0.34306440223030765,0.6861288044606153
bluesky_2155da4c8dd53d673c864519ce566ce27a4bf509342dbffee43b3fe27a8ec2da,-0.6044473261004168,0.3533268760015299,0.7066537520030598
bluesky_2183f91ccc45123a241f9bfa022b0c120fa3aad2eb746de5c3bf5be9c0431c49,-1.1873506514562302,0.23373310446430853,0.467466208928617
bluesky_2350cb49bff4e67c64cdff37c8a7617d7fb8c60e6d81873feda17df30c66bc0f,-1.0491176304663865,0.2593945759819271,0.5187891519638542
bluesky_23745a1aa08797cba61ae4d43ff9b6a4b7a3155a9a6dfea0b89b90edd4fd3946,-1.0167625515314427,0.2656584957795004,0.5313169915590008
bluesky_23895023687f884e136b1ca79d5dfffb98da106bb56bf1ae201ccfc2038b9598,-1.099471406070402,0.24983895008717155,0.4996779001743431
bluesky_2473483756185fd49d6e835368f9fae71ef8fac52a20efd8bd90e0ad53735e67,-0.9963901136510159,0.26965175982236594,0.5393035196447319
bluesky_24e453c19229ecd059e7bb1b34d8dd69feb331ce45935bcb085adbd2f478bbc0,-0.7979122426880529,0.31047228744073857,0.6209445748814771
bluesky_24f77bed10d4cf9408b03a978ff14e31e0828b97f6fbf498fa0d9e6b16cd7853,-0.7979966685756428,0.31045421389957223,0.6209084277991445
bluesky_251672c988eaf6e9bc0f679abe8c3e98ab066f9b51ceb42dc937b34993f4beba,-0.4311416417218312,0.3938537510429642,0.7877075020859284
bluesky_2579a29408e2d7e98ebc4d1ead332515f9ebc2e74666c0eefa468abaee49d96a,-0.38379905607492004,0.40521093869417635,0.8104218773883527
bluesky_258b605811d90a76c2053764e4beffcb5227852e362da19cc0d89fcdfcb661ad,-0.6145823571391329,0.3510146102788518,0.7020292205577036
bluesky_25fc1559284edcc4f5190f0b3cdfe6dac0cf59bb584fd8eae805fd83bc923d1b,-0.7526374281669103,0.320246890213366,0.640493780426732
bluesky_26481f12128b676a96a5171f53e556e3155e22869cfcc20cc7da76593c089a7f,-0.9342792088522577,0.28205736281794824,0.5641147256358965
bluesky_2686563d3c84f59137720a63e9bbb12e18ba3a091e1028772c6732cd4b068df3,-0.916166040247009,0.2857397336650588,0.5714794673301176
bluesky_26cff4f46feb96048d544da1b5bdc0d68dbf39138c68ab78a7b526405adfe279,-0.7152999705592651,0.32842879986633616,0.6568575997326723
bluesky_272628c04670396c0a5d0364294167bcc4dda94980d6d15ed049b85d7b4be9b1,-1.0216234013435894,0.26471130227806156,0.5294226045561231
bluesky_276072294af28de3c37ab82640218bfaa45addfc7be001ef5fcceabf163c7bac,-0.9264586325914701,0.2836437331682458,0.5672874663364916
bluesky_281353f6c14b7f0df15a4adcb4708726a19f58b00c71bc6eb17597a0c38637d1,-0.753014063955502,0.3201649063645527,0.6403298127291054
bluesky_285f93b00624594348a06cdc6c92e27d177f041f4cbb98ffe57a918314426975,-0.7577493827151869,0.31913509889703784,0.6382701977940757
bluesky_2868c7410dfcaccebf1f8c877774fc1b75fbd83b73d0aaaf590d236ca8990f99,-0.9358199047113704,0.2817454751435276,0.5634909502870552
bluesky_28ca8b766978f9e40c886557c407a1306acd50f81cb33340476d021a5555667a,-0.6295694383276299,0.34760817276807,0.69521634553614
bluesky_291177513667380b216e18b003d8a1c88211764d844492f048b94241cdd1e49d,-0.6094923425900904,0.3521750101329969,0.7043500202659938
bluesky_295cebc289505c1470d405f193aa8c37e37691fd8e8f48e1d4e1e8a49e6216fd,-0.8433086750910848,0.3008383967043205,0.601676793408641
bluesky_29af712c5ce44981ee26810c4942f275b9da56fc3d2eff1f8e781eeb960852b7,-0.5066479829359829,0.37597964472022055,0.7519592894404411
bluesky_29ef29d7fdbcd982fd406ad078b83639744147a6aa144950303a0e4dc1013032,-0.7203696604487939,0.32731158637571084,0.6546231727514217
bluesky_29f282aa918e99746ff0a1c5aca30f51d705112315be599081f2e30b64d48543,-0.614865604546096,0.35095008829287455,0.7019001765857491
bluesky_2a569170e8205e1db315e9f4c01693cbcd91917ac957996efaba8fa144253b4a,-1.0366565411072526,0.26179563155978464,0.5235912631195693
bluesky_2ae1d353565b2fed200e624da4b0d0c284837e475770381c05df2fd938ab8d23,-0.7456029481413673,0.3217801503043074,0.6435603006086148
bluesky_2af1b3dc37f3ab642b9ab914252223b9696920888730d375275111692d48818e,-0.8758275932583345,0.294043149607713,0.588086299215426
bluesky_2af7725e21d93850bd5a27b394cbd53bb71bd0a56d28fbe9be7d098ff0abb8a6,-0.92345608254772,0.2842542173333541,0.5685084346667082
bluesky_2b7a3b0959832d207bc4f8272dc9ae12b3874f4bd04e188f470ac8ac002d99f1,-1.2377772216525063,0.2248231294478807,0.4496462588957614
bluesky_2bbd4b4ce339331514038e038d07dad0d72732599163fa68e81f83d356816ddd,-0.9110276434779475,0.28678959564434575,0.5735791912886915
bluesky_2bbf4f11e5fed2b28fc6b7b56aea0495422fb6627f9f3337c6267eb1b4500cc4,-0.9462042607878712,0.2796488160944445,0.559297632188889
bluesky_2c0beb1b4d616cade43331543bb20501eb6228e021eca2f6c255f10dc1a999cc,-0.6398362331427919,0.34528356005367855,0.6905671201073571
bluesky_2ca3b949d6fcb407be2b714098d127c399bf0aac94248795d1abe4cbcae30bd3,0.06871329230265433,0.5171715672873594,0.9656568654252813
bluesky_2cf56fa1e6d0cb0317b5b3d98db9ec1ac3d7b02b29982b378bbab994597686f9,0.03337625657485399,0.5083432896404322,0.9833134207191356
bluesky_2cf861cf565dbdbbd799809df4849852af2c3f856bb66e92f412fc724265fbd7,-0.3182403458583932,0.42110464880654547,0.8422092976130909
bluesky_2d48b709716ce0ca3fbdb4d023050763bf8c62087e59af7fa1a006d0dd8e9f3b,-0.3485327177258767,0.4137382783748342,0.8274765567496684
bluesky_2d540ce22b68e864fd09138865d35515e537805f880fba6ff8990dab60dc7bef,-1.2421455157290806,0.22406274847509053,0.4481254969501811
bluesky_2d78a3118a0219b9271d738f32b7b122352c97c1b419b45f5366a36ce4f54ce0,-0.9411357607607336,0.28067098130247287,0.5613419626049457
bluesky_2f14603991e7b6e746bfdc240c7c218d7e4ed9523c6fc20d98f12eaa35a153c3,-0.5843987860136362,0.35792106237303056,0.7158421247460611
bluesky_2f8037be1518fc1eb4487119cb272fb4e7794fbeb543d7d821311a4559635d70,-0.6295548964620861,0.34761147053210856,0.6952229410642171
bluesky_2fb1b097afc3d17b0bac090d76ed14cb33730dd26e5b87825e85034ebcc047d9,-0.7051655875586553,0.330667947254381,0.661335894508762
bluesky_302459cec04cf666851953310bbef9b95e48fe03de99ac61d15cf3256d3a645f,-1.1595100068205677,0.23875633087234507,0.4775126617446901
bluesky_3086120f7f90e717426101939d3bb29bddb9462d480bdcb8c6633b8687527283,-0.6397275299775094,0.3453081342113823,0.6906162684227646
bluesky_30e2a440250d0facdcd6cf447be2a25b6c43025b94bc4efffa64deb936fad274,-1.0064682836391716,0.2676715818879847,0.5353431637759694
bluesky_3158f1b1905e7fa2b0aa5492d932dd554d9c8ec315d372832aa403d73c6caaea,-0.5136722456616162,0.3743330607590585,0.748666121518117
bluesky_31792261ffb33f5db4d5624e49c63d2c782664a9d8253817db5090624fd59c0d,-0.9663590332539249,0.27560681863859493,0.5512136372771899
bluesky_31964bf7b866e44c68964dba89b5596e8090083aa8de43ddb589f1841ce9d590,-1.059179100356467,0.25746636093649183,0.5149327218729837
bluesky_319c9c9a8b5a19d414e963369566449aa0d3dc836ab38c4c1272636e70829def,-0.3434925463142429,0.41496134605447615,0.8299226921089523
bluesky_31b055a2268b5d447923355b36cfca8bfd9ab1d8895dbfb21dec9a8779bcd5e1,-0.7677875199687698,0.31695790433858734,0.6339158086771747
bluesky_31f30be2c40d37a5dd00118712e24818a2d72bd5f163083f559362d80c477a48,-0.722530745861778,0.3268359390674253,0.6536718781348506
bluesky_31fad0cf0a1ebc48e0609e9484df059a6eed055c5e27fc92d9e55cbab3c5112a,-0.745494803574366,0.3218037519791381,0.6436075039582762
bluesky_32382052b0544b369c06c48aeb58ed1789f40c66ee715da5e840d4e2680f0d1d,-0.6398362331427919,0.34528356005367855,0.6905671201073571
bluesky_325cf265341892c14ca24769d1559a520f11292cee351713f29434d99003be85,-0.9862413068521259,0.271655128869747,0.543310257739494
bluesky_33e3e5693d44623db99722e07cd4767585c4d9931fab0523042cfe849c38f7bc,-0.9361390991585206,0.2816808858714392,0.5633617717428784
bluesky_33f192c5f68913bfd0ea20f0c9b99cdff52bf8662dda5dc4e7c2835687b33b7c,-0.9389412510761166,0.28111425453409733,0.5622285090681947
bluesky_344603d752bf5121bb70dde33dcca2ef0c5849dd2f487acb9ce6a5ac7884f6fa,-0.5846099673149215,0.3578725314994279,0.7157450629988558
bluesky_349d3154f264eed6e532d4737151a8a5749c30d6cd48a6607efb1273b7b7d94a,-0.9841928881561505,0.27206061568877615,0.5441212313775523
bluesky_34b052b56489f4ad9395dad5e566d271b39a777464750f0e52711d29c640fa54,-1.0034318011571095,0.26826722357486366,0.5365344471497273
bluesky_34dedf6fac50ba303293dca31edd84fa91593c8d111860b6fbdbaeb2b45c24ab,-1.1572301326308112,0.23917094875342682,0.47834189750685363
bluesky_34ed87157559f2ae65d46bc3a74d2048940a26080e18d058ebc9084417b88f6d,-0.7001677282368249,0.3317750413716263,0.6635500827432526
bluesky_34eea0235fd3683c3b64bec0ff0a28c3523332d708f05ed0879e103766cc04b7,-0.675062812423199,0.33736412099622615,0.6747282419924523
bluesky_3541d35365c8841147592cbffe3a2ae2ba98036d76317c81bd985f020e4ab672,-0.9665205905400069,0.27557456526731555,0.5511491305346311
bluesky_358ec42dd85fb995bd6b5229608ab4dc977e720608eb3c7c43f88fe365c71382,-0.7727400008155164,0.31588668733074776,0.6317733746614955
bluesky_35a9b246032c2e703c833a1b144dfe7251ae4bf709a6d3dc35b64f0fd87ed459,-1.0265900585525736,0.2637457263048902,0.5274914526097804
bluesky_36ab037280ea5b85deb1f1a9f5d1613830c01e2006426931164c42a9545b3cec,-0.9661461444043584,0.27564932343812826,0.5512986468762565
bluesky_36ecc5efda75f8d6bc3b949bff8672af24dbceea5c352e142225dd673f094dfd,-1.0215882924996291,0.2647181358928212,0.5294362717856425
bluesky_3717a9d795eb2241a8208077b476b98ad49de956cd488b4a6270700d559690e9,-0.28301738867144816,0.42971417879223917,0.8594283575844783
bluesky_37d89942a385f6efe7e11b502ed10b16355a06af8abaef5f58de2da15dfb3d64,-0.9060721224478806,0.2878042744757061,0.5756085489514122
bluesky_3840c97b02678c2ca68bdfc9f791a6050ad718303a55bbd3db30de66f8e3b243,-0.5490862650490504,0.3660764284529828,0.7321528569059657
bluesky_3898b75beea6abf9e33d256169512a56c5c335d5d64fb0cf5603758c19fb2771,-1.149546922674284,0.24057184920489702,0.4811436984097941
bluesky_38d4b201cb08181d445c59a4b3a544f70470e32c1d8ef5d1f9241c1f24f2cef6,-0.6421098777208932,0.3447697545041957,0.6895395090083914
bluesky_39390b91254960a794f253ea74afbebe191bcb094ff54221fd989beeccf23c90,-0.7153845023220875,0.32841015553021885,0.6568203110604377
bluesky_3a0872025cb6fcaea3dfa2f7b0b5a17a3a093448f28a159b6afa7bd019a6ebab,-0.29830889999874727,0.42597093859080676,0.8519418771816135
bluesky_3a1fbd9c07142040779f28d79982eb844ab0a473e112f1574449f374acc8ef85,-0.9463504013318353,0.27961937770861034,0.5592387554172207
bluesky_3a7ca7bbfb6b7dabbda7b9a39c33de2e0714480cba2fa97a1cf5ceb771853419,-0.5843323637379264,0.3579363272577554,0.7158726545155109
bluesky_3ad8931042c9de73d9441d672ccfba3bb9750fda430b61b76a99ff645fe87e01,-0.7376699125245997,0.32351387973031137,0.6470277594606227
bluesky_3af7be3366c75167e40148bebce8dfea11de28775af92b45fba71ae5bc078037,-1.3532126211869904,0.20534564383449477,0.41069128766898955
bluesky_3b36c1a963e747db3996c188d77bf015d8d7b4c5233a001916c6bb37ea07dc87,-1.0312749401636083,0.26283700509341146,0.5256740101868229
bluesky_3b7c380440ca63e14f33403ad8ea54a58358ecd8b741590afe54e5d9bc57eb58,-1.4205647651715712,0.19457306149769063,0.3891461229953812
bluesky_3bab37f46dd87c2993410b0cd3e31991ddd1509ab076c96d64f4374bf64c1f25,-0.2124221121745999,0.4470932657265262,0.8941865314530524
bluesky_3bc6d99f062cddea4d79fcc3afd31ca69751ef0ef08d98b0319c3f4444e03372,-0.33841446025692257,0.41619467496303486,0.8323893499260697
bluesky_3bc8ce4f78872eb55dbb668f1a1eeff4efa469bd9f3eaa4b8a1189b9572d7e90,-0.5741762977391441,0.3602737254746608,0.7205474509493216
bluesky_3bd398644c59430bfe0505ba2e698877a44f59c1247ce837b1bc41ec08a48c68,-0.6446543538295414,0.34419517552223317,0.6883903510444663
bluesky_3bf444de2438eb824955a82d4783b43b14327315eb9935a6bd9bad520ece7e4b,-0.6700776542964926,0.3384794529190174,0.6769589058380348
bluesky_3c05fbfbe40be892837f39fc03cf7b9d94692b7e7209fba6fe72a07010532a75,-0.9460996902065029,0.27966988183779234,0.5593397636755847
bluesky_3d051703936538ab71ce47841a0a6250d2427a1345847e76b3a55f3af00736f5,-0.24252891273870752,0.43966323437190075,0.8793264687438015
bluesky_3d412804e3fe9e46da1253f92531b34a6d5f56430e69fb095bd9261dceed6c45,-1.05682283393217,0.2579170832726311,0.5158341665452622
bluesky_3d6451f336043b8ecdbb37cc7fd3cd40debba98501021a4b8a5fb3438fb26812,-0.9611630183213649,0.27664539966707086,0.5532907993341417
bluesky_3d8c80515b4d48c643928f637b0a08ac4e57dd13d9c93c4b2e10d0639efb5a97,-0.7475350389743809,0.3213586405458671,0.6427172810917342
bluesky_3de4cf3a349364bef2ed980ab3ce50b8ff7b6fbf78275c73bc127f5834581dc2,-0.6447044982640532,0.34418385676537316,0.6883677135307463
bluesky_3e9d5c602d2c9419e3ff95596b7aa0abb34fa08370530593d35c26b35d1f6374,-1.1147619500726593,0.24698418015044304,0.4939683603008861
bluesky_3ead215cceff61762ea150ecb6decb12ea21884000e4bd36f6d62c1d01b24cd1,-0.8707491038165142,0.2950984529904398,0.5901969059808796
bluesky_3eec45555fa71fdd7d1c412c69f9bc6d7c1ef3b048e96c63eb8f2b23ab870c56,-0.9059943533177829,0.287820215308645,0.57564043061729
bluesky_3f881c29bcd3e75a7c237ceb2becf41198684178c4c8e4dd48a275a9013ee004,-0.14011063409736746,0.46502953150914833,0.9300590630182967
bluesky_3fbf18e6d88a3eb0e85aec2fae5ec1d79528a7746c38c678bfbcc3441dc34e3a,-0.5692773801000658,0.36140358233589764,0.7228071646717953
bluesky_3fc94fabf3f11995c2733f6c65bc46ef8786aeb723e30798e0fd019f17267acd,-1.0590386062702803,0.2574932211505756,0.5149864423011512
bluesky_3fe81976430e210b3dabed6e8049bc9978973bc75b8c4624f203b7a6a3f7a4ee,-0.2426335022695243,0.4396374679126534,0.8792749358253068
bluesky_404f3fa97a2e53d8dc91ecc13c98d38de82dda4f345270b81b6b778f65814807,-0.7675462506863753,0.317010140381139,0.634020280762278
bluesky_4075505e7ef0eb99a956b72995a1311892e3576d233f9fb013f0fd5211659bc4,-0.7427260287872146,0.32240832417122844,0.6448166483424569
bluesky_411e961cfcfabec58983727e019d863ea700a2b9eaf94da0225792bb9d8f0364,-1.056865188762846,0.2579089768164479,0.5158179536328958
bluesky_4133a59b37ffac5d048f2d63d766344cd25b51d5654d237bea5892eaf80043cf,-0.9110658084751273,0.286781789388834,0.573563578777668
bluesky_415e6c46350d367eb75278ee71e9f85ebe537d8465ea32bcb0bc5313bba60cbe,-1.1195281130480952,0.2460988242257279,0.49219764845145586
bluesky_41a98071f6cf12132edab954426d54be5e880c58bc24207ad3bcf78af3902ece,-1.4484371628097028,0.19024220471125455,0.38048440942250905
bluesky_4224c7f66830e835d2a9d05f382b675b6e1e17f1bc1b637a47bb49ac935fd2f8,-0.31318398645321677,0.4223377547552739,0.8446755095105478
bluesky_42e10e6d41468c8dc161d91fdc1d6ffcaf5db46e1d940240f7f030535dffa997,-1.1143119182475498,0.24706788794706971,0.4941357758941394
bluesky_4350062add82fd9b3187a35becbd70043aa091cf0a25a97c11461d0709f4131a,-0.48155892245062915,0.3818840760286607,0.7637681520573214
bluesky_4359735d3927eacfd6e328ed98ecf07bbb5ec7548c3e28565a93dc194a8e2b43,-0.3132308085881701,0.42232633166723976,0.8446526633344795
bluesky_4368976206429a1951986d34438029b7bcd95ee11dcd29c6deb387a51df23ccf,-0.7881760206838166,0.3125604472602386,0.6251208945204773
bluesky_43f06155b22e9007bba58a593d4ce2a1f70b49c376cc1e465f3054aa712c6173,-0.8658330758302978,0.2961220913534151,0.5922441827068302
bluesky_443f3ba3ffa757d892d10a02e28a29aa0ec4b4529350e8027b82894138b17c71,0.00813968353938499,0.5020349096497073,0.9959301807005854
bluesky_4466feac385d402cbe4010212967f7a958c351c66c516288b21d2ec44f3eba0e,-0.8031216599928273,0.3093581618391888,0.6187163236783776
bluesky_4472b41dca8d02683dfadf3c5a34e024a79d8e00009af93f10f36939de062808,-0.664851343610048,0.3396506679839978,0.6793013359679956
bluesky_44e48da5b9fb3d655017e28c6085d3e5aab2ce5b2b75017b393ae825a861ceb1,-0.9060633508885729,0.28780607241165107,0.5756121448233021
bluesky_44f9a69bf857f9419406e8e4f60d2f65e958c7d24349f95c82ef3bce810f7b8b,-0.7631189986628732,0.31796948121030405,0.6359389624206081
bluesky_45c2b26f6bc0f09fd59c1231b4a8a80c6f642e46a38d10c665d4ad33bdf0fc10,-1.0642765136150267,0.2564930559488742,0.5129861118977485
bluesky_45d59036e843f85ed57724625f98e52c5d61306030a43b28c3e33ddff47b8063,-0.9210641351072724,0.284741119062028,0.569482238124056
bluesky_45ff73bf25d29937e6fc3d2acd886d5ff3b3a15fc271887dc5e4e574bddb9bf5,-1.0590330608649163,0.2574942813806161,0.5149885627612322
bluesky_460329e0f94c11da3309dc290acec6039641d0d9ede9403664d6214df615e7a6,-0.9712045921405417,0.2746404665663156,0.5492809331326312
bluesky_462f090b4b4bd06dc91f52b4435e84ba1afda156fe1444a341390b0e48b792b2,-1.0891998437635197,0.251768982973199,0.503537965946398
bluesky_467fd376103a1f8044f3067a6d02629070087174d99b1e9ef568e0ff047bc5fb,-0.7456029481413673,0.3217801503043074,0.6435603006086148
bluesky_470fc20512aabde62a9ebf23cd8d4026215820c98e80cabca3dc137c7212b687,-0.951567039416686,0.2785697869147407,0.5571395738294814
bluesky_4742de4675643db196831fcad97169aa830ae26f04915f3ba8a6f813dfc054a4,-1.157162470380468,0.2391832613490289,0.4783665226980578
bluesky_47c6d52f09beb5f76624fb6d55b558fc041f569fdaa377847c2da6d4209adf3b,-0.6198320453482444,0.3498196510532335,0.699639302106467
bluesky_47eef77706f224197a04ac91a6d9544d86fcb27e9f0fe66daaa3ae620c64a731,-0.95141402743481,0.2786005385696659,0.5572010771393318
bluesky_480c497b10a72354f37210a67a714097ff2b56f9cecb8ca847a4f862ae895d27,-1.0014114047311895,0.268664012870936,0.537328025741872
bluesky_493c17efa98eb1bd2f7bc82a4b9e54679317f58347d055c5c5864530314d1efc,-0.8129602811877128,0.3072600367225388,0.6145200734450776
bluesky_494e1244c486c8b676e9cf8cfa8d6c9b0a200f9ab8fc96c9f33a65b865837d91,-0.08437796384903257,0.47891801556679775,0.9578360311335955
bluesky_498ea32951af0c6a6234b48ce26362a7e101c626021a8d2548bed5a5cae2bf0e,-1.0416950391929922,0.2608230673977864,0.5216461347955728
bluesky_499e668d0cb7ae9d38a09b3d85c1c685af1b5d04fcec61cb6ff824c112f8fc3b,-0.9513118539136982,0.2786210741012588,0.5572421482025176
bluesky_49aa3e6b86039885be0cee7aaf28d2de56a60bec4cd793f5a03565a1a70da663,-0.9662031971312718,0.2756379320500126,0.5512758641000252
bluesky_4a27700c790a7dcc514acb0881941a5f6b1fef0c1615081dee5e22c2ae77df9e,-1.019081698042858,0.26520631321507077,0.5304126264301415
bluesky_4a661596e62625a0dbc1abdf3a1a4d634cfa70560fcdbd64acc3a1364b47331e,-1.0015850530289474,0.26862989518828645,0.5372597903765729
bluesky_4aaa5617ba8d8f23cccee6f95b3bbcb381c1781e2720f8c9588212bc953d8def,-0.6195574437153859,0.3498821106339688,0.6997642212679376
bluesky_4b00de60f6cdc5979a8c8a553f4903fedfd75e121aaac396541779bc6913464f,-1.0115368095238255,0.266679202386627,0.533358404773254
bluesky_4b16e2835cb18a323154e4f1fce0e5ea7a6c463903b0dbdad226074a88415987,-0.5792960813112742,0.3590945814249094,0.7181891628498188
bluesky_4b5a4c7daabf38f1b528647cc1ea099e677537bc98052133b1e712c6b2963f23,-1.0392064165098622,0.2613031454069521,0.5226062908139042
bluesky_4c454815daf61ad6c31fb31e3c3faaf28d75bc19053b556f6aa1c25da6168741,-0.5168900661737587,0.3735797273087545,0.747159454617509
bluesky_4c456a29e26ec5c4b5068ff667e38af21efeed465686406d3d9b183609e6bfe9,-0.8960024803602651,0.28987268112150044,0.5797453622430009
bluesky_4c9f5c229010eb330af400673aea135d015d5e52006b8c8527ed75bfca7ca69e,-0.7826401024673569,0.3137511626609378,0.6275023253218756
bluesky_4cace324b89b23c55931f030556f31e1f85374ec727372ec3101e25d9a34f40f,-1.107119435753495,0.24840830471740444,0.4968166094348089
bluesky_4d036cfbec8147d642d0e970d898e09da9dc8440d739881569f99d903795e5f1,-0.5219920304099077,0.37238654845625335,0.7447730969125067
bluesky_4d65d393ff93571e9b21e29c638a9ab48d1a2e0c239247f30c581c32ae487509,-0.880677673847772,0.2930373679205968,0.5860747358411936
bluesky_4d825fe1d2e09201614758ffee9ecb003f4633c5c56beddeb597ed29903510be,-1.0290097945568206,0.2632761211763633,0.5265522423527266
bluesky_4dd531206e29a32ef6389cbf8d466aed5214e711ea5a15afddd2aad72eeba470,-0.5218225874596123,0.37242615063890777,0.7448523012778155
bluesky_4e60a985bfdef76f8f12ef53948ba622ba4abbe046bb83e28ed412065303a6ea,-1.167262841960127,0.2373500947592699,0.4747001895185399
bluesky_4e6b33c157ccaff7475002ff6772e394c0ed6920423d35bf98658123c71a71bf,-0.6549963523399752,0.34186450565008386,0.6837290113001677
bluesky_4fb0c96d1de4ad659c96e05dfb80972d5d3f36a79d59d854cb02328348756677,-1.1473052814039646,0.24098162855104,0.48196325710208
bluesky_4fc449f62f8220e9e26afc4988c372c66ae07be2f7cbe8e660397fa1e7cd56cf,-0.6697778211042447,0.33854659215376703,0.6770931843075341
bluesky_4fec7c63cea5cf334e5efbfecd1b220e837846f93fe1c8f5d4342923403f7d83,-0.3232738180415749,0.4198781011630011,0.8397562023260022
bluesky_501942e8118c7e2ba692455e22d30f5257407d77c9f3dd54735cb66344c49a1f,-1.1192074804765353,0.24615831737388993,0.49231663474777987
bluesky_5052da8ed74b8703fa207e9f664992e2368fd727453cdfc83fbd3ca1845f9b20,-1.0491965517164106,0.25937941478504595,0.5187588295700919
bluesky_508dee6b4ae859fbcc908b02c32e4cb72dcca01ebdaabea01a299816efd14a91,-1.1972394096596384,0.231966674174472,0.46393334834894406
bluesky_50a0ebfa9cea9e26d24835d45e28c10594394a5290a731484f2573e16ec3ee8e,-0.6396531647614349,0.34532494618090087,0.6906498923618017
bluesky_50cbd194d7c2f43a972e2f9c59ebc9f58c3c2d739dabe785baa803064956cd80,-0.29297865811849827,0.4272747991329263,0.8545495982658526
bluesky_50e7d101e8835f0738871ab3bbcc1762119de559d2a6969227cb59423882338b,-1.04917087201756,0.2593843479302049,0.5187686958604097
bluesky_510055c13c7e91fbcd429507031ef7f75917d2c30285a08efde46c7fa39631f2,-0.7073221703247627,0.33019081242690435,0.6603816248538087
bluesky_515c406a738fd90502b0650afecf24ca5b5865cfa36eb9a095c1ae88aeb372ac,-0.8330998582760114,0.3029900206793253,0.6059800413586506
bluesky_51771105d7d2c6d9783f8ff4a4cc57112fef6a9f8f5f875c6db7f8ce8c9d0eae,-0.9110815594109285,0.2867785677348308,0.5735571354696616
bluesky_5194017ab11fb2d46a614a0e64bcaaa2731d27ae88bc58c079703b073a53413a,-1.0114700755496322,0.2666922531796098,0.5333845063592196
bluesky_51eb2bcd30e8ac628b01152963421b62177647bfd71fd0522d124d516ebc43dd,-0.8960365002223432,0.2898656783016861,0.5797313566033722
bluesky_5217bb1fcb9fafb438c355e358a6835ca021388438550707fc11d8799432460b,-0.7152665778651747,0.3284361651121146,0.6568723302242292
bluesky_5244cf570a61178815655d2d5603ccccdcf1ba36f9895b372198c93dda2d35e0,-0.8304340025115737,0.3035533104483508,0.6071066208967016
bluesky_53756ddc07343c7769280fcfc59460ecf232801142bd9f60dcc9bd90b947aa5a,-1.1497181133289722,0.24054057456897388,0.48108114913794775
bluesky_54b028861e36992102fe0d7f4517ab76680941e269c6bc8a3b3f306f03cb94e6,-1.1016464457032091,0.24943152720097292,0.4988630544019459
bluesky_55317935990f53571e7a33dc54c1b7dcae6dd41d32932f983352e21f0d95da19,-0.9843478134695189,0.27202993479975435,0.5440598695995087
bluesky_559c3a97c48b01810bd1dce4e3e1d411fd27e33c4928668aa70d1f4229e521f1,-0.9462072159180783,0.27964822079757623,0.5592964415951525
bluesky_55a0d42baf617179999e2022cf9b2605bbc90f55b09941d7863a09f42cda4c07,-0.8987192894113296,0.28931375488163413,0.5786275097632683
bluesky_55b338e4eb536b076b27f31179249421ba01b57f359d1f0479878fbd43176fc0,-1.0164562431001625,0.26571825596086796,0.5314365119217359
bluesky_55b977a1712ca9415b8218ef0128478892598b72c8cad1226723c852b8afff70,-0.37595460290304683,0.40710296699112325,0.8142059339822465
bluesky_55cc8a41b8e5eaa9180846b7084ee765d4f84a7117c9625b4499ddccdc90ed78,-1.235064897365843,0.22529617983895248,0.4505923596779049
bluesky_5692fa61131bbb86845d632a3eaa6c63f49327668b04c7254c568c5c76062da0,-1.064161661872118,0.25651495929049317,0.5130299185809863
bluesky_576dc757f674fe63b2ba0ed400d4c6930c37b776e49b59e9e3c6417ca4d0959e,-0.5965754409756034,0.35512756914721,0.71025513829442
bluesky_57708c7fc1a377e212ef0c69946747caeb1ab6ff5147c09e3a8c706900615c3f,-0.6447044982640532,0.34418385676537316,0.6883677135307463
bluesky_57e79c3f2462c205aad6ca63beacc02b3c5c37a4731e41c675a64028398ea120,-0.9461461829891629,0.2796605157469897,0.5593210314939794
bluesky_590a70541cef3a8ce53477f93059cc5eb9929b045e147592d7df6853f0e3ba6e,-0.6448243368911148,0.34415680713627095,0.6883136142725419
bluesky_59309b675fbb53bb494f46bcf12b4b9d5e1383c1d9def6b8eb4892325b2cf824,-0.6801264741023855,0.3362330754709814,0.6724661509419628
bluesky_59d0a186fcd8269e0080c3843dd7371fd2a1bf619e6cb8a7d08239df20d19933,-0.6549314692257472,0.341879104057116,0.683758208114232
bluesky_59d548b222e20b335108b3fcf24cdadae19cc89e2affdf6d339e5821dba70567,-0.9713858205384132,0.2746043649734107,0.5492087299468214
bluesky_5a30c6aae104b2ad9db89f502a2b9556db1aedf4d61fb934ddddb65aea44e443,-1.0293028891855274,0.2632192759575566,0.5264385519151132
bluesky_5a3931d53d1feb15b5067b9faddea3d3f8109b8a366fc30a6ba4354a8ee1e654,-0.9063368920618868,0.2877500069097107,0.5755000138194214
bluesky_5a94d597eef779e76cbc182343a3dcf40698f1eb08b3f36b7a0ca3148d85efcf,-0.5219400072309496,0.37239870712419926,0.7447974142483985
bluesky_5ab663ba0ae92491895ea4e9d60f538de7c73bd48b0b0b2510f0afeabd7260c6,-0.9257528120613197,0.2837871707158357,0.5675743414316714
bluesky_5ae93dcb37c70f4ddeb2f1f47826f517764345c608e7cb819162f2ea82b2de4b,-0.7153367800676805,0.32842068109010625,0.6568413621802125
bluesky_5ba0c3c077c00987c51a246eaf031ed24a1688d0c965a3e513ea2339b46e4050,-0.5894022669118307,0.35677201378143314,0.7135440275628663
bluesky_5baba38b5cbc0e4727c86b479c7c52a113880245d10d11aa44f79c53a4bf4038,-1.0337755592884754,0.2623527882702521,0.5247055765405042
bluesky_5c46476ecd06618cf425c77863552cb74b05686c59642321ba3c89d22322795c,-0.8837951341289456,0.2923919516260125,0.584783903252025
bluesky_5cca1658cb56e3bb4edd5d61e647604cfeeea86625455c4a4a876e3f7fcd0a34,-0.28796525549889396,0.42850207902433685,0.8570041580486737
bluesky_5d35eb61f057cd07d1811641d84d06a879b16c278635963a66a936d3a341cb69,-0.9360897276379716,0.2816908756528362,0.5633817513056724
bluesky_5d5d2ec8197b3f7d9553fbd7279c9e15425dfe9609c9d7376e4042f653130e95,-0.1822930745418186,0.4545525162700021,0.9091050325400042
bluesky_5df930607f0022683b037b85e41ae4b29ea64e898fe1ff51e81da0eddcf2fd88,-0.9812182296657488,0.2726501271540198,0.5453002543080396
bluesky_5f51a969f4897b49fdd0bd76e951c3eb16e322f3e5df15233a8cd18b81b22ba6,-0.32342426610699826,0.4198414553926146,0.8396829107852292
bluesky_5f9adce227e8fb1ab0e404654da264f44e8de1bd5f479b681a8ff0382d462519,-1.1325297719480965,0.24369454266524632,0.48738908533049263
bluesky_5fb89c0de5cdb5c7b74f283bd45a892b7a325c01c1464f2346773847fdb6ac71,-0.7001816623632628,0.3317719521779741,0.6635439043559482
bluesky_5ffa21c24dad5e44f167e709f7de974d49b1e8c0acee82d075442ced7580b42c,-0.599313833144586,0.35450069362216297,0.7090013872443259
bluesky_609b6f39ae35f6c6abf217083bc8d5a2562a9c810164f72f3d942ce3c7cf51a5,-1.2554901380961918,0.22175121667598072,0.4435024333519615
bluesky_60c958f3b32efe79721643f40d9d6675cd4e6e3235632857249915fb5ec2c186,-0.9010452859623432,0.2888357381629829,0.5776714763259658
bluesky_60fed440bc2e822553256ea7a92fc9603a6d24f926924bac0f5d729558a91341,-1.0416850117976688,0.2608250006280368,0.5216500012560736
bluesky_61537c569f1b19af85a5a4105a4513e5a4816fa761c22ab73b95e9a942715599,-0.36367946139490326,0.41006916481290134,0.8201383296258027
bluesky_61bdd8945e8a3b3dcbd7fcaf2a0daafa117ea7e090a6d8a00eeb0ea0c2b8b050,-0.513898628014085,0.37428004175026625,0.7485600835005325
bluesky_62595db61e0a64aa294b77c2de4cdca6a2c1e33dac1de87f755dd9958d1205e0,-0.5539873311190511,0.3649398134319875,0.729879626863975
bluesky_62864dfbbdedec6ec3d2efc110ab51e719eddddbf35c7637df1ea31dabd86164,-0.5341799919671495,0.36954250006389966,0.7390850001277993
bluesky_62aca9dfb0af92b9a1392d0f4247b92277de8352e9ac9948ba0d0b2277d70e61,-1.0341015984713156,0.2622896968167711,0.5245793936335422
bluesky_62bda9f0a0c718c1417a4e123b5cb36acbcfc4e8b5067442170ec761f7cac95a,-1.0164601394834172,0.2657174957301814,0.5314349914603628
bluesky_62f9632b4b79641c955ade37a84adf4f1e9465c7db5291a260ea18f7963bfeaf,-0.9514140274348097,0.27860053856966593,0.5572010771393319
bluesky_6365ee2bdf4c4279ad224569a1d8fe2145ee694b492471a60c4b972aa6621f37,-1.187423281136327,0.23372009659924006,0.4674401931984802
bluesky_644b1983ef4c72787389a791a1daa2d8e8f02abfb4223a9057a53134a8436656,-0.44109048209800555,0.39148115989593496,0.7829623197918699
bluesky_644eda33c4557c9036d82019935a7c9f05d8302a2f2dbb2c131337b66c72d4d9,-0.9413065230542889,0.2806365065777873,0.5612730131555747
bluesky_646783655a55f992667fd239c783b32586b52df352f7f5fd6b51f7153c7681cf,-0.2677772064634426,0.4334528687756975,0.866905737551395
bluesky_648555dc4cc21ebe5cca26b3676a76c5c976bafde5a47402a3fcb14df5fa265c,-0.9661366984632431,0.2756512094827144,0.5513024189654288
bluesky_658f1261553325af8c70f963fe3ef2fb1ae78926f7aca1b6038f880eced5ea72,-1.0467898622219483,0.25984201167618853,0.5196840233523771
bluesky_65a208b82ef0812b15f93b48effeeb793a2fa8bd1d4be0940624100b53c4b328,-1.0265666784850211,0.26375026636309185,0.5275005327261837
bluesky_65a2e4508cfb29a4aa0f0c56d6bb989609691288d5fb8ba95f9522442b6c4947,-0.47153221551218993,0.3842536529203445,0.768507305840689
bluesky_65aba13c9546286c756ec43642a5e8f56adc92d89aa21430260eeb00449708f1,-1.0441209688641737,0.2603556332016461,0.5207112664032922
bluesky_6614ab804624e094dbf6c019ba8f6a3ca54481cdc8bbf66ffd4747094c017046,-1.054134118721172,0.25843202709918556,0.5168640541983711
bluesky_66683b2ac8d238b2ea38fd3e4e1941a9bdaecd0d7d39f0c770ce84aae26d51c1,-0.3637440813184851,0.4100535325400492,0.8201070650800985
bluesky_66b7b638487b283342ff5aa9239439859c46977d66d55db302e35d4d27358738,0.2622006872567395,0.5651771923171838,0.8696456153656325
bluesky_66f47fe334cd30165e71922f90f3f258108adc0e67ee5f619cab0023bd609123,-0.9263566749758146,0.2836644503896709,0.5673289007793418
bluesky_673cc70f4bb2962d32b343815ea89626aa71782ba56f370e128606a8fdfefbb4,-0.6247470049733188,0.34870259060566905,0.6974051812113381
bluesky_673ff414ec61b08ed022bcf06813fb8d5f375ff8fe0689a69c13ba134625a6ff,-0.6048416879707104,0.3532367746557993,0.7064735493115986
bluesky_675e81ddff3c5ceb34ba8cccb884602e47d7bc939ac7eaf0063a37dd9c80dfa8,-0.5794688376076864,0.35905482328043486,0.7181096465608697
bluesky_67d69330b8ec57f22060ccce18fea831eafbd453a300f8cc4ca6fad22f9bdbb8,-0.409056191647062,0.39913845026624134,0.7982769005324827
bluesky_67e825d4565ff0ff94ff8f0f25fa280934f6d366ec861b5a10b69923a2e05e24,-0.3485321613495108,0.41373841332888855,0.8274768266577771
bluesky_685a61bb1b6be541a679c2b294c2283430f5d6a75b55a4acf2a9483069550c19,-0.4966500094835671,0.3783282513647784,0.7566565027295568
bluesky_68796507b371f96467e1b1f224b987cc0f99fe78e2a3081a4a61db49f429a83a,-1.124609868660012,0.24515720176724057,0.4903144035344811
bluesky_68c8a7d68068314f1a6d2d0052adc93ad5dc5e1dda2f1e5d9421fcb45db1a7a9,-0.8810689814552038,0.2929563086710055,0.585912617342011
bluesky_696851ddef5c6e464db1d2a4a05cfdf2f2b5333d7190f0f1793da07efe2ddeaf,-0.2880659304175991,0.4284774251175643,0.8569548502351286
bluesky_6979dd071b5c68850abf118e341168fc8c0549720c5e4663ae9ff1967b961d92,-0.6651504164024716,0.3395835927352679,0.6791671854705358
bluesky_69ca49713cb5f7cc7174fae5a67d1d9688abac33f51f07e91dcecafced8ff653,-0.6296010634578625,0.3476010009589831,0.6952020019179662
bluesky_69ddd12fc7b011e5c23a067518533e2da30bd920a96d838d78c490c31aeb9b47,-0.622187214439437,0.34928416723547817,0.6985683344709563
bluesky_69ed8454f5fbe1b7bd473216f68dacc622bddf406f5612ab87a078912893ccaf,-0.7474138369376706,0.32138507373881947,0.6427701474776389
bluesky_6a6c356e59f7d689a1ea0200d26f31281729f8f1e5366d97c85d27da560896bd,-0.9612011666270236,0.2766377657708126,0.5532755315416252
bluesky_6b755b441414388d9ac08700bbe2e0fa8748874bffb0e77a1ed11f0aedffe3d8,-0.9514480472968874,0.2785937012317714,0.5571874024635428
bluesky_6bcd755e0f609ccf841f11fd355f1eaa5b3a8a7eb7ece65822668cda33980755,-0.40102799634065267,0.40106537779631274,0.8021307555926255
bluesky_6bd9e07ddaa9d0a60cde9883940e5b4d355d0696dc7c7eaa791e6997f1ffde73,-0.33845236750433605,0.4161854644156458,0.8323709288312916
bluesky_6bf07634aca2e67652958b2e9f55c5a9dd5aa1c96d197196cbb3d1182b9e53b9,-1.1374216111371227,0.2427940707645103,0.48558814152902063
bluesky_6d02a122dee8d8958e5ed9cf61b455188912b432d7e1625a037ca4b5740ebb26,-0.5016568359973275,0.3771513852610105,0.754302770522021
bluesky_6d71301dbf8162a0afa9c436ef6d751cb28535ade58485a5801a32cc0022bca2,-0.5592517573224849,0.36372060630622904,0.7274412126124581
bluesky_6dbe52f23c11eabdc3fafcf7fd1502b8c3cabee0ab897cd05c97827bdd77781e,-0.9665237075061996,0.2755739430177399,0.5511478860354798
bluesky_6e4a7ce506c2b212a34477a41edc834126dbaa08f94f619b6d1e48d8b6bc4545,-0.981228360248954,0.27264811814207257,0.5452962362841451
bluesky_6e70d1e5c0148e8ca74c2f7149f44aa7623e34ce15746238ed14e9a52287c55a,-0.49155253484268835,0.3795278983827279,0.7590557967654558
bluesky_6e86f3f4fdebc00fbafaa16a374af0e743a390c9ee88b9a5a2ac643cf78cb6ec,-0.8960024803602651,0.28987268112150044,0.5797453622430009
bluesky_6ea7d2524fa4dea9a16db22aa08d651d4e17fbca8f67f1f8408f8f65a90b47d2,-0.9112905415293809,0.28673582514325274,0.5734716502865055
bluesky_6eaa390fe7ecd23ed6ccc14921b481745a676cea6df1121b0df12ed17d8116e9,-0.8029138181916777,0.30940257018197626,0.6188051403639525
bluesky_6ec563c1fa8e709068c754272671fabb1f15a582cd22dd713a3b0a6b6536ffda,-0.9965605676286831,0.26961819198722486,0.5392363839744497
bluesky_6ee0f696da723e238e981baa7acdf404d768fcc2af68bb07079b2ea575d2efc2,-0.3030824363975082,0.42480412945501045,0.8496082589100209
bluesky_6f998e367bd2c2b18371c0aff61df355ba19114156fe59887ed1aef64122fa8a,-0.6974329581613041,0.33238161957314255,0.6647632391462851
bluesky_6fa70a173c97139e7cc230b1d77d6ea15d41311d99914c4d2f393e0ea4eade87,-1.0014112868576255,0.268664036031166,0.537328072062332
bluesky_6fec84a53e7c18d97905ccb54d279853cc1feba52bb95e2f8b2ea5bc51e37d3f,-1.114609889991066,0.24701246182786704,0.49402492365573414
bluesky_6ff59106800813d3f5cd6765b0f7e1aa6f5b45d259baf6161130573969e9c3a5,-0.8909768991821235,0.290908270882543,0.581816541765086
bluesky_70a9a266db815c936c1f9c3035f56eda1c885e3e85f4332b175a5ed37fb017de,-1.1452270042882529,0.24136196974964427,0.4827239394992886
bluesky_70c53f5688b7b6c5c27121d202972bfc56de3306e3d50e45382614087dc8b204,-0.24266232546457683,0.43963036714745524,0.8792607342949105
bluesky_7199b84a5f5fb056d790034dd7909ab122da57d504d3edeb4c2720a120115f56,-0.5086604432634306,0.37550760136305605,0.7510152027261121
bluesky_72235eaea6911f5a5b129a547d546c907f9156e3061e3179aff0b67ecdf7cbb8,-0.9110276434779475,0.28678959564434575,0.5735791912886915
bluesky_7269196fe663b3a2c5a3ed32fc70a63c42e63af0b0c945cf6b168f30f450b654,-1.0892618179454825,0.2517573083719853,0.5035146167439706
bluesky_727e8a1c215531c38d317dc5e17892198b1cea8d8b603e5a3288225531469c28,-0.9866155993370831,0.2715810782050708,0.5431621564101416
bluesky_72c04d4f06240fb8d71a0cd8b1d6aac8a9559aa2756e601ff4fb005e1621432d,-0.7147207761300349,0.3285565616069816,0.6571131232139632
bluesky_72ece356be27d06767698c4b66662f14452121be9524da36fdaceab7eb7b8608,-0.9412406080413163,0.2806498136704541,0.5612996273409082
bluesky_72f38fe4d260a417c0b7cbea16090e0e7012f6b947ca754c6ebe2e01b5a3ec66,-0.6245924958986017,0.34873768184188075,0.6974753636837615
bluesky_7355254ef74a5d804b7d7e18b89f1a78e9f4b747392c420a73cd28ea3a3443a6,-1.1923682544188376,0.23283564294867737,0.46567128589735474
bluesky_73f2027325098335b7083ef0bd00cb08b05b21ab5a169adcbb0897f151e92a8f,-0.47138454923431256,0.3842885917697713,0.7685771835395426
bluesky_74027309c8d578e3578d1c3d99454ab7a197b872bbe0116932d96f6601e35770,-0.9282574458055064,0.2832783746631886,0.5665567493263772
bluesky_7510b1ef3e805132a1d316e66627cf7bd0fcef69ff0f497e1510613702fe471a,-0.6196153728777104,0.3498689339137059,0.6997378678274118
bluesky_757b3b38dc8411de487910a4983a7dfa70f600f07c50e5e35cb20637a1162c41,-0.6547926727916051,0.3419103336323178,0.6838206672646356
bluesky_75fa978dbf45e1bb00fc930620fbcf72b0e388eba103ed006e17a91858a6d29b,-0.9263028744585111,0.2836753827244575,0.567350765448915
bluesky_762b8063ded8ec072519ca1b696471677e0f41f88789554f044883cf172d3e9a,-0.5066663769684245,0.3759753291414606,0.7519506582829212
bluesky_765e396e1cace96c2b7070c2fc6ee5b95d0f5d51cb81ed7974dc43927f265826,-0.911313564470253,0.2867311165515321,0.5734622331030642
bluesky_770841d0f69f445aca45082ad10be93a6fc5e9990977b39249aa35a5c9da74cd,-1.016705036031889,0.2656697162878616,0.5313394325757232
bluesky_7767b2eddbea4e8d0601cd869b021503ec033c594c0644c74268b0bb3e628a63,-1.119571719732894,0.24609073378423385,0.4921814675684677
bluesky_77a2d2e7586cf8a0fca7c127d63db57a5c3b11eef974ff1228441de496c2ebd1,-0.8859755041728538,0.2919410397556223,0.5838820795112446
bluesky_77ea7e38deb4ca62f1668e687c58cfe1df845c4d77fdf87d9080f8a7bf49bd90,-1.0467519549745343,0.25984930222134184,0.5196986044426837
bluesky_788363cc2cb7cd9884e7ec3b126636857bea5263e635fca019ec7e362e6bb64a,-0.7051961885793815,0.33066117446789145,0.6613223489357829
bluesky_7900be4cff2665a10fe27abd0313bcca12d3dc49d6fa0e83cc988021cf8b0d31,-0.7628471739005566,0.31802843337415926,0.6360568667483185
bluesky_795acff9e33d971483f311ae5bfb9f00827acb7c0c00fad56b1749ba1fc3f9fa,-0.9511613835383144,0.27865131835573576,0.5573026367114715
bluesky_796022d813144cdd30021a1b752c843ab014385aa50a853485712b94ce73aeca,-0.6749278048466072,0.3373943025446889,0.6747886050893778
bluesky_79703fa57559f87b2e91e13302befe9ff5f06ae7d91c84da86abdce5e2548a79,-0.29810242204692383,0.4260214272888031,0.8520428545776062
bluesky_7971d26beb181223c2398775f7fbc05c0043dcec16fb74279a1ba273024f306e,-0.8079557638972582,0.3083262810088981,0.6166525620177962
bluesky_79db2588c3377742b4f7359c500a80b8bbdf7790b577fa7e3106bd327d85e79d,-1.076955304987307,0.25408262922879876,0.5081652584575975
bluesky_79fb4550b133046c562edf173df59be9e36c42fe9fca1a49040af22d915afd3d,-0.5995543140591691,0.3544456663117197,0.7088913326234394
bluesky_7a0c26439fe440d58c8409eaeda94c95330dffbeefeae536a2fee5e03cc41a99,-1.3907513696525131,0.1992878320552921,0.3985756641105842
bluesky_7a7f74689dfd891798632d36ae7c9bafb4359567e782451d4dff4e95f75e333f,-0.900948320195021,0.28885565627557086,0.5777113125511417
bluesky_7a8ba11198b0f7282950562c90541f2f51bcb12de8fbbfdbb1bc1a96bbd68780,-0.34344070494039136,0.41497393155875756,0.8299478631175151
bluesky_7aa6e8bb5a14fbd35bf89f38a2f13f84095fa1c8df8c817ed41df6d7ade88e7d,-0.8052110927402368,0.3089119205598965,0.617823841119793
bluesky_7ae5af46280a651fdbce46e518ee3464a43fbafa91b3cf1663a8c74954685d8e,-0.3485704599885915,0.4137291236823321,0.8274582473646642
bluesky_7b026705282616110a3f8243e34577e25030c958925b2385447f42749ff6bf71,-0.9712212774213866,0.27463714265261485,0.5492742853052297
bluesky_7b508975fa5daf12f95a63c3a8d376b5a730d70de51b21bb8e821a092534d7f9,-0.5591191788571518,0.36375128921993183,0.7275025784398637
bluesky_7cbd2ad6b9e0e288c17d8b78743360c10164b4059579c2b8cdc7308adf38d29d,-1.0668384095428483,0.25600479606739296,0.5120095921347859
bluesky_7cc649033c8902973f9ca856dcb4522d8070a3dfae64382356cbba11cef197e3,-0.6246093358162856,0.3487338571743838,0.6974677143487676
bluesky_7d9514368ecff99a5bb5bc31dc4cba02d372ea7b6178893106d2b6793a6111e2,-0.665054164247822,0.33960517920973843,0.6792103584194769
bluesky_7d96c2e21f7170b352bda8f0aac62708cacaf94f8678ae577615fcc162b6790a,-0.06248925013140921,0.48438276912181094,0.9687655382436219
bluesky_7e21d140fb604a2d1013ad4999fc20f97d3a7e4df459c32cc798c84ebbb56f08,-0.6095611324354328,0.3521593160426175,0.704318632085235
bluesky_7ebfe42d7fe708eca0fcda36c4be3acc024cd0b4ee34980b0d9c2cb6124b1dd0,-1.1092160077989035,0.24801707783017038,0.4960341556603407
bluesky_7f06ddf735e27ab5e6c8c58320decbc9bce79f476af37abb077fbc0e8e2b7b3a,-0.9613227508272727,0.27661343630086493,0.5532268726017299
bluesky_7f4fe53d13d7b8f51e43eba9900a62f5c31321aac551aa79af450c26284d4e2a,-1.1345246014376982,0.24332706861015824,0.4866541372203165
bluesky_7f604575b0c58a6d79a3f85053fc3ba23921d89b9bf250d9bf5a4d89931ede68,-0.6821825269020958,0.33577435941363204,0.6715487188272641
bluesky_7f9b594b3d678c753e55ded9c5706a18e94b7fcd529d20db89a4b809c38d9043,-0.8232187424864408,0.3050808376886803,0.6101616753773605
bluesky_7fb3b432abd962f7ef1c41ed26917bc4a6fb843b9ec9843aff6ae23099084af3,-0.9411709334914258,0.2806638801664747,0.5613277603329494
bluesky_80b68c368ad1c8155301da50b372c7c10788a208229d971b5d803a849bf3b792,-0.24763371147219682,0.4384060088018981,0.8768120176037962
bluesky_80ef6c645c03d673077a3f942a53f62361acc7a960a9640c3c71df54ae3a704e,-0.3807459887812273,0.40594698624983055,0.8118939724996611
bluesky_816d15def235ef603346cef95479c4516aa6f14a3565951d0ecf7c403b92ffc6,-1.0142038623971041,0.26615795444902196,0.5323159088980439
bluesky_8194db57d66764c924245641a3d169beef8cf525757bc59654ee72b22681e22f,-0.23253427623714196,0.4421269730041746,0.8842539460083492
bluesky_81bf8430f5ec97f3f17f6a71472b235a006a143ebaa1ba0d808958ca1567a27d,-1.2120582103031334,0.22933707697355246,0.45867415394710487
bluesky_82b8593b1fa117d0687bdf4d3cebd085c54b25bc96b2fa0b417a742bbd39791d,-0.5541988411120786,0.36489079554169224,0.7297815910833845
bluesky_82ddf9268037b4c3b08c6deffb13cd1b1a72bf5a13ebe29458c1084b382361f9,0.1442366610791488,0.5359967798374535,0.9280064403250929
bluesky_83be01fa36e49b5d299786d6e9986a59373be4a05213712fb20f0b190af1cad5,-1.0038951629943857,0.2681762754504066,0.5363525509008132
bluesky_84209e00ec6828598d5bcfe5b878dcad9dd1a9e7c713688856ec0fe1e0352e05,-0.6448489737528316,0.34415124630013577,0.6883024926002715
bluesky_8472cd7480597f14ce600feb6e55004043623bd7353896b9ea20e3dec7bf092e,-0.9764677550617578,0.27359322022708293,0.5471864404541659
bluesky_84b7655e6b445108fbc799c263fa8ff4f6ddd428a220941af774823ed0a376ad,0.2722042238874761,0.5676339584820298,0.8647320830359404
bluesky_84e522803fa58348023b637105aba9a3c24b1a4e2309664202745ebcbb02a263,-0.6197653088843101,0.34983483013797945,0.6996696602759589
bluesky_8500af3478053251f2d1d345030600d99698a0663756444778468a39e90480a5,-0.7203490721377084,0.3273161194996405,0.654632238999281
bluesky_8501873f102fba65e36deec282eb1ecf9ecd7380a4dbe5fc7d527d55e15b4a3f,-0.3504934031390491,0.41326277722244764,0.8265255544448953
bluesky_8517cf2fa1059b585d8fa890a2f40762c4bcd3878fae760430a5a77cbfc8f2db,-0.8553444355399409,0.2983129433262849,0.5966258866525698
bluesky_8547b69af7f4e175e715537e9c7ae7905a4303c4e7749c5490fa6d65eb32903e,-0.052286015595259916,0.4869314732236161,0.9738629464472321
bluesky_857757e3957f83b690c8db27b9885ad5f173637521563810f14ebc08060a28c0,-1.114450153344825,0.24704217361429337,0.49408434722858674
bluesky_8596d712ba13c1e59f20d209b7666037f8c3ec49b7846234a1624c7d74bd1f92,-1.1494274145719396,0.24059368365772732,0.48118736731545464
bluesky_85990b6cd435031e547def3a8c704fc2e310526986f0a425f8c23fb72a13ff22,-1.0166314675680828,0.26568406895672564,0.5313681379134513
bluesky_86b9b306b306eaa1a026a0e05f612cb6daaa015577a997c528d3900a7e89b1d8,-0.7377691545412922,0.32349216073245374,0.6469843214649075
bluesky_86f04f20a222d736b78206700f52dc43e39efcea563c27910183f6606f2d64b8,-0.6669546447923781,0.3391790817978929,0.6783581635957858
bluesky_86f9339e560a008043e344eeb580fde95ab963dbf20312ca53327e8d965010b1,-1.1193437525804546,0.2461330309974012,0.4922660619948024
bluesky_8758e628bf670c8771893cabafdf5f9fbec919625a2f814828056aeb6e7f64dc,-0.6549364892055161,0.3418779745736975,0.683755949147395
bluesky_877ae21658dd789e7146cb06ca87468136a3623d0ba2031fb84d4d3c4683996a,-1.408370423541541,0.19649121058904698,0.3929824211780939
bluesky_87b53d0770c1d54e03385c8874baf9bbf15891dc7359fc94577de1c215f4878f,-1.05920084047146,0.2574622047390089,0.5149244094780178
bluesky_87e472a9ed62e33b3df62b2dec7f78ff0425666fd61e99ff1b3f4ff0b8094377,-1.046818736744945,0.2598364584468756,0.5196729168937512
bluesky_886ea3911deae8953e2895ec07cbede4df866ef2b2ae69537daf6492d8dee5cd,-0.7980458248091298,0.31044369100498953,0.6208873820099791
bluesky_88c44cf0678ebd1009205c2b66db87089941c08b1ae570672a33213ca287b420,-0.846469680048427,0.30017394667304376,0.6003478933460875
bluesky_88f05de05ccb8753ed6f755dd54104dccb4f7e7b336bb6b4385cda807fe657ed,-0.9210660731568262,0.28474072435201603,0.5694814487040321
bluesky_88f99e0c3d2ca4d71bc3749a0929f738087c36d9189f3ecb60e90b981b8e8f0e,-1.1042637906818387,0.24894184123544114,0.4978836824708823
bluesky_890f0f3d8125add4f0a4359de0a9cda5e2c3b8f577ad07f5c582a4d0eace691b,-1.1722095950577174,0.2364558218328022,0.47291164366560445
bluesky_89cef5f9caf7bcb1959f13cf9705002842982b033c6b9f866c617cc4b4ad400a,-0.40591348790990023,0.39989239367423646,0.7997847873484729
bluesky_89d3ca75a9b987ffd0dfa78857f4aaad6e14c6c08bd64a96485576817ae9a0b2,-0.9890657326928711,0.27109665242791225,0.5421933048558245
bluesky_89d8df082f80f6bcd3ebb712fa3428b2a5cfacbdc950d1296656aa771e50fc9a,-0.5690080461429868,0.3614657445181358,0.7229314890362716
bluesky_8b45b9eef364a2bbdca8add8872498b5bae0fc79d13c579131b5ecdee737de39,-0.9360994783340812,0.28168890269020364,0.5633778053804073
bluesky_8bad3e38053734cf07b29bcbfc46727bccaf2abd4ad2a0e2231c37c300bd4ef4,-0.7476085559410963,0.3213426076422577,0.6426852152845154
bluesky_8bc8a8e58202639dc47b5fecb9c99a098d891f35ec20beb58482d20b0b844717,-0.7479426087981575,0.3212697612302575,0.642539522460515
bluesky_8c0123ce6dcdd510d18cfabb8f2adcd5c4861c4f88b47013b7d405df1b6184a9,-1.029360634540986,0.2632080772715941,0.5264161545431882
bluesky_8c71b132f58c7317f2f3435e23561be11b35d253a9e9feddf322f55523b58e7a,-0.9612095111040251,0.27663609596637045,0.5532721919327409
bluesky_8c9591c424f26bccb2a57b1534295c7d9921c54f420f34111a4c91c28d388e9c,-0.3958338139131705,0.40231372113430236,0.8046274422686047
bluesky_8cb1f0619d1be9d6ca30a7cee2ed76756f803d54b73fe4190397dfa78a794c9a,-0.7676421678832518,0.31698937326146864,0.6339787465229373
bluesky_8cbb5b75639928a183f612910fd5d7af8da9e5d5b089dd27f6de67d8ae56da3a,-0.6725362733706205,0.337929159594314,0.675858319188628
bluesky_8cd922eea888b484b07294b870f0a7ace22f8e6361b4ffa1ffd75e3d826c6ae9,-1.0640606899070768,0.25653421663576365,0.5130684332715273
bluesky_8cef0d57e3aef76b250a6803e2987cc9d6e6a0e0e33fe87b0302654cabe30ad5,-1.029372886932367,0.263205701177308,0.526411402354616
bluesky_8d370c093f41b899e23866fba62b2aeeb6780c8450da14c9b39620a997c5daad,-1.24273732416385,0.22395987427205788,0.44791974854411576
bluesky_8d98bdfd42f598daad3ffeefa5456c3809d1b47c02d45cc0b974d6096864f074,-0.9790278823552747,0.2730847156277361,0.5461694312554722
bluesky_8e548222d68962de1ebfeb36cf7ab74713fb90bc707eeb2ba682cdcc3c450f76,-1.0889655073511362,0.25181313015359386,0.5036262603071877
bluesky_8e889360ff670f2ed9027ec94e2944221d34b9e7e96434d95a49987d44feeccf,-1.00900381389567,0.26717485123528145,0.5343497024705629
bluesky_8ea2c04120ea894b24da328fbaeb12fa0fcabf03742194c703d988c676c3b448,-0.906136581633594,0.28779106226542506,0.5755821245308501
bluesky_8ead9803ff8e26773dd0018f4ad16d09e75ac0b64c0039ef04b3df7f9a30c707,-0.9662994232356388,0.2756187198008395,0.551237439601679
bluesky_8ec0034537746d1d51f44839151768768b22233200c733210335db9ec0b180e5,-0.9261353202439553,0.2837094315881559,0.5674188631763118
bluesky_8f830d40f3d96ae5d1ba6f9b1830892c190fd92b632fc38078a71c973af6112e,-0.9863128877100062,0.27164096621149714,0.5432819324229943
bluesky_8fc8031c21f02f5af829c30036691d393dfda798938bc6f567c00246491165bb,0.09394487861414347,0.5234689614744289,0.9530620770511422
bluesky_9011cf92368d46f05d99b661293bba2f86223ef7c13906e273451ea44dba9e2d,-0.9160010883656298,0.2857734003030133,0.5715468006060266
bluesky_90b38a232b2c31c6af781079b030ff3ffe5f8e31243ac24b77807ca8b249cc2a,-0.4714447136936354,0.3842743563038151,0.7685487126076302
bluesky_90ff3f7cda8edbaba2c370f976ba14123e5367eafd3e12b1c22b04c1698b6bc7,-1.5066364329346342,0.18143780867544265,0.36287561735088536
bluesky_91108053f2efb73c5fb62a024ccd1dd94674ed6c0b071fe78931f4b9ade8ec60,-0.6649064821668125,0.3396383011716642,0.6792766023433284
bluesky_9123f4351b82f7dd207278602045ef409710e1973afe5bacb91c9ee5d6d68e4a,-1.207011384623749,0.23023027913681335,0.46046055827362675
bluesky_91713926105d8e0683bca0b5a606b10ef9263eba34e7390e326ef9653184ab11,-0.7576818311905014,0.319149777204467,0.638299554408934
bluesky_9231d9cb6cd7f6ec86e71f7559cf7d58818278a0ba2b7e590285054b5d16b553,-0.6499986490528025,0.34298984175942937,0.6859796835188587
bluesky_92dc77da7b7f1812bf36c1f86e138c5597126ce4529cf0daa5e6d68f5aa94a03,-0.3132525138487835,0.4223210363131654,0.8446420726263308
bluesky_92dcfbd012dc9cba4368bf07352124fb2c360a5df0345ac41f18e4f9a2574174,-0.6598161072316033,0.34078092171792534,0.6815618434358507
bluesky_92f627a8ab1a20dacb51171af117fc96d3ea34167e5e2e896845801419919a2b,-1.1193641442972453,0.24612924730208532,0.4922584946041706
bluesky_93053d6b6594485f6267be75c7b451957dcf7470500b2b3cff2a0070d821f336,-0.5997280877981755,0.3544059054643257,0.7088118109286514
bluesky_93d923d8a208e419fd3f74f426170e1fdfe8cfb20604713060afd94b38a7311a,-0.11467479931991842,0.47136267576733165,0.9427253515346633
bluesky_93db738b15f35100b15ec6841354353bbeb5e92e5dd379e1a03c14b63937d19a,-0.8862039214351078,0.29189382553180887,0.5837876510636177
bluesky_9437c6b50eb4aab3f991705280418499b1c1d01b5b1784f91d55992334825703,0.048541417198812886,0.5121329720142515,0.9757340559714971
bluesky_943d0e26639ac31c9c1864300435f72eda23cfd865f4747dd8154e649e7b8aa8,-0.5140921452514305,0.3742347221818742,0.7484694443637484
bluesky_95ad22ebe375fadbf7a41caefb348cd1c6336bc3485ee0713ff2ec004aadb024,-0.3234507284051644,0.41983500986239175,0.8396700197247835
bluesky_966726fb2c4e6eb21469f2848dda1dc4877d68188c95065664270bd24e15605d,-0.9963083221475701,0.26966786811903565,0.5393357362380713
bluesky_968700b4d57f870dc2e853b3fb72e3fb23239b84b42de78a569a3147e3e9b8d3,-0.9562792290608906,0.27762377331392835,0.5552475466278567
bluesky_971024c74e8fb13524775b997ab9ab4af596b8267f846af5abacb0c394a13d97,-0.9459129997316835,0.2797074930469802,0.5594149860939605
bluesky_9757c6d4449a71c72a2e8c668c7a95e90006f35f6b0ee505ef9b61ca8ac27194,-0.6973093752980855,0.33240904368257773,0.6648180873651555
bluesky_97b096bddbe4fb5f2ccee6d8ba74ae6cbf7a2b24ada39437e0342628fa979c23,-0.9209748783219734,0.28475929777077297,0.5695185955415459
bluesky_981bec256ee2147794427338e54c7636559714bf4c8d03bc5677e2eb08dec56e,-0.5943041780007985,0.3556478865587239,0.7112957731174478
bluesky_988fc3c036a89eed55a8611f4af3bf58b1802398dd152aed2f6fc38ede2288be,-0.7204564521909813,0.3272924769681435,0.654584953936287
bluesky_993786a43e3fecc30508f658027ebb9ad4e726c51aa2e9e822adc35e5c194cd6,-0.8960239948821701,0.2898682524522762,0.5797365049045524
bluesky_9970acc74de04e1270d57ff77ca1fa4b12134f47a08c0d6a8bd2ddb4bc3a4225,-0.4764619647625901,0.38308792805151193,0.7661758561030239
bluesky_9a08a0116bae75886323d47f200cbf19377ef1022fd5fbdf7a2599ee13561dae,-1.3608520703228235,0.20410185342996576,0.40820370685993157
bluesky_9a57114b74baf2d0785a106a0322e3d755d6318747e5396b833d33cf5d698e09,-0.9812799482398293,0.2726378877897201,0.5452757755794402
bluesky_9abf25c97efe8db902adb022625867a696b10c5e1083b96e34f7dc6868921308,-0.5592517573224851,0.36372060630622904,0.7274412126124581
bluesky_9b1ccc2138afc1218d6de1414712e9bd2516700486d347d6522fc9fa1bd09b54,-1.0140190144448216,0.266194060123035,0.53238812024607
bluesky_9b3b806226c2bcd6b4846c38b3804300d385bc6e2c32c72f25a5acd8ddf92b28,-0.09448509248279086,0.4763962843156947,0.9527925686313894
bluesky_9b6e672eff5d6266ec98f07974009f1893b36b1a6512b25a80d092b45233ab70,-1.0143411700681508,0.26613113666448635,0.5322622733289727
bluesky_9b99ba7c1bd4a6e62b87f68446244163fbb47cab53f546eef1eb8156bcba1a34,-0.36548486604481906,0.4096324859785018,0.8192649719570037
bluesky_9baabfbc73561f47d6a581724e275899757059cdb0a388e575eb7eef6fe0c3ac,-0.27280512595385076,0.4322185707370042,0.8644371414740084
bluesky_9bac267b4cb8faeb2f0e37d54cddb03b02a4dc44e3d31b5d38b17586c6571119,-0.22255542294143543,0.444589666067367,0.889179332134734
bluesky_9c4f2c6717265fe92c36916e7ef2affdffc1fb7ff7b990c2d4dfd52247e3b611,-0.8554953813409304,0.2982813479612848,0.5965626959225696
bluesky_9e2b7bc07b8b336ed749f968f8034abfacd4c2a53d454f73e84f811bf3baa475,-0.5470563884596283,0.36654761863251833,0.7330952372650367
bluesky_9e5e554a57aba1c349db21fc2849b16ba0aa29919b5637417b62b48ddb431aa1,-0.37067787202166946,0.4083772339489194,0.8167544678978388
bluesky_9e7e4ed739b20bb04482321e016339e3903814d1888b314b7102f72d1d9675c5,-0.6648061711653882,0.339660799698795,0.67932159939759
bluesky_9eeaea220fae80f2bab2a8c8db754eb867e3b45c9d5342ad710640f849d5f716,-0.5191910391055726,0.37304141524847945,0.7460828304969589
bluesky_9eef24b458eaee57c32f49139433182d1afa375009bacffc05db06c125edd05e,0.08892530360073736,0.5222166875698339,0.9555666248603323
bluesky_9f4d9bbd5cb60d4e82892f6062af1bf6c71ad50cfc69425d6b52363d81aedb02,-1.3005960262823726,0.21406472379955876,0.42812944759911753
bluesky_9f4f65f7f801e89861747a1e8958c9c2ae2b19d1fb4fd7238dc405ca87e0cdf8,-0.7373624054589578,0.3235811821183409,0.6471623642366818
bluesky_9f8541692dbc72cd4e2364cc9c2dc8d4d453f215ac519d4e2423f18c9817a87f,-0.5843159829029649,0.3579400918758182,0.7158801837516364
bluesky_9f99b36a3b1df97f8df5ac402ca9ce2c8e3d5581f3a7da506afb76d0bc650eed,-0.6297099361670973,0.34757631180954257,0.6951526236190851
bluesky_9fc361c252ae62069cb45eb26a9443c75c00a613e277517ede464c480e460c30,-0.7152977386350898,0.32842929214713806,0.6568585842942761
bluesky_9ffb9154786c4d7266243dfb4957c53c059beca9c25eba9aa75b118ca3e150c4,-1.0115001179720773,0.2666863778994813,0.5333727557989626
bluesky_a031d8f5968f51cc65c90c10996d1ae36a96cba357d2615e742163f03dac6df0,-0.39066127837384157,0.40355812153782156,0.8071162430756431
bluesky_a0bc8f4b2dc268325c23066b9117f40b4b16ce08fc2803688e7324689bd2412b,-0.7153178200386846,0.32842486293789325,0.6568497258757865
bluesky_a16fe448901b8572cc3348d237272281e3babcd35cb01d55d291a84fcb399d34,-1.0394462511000535,0.2612568542704839,0.5225137085409678
bluesky_a17ef48d760f53a9c037217a2c6028020b32a3ec3f5ef71fdfe3fdb5bed47cdd,-0.9712467188976539,0.274632074444925,0.54926414888985
bluesky_a1aec7cc12f2daf39cf1631d8687d5e562dde553a96ecb04e8d6bb6c56897d3f,-0.822985533371446,0.3051302817889735,0.610260563577947
bluesky_a1ca8fce42888b260550f1654b19f9bac63c309f555f82f1531f71bea568d1da,-0.4461751751740308,0.39027053630679026,0.7805410726135805
bluesky_a23775712571ed501d4a9e6a8fd60d6ddf8c2c2c609ee589ed29ec6a0588f2da,-0.32336560763113076,0.4198557431750406,0.8397114863500812
bluesky_a2462bbc58cee51ba274ee886955a194f274461e0ad9567173c55177632104ba,-0.5842687739560003,0.3579509414607355,0.715901882921471
bluesky_a2c6f78e2c325bdf45b88a8306f40bf67bb2a628b515b52059ba8326d1af88ac,-0.5790672280802784,0.3591472527017332,0.7182945054034664
bluesky_a3731d1a65ff0908528dcb49dcfc644633abe36b92f4567560082fc048df28bb,0.023286424986496024,0.5058213431933745,0.9883573136132511
bluesky_a38161c918480fc9b77e16d3fd1672f177450a7c95e31b8ca72205286931d920,-1.2386501751566406,0.22467102967433,0.44934205934866
bluesky_a3f93e747c98f00788de889005756369a480025e50d23b7b6d0ecd9881990bda,-0.9814194062385804,0.2726102332431845,0.545220466486369
bluesky_a414b62e9f6aa3df174494900a8c9c48381d48d226375ef0e50b93892f6aad55,0.7738288995301458,0.6843485789833773,0.6313028420332454
bluesky_a41fc2147af605043a20c5678e038c5f9523c33847ce057830417df48c48a73a,-0.7224171168019822,0.3268609395669169,0.6537218791338338
bluesky_a43e2ac38fbf04675c8e4b80f1a7ebdb2720ec014985c90209a0319c6c2a8a72,-0.5994025110017325,0.3544804017342133,0.7089608034684266
bluesky_a4ab1d65956142ce7a66d855e37d1e2156837024f8493d0205db793f2ed02c37,-0.3836710598738544,0.405241788077152,0.810483576154304
bluesky_a5047f93bbac1915c7ecd5fac768efc4379580291eebc60c40eac6c736d231ea,-1.3103357817896608,0.21243066110332964,0.4248613222066593
bluesky_a5db69b676b3e2a407e691366ebaf4b50ba97ad7b7fc73865421ddbdc59528e2,-1.0767816827889118,0.2541155363195601,0.5082310726391202
bluesky_a6c1d8f8a2a928ae0e2d731812e834bf76909084be0f139b1b0c89e8fb83629c,-0.8654096810309003,0.2962103487567972,0.5924206975135944
bluesky_a70badff37e2b51c463474806fca3ac06aaaf2ed80485e688c57081e124d743e,-0.6143993404485661,0.35105630323145437,0.7021126064629087
bluesky_a7681feab8055d78565148621cea6a3ea78351f6d5949b2a0d2e6118788fc2db,0.08880454801930726,0.5221865581963678,0.9556268836072643
bluesky_a796f46dfab7c48bdc7eb2f82226f150f209332497cb2ef9c58058bf31faa9b8,-0.9740620840970937,0.2740715835173578,0.5481431670347156
bluesky_a79bdfdfdabc86170e45182df493bfd9820a195572b912964fa3cf6c2b07ecb2,-0.9410562352298593,0.2806870373722026,0.5613740747444051
bluesky_a7ad68fab04a491c4b67157eeab0b09d29fbdade520ae3a9e3d003e9b94ab093,-1.1174103679446454,0.24649194959013565,0.4929838991802713
bluesky_a7b749de72e059505f2b9bfd1f65de4c0bda95b052174a86861932f90bf20af0,-0.5438237209312913,0.36729853649654093,0.7345970729930819
bluesky_a85353765691d431150167b38051fa5e984254d178582408bc0a0034f92bfc99,-0.7123134742328635,0.32908784862566637,0.6581756972513327
bluesky_a86b316dcd38e655773c26f42f70cbe2d3d3affa99d427a8dbb3dd4d452c813b,-0.9411607390214889,0.28066593834960185,0.5613318766992037
bluesky_a89a2f80198d5d375519d0fb1c2b41c15d66fe1ca028d843784543e9ec45d410,0.008144707220027692,0.5020361655490528,0.9959276689018943
bluesky_a91930b6043d254a81cb1d6ef10ca7dd303247e7f86f0f7e94e85af3f8712f33,-0.4393630767011489,0.39189274578610855,0.7837854915722171
bluesky_a9a05dff0c364bfdb91f7a1e591049869e61d005a6c94f0c3360c65e7ceb847e,-0.9260408075156383,0.2837286387052622,0.5674572774105244
bluesky_a9b0317414a3299037efc725e6ef060b6ae6de6a369f84dff157f1b5212f08d3,-0.6194711958857971,0.34990172921768736,0.6998034584353747
bluesky_a9d4421c6a2495caeb19012b16e7c60aca4f7aa216d1b2390f397aca9d27b55b,-0.4091330893771461,0.3991200082613893,0.7982400165227787
bluesky_aa66207d84ce83b7b6f63e1948242bd0b342f0896faa494fd70c9f4af02c253c,-0.44345843620031394,0.3909172023821382,0.7818344047642763
bluesky_ab1b501eca5504b5397be34f737a8db036d604816710c4ab349ea3d2d0470477,-0.8605441420667614,0.2972256713212333,0.5944513426424666
bluesky_ab4532f1c9fcf6131550f4764c9fa182dd2f8d43b44864b5dc5113310dc59789,-0.6849925291288125,0.3351479342798568,0.6702958685597136
bluesky_ab9003711e75ed8d0a722afb8f99355c2e593f73df74fa940a525199991381f6,-1.0015460115963573,0.26863756564485514,0.5372751312897103
bluesky_ac3ce878b107b8857557e60a0d487ea05eeac4f73d38d847aca1556d6c8249fc,-1.016608200794438,0.265688608236978,0.531377216473956
bluesky_ac5e2efa19a1c1b4a30b2d8994f6f4116afd7389d7a820f3ea5a7a4d9f52ec42,-0.7929523156083764,0.3115351018040541,0.6230702036081082
bluesky_ad4630fb01cad3367b3fb0d4bf8b7348d393c39877ed452d674370a3a7520dbe,-0.5993793110178272,0.3544857104663321,0.7089714209326642
bluesky_ad9e5ad080e519cf193d6ade19af96529063c387116a9820912b7923c75cd4c6,-1.09944910900772,0.24984312901368538,0.49968625802737077
bluesky_addd460dca2c7b276530bb033a452186e774d7cbcc3c79ce246aee6186227f13,-1.06919855064861,0.25555552755372335,0.5111110551074467
bluesky_ae61b639187380f77024291b60860a9fac82d6c293bd38ad30047a0c60a1c755,-0.3283508174486276,0.41864194869963833,0.8372838973992767
bluesky_ae8eee208e92a69338f7c1fe8a9291adc146c5add8b783c90900d4255f9cf1c8,-1.149527423504571,0.2405754116634013,0.4811508233268026
bluesky_aeca71066b2daabce11349c9ffd01f82cb71a715b7e3b35f8de99e907c93659b,-0.9413065230542889,0.2806365065777873,0.5612730131555747
bluesky_aed42ccf61c97cbc2d65a0e2061e94870963a9507d0e81b08423194a6f7d00d6,-0.9661461444043584,0.27564932343812826,0.5512986468762565
bluesky_aefbecc89718078ce16bad5cdae5aa20e8c4b60d7ea6b3cc5fc5b5a47a8b276e,-0.39580351640873773,0.402321006414731,0.804642012829462
bluesky_af8f5554f15d88b20a05104cd8066e2a7a05dade8a1903d195cf60062cf8dec2,-0.9661461444043584,0.27564932343812826,0.5512986468762565
bluesky_af902269c9225f570900ec861f6136217356b6ccb558ad28f2afcdd288fae684,-1.0895606321750477,0.25170102324790816,0.5034020464958163
bluesky_afda05022fb8fdaf7509a61114c5ec235a8353fd2fc531773e6938db12833a06,-1.031763863665478,0.26274228533421223,0.5254845706684245
bluesky_b22455a8c86f1576749475acf3bf26680d25176d0d3a810bfda4dfab96e42b91,-0.23562054483122996,0.4413658792001002,0.8827317584002004
bluesky_b2a1292a5d8bfcf822d1e4d4194fb0b69efe10dd244d2fb22ddd30343b5b293b,-0.9613920948524457,0.27659956088432847,0.5531991217686569
bluesky_b327e97097ecd4b5b81d3fa0a48139ff4eac7dbb56b23b8b82667f36ecf0559e,-0.9513118539136982,0.2786210741012588,0.5572421482025176
bluesky_b335a8ab4674dc9cb2accc2348e56a08e7b8231c0a8f5ce815e4def053b14ed3,-0.5538691672989287,0.36496719936778865,0.7299343987355773
bluesky_b3753bb0a9d6473ea11e09b9b94587c6417de3340dc8ea8440c5245691cf827a,-0.9161541733338764,0.28574215561963956,0.5714843112392791
bluesky_b3f638708296105ab27617f717b6edbd87b5dfa4cba7ed29f374232e07da15f2,-1.0265900585525736,0.2637457263048902,0.5274914526097804
bluesky_b410b2949dd2d4da67168fabe5b5f171a0afcbef976d45868caa54d232a74527,-0.594459656014912,0.3556122576331041,0.7112245152662082
bluesky_b4349f7a010bd843619704553466730002be84a5269ba76d4d11f3dd07662298,-1.1498093225796464,0.24052391278380977,0.4810478255676196
bluesky_b455f47325dcda9d6e7429647c0a551071a042399a7ffe6fc61e5846063f8ed1,-0.8432353597071947,0.3008538176955183,0.6017076353910366
bluesky_b45fe425ef8f8d644c70ebdc8afad2c08efa96ef3407969157af42adbf32347f,-0.528820072335514,0.37079212944712325,0.7415842588942465
bluesky_b4d01acffeb285a5991765247c30450cbe009491eac06f2421e30436270fe339,-1.1599185672078014,0.23868208223476145,0.4773641644695229
bluesky_b4e05c89ab89b03c6decb94992756614e459d28e2e7f9fb4c5c51fc7aa2706b7,-0.9260597591840727,0.2837247872360455,0.567449574472091
bluesky_b50e8ce4ba630f4d4391464db1b60327f38658fe981a4ae440b4995c3672efc3,-1.0214964219100695,0.26473601819546566,0.5294720363909313
bluesky_b592c793386a0f4279078be6d82466909fd4d245c0f1d5f5c0191bd86c851538,-1.1470830996355983,0.24102227004219634,0.4820445400843927
bluesky_b5c77024724880bbe4aa6dc61a53e4993043f87ca455d687e4c89dd4109a61db,-0.7455979244607246,0.32178124666172353,0.6435624933234471
bluesky_b62231a74bfb7d9b6befeebcdf79c2eca95cbccada7a7ea2b4b5344eaed5176d,-0.0038561922204433108,0.49903595313952115,0.9980719062790423
bluesky_b628076c9aad7c8a5b586685f1f6f1cbfa958ac581f94e2e8b2529b6aea7a5b0,-1.1319800141453955,0.24379588143504258,0.4875917628700852
bluesky_b66a5f9a560b10c259a0cc3b2a76e82e70280fb72d495e8dd034ff21ca5c7b66,-0.9211627197471544,0.2847210413840563,0.5694420827681126
bluesky_b6aa63e4e8f0965a45fa88966c29e62cfedff66da7c299373d25eb7fac2c1e8c,-1.2826992046703685,0.21709110952792554,0.4341822190558511
bluesky_b7a4b909c372f45b16a5a0294a1ea20003730781118ef15e2d73160089a2d0b3,0.18648760375032358,0.5464872526055845,0.907025494788831
bluesky_b81affcbcec17e2c9bdb32a9d9a0c28498479499bbeb4451a9e8a7099ece915a,-0.6801175473915022,0.33623506774074974,0.6724701354814995
bluesky_b8722d2abf7bb6f20d775484d3cc85fdb0fa2579ec7b6235d3a676335fed53b1,-1.1721637060510397,0.23646410693921202,0.4729282138784241
bluesky_b8ca0c27bbc162c35f09da2a97cfb839a345929e44674af30b35282f4f4124a7,-1.1296391333714744,0.24422770371149918,0.4884554074229983
bluesky_b8ebcc3457559c42554d8d4ef8ac8d3cd00e6125ca140aa833a0b17050131bac,-0.6597726871421895,0.340790676077405,0.68158135215481
bluesky_b9192bfd3b29a783bcede0f1952d0c096310369a5b581b04c8ad8d638c8ba281,-0.7051995367122145,0.33066043344494783,0.6613208668898957
bluesky_b9314ddc6ec18036e7a1e81cc60dc80ad7075a2d24dfdc56998694c824b651fa,-0.6799540310430728,0.33627156246777107,0.6725431249355421
bluesky_b947f9f636a46c5aae2da58e19d057698712df680eebeb004aa9eb94894bc539,-0.6448052291880231,0.3441611200041763,0.6883222400083526
bluesky_b9556bc88ff3935a7aee0d9564ff8fb9392f2085499d77facd47cd6f24afe8a2,-0.6799963858737491,0.3362621092316578,0.6725242184633156
bluesky_b967634a8ea9e4b382b3a30993fccd4c09962c3c02cc1f3b2241fe8fca5793b9,-0.6094341883990635,0.35218827799618907,0.7043765559923781
bluesky_b99ff5d411a4b74e67ef1ad9400df433baec65b477fdf315ed70207fedf38fd2,-0.9914662177511819,0.2706225694871844,0.5412451389743688
bluesky_b9bfc1d02ac2dc212880876cf7dd2ac14cc635bca60f3863359f44471f4ed694,-0.6698474610075954,0.3385309976707648,0.6770619953415296
bluesky_b9dd938c5a2252eef62be8b5701f7eff661d93b8095ef9ced3e8817ea1a2707b,-1.1769549678573625,0.23560014276510685,0.47120028553021376
bluesky_b9e8c5a56c7915e8a4f80f8a359921bc80709f5b4e715f3961174a3048991115,-0.9963667335834634,0.2696563643103784,0.5393127286207569
bluesky_ba06664a3fd223aee62838f12792e98d41bb67911f1a000dc5a2a88c6b58ab05,-0.9662031971312718,0.2756379320500126,0.5512758641000252
bluesky_ba2a2406cca828ede6ccdafef1eb6df2a1868e22b158ddaa2c2be9844d994fe3,-1.2223938386116138,0.22751545382916322,0.45503090765832643
bluesky_ba45a69ced90c012ff9d63508ad378f0dbe6e54607440e5f7505263564267471,-0.6801264741023855,0.3362330754709814,0.6724661509419628
bluesky_ba629650149e88f70bd7102712c558d495b941699829db0be31aff7973bf03c9,-0.4734891859633276,0.383790733269765,0.76758146653953
bluesky_ba6b984dbcff479c50dbb7a891633b7ef89364f5aacd884b401d03f078c391bc,-0.16514965200586196,0.45880617256848916,0.9176123451369783
bluesky_ba90ece8528617a8cc106be0a3210b6145a357a6589f7adaac7d486c84acc8a1,-0.9711518990123948,0.2746509638513567,0.5493019277027134
bluesky_bb82d662efea4a5e19f09404a8d7f7ee58b9c89e4c1bfdf04930cb19cd7740b4,-0.7054302885993928,0.33060936448437855,0.6612187289687571
bluesky_bbbbf4940619494012b6ddb52b54e049857a0906fb6c9347612d239227024a27,-0.8381350946544556,0.30192769992959195,0.6038553998591839
bluesky_bbfac754c33dd38da0e4e44077bcb46e04d104fdd4694383d19b57c09e24a2d1,-1.0642326748043651,0.2565014162908098,0.5130028325816196
bluesky_bbfb833e1ddb7e5357fb1851ceda0b227a9caf7da8345db816124cacdd1fc636,0.17650066100056716,0.5440109702764007,0.9119780594471987
bluesky_bc95c635c8ffcaad29b0420a22571211e7d2b921f30667b7a34d2f0d0957835a,-0.823102408079277,0.3051055019007714,0.6102110038015428
bluesky_bd1b3f38423daff93782ebb93af34115574ee8669c2cee232d678a1605079ea8,-1.0640683988890998,0.2565327463474572,0.5130654926949144
bluesky_bd732d8281dcca7b2ae87880551851569700a7397ee873a707f2625320ee27bc,-0.634634547481062,0.3464604122607818,0.6929208245215636
bluesky_bd8608344c654d06521b2c029233776372ebc50752e0fcfacb3b0be09c82683d,-1.1142122691212308,0.247086425677559,0.494172851355118
bluesky_beaec3b7b5b8850f36cba92662e60b375a6cb318f41458d0f4e95da901b855fe,-0.8083394175301212,0.30824446859753923,0.6164889371950785
bluesky_bef1fc3e9d0e44dd091e0ee02480737644f7e0e5373e0c8942df5a2c0b56916d,-0.599635643724409,0.35442705717121026,0.7088541143424205
bluesky_bf0c43c69c77104b50fda49a5a267b19ed153e817a614231335715d64513ee9c,-0.6349405079923225,0.34639113822480433,0.6927822764496087
bluesky_bf5a1ecda14846d4e52603a9e3cd49e01c909a0482e45ca3a4222730fcc2f5ae,-0.8556134874415191,0.29825662781130163,0.5965132556226033
bluesky_bf6ebe41705cfe8ed3270686a5649fed5cb06c120128c71114072b1330bf3779,-1.1824227382188215,0.23461686111109925,0.4692337222221985
bluesky_bfdb5d8ca743bb6b82c59a70c532e8263aa842b31d2900440ff521f01fb8ab52,-0.30839260057503654,0.42350713524419203,0.8470142704883841
bluesky_bfdee76d1d863b2605db80c58546497090586c6b891786cb6ce5e9e6b1e9da72,-0.966165032134092,0.27564555220204623,0.5512911044040925
bluesky_bfede3099b4069900998832bd50876896ac03d1b4055c5cd22f1e800efa15ac8,-0.9061919839714665,0.28777970672762826,0.5755594134552565
bluesky_c0d887e7a0f2ae51575fd7f6c923123a8ba8e2e25523e062c8d2c8eccfe9e9de,-0.3585451800712613,0.411311782384985,0.82262356476997
bluesky_c0dd67d5398f215e1e244d5b02584535a577725cac9ab63c123ea49ad5451402,-0.6043362215363767,0.3533522623631359,0.7067045247262718
bluesky_c14c945bda715994b918c134116f0d965ff972482b9af6121bbd4df76825c237,-0.35347399493457843,0.4125402406274151,0.8250804812548302
bluesky_c211d1d9d634166d2db04a0b2bb937d90d3526b6352b6885978dc5ce71f4b6dc,-0.6648262363038953,0.339656299276454,0.679312598552908
bluesky_c276061e3fe93a0187eff3b2cb29a1ca8b69b222cb40379c0f511f34a34401b3,-0.6548950607763812,0.3418872959246383,0.6837745918492766
bluesky_c2fb8bd61171a613ec8b323ab0ecce023598ea5f2ec0d7f2f93361314bb00e6e,-0.9613916581067329,0.27659964827376665,0.5531992965475333
bluesky_c31f3c779a7b9d1cf1ece35effecc0a028c053e777ffbe33441471f564f139eb,-0.835589412899516,0.3024645169513514,0.6049290339027028
bluesky_c3b019e6e3b5113d7d1afbbb3c6f080748bfff4859d641aef9aae8d0c8d67324,-0.9642083415894382,0.27603640643687793,0.5520728128737559
bluesky_c3e99a12bbf37bb9954a771c290765d802cc145b8170cdad930893b1a63810c3,-0.9864076382618476,0.2716222200165699,0.5432444400331398
bluesky_c3f510d0a06abe2343808c311fd2d87bb31d56de96939d0c64a567d8b2be6b85,-0.624607546974568,0.34873426345363806,0.6974685269072761
bluesky_c45b0c79657b9b0aec7eb023605c3f07da70b5d215acb52a2f0bbcb2269646a4,-0.5469250404846424,0.3665781169140523,0.7331562338281046
bluesky_c6587652c326f61977b08b2b07b0b634242400bc646bc16783e7d8f340d472af,-0.36770577235321933,0.40909550395284766,0.8181910079056953
bluesky_c6e9eacc08c78369e3034e4e1b13dafb5d815da57c9865a5e121206e040ed859,-0.7725419264019975,0.31592949322563413,0.6318589864512683
bluesky_c7102c0a8ab2440340f6e55106a0d23e57beea9d2147d2af428aa8ea2b41c2d0,-0.667446713389426,0.33906879992907796,0.6781375998581559
bluesky_c77010bfdda731862a5af73f54d2c0518750ecffe4944abcd3c80df1450776a0,-0.9414348974398892,0.2806105911305895,0.561221182261179
bluesky_c7c0127624dba8b7f182bd94b38fe52eeb97aa36bb4c56dbf054566a6bfccf75,-0.4664088247259803,0.38546657806759094,0.7709331561351819
bluesky_c7d0924d8265023632b4435c0c403e766baf619a87a3b0943bb07fe6a092dd9c,-1.0541740039859224,0.25842438336468226,0.5168487667293645
bluesky_c80c7bb29062e3dee2ae37347b57e8870457ab267803d724b9e75e3ba4b25d26,-0.7779051067821476,0.31477155903995335,0.6295431180799067
bluesky_c9837c1f2a0cbd65ed258c7c3b2618d0f27032ee5e731d428f52afc0653527d8,0.11919203027270486,0.5297627799019897,0.9404744401960206
bluesky_c9aa923dd29dde8bb29459e4418ae12984964e8119277ae3ec27880e37b19ad9,-0.9815041013751422,0.2725934390382014,0.5451868780764028
bluesky_caa09a59610057bd3a52e3f82ea965dff6e37cd08159ccf7aef818ad7bdf4500,-0.629507636018031,0.34762218822580415,0.6952443764516083
bluesky_cb2dd33dd5bc110605cef98d5424fb4ccfeab18cd826f99452c960992c530a39,-1.0687609209424829,0.25563879415482654,0.5112775883096531
bluesky_cb3274936898c18477e5e71ecde0d1d59665363831179942b35f03f5b4b703fc,-1.1897672927277787,0.2333005578654144,0.46660111573082874
bluesky_cb48a556e6f137c50ac043f07a3ab6ff4d7c55ef23e2850f06efdf846fc478a8,-0.33352290653267547,0.41738369343914816,0.8347673868782963
bluesky_cb8a76a6f3e1b28435ce7b812611f8a460ebdba64038b7a4fbdae71fd9a8c3db,-0.8511708782253951,0.29918729679268047,0.5983745935853609
bluesky_cbbc707ac26d72a8afefa0ba5b6040b00f09ac40725f896f8da78cc1f02e18ed,-1.0014112868576255,0.268664036031166,0.537328072062332
bluesky_cbc5d5a8c6bc5242b43e56a4ea5e0f2016c7d9ac0a1ff4806b7df45bd730089a,-0.9160170394072261,0.28577014459546596,0.5715402891909319
bluesky_cc3d83a7c9aad1c7170262ab953a8a46e7033f9818b1483804ce50ad2c953456,-1.147057168590671,0.24102701365398374,0.4820540273079674
bluesky_ccfeb629f73afe6c25221063f9074cde5aedcb5f3f9366966ddbb5db3f997fd3,-1.1922975243837803,0.23284827721306117,0.46569655442612234
bluesky_cd02b1b74c038bb4f89ab3a61bb157e15a271ec42035ea585c5fda6b3056e71e,-0.7325433568397068,0.32463685359302624,0.6492737071860525
bluesky_cd1729a309622dac0c1563d7b598a89b98e813bfa1db737155624c1879fc4b89,0.043481156985311964,0.5108685769460098,0.9782628461079803
bluesky_cd39cca04343ce546169d8fb36104ca9e9514cdeed685bdcf20ce73c5bc94dbd,-0.3757262665292549,0.40715808174276186,0.8143161634855237
bluesky_cd9ad6e8243693ea3590dc2647b947aa3a3f856d50e8f50c09bc3c68ce4e021a,-0.6498391259155448,0.34302579084941975,0.6860515816988395
bluesky_cddf9e5298261aa11cdea9cf4911b8cc63fc559607d9fb04ebffafd58d15a060,-1.2951001341514834,0.2149908112726439,0.4299816225452878
bluesky_ce04f4455cd02508677e0ad39d0c43347c2f01540fdc382e3897a7781e2a2dc4,-0.6951979444782009,0.3328777638887251,0.6657555277774502
bluesky_ce2d9470296eff80e4ad2ca1f122c8df6a6ff3318fc914f264c1d48fdd7b5795,-1.1072553637572131,0.24838292760695582,0.4967658552139116
bluesky_ce6824e6283639a9e057c514c39b68c210fb11d4a5e152b80943d205b38d070b,-0.9310534452113197,0.28271104219357857,0.5654220843871571
bluesky_cec1a4afb7aa129e06746d247374cdc01fff35db64e8fa2c1a8a6ac0e57e7b5d,-0.5944522450638995,0.35561395587050065,0.7112279117410013
bluesky_cec3014922ddf2e8339cfd646e35877be8182ff427acc359aeb953f70ccd27e7,-0.9360475425634855,0.28169941150692634,0.5633988230138527
bluesky_cf3c30e87a47d8cb0825adac3e35c3bd5856a46569e327ebb1d8db195385daaa,-0.8655703867502302,0.2961768475683992,0.5923536951367984
bluesky_cf7cd5f0315b9207f194bd55e94f6da2ebd7e53b9133f5fc7fa93cabb33c70f4,-1.0167496203198776,0.26566101846039,0.53132203692078
bluesky_cfd97f28ccd90b795234a873eef857d5d127abb83dbba5ca315ea7376948fe4a,-0.7728202562466202,0.3158693442047269,0.6317386884094538
bluesky_cfdee1f1eb9ed781b6f22e8bffabd5e8c00f46efcab09e72ec67f511074c80de,-1.0317935736272628,0.26273653029442245,0.5254730605888449
bluesky_d010b92f8526cad0bf5a2e112fc1c0872370fdc8d5fddd685af419adab868680,-0.1165272966290043,0.4709010952854298,0.9418021905708596
bluesky_d015e46a6bc30b9f88a4762e3d629b7c14d3a49e3823afa34146ff6d2838a9f8,-0.6397975520963679,0.34529230445256853,0.6905846089051371
bluesky_d02341aa46653727c3e5e25f95a609850c61fee1dcd84a2e8bc8187a85c0f1d0,-0.5944160643142157,0.35562224682921373,0.7112444936584275
bluesky_d048a3ad84eb4382ecc0c27ab31a6f68b2d3ac5090ea223b6f66e71aadbc5f43,-1.0014462410647464,0.26865716815574237,0.5373143363114847
bluesky_d04ea4dcd2dbdda0c8625c4b82a9fc270a227886965cc71c71dd67f3852cef0f,-0.8683839651833447,0.29559067645744747,0.5911813529148949
bluesky_d07547db8a3fd657945ab1ab4327387aad3deba04598378e137c562d7d2dd8a9,-0.11464245637490961,0.4713707349867169,0.9427414699734338
bluesky_d0de9c918f6bbd98cddbed7d4808bf43c1e8476154ef90af58fd215f985abb4a,-0.9462427889286567,0.2796410548453093,0.5592821096906186
bluesky_d157b4f0c409a08f067a5f9c920f7680f4ae3a270f9b0b62494e8d6c48e34e41,-0.8910087943330184,0.2909016915740004,0.5818033831480008
bluesky_d158db145ad8082fe2cf16345310fc98cb7c5d3e3f52a8e4696b9b34bf477733,-0.45625341153865945,0.38787499423412736,0.7757499884682547
bluesky_d195e00a2fc92abb5ef3ae31d5233607c043599e2197e34eadaa1767295b380b,0.04348617696508006,0.5108698313478934,0.9782603373042131
bluesky_d1c9969e7332c3208f4a367936e8a63c4bc458dcdb71bfe42d16055368ea9ea4,-1.0215765792086366,0.2647204158026955,0.529440831605391
bluesky_d21b7cd76d0ec039efcf00c8fd62826f9d9db317285dd00fa97fb38c8b0d1258,-0.49657152169942387,0.3783467115528068,0.7566934231056136
bluesky_d25218f1d3d1640e8ecae1770c87fc654b2c5bb951bf647a3c30808bfa9c0c8f,-0.6348038660691212,0.3464220751954808,0.6928441503909616
bluesky_d2744d820baf5aae0f22ef10242cd732b47ff300984f148a3418a03cb9180010,-0.5944160643142158,0.3556222468292137,0.7112444936584273
bluesky_d29ce8c6d7ca1a6593f665fc04865648a3b66f36ec095422fdb47d3ab7e88b9d,-0.9360315734469451,0.2817026427867307,0.5634052855734614
bluesky_d300274fd0763fdb0ede19040c16dc00746a909b352ff1b8cfe5c0a4e1ee4b82,-0.7001409461237333,0.33178097900257963,0.6635619580051593
bluesky_d381534ce8b5bb1c6995c98f826c8dc15785347ddefb4f3eb005325d1cff3cf1,-1.0467463726956105,0.2598503758493255,0.519700751698651
bluesky_d3c47e32dc84c88b2fe2ffed46513729164539174d42304b617786016ece2829,-0.5743586441291632,0.3602316999753308,0.7204633999506616
bluesky_d3f422c19f42437d74e79e0287bdb54692874ea80093a4c85a42cccebbf76ab3,-1.2274544534333791,0.22662726643414635,0.45325453286829265
bluesky_d42f8672c3f9546bee7782d62e65bd7506da74fd33e52c386bc7734f074dd045,-0.9462891497874674,0.2796317159195972,0.5592634318391944
bluesky_d4bbd52fbbd004d8f371aa4808b7d0ae169acc98023ac977cfa9f42836bdf084,-0.8760474076588914,0.2939975222099443,0.5879950444198886
bluesky_d63645525de3a40c0335100d3c6bff85a57514bb52b1ac96cc71ad16c9457ce3,-0.7324162788729147,0.32466471577433076,0.6493294315486615
bluesky_d667391bdba976a0c971e9d54139b82fc9f02aac6c01225685af8f3ff9c0f044,-0.6873638719152678,0.3346197494034891,0.6692394988069782
bluesky_d6c64afd044aaaf9a88a2b6e87de52ebe84e0518815f77806a7fdb24c7c0fd07,-0.4613619585276384,0.38666277921408904,0.7733255584281781
bluesky_d70c524e04e30d1401a4471d3e46f7d01a700bbea6e8b458445700fb54510e94,-0.9662198824121166,0.2756346006515717,0.5512692013031434
bluesky_d73226e1cb24c5c3a9201d02951cf5959e2f6b49461b83354df802a6d5ac1eeb,-0.6599328642350174,0.3407546928282,0.6815093856564
bluesky_d75824d64aa1b444ebc2cf1dfd8e439826a69b9b1e31bc3ad31dcf2b6b644ce0,-0.6145059969188592,0.3510320055910059,0.7020640111820118
bluesky_d77e69aec8e28c535d84a7afb01a2593fa2bb86f95a4f7ca5983faa48bef70db,-0.986620426804239,0.2715801232134178,0.5431602464268356
bluesky_d78b35f3f6fddbf83f1a994cbfc122897e5fe1f990c1f7a40a52af08095935c4,-0.45118474556493793,0.38907911912853604,0.7781582382570721
bluesky_d7a60b9919205bcfbae619d560511aa642b8534221d9b5f0ba03bfbb7de6d1ba,-0.8355482236122759,0.30247320712687825,0.6049464142537565
bluesky_d7e5acabbb3bb5db5af368824365824be99cead6aa5353b26b24cc3022646492,-0.7304679140624595,0.325092055297304,0.650184110594608
bluesky_d84b919bd5c7605c43df3eb1a63eec26484e41382cee6f5d30099b4d79a47102,-1.031726534107086,0.2627495164613513,0.5254990329227026
bluesky_d899c75fec753c933fbc574ffc2fa05b75f537f60c5d83e0fa8136e7756db40b,-0.7025028184141637,0.33125755454553135,0.6625151090910627
bluesky_d8da82c14b6eddeeaaa9487b88432baf6098d6a27caff5041b0634817f1a38fa,-1.0537876648573596,0.25849842877691864,0.5169968575538373
bluesky_d963b6e9de25f1276c4c93b21eb9555a27335fc9be44fc3c1eb1cf5c243653c8,-1.066968414366364,0.2559800353098758,0.5119600706197516
bluesky_d99a16b9b43cb667a23e3305cd264eb6897535e5565dafde22b9b9b377c6d686,-1.0265800798706932,0.26374766400900396,0.5274953280180079
bluesky_d9d95be5567486dfefe4ed5be86d4539625e8e39c22c8d319ca652c84f8101df,-0.9613143129051498,0.27661512471912775,0.5532302494382555
bluesky_dab3d5b030ee912476010862f5353d5dec55425dfddfbff06c09ded1424ee862,-0.911313564470253,0.2867311165515321,0.5734622331030642
bluesky_daf00ce273c8cb2cd3aa71906200cf89c40ae246304a3e6332a3f99fcb85670c,-0.9314905427963855,0.28262241355643597,0.5652448271128719
bluesky_db4d8ca86d7bbb91419ad89b3800c461d9f39edde9332639793bba1cd9195cef,-1.1144584695507795,0.24704062670063406,0.4940812534012682
bluesky_db5a486d9637a79df2c403e3b6085e2ff74028e4c7b95cf855a6a2f170f0e5aa,-1.004018369927996,0.2681520958241652,0.5363041916483304
bluesky_db6ffde2da6ee9054ba420a4e9584b52f8d2889b47e857ca6ec7883888f68c4a,-0.9413602363456368,0.2806256630846818,0.5612513261693636
bluesky_db75ab534de2fb76553242ce78c9922ebfba0de76acc98b7351706e897988292,-0.2830573628583382,0.4297043827493883,0.8594087654987767
bluesky_dc4e4df23e65844964f04797cda452d43ee788a3eec8a53ddac09dd5e5e91a35,-0.6694048060978641,0.3386301274774124,0.6772602549548248
bluesky_dcaafcacf4025fe4cfd69e1778a72662dc172c6614cc2bcf68e9d7f4100b4082,-0.7326899928773738,0.324604704795973,0.649209409591946
bluesky_dcaf56502a5ba6c609c804d2cd3613d87c018879837e9aa5852b7c74d5492628,-1.019237356377198,0.2651759808845058,0.5303519617690116
bluesky_dcc71fd1c231e09a8cb848f49227babdeb6e1b3726a00588411ebb82f0db1a85,-1.0341969105024624,0.26227125494640285,0.5245425098928057
bluesky_dcfc0d8f71870f18dc62a68cea16aa71ed29a39deb247ee68d057cab322314ff,-0.45628508816598345,0.38786747334310384,0.7757349466862077
bluesky_dd072fa80becb8a259f66113407493c1cceae13aa0ee29797af6b6d049a49dd4,-1.1494274145719396,0.24059368365772732,0.48118736731545464
bluesky_dd39babb61d442b0740aeda239e0df534be840b7b7ca205bc265c6048d0c6119,-0.9413602363456368,0.2806256630846818,0.5612513261693636
bluesky_dd8bf96d559fb0c3c1aa2f4affc0dd73ae07a651f80efb605434968b4730ff6d,-0.9209610727820918,0.2847621095733174,0.5695242191466348
bluesky_dda1d897b276c283c384e226560547ee9e3c2e1272e8e3f7eb26e96797e7a4a3,-0.8710898514602831,0.29502757719721756,0.5900551543944351
bluesky_ddbd68b836ba0d342f6509fc12951cb42694b4308f052ddf886e357238770ac4,-0.6648123021774575,0.33965942456722903,0.6793188491344581
bluesky_de15c3dd8fafaf391a3023310d0b3302fcc546fba3aa13fbb34190d1b5dfa79c,-0.6700934283755846,0.33847592093641243,0.6769518418728249
bluesky_de52241308bd5ecba5a59747bf9469289fe8ed3200627ace1929cbe81395e09f,-1.064174520613338,0.2565125069428901,0.5130250138857801
bluesky_de604fdeb4799a51c575a3ce291dc2429ff67f5e198dffa8ceef3a039a45b146,-1.0941546676492155,0.25083673501742276,0.5016734700348455
bluesky_df56e2acf537e65ce4a9eefffce7b3c48aa76e95526717a20200c2fe4ebf30c5,-0.31833612317906756,0.42108130081649714,0.8421626016329943
bluesky_df5aa21f474f6471e8e91e3742767a71119e536c9adfd5fc1f8bc8d3c85bb021,-0.599386060833353,0.3544841659373186,0.7089683318746371
bluesky_df87877bea4ed17338166cc674de9f541c1f7b6f3b0351f40b42d9b8496ce65c,-0.9663698298380965,0.27560466313061766,0.5512093262612353
bluesky_df898e6b891debba728a1e6f8a372d3c714ea0aad55bbbd369bd0e5101b50520,-1.074562981486011,0.25453630017985857,0.5090726003597171
bluesky_dfb08c8b0467178086b73f7b79054d83d2193197f0c72ea240f1f282a6a3142a,-0.5992423376097783,0.3545170541121339,0.7090341082242678
bluesky_e02dd5c27bf0be172d0bd0ab28d4c945c8081d7786afb3b981d482f392a51f2c,-0.9665192066458792,0.2755748415386481,0.5511496830772962
bluesky_e144b5d3d89e2139fbd7dc2846659471eaf666f5951851012b283436db9fd4a8,-0.986231860911011,0.2716569978346502,0.5433139956693004
bluesky_e293e0b6dc2343a15db676796bf85993c6afcb2428c7914e6e1264a00a83f4fb,-0.9511897047555452,0.27864562569191814,0.5572912513838363
bluesky_e33e77c87442bed068fac31f5ea7d6bafa6b245e7fe52329e4ee0969e85608f4,-0.9312965604857579,0.2826617445434043,0.5653234890868086
bluesky_e3a1694bd90f29c33ca874082d7c01ff8687ea137919b8fba50aaa36c8711fa7,-1.1244659748914936,0.24518383102635388,0.49036766205270776
bluesky_e3a27f7d4e5a9aab34be28e5f96c1ab5f456fdbb61b82b117a479426f41b9ade,-0.9990650392919568,0.26912528550921183,0.5382505710184237
bluesky_e3aab6e7482febf5e1d18a28737740104a60c80577d3847384c6a061563f3104,-0.9011950523485914,0.2888049756742552,0.5776099513485105
bluesky_e47f449ca615b63511739465168871f80ced3d729d85f6054fac5871e904e928,-0.8561444088954548,0.2981455180606708,0.5962910361213416
bluesky_e4cff671825cb99db2c4a4a13a62fd04ab112adda63eae33612b69cc50bba735,-0.5541151985226592,0.3649101795546838,0.7298203591093676
bluesky_e4d48954b1178a3d3bb6caeeb97b9901887107d266e02d1b10f2f42b657c5e5b,-0.9413124773791014,0.28063530452230206,0.5612706090446041
bluesky_e571d8f207eb4406464cb173c50e0311ae93d2341ef6b5652d60d27d955d7903,-0.634601206284062,0.3464679615997962,0.6929359231995924
bluesky_e59e17df9d4d66e9810c96f1e691f541746428ce25112739ef4b3044af707eb5,-0.9913515330343119,0.2706452072395488,0.5412904144790976
bluesky_e5bef58101753b31862967efcd732e150d4a6b1afc2f91d365acb318ba66db40,-0.5741504906295305,0.3602796734301674,0.7205593468603348
bluesky_e603d584fe92320092eaa9780404cffe4f7e4ce36ece56b740a8b33d33d735b4,0.02833664153958615,0.5070836863950695,0.985832627209861
bluesky_e64f8f7d661ba3950c8d305f38f337c55ab469f875b447970cb105669c86dfe9,-0.5118134840908434,0.37476849884154,0.74953699768308
bluesky_e683842760ed3d397802586259918be46894ec2e74e3840e03a575a0c589f4a1,-0.6345611851797367,0.3464770235506121,0.6929540471012242
bluesky_e699e26656ff43b20e7730b4ddf77714733b9bbed93bd4f414f91a1440177071,-1.0744049281768175,0.25456629157502997,0.5091325831500599
bluesky_e72ad5a986355d87a9ad1a7577b3011e0c636056e1c1d863852924ad4857b6e0,-1.4509768386230544,0.18985127512558994,0.37970255025117994
bluesky_e75ba727bdb4dcd84bd5b3992fbf8d15eeb44757511fa20160ed9155205b4020,-0.6346012984938094,0.34646794072093584,0.6929358814418717
bluesky_e7732cc74f040d8d6eb6f0e3a900fd597c3b012d55abf6551d949c1e0e6f96d8,-0.6548259254242546,0.3419028515746765,0.683805703149353
bluesky_e7ea19befe88babc664285fc88f0cf5f91550f54e512f98873fe6ba89cbb8ffe,-0.18520774719544775,0.45382996451054103,0.9076599290210821
bluesky_e7f2b59806b965d9d00351c40f385155ade6a71148fb77c9bd5e38a2dd921c45,-0.649825731900385,0.3430288093189366,0.6860576186378732
bluesky_e81b02f5b73c2eda595362945610fa1a174b1a38e3915cafe9882fce352a7aba,-0.98642993532453,0.2716178087081143,0.5432356174162286
bluesky_e840b8d8284e554fd01caeda6679240bac956a1fccc6eab9cceb5561ee9e17b0,-0.333409360732586,0.4174113051465111,0.8348226102930222
bluesky_e8455ba43c0a2215ae0e4ed47969f0864902aa0d878eb3bc4a58a36bcdfa755d,-0.9211235964456174,0.2847290091059627,0.5694580182119254
bluesky_e8b06a64b1db94022c90d4f786d8298b97a4c3b22e090d17eeda2118ae4fa78a,-1.0114700755496322,0.2666922531796098,0.5333845063592196
bluesky_e920f71053cfaf8777f9f550c33255d311e0d4b225d1b3dc075aaaf9eebf03e6,-0.6598495000087972,0.3407734200942859,0.6815468401885718
bluesky_e92f7d78b728d6c1d25d44face7af72f735deb531a176dbb171615d9a6719626,-0.6346761964748912,0.3464509819228792,0.6929019638457584
bluesky_e9863207c26c747ac411e02c6c4f1add57e94328d7198b9ef1336cd18fe4450f,-0.9209671180549741,0.2847608783181683,0.5695217566363366
bluesky_e9f5163161f0bd15c8445979cd63d3295301e85f731959396d1fd411c0046ea4,-0.8912858163384056,0.29084455136739423,0.5816891027347885
bluesky_ea0c5c3454996e80e1c3e91198db56063a634cb1d708b37e2c80b39b582a9f6d,-0.6749138522331659,0.33739742178947585,0.6747948435789517
bluesky_ea5c90a05f7dcb41339bdf201c404f268b53b31f862de1e09d5b136171f9ae87,-0.8960779108151512,0.2898571542717328,0.5797143085434656
bluesky_ea5db60b76a87c6239e417b6ec4e2b39a6fb5344d253407de1c79ad5b469a063,-0.8838022760877842,0.29239047396478846,0.5847809479295769
bluesky_ea856a11b257ee65b1872962ab42132588ab1c177c940bad567f5430dfc8d1a9,-0.8635371834749819,0.2966008568087337,0.5932017136174674
bluesky_eaca8666c828b12f72d5bc57492c13d3b387f9616bf52bd8e6566b9bfd6a1785,-1.2478024790702076,0.22308077201189677,0.4461615440237936
bluesky_eacb2c3637ec8f777e2d0d6ab7d0434d440c51f5677edc44b8efcc88ca12bd1b,-1.2224392528842283,0.22750747227087764,0.4550149445417553
bluesky_eb4df340933bc2fa724b14158c9d423e9dcf62d0d4b77d9f84f569bc1e15da08,-0.6397225062968668,0.3453092699178912,0.6906185398357824
bluesky_ebe1bac9d7a9764fc78e58a986c1f2174514a149d896438a9d3bdbc868a73f32,-0.017109168783631334,0.49572281213975566,0.9914456242795113
bluesky_ec13ad9ea1c2ffb77b4d288db8d42d1c87eb6fcd7a02900ce0fdd6bf3df6a68c,-0.407878081644772,0.39942102633694687,0.7988420526738937
bluesky_ec63bacacd836c655a85f73b246aaa743119b53aaaaaea675ffd34dc20acb193,-0.891027932663082,0.2908977437753133,0.5817954875506266
bluesky_ecab0854a3260f2b7e1f401a8ba82baa858d6c1f4e6473d6c31aa2c206f293cd,-0.7776656054669469,0.3148232194718722,0.6296464389437444
bluesky_ecdad0147f04141f5d86677cf9522debd61ed2430460ab185ad9593f6f32a82b,-1.0216033435755953,0.26471520632497836,0.5294304126499567
bluesky_edc2ddea37b276f3e982074bf6b45101ad4364a4855f3e30308b139e1d5a3549,-1.0298617596021051,0.2631109058289195,0.526221811657839
bluesky_ede42f4bddbbfe661cf0c9684972a8a5d64809769f62eac3a4098b95a91fb345,-0.5066814346913767,0.37597179633700634,0.7519435926740127
bluesky_ee1226ee41d7911e6f616d328e6d37d62c5fed4d6e4d268caaf36e61f761a957,-0.9410412285907324,0.28069006724999246,0.5613801344999849
bluesky_ee871c25ac3d362a9ce6411d6e6cb1286251e410abaa16837b23563a9e19f040,-1.165389140685197,0.23768942974344817,0.4753788594868964
bluesky_eef8f858c92cebadc02a2ee8057cffd9ec57e0c4d56bcd0a3a2a14c3e2fdf66a,-0.5641724257016355,0.36258259165708384,0.7251651833141677
bluesky_eefde550e6b4e0c969f7053ba7850d860483679787e2ad7bd6218700e6b4dc99,-0.905949715204291,0.2878293653041575,0.575658730608315
bluesky_ef44226845025e7f9891d084ce47114511d04d528c140580d76db6ad5e8c3a40,-0.961124853324185,0.2766530370336636,0.5533060740673272
bluesky_ef47bcd415f8d57e196ac0c78742b66a747848f88303e14751ac96ec6ac9d0aa,-1.2472866454363154,0.22317018687089138,0.4463403737417828
bluesky_ef595919d0d73cf9fca931bc173521fccbf0e0094afaa64e8cff862c8ec7daf3,-0.6446995004166852,0.3441849848870042,0.6883699697740084
bluesky_f0b16a38b352e6f1ffa704f0482d4546acd40385f57c78876e7ccd169d8a4570,-1.129901457744294,0.2441792869879018,0.4883585739758036
bluesky_f0d3eb82a94433636c003fb366f6d26fcdc42390ddb037910c31bc359bc76338,-1.1196469444365076,0.2460767776051868,0.4921535552103736
bluesky_f0e0021b15ebd8565ce0d7181d52b8834e7c9b759380acf680fd776ff7eaf0b4,-0.7677323814120055,0.3169698417135099,0.6339396834270198
bluesky_f0f86f0e07ba6953ee1e3d9c7c102317353f9a420a8c3ec931623ec73a018046,-0.9160342388239207,0.285766634111669,0.571533268223338
bluesky_f10c1ef32aaab531e48b97a1b85475f19d145e7b32137d04f63106707d0052a3,-0.6800008531780259,0.33626111217517834,0.6725222243503567
bluesky_f1d1cda2371c1aacbb2d9d6ed3e057a655349134207ed6ba75c77107911cfcde,-0.9912814856620327,0.27065903455933776,0.5413180691186755
bluesky_f214abc785460e7e4e082b3cee565dbe434429120cb5635b36f90f84595ed6f0,-1.0015515056694664,0.2686364862178601,0.5372729724357203
bluesky_f21c0380f4503b13e766c3aec36e3c85057ebcf2cfc3e2c73e7c35092f6a2108,-1.197307602262033,0.2319545253295835,0.463909050659167
bluesky_f22ebd98450434f42ff73810e488e5f77b8f1f606cc7b7a8d9427e53caaafcc9,-0.6547475594082486,0.34192048456141805,0.6838409691228361
bluesky_f269ab42bf5ef060397909cdcd773111e1720e2e8671bdd95d6a98428c3a8724,-1.5064519169411208,0.18146521425661938,0.36293042851323876
bluesky_f2d7a5c354662b753f31dac781f7e5cf52d5fa07cbb6002ab4bdc8ac4c95eb40,-0.8885736720204722,0.29140425913356033,0.5828085182671207
bluesky_f2e28fc96e899d7c0de8591945ec8d0d40cca429f92dba8d0cbbcb309cc3e2e9,-0.29807569088375196,0.42602796379743085,0.8520559275948617
bluesky_f304fa236802d5f63b34ad3a292d2f398aea8644d098dc34b62b1a735533f15e,-1.4236587370817906,0.19408864973883663,0.3881772994776733
bluesky_f356f222f61ddfdd1c6294ba34a5d5ca43e1dfd8ae5eac69c2e0f92d7a746465,-0.8031328146855385,0.3093557785806941,0.6187115571613881
bluesky_f3be1180df4ff2f2b104148f214f94a5f184a3be1a9b8c1d99d007b832124d35,-0.6247315243241898,0.34870610641010047,0.6974122128202009
bluesky_f3e17c208202ba4824f4c8770e6628e0fe214f494f6829e24ee02eeeab28d791,-0.584289767338521,0.3579461167326018,0.7158922334652036
bluesky_f3ee3796b2a734f0dae863a9e5ef2fcfaca8c6e5e0d1af4169113bf09a3b98d1,-0.6397198987356281,0.345309859411527,0.690619718823054
bluesky_f465ec103c0ef4e2a6ef97378e86e4b6f27b4acf68b6ad125bca1eaafa57e407,-1.0063764389071281,0.26768958599854176,0.5353791719970835
bluesky_f53195216fdf341f713bfd07a36d74e0775496138e75419b62760eea61831d0f,-0.7927949829139123,0.3115688476754393,0.6231376953508786
bluesky_f53ff14293cadca19de5d639a25a8b87395713c147881e8c98d14f599f35a906,-0.4814147291880671,0.3819181132301744,0.7638362264603488
bluesky_f56c4469482c088f581536f8e6c57aa4598703acffd586d4e2aedd38b944b13c,-0.9612870622391718,0.27662057758871456,0.5532411551774291
bluesky_f5811a60bab59f60aaabcf4b96297fe9dafc060ad72cfb4c5a1ad3bf37ca4e32,-1.1393954785620664,0.2424313691486051,0.48486273829721016
bluesky_f59bc508b232015b6239cb9e21d8188c63a3fc8eb45c298cee57d733ebd19799,-0.3383788872463438,0.41620331840036506,0.8324066368007301
bluesky_f5b575b45a0c9dea6303e0abacf595b40831b7705c009dd6f613a085ffe3ed9a,-0.9661200646794894,0.2756545307231253,0.5513090614462506
bluesky_f62e3831402eb1d40fc1829c33f53653f03798d79bbbeb42dc16d520161a73d5,-0.8053844563479351,0.3088749111962698,0.6177498223925396
bluesky_f66b32bbbbf4305fbed366752aef789988c8e27641b42573061f8d3d4a1ce37b,-0.6599595990435865,0.3407486871214514,0.6814973742429028
bluesky_f679b175528704380ca579f8c5d28fd32a72ac82c6dca1a6f82a2e5aa7cf7b19,-0.7147960008336478,0.3285399667137297,0.6570799334274594
bluesky_f6c10a90f9c9b849dea52ab02d5f942b27a6cec030fe483b94858105ab1b2fd6,-0.38073980512726163,0.40594847746377555,0.8118969549275511
bluesky_f74c9f754b2dafd2c5e4f7134f8ba93ca0daa9a7f02c65ac139cebab662eccbe,-0.09954813927640233,0.4751334970289951,0.9502669940579902
bluesky_f75e33d000b2e52b9625e7825a0d3469590f37e6129152b8a16b76502d96c2c5,-0.6094862115780214,0.3521764089110106,0.7043528178220212
bluesky_f76b9e1032a428942eab4cab768ae6fc1214e65525900c9f8b52a601571fa3ac,-0.2982613021065763,0.42598257725403715,0.8519651545080743
bluesky_f7d3a598708dea13963464cd38159f8c93e4adbe190ee8366c702e562d364eb5,-0.9711802326832435,0.27464531931548747,0.5492906386309749
bluesky_f800acb8cd2f36154190f0af3a38a15fda26beb6416a5a63e8cd5431185859e4,-0.6246580440661976,0.3487227947086037,0.6974455894172074
bluesky_f907606f4e5710eb7a578ec6a7154fb5b3a45cbfd724fa8aa8f4635c91c1a04d,-0.9309986464303857,0.28272215472456874,0.5654443094491375
bluesky_f9e369b48c278bfafcaa3802bbe247f0ed7c86a00560179435ebc453a471800e,-0.7397599266945278,0.32305664341397733,0.6461132868279547
bluesky_f9e4130000316faa81e1f1615ef9dd8ce3720749ed8e3930bf7b3ce0a9dcada2,-0.82802514470584,0.3040628047936681,0.6081256095873362
bluesky_fa4d97b300297dc11e3bc74f40f994fa9b8e1932999d8f60e024db19d8a8f598,-0.7325433568397067,0.32463685359302624,0.6492737071860525
bluesky_fb203f9adc685cb5ad051d5d1684078a84c96137e7c11fcd5dd33e97406808b2,-0.6873179721212527,0.3346299690414089,0.6692599380828178
bluesky_fb471e82c1f9351a7e30ddf3a10e9dd79e4c1e1f85b2497c0868035a9c7d4297,-1.1294063188917172,0.2442706792910291,0.48854135858205816
bluesky_fb5e78b48d778b3d383f9bd35a5a397230fc33de09e62455f2450e776ac2fb49,-0.1803231238752745,0.4550409786289223,0.9100819572578446
bluesky_fb66acccd268ea732293cb0d5d0fea684b52f74e8e0df2d3cce51de56cdb98fe,-0.9392558812606236,0.2810506756042479,0.5621013512084958
bluesky_fc74f1f7945d267e51225db998c1bcfb80c68e42ead0328b53500f5c158a71a0,-0.9915321072861267,0.27060956401237457,0.5412191280247491
bluesky_fc9da11d6a9dae2c2f4277d0253712696a710540c73488dad90e6c834fcee2a8,-0.6346764284663368,0.34645092939475175,0.6929018587895035
bluesky_fca4e159fa6e244d675e57a0b914050c1f4196a93c4eb7cdcfe55df3d091ff71,-0.9587957761529167,0.27711936532286446,0.5542387306457289
bluesky_fea83dca5a2d111cca09de05b5c045519cd1f5e3b78be9c4ce4857cc92af3adc,-0.6298184221014473,0.3475517111843922,0.6951034223687844
bluesky_fec21c50c5d43a9fa639c803fa0c3358341c6a3ac843538f2d1429feaa2f8c3c,-0.3283424471141101,0.41864398588030166,0.8372879717606033
bluesky_ff18ee1059ec2ce9253a7349cc17635f9e520b8989aed182a6735f8fe70d1776,-0.74754628927118,0.3213561870043422,0.6427123740086844
bluesky_ff75e1b6e6448ecff08c27fe152682dd9b85133eab7fecf770b1ccfc982eecb6,-1.0591145661720716,0.2574786986093663,0.5149573972187326
bluesky_ff7741b33607c9d93fbc8e8f552f4c0be4ce76455859caf01a67e98f54c421c6,-0.9565638334797784,0.27756669984783927,0.5551333996956785
bluesky_ffc6692996da15563030d9c502ab9c083ee67fb9c2ae3ebf4e364c0032216ab0,-0.9862413068521259,0.271655128869747,0.543310257739494
bluesky_ffeb2aba50fe1682ae8ef8e6368fe0a30fed629ccfd7ea87decccdba4c0e2f5c,-1.0840556229037959,0.2527392952115928,0.5054785904231855
bluesky_fff4f5de08bb09ed6b1579733970adebd5e8c1349a650f363f6329e52feadeca,-0.6876278230465328,0.33456098341529816,0.6691219668305963
reddit_1ic7ftb_mvsyylk,-0.9742798453899022,0.2740282606568225,0.548056521313645
reddit_1iv52hs_mzvwpva,-0.34528553010858565,0.4145261326733382,0.8290522653466764
reddit_1ivhii3_mtm3tcv,0.2437194671858809,0.5606300488939104,0.8787399022121791
reddit_1kbqve2_mpywr4u,0.2693781125339647,0.5669402261337033,0.8661195477325934
reddit_1kbsrmm_mpyar59,-0.5742322823266756,0.36026082243999163,0.7205216448799833
reddit_1kbtl03_mpyu8h0,0.24709410196983184,0.5614611315911073,0.8770777368177853
reddit_1kbza1m_mpzb0wf,-0.8554035059259417,0.2983005787226962,0.5966011574453924
reddit_1kc0109_mpz1fdv,-0.7625821363322367,0.3180859191768476,0.6361718383536952
reddit_1kc1dne_mpz59f4,-0.8279830784958738,0.30407170643948883,0.6081434128789777
reddit_1kc5vjr_mq0onuk,-0.7727085591088223,0.3158934819948387,0.6317869639896774
reddit_1kc5vjr_mq49xzz,-0.46438480440680635,0.3859461432497573,0.7718922864995146
reddit_1kc6dti_mq103lq,-0.6874001148750354,0.3346116799795996,0.6692233599591992
reddit_1kc6k0f_mq2rhmp,-0.9209947743928768,0.28475524552671333,0.5695104910534267
reddit_1kccd08_mq25puz,0.02644184766491442,0.5066100767893802,0.9867798464212396
reddit_1kce10r_mq1x36z,-0.2829806971197,0.42972317044355135,0.8594463408871027
reddit_1kchwvg_mq4usow,-0.6194672891546826,0.34990261788432403,0.6998052357686481
reddit_1kcjvfv_mq4alrl,-0.8959854667413847,0.28987618332808746,0.5797523666561749
reddit_1kclz6v_mq6ew13,-0.6599261657474353,0.34075619758429954,0.6815123951685991
reddit_1kcm2gn_mq6bfl7,-0.27295692901128765,0.43218131778817764,0.8643626355763553
reddit_1kcqkoy_mq5biu3,0.09390304542508554,0.523458526208313,0.953082947583374
reddit_1kcx4ed_mqhjkzd,-0.9183465546570849,0.28529491493885867,0.5705898298777173
reddit_1kcy0mu_mq6vxp3,-0.3737776633177787,0.40762852128226673,0.8152570425645335
reddit_1kcy0mu_mq7510q,-0.5894037033177487,0.35677168414682026,0.7135433682936405
reddit_1kcy0mu_mqan3r2,-0.7729999484399541,0.3158305147430473,0.6316610294860946
reddit_1kd0y99_mq7cxbn,0.4304727144475031,0.6059865426257054,0.7880269147485892
reddit_1kd2e74_mq7rldq,-0.23752608946572235,0.44089609685884346,0.8817921937176869
reddit_1kd63h5_mqawmhf,0.0163553486851723,0.5040887460276113,0.9918225079447773
reddit_1kd68tv_mqdvza2,-0.08773248845067294,0.4780809353183789,0.9561618706367578
reddit_1kd8gaz_mqaf7bv,0.18144351598738762,0.5452368407119861,0.9095263185760278
reddit_1kd99ys_mq93r79,-0.0894633077330862,0.47764907855349864,0.9552981571069973
reddit_1kdb50w_mq9m82g,-0.6246245849125306,0.34873039382968324,0.6974607876593665
reddit_1kdhcse_mqd48za,-0.1194655000182922,0.4701690954623283,0.9403381909246566
reddit_1kdjdbr_mqbg7ah,-0.7574586605903794,0.3191982726147204,0.6383965452294408
reddit_1kdjsrv_mqbgose,-0.4917726121719116,0.37947607452296533,0.7589521490459307
reddit_1kdkguy_mqdbhtr,0.1864641586709186,0.5464814419957329,0.9070371160085342
reddit_1kdsslc_mqn7ysp,-0.03731561999066768,0.4906721773587057,0.9813443547174114
reddit_1kdtw54_mqdqgjd,-0.6249921448881788,0.34864691916680257,0.6972938383336051
reddit_1kdu3ja_mqdt8oa,-0.42101981666731925,0.3962727427360474,0.7925454854720948
reddit_1kduyqe_mqefpvx,-0.7074893488126708,0.33015383947309623,0.6603076789461925
reddit_1ke0sk6_mqgra5h,-0.584241059088609,0.3579573109738651,0.7159146219477301
reddit_1ke1hwf_mqiwyr3,0.026423023569105197,0.506605371587326,0.986789256825348
reddit_1kea4ww_mqhf6as,-0.2000934248718489,0.45014287859111246,0.9002857571822249
reddit_1keheq3_mqkxm08,-0.7602050282190278,0.3186017540207901,0.6372035080415802
reddit_1keheq3_mqn35ai,-0.38776541108381835,0.40425534803081553,0.8085106960616311
reddit_1kejgoy_mql3nzg,-0.08387190171904291,0.4790443075246348,0.9580886150492696
reddit_1keltha_mqjof04,-0.37070831134530524,0.4083698796684632,0.8167397593369264
reddit_1keniyy_mqk37z5,-0.5715017694540085,0.36089037164964527,0.7217807432992905
reddit_1kerfht_mqljaxk,-0.29311558837240814,0.42724129112111264,0.8544825822422253
reddit_1kerfxk_mqmhx74,-0.6174912498297931,0.35035224229427375,0.7007044845885475
reddit_1kesocd_mqmbypd,-0.6850477193763675,0.3351356366912602,0.6702712733825203
reddit_1kexd68_mqmczz7,-0.027199000371989523,0.49320066907243887,0.9864013381448777
reddit_1kexwzc_mqmf9iq,-0.9612011666270233,0.2766377657708127,0.5532755315416255
reddit_1kf2hgg_mqpouu3,-0.12176431037652191,0.46959647806446475,0.9391929561289295
reddit_1kf5pvv_mqoc9mr,-0.42905782861006697,0.39435133582424525,0.7887026716484905
reddit_1kf99b1_mqpqeu7,-0.3132814393217006,0.42231397949771515,0.8446279589954303
reddit_1kfa750_mqp8882,-0.45307747250013297,0.3886293190170911,0.7772586380341822
reddit_1kfef9j_mqqmxru,-0.03730780825443136,0.49067412961322143,0.9813482592264429
reddit_1kfeyz1_mqrihlf,-0.8561093264560925,0.29815285928037116,0.5963057185607423
reddit_1kfo0ut_mqu5lh5,-0.2929987395220929,0.42726988499884133,0.8545397699976827
reddit_1kfohcu_mqt90f3,-0.04410813454095608,0.48897475380013977,0.9779495076002795
reddit_1kfz5qd_mqwat9g,-0.7552484679367478,0.3196787630171626,0.6393575260343252
reddit_1kg0w37_mqwf8av,-0.4714100726616905,0.3842825526672498,0.7685651053344996
reddit_1kg5azy_mqx1nec,-1.0013880246636369,0.2686686066970507,0.5373372133941015
reddit_1kg5azy_mqy0bz7,-0.6295799815803619,0.347605781807523,0.695211563615046
reddit_1kg5azy_mx9k2fg,-0.0189957002506137,0.49525121773103625,0.9905024354620725
reddit_1kg5qlk_mr1z9om,0.09900120106265664,0.5247301047612924,0.9505397904774151
reddit_1kgcayc_mqyakjb,-0.23258897688553865,0.4421134810929745,0.884226962185949
reddit_1kgh0vd_mr0i4m7,-1.1167825475917181,0.24660857552542995,0.49321715105085984
reddit_1kgkc38_mr0jbhl,-0.027120394631178768,0.4932203168841183,0.9864406337682367
reddit_1kgkc38_mr2fy1m,-0.3131761747169808,0.422339660574593,0.844679321149186
reddit_1kgn2n1_mr04lxx,-0.5644776943520818,0.3625120420085511,0.7250240840171022
reddit_1kgqsc9_mr54alo,0.1647014168226706,0.5410825272068361,0.9178349455863277
reddit_1kgs9fz_mr3bvx9,-0.2729136044696488,0.4321919496890691,0.8643838993781382
reddit_1kgvslf_mr287e2,-0.4161641365476717,0.39743500194096465,0.7948700038819293
reddit_1kgvslf_mr35zv5,-0.27289086553134184,0.43219752988016463,0.8643950597603293
reddit_1kgy2af_mr2x6x7,-0.3485455553646708,0.41373516449454056,0.8274703289890811
reddit_1kgy2af_mr44a1i,-0.8653691101729541,0.2962188066244762,0.5924376132489524
reddit_1kgy2af_mr45hnl,0.26889700603261746,0.5668221015416836,0.8663557969166329
reddit_1kgy4kn_mr2gufk,-0.5692773801000657,0.36140358233589764,0.7228071646717953
reddit_1kgz5f8_mr381po,-0.8808314996332494,0.29300550139036197,0.5860110027807239
reddit_1kh5pb9_mr4rfc2,-0.4461869289839808,0.3902677393803077,0.7805354787606154
reddit_1kh7zbd_mr5d7p4,0.04349008369619478,0.5108708075690378,0.9782583848619244
reddit_1kh7zbd_mr5qg9y,-0.6095806316051458,0.35215486745378893,0.7043097349075779
reddit_1kh7zbd_mr6jvbp,-0.8329867766590333,0.3030139025864857,0.6060278051729714
reddit_1kh7zbd_mr7ajcn,-0.022110335719337404,0.4944726412469135,0.988945282493827
reddit_1khfdka_mr6u1xt,0.15622028152341194,0.5389758362228987,0.9220483275542026
reddit_1khn8d7_mr8q22e,0.07374842968578565,0.5184287556047287,0.9631424887905427
reddit_1khsmnt_mrcpn78,-0.33340101625558477,0.4174133343503791,0.8348266687007582
reddit_1khto5j_mrayepc,0.07378301613684013,0.5184373904657706,0.9631252190684587
reddit_1khug51_mrad843,0.21671417718877117,0.5539674940062908,0.8920650119874185
reddit_1khx7jq_mrb9wxw,-0.2605136400035517,0.435237448301661,0.870474896603322
reddit_1khyp7b_mrbhzk5,-0.7625266756729685,0.31809794911825434,0.6361958982365087
reddit_1ki18ju_mrc3g6k,-0.7728527124854141,0.31586233058645763,0.6317246611729153
reddit_1ki3k0w_mrbvh1p,0.07882375354502846,0.5196957416696589,0.9606085166606821
reddit_1ki553n_mrf43g8,0.39703204842479056,0.5979743694542927,0.8040512610914146
reddit_1ki6xuj_mrqxa53,-0.6648841851041305,0.3396433020667511,0.6792866041335022
reddit_1ki8nwd_mrihw1c,0.03843484346246151,0.5096075281782378,0.9807849436435243
reddit_1kifvs5_mrgave1,-0.5896549046171026,0.35671403912779454,0.7134280782555891
reddit_1kijebe_mrgiui0,-0.4309716586602576,0.39389433233686794,0.7877886646737359
reddit_1kijebe_mrj4maw,-0.49869846058126077,0.3778465841084503,0.7556931682169006
reddit_1kik1os_mrfrlcc,-0.0019657754693536145,0.49950855629091767,0.9990171125818353
reddit_1kikfi4_mrfsmn1,0.03844265889957166,0.509609481315968,0.9807810373680641
reddit_1kikfi4_mrgyfwl,-0.5995739309411173,0.35444117770856676,0.7088823554171335
reddit_1kimqa4_mrjpvhb,0.14608641438021042,0.5364567905502382,0.9270864188995236
reddit_1kinrnc_mrirkf6,-0.34538683821109295,0.41450154599554456,0.8290030919910891
reddit_1kiobtd_mrgjf13,0.5330193928183679,0.630187061654293,0.7396258766914141
reddit_1kiokjw_mrinhsc,-0.8511507228682081,0.2991915228693527,0.5983830457387054
reddit_1kiqxkn_mrh6nxb,0.3397351132417884,0.5841261773403,0.8317476453193999
reddit_1kis044_mrhv1zr,-0.6649347333066966,0.3396319649181657,0.6792639298363314
reddit_1kisfrq_mrjxs61,-0.7599658699841376,0.31865367625268004,0.6373073525053601
reddit_1kiv79p_mrqloy5,-0.6497512980859218,0.34304558392272166,0.6860911678454433
reddit_1kix4ml_mrm7kcs,-0.5016724752299645,0.37714771148380144,0.7542954229676029
reddit_1kj1005_mrmt0d5,-1.1770504777974256,0.235582942555011,0.471165885110022
reddit_1kj3p9z_mrmylsx,-0.11477501438647963,0.471337704258387,0.942675408516774
reddit_1kj3p9z_ms06wb5,-0.7506531646944576,0.32067899616701145,0.6413579923340229
reddit_1kj6zrh_mrsdegg,-0.28797082742995816,0.4285007145255625,0.857001429051125
reddit_1kjb9o9_mroj1xz,-0.3653790686993347,0.40965807158791445,0.8193161431758289
reddit_1kjdwyo_mrmfowq,-0.5441090095237205,0.3672322406990921,0.7344644813981842
reddit_1kjj6u8_mrqd29v,-0.25776418774169235,0.43591339958226927,0.8718267991645385
reddit_1kjjpp3_mrn9t0b,-0.644637646416296,0.3441989468105102,0.6883978936210204
reddit_1kjl2by_mrrph92,-0.34350090925048693,0.41495931579904016,0.8299186315980803
reddit_1kjmyd7_mroltjg,-0.5994097503414625,0.3544787452009472,0.7089574904018944
reddit_1kjndle_mrodv47,-0.29298367809826725,0.4272735706888788,0.8545471413777576
reddit_1kjndle_mrp2vs3,-0.2830556873105289,0.4297047933567134,0.8594095867134268
reddit_1kjpnep_mrqhn36,-0.5493179335319374,0.3660226680958703,0.7320453361917406
reddit_1kk1lg6_mrrhmmk,-1.230290422620985,0.22613059902161287,0.45226119804322573
reddit_1kk1lg6_mru2vmt,0.20487300293566368,0.5510398510807353,0.8979202978385294
reddit_1kk3rr8_mrrv7gb,-0.16702729793627025,0.458339983517745,0.91667996703549
reddit_1kk3rr8_mru1dkf,-0.5384571841512038,0.36854655348135507,0.7370931069627101
reddit_1kk6e4o_mrszapg,0.3445994927204058,0.5853073602620603,0.8293852794758794
reddit_1kk7hs1_mrupo13,0.06369262817211618,0.5159177762024414,0.9681644475951172
reddit_1kk7yq6_mrsryq8,-0.3132163330990997,0.42232986320997545,0.8446597264199509
reddit_1kk86gk_mrtbrdz,-0.9107780379885387,0.2868406529984259,0.5736813059968519
reddit_1kkiq63_mrwpbgm,-0.6771778696056764,0.3368914636335961,0.6737829272671922
reddit_1kkmvb6_mrxrv5u,0.06362124993101859,0.5158999497074249,0.9682001005851502
reddit_1kknpr7_mryoecg,-0.8553909283226011,0.2983032114398934,0.5966064228797868
reddit_1kkq6f9_mrx9c37,-0.1499978787334033,0.4625706820010611,0.9251413640021222
reddit_1kksjs7_mryisbi,-0.6870842705166235,0.3346820053578508,0.6693640107157016
reddit_1kkvadr_ms2g7eo,-0.08944603062241235,0.47765338920181444,0.9553067784036289
reddit_1kkwq7f_mrxtwq4,-0.9261741040445919,0.2837015500727475,0.567403100145495
reddit_1kl0ksq_mrzdxf5,-0.5943357892514445,0.35564064247958643,0.7112812849591729
reddit_1kl4k5p_ms07nuf,0.028341108843862983,0.5070848029969403,0.9858303940061195
reddit_1kl4k5p_ms0pvvv,-0.4414200984402553,0.39140264029337024,0.7828052805867405
reddit_1kl504v_ms23dzu,0.2994612336649062,0.5743108056236155,0.851378388752769
reddit_1kl6ssy_ms1kwmd,-1.0819468063197308,0.2531377784651246,0.5062755569302492
reddit_1kljha9_ms3i8ip,-1.2981862333799348,0.21447042916305006,0.42894085832610007
reddit_1klm8z1_ms68e86,-0.38893445360721995,0.40397383559927214,0.8079476711985443
reddit_1klo83a_ms3tuo1,-0.07936118723907887,0.48017010981252267,0.9603402196250453
reddit_1klo8c8_ms3ugqn,-0.4261513001265436,0.39504573906197865,0.7900914781239573
reddit_1klodyp_ms3wln1,-0.26994955755615124,0.43291947862287816,0.8658389572457563
reddit_1klqg58_ms9lpot,-0.27287747151618186,0.43220081681230854,0.8644016336246171
reddit_1klrtv5_ms4tu8u,0.23189435859569252,0.5577151850133338,0.8845696299733323
reddit_1klrtv5_ms4wvfw,-0.7726834702896728,0.3158989038338763,0.6317978076677526
reddit_1klrtv5_ms540uz,-0.8455582876423811,0.30036543732522036,0.6007308746504407
reddit_1klrtv5_ms5tngj,-0.782806401004067,0.31371535780413473,0.6274307156082695
reddit_1klrtv5_msgj7zr,-0.03223917918189645,0.4919409032208094,0.9838818064416188
reddit_1klsovz_ms4saw0,-0.2728469221862459,0.4322083137333215,0.864416627466643
reddit_1kluye9_ms71jvm,-1.3453683063970718,0.20662862865315715,0.41325725730631424
reddit_1klws0f_ms6djbd,-0.13785141312571092,0.46559161804381605,0.9311832360876321
reddit_1km18ir_ms8he0a,-0.5167601115870233,0.3736101395097379,0.7472202790194759
reddit_1km18ir_ms8yoji,-0.03391927994610178,0.49152099293509094,0.9830419858701819
reddit_1km18ir_msb3huv,0.18966686765090846,0.5472750808850185,0.9054498382299629
reddit_1kmahx0_ms9gt18,0.2721162968092036,0.5676123787935806,0.8647752424128388
reddit_1kmcfwr_ms92wr5,0.060405482236208785,0.5150967803824673,0.9698064392350654
reddit_1kmdt1g_ms9l681,-0.36045802955928186,0.41084869442458943,0.8216973888491789
reddit_1kmdt1g_msbl27c,-0.6948797903022169,0.33294842019316173,0.6658968403863235
reddit_1kmew4f_ms9mrxo,-0.6167212284048214,0.3505275236325035,0.701055047265007
reddit_1kmm69e_msbbfe8,-0.29311558837240814,0.42724129112111264,0.8544825822422253
reddit_1kmrgub_msdwuzy,-0.5392288399189359,0.3683669919807819,0.7367339839615638
reddit_1kn4pwm_msi79sp,-0.71786664599458,0.3278629349017691,0.6557258698035382
reddit_1kn6cu1_msgygl1,-0.6198009360754201,0.3498267267616889,0.6996534535233778
reddit_1kna992_msjyyfa,-0.30309918076741654,0.4248000380473674,0.8496000760947348
reddit_1knbc3l_mshft4i,0.2218262854397839,0.5552302809653363,0.8895394380693273
reddit_1knbwj7_msh0alx,-0.5793277283802083,0.3590872980217261,0.7181745960434522
reddit_1kndcmn_msik13u,-0.04918566792278489,0.48770606140805783,0.9754121228161157
reddit_1kne9uw_mshz9yj,-0.6065044531374572,0.3528569911689494,0.7057139823378988
reddit_1knep98_mshtabs,-0.7196739787551512,0.32746477907264504,0.6549295581452901
reddit_1knep98_msipgrk,-0.3336027755525027,0.4173642714546869,0.8347285429093738
reddit_1knep98_msjg22p,-0.636621478347746,0.3460106576128361,0.6920213152256722
reddit_1knep98_msmbjen,0.03337961210596052,0.5083441282896052,0.9833117434207896
reddit_1knep98_msnqjhj,-0.5388246408511085,0.36846104309272293,0.7369220861854459
reddit_1knm4f5_msk2m4f,-0.36376296904821875,0.41004896342404384,0.8200979268480877
reddit_1knq26w_msm8lau,-0.0321217717333,0.491970247485189,0.983940494970378
reddit_1knx7j9_mslzwad,0.3126410169946743,0.5775297721763969,0.8449404556472062
reddit_1knx7j9_msm9ncy,-0.42107322029507177,0.3962599664878817,0.7925199329757634
reddit_1knx7j9_msmuvaq,-0.5994242258305329,0.35447543287491917,0.7089508657498383
reddit_1knxovz_mslyfa1,-0.4890014062889597,0.38012883901439276,0.7602576780287855
reddit_1ko29fy_msx4s2p,-0.04425960364959591,0.4889369049982461,0.9778738099964922
reddit_1ko2gif_msn8euz,-0.08453318411337968,0.4788792796152033,0.9577585592304066
reddit_1ko2gif_msnlq59,-0.523865499239879,0.3719487958361218,0.7438975916722436
reddit_1ko3yf3_mspaxuq,-1.0873767700922907,0.25211257146830435,0.5042251429366087
reddit_1ko4jsf_msnh959,-0.609668782509244,0.3521347568084856,0.7042695136169712
reddit_1koadeo_mspxjqx,-0.15509984889234196,0.4613025819972869,0.9226051639945738
reddit_1koaxap_msotklj,-0.6096575396626872,0.35213732170932843,0.7042746434186569
reddit_1kohwmm_mssecom,0.07377632874840556,0.5184357208917494,0.9631285582165012
reddit_1kor2d7_msskef9,-0.4178703009876509,0.39702648054967093,0.7940529610993419
reddit_1kos17d_msuwjvg,-0.3182224845389565,0.4211090029651782,0.8422180059303565
reddit_1kouuvz_msu3nql,-0.34858232791642324,0.41372624503232197,0.8274524900646439
reddit_1kozgom_msu0brq,-0.3232794003204989,0.41987674142942205,0.8397534828588441
reddit_1kp0psp_msv921k,0.1443400720573189,0.5360224984895836,0.9279550030208328
reddit_1kp4a6b_msvk9fe,0.11587206256372973,0.5289356479083326,0.9421287041833348
reddit_1kp5lm5_msw4qcq,-0.36367778584709365,0.4100695701488296,0.8201391402976592
reddit_1kp8lpn_msw57ks,-0.7476328163182592,0.32133731692487005,0.6426746338497401
reddit_1kpermm_msysx4o,0.09394986756003887,0.5234702059628847,0.9530595880742305
reddit_1kpgf6p_msy66uq,-0.827511076424843,0.30417159702661256,0.6083431940532251
reddit_1kpgf6p_mszxhm8,-0.3584049757310029,0.4113457311008776,0.8226914622017552
reddit_1kpmzrc_mszvn5s,0.11414013817180524,0.528504095382562,0.9429918092348759
reddit_1kpmzrc_mt0paez,-0.8910924668474772,0.29088443208562487,0.5817688641712497
reddit_1kpmzrc_mt1p5wd,-0.5894668010962257,0.35675720424300733,0.7135144084860147
reddit_1kpvbpj_mt0v0r7,0.11414626918387383,0.5285056231539663,0.9429887536920674
reddit_1kpwu8r_mt36qxh,-0.3808695588272475,0.4059171871815375,0.811834374363075
reddit_1kpxd21_mt2b10m,-0.09446390423049345,0.47640156957668683,0.9528031391533737
reddit_1kq2ikt_mt2o2pm,-0.7647890275135147,0.3176074207360938,0.6352148414721877
reddit_1kq66l8_mt41ijg,-0.34522275455629736,0.41454136801865343,0.8290827360373069
reddit_1kqe3w8_mt4y0rw,-0.2427799454756061,0.4396013910157378,0.8792027820314756
reddit_1kqiazw_mt8md78,-0.5973838856713977,0.3549424473194937,0.7098848946389874
reddit_1kqlad9_mt6qz3d,-0.5017952982613547,0.37711885989063265,0.7542377197812653
reddit_1kqpl00_mt7bz9h,-0.30305903419755487,0.42480984768921837,0.8496196953784367
reddit_1kr256c_mtae30b,-0.5994459310911463,0.3544704662364321,0.7089409324728642
reddit_1kr256c_mtbzcaj,-0.4192279446461469,0.3967015109527371,0.7934030219054742
reddit_1kr2bpy_mtaf2mv,-0.27786760182643977,0.43097663922500307,0.8619532784500061
reddit_1kr4vzz_mtcdeud,-0.24757687151010682,0.4384200032008404,0.8768400064016808
reddit_1kr6c12_mtbjtw5,-0.3333826259240167,0.4174178065077523,0.8348356130155046
reddit_1kr82xj_mtc3byy,-0.4191310503759444,0.39672470083452543,0.7934494016690509
reddit_1kr82xj_mtcmm3d,-0.01711363608790828,0.49572169539543415,0.9914433907908683
reddit_1kr82xj_mtcnus7,-0.06726095832052648,0.48319109694970247,0.9663821938994049
reddit_1kr91iq_mtbm1p2,-0.5912657159383089,0.35634449302342225,0.7126889860468445
reddit_1kr91iq_mtbtdth,-0.7626350586409911,0.31807444005399765,0.6361488801079953
reddit_1kr91iq_mtvd2fh,0.07379138647135741,0.518439480203688,0.963121039592624
reddit_1krbubh_mtdpao3,-0.46666002183047306,0.3854070756833794,0.7708141513667588
reddit_1krctyl_mtcn5zl,-0.35357902754785236,0.4125147861244126,0.8250295722488252
reddit_1krctyl_mtcrgi2,-0.04730520695407431,0.48817590315910053,0.9763518063182011
reddit_1krctyl_mtd9bfd,-0.21433311965453433,0.44662091090190137,0.8932418218038027
reddit_1krctyl_mtdgvtg,-0.011586219764585626,0.49710347746133116,0.9942069549226623
reddit_1krenw1_mtcyejg,-0.5642919361323918,0.3625549712835233,0.7251099425670466
reddit_1krggew_mtesu18,-0.4393825500375874,0.39188810505012606,0.7837762101002521
reddit_1krgnqw_mtdmxoj,-0.7427220430265205,0.32240919490589565,0.6448183898117913
reddit_1krncfs_mthsjmt,0.18646695042738592,0.5464821339031019,0.9070357321937963
reddit_1krncfs_mtlhica,-0.5994025110017324,0.3544804017342133,0.7089608034684266
reddit_1kru0zk_mtj80e9,-0.4362021850377146,0.39264628366518894,0.7852925673303779
reddit_1krvdml_mti6yfp,0.02328809979343538,0.5058217618383494,0.9883564763233013
reddit_1krvkpk_mtic6mx,-1.051857877304538,0.2588684970027376,0.5177369940054752
reddit_1krwr67_mthcm3v,-0.11150544177419186,0.47215248699889956,0.9443049739977991
reddit_1krzun3_mtiiq8o,0.00813465763682708,0.5020336531948666,0.9959326936102668
reddit_1ks0a0d_mtjtgqi,0.49105077424996046,0.6203539366447595,0.7592921267104811
reddit_1ks3br8_mtin319,-0.4513054606274108,0.38905042595789624,0.7781008519157925
reddit_1ks874b_mtjis94,0.09388754717111569,0.5234546601721423,0.9530906796557155
reddit_1ksao9m_mtl1mlp,-0.07745035307469783,0.48064708489495633,0.9612941697899127
reddit_1ksecvh_mtlaw7n,-0.31826264292107564,0.4210992133379782,0.8421984266759563
reddit_1ksecvh_mtlnef1,-0.44124453680063197,0.3914444610342264,0.7828889220684528
reddit_1ksedw6_mtlfvfi,-0.43097334157857925,0.3938939305543483,0.7877878611086966
reddit_1ksjaqd_mtlyi08,-0.9990650392919564,0.2691252855092119,0.5382505710184238
reddit_1ksmur4_mtnigsy,0.058641294669497857,0.5146561239497226,0.9706877521005548
reddit_1ksnt46_mtn7m36,-0.3233139764236939,0.41986831939643005,0.8397366387928601
reddit_1ksnzb8_mtnhi49,-0.629636172301823,0.3475930392094659,0.6951860784189318
reddit_1ksokkt_mtncll0,-0.3758864698703277,0.4071194123749374,0.8142388247498747
reddit_1kspe1b_mtnc080,0.12085707476168217,0.5301775454393264,0.9396449091213472
reddit_1kspe1b_mtpfbe5,0.4051563948112996,0.5999259065219767,0.8001481869560465
reddit_1kspe1b_mtqchpk,-0.955991118029049,0.27768155734137595,0.5553631146827519
reddit_1ksr6ho_mtnu98t,-0.542163935016662,0.3676843395658804,0.7353686791317608
reddit_1ksrvka_mtq8044,-1.044026529817116,0.26037381979505453,0.5207476395901091
reddit_1ksthon_mtqmivi,-0.5543318093029967,0.3648599813150521,0.7297199626301042
reddit_1ksy3bs_mtqyap7,-0.31318398645321677,0.4223377547552739,0.8446755095105478
reddit_1ksy3bs_mttjace,-0.2930243573811336,0.42726361605577257,0.8545272321115451
reddit_1ksydgu_mtp9msm,-0.06929800195041624,0.48268242917986987,0.9653648583597397
reddit_1kszj2q_mtpo6vj,-0.44357225067282646,0.3908901033853446,0.7817802067706892
reddit_1kt6p36_mtswsp7,-0.2526699938988489,0.4371664320856133,0.8743328641712266
reddit_1kt8kyk_mtsnl5i,0.22180229508315874,0.555224356548129,0.8895512869037421
reddit_1kthr9g_mtvqesi,-0.6670741315340112,0.33915230095667415,0.6783046019133483
reddit_1ktjhl8_mtufvql,-0.17709308675368668,0.45584207462945975,0.9116841492589195
reddit_1ktjhl8_mtw3iir,-1.4034032571205333,0.19727662127160003,0.3945532425432001
reddit_1ktjhl8_mtw8g2p,-0.6951981088830456,0.33287772737931626,0.6657554547586325
reddit_1ktm5vi_mtwxkwf,-0.03717366383419962,0.49070765409337913,0.9814153081867583
reddit_1ktpom5_mtxg7px,0.023289775341244656,0.5058221806685084,0.9883556386629833
reddit_1ktr626_mtvwoe4,-0.6396675975096325,0.34532168329557633,0.6906433665911527
reddit_1ktrw7u_mtwpptb,0.129238441771649,0.5322647142890417,0.9354705714219167
reddit_1ktuzvj_mty41j0,0.01823955878815442,0.5045597632853303,0.9908804734293395
reddit_1ktwzfn_mtxjm0l,0.041127001744077685,0.5102803014424443,0.9794393971151114
reddit_1ktzjih_mty0omi,-0.27793438729772424,0.43096026111365454,0.8619205222273091
reddit_1ktzjih_mu9569m,-0.25780739358579385,0.4359027756010544,0.8718055512021088
reddit_1ku2tfb_mtyxan5,-0.5994748565640635,0.35446384750417803,0.7089276950083561
reddit_1ku5bsi_mu07mz0,0.36995863332878454,0.5914489827488058,0.8171020345023885
reddit_1ku5bsi_mu2aqlr,-0.49656482691271625,0.3783482861711191,0.7566965723422382
reddit_1kubmyy_mu0ffzi,-0.12180024344952639,0.46958752802159615,0.9391750560431923
reddit_1kubmyy_mu16zs3,-0.4412027405682368,0.3914544175979468,0.7829088351958936
reddit_1kuqyux_mu3r8wr,-0.24268741058285248,0.43962418729977254,0.8792483745995451
reddit_1kv6w8n_mumrkdj,-0.6673320876368004,0.33909448816576754,0.6781889763315351
reddit_1kv9g6t_mucd99u,-0.35326489952221796,0.41259091599242637,0.8251818319848527
reddit_1kvfzip_muasnko,-0.9309812325316186,0.28272568610834625,0.5654513722166925
reddit_1kvhzkx_mu9y0tt,-0.6396375550871874,0.34532847515632537,0.6906569503126507
reddit_1kvk5na_mubv20m,-0.7123180912420295,0.32908682924146543,0.6581736584829309
reddit_1kvrj63_muc5ul7,-0.5067803385144972,0.3759485921029348,0.7518971842058696
reddit_1kvuvro_muo69pk,-0.4411450215375319,0.39146816738786355,0.7829363347757271
reddit_1kw5zd9_mugnts2,-0.4965333409339075,0.37835569172879435,0.7567113834575887
reddit_1kwc0b8_muhma0e,-0.32840037372646813,0.418629887698378,0.837259775396756
reddit_1kwjws0_mui9c5p,-0.06433296796817695,0.48392230273052855,0.9678446054610571
reddit_1kwl270_muiq2wv,-0.17530509469609568,0.45628562109975335,0.9125712421995067
reddit_1kwqre2_mum12c6,-0.5844901286878597,0.35790007085891284,0.7158001417178257
reddit_1kwrc53_mujws7h,-0.6623326677907966,0.3402158049191232,0.6804316098382464
reddit_1kwrc53_muljhyp,0.15625371117416564,0.5389841428412523,0.9220317143174954
reddit_1kwrc53_muootri,-0.0019228273056481893,0.49951929332169626,0.9990385866433925
reddit_1kwzgin_musbv9y,-0.8402626690312703,0.30147946574763257,0.6029589314952651
reddit_1kx56bi_mun3bxv,-0.4209113381515212,0.39629869549933944,0.7925973909986789
reddit_1kxdabt_muomvwh,-0.0473508177078365,0.48816450685361407,0.9763290137072281
reddit_1kxdqqn_murpuxp,-0.1701145975343471,0.4575736159791431,0.9151472319582862
reddit_1kxe63y_mup5l26,-0.8933973378820181,0.2904092340201661,0.5808184680403322
reddit_1kxhi98_mupwkno,-0.6623297582824866,0.3402164580138797,0.6804329160277593
reddit_1kxhi98_muq420c,-0.82034728386325,0.30568994614006223,0.6113798922801245
reddit_1kxhjol_mupe0ei,0.6918705353593076,0.6663829073950794,0.6672341852098411
reddit_1kxhjol_muq5ug7,-0.9183448288597303,0.28529526683204914,0.5705905336640983
reddit_1kxjv91_muq3s0s,-0.9010452859623432,0.2888357381629829,0.5776714763259658
reddit_1kxmwug_muqtuua,-0.2832297214124748,0.4296621453279898,0.8593242906559796
reddit_1kxvj4m_muu6zmh,-0.38582984553382016,0.4047215822716238,0.8094431645432476
reddit_1kxxbt5_muve8j6,-0.43114498615379016,0.3938529526170603,0.7877059052341207
reddit_1ky63uj_muxx8t5,-1.041765169096236,0.2608095469723152,0.5216190939446304
reddit_1kybr30_muwm8oy,-0.8079251111857413,0.30833281808090024,0.6166656361618005
reddit_1kyhh4p_mv0g3dg,-0.5744705634514605,0.36020590691210663,0.7204118138242133
reddit_1kyiyst_muydlmh,-0.17715926361064355,0.4558256595029293,0.9116513190058586
reddit_1kyiz6m_muxs55t,-0.9106716555236344,0.28686241541793817,0.5737248308358763
reddit_1kylm33_muycd2s,-0.9210024833748998,0.28475367544329605,0.5695073508865921
reddit_1kyojif_mv0wzlq,0.13161309211449213,0.5328558592659658,0.9342882814680684
reddit_1kyosf3_muzfu6y,0.008136333184636357,0.5020340720748878,0.9959318558502244
reddit_1kz0hj9_mv1qmsm,-0.5916513157778126,0.3562560555506411,0.7125121111012822
reddit_1kz175l_mv20sdn,-0.4736083084260845,0.3837625617445483,0.7675251234890966
reddit_1kz1pw8_mv206st,-0.30819062977826306,0.42355644694193456,0.8471128938838691
reddit_1kz1sh2_mv6eq8l,-0.6145408843362414,0.35102405798081016,0.7020481159616203
reddit_1kz5s0r_mv6dhqc,-0.10454927665371838,0.47388646278414753,0.9477729255682951
reddit_1kze0f3_mv4slqa,0.03843986714310421,0.5096087836346291,0.9807824327307417
reddit_1kze0f3_mvcu6hf,-0.6194489651995879,0.34990678606007053,0.6998135721201411
reddit_1kziugd_mv6bp6p,-0.4107992375279106,0.3987204944778717,0.7974409889557434
reddit_1kzjrzz_mv6diq4,-0.3234390151141718,0.4198378629132253,0.8396757258264506
reddit_1kzuv1w_mvb8ymj,-0.9711518990123948,0.2746509638513567,0.5493019277027134
reddit_1l0782v_mvbvs4s,-0.4714317323480027,0.3842774277931448,0.7685548555862896
reddit_1l09l1b_mvckpyk,-0.7807074084983794,0.31416744336398744,0.6283348867279749
reddit_1l0vp16_mvnvy67,-0.6247162501398505,0.34870957534053165,0.6974191506810633
reddit_1l0w8ik_mvgjmtx,-0.8605751849631127,0.29721918704202976,0.5944383740840595
reddit_1l0z2b8_mvip3t1,-1.092450967028547,0.25115702635005066,0.5023140527001013
reddit_1l0z2b8_mvjla39,-0.43125734588411685,0.39382612898348984,0.7876522579669797
reddit_1l0z9lm_mvid43d,-0.7378090633664081,0.32348342694783644,0.6469668538956729
reddit_1l13og2_mvm3cwj,-0.7324671099133411,0.3246535707848794,0.6493071415697588
reddit_1l1e80m_mvlbds4,-0.6472287784450704,0.34361429721051595,0.6872285944210319
reddit_1l1l5qf_mvopl57,-0.07923711084101165,0.4802010801983147,0.9604021603966294
reddit_1l1roga_mvnkr97,-0.5358704960874824,0.3691487319277039,0.7382974638554078
reddit_1l1z4jm_mvpr1tg,0.18825792232910443,0.5469259702575369,0.9061480594849263
reddit_1l29vo2_mvrlh0x,-0.5745282109268322,0.36019262171968736,0.7203852434393747
reddit_1l2d4kp_mvve3up,-0.5591199738515468,0.3637511052293993,0.7275022104587986
reddit_1l2fhnt_mvtivak,-0.367453829772732,0.4091564090329272,0.8183128180658544
reddit_1l2jmnx_mvvheu5,-0.4816752127026633,0.3818566262512333,0.7637132525024666
reddit_1l2ndoc_mvxx1f3,0.08390853510216645,0.5209648347269045,0.9580703305461911
reddit_1l2nx8d_mvwfy4p,-0.37052601727344253,0.4084139233665766,0.8168278467331532
reddit_1l2o4z4_mvxplbw,-1.0390144687496006,0.2613401975927856,0.5226803951855712
reddit_1l2qje1_mvye3dh,-0.3033524217651295,0.42473816106316,0.84947632212632
reddit_1l35vij_mvynl2l,-0.574211200449175,0.36026568125706276,0.7205313625141255
reddit_1l35vij_mw12317,-0.682052282638802,0.335803408405027,0.671606816810054
reddit_1l3df7r_mw02wym,-0.10973642938350792,0.4725933898608396,0.9451867797216792
reddit_1l3ey8b_mw25thg,-0.9411803794325407,0.28066197311363217,0.5613239462272643
reddit_1l3fqcb_mw34xff,-0.5842687739560003,0.3579509414607355,0.715901882921471
reddit_1l3yavl_mw5gmvg,-0.6094225524626777,0.3521909327593625,0.704381865518725
reddit_1l3yavl_mw5u1nu,-0.10453379970546317,0.47389032146877924,0.9477806429375585
reddit_1l41df6_mw91wnw,-0.07133155078194786,0.48217466988603563,0.9643493397720713
reddit_1l427gq_mw8tvq2,-0.6650263207938742,0.3396114237865357,0.6792228475730714
reddit_1l44grv_mw7odp0,-0.45627505042280014,0.3878698565699752,0.7757397131399504
reddit_1l44grv_mwaojjo,-0.3183055221583412,0.42108876050160693,0.8421775210032139
reddit_1l44r75_mw6w0a8,0.2794495426916077,0.5694112668334285,0.8611774663331431
reddit_1l44r75_mw7l726,-0.3233139830706797,0.4198683177773645,0.839736635554729
reddit_1l45bof_mw6h05z,-0.11976407694351027,0.47009471759253635,0.9401894351850727
reddit_1l47l5u_mw6tvoi,-0.7071214923655196,0.33023519684795216,0.6604703936959043
reddit_1l4871w_mw743t1,-0.4158800093281645,0.3975030468296319,0.7950060936592638
reddit_1l489cq_mw6yxsn,-0.03428624442699968,0.4914292784836479,0.9828585569672958
reddit_1l4ary7_mw84ie3,-1.0362046768456246,0.261882967649034,0.523765935298068
reddit_1l4b2as_mw889er,-0.2325509100208964,0.4421228702735054,0.8842457405470108
reddit_1l4bw8p_mw7qjk6,-0.9209897598539876,0.2847562668374252,0.5695125336748504
reddit_1l4c1gs_mw80gk7,-0.6148903271469999,0.3509444568976405,0.701888913795281
reddit_1l4cgw6_mw8644d,-0.3182810251412602,0.42109473222489424,0.8421894644497885
reddit_1l4elhs_mw8e7rb,-0.6800514839115566,0.3362498120168812,0.6724996240337624
reddit_1l4m5l4_mwb0jov,-0.12993506293151857,0.4675618595168198,0.9351237190336396
reddit_1l4uuac_mxnhu9w,0.06872331969797807,0.517174071179054,0.965651857641892
reddit_1l4xvti_mwdbcuu,-0.6571009941591298,0.3413911333469322,0.6827822666938644
reddit_1l4xvti_mwdg9tp,-0.5893622927249407,0.35678118733997227,0.7135623746799445
reddit_1l4yhv7_mwcqd5t,-0.7203462803812413,0.32731673418965024,0.6546334683793005
reddit_1l50ui0_mwdbf03,-0.18049312906924847,0.4549988212865613,0.9099976425731225
reddit_1l51cng_mwg7vxa,-0.43116197040951987,0.3938488979253705,0.787697795850741
reddit_1l55wkp_mwevaw2,-0.43635532895329404,0.39260976324290603,0.7852195264858121
reddit_1l55wkp_mwey0m7,-0.4664756765737376,0.3854507421830798,0.7709014843661596
reddit_1l5krue_mwk22sw,-0.26303197787801447,0.43461852748516083,0.8692370549703217
reddit_1l5qzp8_mwjjeiu,0.0030911395713187906,0.5007727842774911,0.9984544314450179
reddit_1l5vi3g_mwmc7fm,0.24705951404329318,0.5614526152462483,0.8770947695075033
reddit_1l5x8n5_mwl8rjq,-0.9361860561597676,0.28167138484114324,0.5633427696822865
reddit_1l5y6fx_mwl7dlh,-0.664221150906371,0.33979202698270955,0.6795840539654191
reddit_1l5y6fx_mwlwm45,-0.5735097128154434,0.3604273719851529,0.7208547439703058
reddit_1l5yq6s_mwlq5er,-1.1545688325579142,0.23965555685535486,0.4793111137107098
reddit_1l6486p_mwocibk,-0.6118960128092032,0.351626813177659,0.703253626355318
reddit_1l6bawz_mwww1sd,-0.579032763397361,0.35915518514901607,0.7183103702980321
reddit_1l6g0yr_mwoztq7,-0.7327577298637896,0.3245898545532372,0.6491797091064744
reddit_1l6j2st_mwpccw0,-0.9058609194735807,0.2878475673175476,0.5756951346350953
reddit_1l6j2st_mwph4x0,-0.793139159161349,0.31149502882652896,0.6229900576530579
reddit_1l6jnqp_mwpbia3,0.04851130839989459,0.5121254492440608,0.9757491015118784
reddit_1l6lcip_mwpvepa,-0.7903197237171161,0.312100022658358,0.624200045316716
reddit_1l6op5v_mwqpjxm,-0.27312705440723806,0.43213956939123493,0.8642791387824699
reddit_1l6qvvm_mwvvgt8,0.27232845294626196,0.5676644472230318,0.8646711055539364
reddit_1l6sri1_mwt4jbd,0.1847668376965088,0.5460607457662164,0.9078785084675671
reddit_1l6sri1_mwx7frp,-0.59436622857508,0.35563366702339216,0.7112673340467843
reddit_1l6tjrt_mwrj28x,-0.71774372138685,0.3278900242270263,0.6557800484540526
reddit_1l6tjrt_mwsyerc,-0.26278380327405637,0.43467951124421195,0.8693590224884239
reddit_1l6xik4_mwt5gdw,0.08409327829046254,0.5210109391461603,0.9579781217076795
reddit_1l6yeqx_mwu6voo,0.08388512479083043,0.520958992435604,0.9580820151287921
reddit_1l74253_mwv1kww,-0.21251019724908904,0.4470714911203108,0.8941429822406216
reddit_1l7ae5z_mwvs86w,-0.3457416635255346,0.4144154360481087,0.8288308720962174
reddit_1l7atc5_mwwsnap,-0.2901238796801277,0.42797353954225537,0.8559470790845107
reddit_1l7bcd7_mwzdwht,-0.8462035030782029,0.3002298653229085,0.600459730645817
reddit_1l7bsx2_mwvs6i3,-0.4814487506408889,0.3819100822716438,0.7638201645432876
reddit_1l7c42o_mwvof6y,-0.6044111453507326,0.35333514287616036,0.7066702857523207
reddit_1l7cg1o_mwwab94,0.4625325170129643,0.6136147873464953,0.7727704253070093
reddit_1l7cg1o_mwwvttg,-0.5168072583239045,0.3735991060319511,0.7471982120639022
reddit_1l7cg1o_mx04lgf,-0.13992358304454605,0.4650760658255813,0.9301521316511626
reddit_1l7cu2s_mww9spb,0.08386003597168046,0.5209527312485249,0.9580945375029501
reddit_1l7et4r_mwwqspu,-0.5946065557939251,0.35557859594256597,0.7111571918851319
reddit_1l7ffo5_mwxwt0r,-0.5462627245290115,0.3667319193379497,0.7334638386758994
reddit_1l7fyn5_mwwdih2,-0.6067413247867224,0.3528029036655385,0.705605807331077
reddit_1l7fyn5_mwx674y,-0.875996374177933,0.2940081149826479,0.5880162299652958
reddit_1l7fyn5_mwxvbim,-0.6698747780500461,0.33852488065358544,0.6770497613071709
reddit_1l7h1uv_mwwn2fa,-0.9561267358947125,0.27765435667456734,0.5553087133491347
reddit_1l7kmwd_mwxlugm,-0.7023973795099515,0.331280912418428,0.662561824836856
reddit_1l7lxcv_mwynfqx,-0.42590864142503626,0.39510373223213907,0.7902074644642781
reddit_1l7q48a_mwyui7q,-0.2879323482965226,0.42851013762382717,0.8570202752476543
reddit_1l7rii5_mwz7sym,-0.06933747933584211,0.482672571679453,0.965345143358906
reddit_1l7uxh4_mx0f024,0.1645026107594335,0.5410331608277047,0.9179336783445906
reddit_1l7xya6_mx0cmts,-0.001964100662414703,0.4995089749922482,0.9990179499844964
reddit_1l7y8hu_mxa7ugu,-0.36368225315137054,0.41006848945243846,0.8201369789048769
reddit_1l821rv_mx3mzzi,-0.3333670421072854,0.41742159618800756,0.8348431923760151
reddit_1l83szj_mx1zerl,0.6138846684943001,0.648826437392134,0.7023471252157321
reddit_1l89k64_mx3618x,-0.8028903967811942,0.3094075747184528,0.6188151494369056
reddit_1l8ae64_mx3967d,0.04853862544234555,0.5121322744860827,0.9757354510278347
reddit_1l8eqsg_mx63fei,-0.36348051160058525,0.41011729410501085,0.8202345882100217
reddit_1l8ha5n_mx5ng9w,0.004466775337848783,0.5011166919777686,0.9977666160444627
reddit_1l8ub8d_mx7j3ap,-0.4915786697100456,0.37952174399437627,0.7590434879887525
reddit_1l8ytx1_mx8ot0s,0.2693052793128602,0.5669223441064694,0.8661553117870613
reddit_1l8zsgk_mxbg6x2,-0.7577496188241063,0.3191350475934317,0.6382700951868634
reddit_1l90581_mx8tbj1,-0.5793361024155996,0.3590853707932615,0.718170741586523
reddit_1l90e05_mx94ch3,0.006142443493721839,0.5015356060452818,0.9969287879094364
reddit_1l971n7_mxavc8y,-0.5441783445036322,0.36721612928939323,0.7344322585787865
reddit_1l9jij3_mxetx1q,-0.48152390644669063,0.381892341542551,0.763784683085102
reddit_1l9kcqg_mxd9p9a,-0.7330155891262485,0.3245333262939933,0.6490666525879866
reddit_1l9kcqg_mxeo5r0,-0.36550312368559223,0.4096280706727388,0.8192561413454776
reddit_1l9kcqg_mxi4sy5,-0.712572651240488,0.3290306277188729,0.6580612554377459
reddit_1l9nlap_mxfbf9g,-0.47356321052662403,0.3837732269511934,0.7675464539023868
reddit_1l9x4u6_mxg3w58,-1.2503406960437375,0.222641168281039,0.44528233656207794
reddit_1la39e8_mxhzb2y,-0.5694203468983701,0.36137058753466855,0.7227411750693371
reddit_1la39e8_mxkk9zk,-0.513603197556024,0.3743492325056876,0.7486984650113752
reddit_1la5fmz_mxi08po,-0.7556966864608399,0.3195812904266353,0.6391625808532706
reddit_1la5sat_mxif8c2,-0.13703652361257013,0.4657943813185254,0.9315887626370508
reddit_1ladra4_mxkks2w,0.03849003963280617,0.5096213221186453,0.9807573557627094
reddit_1lah4yw_mxlfca5,-0.3535879601815247,0.41251262133505096,0.8250252426701019
reddit_1lah4yw_mxlqgqp,-0.6345778925929826,0.34647324048911093,0.6929464809782219
reddit_1lah4yw_mxmb885,-0.4212967325394609,0.39620649510441364,0.7924129902088273
reddit_1lak3sm_mxljydv,-0.27280512595385076,0.4322185707370042,0.8644371414740084
reddit_1laoyyl_mxs5gwk,-0.3131722679858663,0.42234061369566417,0.8446812273913283
reddit_1larmmc_mxufr69,-0.19213759729223018,0.45211283042628186,0.9042256608525637
reddit_1lauyl0_mxq44dy,-0.4462101837796965,0.3902622057104256,0.7805244114208512
reddit_1lb2bgh_mxpeq2f,-0.3807299738009302,0.40595084833269646,0.8119016966653929
reddit_1lb7j2l_mxqcwtt,-0.6749829434033717,0.33738197591325175,0.6747639518265035
reddit_1lbebmn_mxs2ki0,-0.27805429230125894,0.4309308566316888,0.8618617132633776
reddit_1lbebmn_mxt1107,-0.9643549140441018,0.27600711631383873,0.5520142326276775
reddit_1lbge70_mxt8whl,-0.8662148288716565,0.2960425273104832,0.5920850546209664
reddit_1lbmpv1_my93xao,-1.2020166226043694,0.2311166648327372,0.46223332966547437
reddit_1lbol1g_mxuoti2,-0.089494962172533,0.47764118076263395,0.9552823615252679
reddit_1lbu9k4_mxvg3ds,-0.31834603261772376,0.42107888517630243,0.8421577703526049
reddit_1lc3k19_mxxd9rj,-0.31825038360157665,0.4211022018523834,0.8422044037047668
reddit_1lc4tz7_mxxy2z2,0.3328830994773795,0.5824607135516181,0.8350785728967638
reddit_1lc4tz7_mxywa8h,-0.06437402515993806,0.48391204905232815,0.9678240981046563
reddit_1lc6l57_my0bwfh,-1.5111091569018105,0.18077447432633315,0.3615489486526663
reddit_1lc6l57_my0ytub,-0.6573550754207654,0.3413340071985042,0.6826680143970084
reddit_1lccvte_mxzu29w,-0.8811136195686953,0.2929470627341193,0.5858941254682386
reddit_1lccvte_my22llo,-0.9460680650762696,0.27967625291138065,0.5593525058227613
reddit_1lcei2c_mxzuzmy,-0.3807146941757118,0.4059545330922992,0.8119090661845983
reddit_1lcovdy_my2cglp,-0.04400248830058329,0.48900115254901694,0.9780023050980339
reddit_1lcovdy_my3561g,-0.3132224641111683,0.42232836744392144,0.8446567348878429
reddit_1lcqi6x_myakrzf,-0.1278384582906924,0.4680838398691762,0.9361676797383524
reddit_1lcw1or_my5zj61,0.08893366653698143,0.522218774175719,0.9555624516485619
reddit_1lcw71b_my3stt6,-0.6296826132018571,0.3475825077827317,0.6951650155654634
reddit_1ld25h9_my5nlaf,-0.971611732560566,0.2745593663112788,0.5491187326225576
reddit_1ld36t6_my57phr,-0.6697366374168343,0.3385558145934045,0.677111629186809
reddit_1ld36t6_my5zoeb,-0.9994070647017534,0.26905801549557473,0.5381160309911495
reddit_1ld6xmh_my61je7,-1.1676168388530117,0.23728602196003024,0.47457204392006047
reddit_1ldcmx4_myb5e6t,-0.5339279777057926,0.3696012164884996,0.7392024329769992
reddit_1ldfp3f_my9la2q,0.2589145478505467,0.5643694449264945,0.8712611101470109
reddit_1ldsaaf_myb6jib,0.058632924334980796,0.5146540331638012,0.9706919336723976
reddit_1ldv50r_mybaffg,-0.10184289268376567,0.474561260526144,0.949122521052288
reddit_1ldv50r_mychu6v,0.40522047186904975,0.5999412858665448,0.8001174282669103
reddit_1ldv50r_mydfs2z,-0.3283502588503462,0.4186420846517788,0.8372841693035576
reddit_1le53mq_myfenvc,-0.08448087857290937,0.47889233268203,0.95778466536406
reddit_1le8acl_myel7tl,-0.21768244061299247,0.4457932727153567,0.8915865454307134
reddit_1le9b7h_myew0mj,-0.31316891763111765,0.42234143107864053,0.8446828621572811
reddit_1leau17_myeyt0t,-0.9913247982257427,0.27065048462631397,0.5413009692526279
reddit_1leau17_myjmash,-0.5793074153437041,0.35909197295066697,0.7181839459013339
reddit_1ledflx_myffytq,-0.9460481690053663,0.27968026114058986,0.5593605222811797
reddit_1ledflx_myflb5i,-0.18029806455903807,0.4550471928122454,0.9100943856244909
reddit_1ledflx_myfnre8,-0.28297468417489446,0.4297246439834466,0.8594492879668932
reddit_1lefqqw_myg1eut,-0.7676349285435216,0.3169909406320721,0.6339818812641442
reddit_1legu6v_myg9cen,-0.6349204265887278,0.3463956847553058,0.6927913695106116
reddit_1legu6v_mygt2si,-0.14005650577052292,0.4650429974209925,0.930085994841985
reddit_1lehy84_myiusp4,0.28408383053545627,0.5705471437354785,0.8589057125290429
reddit_1lejf7b_myhffjv,-0.5842687739560003,0.3579509414607355,0.715901882921471
reddit_1lel8xy_mykb0o9,-0.0965423287258908,0.47588314651218155,0.9517662930243631
reddit_1lemamg_myhex7t,-0.8910000227737107,0.2909035009561301,0.5818070019122602
reddit_1lenxv4_myhugyl,-0.9514989915712723,0.27858346260515726,0.5571669252103145
reddit_1lenxv4_myhwg1c,-0.1600932926006854,0.46006194101416154,0.9201238820283231
reddit_1lenyao_myl7gku,-0.6248472458973959,0.3486798253255108,0.6973596506510216
reddit_1lepsty_myi2i1q,-0.5338639797414831,0.36961612789269044,0.7392322557853809
reddit_1lepsty_myj3enb,-0.39111277670871547,0.40344945109005526,0.8068989021801105
reddit_1ler0ab_myiggh9,-1.2779561630967637,0.21789833066978298,0.43579666133956596
reddit_1let2t2_myjhkwv,-0.2678022362212891,0.43344672219127434,0.8668934443825487
reddit_1let2t2_myk0hxt,-0.2527750265121228,0.4371405887776445,0.874281177555289
reddit_1let2t2_myki9oj,0.34971438680509626,0.5865483167485673,0.8269033665028653
reddit_1lf1k51_mykyymd,-0.2578573320791423,0.4358904961870368,0.8717809923740736
reddit_1lf1k51_myljmte,0.1662705488035503,0.5414721366661421,0.9170557266677157
reddit_1lf2x6s_mymcjw9,-0.10982801687068561,0.4725705618397639,0.9451411236795279
reddit_1lf7326_mymmyfy,-0.5841935517737258,0.35796822936271444,0.7159364587254289
reddit_1lfbzhs_myp2wet,-0.42602003704182495,0.39507710935031476,0.7901542187006295
reddit_1lfhtpc_myoqf09,-1.003415075140299,0.26827050690335696,0.5365410138067139
reddit_1lflf8j_myrcho3,-0.6345578525711209,0.34647777815588554,0.6929555563117711
reddit_1lfmfhs_myq4ibi,-0.43114186979539515,0.3938536965942853,0.7877073931885706
reddit_1lfncw1_mypnvr1,0.3698762418841274,0.5914290737704138,0.8171418524591725
reddit_1lfq7q5_myr99xl,-0.12979645712979926,0.4675963652767434,0.9351927305534868
reddit_1lfwhpi_myu1ie6,-0.34548007538856407,0.4144789184439999,0.8289578368879998
reddit_1lfwyxu_mywt0pr,-0.6246811154383741,0.3487175548674205,0.697435109734841
reddit_1lg0jx2_myslgv3,-0.23766930078982385,0.4408607946027069,0.8817215892054138
reddit_1lg1iv5_myw2w3x,-0.14171786001017478,0.46462971311966145,0.9292594262393229
reddit_1lg8nfc_myuy2mf,-0.6246312796992387,0.348728873327961,0.697457746655922
reddit_1lg8nfc_myxocy2,-0.4462964289015316,0.3902416832210433,0.7804833664420866
reddit_1lgcokh_myvf1zx,-0.04920111703740393,0.4877022014651298,0.9754044029302597
reddit_1lgdkn9_myxcbvk,-0.3710452482530119,0.40828847690437947,0.8165769538087589
reddit_1lgg7uy_myw40xj,-0.06426718137915732,0.48393873238982515,0.9678774647796503
reddit_1lgkon2_myziyi9,-0.3655977469093534,0.40960518785846217,0.8192103757169243
reddit_1lgvuze_mz04mzj,-0.8710377705900486,0.29503840942065823,0.5900768188413165
reddit_1lgxjda_mz0ft3r,0.2823664505590421,0.5701262950838945,0.8597474098322111
reddit_1lh1k0s_mz0x3m7,-0.6370252033235835,0.34591930546574806,0.6918386109314961
reddit_1lh3h92_mz2k6wk,-0.609775721920903,0.3521103604785781,0.7042207209571562
reddit_1lh7wks_mz321f4,-0.7253964969343313,0.32620574627623866,0.6524114925524773
reddit_1lhacy4_mz3owf1,-0.3704504082791562,0.4084321915326843,0.8168643830653686
reddit_1lhaiqa_mz2soxs,-0.42807129688993906,0.3945869819834176,0.7891739639668351
reddit_1lhaiqa_mz2wefd,-0.6798271897977598,0.3362998731335811,0.6725997462671622
reddit_1lhaiqa_mz38zhj,0.19653506718694347,0.5489762217627503,0.9020475564744994
reddit_1lhaiqa_mz3l0ob,0.686253150158794,0.6651329036840921,0.6697341926318159
reddit_1lhaiqa_mz5dk9g,-0.06435746498525835,0.4839161848109596,0.9678323696219192
reddit_1lhaiqa_mz6eag8,-0.5640740515253713,0.36260532785538946,0.7252106557107789
reddit_1lhasp2_mz2qd3m,-0.46124341638338073,0.38669089241538585,0.7733817848307717
reddit_1lhb1xc_mz34ou1,-0.2527400723050014,0.43714918923356727,0.8742983784671345
reddit_1lhc2z7_mz3clbl,-0.02717614273614488,0.4932063824255587,0.9864127648511174
reddit_1lhc2z7_mz3evha,-0.5192249821204857,0.3730334766388454,0.7460669532776908
reddit_1lhc9kv_mz32ep2,-0.3184072066387821,0.42106397276802027,0.8421279455360405
reddit_1lhc9kv_mz3t618,-0.24486511119933418,0.4390877711245732,0.8781755422491464
reddit_1lhd25r_mz3c86o,-0.3182291837674084,0.42110736985351555,0.8422147397070311
reddit_1lhd2jf_mz399q1,-0.18539328490245038,0.4537839759834408,0.9075679519668816
reddit_1lhdcmq_mz3tdwy,-0.7222667819133146,0.3268940175408631,0.6537880350817262
reddit_1lhdd2s_mz3d6k5,0.4424471284165282,0.6088419777347829,0.7823160445304342
reddit_1lhdd2s_mz3esf7,-0.6296612279171854,0.3475873573161923,0.6951747146323846
reddit_1lhdd2s_mz5yqxo,-0.6043540119544928,0.3533481973620978,0.7066963947241957
reddit_1lhdd2s_mz6c2cj,-0.5817540652800374,0.35852908321594196,0.7170581664318839
reddit_1lhfkqj_mz3xx6j,-0.835608652720865,0.3024604577544088,0.6049209155088175
reddit_1lhl7ax_mz5kpu7,-0.262758714454907,0.4346856764109757,0.8693713528219514
reddit_1lhmao6_mz53jpc,-0.9612095111040251,0.27663609596637045,0.5532721919327409
reddit_1lhnhbh_mz5eo6w,0.31438792309220553,0.577955940455628,0.8440881190887439
reddit_1lhovep_mz5mk8q,0.02328809979343538,0.5058217618383494,0.9883564763233013
reddit_1lhrgof_mz6vo58,-0.10944432204849008,0.47266619786862607,0.9453323957372521
reddit_1lhskj9_mz74jq8,0.6159624469208106,0.6492997141226118,0.7014005717547764
reddit_1lhu966_mz77e1e,-0.022148783818898954,0.4944630303987214,0.9889260607974428
reddit_1lhvap3_mz7b303,-0.013849330108275826,0.4965377228126226,0.9930754456252452
reddit_1lhzhcf_mz832zz,0.3479713357478901,0.5861255468306764,0.8277489063386472
reddit_1li0ysy_mz9enah,-0.875996374177933,0.2940081149826479,0.5880162299652958
reddit_1li1i09_mzaaog4,-0.9963500261702175,0.269659654711238,0.539319309422476
reddit_1li1vg1_mz9ck7x,0.8915578745240983,0.7092115585280404,0.5815768829439192
reddit_1li24by_mz8nqy3,0.2520823972832835,0.5626889832915588,0.8746220334168824
reddit_1li51oc_mz9elhs,-0.652162103051645,0.34250247787823196,0.6850049557564639
reddit_1lid9c0_mzbx3nu,-0.6698725683137483,0.338525375470699,0.677050750941398
reddit_1liejsg_mzbgwyp,0.13600267562366442,0.533948357236841,0.932103285526318
reddit_1liejsg_mzd5b40,-0.01880978483546314,0.49529769243315513,0.9905953848663103
reddit_1lihh6h_mzcpoe8,-0.18245988421127135,0.4545111587072679,0.9090223174145358
reddit_1liihep_mzsjxyx,-0.333382625924017,0.4174178065077521,0.8348356130155042
reddit_1likxua_mzcvfye,-0.5894450958356122,0.3567621852142889,0.7135243704285777
reddit_1lioyxa_mze2ujl,0.023284193062320657,0.5058207852879589,0.9883584294240821
reddit_1litvkr_mzf63vu,0.19152889137061613,0.5477363845755678,0.9045272308488643
reddit_1liwnnw_mzfdw9h,0.008134099038545783,0.5020335135476063,0.9959329729047874
reddit_1lixx1v_mzh7xu7,-0.509157734764715,0.37539099291063044,0.7507819858212609
reddit_1liz1et_mzgct01,0.0636848164358802,0.5159158252474431,0.9681683495051139
reddit_1liz1et_mzgg47e,-0.3485377436284348,0.41373705929788934,0.8274741185957787
reddit_1liz1et_mzgwvwp,-0.5439621816643585,0.3672663601535143,0.7345327203070287
reddit_1lj8oo7_mzi1id9,0.4253985016205609,0.604774339478855,0.7904513210422901
reddit_1lj8w0k_mzi2hs7,-0.5615239457365426,0.363194921457916,0.726389842915832
reddit_1lj8w0k_mzjixbl,-1.0641333282012697,0.2565203629847981,0.5130407259695962
reddit_1ljd0io_mzk5kjd,-0.981245045529799,0.27264480927786244,0.5452896185557249
reddit_1ljewdi_mzjb1d2,-0.8431819349952813,0.30086505521161594,0.6017301104232319
reddit_1ljgaqj_mzl1a7g,0.0131742726720947,0.5032935205324753,0.9934129589350493
reddit_1ljgsrb_mzl9rjj,-0.27800547075743876,0.4309428291525653,0.8618856583051306
reddit_1ljlipu_mzm21t9,0.05860446667407904,0.5146469248566296,0.9707061502867409
reddit_1ljlipu_mzm5cxs,-0.7474416422974929,0.32137900951149234,0.6427580190229847
reddit_1ljlipu_mzmxvco,0.30749469749919833,0.5762736277167687,0.8474527445664626
reddit_1ljlipu_mznx4ff,0.10387007764541423,0.5259441976240624,0.9481116047518752
reddit_1ljntpd_mzm7u99,-0.6144559953366454,0.3510433964631238,0.7020867929262476
reddit_1lju5uj_mznktok,-0.6497045703826315,0.34305611480335163,0.6861122296067033
reddit_1ljwllj_mzqzk1u,-0.7274964341837731,0.32574435795451046,0.6514887159090209
reddit_1ljy33e_mzp8b9t,-0.0458750401413901,0.4885332508936941,0.9770665017873882
reddit_1lk2jrt_mzphy2n,-0.32333235864387866,0.4198638418818004,0.8397276837636009
reddit_1lk2jrt_mzpuz8e,-0.28801597401710166,0.4284896587104933,0.8569793174209867
reddit_1lk2jrt_mzr9wj4,-0.9262191656600878,0.2836923929666842,0.5673847859333684
reddit_1lk9lo4_mzqptjn,-1.1773337090353535,0.2355319410683657,0.47106388213673145
reddit_1lk9lo4_mzrv40p,-0.6372362227453948,0.345871561945447,0.691743123890894
reddit_1lk9r75_mzq7ul4,-0.44143187193642397,0.3913998357723051,0.7827996715446102
reddit_1lkbvgo_mzqh5dc,-0.5894037033177486,0.3567716841468203,0.7135433682936406
reddit_1lkicqn_mzsqimb,-0.5794688376076864,0.35905482328043486,0.7181096465608697
reddit_1lkiugc_mzsqqwz,-0.28810757941142856,0.42846722595403164,0.8569344519080633
reddit_1lkj9on_mzss677,-0.21253346402273304,0.447065739614152,0.894131479228304
reddit_1lkj9on_mztd4nb,-0.958475781038632,0.27718347266703136,0.5543669453340627
reddit_1lkj9on_mzu7g7e,-0.06926460917322247,0.48269076736455374,0.9653815347291075
reddit_1lkrt15_mzujlb2,-0.569278803010695,0.36140325394094835,0.7228065078818967
reddit_1lku9rd_mzwvvea,-0.35063939512047093,0.41322737802357534,0.8264547560471507
reddit_1ll2jq0_mzwd15s,-0.07446924045656927,0.4813912889018891,0.9627825778037782
reddit_1ll3t6a_mzxvc5t,-0.44385863236522916,0.390821919458583,0.781643838917166
reddit_1ll4zo9_mzwzocn,-0.6547658906785133,0.34191635983835894,0.6838327196767179
reddit_1ll64cx_mzy3xsw,-0.3737826869984213,0.40762730822717425,0.8152546164543485
reddit_1ll6sj4_n0e8jq0,-0.8807441552508739,0.2930235953925707,0.5860471907851414
reddit_1ll7ev6_n0avox8,-0.3605776450779704,0.41081974155249573,0.8216394831049915
reddit_1ll7qvq_mzz5mod,-0.4462519874103646,0.3902522582637453,0.7805045165274906
reddit_1llhla8_mzzudo3,-0.4360635792359951,0.3926793382004396,0.7853586764008792
reddit_1llhsbw_n03wayw,-0.5388902317954647,0.36844578037545245,0.7368915607509049
reddit_1llkodo_n00iq4b,-0.7980517246014426,0.31044242804726746,0.6208848560945349
reddit_1llkodo_n00qp4w,-0.08444475079580022,0.47890134853704225,0.9578026970740845
reddit_1llpslt_n04c3in,-0.41084992799092845,0.3987083418838729,0.7974166837677458
reddit_1llpslt_n04eyup,0.013185991139444964,0.5032964500220863,0.9934070999558273
reddit_1llsj73_n02h23v,-0.7199483575866631,0.3274043550451034,0.6548087100902068
reddit_1llv1mo_n02jnqx,0.34965027748987965,0.5865327695514543,0.8269344608970914
reddit_1llvimx_n04o8kr,-0.08268394670452223,0.4793407819441485,0.958681563888297
reddit_1llxy9h_n03may5,-0.2043237510628958,0.44909603485583277,0.8981920697116655
reddit_1llzlg3_n0405rv,-0.8682216795729599,0.2956244681734327,0.5912489363468654
reddit_1llzlg3_n045fi5,0.33958887397627247,0.5840906520534681,0.8318186958930638
reddit_1llzlg3_n05meju,-0.9008041497272892,0.2888852723957294,0.5777705447914588
reddit_1llzlg3_n07adq5,-0.23261740868892444,0.442106468424352,0.884212936848704
reddit_1lm2u7a_n04p2in,-0.6900851359881969,0.33401413459130425,0.6680282691826085
reddit_1lmagph_n07r0kt,0.1865488010198949,0.5465024196285677,0.9069951607428646
reddit_1lmagph_n089ea2,-0.16016002657487888,0.4600453640087299,0.9200907280174598
reddit_1lmdum5_n0akldg,-0.2626868315282338,0.43470334057581733,0.8694066811516347
reddit_1lmon84_n090uep,-0.017094111060679373,0.49572657629526495,0.9914531525905299
reddit_1lmpk2r_n09ox4m,-0.19007872542593124,0.4526228771341328,0.9052457542682656
reddit_1lmuz5v_n0agbvg,-0.17013802929269,0.45756780022245874,0.9151356004449175
reddit_1ln4vc3_n0f5jof,0.4827654961537694,0.6184006934205276,0.7631986131589448
reddit_1lnawk8_n0e33p2,-0.4480632416619444,0.38982134624865916,0.7796426924973183
reddit_1lnd62d_n0h89fl,0.20841365501793352,0.5519156312865658,0.8961687374268683
reddit_1lndmw8_n0f2u35,-0.34529339736736275,0.4145242233364054,0.8290484466728107
reddit_1lnky8r_n0iggea,-0.9834998374102413,0.2721978916596561,0.5443957833193122
reddit_1lnoh6c_n0grmjx,-0.4059660531954199,0.3998797792039745,0.799759558407949
reddit_1lnr12b_n0hgxk8,-0.8908262234017963,0.290939353359466,0.581878706718932
reddit_1lnr12b_n0je2jn,-0.1975014444727896,0.45078451327919394,0.9015690265583879
reddit_1lntb5c_n0i3evd,-0.3553659756245655,0.41208179360858416,0.8241635872171683
reddit_1lntb5c_n0ilays,0.053444838850891685,0.5133580302623783,0.9732839394752435
reddit_1lntb5c_n0j2p0p,-0.39076612565442437,0.40353288516120384,0.8070657703224077
reddit_1lntb5c_n0k3rkl,-0.7773402989302328,0.3148933954284825,0.629786790856965
reddit_1lnv2o6_n0ln0ig,0.09391870679012326,0.5234624329296496,0.9530751341407009
reddit_1lo4shk_n0l77d9,0.758787433703798,0.681090414649706,0.637819170700588
reddit_1lo5oib_n0ljnsi,-0.4864616013091982,0.3807274774930081,0.7614549549860162
reddit_1lo9qaa_n0lzu1w,-0.3183778347105845,0.421071132753228,0.842142265506456
reddit_1loaept_n0m95hp,-0.541437581189927,0.36785322765495365,0.7357064553099073
reddit_1lobsyw_n0nlrzv,-0.08437630678822622,0.478918429095533,0.957836858191066
reddit_1lojll9_n0nq8kf,-0.6244975165139258,0.3487592538421938,0.6975185076843876
reddit_1lokvuo_n0ntzlu,-0.017079059984713152,0.4957303387896334,0.9914606775792668
reddit_1rqd674_o9rfscl,0.2571259153487919,0.5639296473483786,0.8721407053032428
reddit_1rqd674_o9rk2ac,-0.6349999176398772,0.34637768774684285,0.6927553754936857
reddit_1rybeds_obun4av,-0.8633605129972133,0.29663771668093275,0.5932754333618655
reddit_1sb34fn_oe3gowj,-0.6046062061600688,0.3532905748202014,0.7065811496404028
reddit_1sd2zf3_oepnkz4,-1.0192558520871962,0.2651723768690179,0.5303447537380358
reddit_1suuxc0_oidhocr,-0.6194395192584728,0.3499089347504905,0.699817869500981
reddit_1t1vs4b_ojkne0y,-0.9560780276448007,0.27766412582459354,0.5553282516491871
reddit_1t1vs4b_ojkx5ee,-0.7576504591125661,0.319156594182252,0.638313188364504
reddit_1t1x818_ojjsgmt,-0.6671831684042859,0.33912786316770416,0.6782557263354083
reddit_1t1x818_ojjwqp6,-0.911174106471502,0.28675963884533157,0.5735192776906631
reddit_1t1x818_ojjzie8,-0.9260909715928097,0.28371844413608976,0.5674368882721795
reddit_1t1x818_ojlduo3,-0.818211067832558,0.30614353243298575,0.6122870648659715
reddit_1t1x818_ojn7brr,-0.3152960996035476,0.42182255021962234,0.8436451004392447
reddit_1t1x818_ojndtg6,-0.916048934558121,0.2857636346620247,0.5715272693240494
reddit_1t1x818_ojoezsy,-0.5743702473618867,0.3602290258426998,0.7204580516853996
reddit_1t1zmb4_ojkfjhw,-1.1219700723673962,0.2456460382339456,0.4912920764678912
reddit_1t1zmb4_ojklvwl,-0.7978334809996519,0.3104891489353103,0.6209782978706206
reddit_1t1zmb4_ojkqmr3,-0.3032076592832146,0.4247735320843936,0.8495470641687872
reddit_1t1zmb4_ojkvlnx,-1.2123901513890383,0.22927841445188882,0.4585568289037776
reddit_1t1zmb4_ojlhkn6,-0.7153377128219802,0.3284204753613496,0.6568409507226992
reddit_1t1zmb4_ojljoj8,-0.6244830410248555,0.34876254161274856,0.6975250832254971
reddit_1t1zmb4_ojlnqi7,-0.6547475594082486,0.34192048456141805,0.6838409691228361
reddit_1t1zmb4_ojmillc,-0.971208553900474,0.2746396773326191,0.5492793546652383
reddit_1t1zmb4_ojmmt4l,-0.9310262514833121,0.2827165567201336,0.5654331134402673
reddit_1t1zmb4_ojmumaa,-0.9361942982193405,0.28166971720667117,0.5633394344133423
reddit_1t1zmb4_ok5blpk,-0.6597944019709896,0.3407857978060564,0.6815715956121128
reddit_1t3183a_ojsd0ci,-0.1499967662256192,0.46257095856944663,0.9251419171388933
reddit_1t3183a_ojt0m2t,-0.9663690606492488,0.27560481669668446,0.5512096333933689
reddit_1t3f5jk_ojw9i1b,-1.1242543061559194,0.24522300640115777,0.4904460128023156
reddit_1t3hfnf_ojwb0xv,-0.966271069800928,0.2756243806863191,0.5512487613726382
reddit_1t3jf5e_ojzhssf,-0.8712746480926151,0.29498914348422756,0.5899782869684551
reddit_1t3n2ml_ojwbxjg,-1.0690410030388457,0.25558550165235594,0.5111710033047119
reddit_1t3n2ml_ojx4req,-0.9411357607607336,0.28067098130247287,0.5613419626049457
reddit_1t3n2ml_ojy9mt4,-0.6749495196754075,0.3373894480080114,0.6747788960160228
reddit_1t3verj_ojyi2g3,-1.0064264874067768,0.2676797750115598,0.5353595500231196
reddit_1t3yh0u_ojyuwfn,-0.21228156346831484,0.4471280097483454,0.8942560194966908
reddit_1t4cq1d_ok1vmax,-0.1550486583265192,0.4613153030065708,0.9226306060131416
reddit_1t4cq1d_ok3giwy,-0.9362035583442336,0.28166784359191,0.56333568718382
reddit_1t4dzcm_ok2gz77,-0.5341109943963595,0.3695585753206403,0.7391171506412806
reddit_1t4dzcm_ok32jfm,-0.6345656332734837,0.3464760163663382,0.6929520327326764
reddit_1t4fs97_ok2mgto,-0.9763820154842671,0.273610260438922,0.547220520877844
reddit_1t4fs97_ok2nzyi,-0.9913214552692673,0.27065114452241595,0.5413022890448319
reddit_1t4fs97_ok3e83v,-0.9661644133306349,0.27564567575550625,0.5512913515110125
reddit_1t4fs97_ok3i5l0,-0.7727154301403921,0.3158919971338824,0.6317839942677648
reddit_1t4fs97_ok41dji,-0.9362035583442336,0.28166784359191,0.56333568718382
reddit_1t4fs97_ok4aot8,-0.9460481690053663,0.27968026114058986,0.5593605222811797
reddit_1t4fs97_okdu8ik,-0.9462027678243313,0.27964911684511484,0.5592982336902297
reddit_1t4itkt_ok2rou5,-0.4109005867796487,0.39869619700818704,0.7973923940163741
reddit_1t4l69v_ok5uwgg,-0.8381500748291013,0.30192454260703877,0.6038490852140775
reddit_1t4l69v_olgbt8d,-0.875912852125978,0.2940254517313461,0.5880509034626922
reddit_1t4l69v_omzbreb,-0.8604838470815128,0.2972382660467911,0.5944765320935822
reddit_1t4mnob_ok3u9xm,-0.946181137196284,0.2796534742583126,0.5593069485166252
reddit_1t4ruex_ok6zcgl,-0.40590840572004816,0.39989361329098744,0.7997872265819749
reddit_1t4ruex_ok6zv1p,-1.1120863334336644,0.24748213615205053,0.494964272304101
reddit_1t4ruex_ok8m777,-0.9662413454369303,0.275630315361077,0.551260630722154
reddit_1t4w5i9_ok6c56k,-0.35357902754785236,0.4125147861244126,0.8250295722488252
reddit_1t4w5i9_ol6vs49,-0.8754894337268444,0.2941133502522997,0.5882267005045994
reddit_1t54vlp_ok86egt,-0.7077974042004317,0.330085715886089,0.660171431772178
reddit_1t54vlp_ok9aj26,-0.6247162501398504,0.3487095753405317,0.6974191506810634
reddit_1t54vlp_oka0du0,-0.6871352062723841,0.33467066359062697,0.6693413271812539
reddit_1t54vlp_oka2zni,-0.9763712645060868,0.27361239717615626,0.5472247943523125
reddit_1t54vlp_okb29ke,-0.762643252012881,0.318072662888961,0.636145325777922
reddit_1t5gyoy_okaoymh,-1.217216113008687,0.2284267339943559,0.45685346798871174
reddit_1t5lm0a_ol5fy3h,-0.1399454012064828,0.4650706379004348,0.9301412758008696
reddit_1t5po5r_okfusb5,-0.9462260520089902,0.2796444263752323,0.5592888527504646
reddit_1t5po5r_okm6qpt,-0.8255342563338675,0.30459015533833333,0.6091803106766667
reddit_1t68wht_okfqxg6,-0.7125038448820638,0.3290458182411043,0.6580916364822086
reddit_1t68wht_okg5gb5,-0.9763311770252885,0.27362036458128425,0.5472407291625685
reddit_1t6aimf_okibjul,-1.1345005081351487,0.24333150467251474,0.4866630093450295
reddit_1t6g0j7_okhfviq,-1.1093067965908125,0.2480001456895933,0.49600029137918655
reddit_1t6icvj_okhzxat,-0.5945107856662034,0.3556005412485542,0.7112010824971084
reddit_1t6mb7v_okiv6sc,-1.1495397297415049,0.24057316333483791,0.48114632666967583
reddit_1t6mb7v_okjfmrg,-1.0013446045742225,0.2686771382131609,0.5373542764263218
reddit_1t6mb7v_okjnfsq,-1.119301156181049,0.24614093491131891,0.4922818698226379
reddit_1t6mb7v_okjnnx3,-0.7153066653459731,0.3284273232436273,0.6568546464872546
reddit_1t6mb7v_okjqay7,-0.39390442503826306,0.4027777442619652,0.8055554885239304
reddit_1t75lvb_okmrrk1,-0.7854195291529119,0.3131530305089487,0.6263060610178974
reddit_1t774fv_okxkmax,-0.8707798324622167,0.2950920610005103,0.5901841220010206
reddit_1t774fv_oky0elj,-0.5388960460658345,0.3684444274336389,0.7368888548672778
reddit_1t77fqu_okmt59d,-0.752761291784062,0.32021992708913144,0.6404398541782629
reddit_1t77zwb_okrmtr1,0.10406646499083949,0.5259931620221869,0.9480136759556261
reddit_1t78r90_oknfl8e,-0.7001833120535567,0.33177158644285276,0.6635431728857055
reddit_1t79fp1_okns5xb,-1.1545753830168404,0.23965436322771508,0.4793087264554301
reddit_1t79fp1_oknz90t,-1.064241907428468,0.2564996555554309,0.5129993111108618
reddit_1t79fp1_okvhy3r,-1.0791282233126838,0.2536710277553981,0.5073420555107963
reddit_1t7d5jc_oko2smc,-1.0014196497938697,0.2686623928539249,0.5373247857078498
reddit_1t7d5jc_oko5y49,-0.956176218232801,0.2776444324865355,0.555288864973071
reddit_1t7d5jc_oko7imm,-1.0391026339172822,0.2613231784148016,0.5226463568296033
reddit_1t7d5jc_oko9cmd,-0.9912814856620329,0.27065903455933776,0.5413180691186755
reddit_1t7d5jc_okoah4l,-0.32843655702611807,0.41862108147246485,0.8372421629449297
reddit_1t7d5jc_okobxft,-1.0165164112048823,0.26570651660322936,0.5314130332064587
reddit_1t7d5jc_okofi1w,-0.7679000762313759,0.31693353690602594,0.6338670738120519
reddit_1t7d5jc_okoil6b,-1.0064236993511833,0.2676803215469605,0.535360643093921
reddit_1t7d5jc_okpg6u8,-1.0672347247274514,0.2559293186640913,0.5118586373281826
reddit_1t7d5jc_okpmr31,-1.1146009820836136,0.24701411867838494,0.49402823735676993
reddit_1t7d5jc_okqahbj,-0.6749495196754075,0.3373894480080114,0.6747788960160228
reddit_1t7d5jc_okrqjnc,-1.1170061429216271,0.2465670354798621,0.4931340709597243
reddit_1t7d5jc_oksx3ev,-0.8651887059126138,0.2962564174650591,0.5925128349301182
reddit_1t7d5jc_okthomr,-1.277501648060825,0.21797579843931777,0.4359515968786356
reddit_1t7d5jc_oktwy16,-0.9914049555243097,0.27063466196267477,0.5412693239253495
reddit_1t7d5jc_oku1svc,-0.7525869310752806,0.32025788296541113,0.6405157659308223
reddit_1t7d5jc_oku6sko,-1.034121494542219,0.26228584706838043,0.5245716941367609
reddit_1t7d5jc_ol0cq4w,-0.7002276607047018,0.33176175445568934,0.6635235089113787
reddit_1t7hgak_okp610f,-0.865926746451128,0.2961025676029867,0.5922051352059734
reddit_1t7hgak_okpeleq,-0.8910385509144961,0.2908955534871309,0.5817911069742618
reddit_1t7hgak_okpi6xx,-0.6498712030894565,0.34301856200285147,0.6860371240057029
reddit_1t7hgak_okpt242,-1.0719651139977933,0.2550295534897373,0.5100591069794747
reddit_1t7hgak_okqv3jk,-0.8179804597046259,0.30619252032519695,0.6123850406503939
reddit_1t7hgak_okr2v16,-0.7325338438875344,0.32463893929002585,0.6492778785800517
reddit_1t7hgak_okrgjpn,-0.6045123845268003,0.35331201113905636,0.7066240222781127
reddit_1t7hgak_okul9as,-0.8433030928121603,0.3008395708523419,0.6016791417046838
reddit_1t7sgwu_oks3iss,-0.9210757710436583,0.28473874925110504,0.5694774985022101
reddit_1t84e9i_oktierd,-0.7726169716216447,0.3159132748232544,0.6318265496465088
reddit_1t84e9i_oku5em1,-0.956590015144307,0.2775614498413185,0.555122899682637
reddit_1t84e9i_okxfh8s,-0.6799612770297888,0.3362699452161857,0.6725398904323714
reddit_1t84e9i_ol0lpvm,-0.8456463780911907,0.30034692579167305,0.6006938515833461
reddit_1t8ui91_okxhx16,-0.46129693330504207,0.38667820036322564,0.7733564007264513
reddit_1t94ew5_ol07b91,-0.6146589346719571,0.35099716585909096,0.7019943317181819
reddit_1t9dxnw_ol1outb,-0.8504234459825308,0.2993440376123228,0.5986880752246456
reddit_1t9j11f_ol2epre,-1.200294871698989,0.23142276461856712,0.4628455292371343
reddit_1t9j11f_ol2rd6t,-0.5136309124234156,0.37434274137696866,0.7486854827539373
reddit_1t9j11f_ol2slt0,-0.6722044594844594,0.338003401316514,0.676006802633028
reddit_1ta0m34_ol675jn,-1.074045660335265,0.2546344730763482,0.5092689461526964
reddit_1ta0m34_ol6jf3r,-1.0190222367045134,0.2652179007222875,0.530435801444575
reddit_1ta0m34_ol8pn3p,-1.0490467333127627,0.25940819619766603,0.5188163923953321
reddit_1tafgbu_ol9w91x,-0.7203462803812413,0.32731673418965024,0.6546334683793005
reddit_1tay1l3_olckboz,0.018237324642063624,0.504559204795253,0.9908815904094941
reddit_1tb0kz2_oldtcaj,-0.6624644830212179,0.34018621710793656,0.6803724342158731
reddit_1tb0kz2_olf8kgy,-0.8386217686854515,0.30182513481593576,0.6036502696318715
reddit_1tb51jw_ole51f5,-1.034041628889726,0.26230130072511726,0.5246026014502345
reddit_1tb7nve_olhj9ij,-0.2105982540855469,0.4475441684311006,0.8950883368622012
reddit_1tbfpk8_olishgv,-0.6094197129099934,0.35219158061062034,0.7043831612212407
reddit_1tbfpk8_ollijym,-0.6446694152533676,0.34419177579247673,0.6883835515849535
reddit_1tbh797_olgx8nu,-0.9713323627058157,0.27461501373131736,0.5492300274626347
reddit_1tbl0de_olhi4yp,-0.964072079951988,0.27606363783557397,0.5521272756711479
reddit_1tbl0de_olk98kt,-1.0290226630405992,0.263273625189623,0.526547250379246
reddit_1tbl33j_omq3mwq,-1.2273473874283927,0.22664603215819404,0.453292064316388
reddit_1tbxjhn_olms1ty,-0.7152949468786227,0.3284299079069888,0.6568598158139776
reddit_1tby132_oln2mqn,-0.6850877663382089,0.33512671349648127,0.6702534269929625
reddit_1tby338_olkufad,-0.8204025254211382,0.3056782215986365,0.611356443197273
reddit_1tby338_olog16b,-0.9611281309039826,0.2766523811375453,0.5533047622750906
reddit_1tby4a6_ollmas2,-0.8483588916441748,0.29977723072996704,0.5995544614599341
reddit_1tbymrb_olk9ohj,-0.5488905316037187,0.36612185242317025,0.7322437048463405
reddit_1tbymrb_ollmjzr,-0.9562909164943675,0.27762142941909995,0.5552428588381999
reddit_1tbymrb_olmq852,-0.8432520671204404,0.3008503034565751,0.6017006069131502
reddit_1tbymrb_olp7pl6,-1.0316013112213798,0.2627737743836927,0.5255475487673854
reddit_1tbymrb_olqz9cv,-0.35357902754785236,0.4125147861244126,0.8250295722488252
reddit_1tbymrb_olrhvme,-0.5994451074011377,0.3544706547141537,0.7089413094283074
reddit_1tbymrb_olri52p,-0.39886634594971493,0.40158474290172197,0.8031694858034439
reddit_1tbzoap_oln0604,-0.5694203468983701,0.36137058753466855,0.7227411750693371
reddit_1tbzoap_olnkun7,-0.7122535417649865,0.3291010811930445,0.658202162386089
reddit_1tbzoap_ologahu,-1.1596885975497884,0.2387238732100287,0.4774477464200574
reddit_1tbzoap_oloo6pc,-0.3536347763936887,0.4125012756617093,0.8250025513234186
reddit_1tbzoap_olpsrjm,-0.6298326898650698,0.3475484758402098,0.6950969516804196
reddit_1tc212o_oll3ife,-0.9713712248473665,0.27460727239803834,0.5492145447960767
reddit_1tc5bjg_ollxxgv,-1.1348582367690567,0.24326564526505234,0.4865312905301047
reddit_1tcdabj_oln7ygu,-0.3402577617232893,0.41574686501934227,0.8314937300386845
reddit_1tcfc4a_olnrtop,-0.6422678620563205,0.34473406615397256,0.6894681323079451
reddit_1tcxfbg_olrl899,-0.6648396303190554,0.33965329514061665,0.6793065902812333
reddit_1tcxfbg_ols2j68,-0.9156512620056108,0.28584480764996684,0.5716896152999337
reddit_1td4d2o_olz3vvg,-0.4412348177421485,0.3914467762689401,0.7828935525378802
reddit_1td5f0g_olu7oke,-0.6246580440661976,0.3487227947086037,0.6974455894172074
reddit_1td5imr_oltobq6,-0.2930254743306618,0.42726334272772526,0.8545266854554505
reddit_1td5imr_olu1i5y,-1.1120929664235555,0.24748090086104851,0.49496180172209703
reddit_1td5imr_oluwtpv,-1.0015469047232886,0.26863739017097144,0.5372747803419429
reddit_1td5imr_olv7u2v,-0.5741823882701663,0.3602723217511668,0.7205446435023336
reddit_1td5imr_olvzmsy,-0.7475732062999733,0.32135031679498255,0.6427006335899651
reddit_1td5imr_om08cs6,-1.0341267572314439,0.26228482878148823,0.5245696575629765
reddit_1td83n8_olu1gik,-0.34349532697156326,0.41496067099883116,0.8299213419976623
reddit_1tdeeum_olvcq3u,-1.0216132707603844,0.2647132740916631,0.5294265481833262
reddit_1tdva8i_olynv9k,-0.4543581973963862,0.388325066611504,0.776650133223008
reddit_1tdva8i_om00wwf,-1.3202399693666615,0.2107783715991497,0.4215567431982994
reddit_1tdva8i_omfozh9,-0.6699410012221755,0.338510051736303,0.677020103472606
reddit_1tdw39i_olyi17n,-0.6850126105324073,0.3351434596800834,0.6702869193601668
reddit_1tdxi7e_olyxmte,-0.6523746665926108,0.3424546113340848,0.6849092226681696
reddit_1tdxi7e_om154fb,-1.0191368599673978,0.2651955638438936,0.5303911276877872
reddit_1tdz1jj_olz786h,-0.7223898661360044,0.3268669353648277,0.6537338707296554
reddit_1tdz1jj_om14z6d,-0.7878220827968929,0.31263650166960955,0.6252730033392191
reddit_1te3cn8_om0gy26,-0.3737726433380098,0.4076297334448435,0.815259466889687
reddit_1te3o84_om1gjvn,-0.8555783230540042,0.29826398775616897,0.5965279755123379
reddit_1te3o84_om2by07,-0.5843824122375754,0.3579248252978051,0.7158496505956102
reddit_1te63uk_om053mf,-0.62969432649285,0.34757985157726556,0.6951597031545311
reddit_1te7rzv_om21p4y,-1.1620226313987367,0.2382999567772495,0.47659991355449893
reddit_1te8bkj_om2191f,-1.1918784166055358,0.23292315079962486,0.4658463015992498
reddit_1te9myt_om0woz9,-0.6346840082111271,0.34644921317059796,0.6928984263411959
reddit_1tebmug_oq5x0g7,-0.48352527154970837,0.38142002994819857,0.7628400598963971
reddit_1tenhje_om3x5p0,-0.7077535678864348,0.33009540944453103,0.6601908188890621
reddit_1tenhje_om40jif,-0.6447245560320475,0.3441793293134644,0.6883586586269288
reddit_1tenhje_om4ni2g,-0.0019702316744831805,0.49950744224071403,0.9990148844814281
reddit_1teskmx_om6vp48,-0.9612870622391718,0.27662057758871456,0.5532411551774291
reddit_1tezk4y_om74p92,-0.9007810261357021,0.2888900227115605,0.577780045423121
reddit_1tf2h4l_om6lwgb,-1.1326039342972467,0.24368087424696874,0.48736174849393743
reddit_1tfkp9u_omcm6bs,-1.1221198762702738,0.245618280019948,0.491236560039896
reddit_1tfsdpo_omciyvs,-0.9964445155307593,0.26964104606739,0.53928209213478
reddit_1tfvn1i_omchsm5,-0.5942140639590523,0.35566853758349054,0.7113370751669811
reddit_1tfyn7h_omf3eod,-1.2423035719952185,0.22403527022717062,0.44807054045434125
reddit_1tg5jhb_omg7e5j,-0.9159596777728216,0.28578185256836897,0.5715637051367379
reddit_1tg5jhb_omgcwul,-0.6395779425791601,0.3453419522808354,0.6906839045616708
reddit_1tgafkf_omhmrw3,0.0636379943009272,0.5159041315656713,0.9681917368686574
reddit_1tgp392_omlqo5c,-1.0794065042258192,0.2536183466575028,0.5072366933150056
reddit_1tgtqpq_omj9llo,-0.8129102031296741,0.3072706960055038,0.6145413920110075
reddit_1tgtqpq_omknbec,-0.27287747151618186,0.43220081681230854,0.8644016336246171
reddit_1tgwl5y_omj5a8g,-0.20726375182619827,0.44836876220097205,0.8967375244019441
reddit_1tgwl5y_omjmjse,-0.5867348999459905,0.3573843700565155,0.714768740113031
reddit_1tgwl5y_omjmvot,-0.8808276985763901,0.293006288792368,0.586012577584736
reddit_1tgwl5y_omjy6ar,-1.079178387389855,0.25366153070745784,0.5073230614149157
reddit_1tgwl5y_oms9xt5,-0.690232579668185,0.3339813367402156,0.6679626734804311
reddit_1tgwl5y_onh8itk,-0.866052326622375,0.29607639412089504,0.5921527882417901
reddit_1tgxg10_omle9dp,-1.0165214090522503,0.2657055414915456,0.5314110829830913
reddit_1tgxg10_omlhia5,-0.72543665531645,0.32619691970386216,0.6523938394077243
reddit_1tgxg10_omlqdzp,-1.0114700755496322,0.2666922531796098,0.5333845063592196
reddit_1tgxg10_omnc9wg,-1.0993831939947476,0.24985548311062247,0.4997109662212449
reddit_1tgxg10_omvq49e,-0.9460680650762696,0.27967625291138065,0.5593525058227613
reddit_1th143w_omk9l50,-0.41586171340049927,0.3975074286096026,0.7950148572192052
reddit_1th143w_omkaefg,-0.5693046253251641,0.36139729440599677,0.7227945888119935
reddit_1th143w_omkcrg4,-0.5068061920658579,0.3759425265884333,0.7518850531768666
reddit_1th143w_omkko0y,-0.7174259545265622,0.32796005693136915,0.6559201138627383
reddit_1th143w_omljdea,-0.10245051154522661,0.4744097513653954,0.9488195027307909
reddit_1th143w_omlnamo,-0.5793719495280991,0.3590771208705123,0.7181542417410246
reddit_1th143w_omofznr,-0.9614239900033406,0.2765931789574938,0.5531863579149876
reddit_1th143w_ompft8a,-1.0694031104330826,0.2555166126349034,0.5110332252698068
reddit_1th143w_omr9foo,-1.0318528959095734,0.2627250393714179,0.5254500787428358
reddit_1th7kwt_omo23ln,-1.0738923838323966,0.2546635654004935,0.509327130800987
reddit_1thjzsf_omo9ynk,-0.7304617830503908,0.32509340048700436,0.6501868009740087
reddit_1thkj73_omqxcsz,-0.8463046575582288,0.30020861401614196,0.6004172280322839
reddit_1thmgk5_omp1bxa,-0.6951092666210545,0.3328974568863283,0.6657949137726566
reddit_1thox1m_ompbprv,-0.9012254916722267,0.28879872357898906,0.5775974471579781
reddit_1thox1m_ompd8zn,-0.15505145008298654,0.46131460924540857,0.9226292184908171
reddit_1thox1m_omqkoiu,-0.8604169977234968,0.2972522302433184,0.5945044604866369
reddit_1thqwmy_ompi3zg,-0.870506829311855,0.2951488523094819,0.5902977046189638
reddit_1thqwmy_ompl1kw,-0.8253003962618349,0.30463969267132157,0.6092793853426431
reddit_1thqwmy_ompl7n7,-1.084732655222755,0.2526114508428432,0.5052229016856864
reddit_1thqwmy_ompsmyo,-1.0944788338678557,0.250775823378157,0.501551646756314
reddit_1thqwmy_omptxn2,-0.609372503963029,0.35220235153312907,0.7044047030662581
reddit_1thqwmy_omq81hl,-0.9812566814661848,0.2726425017658759,0.5452850035317518
reddit_1thqwmy_omqd6ie,-0.4461401777503482,0.39027886430627995,0.7805577286125599
reddit_1thqwmy_omqi22a,-0.7052000953104957,0.33066030981369143,0.6613206196273829
reddit_1thqwmy_oms9fxc,-1.1042604867688368,0.24894245896790973,0.49788491793581946
reddit_1thqwmy_omsc4xw,-0.9160424808834934,0.28576495187677714,0.5715299037535543
reddit_1thqwmy_omt19aj,-0.8660693402412556,0.2960728482370458,0.5921456964740917
reddit_1ti0vzj_omrv089,-1.1269605503156441,0.2447224566612232,0.48944491332244633
reddit_1ti151j_omrb113,-1.0164969120351692,0.2657103210366064,0.5314206420732128
reddit_1ti151j_omrce6d,0.029463391797853844,0.5073653151432431,0.9852693697135138
reddit_1ti151j_omreu3n,-1.114534734185264,0.24702644087102485,0.49405288174204975
reddit_1ti151j_omrlwdv,-0.9511838883264443,0.27864679480870713,0.5572935896174143
reddit_1ti151j_omrriit,-0.7776505543909804,0.3148264661418945,0.629652932283789
reddit_1ti151j_omvz46r,-1.0790160628973462,0.2536922627804158,0.5073845255608316
reddit_1ti509f_omrvw42,-0.39895910889563013,0.40156245083011094,0.8031249016602219
reddit_1ti509f_oms2ca2,-0.4512821469363308,0.3890559674079392,0.7781119348158784
reddit_1ti509f_oms5oeq,-0.6529407392571586,0.34232715477278525,0.6846543095455705
reddit_1ti509f_oms60op,-1.102420041010368,0.24928672629004794,0.4985734525800959
reddit_1ti509f_oms948i,-1.1471325019265683,0.24101323297028288,0.48202646594056575
reddit_1ti509f_omspxwi,-0.9362035583442336,0.28166784359191,0.56333568718382
reddit_1ti5cqx_oms3iij,-1.0189328314522408,0.26523532414806356,0.5304706482961271
reddit_1ti5cqx_oms4w49,-1.408120308556191,0.19653070234459533,0.3930614046891907
reddit_1ti5cqx_omsgcr2,-0.8734375328320538,0.29453952670020694,0.5890790534004139
reddit_1ti5cqx_omszsu8,-0.4835367071791984,0.38141733184326454,0.7628346636865291
reddit_1ti5cqx_omu0snk,-0.976646113206207,0.27355777476622745,0.5471155495324549
reddit_1ti5cqx_omvgenp,-0.9360897276379719,0.28169087565283607,0.5633817513056721
reddit_1ti5cqx_omvuygi,-0.6800514839115566,0.3362498120168812,0.6724996240337624
reddit_1ti5ovh_omsbj5w,-0.9315507443229918,0.28261020803816017,0.5652204160763203
reddit_1ti5ovh_omt7uld,-0.616941965505648,0.3504772727284697,0.7009545454569394
reddit_1ti5ovh_omu2l6g,-1.0589726648527096,0.25750582872228606,0.5150116574445721
reddit_1ti5ovh_omustwm,-0.6620444852170622,0.3402804959548193,0.6805609919096386
reddit_1ti6ied_oms7bdb,-1.290215609408305,0.21581631892904687,0.4316326378580937
reddit_1ti6ied_omsbfee,-0.25767395500240925,0.4359355873011867,0.8718711746023734
reddit_1ti6ied_omtbx2k,-0.9914236213517764,0.2706309775019882,0.5412619550039764
reddit_1ti6ied_omvt302,-1.1724425427074858,0.23641376700575295,0.4728275340115059
reddit_1ti6ied_on1o0a6,-0.7052691766155652,0.330645020637001,0.661290041274002
reddit_1ti75h1_omsi2rp,-1.0590829549214258,0.2574847422026558,0.5149694844053117
reddit_1ti75h1_omskbai,-0.5744217419076401,0.360217158285275,0.72043431657055
reddit_1ti75h1_omsm0uv,-1.014129215563628,0.2661725345661064,0.5323450691322128
reddit_1tig64l_omugf9o,-0.5590044137538772,0.3637778504448167,0.7275557008896334
reddit_1tig64l_omurknw,-0.5187869236626645,0.3731359352297649,0.7462718704595298
reddit_1tig64l_omwxi27,-0.9889987702906222,0.2711098846195417,0.5422197692390834
reddit_1tig64l_omzp21h,-0.38387084303896973,0.40519363707434375,0.8103872741486875
reddit_1tikf90_omwfw3v,-0.6599244901996262,0.3407565739818247,0.6815131479636494
reddit_1tikf90_omxjsqv,-0.98628851579909,0.2716457882733498,0.5432915765466996
reddit_1til7dr_omxbr4r,-0.8960598419946696,0.2898608735715809,0.5797217471431618
reddit_1til7dr_omxx2tg,-1.1394841564192126,0.24241508308720525,0.48483016617441055
reddit_1til7dr_omxyyx5,-1.0386676119462175,0.2614071608925527,0.5228143217851055
reddit_1til7dr_omzmcn6,-0.6396058120833903,0.3453356515457213,0.6906713030914426
reddit_1til7dr_on3ahn3,-1.0840500774984316,0.2527403425301745,0.505480685060349
reddit_1tim947_omvanuz,-0.6043595573598569,0.3533469302754408,0.7066938605508816
reddit_1tim947_omvr4ts,-0.7424330747382323,0.3224723265926854,0.6449446531853708
reddit_1tin8qq_omwo6nq,-0.63469572150212,0.3464465610267693,0.6928931220535386
reddit_1tiody8_omxig9v,-0.3788373708557881,0.40640733965430875,0.8128146793086175
reddit_1tiody8_omxlojc,-0.8433337639102341,0.30083311968254917,0.6016662393650983
reddit_1tiody8_omxmdhs,-0.9160043158863136,0.28577274154402077,0.5715454830880415
reddit_1tiody8_omxs4db,-1.1097700490753275,0.24791376100628035,0.49582752201256075
reddit_1tiody8_omxz6kv,-0.6448243368911148,0.34415680713627095,0.6883136142725419
reddit_1tiody8_omyyrp6,-0.9911533000163546,0.2706843394985465,0.541368678997093
reddit_1tis5zu_omxtdlz,-1.0490570413112985,0.2594062158754193,0.5188124317508386
reddit_1tis5zu_omzozhs,-0.9743061809880181,0.27402302156909647,0.5480460431381929
reddit_1tiu061_omxart6,-0.9864076382618476,0.2716222200165699,0.5432444400331398
reddit_1tiu061_omxubjx,-0.9361440970058885,0.2816798746242772,0.5633597492485544
reddit_1tiweup_opzn4fj,-0.47144843976124795,0.3842734746883717,0.7685469493767434
reddit_1tiwm9n_omy5yei,-1.1094400476403083,0.24797529572656202,0.49595059145312403
reddit_1tiwm9n_ond63mw,-0.27295357865653874,0.4321821399675183,0.8643642799350366
reddit_1tj016u_omxz8oe,-0.9662782423509187,0.27562294864898484,0.5512458972979697
reddit_1tj016u_omzvm8i,-0.19545039420786242,0.4512923589506922,0.9025847179013844
reddit_1tjgzeh_on38qk1,-0.7478626871364334,0.32128718883723933,0.6425743776744787
reddit_1tjgzeh_on3nu3v,-1.074211012242663,0.25460309125899805,0.5092061825179961
reddit_1tjltsf_on3e3ne,-0.6219305330198548,0.3493425092613108,0.6986850185226215
reddit_1tjno36_on2o77a,-0.37883569530797867,0.40640774386421924,0.8128154877284385
reddit_1tjno36_on2q4tq,-0.10473191209305333,0.4738409286837833,0.9476818573675666
reddit_1tjno36_on9mz6p,-0.6823453799067322,0.33573803928939516,0.6714760785787903
reddit_1tjqo6g_on3lub6,-0.5992976637211497,0.35450439367925407,0.7090087873585081
reddit_1tjqo6g_on42gg1,-0.9510378488348936,0.2786761500982623,0.5573523001965246
reddit_1tjs35z_on41ada,-0.5419967142086426,0.3677232180207575,0.735446436041515
reddit_1tjs35z_on5bp0m,-0.8080606111778408,0.3083039216029156,0.6166078432058312
reddit_1tjs35z_on5jogp,-0.6116509993902127,0.3516826746898414,0.7033653493796828
reddit_1tjs35z_on5nh4x,0.40013793083019344,0.5987207990254332,0.8025584019491336
reddit_1tjs35z_on5ohxz,-1.064161661872118,0.25651495929049317,0.5130299185809863
reddit_1tjuw8j_on4fua1,-0.9210641351072724,0.284741119062028,0.569482238124056
reddit_1tjuw8j_on63m2o,-0.5964897581239682,0.3551471917901759,0.7102943835803518
reddit_1tk95ck_on8jf3y,-0.8253170494945493,0.3046361649560658,0.6092723299121316
reddit_1tki53j_on9j9zl,-0.7679410320035264,0.3169246705937697,0.6338493411875394
reddit_1tkic8a_onb9vab,-0.7479152737658927,0.321275721813554,0.642551443627108
reddit_1tkj0a7_ona4pku,-1.1147582394155306,0.24698487027021687,0.49396974054043374
reddit_1tkkoy6_onctmds,-0.4158544674137836,0.39750916399045666,0.7950183279809133
reddit_1tklc7j_on9v8ik,-0.59436622857508,0.35563366702339216,0.7112673340467843
reddit_1tklc7j_on9x6ef,-0.9361205602115821,0.28168463699716045,0.5633692739943209
reddit_1tklc7j_ona90am,-0.2376888073300497,0.4408559861962611,0.8817119723925222
reddit_1tklc7j_onaikho,-0.9260854261874456,0.2837195710874107,0.5674391421748214
reddit_1tklc7j_onbcbkp,-0.007015434165032919,0.49824614865191114,0.9964922973038223
reddit_1tklc7j_onc3fb1,-1.0994397404212117,0.2498448848927105,0.499689769785421
reddit_1tklc7j_ond7yb9,-0.9263554372436993,0.2836647018955797,0.5673294037911594
reddit_1tksbme_onchwrg,-0.9790557701243404,0.27307917967696627,0.5461583593539325
reddit_1tkt34z_onbc0k9,-0.6017887932834552,0.35393455277190017,0.7078691055438003
reddit_1tkvbmy_oncghdv,-1.1370842532991066,0.24285609773485728,0.48571219546971456
reddit_1tkvbmy_oncpvkz,-0.7728415577927024,0.3158647410459759,0.6317294820919518
reddit_1tkvbmy_oncx27a,-0.9212719458700824,0.2846987974643382,0.5693975949286764
reddit_1tkvbmy_ond970n,-1.071960090317151,0.2550305079373865,0.510061015874773
reddit_1tkvbmy_onddfue,-0.6499377831985005,0.34300355787748743,0.6860071157549749
reddit_1tkvbmy_ondf200,-1.3905646333286015,0.19931763165311064,0.39863526330622134
reddit_1tkvbmy_one84oe,-1.0891499497070103,0.25177838219993903,0.5035567643998781
reddit_1tkvbmy_onfdw9t,-0.6902829885540005,0.33397012399222026,0.6679402479844405
reddit_1tkvbmy_ongjer4,-1.2053632916965975,0.23052249110130527,0.4610449822026106
reddit_1tkvbmy_ongsboh,-1.0215398419994834,0.26472756652410595,0.5294551330482119
reddit_1tkvbmy_onh4qm8,-0.8960239948821701,0.2898682524522762,0.5797365049045524
reddit_1tkxn2n_oncdhxu,-0.5319703678482056,0.37005744837931936,0.7401148967586387
reddit_1tl3tai_oneuzql,-0.4059805286844901,0.39987630543989233,0.7997526108797847
reddit_1tle2vc_onf0wb4,0.06359675444489798,0.5158938320261771,0.9682123359476458
reddit_1tle2vc_onf1ixe,-0.45128498648901527,0.3890552924708375,0.778110584941675
reddit_1tle2vc_onf49sq,-0.32327884172221755,0.4198768774929447,0.8397537549858894
reddit_1tle2vc_onfbbf5,-0.9161402392074385,0.2857449994938247,0.5714899989876494
reddit_1tle2vc_onfk4d7,-0.6093675061156609,0.3522034918221113,0.7044069836442226
reddit_1tle2vc_onhyhcy,-0.8355791576474607,0.3024666806060743,0.6049333612121486
reddit_1tle5je_onf502s,-1.0744760116365324,0.2545528028499281,0.5091056056998562
reddit_1tlgx2b_ongakh7,-0.07937791386285453,0.48016593473528263,0.9603318694705653
reddit_1tlgx2b_onh0q3b,-0.9966391354540498,0.2696027203593518,0.5392054407187036
reddit_1tlgx2b_ooal5bj,-0.5743367882082199,0.36023673701165415,0.7204734740233083
reddit_1tlu4l3_onitj4j,-1.340476595394061,0.20743169354695762,0.41486338709391524
reddit_1tlu4l3_onj8ys4,-0.3031843558293984,0.42477922608308366,0.8495584521661673
reddit_1tlu4l3_onkm5j3,-0.6196512653486543,0.349860769832462,0.699721539664924
reddit_1tlur1u_oniyxei,-1.049103534093959,0.2593972840315445,0.518794568063089
reddit_1tlur1u_onjn3wx,-0.868412405098113,0.2955847548230182,0.5911695096460364
reddit_1tlur1u_onla01n,-0.6951715332909711,0.3328836290511393,0.6657672581022785
reddit_1tlvx07_onpbnfj,-0.7203496307359896,0.32731599650732784,0.6546319930146557
reddit_1tlwlyk_onlms1f,-0.9435947857973626,0.2801747848462803,0.5603495696925606
reddit_1tlwrxj_onj3hqr,-0.670027715803144,0.33849063479282987,0.6769812695856597
reddit_1tlwrxj_onjz538,-0.3807769608456282,0.4059395172334221,0.8118790344668442
reddit_1tm8832_onocm29,-1.0291803565434798,0.26324304000130216,0.5264860800026043
reddit_1tmaez8_onmhtfo,-0.6098889321377298,0.35208453441655874,0.7041690688331175
reddit_1tmhzua_onn0ips,-0.757742046599744,0.3191366929481803,0.6382733858963606
reddit_1tmich2_onpb1q1,-0.33843395942663546,0.4161899371275015,0.832379874255003
reddit_1tmseux_onpq2ap,-0.4007717137586996,0.4011269414932717,0.8022538829865434
reddit_1tmu2bz_onpxncm,-0.855407543550535,0.29829973357853073,0.5965994671570615
reddit_1tn4kot_ooe5uyz,-0.8526256837820105,0.2988823506585228,0.5977647013170456
reddit_1tn7lg4_ons1jgg,-0.9711463536070308,0.27465206859626,0.54930413719252
reddit_1tn7lg4_onsac8f,-0.9234102977704968,0.28426353251031805,0.5685270650206361
reddit_1tn7lg4_onsh1oq,-0.7052079070467319,0.33065858089072625,0.6613171617814525
reddit_1tn7lg4_onskzbl,-0.8963461505054995,0.2898019429305789,0.5796038858611579
reddit_1tn7lg4_ontelek,-0.5016451522647244,0.37715412986975355,0.7543082597395071
reddit_1tn7lg4_ontjmrc,-0.9260757102256687,0.2837215455962843,0.5674430911925686
reddit_1tn7lg4_onu4d7k,-1.2299997674750078,0.22618146642786077,0.4523629328557215
reddit_1tnf5qd_onu9xj7,-1.1922263940066307,0.23286098347072026,0.4657219669414405
reddit_1tnf5qd_onvivpp,-1.011470009173159,0.2666922661606906,0.5333845323213812
reddit_1tnf5qd_onvkvic,-0.37378436180536034,0.4076269038161511,0.8152538076323022
reddit_1tnf5qd_onvrh4o,-0.735432988563656,0.3240036296077549,0.6480072592155098
reddit_1tnf5qd_onvv20i,-0.6498614229782269,0.3430207660210806,0.6860415320421612
reddit_1tnf5qd_onvyes2,-0.7073381739575283,0.33018727299564604,0.6603745459912921
reddit_1tnf5qd_onx85se,-1.1746522765383314,0.2360150931491072,0.47203018629821436
reddit_1tnf5qd_onyanhw,-0.5642372012901588,0.3625676210858991,0.7251352421717983
reddit_1tnf5qd_oo5svy9,-0.6900996114772673,0.3340109145454244,0.6680218290908488
reddit_1tnjdl9_onufg7h,-0.5135359994152123,0.37436497124177465,0.7487299424835493
reddit_1tnjwbi_ony7ksg,-0.5946270761651482,0.35557389386819893,0.7111477877363979
reddit_1tnl317_onurqk5,-0.32843655702611807,0.41862108147246485,0.8372421629449297
reddit_1tnmoob_onznfoj,-1.084246951033516,0.252703162280316,0.505406324560632
reddit_1tnobm9_onvde6z,-0.915959677772822,0.2857818525683689,0.5715637051367378
reddit_1tnobm9_onvitbr,-1.1322060234603561,0.24375421689486756,0.4875084337897351
reddit_1tnobm9_onvjxxf,-0.6548031901868214,0.34190796714179317,0.6838159342835863
reddit_1tnobm9_onvnqez,-0.9762785532305595,0.27363082380404935,0.5472616476080987
reddit_1tnobm9_onvowr1,-1.3683304200358228,0.2028897261245064,0.4057794522490128
reddit_1tnobm9_onvz00r,-1.2472365969366666,0.22317886366198794,0.44635772732397583
reddit_1tnobm9_onxadx3,-1.054194902052832,0.2584203784538326,0.5168407569076652
reddit_1tnobm9_onyw1zh,-0.9311438878032161,0.2826927021069974,0.5653854042139947
reddit_1tnobm9_oo20ia1,-1.1696204422054262,0.2369235979809275,0.473847195961855
reddit_1tnobm9_oo2ntej,-0.795512476745174,0.31098626104469973,0.6219725220893995
reddit_1tobgfe_oo2631f,-0.5092065563085357,0.3753795456661845,0.750759091332369
reddit_1tohbe9_oo1g5ru,-0.9692275495204189,0.2750344947464261,0.5500689894928522
reddit_1tonmo5_oo2kva9,-0.24260239299669978,0.43964513189440646,0.8792902637888129
reddit_1tonmo5_oo6v724,-0.9361590883523676,0.28167684134028365,0.5633536826805673
reddit_1toqwtm_oo3egv7,0.26215274596701643,0.5651654106157231,0.8696691787685538
reddit_1toqwtm_oo3q4ze,-0.6096866319886636,0.35213068471271936,0.7042613694254387
reddit_1toqwtm_oo8abn6,-0.6318132693455892,0.34709949825526903,0.6941989965105381
reddit_1tow6us_oo72951,-0.9462891497874674,0.2796317159195972,0.5592634318391944
reddit_1tp5g11_oo64hdy,-1.0189648750701088,0.26522907935704665,0.5304581587140933
reddit_1tp5g11_oo68eji,-1.174639497988601,0.23601739728234206,0.4720347945646841
reddit_1tp5g11_oo69myf,-1.0590521223478153,0.2574906370139346,0.5149812740278692
reddit_1tp5g11_oo6atkk,-0.567318496302753,0.36185579778032806,0.7237115955606561
reddit_1tp5g11_oo806eu,-0.8905497638121611,0.29099638851227805,0.5819927770245561
reddit_1tp5g11_oo8cul8,-0.9511748232235309,0.2786486169230555,0.557297233846111
reddit_1tp5g11_oo9joxr,-1.0191547337658995,0.2651920808472214,0.5303841616944428
reddit_1tp6tgh_oo6fpok,-0.41417102886460455,0.39791240964346375,0.7958248192869275
reddit_1tp6tgh_oo72pwj,-1.3002607006141402,0.21412114474047697,0.4282422894809539
reddit_1tpehvg_oo8ftr6,-1.02415298367204,0.26421923945404163,0.5284384789080833
reddit_1tpehvg_oo9wh4f,-1.07401249828458,0.2546407671441145,0.509281534288229
reddit_1tpf0kw_oo8y36y,-0.4410286244279781,0.39149589595548534,0.7829917919109707
reddit_1tpf0kw_oo97z9w,-0.9890899930700341,0.2710918585249796,0.5421837170499592
reddit_1tpf0kw_oo9ah7u,-1.340527435022191,0.20742333544393193,0.41484667088786387
reddit_1tpf0kw_oobbs3q,-1.179782621080775,0.2350912837954759,0.4701825675909518
reddit_1tpf0kw_ool5zg6,-0.9160424808834934,0.28576495187677714,0.5715299037535543
reddit_1tpf0kw_ooush6l,-0.6850727749917299,0.3351300538285786,0.6702601076571572
reddit_1tpf0kw_oouurn0,-0.6547113195972614,0.34192863895941467,0.6838572779188293
reddit_1tpltp7_ooa8qgq,0.05353644424521864,0.5133809152371511,0.9732381695256977
reddit_1tppsc5_ooasdnq,-0.4210625826106769,0.3962625114290873,0.7925250228581746
reddit_1tptswd_op00c7g,0.0737562517698811,0.5184307084689423,0.9631385830621153
reddit_1tq2lod_oodc8ls,-0.6017920337595527,0.35393381178915634,0.7078676235783127
reddit_1tq62gs_ooe1j96,0.003117900237403215,0.5007794744278921,0.9984410511442159
reddit_1tq6vyl_oof0uce,-1.3450824283041038,0.20667549750524492,0.4133509950104899
reddit_1tq7ea2_oofnort,-0.6900578152448722,0.33402021208249466,0.6680404241649893
reddit_1tqcf7r_oog0ky7,-0.6850059231439726,0.33514494978113935,0.6702898995622787
reddit_1tqcf7r_oog2o63,0.06872331969797807,0.517174071179054,0.965651857641892
reddit_1tqcf7r_ooh4o8k,-0.41085599994169464,0.39870688619529154,0.7974137723905831
reddit_1tqcltq_oofryhp,-1.3932802029166533,0.19888460743542782,0.3977692148708556
reddit_1tqdpjl_oohvxuf,-0.7325512555573636,0.3246351218192175,0.649270243638435
reddit_1tqer7a_oohq6i2,-0.6648513177525321,0.3396506737835307,0.6793013475670614
reddit_1tqf4v3_oog0k8c,-1.1294636339064281,0.2442600989502735,0.488520197900547
reddit_1tqf4v3_ooh3bzk,-0.7025306692119555,0.33125138489905426,0.6625027697981085
reddit_1tqf4v3_ookgp9z,-1.016452900143687,0.265718908212518,0.531437816425036
reddit_1tqfpwr_oog28zn,0.033367893638610036,0.5083411994883733,0.9833176010232534
reddit_1tqhy93_oogw90g,-0.9411709334914261,0.2806638801664747,0.5613277603329494
reddit_1tqhy93_oohtsgu,-0.9812228148435901,0.2726492178590177,0.5452984357180354
reddit_1tqhy93_ook38k6,-0.6497212556634766,0.34305235447453214,0.6861047089490643
reddit_1tqj8np_oohk7vv,-1.2600941491327793,0.22095768539704597,0.44191537079409193
reddit_1tql6ez_ooh9unr,-0.3182626429210753,0.42109921333797823,0.8421984266759565
reddit_1tql6ez_ooha8vq,-0.38365906374500125,0.40524467939798664,0.8104893587959733
reddit_1tql6ez_ooi0xbv,-0.9413141189051828,0.2806349731325636,0.5612699462651272
reddit_1tql6ez_ooio37b,-0.7476404965440354,0.32133564202625237,0.6426712840525047
reddit_1tql6ez_oojaowy,-0.9211129072641313,0.2847311860525759,0.5694623721051518
reddit_1tqpaom_ooii0hd,-0.33848407430275723,0.4161777604728536,0.8323555209457072
reddit_1tqyx7p_ook8j6h,-1.1645190248605592,0.23784712476585124,0.4756942495317025
reddit_1tqyx7p_ookgk27,-1.0995613513119928,0.24982209297885258,0.4996441859577052
reddit_1tqyx7p_ookix63,-0.8835323881010546,0.29244631645489305,0.5848926329097861
reddit_1tqyx7p_ooklywp,-1.0892603423929568,0.25175758633012935,0.5035151726602587
reddit_1tqyx7p_ool93xq,-0.9762048152228013,0.2736454799936021,0.5472909599872042
reddit_1tqyx7p_oomajai,-1.1247678414060598,0.24512796927421965,0.4902559385484393
reddit_1tqyx7p_oonrbud,-0.8856509640466467,0.2920081304514886,0.5840162609029772
reddit_1tr0y3m_oomn4t3,-0.871019701769567,0.29504216758203444,0.5900843351640689
reddit_1tr2x1s_ookpm7h,0.32441313475698164,0.5803993887904516,0.8392012224190968
reddit_1tr4qpt_oolnzpw,-1.0941359944031963,0.25084024406658356,0.5016804881331671
reddit_1tr6mt1_oolg76y,-0.26781063975959385,0.43344465852997055,0.8668893170599411
reddit_1trb2js_ooo1j99,-0.9060124429287961,0.2878165073191338,0.5756330146382675
reddit_1trb2js_ooy6f38,-0.27789881428714536,0.4309689848294827,0.8619379696589654
reddit_1trb2js_opmihcr,-0.6194711958857971,0.34990172921768736,0.6998034584353747
reddit_1trbfkm_oos9h8v,-0.8913059716955924,0.290840394261912,0.581680788523824
reddit_1trbfkm_oothhcp,-0.6597877382181555,0.34078729482530185,0.6815745896506037
reddit_1trbfkm_oowv2gb,-0.7026390430803403,0.3312273779356018,0.6624547558712036
reddit_1trbmne_oomy1jp,-0.5891538089219085,0.356829033376908,0.713658066753816
reddit_1trbmne_ooo5eey,-0.9461124711983157,0.27966730705495096,0.5593346141099019
reddit_1trbmne_ooocimr,-0.9511748232235309,0.2786486169230555,0.557297233846111
reddit_1trbmne_ooov2ov,-0.9460996902065029,0.27966988183779234,0.5593397636755847
reddit_1trbmne_oop7dch,-0.8959854667413847,0.28987618332808746,0.5797523666561749
reddit_1trbmne_oos7s3p,-0.7423972185904758,0.3224801606344552,0.6449603212689105
reddit_1trbp3u_oomvxx0,-1.124464847614385,0.2451840396501454,0.4903680793002908
reddit_1trc1na_oooihjc,-0.9790526049561785,0.27307980798526804,0.5461596159705361
reddit_1trc1na_ooq6wo3,-0.9986249889554936,0.2692118508247041,0.5384237016494082
reddit_1trdy16_oonakj4,-0.46143847719271747,0.3866446326123716,0.7732892652247432
reddit_1trdy16_op0sdu2,-0.4293294910009818,0.3942864542869403,0.7885729085738806
reddit_1trf9va_oona16i,-1.1572169225065618,0.2391733525843204,0.47834670516864075
reddit_1trf9va_oonb3tq,-0.3283251515441933,0.41864819530276776,0.8372963906055355
reddit_1trf9va_ooofvrv,-0.2882151653801487,0.42844088017533827,0.8568817603506765
reddit_1trj3a5_ootl49r,-0.9663590332539249,0.27560681863859493,0.5512136372771899
reddit_1trnhrp_ooppz7k,-0.9036586598216465,0.28829922232364824,0.5765984446472965
reddit_1trnhrp_ooqpry4,-0.7455027035164163,0.32180202785004464,0.6436040557000893
reddit_1trnhrp_oostcnq,-1.192450848599682,0.23282089003682085,0.46564178007364165
reddit_1trnhrp_op5yzzd,-0.926004960403139,0.28373592385205726,0.5674718477041145
reddit_1trnhrp_op61ap9,-1.157585895671227,0.2391062171985317,0.4782124343970634
reddit_1trtion_oorrk2d,-0.8931107764433721,0.29046828977260347,0.5809365795452069
reddit_1try6d7_oor8zsa,-0.6751161523822323,0.33735219697471813,0.6747043939494363
reddit_1try6d7_oorvw2d,-0.7304478304369495,0.3250964618050404,0.6501929236100809
reddit_1try6d7_oott33j,-0.5892512617903923,0.356806668053511,0.713613336107022
reddit_1try6d7_oouyx1c,-0.9813649505333338,0.2726210316107369,0.5452420632214738
reddit_1try6d7_oq53g75,-0.9711518990123946,0.27465096385135673,0.5493019277027135
reddit_1ts2hnv_oovh9us,-0.7073070646847037,0.3301941532719378,0.6603883065438756
reddit_1ts2hnv_oow4a6z,-0.6446493338497727,0.34419630865733314,0.6883926173146663
reddit_1ts5npc_ooujvyq,-0.8153315427249874,0.3067555414154893,0.6135110828309785
reddit_1ts7ucn_oovp8d8,-0.9037010308068142,0.2882905286050729,0.5765810572101459
reddit_1ts7wt8_oot9gi9,-0.34347747749214347,0.4149650042934067,0.8299300085868134
reddit_1ts7wt8_oou1zwn,-0.6497290673997126,0.3430505939657199,0.6861011879314398
reddit_1ts7wt8_oouryyx,-0.27285245277437964,0.4322069565037912,0.8644139130075824
reddit_1ts7wt8_oovyi71,-1.0593015789576303,0.2574429464873707,0.5148858929747414
reddit_1ts8q7t_ootph1v,-0.722696380485315,0.32679949814219084,0.6535989962843817
reddit_1ts8q7t_ooul613,-1.081321594828907,0.2532559985939878,0.5065119971879756
reddit_1ts91q8_oou2n59,-0.9412323659817432,0.2806514776257453,0.5613029552514907
reddit_1ts91q8_oou3j1e,-1.414179863232687,0.19557561918275487,0.3911512383655098
reddit_1ts91q8_oouzxky,-0.05244563038893274,0.4868915968684967,0.9737831937369934
reddit_1ts91q8_oox7bzl,-0.5220832586669066,0.3723652273100118,0.7447304546200236
reddit_1ts91q8_op1ibpl,-1.104318846707639,0.24893154756354238,0.4978630951270848
reddit_1tsd2hr_oourfzr,-1.0995290504209452,0.2498281465705424,0.49965629314108484
reddit_1tsd2hr_oouww6y,-0.6969546325340844,0.33248777048944395,0.6649755409788879
reddit_1tsfgd5_opax0h0,-0.891035105213073,0.29089626425084275,0.5817925285016855
reddit_1tshfyq_oovh0mi,-0.7424769591879639,0.32246273862055247,0.6449254772411049
reddit_1tsj7e8_oow2khv,-0.6598188989880708,0.3407802945521095,0.681560589104219
reddit_1tsj7e8_ooxdvzj,-0.6446276190209722,0.3442012102582023,0.6884024205164045
reddit_1tsj7e8_ooy0olb,-0.5994610510241819,0.3544670064835072,0.7089340129670144
reddit_1tsr4st_ooxxdjt,-0.2527111786912648,0.4371562985136529,0.8743125970273058
reddit_1tsr4st_op1h063,-0.7377321791945162,0.3235002526543889,0.6470005053087778
reddit_1tsrnbn_ooy9ccb,-0.891368438949704,0.2908275104179572,0.5816550208359144
reddit_1tst7uo_ooxmlcu,-0.3081371202548753,0.4235695116870691,0.8471390233741382
reddit_1tstha7_oozj6px,-0.7878525221205284,0.312629960450914,0.625259920901828
reddit_1tstha7_op2czlm,-0.3957136118398823,0.4023426249505851,0.8046852499011702
reddit_1tstlbr_ooz08t6,-0.3283808081802822,0.41863464954716195,0.8372692990943239
reddit_1tstlbr_op0hcfp,-0.6298819285029882,0.34753731064273313,0.6950746212854663
reddit_1tstlbr_op0i9yl,-1.285266344937162,0.2166551086894737,0.43331021737894737
reddit_1tstlbr_op0jeay,-0.18011334690095687,0.45509299933788566,0.9101859986757713
reddit_1tstlbr_op11qjw,-0.7879326202034984,0.3126127482344899,0.6252254964689798
reddit_1tstwrk_ooxm6g6,-0.737342125595309,0.32358562091778376,0.6471712418355675
reddit_1tstwrk_ooym2bu,-0.7203853218138316,0.3273081380858579,0.6546162761717158
reddit_1tstwrk_ooyuw1g,-0.544092269892995,0.3672361305412956,0.7344722610825912
reddit_1tsurmm_oozl3w2,-0.6548077238675714,0.3419069470330317,0.6838138940660634
reddit_1tsurmm_op062k7,-0.9161316626701106,0.2857467499236669,0.5714934998473338
reddit_1tsv1fn_ooxwq3i,-0.9888975982679991,0.27112987761660395,0.5422597552332079
reddit_1tsv1fn_ooy36yf,-1.217307489105057,0.22841062954331715,0.4568212590866343
reddit_1tsv1fn_ooyfzme,-0.5118238602808796,0.37476606752624075,0.7495321350524815
reddit_1tsv1fn_ooykhbx,-1.0241454275266586,0.2642207084274854,0.5284414168549708
reddit_1tsv1fn_ooyzqin,-0.9210743152163989,0.2847390457487539,0.5694780914975078
reddit_1tsv1fn_oozrfyb,-0.9010006672905362,0.2888449033552958,0.5776898067105916
reddit_1tsv1fn_op0s58c,-0.31335531453788235,0.4222959566427433,0.8445919132854866
reddit_1tsvd1m_ooxudnt,-0.9663138987247092,0.27561582973481236,0.5512316594696247
reddit_1tsvd1m_ooyh3np,-0.7174680812836745,0.32795077216627244,0.6559015443325449
reddit_1tsvd1m_op0md45,-0.6196844158069451,0.3498532295260368,0.6997064590520736
reddit_1tsvgs3_ooy8j12,-1.0165965648580522,0.26569087839308214,0.5313817567861643
reddit_1tsvgs3_ooyj6g3,-1.0293778129998832,0.2632047458737349,0.5264094917474698
reddit_1tsvgs3_ooz7nqu,-0.9712350314641773,0.2746344026964773,0.5492688053929546
reddit_1tsvgs3_op12ugb,-1.1398978633937036,0.24233911389367943,0.4846782277873589
reddit_1tsvrdr_ooxxsy9,-1.0267976534539252,0.2637054166906927,0.5274108333813854
reddit_1tsvrdr_oozuxnb,-0.47360966183591535,0.38376224167825335,0.7675244833565067
reddit_1tsvrr2_ooyslxr,-0.2731298461637054,0.43213888430839265,0.8642777686167853
reddit_1tsvrr2_ooyz7z0,-1.3108166410826625,0.2123502226047405,0.424700445209481
reddit_1tsw127_ooy9nl9,-0.2628004184775543,0.43467542834095835,0.8693508566819167
reddit_1tsw127_oozo72a,-0.9764379984802802,0.273599134089037,0.547198268178074
reddit_1tsw927_ooybawc,-0.9916424358226206,0.2705877879139041,0.5411755758278082
reddit_1tswff0_ooz68s4,-1.1819943679902338,0.23469379306427532,0.4693875861285506
reddit_1tswff0_op1kzsj,-0.3334211050574526,0.4174084491748422,0.8348168983496844
reddit_1tswg2c_ooy48hi,-0.7203490721377084,0.3273161194996405,0.654632238999281
reddit_1tswg2c_ooy4ggg,-0.6175190177263996,0.35034592219319577,0.7006918443863915
reddit_1tswg2c_ooy5rzu,-1.034162946240571,0.2622778265761622,0.5245556531523244
reddit_1tswg2c_ooy6lnp,-0.5491422480450638,0.3660634368857,0.7321268737714
reddit_1tswg2c_ooy7jdy,-1.0338191590481478,0.2623443507663864,0.5246887015327728
reddit_1tswg2c_ooylu1z,-0.8805906454656662,0.2930553976079463,0.5861107952158926
reddit_1tswg2c_ooyrg1c,-1.1370937091040847,0.24285435903390507,0.48570871806781013
reddit_1tswg2c_op0700e,-0.9915013265951425,0.27061563954891676,0.5412312790978335
reddit_1tswg2c_op0beo8,-0.2930811309667504,0.42724972308202774,0.8544994461640555
reddit_1tswg2c_op0e4ie,-0.6748960027537466,0.33740141223784414,0.6748028244756883
reddit_1tswg2c_op1aht0,-0.2930655987681233,0.4272535239302215,0.854507047860443
reddit_1tsx0f1_ooy8fve,-0.8961193033330146,0.28984863411061446,0.5796972682212289
reddit_1tsx0f1_ooy8z8m,-0.9360061319706776,0.28170779080299063,0.5634155816059813
reddit_1tsx0f1_ooyapx1,-0.8860117144289588,0.2919335547367797,0.5838671094735594
reddit_1tsx0f1_ooycwq8,-0.5792092247557034,0.3591145713291136,0.7182291426582272
reddit_1tsx0f1_ooygdr1,-0.6395913365943202,0.3453389241562632,0.6906778483125264
reddit_1tsx0f1_ooylnh8,-0.6094558936596777,0.35218332592008095,0.7043666518401619
reddit_1tsxfco_ooyjubd,-1.0692338747916552,0.25554880730304635,0.5110976146060927
reddit_1tsxfco_ooyzye9,-0.8656898599029759,0.2961519432647152,0.5923038865294304
reddit_1tsxfco_ooztj59,-0.9841482694843433,0.2720694522226917,0.5441389044453834
reddit_1tsxfco_op2aoko,-0.7375279279657297,0.3235449542058086,0.6470899084116172
reddit_1tsydyo_op0zvqr,-1.014347213974201,0.2661299562589396,0.5322599125178792
reddit_1tsydyo_op1pp9w,-0.2778637054431853,0.4309775947578298,0.8619551895156596
reddit_1tsydyo_op21idj,-1.0091079244834544,0.26715446766232487,0.5343089353246497
reddit_1tsydyo_op75ktb,-0.6901562663653464,0.3339983119187306,0.6679966238374612
reddit_1tsyeyo_ooyj5t9,-0.5545380886398077,0.3648121800569122,0.7296243601138244
reddit_1tsyeyo_oozyo2c,-0.6246223529883556,0.3487309007389071,0.6974618014778142
reddit_1tsyeyo_op0zrbm,-0.6296161145338287,0.3475975877659069,0.6951951755318138
reddit_1tsyeyo_op14m5r,-0.9088174559085024,0.28724188328457034,0.5744837665691407
reddit_1tsyeyo_op18thd,-0.9310960416107252,0.2827024043410023,0.5654048086820046
reddit_1tszmoe_ooz9wa1,-0.4916185260233714,0.37951235847590686,0.7590247169518137
reddit_1tszxri_ooyysxa,-0.9712212774213864,0.2746371426526149,0.5492742853052298
reddit_1tszxri_op0492h,-1.089087457236701,0.2517901550908461,0.5035803101816922
reddit_1tszxri_op42eik,-0.9863734047986863,0.27162899294075765,0.5432579858815153
reddit_1tszxri_op44ssz,-1.1825071202707482,0.23460170881434828,0.46920341762869655
reddit_1tt0mlj_oozoji8,-1.1425826574336964,0.24184649760151783,0.48369299520303566
reddit_1tt0mlj_op05q94,-0.37378436180536034,0.4076269038161511,0.8152538076323022
reddit_1tt0mlj_op0ghjy,-1.0743857065886293,0.2545699391249213,0.5091398782498426
reddit_1tt0mlj_op1zgxc,-0.9261570904257115,0.2837050075077009,0.5674100150154018
reddit_1tt1cw0_op09g9e,-0.9912964770085118,0.2706560752369174,0.5413121504738349
reddit_1tt1cw0_op0kv5f,0.05356094490769625,0.5133870360139472,0.9732259279721056
reddit_1tt1nt4_oozquzi,-1.1142028231801158,0.24708818295480467,0.49417636590960934
reddit_1tt1r86_oozojbm,-1.1245474477387911,0.2451687532638191,0.4903375065276382
reddit_1tt1uwg_oozv2cv,-0.6672902239894047,0.3391038702665453,0.6782077405330906
reddit_1tt1xag_oozfi9h,-0.9461759395706403,0.2796545213077285,0.559309042615457
reddit_1tt2zbu_op18o09,-0.9711863232142651,0.27464410599038375,0.5492882119807675
reddit_1tt31k9_op069do,-0.981245045529799,0.27264480927786244,0.5452896185557249
reddit_1tt39gf_oozrdk1,-0.24264408604121357,0.43963486053480066,0.8792697210696013
reddit_1tt3fgk_op00xkk,-0.5844238391392579,0.3579153048451487,0.7158306096902974
reddit_1tt3fgk_op0f6tn,-0.915959677772822,0.2857818525683689,0.5715637051367378
reddit_1tt3m71_oozuigz,-1.0741069322325107,0.2546228441049879,0.5092456882099758
reddit_1tt3m71_op0654w,-0.9862663366099722,0.2716501765447098,0.5433003530894196
reddit_1tt3m71_op16a7k,-0.8130118396201982,0.3072490625518772,0.6144981251037543
reddit_1tt3vbp_op0184y,-0.06926188757720514,0.48269144694817384,0.9653828938963477
reddit_1tt4bg8_oozvqz3,-0.7273335036636024,0.3257801442105668,0.6515602884211336
reddit_1tt6meg_op185e4,-0.37879274516939254,0.40641810521832883,0.8128362104366577
reddit_1tt6o9m_op0j3gt,-0.840532451501711,0.3014226554087316,0.6028453108174632
reddit_1tt6o9m_op0m8il,-0.9612675889027334,0.27662447425209846,0.5532489485041969
reddit_1tt6o9m_op0mg7h,-1.1975030791331724,0.23191970263233658,0.46383940526467315
reddit_1tt6o9m_op10xta,-0.6346722897437768,0.34645186649601317,0.6929037329920263
reddit_1tt6yir_op11c79,-1.089262151582667,0.251757245522897,0.503514491045794
reddit_1tt6yir_opm374n,-0.855690965135179,0.29824041201356816,0.5964808240271363
reddit_1tt8acb_op97aqo,-0.2226336587278927,0.444570347412245,0.88914069482449
reddit_1tt8k9j_op0s1xy,-0.6144243702064127,0.3510506010790257,0.7021012021580514
reddit_1tt8k9j_op0uwnz,-0.7550658996221439,0.31971847005749354,0.6394369401149871
reddit_1tt8k9j_op18y8y,-0.7932994286978443,0.3114606575184995,0.622921315036999
reddit_1tt8k9j_op1a3h7,-0.3456786737537011,0.4144307221911794,0.8288614443823588
reddit_1tt8k9j_op1k1s6,-1.0588319727193294,0.25753272949431444,0.5150654589886289
reddit_1tt8k9j_op1q4q2,-0.7978101834630635,0.3104941366253002,0.6209882732506004
reddit_1tt99ox_op0yaon,-0.6095780821675815,0.3521554490873258,0.7043108981746516
reddit_1tt99ox_op19p6g,-0.9060729918516678,0.28780409627145903,0.5756081925429181
reddit_1tt99ox_op1ki5u,-0.9934416247318296,0.2702328285397524,0.5404656570795048
reddit_1tta0q0_op11bt2,-1.0064548086240075,0.26767422331597174,0.5353484466319435
reddit_1ttadso_op17vyg,-0.8633822455721466,0.2966331823343522,0.5932663646687044
reddit_1ttadso_op1b296,-0.4942529437220809,0.3788921958163512,0.7577843916327024
reddit_1ttadso_op1ce7m,-0.5540295989163375,0.3649300175562152,0.7298600351124304
reddit_1ttadso_op1zt0g,-0.3908220581156352,0.4035194226206719,0.8070388452413438
reddit_1ttadso_op226g0,-0.08241998275605872,0.47940666062945536,0.9588133212589107
reddit_1ttadso_op2sy4k,-0.6599744286929745,0.340745355811423,0.681490711622846
reddit_1ttadso_op2ur4s,-1.009300991258244,0.2671166701773448,0.5342333403546896
reddit_1ttadso_op45dt3,-0.8758539041383888,0.2940376879781055,0.588075375956211
reddit_1ttbe3e_op1bk2m,-0.9641510012020121,0.2760478655047615,0.552095731009523
reddit_1ttbe3e_op1eyqv,-0.13997434631731087,0.46506343694479024,0.9301268738895805
reddit_1ttbe3e_op1fr75,0.018232300961420922,0.5045579489794875,0.9908841020410251
reddit_1ttbqa6_op2h4mb,-0.4937442745189552,0.37901190978719973,0.7580238195743995
reddit_1ttbse9_op1e1eg,-0.9314417212525654,0.28263231208229245,0.5652646241645849
reddit_1ttbse9_op1nx3c,0.20666447294865797,0.5514830110461921,0.8970339779076157
reddit_1ttbse9_op1roms,-0.20746098555374898,0.44831998004866824,0.8966399600973365
reddit_1ttbse9_op23gdc,-0.6597994515091483,0.34078466342399044,0.6815693268479809
reddit_1ttbse9_op2t5j2,-0.2881070208131473,0.4284673627452948,0.8569347254905896
reddit_1ttbse9_op2yyg0,-0.11471828884625612,0.47135183906484657,0.9427036781296931
reddit_1ttbse9_op4rgor,-0.17003132113160696,0.4575942852554797,0.9151885705109594
reddit_1ttca9v_op1jeaj,-0.44630010385820806,0.39024080875401873,0.7804816175080375
reddit_1ttcu5f_op1rlse,-1.1042639909887344,0.24894180378410263,0.49788360756820527
reddit_1ttcu5f_op1v1ek,-1.109633832874735,0.24793915973335845,0.4958783194667169
reddit_1ttcu5f_op261bm,-0.6345511577844132,0.3464792940642066,0.6929585881284132
reddit_1ttcu5f_op27edo,-0.7324385095591242,0.32465984154780114,0.6493196830956023
reddit_1ttcu5f_op2eyh8,-0.6500705183905877,0.3429736463442978,0.6859472926885956
reddit_1ttcu5f_op2plcf,-0.604376191143611,0.35334312958360453,0.7066862591672091
reddit_1ttcu5f_op2qxhn,-1.0089857450751882,0.26717838898879687,0.5343567779775937
reddit_1ttcu5f_op2smi9,-1.0741781781871829,0.2546093225679822,0.5092186451359644
reddit_1ttcu5f_op7r8mn,-0.7224648563268334,0.32685043586667056,0.6537008717333411
reddit_1ttdpd3_op1v30d,-1.0895799677258675,0.25169738146045006,0.5033947629209001
reddit_1ttmc22_op5l8lc,-1.3908964455876136,0.19926468298025887,0.3985293659605178
reddit_1ttmc22_op663s9,-0.8761663997786902,0.2939728244565012,0.5879456489130024
reddit_1ttnjf7_op4ug94,-0.7002929511225314,0.33174727999721904,0.6634945599944381
reddit_1ttp1d5_op48f8o,-0.8710707352505254,0.2950315531226464,0.5900631062452928
reddit_1ttsfrd_op4s9lz,-0.7927871711776762,0.3115705232461209,0.6231410464922418
reddit_1ttsfrd_op4w6al,-1.1670417528754147,0.23739011752989014,0.4747802350597803
reddit_1ttsfrd_op4zglv,-0.23265418124067666,0.44209739855485125,0.8841947971097025
reddit_1tttfo9_op4ud6k,-0.7377263085848835,0.32350153742595295,0.6470030748519059
reddit_1tttfo9_op599v1,-0.8132510438314771,0.30719815098252673,0.6143963019650535
reddit_1tttfo9_op645dc,-0.5694279019725406,0.3613688439622288,0.7227376879244576
reddit_1ttubgf_op524it,-1.0542980782955729,0.25840060632513817,0.5168012126502763
reddit_1ttui2j_op539m6,-0.9309848408905042,0.28272495436306483,0.5654499087261297
reddit_1ttui2j_op5bxfq,-0.9714525545126063,0.2745910719787377,0.5491821439574754
reddit_1ttui2j_op5c76d,-1.0942482063156254,0.250819157859094,0.501638315718188
reddit_1ttui2j_op5iwif,-0.6246526603579244,0.34872401743161924,0.6974480348632385
reddit_1ttui2j_op5rbxk,-0.14495659481398543,0.4638241742438086,0.9276483484876172
reddit_1ttui2j_op5wba1,-1.004146074426614,0.26812703499901314,0.5362540699980263
reddit_1ttui2j_op5wnwg,-0.9941167803545219,0.2700997037497093,0.5401994074994186
reddit_1ttui2j_op5xvkf,-0.3334004754034363,0.417413465874509,0.834826931749018
reddit_1ttui2j_op636xx,0.013197704430438106,0.5032993782174381,0.9934012435651238
reddit_1ttui2j_op6ip26,-0.8102448456604396,0.3078383230264551,0.6156766460529102
reddit_1ttun3g_op53azi,-0.8605636646042494,0.2972215934195413,0.5944431868390826
reddit_1ttun3g_op5v3en,-0.05912745076433573,0.4852224423214814,0.9704448846429627
reddit_1ttv5xp_op5iog7,-0.64464600935254,0.3441970590805571,0.6883941181611142
reddit_1ttv5xp_op74ooh,-1.1294642257084964,0.24425998970534268,0.48851997941068537
reddit_1ttx203_op5rdpf,-1.001476349863665,0.26865125240525883,0.5373025048105177
reddit_1ttx203_op5rjl1,-0.5643965277531231,0.36253079958036843,0.7250615991607369
reddit_1ttx203_op5sci4,-0.6396281091460725,0.34533061066682424,0.6906612213336485
reddit_1ttx203_op5upai,-0.9713861063793805,0.2746043080348062,0.5492086160696124
reddit_1ttx203_op7ax97,-0.8711511992295387,0.29501481786176303,0.5900296357235261
reddit_1ttx203_opb1aep,-0.9869913949910989,0.27150674288814713,0.5430134857762943
reddit_1ttxea2_op6dilg,-0.6749278048466072,0.3373943025446889,0.6747886050893778
reddit_1ttxea2_op7ap5l,-0.9912964770085118,0.2706560752369174,0.5413121504738349
reddit_1ttxj3b_op7jku3,-1.0844496886541428,0.2526648783610733,0.5053297567221466
reddit_1tu1v6y_op6hd7j,-0.9412275883795052,0.28065244215884,0.56130488431768
reddit_1tu3uj9_opfxhkf,-0.6549582040343165,0.3418730888099074,0.6837461776198148
reddit_1tu4roc_op7ysvr,-0.7023296063982675,0.3312959266297824,0.6625918532595648
reddit_1tu5tml_op88ky5,-0.6348686386545376,0.34640740993280966,0.6928148198656193
reddit_1tu5tml_op9o023,-0.1853499603608118,0.45379471460255766,0.9075894292051153
reddit_1tu7mub_op8rp6u,-1.064157018428872,0.2565158448659353,0.5130316897318706
reddit_1tu7mub_op8udhe,-0.7576581162119634,0.31915493033006914,0.6383098606601383
reddit_1tu7mub_opbvykc,-0.3687380519833845,0.40884598785600734,0.8176919757120147
reddit_1tucjhu_op8oifj,-0.49169653996211365,0.3794939877134603,0.7589879754269206
reddit_1tucjhu_op8vg2i,-1.0017443700037236,0.26859859567466793,0.5371971913493359
reddit_1tucjhu_op8vidx,-0.747665076889533,0.321330281591468,0.642660563182936
reddit_1tucjhu_op8yz1j,-0.6497045703826315,0.34305611480335163,0.6861122296067033
reddit_1tucjhu_op99r08,-0.8028197560758863,0.30942266904099386,0.6188453380819877
reddit_1tucjhu_op9bbfn,-0.9692408534598582,0.2750318420749433,0.5500636841498866
reddit_1tucjhu_opapfna,-0.19061497795119647,0.45249002104936087,0.9049800420987217
reddit_1tuebh8_op8ytk5,-0.24805054534491489,0.4383033843626113,0.8766067687252226
reddit_1tuebh8_op919im,0.038432052940004846,0.5096068308051831,0.9807863383896338
reddit_1tuebh8_op9twf0,0.5936677264488498,0.6442062492372093,0.7115875015255815
reddit_1tuebh8_op9v6nb,-0.6245508469047724,0.34874714120891903,0.6974942824178381
reddit_1tuebh8_opa2ek0,-0.9360889350813493,0.2816910360196635,0.563382072039327
reddit_1tuebh8_opardvt,-0.9362130042853487,0.28166593238848353,0.5633318647769671
reddit_1tuebh8_opbo80p,-0.4662757834570516,0.38549809364230836,0.7709961872846167
reddit_1tuebh8_opbx2tj,-0.7252267561916609,0.32624305563791806,0.6524861112758361
reddit_1tug26y_opbydy8,-0.89561425374887,0.28995260273325413,0.5799052054665083
reddit_1tug26y_opdl119,-0.9462716751037912,0.27963523599532636,0.5592704719906527
reddit_1tug26y_opfgrn0,-0.604492525550775,0.35331654858342343,0.7066330971668469
reddit_1tuh5dj_opgdt6o,-1.028593769697649,0.26335682205555627,0.5267136441111125
reddit_1tuly4n_opamfz1,-0.7176959398941836,0.3279005543108765,0.655801108621753
reddit_1tuly4n_opbnx7u,-0.318223601488485,0.4211087306794788,0.8422174613589576
reddit_1tupifu_opd792n,-0.3957398572933942,0.40233631390529956,0.8046726278105991
reddit_1tupifu_opgm1tc,-0.10291042609340212,0.47429507526005416,0.9485901505201083
reddit_1ture29_opc209a,-0.39878162279319684,0.40160510326914955,0.8032102065382991
reddit_1ture29_opcesos,-0.7326289452949123,0.32461808879700493,0.6492361775940099
reddit_1ture29_opg5wk3,-1.1244564846781409,0.24518558737223917,0.49037117474447833
reddit_1tuttj1_opce1zm,-0.9260293198604375,0.28373097330929986,0.5674619466185997
reddit_1tuttj1_opi5ske,-0.7927516393163286,0.31157814468002226,0.6231562893600445
reddit_1tuttj1_opr6bav,-0.43099172379876444,0.3938895419640506,0.7877790839281013
reddit_1tutxzr_opctx4z,-0.018876666186133928,0.4952809735796118,0.9905619471592236
reddit_1tutxzr_opcuwvg,-0.2729332203620183,0.4321871359149128,0.8643742718298256
reddit_1tutxzr_opdn8rc,-0.3031320502889288,0.424792006565113,0.849584013130226
reddit_1tutxzr_opebu0l,0.05862009409446001,0.5146508283582432,0.9706983432835137
reddit_1tuue1j_opc803a,-0.8854844340940348,0.2920425599434602,0.5840851198869204
reddit_1tuue1j_opc9dji,-0.4613885386993691,0.3866564756211072,0.7733129512422144
reddit_1tuue1j_opchx64,-1.1646324923222529,0.2378265564648584,0.4756531129297168
reddit_1tuue1j_opdkhnv,-0.6598440062942236,0.3407746542412934,0.6815493084825868
reddit_1tuue1j_opdmiro,-0.431149681531631,0.39385183167689963,0.7877036633537993
reddit_1tuue1j_opf76fn,-0.9511398690164097,0.27865564289766637,0.5573112857953327
reddit_1tuue1j_opf84js,-0.5945024219582695,0.3556024577844746,0.7112049155689492
reddit_1tuue1j_opiozsd,-0.9059645967363051,0.2878263148434594,0.5756526296869188
reddit_1tuue1j_opj2o5r,-0.7477840965553738,0.32130432667609005,0.6426086533521801
reddit_1tuue1j_opj8xx7,-1.2577932206265945,0.22135401090361725,0.44270802180723456
reddit_1tuwb8f_opcv4mn,-0.808415404493085,0.30822826614748705,0.6164565322949741
reddit_1tuwb8f_opcw6z6,-0.5018632844462374,0.3771028900539009,0.7542057801078018
reddit_1tuwb8f_opd0nfr,0.06365470171417242,0.5159083041918773,0.9681833916162454
reddit_1tuwb8f_opd1klp,-0.9761837333453005,0.2736496703241242,0.5472993406482484
reddit_1tuwb8f_opd3wgi,-1.164542582251634,0.2378428544056615,0.475685708811323
reddit_1tuwb8f_opdgite,-0.5893872091888787,0.35677546932163967,0.7135509386432793
reddit_1tuwb8f_opem0ym,-1.0840872480340287,0.2527333224684022,0.5054666449368044
reddit_1tuwb8f_opf408q,-0.926011050934161,0.28373468607598545,0.5674693721519709
reddit_1tuwb8f_opqyz7h,-1.4415039346728915,0.191312563694586,0.382625127389172
reddit_1tuwb8f_oq71vy3,-0.8910087943330187,0.29090169157400037,0.5818033831480007
reddit_1tux6at_opcpfwl,-0.6650263207938742,0.3396114237865357,0.6792228475730714
reddit_1tux6at_opd8mjj,-0.7627650965561431,0.31804623509559166,0.6360924701911833
reddit_1tux6at_opdam72,-0.35844778489092155,0.411335365312231,0.822670730624462
reddit_1tux6at_opddc63,-0.808223142087202,0.308269262541648,0.616538525083296
reddit_1tux6at_opdn8zt,-0.6855958646722813,0.3350135101375934,0.6700270202751868
reddit_1tux6at_opdrjia,-0.5691992621871725,0.36142161144490037,0.7228432228898007
reddit_1tux6at_ope0vru,-0.9511326964664185,0.2786570846303844,0.5573141692607688
reddit_1tuzkhw_opdf6j5,-1.054410478650817,0.2583790676599999,0.5167581353199998
reddit_1tuzkhw_opdm4hb,-1.029188598603053,0.263241441488766,0.526482882977532
reddit_1tuzkhw_opdty67,-0.9057467395457912,0.28787097378151444,0.5757419475630289
reddit_1tuzkhw_ope5oe1,-1.0237746755989394,0.26429279191523775,0.5285855838304755
reddit_1tuzkhw_opfmys1,-0.9963711080477183,0.2696555027963406,0.5393110055926812
reddit_1tuzwvu_opdmsbj,-0.5896549046171026,0.35671403912779454,0.7134280782555891
reddit_1tuzwvu_ope0wjp,-1.0215576914789029,0.2647240921931813,0.5294481843863627
reddit_1tuzwvu_opeseng,-0.8755107329445144,0.29410892832646823,0.5882178566529365
reddit_1tv1z4j_opdv7rq,-0.7074748158807296,0.3301570534720889,0.6603141069441778
reddit_1tv1z4j_opdvsat,-0.5643002990686362,0.36255303853704907,0.7251060770740981
reddit_1tv1z4j_ope05co,-0.6397032649518741,0.3453136198366712,0.6906272396733424
reddit_1tv1z4j_opex90l,-0.609775721920903,0.3521103604785781,0.7042207209571562
reddit_1tv1z4j_opf7jvm,0.6138345749120439,0.6488150234496842,0.7023699531006315
reddit_1tv1z4j_opfcmo9,-0.07260469371149558,0.48185679594195996,0.9637135918839199
reddit_1tv1z4j_opfyrdh,-0.732524353674181,0.32464102000851575,0.6492820400170315
reddit_1tv1z4j_opi6zks,-0.9261448875257908,0.28370748734456774,0.5674149746891355
reddit_1tv4g76_opfj4ak,-0.4009083040430796,0.4010941296558161,0.8021882593116322
reddit_1tv4g76_opfu68f,-0.5743986183160532,0.36022248738292534,0.7204449747658507
reddit_1tv4g76_opfvmi7,-0.9562360145775209,0.27763244001059184,0.5552648800211837
reddit_1tv4g76_opg6evi,-0.7708317168388739,0.3162992166775143,0.6325984333550286
reddit_1tv4g76_oqjo5ds,-0.9060219583707093,0.2878145568652451,0.5756291137304902
reddit_1tv4g76_oqs8qvb,-0.6296794968434618,0.34758321447625784,0.6951664289525157
reddit_1tv4jag_opgj3rh,-1.0440963199445292,0.26036037988637417,0.5207207597727483
reddit_1tv4jag_opixq4s,-0.7626666837712243,0.3180675805049747,0.6361351610099494
reddit_1tv4jag_opkpmxv,-0.9059645967363051,0.2878263148434594,0.5756526296869188
reddit_1tv69vk_opw9cot,-0.6598345603531086,0.34077677624955094,0.6815535524991019
reddit_1tv6efo_opeq3be,-0.4259737476476374,0.3950881721613061,0.7901763443226122
reddit_1tv7vfu_opf40lj,-0.37378436180536034,0.4076269038161511,0.8152538076323022
reddit_1tv7vfu_opg8cfp,-0.8910385509144961,0.2908955534871309,0.5817911069742618
reddit_1tv7vfu_opg8z19,-0.9941571254831093,0.27009174994866336,0.5401834998973267
reddit_1tv7vfu_opgl1xc,-0.6195339164092672,0.34988746228259915,0.6997749245651983
reddit_1tv7vfu_ophvt4q,0.16639412199896297,0.5415028172694736,0.9169943654610528
reddit_1tv7vfu_opiimgu,-0.008857432234159912,0.4977856564184699,0.9955713128369398
reddit_1tv99t4_opfvlzk,-0.6044426898116392,0.3533279353339396,0.7066558706678792
reddit_1tv99t4_opj87qw,-1.1295837301654434,0.24423793020968096,0.488475860419362
reddit_1tv99t4_opjqklu,-0.5188235548930792,0.37312736702298593,0.7462547340459719
reddit_1tv99t4_opkq9my,-0.9560719371137786,0.27766534738431575,0.5553306947686315
reddit_1tv99t4_opt7c80,-0.7680655379532388,0.3168977177338945,0.633795435467789
reddit_1tvaatt_opfrae8,-0.9812566814661848,0.2726425017658759,0.5452850035317518
reddit_1tvaatt_opgcqsc,-0.8532801369181567,0.29874522695048383,0.5974904539009677
reddit_1tvaatt_opi6aiz,-0.9410329684562149,0.28069173500022027,0.5613834700004405
reddit_1tvaatt_opj5q8n,-0.6900460945556063,0.33402281936321576,0.6680456387264315
reddit_1tvaatt_opl89eb,-0.7628964603346919,0.31801774391528037,0.6360354878305607
reddit_1tvaatt_oq86fhh,-0.9491704761978217,0.2790516765096291,0.5581033530192582
reddit_1tvc3um_oplw2g7,-1.0266902516804337,0.26372627087129646,0.5274525417425929
reddit_1tvll8k_ophnthh,-0.20033216091281186,0.4500837887184301,0.9001675774368602
reddit_1tvll8k_ophwbab,-1.0843172870992404,0.25268987994808134,0.5053797598961627
reddit_1tvll8k_opi1q4v,-0.9010715968423979,0.28883033368422784,0.5776606673684557
reddit_1tvll8k_opi30yr,-0.6194562045393182,0.3499051393145764,0.6998102786291528
reddit_1tvll8k_opicflf,-0.3808147031083431,0.4059304156199853,0.8118608312399705
reddit_1tvll8k_opik33y,-0.8661543714639854,0.2960551268711772,0.5921102537423544
reddit_1tvll8k_opiozzo,-0.8128539055506927,0.3072826793800816,0.6145653587601632
reddit_1tvll8k_opj3z63,-0.6145243791390441,0.35102781797579263,0.7020556359515853
reddit_1tvll8k_opjf0hz,-0.8783189113260945,0.2935262628631964,0.5870525257263928
reddit_1tvmfag_ophz7zx,-0.9814589668459262,0.2726023886868741,0.5452047773737482
reddit_1tvp4r1_opis8b9,-0.9763147339802436,0.2736236326858242,0.5472472653716484
reddit_1tvp4r1_opk3apc,-0.11464803495295967,0.47136934491482324,0.9427386898296465
reddit_1tvpt28_opirhe5,-0.40907957245548543,0.39913284293154394,0.7982656858630879
reddit_1tvr63e_opk1fxu,-0.2728173852733494,0.4322155622328926,0.8644311244657852
reddit_1tvr63e_opn1sx9,-0.34551781765127887,0.41446975894933863,0.8289395178986773
reddit_1tvro8z_opknelo,-0.5842942154322677,0.3579450944692548,0.7158901889385096
reddit_1tvsdbe_opjzmjf,-0.32330282173098224,0.4198710364467927,0.8397420728935854
reddit_1tvsdbe_oplsmr8,-0.9816692984477389,0.27256068395975,0.5451213679195
reddit_1tvsp9t_opjp30t,-0.5268131706236289,0.3712604715930763,0.7425209431861526
reddit_1tvsp9t_opk4hyd,-0.27805596784906833,0.4309304457380628,0.8618608914761255
reddit_1tvu9kc_opjkfdd,-1.0143569859452086,0.2661280477504322,0.5322560955008644
reddit_1tvu9kc_opky419,-0.9009560291770443,0.2888540727139695,0.577708145427939
reddit_1tvu9kc_opleaoj,-0.8381940698649877,0.30191527002513174,0.6038305400502635
reddit_1tvu9kc_opnf5xp,-0.930959399635555,0.28273011366322454,0.5654602273264491
reddit_1tvumlg_opjoyge,-0.4411482539356137,0.3914673973635432,0.7829347947270864
reddit_1tvumlg_opjyiw2,-1.295428054711841,0.21493547337000254,0.42987094674000503
reddit_1tvumlg_opk3jd9,-0.971208553900474,0.2746396773326191,0.5492793546652383
reddit_1tvyk2a_opmlwkz,-0.8757324605429542,0.2940628978126224,0.5881257956252448
reddit_1tvyk2a_opp7g6h,-0.6744190814507719,0.33750804184150535,0.6750160836830107
reddit_1tvyk2a_oppxc8e,-0.7121368469716559,0.3291268471656668,0.6582536943313336
reddit_1tvyk2a_opqcqvn,-1.059096760461307,0.25748210278071676,0.5149642055614335
reddit_1tvyk2a_opscwd7,-0.7354880092468565,0.323991578804039,0.647983157608078
reddit_1tvyk2a_opxkiht,-0.9062153078616377,0.2877749262273527,0.5755498524547054
reddit_1tvyk2a_oqdkcy4,-0.3858329897260872,0.40472082476668875,0.8094416495333775
reddit_1tvyw6x_oposdns,-0.5895592330226525,0.3567359931066027,0.7134719862132054
reddit_1tvyw6x_opsd4ze,-0.8082580764582756,0.30826181320986124,0.6165236264197225
reddit_1tvyw6x_opw2k8y,-0.7425475029791363,0.32244732636934814,0.6448946527386963
reddit_1tvywom_opklqr5,-1.0265644465608454,0.26375069977188975,0.5275013995437795
reddit_1tvywom_opkrf4h,-1.006543604354718,0.2676568175156093,0.5353136350312186
reddit_1tvywom_oplxneq,-1.109362047290454,0.24798984179452155,0.4959796835890431
reddit_1tvywom_opm3ctw,0.11407331588243785,0.5284874440705148,0.9430251118589703
reddit_1tvzs8j_opl3fqa,-0.6900661781811165,0.33401835174397176,0.6680367034879435
reddit_1tw0vcu_opky6he,-0.6497796156022786,0.343039202165198,0.686078404330396
reddit_1tw1yjv_opq90hg,-1.1142072712738624,0.24708735545188967,0.4941747109037793
reddit_1tw1yjv_oq9c9hq,-0.9963999312427709,0.26964982635327883,0.5392996527065577
reddit_1tw3aly_oplnpvf,-0.7052140380588008,0.3306572239551849,0.6613144479103698
reddit_1tw3aly_opmebns,-1.0191368599673973,0.2651955638438937,0.5303911276877874
reddit_1tw57mx_opmmljj,-0.8860265376538121,0.29193049066181437,0.5838609813236287
reddit_1tw67am_opnihy8,-1.0517715004295516,0.25888506923492344,0.5177701384698469
reddit_1tw67am_opp0tc1,-0.7777182985950937,0.3148118531712969,0.6296237063425938
reddit_1tw6zcr_opmnhnz,-0.9812200157719524,0.2726497729478071,0.5452995458956142
reddit_1tw6zcr_opnzbsm,-0.9161665500874931,0.2857396296104317,0.5714792592208634
reddit_1tw6zcr_opo4gz2,-0.27304922233531215,0.43215866909043393,0.8643173381808679
reddit_1tw6zcr_opokn6v,-0.8907105267916395,0.29096322141229264,0.5819264428245853
reddit_1tw739j_opn5yej,-0.4411044470341879,0.39147783312274875,0.7829556662454975
reddit_1tw81gp_opmkf0q,-0.49155867103111467,0.3795264533944276,0.7590529067888552
reddit_1tw81gp_opozbag,-0.9263938600060538,0.2836568944920991,0.5673137889841982
reddit_1twc1po_opucmp7,-0.7955517167516055,0.31097785300151787,0.6219557060030357
reddit_1twc57o_opnhuhz,-0.9010452859623432,0.2888357381629829,0.5776714763259658
reddit_1twc57o_oprl376,-0.9713357056622913,0.27461434780951377,0.5492286956190275
reddit_1twd1b6_oppjzlg,-1.0114466954820793,0.26669682558580154,0.5333936511716031
reddit_1twd1b6_opqcvuz,-1.074293518990828,0.2545874334158932,0.5091748668317864
reddit_1twd1b6_opr5r8v,-0.9791099453436046,0.2730684256521027,0.5461368513042054
reddit_1twd1b6_opsdppc,-0.5942925420644126,0.3556505530830948,0.7113011061661896
reddit_1twd1b6_opvlh0u,-0.07441595160847231,0.4814045926740203,0.9628091853480406
reddit_1twd1b6_oq0su2p,-0.5285879199300758,0.3708462934642553,0.7416925869285106
reddit_1twgtct_opogji5,-0.9661366984632435,0.2756512094827143,0.5513024189654286
reddit_1twgtct_opp2rdu,-0.44122503763091897,0.39144910605232297,0.7828982121046459
reddit_1twgtct_oppcncs,-0.732534548144118,0.32463878488284653,0.6492775697656931
reddit_1twgtct_oppkrkm,-1.077036531125922,0.254067235181074,0.508134470362148
reddit_1twgtct_oppt13l,-0.21565158974281023,0.44629507311170785,0.8925901462234157
reddit_1twgtct_opqvx2o,-0.25780348685467935,0.43590373623344786,0.8718074724668957
reddit_1twgtct_opthdhs,-0.6870327241204667,0.3346934832896618,0.6693869665793236
reddit_1two3nw_opq6x8j,-0.971208553900474,0.2746396773326191,0.5492793546652383
reddit_1two3nw_opqhxzu,-0.5016150434658063,0.3771612027205128,0.7543224054410256
reddit_1two3nw_opsa16w,-0.1752400399705859,0.4563017605108952,0.9126035210217904
reddit_1twq42a_opqixm4,-0.8333085740747991,0.3029459444142602,0.6058918888285204
reddit_1twq42a_opqproo,-0.9462738982014809,0.27963478817614595,0.5592695763522919
reddit_1twq42a_opqypuc,-1.0891818962837587,0.25177236395894675,0.5035447279178935
reddit_1twq42a_opr2rb9,-0.6599279877929404,0.34075578827754444,0.6815115765550889
reddit_1twq42a_opr32cc,-0.8381300451162971,0.30192876420850323,0.6038575284170065
reddit_1twq42a_oqbw8wp,-0.4915335748136919,0.3795323632232775,0.759064726446555
reddit_1twr00b_opvix1y,-0.2780676863164188,0.4309275720277105,0.861855144055421
reddit_1tws6al_opqlw30,-0.5642469686777893,0.3625653637251064,0.7251307274502128
reddit_1tws6al_opqnnmd,-0.48145709511789025,0.3819081125199744,0.7638162250399488
reddit_1tws6al_opqt2c6,-0.5441336804858027,0.3672265078592548,0.7344530157185096
reddit_1tws6al_opqtdcy,-0.7678372286925881,0.3169471427169557,0.6338942854339114
reddit_1tws6al_opquqs4,-1.0641975923650027,0.2565081068652363,0.5130162137304726
reddit_1tws6al_opquwlu,-0.9412353926771393,0.280650866578041,0.561301733156082
reddit_1tws6al_opr0kf7,-1.0841500619508533,0.2527214596671929,0.5054429193343858
reddit_1tws6al_optiqie,-0.6496822917791925,0.3430611357189505,0.686122271437901
reddit_1tx0770_opvme5k,-0.9816237271728099,0.2725697195319435,0.545139439063887
reddit_1tx0770_oq3uawa,-0.8855773955828403,0.2920233401829725,0.584046680365945
reddit_1tx0770_oqecl2d,-0.996634111773407,0.2696037096090878,0.5392074192181756
reddit_1tx0jmc_optdd4a,-0.8179035583291437,0.30620885739390036,0.6124177147878007
reddit_1tx0jmc_optkdlv,-0.8906537151768069,0.2909749419935731,0.5819498839871462
reddit_1tx0jmc_opukxsw,-0.269817952665522,0.43295178793551325,0.8659035758710265
reddit_1tx0jmc_oq11psy,-0.858418792706054,0.29766981100335294,0.5953396220067059
reddit_1tx0uiq_opsg7g6,-0.9408216043878419,0.280734412204849,0.561468824409698
reddit_1tx0uiq_opsh2dz,-1.0216983915344184,0.26469670650269644,0.5293934130053929
reddit_1tx0uiq_opsnk62,-1.0063764389071277,0.2676895859985418,0.5353791719970836
reddit_1tx0uiq_opssmic,-0.7727980786142247,0.3158741367197651,0.6317482734395302
reddit_1tx4xmh_opu7ilj,-0.6900689699375837,0.3340177307177753,0.6680354614355506
reddit_1tx4xmh_opuc9mc,-1.1722488343927582,0.23644873746126757,0.4728974749225352
reddit_1tx4xmh_opv4frg,-1.1193398561972003,0.24613375397811552,0.4922675079562311
reddit_1txekxo_opv939j,-0.7254745108730732,0.3261885993915826,0.6523771987831652
reddit_1txekxo_opvpa3p,-0.7252078684619273,0.32624720733554313,0.6524944146710863
reddit_1txekxo_opx0w7h,-0.6496962259056303,0.343057995389055,0.68611599077811
reddit_1txi7g6_opvxtyp,-1.0241423645472985,0.2642213038959918,0.5284426077919836
reddit_1txi7g6_opw8x4o,-0.5742736929194836,0.36025127847322774,0.7205025569464555
reddit_1txi7g6_opwp974,-0.7977974594664625,0.3104968606808439,0.6209937213616878
reddit_1txi7g6_opwrqme,-0.35357958614613366,0.41251465075017174,0.8250293015003435
reddit_1txi7g6_opxld1s,-0.9263554372436993,0.2836647018955797,0.5673294037911594
reddit_1txi7g6_opy1ltr,-1.0892545786057526,0.25175867208915553,0.5035173441783111
reddit_1txi7g6_opybsec,-0.6094030791262395,0.3521953756621458,0.7043907513242916
reddit_1txm3lk_opxazs6,-0.6094197129099934,0.35219158061062034,0.7043831612212407
reddit_1txm3lk_opxz1w5,-0.5441594891869349,0.36722051068095873,0.7344410213619175
reddit_1txme1m_opxckpr,-0.2930839890996911,0.42724902367590034,0.8544980473518007
reddit_1txme1m_opxhkea,-0.3788161961382659,0.40641244786205194,0.8128248957241039
reddit_1txme1m_oq0wlzl,-0.6194311747814717,0.34991083289334873,0.6998216657866975
reddit_1txnigx_opx7syx,-1.0267001170684056,0.2637243552667659,0.5274487105335318
reddit_1txnigx_opxk3qx,-0.8231555127321455,0.30509424297407073,0.6101884859481415
reddit_1txnigx_opxm697,-0.921094372984393,0.2847349607467733,0.5694699214935466
reddit_1txnigx_opxnpi8,-0.5996784096677665,0.3544172720199958,0.7088345440399916
reddit_1txnigx_opys1o0,-1.1672629018594987,0.23735008391658372,0.4747001678331675
reddit_1txnqc1_opxj9am,-0.43130343685239436,0.3938151258737241,0.7876302517474482
reddit_1txnqc1_opy2g1c,-0.6547441854178994,0.341921243746316,0.683842487492632
reddit_1txnqc1_opydi81,-1.104227336310546,0.24894865716436407,0.4978973143287282
reddit_1txnqc1_oq0hn26,-0.9764371540410315,0.2735993019151614,0.5471986038303228
reddit_1txopv4_opxewvj,-0.6347843410418922,0.346426495944757,0.692852991889514
reddit_1txopv4_opxm8wf,-1.2050381349347101,0.23058017307021292,0.4611603461404259
reddit_1txopv4_opyk3lr,-1.059174529591405,0.25746723476459615,0.5149344695291923
reddit_1txrgkr_oq0zyly,-0.24592187805205407,0.43882751710982953,0.8776550342196591
reddit_1txrk7b_oq6s4ab,-0.8101608049032483,0.3078562302066801,0.6157124604133603
reddit_1txrv9p_opydtom,-0.9985224102527666,0.26923203231128245,0.5384640646225649
reddit_1txrv9p_opykf67,-0.6196262097332922,0.3498664689593608,0.6997329379187216
reddit_1txrv9p_opypogo,-0.44608608524179105,0.3902917363048359,0.7805834726096718
reddit_1txrv9p_opz35l8,-1.2201767951884408,0.22790533940052204,0.4558106788010441
reddit_1txrv9p_oq1hpco,-0.787836912446281,0.3126333148621529,0.6252666297243058
reddit_1txrvp0_opyb7pa,-0.74961291038533,0.3209056515631441,0.6418113031262882
reddit_1txrvp0_opyfkug,-0.9410743790490229,0.2806833741165883,0.5613667482331766
reddit_1txrvp0_opygk91,-1.22233549197585,0.22752570854016552,0.45505141708033103
reddit_1txsm52_opzntg1,-1.054230097536427,0.25841363367381837,0.5168272673476367
reddit_1txsm52_opzqq1h,-1.1042772303670554,0.24893932842865035,0.4978786568573007
reddit_1txsm52_opzu7iw,-0.6446337500330411,0.34419982632617474,0.6883996526523495
reddit_1txsm52_oq0c63j,-0.7675768922260591,0.317003506074221,0.634007012148442
reddit_1txsm52_oq0g7r0,-0.39099925837710103,0.4034767727535304,0.8069535455070608
reddit_1txsm52_oq0tap9,-0.9011625823899407,0.28881164494110145,0.5776232898822029
reddit_1txsm52_oq1k93m,-0.2881153911476646,0.4284653129932098,0.8569306259864196
reddit_1txsumx_opy9cbu,-0.6496962259056301,0.34305799538905507,0.6861159907781101
reddit_1txsumx_opyjwk8,0.3075390165919534,0.5762844496196818,0.8474311007606363
reddit_1txsumx_opys90g,-0.6498257319003848,0.3430288093189366,0.6860576186378732
reddit_1txsumx_oq19biw,-0.6297324489409928,0.347571206672429,0.695142413344858
reddit_1txtwqc_oq3cwe9,-0.7274233090099724,0.3257604190046036,0.6515208380092072
reddit_1txtwqc_oq45ead,-1.109632276024463,0.24793945003207646,0.4958789000641529
reddit_1txvz2c_opzweh8,-0.7930187975848833,0.3115208428631007,0.6230416857262014
reddit_1txvz2c_oq0e3nz,-1.0542140403828957,0.2584167108148725,0.516833421629745
reddit_1txvz2c_oq0e8fv,-0.2929875848293814,0.42727261466959443,0.8545452293391889
reddit_1txvz2c_oq0zwhs,-0.7323498900193512,0.32467927220035664,0.6493585444007133
reddit_1txvz2c_oq69bjc,-0.9012107476842064,0.28880175191540175,0.5776035038308035
reddit_1ty27wv_oq0gqcf,0.24706229987697115,0.5614533011840614,0.8770933976318771
reddit_1ty956s_oq25tiz,-1.109378678745796,0.24798674019277628,0.49597348038555256
reddit_1ty956s_oq3i69o,-0.9834100315352515,0.2722156831242025,0.544431366248405
reddit_1tycvfj_oqgqyhc,-0.6901914010668226,0.33399049648047024,0.6679809929609405
reddit_1tyet91_oq2w3bk,-0.48145820022740116,0.38190785165414964,0.7638157033082993
reddit_1tyet91_oq41f9h,-0.7152960638281511,0.3284296615485114,0.6568593230970228
reddit_1tyet91_oq516sz,-1.0491811368679274,0.259382376015152,0.518764752030304
reddit_1tyjfbd_oq3ozq6,-0.6198618738541884,0.3498128667133553,0.6996257334267106
reddit_1tyk2vf_oq3vh7t,-0.9362190208202443,0.2816647150631638,0.5633294301263276
reddit_1tyk2vf_oqc32ou,-0.9942515589745933,0.2700731335269192,0.5401462670538384
reddit_1tymfag_oq6guvp,-1.0942231765577795,0.25082386120289024,0.5016477224057805
reddit_1tyojpm_oqa0qxm,-0.9410412285907324,0.28069006724999246,0.5613801344999849
reddit_1tytmjd_oqaixqi,-0.2526070376830592,0.437181922646088,0.874363845292176
reddit_1tyu1q6_oq6yvyb,-1.036718302897894,0.26178369573332433,0.5235673914666487
reddit_1tyu1q6_oq9bfsc,-0.3232989253477276,0.4198719855255864,0.8397439710511728
reddit_1tyu1q6_oqc9or9,-0.9510800033382718,0.2786676764580624,0.5573353529161248
reddit_1tz4l7k_oq8k6qg,-0.732233184634042,0.32470486185507996,0.6494097237101599
reddit_1tz4l7k_oq9ovum,-0.9890763730645908,0.27109454986092085,0.5421890997218417
reddit_1tz4l7k_oq9s7ca,-0.8283068485408118,0.30400319712567336,0.6080063942513467
reddit_1tz4l7k_oqa0hhl,-0.022160502286249883,0.4944601011413389,0.9889202022826779
reddit_1tzb8pt_oqfx5xw,-0.15003856985628733,0.4625605662421334,0.9251211324842668
reddit_1tzcqta_oqv2ivt,-0.9410634077798503,0.2806855892235516,0.5613711784471032
reddit_1tzdiak_oqa5sxo,-1.0892971675866059,0.2517506494217638,0.5035012988435276
reddit_1tzdiak_oqb120e,-1.25254096527886,0.22226059551476196,0.4445211910295239
reddit_1tzdiak_oqbc597,-0.8230423025153184,0.30511824539938714,0.6102364907987743
reddit_1tzdiak_oqc3v51,-0.9711863232142651,0.27464410599038375,0.5492882119807675
reddit_1tzdiak_oqdeh3v,-1.0064075996770434,0.26768347753871585,0.5353669550774317
reddit_1tzdiak_oqe6l4g,-1.006551416090954,0.26765528628805557,0.5353105725761111
reddit_1tzdiak_oqel1wq,-0.3030824363975082,0.42480412945501045,0.8496082589100209
reddit_1tzdiak_oqhw8la,-1.60362572102939,0.1674754801889627,0.3349509603779254
reddit_1tzdiak_oqir5dc,-0.9715004438012975,0.27458153297525767,0.5491630659505153
reddit_1tzfhxv_oqadx03,-0.32354771827945417,0.41981138587573424,0.8396227717514685
reddit_1tzfhxv_oqcr8b0,-0.6349254502693704,0.34639454736617903,0.6927890947323581
reddit_1tzgcp8_oqajozd,-0.3586097198145842,0.4112961551824099,0.8225923103648198
reddit_1tzgcp8_oqb77ur,-0.36343322885859564,0.4101287328465366,0.8202574656930732
reddit_1tzgcp8_oqbku4u,-0.4665853826537698,0.38542475550155686,0.7708495110031137
reddit_1tzgcp8_oqbmr84,-1.1092160077989035,0.24801707783017038,0.4960341556603407
reddit_1tzhbpv_oqay57u,-0.298252369472904,0.42598476147576125,0.8519695229515225
reddit_1tzjirf_oqbqwvw,-0.9610876827885879,0.2766604755193039,0.5533209510386078
reddit_1tzjirf_oqdwoso,-1.0673449452879429,0.25590832998224083,0.5118166599644817
reddit_1tzjirf_oqgmcra,-0.49677544358709946,0.378298750217451,0.756597500434902
reddit_1tzmjlz_oqca42o,-0.9281780786536993,0.2832944889910569,0.5665889779821138
reddit_1tzmjlz_oqdci69,-0.9512640800088299,0.2786306763454572,0.5572613526909144
reddit_1tzmjlz_oqdeovc,-1.2222129943391375,0.22754723916907055,0.4550944783381411
reddit_1tzmjlz_oqdr769,-0.9611564645748308,0.2766467111570522,0.5532934223141044
reddit_1tzmjlz_oqfhg0e,-0.9160428440270989,0.2857648777579586,0.5715297555159172
reddit_1tznn66_oqc8256,-0.6044346025795039,0.35332978316601055,0.7066595663320211
reddit_1tzoxl1_oqcdibh,-1.230221964430119,0.22614257912506364,0.4522851582501273
reddit_1tzoxl1_oqdj594,-0.6095046019095891,0.3521722132016312,0.7043444264032624
reddit_1tzrws1_oqdmoph,-1.436268767813361,0.1921238163347368,0.3842476326694736
reddit_1tzrws1_oqdn7da,-0.856147550633761,0.298144860637367,0.596289721274734
reddit_1tzrws1_oqfg5oq,-1.2474557907809196,0.223140864318249,0.44628172863649795
reddit_1tzrws1_or0s6af,-1.1015395028147539,0.24945154909743494,0.4989030981948699
reddit_1tzs7nk_oqdq15t,-0.5743586441291629,0.36023169997533083,0.7204633999506617
reddit_1tzs7nk_oqdwasa,-0.6196262097332922,0.3498664689593608,0.6997329379187216
reddit_1tzs7nk_oqe6hi1,-0.2225935712470944,0.44458024613780306,0.8891604922756061
reddit_1tzs7nk_oqeg4nb,-0.861132994601435,0.29710268497811737,0.5942053699562347
reddit_1tzs7nk_oqfgh13,-0.9715004438012975,0.27458153297525767,0.5491630659505153
reddit_1tztcf9_oqdauw0,-0.7475184714577402,0.32136225372094757,0.6427245074418951
reddit_1tztcf9_oqddunx,0.6157567708584833,0.6492528782716424,0.7014942434567153
reddit_1tztcf9_oqdvqzo,-0.7808739446122717,0.31413156156077016,0.6282631231215403
reddit_1tztcf9_oqdysgf,-0.14517897636664678,0.46376887032937836,0.9275377406587567
reddit_1tztcf9_oqfz6s0,-0.39398969606286827,0.4027572326718381,0.8055144653436762
reddit_1tzwh8s_oqfd2ml,-1.054011769784743,0.2584554753436401,0.5169109506872802
reddit_1tzwh8s_oqfe6nv,-0.5946111251235521,0.3555775489158345,0.711155097831669
reddit_1tzwh8s_oqfs66e,-0.782656787748202,0.3137475701414146,0.6274951402828292
reddit_1tzwh8s_oqfvgpw,-0.01373457904348363,0.4965664092146236,0.9931328184292472
reddit_1tzwh8s_oqg20gy,-0.5490216451254682,0.3660914245715248,0.7321828491430497
reddit_1tzwh8s_oqg971z,-0.9865459619234733,0.27159485443134973,0.5431897088626995
reddit_1tzwh8s_oqjd30e,-0.9511424958085807,0.2786551148952116,0.5573102297904232
reddit_1u008ep_oqrewbg,-0.12482146275898354,0.4688350872843824,0.9376701745687648
reddit_1u03hbz_oqylf7r,-0.44124486732534907,0.39144438229805406,0.7828887645961081
reddit_1u05n1d_oqg7dej,-0.6017144088567271,0.3539515620630912,0.7079031241261824
reddit_1u05n1d_oqi1uo1,-1.1696559740667734,0.23691717420709843,0.4738343484141969
reddit_1u06twk_oqh1fti,-0.9511897047555452,0.27864562569191814,0.5572912513838363
reddit_1u06twk_oqh4lm0,-0.7657080377739243,0.31740827432907176,0.6348165486581435
reddit_1u08bq4_oqh98ow,-0.8957936106963282,0.2899156780997853,0.5798313561995706
reddit_1u08bq4_oqhayw3,-0.8886204941554255,0.29139459102756077,0.5827891820551215
reddit_1u08bq4_oqi7hgj,-0.614678914071277,0.3509926146023288,0.7019852292046576
reddit_1u08bq4_oqih6rb,-0.40131369977211745,0.4009967503609118,0.8019935007218236
reddit_1u08bq4_oqjx3ar,-1.0541378937637056,0.2584313036321418,0.5168626072642836
reddit_1u08yl1_oqgf8jy,-0.08945316371822243,0.477651609490207,0.955303218980414
reddit_1u09w82_oqgpaay,-1.1424829869046258,0.24186477333793763,0.4837295466758753
reddit_1u09w82_oqizse3,-0.7223234368013938,0.326881551643416,0.653763103286832
reddit_1u0d0s5_oqiefjn,-0.5894309539837264,0.35676543053444665,0.7135308610688933
reddit_1u0ffqm_oqjwix2,-0.6398877033694635,0.3452719246415846,0.6905438492831693
reddit_1u0gjyt_oqi2kut,-0.8230000347180322,0.30512720713815367,0.6102544142763073
reddit_1u0gjyt_oqi3roe,-1.2150128242544362,0.22881529148307372,0.45763058296614745
reddit_1u0gjyt_oqigk6s,-0.9863536220216913,0.27163290691525177,0.5432658138305035
reddit_1u0gjyt_oqj0n27,0.06874005296873908,0.5171782495600866,0.9656435008798268
reddit_1u0gjyt_oqjg8oj,-1.0540844224115484,0.25844155125852863,0.5168831025170573
reddit_1u0gjyt_oqk6rng,-0.6446348583607023,0.34419957614750923,0.6883991522950185
reddit_1u0gyo8_oqigqqd,-0.5942122962014954,0.35566894269781607,0.7113378853956321
reddit_1u0gyo8_oqmycyf,-0.6923642819432284,0.3335073334989089,0.6670146669978178
reddit_1u0l8qh_oqj0m6j,-0.8558097709373975,0.2982155473786875,0.596431094757375
reddit_1u0l8qh_oqj3g9r,-1.0995893278195612,0.24981684990987468,0.49963369981974937
reddit_1u0l8qh_oqj7zeh,-1.006493339254534,0.26766667042700343,0.5353333408540069
reddit_1u0l8qh_oqjl7hi,-0.6044925255507746,0.35331654858342354,0.7066330971668471
reddit_1u0l8qh_oqjpkg5,-0.6143993404485665,0.35105630323145426,0.7021126064629085
reddit_1u0l8qh_oqjt173,-0.961078236847473,0.27666236583989673,0.5533247316797935
reddit_1u0l8qh_oqjwmae,-0.9105682680301601,0.28688356610856325,0.5737671322171265
reddit_1u0l8qh_oqkh0kr,-1.001476349863665,0.26865125240525883,0.5373025048105177
reddit_1u0l8qh_oqkhpjw,-1.154753882448182,0.2396218385462244,0.47924367709244886
reddit_1u0l8qh_oqkx4ad,-0.5542272387216279,0.3648842145486371,0.7297684290972742
reddit_1u0l8qh_oql4yxf,-0.30827070607682594,0.42353689592218613,0.8470737918443723
reddit_1u0l8qh_oqn9vy6,-0.7001476468332304,0.33177949344113844,0.6635589868822769
reddit_1u0l8qh_oqncysl,-0.8806012178860236,0.2930532072828472,0.5861064145656943
reddit_1u0l8qh_oqotlq2,-0.7679108272095558,0.3169312094671403,0.6338624189342806
reddit_1u0n3rj_oqkcp9a,-0.6874507073133393,0.33460041583423805,0.6692008316684761
reddit_1u0oc51_oql9wo4,-0.926011050934161,0.28373468607598545,0.5674693721519709
reddit_1u0oc51_oqlcsuw,-0.3786677064789148,0.40644827020866675,0.8128965404173335
reddit_1u0oc51_oqlgwrv,-0.9813161289895137,0.27263071297199254,0.5452614259439851
reddit_1u0oc51_oqmacus,-0.45130149886747806,0.38905136762978926,0.7781027352595785
reddit_1u0qe3k_oqkabr9,-0.9260524434520243,0.28372627397828,0.56745254795656
reddit_1u0qe3k_oqmhrye,-0.8855416888955658,0.2920307224421691,0.5840614448843382
reddit_1u0trnc_oqnqs6s,-1.006493339254534,0.26766667042700343,0.5353333408540069
reddit_1u0uj6d_oqu330j,-0.2476793443583591,0.4383947737348829,0.8767895474697658
reddit_1u0y1yy_oqnrjsm,-0.45631182297455253,0.3878611258155479,0.7757222516310958
reddit_1u0y1yy_oqociw1,0.02832771482870311,0.5070814551651376,0.9858370896697248
reddit_1u0y79a_oqnwqwe,-0.8229999830272416,0.3051272180978727,0.6102544361957454
reddit_1u0y79a_oqo0he3,-0.4109547155420238,0.398683220383039,0.797366440766078
reddit_1u0y79a_oqqy4my,-0.9113517886479215,0.28672329914468736,0.5734465982893747
reddit_1u0y79a_oqrl1ik,-0.30336581578028965,0.4247348884309838,0.8494697768619676
reddit_1u0y79a_oqtgzr8,-1.0542525920252723,0.2584093229427593,0.5168186458855186
reddit_1u0y79a_oqu7bpv,-0.35353614831058633,0.41252517778949316,0.8250503555789863
reddit_1u12ug8_oqmmm80,-1.1393909229426147,0.2424322058273682,0.4848644116547365
reddit_1u12ug8_oqmnjbn,-0.7979704487617058,0.31045982686583273,0.6209196537316655
reddit_1u12ug8_oqn7pw7,-1.1071040312042968,0.2484111807828242,0.4968223615656484
reddit_1u12ug8_oqnrtpe,-1.099151194952348,0.24989896868575293,0.4997979373715058
reddit_1u12ug8_oqo0blq,-0.9360864291658493,0.2816915430698808,0.5633830861397616
reddit_1u12ug8_oqppwcu,-0.664842943717141,0.3396525519824861,0.6793051039649722
reddit_1u16m18_oqnlc9p,-1.0440018072162123,0.2603785808842818,0.5207571617685636
reddit_1u16m18_oqnn53c,-0.7152977386350899,0.32842929214713806,0.6568585842942761
reddit_1u16m18_oqpzrds,-0.3233962491708142,0.41984827962218074,0.8396965592443615
reddit_1u185il_oqrqen9,-0.6749294619074133,0.3373939320932904,0.6747878641865808
reddit_1u185il_or1w7ex,-0.8555875553940353,0.29826205540716744,0.5965241108143349
reddit_1u18ir0_oqoljvk,-0.3402374314448921,0.41575180328107386,0.8315036065621477
reddit_1u18ir0_oqop1fg,-0.4008484337852863,0.4011085116323384,0.8022170232646768
reddit_1u18ir0_oqowd5r,-0.996506396561089,0.26962885971572575,0.5392577194314515
reddit_1u18ir0_oqp6iby,-0.7424436179909641,0.32247002306575595,0.6449400461315119
reddit_1u18ir0_oqpf8cf,-0.9913037163482417,0.2706546461837516,0.5413092923675032
reddit_1u1apqh_oqrseyf,-0.41623029362703345,0.39741915872324385,0.7948383174464877
reddit_1u1baux_oqp71m2,-1.1017359577060313,0.24941476954780667,0.49882953909561334
reddit_1u1c4u6_oqosjtk,-0.8704459634575529,0.29516151475666824,0.5903230295133365
reddit_1u1c4u6_oqouolr,-1.069086733835991,0.255576800937123,0.511153601874246
reddit_1u1c4u6_oqpjtnr,-0.8606037034909637,0.2972132301280386,0.5944264602560771
reddit_1u1c4u6_oqpzqip,-0.16517522712403032,0.4587998221948592,0.9175996443897184
reddit_1u1c4u6_oqqv8v8,-1.2975746970612851,0.21457347442789937,0.42914694885579874
reddit_1u1fnvf_oqplghv,-0.9815326565245376,0.27258777698130504,0.5451755539626101
reddit_1u1fnvf_oqpm1vc,-0.7273276126893027,0.3257814381493297,0.6515628762986594
reddit_1u1fnvf_oqpr4a9,-0.9209947743928768,0.28475524552671333,0.5695104910534267
reddit_1u1fnvf_oqr4j6a,-0.6599744286929745,0.340745355811423,0.681490711622846
reddit_1u1fnvf_oqr54cm,-0.6952416176199129,0.3328680654580241,0.6657361309160482
reddit_1u1fnvf_oqrhwed,-0.8405760278680571,0.301413479741735,0.60282695948347
reddit_1u1ijaj_oqr7v79,-1.1672021895304767,0.23736107393537634,0.4747221478707526
reddit_1u1k8nd_oqqd7z9,-0.7102664865360662,0.32953995908226347,0.6590799181645269
reddit_1u1k8nd_oqrrizs,-0.6749389595393187,0.33739180881294556,0.6747836176258911
reddit_1u1k8nd_oqtkb8g,-0.8610756542140089,0.29711465966418316,0.5942293193283663
reddit_1u1k8nd_oqts8q6,-0.9360000414396559,0.281709023214515,0.56341804642903
reddit_1u1ngzk_oqr6529,-0.6448791926100194,0.3441444255987687,0.6882888511975374
reddit_1u1ngzk_oqr6q3k,-0.629625979921801,0.34759535056066443,0.6951907011213289
reddit_1u1nsuy_oqr9qkb,-0.9005012527347157,0.28894750067688174,0.5778950013537635
reddit_1u1nsuy_oqrhiqe,-0.2677872338587662,0.43345040633503723,0.8669008126700745
reddit_1u1nsuy_oqrxs6i,-1.069100868716983,0.2555741116821242,0.5111482233642484
reddit_1u1nsuy_oqsepu7,-0.9460680650762696,0.27967625291138065,0.5593525058227613
reddit_1u1z88l_oqtf2w3,-0.6245025143612938,0.3487581187007875,0.697516237401575
reddit_1u1z88l_oqtmg09,-0.12486660934612764,0.46882384450212006,0.9376476890042401
reddit_1u1z88l_oqtp3fq,-0.7456445971351967,0.3217710609917726,0.6435421219835452
reddit_1u1z88l_oqtq2dv,-0.7073916200471155,0.33017545277133065,0.6603509055426613
reddit_1u1z88l_oqtvcd2,-0.614678914071277,0.3509926146023288,0.7019852292046576
reddit_1u1z88l_oqtzdzz,-0.986236309004758,0.27165611773805787,0.5433122354761157
reddit_1u1z88l_oqu3wg4,-0.9262239397837275,0.28369142281315574,0.5673828456263115
reddit_1u1z88l_oqu64vx,-0.5844455100160524,0.3579103246342588,0.7158206492685176
reddit_1u1z88l_oquujwf,-0.34852881099476185,0.41373922598761537,0.8274784519752307
reddit_1u20knn_oqv52mg,-0.9712396631732986,0.27463348001305665,0.5492669600261133
reddit_1u20knn_oqx44iq,-0.7001927579946713,0.331769492288584,0.663538984577168
reddit_1u20knn_or139c1,-0.29305890398141565,0.4272551621985517,0.8545103243971034
reddit_1u21326_oqui9sx,-0.5643304642731772,0.36254606713582427,0.7250921342716485
reddit_1u21326_oqwam70,-1.094689375326321,0.25073626738565635,0.5014725347713127
reddit_1u21326_oqwenzk,-0.6295694383276298,0.34760817276807,0.69521634553614
reddit_1u21326_oqyygm3,-0.8230190183826286,0.30512318214925377,0.6102463642985075
reddit_1u2194a_oqtybmh,-0.9892197246416881,0.2710662241898353,0.5421324483796706
reddit_1u2194a_oqtyugp,-0.9314161887900787,0.28263748885068424,0.5652749777013685
reddit_1u2194a_oqu4835,-1.0691452511706236,0.2555656677462878,0.5111313354925756
reddit_1u2194a_oqu78ba,-1.192133846946057,0.23287751618518432,0.46575503237036864
reddit_1u2194a_oqwf5b0,-0.6749712249360214,0.3373845956446449,0.6747691912892898
reddit_1u21p80_oqu3p8l,-0.8710739004186869,0.29503089480628114,0.5900617896125623
reddit_1u22dnh_oqu3rkv,-0.25769683038438623,0.43592996235019904,0.8718599247003981
reddit_1u22dnh_oqwezw2,-0.6398027521597841,0.34529112889842756,0.6905822577968551
reddit_1u22dnh_oqxqzqy,-1.0720119361327467,0.25502065787868394,0.5100413157573679
reddit_1u22gzn_oquefor,-0.7223945524785887,0.32686590425340933,0.6537318085068187
reddit_1u22gzn_oqumb02,-1.014372174857461,0.266125081307019,0.532250162614038
reddit_1u22gzn_oqv6pem,-1.0268776695473123,0.263689880670084,0.527379761340168
reddit_1u22gzn_oqv9xp1,-0.6700277158031441,0.33849063479282987,0.6769812695856597
reddit_1u22gzn_oqxdp64,-1.1648832687765733,0.2377811024381241,0.47556220487624823
reddit_1u237rb_oquyzks,-0.936152171462228,0.2816782408713524,0.5633564817427048
reddit_1u237rb_oqv5hf6,-1.1471216277763836,0.24101522213909946,0.48203044427819886
reddit_1u237rb_oqv96uw,-0.7729806780726677,0.31583467872963455,0.6316693574592691
reddit_1u237rb_oqvo47u,-0.6951175116837349,0.3328956258522092,0.6657912517044184
reddit_1u2391z_oqvahem,-0.3081371202548753,0.4235695116870691,0.8471390233741382
reddit_1u2391z_oqvfhql,-1.1094661273006063,0.24797043233093366,0.49594086466186726
reddit_1u23s25_oqvxgpp,-0.9963649770356494,0.26965671024822335,0.5393134204964467
reddit_1u23s25_oqwd90w,-0.6042409305147208,0.3533740361361207,0.7067480722722413
reddit_1u23s25_oqy10l0,-1.3484204733328564,0.20612872505397148,0.412257450107943
reddit_1u24ryn_oqurh7c,-0.2124754059878876,0.44708009148626715,0.8941601829725343
reddit_1u24ryn_oqx61o4,-0.6395623329049127,0.3453454813383746,0.6906909626767492
reddit_1u24ryn_oqy7p2u,-1.129404546189412,0.24427100653648054,0.4885420130729611
reddit_1u24ryn_or0d726,-0.8611019650940632,0.2971091649940836,0.5942183299881671
reddit_1u26v2r_oqwnug1,-0.6499294091631094,0.3430054449865729,0.6860108899731459
reddit_1u26v2r_or1fm4d,-1.1521740341463067,0.24009221090121016,0.48018442180242027
reddit_1u276eu_oqv88kg,-0.9913147604825592,0.2706524660693327,0.5413049321386654
reddit_1u276eu_oqveel8,-1.0436910211327957,0.2604384370149342,0.5208768740298684
reddit_1u276eu_oqvv3pd,-0.6345595022614148,0.346477404615077,0.692954809230154
reddit_1u28e60_oqvitz7,-1.0040462576970615,0.26814662298110387,0.5362932459622077
reddit_1u28e60_oqvksow,-0.5743150854373471,0.36024173878261606,0.7204834775652321
reddit_1u28e60_oqvnua7,-0.9460299000790898,0.2796839415989076,0.5593678831978152
reddit_1u28e60_oqw7kwm,-0.42111279686444614,0.39625049830723663,0.7925009966144733
reddit_1u28e60_oqwj67f,-0.5540593536104146,0.36492312175207836,0.7298462435041567
reddit_1u28e60_oqx2hwo,-0.8961193033330146,0.28984863411061446,0.5796972682212289
reddit_1u29zb9_oqw9qey,-0.9212719458700824,0.2846987974643382,0.5693975949286764
reddit_1u29zb9_oqxhccx,-0.9160976428080326,0.2857536932765613,0.5715073865531226
reddit_1u2almy_oqw1wt3,-0.9768877688103903,0.2735097546455492,0.5470195092910984
reddit_1u2almy_oqxyac4,-0.38579022378273,0.4047311280600909,0.8094622561201817
reddit_1u2bp73_oqxilvu,-0.45812883186026765,0.387429810714085,0.77485962142817
reddit_1u2bp73_oqy7qrk,-0.9259834458812343,0.28374029626544706,0.5674805925308941
reddit_1u2ek28_oqwulr4,-0.2780626663366505,0.43092880307275444,0.8618576061455089
reddit_1u2ek28_oqww40l,-0.6295799815803619,0.347605781807523,0.695211563615046
reddit_1u2ek28_oqx054h,-0.5067399236028898,0.3759580739433291,0.7519161478866582
reddit_1u2ek28_oqx9rpk,-1.069033705381742,0.25558689011840624,0.5111737802368125
reddit_1u2ek28_oqxcs7i,-0.9059645967363051,0.2878263148434594,0.5756526296869188
reddit_1u2ek28_oqxjcoy,-0.8706642136859268,0.2951161117483255,0.590232223496651
reddit_1u2ek28_oqxnkii,-0.6246424343919502,0.3487263399113756,0.6974526798227512
reddit_1u2ek28_oqxz5cg,-0.6094808869310515,0.3521776237205136,0.7043552474410272
reddit_1u2ek28_oqzmgb8,-0.9715337186218241,0.27457490512944344,0.5491498102588869
reddit_1u2ek28_or0xxc8,-1.0694554245454946,0.2555066611598365,0.511013322319673
reddit_1u2ekz6_or0gyu6,-0.3383689010002514,0.41620574484165845,0.8324114896833169
reddit_1u2eldl_or2wf09,-0.8179854575519937,0.30619145859022356,0.6123829171804471
reddit_1u2ipxp_oqxt08z,-0.9009560291770443,0.2888540727139695,0.577708145427939
reddit_1u2ipxp_oqyljt4,-0.974248840600592,0.27403442869277,0.54806885738554
reddit_1u2nrer_oqzi158,-0.6496739288429481,0.34306302047797865,0.6861260409559573
reddit_1u2nrer_oqzu964,-1.0793230039707766,0.253634153253715,0.50726830650743
reddit_1u2pvqp_or0stbb,-0.2881070208131473,0.4284673627452948,0.8569347254905896
reddit_1u2pvqp_or13k7z,-0.8904797261186652,0.29101083872495065,0.5820216774499013
reddit_1u2xqsq_or1lavs,-1.099474768443409,0.24983831991360497,0.4996766398272099
reddit_1u31653_or1p4j4,-0.6499629926790121,0.3429978768901661,0.6859957537803322
reddit_1u31653_or1r4q3,-0.616798379063316,0.35050995987207906,0.7010199197441581
reddit_1u31653_or4boss,-1.1547989309027884,0.23961363066932947,0.479227261338659
reddit_1u33tv7_or2asyp,-0.9661777556550043,0.275643011766455,0.55128602353291
twitter_2059072190193307746,-0.6396281091460725,0.34533061066682424,0.6906612213336485
twitter_2059082439784644839,-0.9110815594109285,0.2867785677348308,0.5735571354696616
twitter_2059088675850555576,-0.9661366984632435,0.2756512094827143,0.5513024189654286
twitter_2059101549196955978,-0.4109015850316397,0.3986959576897352,0.7973919153794704
twitter_2059112774249132253,-1.0239989091128792,0.26424919378168804,0.5284983875633761
twitter_2059160026942779727,-0.33349947477433234,0.41738939145737286,0.8347787829147457
twitter_2059171286371422679,-1.196109853492265,0.23216797472012496,0.4643359494402499
twitter_2059202173586579666,-0.8860711757673041,0.29192126373344934,0.5838425274668987
twitter_2059205747033182344,-1.1444238624127916,0.24150906068876882,0.48301812137753763
twitter_2059238678199926908,-0.9861610609892087,0.2716710064963596,0.5433420129927192
twitter_2059249692026794085,-0.941239840770886,0.2806499685712514,0.5612999371425028
twitter_2059253236326940829,-1.1495758626949715,0.2405665619886329,0.4811331239772658
twitter_2059256766966137229,-1.0190634291165817,0.26520987333116625,0.5304197466623325
twitter_2059280505091277105,-0.5542272387216279,0.3648842145486371,0.7297684290972742
twitter_2059295274959356271,-0.6446276190209725,0.3442012102582022,0.6884024205164044
twitter_2059296457694298555,-1.0619170808637457,0.25694326853651306,0.5138865370730261
twitter_2059301074125644151,-1.1096179562155593,0.24794212019174283,0.49588424038348566
twitter_2059320239112773673,-1.0013801775848008,0.2686701485393062,0.5373402970786124
twitter_2059325530365956319,-0.7152943882803415,0.32843003111350627,0.6568600622270125
twitter_2059337884260581864,-0.1550430760475952,0.4613166902226886,0.9226333804453772
twitter_2059348921151828158,-1.1222125603564481,0.24560110699603482,0.49120221399206965
twitter_2059355394955497975,-0.7253814392113791,0.32620905590550875,0.6524181118110175
twitter_2059358408160182748,-0.7253992886907985,0.3262051326608676,0.6524102653217352
twitter_2059358541409079421,-1.0467184958208677,0.25985573739318935,0.5197114747863787
twitter_2059359537673744708,-1.0871810258695171,0.25214948118914143,0.5042989623782829
twitter_2059370022644953565,-1.059532258225313,0.25739885090447195,0.5147977018089439
twitter_2059370125636276307,-0.9761881814390472,0.2736487861973111,0.5472975723946222
twitter_2059377633813504387,-0.8051438521023571,0.3089262756351739,0.6178525512703478
twitter_2059379114868625494,-1.0591432532439673,0.2574732141550551,0.5149464283101102
twitter_2059380780904665388,-0.9737366850200836,0.27413632848949493,0.5482726569789899
twitter_2059382154191106217,-0.3737258212030568,0.4076410395285614,0.8152820790571228
twitter_2059383299424899104,-0.11974172328625443,0.4701002860191175,0.940200572038235
twitter_2059383687771525628,-0.9560962965710771,0.2776604617001421,0.5553209234002842
twitter_2059384203444392213,-1.1295852771679804,0.24423764465514927,0.4884752893102986
twitter_2059388503075533204,-1.039456587508656,0.2612548593308676,0.5225097186617352
twitter_2059393540883718360,-1.0164963202331014,0.2657104365021452,0.5314208730042904
twitter_2059403706647581054,-1.0266001376386877,0.26374376911311764,0.5274875382262353
twitter_2059404130087801256,-0.7878720212902415,0.3126257702415143,0.6252515404830286
twitter_2059406900933087367,-0.5842792913512165,0.35794852433485985,0.7158970486697197
twitter_2059414276478005375,-0.31320016704848636,0.42233380720345315,0.8446676144069063
twitter_2059415623524831503,-0.5641874323407626,0.3625791233829862,0.7251582467659724
twitter_2059419372054254032,-0.8511326540477265,0.29919531148029854,0.5983906229605971
twitter_2059425955051901050,-1.0720431279365354,0.25501473194532037,0.5100294638906407
twitter_2059433754033074233,-0.891035105213073,0.29089626425084275,0.5817925285016855
twitter_2059436637080142301,-1.277760767014351,0.2179316316414994,0.43586326328299885
twitter_2059442958579999162,-1.130013178402453,0.24415866888591164,0.4883173377718233
twitter_2059443049650942305,-0.7073916200471155,0.33017545277133065,0.6603509055426613
twitter_2059446702692560958,-0.7222773251660466,0.32689169766766396,0.6537833953353279
twitter_2059465649630699930,-0.29003615090519314,0.42799501675138113,0.8559900335027623
twitter_2059466511803400306,-0.9464466522876176,0.27959999006064573,0.5591999801212915
twitter_2059469777953865959,-1.0241861341303307,0.2642127948089175,0.528425589617835
twitter_2059472183483613589,-0.9310047369614077,0.28272091962535895,0.5654418392507179
twitter_2059473090141151457,-0.993395634646484,0.27024189820450867,0.5404837964090173
twitter_2059477959849738309,-0.9862812764593603,0.27164722061060315,0.5432944412212063
twitter_2059480677394116901,-1.1572123517415003,0.23917418432496199,0.4783483686499239
twitter_2059482224035004749,-0.5824090286853177,0.35837846477693697,0.7167569295538739
twitter_2059491408978039239,-0.9460996902065029,0.27966988183779234,0.5593397636755847
twitter_2059499684482392456,0.24201933670887033,0.5602112228878202,0.8795775542243596
twitter_2059500635372798443,0.028353385909494544,0.5070878716468409,0.9858242567063182
twitter_2059508542248280177,-0.9913247982257427,0.27065048462631397,0.5413009692526279
twitter_2059511132939755607,-1.0793175753679445,0.2536351809106119,0.5072703618212238
twitter_2059527883165708722,-1.1024412268510935,0.24928276153240125,0.4985655230648025
twitter_2059533616204460109,-0.8385049198351362,0.30184975856139856,0.6036995171227971
twitter_2059542444966842463,-0.8812919777131447,0.29291012093988317,0.5858202418797663
twitter_2059550593715216814,-0.9862413068521259,0.271655128869747,0.543310257739494
twitter_2059552562357965120,-0.6800514839115565,0.3362498120168812,0.6724996240337624
twitter_2059570700814602666,-1.094149181139621,0.2508377660309173,0.5016755320618346
twitter_2059581033901683037,-0.32762053357160514,0.4188196963760259,0.8376393927520518
twitter_2059618631143543105,-1.112381919442106,0.24742709188098475,0.49485418376196955
twitter_2059626257784930414,-0.931175499053862,0.2826862920994425,0.565372584198885
twitter_2059628846094111205,-0.6548476934748056,0.34189795366496956,0.6837959073299391
twitter_2059635547908247953,-0.9261448875257908,0.28370748734456774,0.5674149746891355
twitter_2059636911892050223,-0.8602648677009239,0.2972840101722903,0.5945680203445806
twitter_2059658976040460681,-0.9562240671363511,0.27763483610816314,0.5552696722163263
twitter_2059663523161215406,-0.3534988702492853,0.4125342120883482,0.8250684241766963
twitter_2059664740352184363,-0.6749829434033716,0.3373819759132518,0.6747639518265036
twitter_2059666512756064572,-0.9061240032123201,0.28779364043819317,0.5755872808763863
twitter_2059670904653652439,-0.976375884472198,0.27361147896507376,0.5472229579301475
twitter_2059676897525563700,-1.0541734941454384,0.25842448107114746,0.5168489621422949
twitter_2059677758876168595,-1.0792578379220472,0.2536464896369557,0.5072929792739114
twitter_2059687382006300888,-0.9611847857920618,0.27664104374042564,0.5532820874808513
twitter_2059689756142026917,-0.6618285322164518,0.3403289768468372,0.6806579536936744
twitter_2059690709729546399,-1.0367149525431456,0.2617843431999217,0.5235686863998434
twitter_2059691692756722113,-0.3485288109947623,0.4137392259876153,0.8274784519752306
twitter_2059693727308759290,-0.9265627463040832,0.28362257878307584,0.5672451575661517
twitter_2059695338668396671,-1.2326609821122512,0.22571603099829776,0.45143206199659547
twitter_2059696137011925054,-0.6951013370112544,0.33289921787055626,0.6657984357411125
twitter_2059702432020512964,-0.9867091804276062,0.2715625659406391,0.5431251318812782
twitter_2059703201784623311,-0.6144937375993604,0.35103479837374135,0.7020695967474827
twitter_2059713830062612951,-1.3002257380047375,0.21412702807224626,0.4282540561444925
twitter_2059715428822208731,-0.6852307619244504,0.3350948524288427,0.6701897048576854
twitter_2059717976601907391,-0.6046508442735605,0.3532803761339937,0.7065607522679874
twitter_2059728173869289558,-0.9662994232356388,0.2756187198008395,0.551237439601679
twitter_2059731351373496538,-0.44616131112493995,0.39027383539323346,0.7805476707864669
twitter_2059731702574936330,-0.4007133023228069,0.40114097340999255,0.8022819468199851
twitter_2059732998417752418,-0.6547535835627973,0.34191912906247207,0.6838382581249441
twitter_2059733422369607894,-0.19237188565922042,0.45205479625154277,0.9041095925030855
twitter_2059743706303832512,-1.2152220533606668,0.22877837324965816,0.4575567464993163
twitter_2059749972040401295,-1.3755996760300846,0.20171664093273822,0.40343328186547645
twitter_2059753669495497077,-1.307993165665085,0.21282285388639832,0.42564570777279664
twitter_2059754183843020917,-0.34351931068120173,0.41495484852598974,0.8299096970519795
twitter_2059755508941168899,-1.1568780947392285,0.23923501433896116,0.4784700286779223
twitter_2059756068943659423,-0.9261570904257115,0.2837050075077009,0.5674100150154018
twitter_2059766444510855427,-1.06420300275116,0.25650707504266484,0.5130141500853297
twitter_2059768751541666208,-0.6396058120833903,0.3453356515457213,0.6906713030914426
twitter_2059777848370708856,-1.016482977908732,0.26571303970984855,0.5314260794196971
twitter_2059786328783368491,-0.7800204465428424,0.3143154793803643,0.6286309587607286
twitter_2059787257481978068,-0.8706080822229403,0.2951277884950521,0.5902555769901042
twitter_2059792063470923899,0.23698084454591972,0.5589694922714634,0.8820610154570732
twitter_2059808704204251311,-0.5793138717293904,0.35909048704760044,0.7181809740952009
twitter_2059816188687896826,-0.8859755041728538,0.2919410397556223,0.5838820795112446
twitter_2059817045915783271,-0.8231217600104244,0.3051013989946069,0.6102027979892138
twitter_2059829676298866903,-1.2422617986391533,0.22404253233597204,0.4480850646719441
twitter_2059840837274776021,-1.0743932407433403,0.2545685094155884,0.5091370188311768
twitter_2059843040454549908,-0.9761881814390472,0.2736487861973111,0.5472975723946222
twitter_2059848531372892458,-1.0065600732287272,0.26765358935452244,0.5353071787090449
twitter_2059852379067916547,-0.35850264060982584,0.4113220826908173,0.8226441653816347
twitter_2059852558294802439,-0.9711518990123946,0.27465096385135673,0.5493019277027135
twitter_2059853369444118694,-0.9360000414396555,0.2817090232145151,0.5634180464290302
twitter_2059891876543832328,-1.2302778621077044,0.22613279706311892,0.4522655941262379
twitter_2059900821634990503,-0.9812799482398293,0.2726378877897201,0.5452757755794402
twitter_2059910535773323762,-0.7832644919716536,0.3136167401375927,0.6272334802751854
twitter_2059953200862552239,-1.38548859995633,0.20012895295077668,0.4002579059015534
twitter_2059959157013541270,-1.1293860940610267,0.24427441286494075,0.48854882572988156
twitter_2059960054497907123,-1.0740877355952865,0.2546264874529144,0.5092529749058288
twitter_2059967541829664900,-0.3485388487379454,0.4137367912439831,0.8274735824879662
twitter_2059969741108675026,-0.5138863686945865,0.37428291281979464,0.7485658256395893
twitter_2059978803204559057,-0.05416240927322713,0.48646270689911647,0.9729254137982329
twitter_2059985587948445954,-1.4685943753788206,0.1871563560051283,0.3743127120102566
twitter_2059991028162044034,-0.07950760713330102,0.4801335625210434,0.9602671250420868
twitter_2059999756454093272,-1.0269393212796842,0.2636779106965539,0.5273558213931078
twitter_2060001263203316029,-0.9460786083290018,0.27967412889954174,0.5593482577990835
twitter_2060001899064234029,-1.2328540337365927,0.22568229347979882,0.4513645869595977
twitter_2060007174764462425,-0.34347747749214363,0.4149650042934067,0.8299300085868134
twitter_2060007851691569203,-1.0014462410647464,0.26865716815574237,0.5373143363114847
twitter_2060007928619278416,-1.0691452511706236,0.2555656677462878,0.5111313354925756
twitter_2060013479810007088,-0.9110403669988602,0.286786993165599,0.573573986331198
twitter_2060015198824513769,-0.6548725980987264,0.34189235005343505,0.6837847001068701
twitter_2060015822391619947,-0.9762930287196299,0.27362794670875284,0.5472558934175057
twitter_2060016998227304542,-1.054058436320569,0.25844653151154506,0.5168930630230901
twitter_2060017768708079630,-0.9460299000790898,0.2796839415989076,0.5593678831978152
twitter_2060024663548248196,-1.0317086846276666,0.2627529741380648,0.5255059482761296
twitter_2060026156246602113,-1.1394791364394434,0.24241600500773508,0.48483201001547016
twitter_2060027271235182959,-0.9864162840359523,0.2716205095089635,0.543241019017927
twitter_2060028326949830835,-0.95621572265935,0.27763650962728825,0.5552730192545765
twitter_2060028364023300572,-0.2930655987681233,0.4272535239302215,0.854507047860443
twitter_2060028651735826768,-0.9740429678873357,0.274075386825115,0.54815077365023
twitter_2060033795169112227,-0.4664398722019872,0.3854592235025751,0.7709184470051502
twitter_2060036837654016373,-0.14001485677669323,0.4650533587897953,0.9301067175795906
twitter_2060037363624230954,-0.7373268324483793,0.32358896825972133,0.6471779365194427
twitter_2060037504032752117,-0.9510567365646272,0.2786723533829102,0.5573447067658204
twitter_2060041296824140275,-0.5420468881460676,0.36771155251458715,0.7354231050291743
twitter_2060042603362422818,-0.9562792290608904,0.2776237733139284,0.5552475466278568
twitter_2060043429951017043,-0.7102464051324714,0.329544395950525,0.65908879190105
twitter_2060043856477892788,-0.3283312924213986,0.4186467007252515,0.837293401450503
twitter_2060047584022946076,-0.4764453163553052,0.383091862603359,0.766183725206718
twitter_2060050973079269417,-1.039397126170311,0.261266335577143,0.522532671154286
twitter_2060052812759969934,-0.012067326265932654,0.496983205042326,0.993966410084652
twitter_2060060077806014515,-1.0491114106792154,0.25939577086099513,0.5187915417219903
twitter_2060065054037246354,-0.9513430146836135,0.2786148110985917,0.5572296221971834
twitter_2060065769703002433,-0.6499986490528025,0.34298984175942937,0.6859796835188587
twitter_2060069909149704267,-1.1825130432667248,0.23460064526066887,0.46920129052133774
twitter_2060070589088387347,0.16160577498638418,0.5403137443342974,0.9193725113314053
twitter_2060071996633805203,-0.8078950799351293,0.30833922269312686,0.6166784453862537
twitter_2060072476055351712,-0.2930227195308574,0.42726401685320886,0.8545280337064177
twitter_2060076873887986112,-1.0014335839203075,0.2686596550450183,0.5373193100900366
twitter_2060077624706109460,-0.32851043224230014,0.4186031020172338,0.8372062040344675
twitter_2060077674094104650,-1.0519050862515023,0.25885943980507936,0.5177188796101587
twitter_2060078471116685688,-0.9260909715928097,0.28371844413608976,0.5674368882721795
twitter_2060081566286537124,-0.7629754650868225,0.31800060941676705,0.6360012188335341
twitter_2060082218936983629,-0.5944669027731939,0.3556105970243845,0.711221194048769
twitter_2060089242911674462,-0.5572020058504855,0.3641951084207194,0.7283902168414388
twitter_2060091890591248691,-0.8530998770924754,0.29878299212594583,0.5975659842518917
twitter_2060093626135580815,-0.7355030728925979,0.32398827955749526,0.6479765591149905
twitter_2060094698455506989,-0.7576780956112833,0.31915058892096604,0.6383011778419321
twitter_2060096254034792942,-1.0589624361494994,0.2575077844201768,0.5150155688403536
twitter_2060100192901181677,-0.3384289357459924,0.41619115776120724,0.8323823155224145
twitter_2060103043576709566,-1.1091543550634562,0.24802857652799506,0.4960571530559901
twitter_2060107082666287374,-1.0064348503430212,0.2676781356508236,0.5353562713016472
twitter_2060116990094667871,-0.8205439711961717,0.3056482021073862,0.6112964042147724
twitter_2060119354285449640,-0.7877587519843509,0.312650111300958,0.625300222601916
twitter_2060121579900543325,-1.0240671420105318,0.2642359280488599,0.5284718560977198
twitter_2060126806737555634,-1.014045564296147,0.26618887404579444,0.5323777480915889
twitter_2060127270593765512,-1.119222471823014,0.24615553552425917,0.49231107104851834
twitter_2060128910751187135,-0.9311119926523213,0.28269916977200615,0.5653983395440123
twitter_2060132304178078119,-0.6599328642350173,0.34075469282820003,0.6815093856564001
twitter_2060134828335321560,-0.6571538743321944,0.3413792436978783,0.6827584873957566
twitter_2060135380196741294,-0.28810757941142856,0.42846722595403164,0.8569344519080633
twitter_2060138385306689823,-1.2650171883243033,0.2201114203963696,0.4402228407927392
twitter_2060138956537143544,-1.3280112986976786,0.20948850999356736,0.41897701998713477
twitter_2060141114955284763,-1.401779558487576,0.19753387423387297,0.39506774846774595
twitter_2060149644953272762,-0.2578269186130225,0.4358979745679355,0.871795949135871
twitter_2060154712389714412,-0.9311767218586964,0.282686044145561,0.565372088291122
twitter_2060160384355520553,-0.6648674407342221,0.33964705760005365,0.6792941152001073
twitter_2060163283869413523,-0.8857814715613881,0.2919811501409237,0.5839623002818474
twitter_2060164623148757078,-0.813334640049143,0.3071803596997022,0.6143607193994044
twitter_2060166997472931971,-0.17520326371795947,0.45631088436313016,0.9126217687262603
twitter_2060170282426351957,-0.9108651321830804,0.2868228370713898,0.5736456741427796
twitter_2060179094478979438,-0.23252023152454943,0.44213043714536143,0.8842608742907229
twitter_2060183092183339183,-0.8907394522645566,0.2909572540184515,0.581914508036903
twitter_2060183766308471151,-0.9364675222926968,0.2816144385620528,0.5632288771241056
twitter_2060186886010745336,-0.9308241516411413,0.2827575419234258,0.5655150838468516
twitter_2060186958538887664,-0.5593502179311475,0.363697820077457,0.727395640154914
twitter_2060188577091215777,-1.0893067327581885,0.2517488476130546,0.5034976952261092
twitter_2060190674214076925,-0.9059805477779013,0.2878230451728956,0.5756460903457912
twitter_2060191253283704940,-0.9863536220216913,0.27163290691525177,0.5432658138305035
twitter_2060198501665910990,-0.559363089125985,0.36369484140868963,0.7273896828173793
twitter_2060202733521576253,-0.8381306014926628,0.3019286469423016,0.6038572938846032
twitter_2060206610585141461,-0.9258193107293476,0.28377365492206685,0.5675473098441337
twitter_2060213813811806386,-1.0661243537778273,0.2561408233495736,0.5122816466991472
twitter_2060218650779357269,-0.18219353600165422,0.45457719542242125,0.9091543908448425
twitter_2060223322151948666,-0.8249175164200744,0.30472080584008715,0.6094416116801743
twitter_2060224349408264661,-0.9762237544496255,0.2736417155802431,0.5472834311604862
twitter_2060229806680121519,-0.9612675889027334,0.27662447425209846,0.5532489485041969
twitter_2060238548067119356,-0.8809988317644877,0.2929708391916069,0.5859416783832138
twitter_2060249532940579284,-0.6971679271409073,0.3324404336499254,0.6648808672998509
twitter_2060253833960313052,-0.9110156443979563,0.2867920499583265,0.573584099916653
twitter_2060256683893403845,-0.6298819285029882,0.34753731064273313,0.6950746212854663
twitter_2060263201980256678,-0.7354997225378492,0.32398901335220376,0.6479780267044075
twitter_2060263506025369857,-0.9719320766736811,0.27449556589352875,0.5489911317870575
twitter_2060279658239939043,-1.084099971554941,0.25273091952210636,0.5054618390442127
twitter_2060286563771093152,-0.8710460126496217,0.29503669515143177,0.5900733903028635
twitter_2060287617204412665,-0.9564341019081245,0.2775927148178429,0.5551854296356858
twitter_2060314832767709291,-1.160488850742261,0.2385784697774285,0.47715693955485694
twitter_2060318885463679283,-0.9115570288373034,0.2866813266852115,0.573362653370423
twitter_2060321710193156291,-0.9542462252133982,0.27803167409207846,0.5560633481841569
twitter_2060326285314797840,-0.686910062521645,0.3347207973623378,0.6694415947246756
twitter_2060330564490871087,-0.9815196471626575,0.2725903565330953,0.5451807130661906
twitter_2060335843584200914,-0.9665237075061994,0.27557394301773996,0.5511478860354799
twitter_2060343480589951260,-1.0316719930759184,0.2627600818616411,0.5255201637232823
twitter_2060345418026811519,-1.1669765284397318,0.23740192570631855,0.47480385141263715
twitter_2060345522347549100,-0.9013228229138655,0.28877873273487287,0.5775574654697457
twitter_2060350748353810873,-0.7175111942161461,0.32794127018682667,0.6558825403736533
twitter_2060350973877641472,-0.6849908543218733,0.3351483074668003,0.6702966149336006
twitter_2060352574700605772,-0.787769389668746,0.3126478252669332,0.6252956505338664
twitter_2060352577141657787,-0.8959680886252168,0.2898797605912883,0.5797595211825766
twitter_2060361295967228042,-0.7628046229489193,0.3180376621661615,0.636075324332323
twitter_2060362498096660847,-1.0114283051505115,0.26670042219155116,0.5334008443831023
twitter_2060364776186757383,-1.1143627492879755,0.2470584322067244,0.4941168644134488
twitter_2060368174735098250,-0.7657565838218454,0.3173977564228578,0.6347955128457156
twitter_2060372655111348336,-1.0241878863820708,0.26421245416362077,0.5284249083272415
twitter_2060373206029275598,-0.7102464051324714,0.329544395950525,0.65908879190105
twitter_2060375863632232502,-0.9864299353245297,0.27161780870811436,0.5432356174162287
twitter_2060376049435791513,-0.9963649770356494,0.26965671024822335,0.5393134204964467
twitter_2060376366227583387,-0.9963649770356494,0.26965671024822335,0.5393134204964467
twitter_2060385774105710828,-0.65479481615143,0.3419098513601081,0.6838197027202162
twitter_2060386143342928146,-1.031624706774347,0.2627692421353444,0.5255384842706888
twitter_2060386367092203934,-1.2605998793442246,0.22087064361675507,0.44174128723351014
twitter_2060390403933905135,-0.16007935847424715,0.460065402322089,0.920130804644178
twitter_2060390711254454312,-1.1043909350251033,0.24891806984172285,0.49783613968344564
twitter_2060390848269844706,-1.0794720529703574,0.2536059387374465,0.507211877474893
twitter_2060393127681368324,-1.1724593841106663,0.23641072677044916,0.47282145354089833
twitter_2060393140100767757,-0.6195244298660922,0.349889620153846,0.699779240307692
twitter_2060394551295029281,-0.8911668208537841,0.2908690952727113,0.5817381905454226
twitter_2060395216801317357,-1.0236604793537905,0.26431499707200284,0.5286299941440057
twitter_2060395378873414000,-0.5218114450896416,0.37242875489206123,0.7448575097841225
twitter_2060397592891032007,-1.0639497489084886,0.2565553763640325,0.513110752728065
twitter_2060402518832673107,-0.8912463616773061,0.2908526891161508,0.5817053782323016
twitter_2060403946406150432,-1.0741821327460808,0.2546085720590163,0.5092171441180326
twitter_2060405776808563034,-0.8457915347063274,0.3003164236605703,0.6006328473211406
twitter_2060405996938297541,-1.1321232898504823,0.24376946817452594,0.4875389363490519
twitter_2060407479054602699,-0.7455639730852497,0.321788656189416,0.643577312378832
twitter_2060407590849216584,-0.032202406630144065,0.4919500939731282,0.9839001879462564
twitter_2060413802894827713,-1.019200690162657,0.2651831256395236,0.5303662512790472
twitter_2060414391615393938,-1.1077438580842687,0.24829174237306384,0.4965834847461277
twitter_2060416127692669014,-0.4766087148301704,0.3830532469731002,0.7661064939462005
twitter_2060417305813610523,0.016453087641534192,0.5041131791229335,0.991773641754133
twitter_2060418622149779570,-0.29026759531483054,0.4279383565673822,0.8558767131347644
twitter_2060418944947904948,-0.16515020838222777,0.4588060344185334,0.9176120688370668
twitter_2060421768913793130,-0.9891507270708977,0.27107985758870967,0.5421597151774193
twitter_2060424465364746267,-0.3806224525424776,0.40597677785784025,0.8119535557156805
twitter_2060424756877230481,-0.6064115060508642,0.35287821582744383,0.7057564316548877
twitter_2060427431278743814,-1.0439648780847435,0.2603856928175347,0.5207713856350694
twitter_2060428459189645746,-1.1446400967085752,0.24146945257812333,0.4829389051562467
twitter_2060428629381693754,-0.9461012155345603,0.27966957455348235,0.5593391491069647
twitter_2060430594526302587,-1.1603313692742696,0.23860707884708227,0.47721415769416453
twitter_2060432545599365410,-0.9065068122842134,0.28771518302629334,0.5754303660525867
twitter_2060434995484008602,-1.0239471109587834,0.26425926458245297,0.5285185291649059
twitter_2060435017612816643,-1.1174631889366782,0.2464821390848884,0.4929642781697767
twitter_2060435240712053171,-0.685003135088379,0.3351455710238134,0.6702911420476269
twitter_2060435665678942447,-0.5944088249744856,0.3556239057623096,0.7112478115246192
twitter_2060435780447633608,-1.1144545388775309,0.247041357852006,0.49408271570401197
twitter_2060437292343267820,-0.7828273943865875,0.3137108379878673,0.6274216759757346
twitter_2060437696473137155,-0.36369062348588777,0.4100664645668919,0.8201329291337838
twitter_2060438853614231931,-0.3353432184686162,0.4169411065924645,0.833882213184929
twitter_2060445002765861315,-1.0265499710717751,0.26375351072270475,0.5275070214454095
twitter_2060446334490976516,-0.7757178532688954,0.31524351970178466,0.6304870394035693
twitter_2060450480334180794,-0.6297099361670973,0.34757631180954257,0.6951526236190851
twitter_2060450574823219650,-0.5066513258924586,0.3759788603996025,0.751957720799205
twitter_2060450805560553743,-0.8054601801371155,0.308858746582046,0.617717493164092
twitter_2060451056837108220,0.09905028615565925,0.5247423460003142,0.9505153079993716
twitter_2060455875827880118,-0.23766734974611542,0.44086127554002014,0.8817225510800403
twitter_2060456141755208008,-0.906215307861638,0.2877749262273527,0.5755498524547054
twitter_2060457580401455193,-0.986544280185049,0.27159518713162223,0.5431903742632445
twitter_2060465207126974658,-0.6954422318935891,0.3328235171586834,0.6656470343173668
twitter_2060465604407038441,-0.634551157784413,0.34647929406420663,0.6929585881284133
twitter_2060470076235469226,-0.4209213913801191,0.3962962903067213,0.7925925806134426
twitter_2060473757425098907,-0.8805193005037752,0.2930701786424245,0.586140357284849
twitter_2060474149366124900,-0.7978701159309405,0.31048130597714924,0.6209626119542985
twitter_2060475083844657292,-1.1725048643890468,0.2364025167374096,0.4728050334748193
twitter_2060475859392196795,-1.129620732692047,0.2442311001346901,0.48846220026938014
twitter_2060475945568604489,-0.1449543606678949,0.4638247298565707,0.9276494597131414
twitter_2060476578212057517,-0.6397724447902152,0.34529798037106074,0.6905959607421215
twitter_2060477468457234795,-0.35357902754785236,0.4125147861244126,0.8250295722488252
twitter_2060478129764741283,-0.40612622658737374,0.39984134205993815,0.7996826841198763
twitter_2060482104081989639,-0.8203090979813064,0.3056980509093641,0.6113961018187282
twitter_2060484155822035343,-0.6295326657758774,0.34761651197387733,0.6952330239477547
twitter_2060496270519603406,-0.9058724729766348,0.2878451989552187,0.5756903979104374
twitter_2060498779673907487,-1.0895866625125752,0.25169612052752344,0.5033922410550469
twitter_2060505986129969322,-0.8936612611220032,0.2903548499151983,0.5807096998303966
twitter_2060510485611720955,-1.0690608991097488,0.2555817162134157,0.5111634324268314
twitter_2060510905251561828,-0.986474490109605,0.2716089940089702,0.5432179880179404
twitter_2060516618711491016,-1.1173237157511824,0.24650804417344055,0.49301608834688104
twitter_2060527990719844776,-1.1494463023016732,0.24059023272845434,0.48118046545690873
twitter_2060531959634276550,-1.016460139483417,0.26571749573018144,0.5314349914603629
twitter_2060539450690605270,-0.9512194613370226,0.2786396445917539,0.5572792891835078
twitter_2060544855038709988,-0.9314908498843308,0.28262235129528507,0.5652447025905701
twitter_2060547735053361344,-0.6548227152140502,0.3419035738893264,0.6838071477786528
twitter_2060557541227000049,-0.3182827006890695,0.42109432377002576,0.8421886475400515
twitter_2060558966627750177,-1.5117357833960803,0.18068169259835648,0.36136338519671296
twitter_2060564211822887352,-1.149834429885799,0.24051932640783832,0.4810386528156767
twitter_2060572172532285827,-0.9010452859623432,0.2888357381629829,0.5776714763259658
twitter_2060578723766972554,-0.6950963111086965,0.33290033401050756,0.6658006680210151
twitter_2060578761922207858,-1.3556115148432282,0.20495447190671306,0.40990894381342613
twitter_2060592337840160809,-0.2982102464166654,0.4259950615110663,0.8519901230221326
twitter_2060599494396223854,0.23697470243470342,0.5589679781016947,0.8820640437966105
twitter_2060601929433280962,-0.21056366023621903,0.44755272172002364,0.8951054434400473
twitter_2060603806170145047,-0.9060633508885729,0.28780607241165107,0.5756121448233021
twitter_2060606006003192079,-0.6870906219843956,0.33468059107825693,0.6693611821565139
twitter_2060617474110882202,-1.0116475616520655,0.2666575441044662,0.5333150882089324
twitter_2060631839015051519,-0.6900039677984937,0.3340321905922295,0.668064381184459
twitter_2060636474312188320,-0.7304500645830405,0.32509597161402565,0.6501919432280513
twitter_2060638825517400319,-0.9260408075156383,0.2837286387052622,0.5674572774105244
twitter_2060639642899091850,-0.6045533914050768,0.35330264183585847,0.7066052836717169
twitter_2060668920344838562,-0.8532807698376355,0.2987450943560748,0.5974901887121497
twitter_2060673758700970116,0.18646695042738592,0.5464821339031019,0.9070357321937963
twitter_2060673958442160524,-0.4865134426830495,0.3807152547171198,0.7614305094342396
twitter_2060674540938682563,-0.9311425343933852,0.28269297654819187,0.5653859530963837
twitter_2060676038661955671,-0.9412406080413163,0.2806498136704541,0.5612996273409082
twitter_2060678412109283705,-0.4511635989026058,0.38908414562917953,0.7781682912583591
twitter_2060681819008192753,-1.0191121373664938,0.2652003814878833,0.5304007629757665
twitter_2060687735908626733,-0.37375646274274027,0.4076336405423551,0.8152672810847102
twitter_2060700348235321425,-0.2980857404669531,0.42602550639339126,0.8520510127867825
twitter_2060706850153107637,-0.762588618721546,0.3180845131011557,0.6361690262023114
twitter_2060707868316213282,-0.7152960638281511,0.3284296615485114,0.6568593230970228
twitter_2060708592177623356,-1.0364390518176303,0.26183766543004117,0.5236753308600823
twitter_2060711670670897503,-1.0691455736202142,0.2555656063996592,0.5111312127993184
twitter_2060712444729708837,-0.9636487473782871,0.27614824993109827,0.5522964998621965
twitter_2060717062062793151,-1.0741069322325103,0.25462284410498803,0.5092456882099761
twitter_2060721245839061183,-1.1220147104808875,0.24563776670410498,0.49127553340820995
twitter_2060722144502329402,-0.9812094725192206,0.2726518638050289,0.5453037276100579
twitter_2060722914962370889,-0.348527694045234,0.4137394969138901,0.8274789938277802
twitter_2060722916195500455,-0.43109114463020143,0.3938658064284341,0.7877316128568682
twitter_2060724579631349855,-0.6447738397994852,0.3441682050709208,0.6883364101418415
twitter_2060726087995293835,-1.11467627807294,0.2470001140309094,0.49400022806181876
twitter_2060726990697791579,-0.9912931730955097,0.2706567274343453,0.5413134548686906
twitter_2060727363814752560,-1.074421561960571,0.2545631351229405,0.509126270245881
twitter_2060729413528871285,-0.6246781018341918,0.3487182392982931,0.6974364785965862
twitter_2060732891835892191,-0.11468764730657266,0.47135947430843284,0.9427189486168657
twitter_2060733361740530166,-0.09959762917776976,0.4751211551705767,0.9502423103411534
twitter_2060735505306652712,-0.9714294309210192,0.27459567800980317,0.5491913560196063
twitter_2060736713530761553,-1.0643545262063752,0.25647817888955077,0.5129563577791015
twitter_2060750141330805068,-1.0013801775848008,0.2686701485393062,0.5373402970786124
twitter_2060751131874111722,-1.0342806520612733,0.26225505252979403,0.5245101050595881
twitter_2060751535869681774,-0.5270002674444512,0.3712167993575906,0.7424335987151812
twitter_2060752268169748645,-0.6045557090684391,0.35330211229657976,0.7066042245931595
twitter_2060752436785303888,-0.26285872708841224,0.4346611000631396,0.8693222001262793
twitter_2060755033835401444,-1.0468332823113622,0.25983366103188443,0.5196673220637689
twitter_2060756089310753109,-1.2484485946360306,0.22296881005005778,0.4459376201001155
twitter_2060757903754117210,-0.9411207694142545,0.28067400798704734,0.5613480159740947
twitter_2060758183694446694,-0.3081259581638909,0.42357223700745134,0.8471444740149027
twitter_2060758270881701904,-1.1242986548070646,0.2452147980604484,0.49042959612089687
twitter_2060771585707913397,-0.9990559611598953,0.26912707115308193,0.5382541423061639
twitter_2060771935982666140,-0.9661777556550043,0.275643011766455,0.55128602353291
twitter_2060778264029782163,-0.6194678529293215,0.3499024896420803,0.6998049792841606
twitter_2060778578095280238,-0.2528020918454093,0.4371339293990553,0.8742678587981106
twitter_2060783327376777321,-0.8431719408557469,0.30086715743581616,0.6017343148716323
twitter_2060786729624244395,-1.0390591546699237,0.26133157144775193,0.5226631428955039
twitter_2060790561762582583,-0.8911203546165425,0.29087867969010384,0.5817573593802077
twitter_2060791852853530849,-0.4010162766699877,0.4010681930044096,0.8021363860088192
twitter_2060799249131126921,-0.9010038753695352,0.288844244372926,0.577688488745852
twitter_2060801825016512633,-0.9964997017743812,0.2696301781163327,0.5392603562326654
twitter_2060805025644028059,-1.1923119300554759,0.23284570393844878,0.46569140787689756
twitter_2060805287859068951,-0.9410634077798503,0.2806855892235516,0.5613711784471032
twitter_2060805448010227948,-0.9210743152163989,0.2847390457487539,0.5694780914975078
twitter_2060806191224168546,-0.9410329684562149,0.28069173500022027,0.5613834700004405
twitter_2060806724701790231,-0.7102698191446819,0.32953922276488845,0.6590784455297769
twitter_2060808237427933457,-0.7454377510687707,0.3218162035924057,0.6436324071848114
twitter_2060809286645690809,-0.9010517007714943,0.28883442050103625,0.5776688410020725
twitter_2060809766348161530,-1.0773909012008347,0.25400008185413875,0.5080001637082775
twitter_2060812418993832109,-1.1195632340145538,0.24609230814366695,0.4921846162873339
twitter_2060812848994091457,-1.036644822639902,0.26179789626162464,0.5235957925232493
twitter_2060814027048047106,-1.0441351037451658,0.2603529112486713,0.5207058224973427
twitter_2060820195287941303,-0.24760255070228132,0.43841368079075704,0.8768273615815141
twitter_2060820792959545423,-0.9011408771293266,0.2888161032107525,0.577632206421505
twitter_2060821045737894234,-0.7425703355168592,0.3224423380497939,0.6448846760995878
twitter_2060824656999809109,-0.7577614853079317,0.3191324691559828,0.6382649383119656
twitter_2060824795592188005,-0.5993987843542654,0.35448125448122914,0.7089625089624583
twitter_2060832854930788579,-0.5066663769684245,0.3759753291414606,0.7519506582829212
twitter_2060835371835851046,-0.9812000265781053,0.2726537370603188,0.5453074741206376
twitter_2060838954748838037,-0.38070985582776035,0.40595569988680835,0.8119113997736167
twitter_2060839810546143572,-1.1299681558053623,0.2441669776863995,0.488333955372799
twitter_2060839974497341623,-0.6547297099288291,0.34192450089958665,0.6838490017991733
twitter_2060840132597436760,-0.7653130547930205,0.31749385761629534,0.6349877152325907
twitter_2060841587467333696,-0.7526429220227763,0.320245694263549,0.640491388527098
twitter_2060842342978838967,-0.6244758016851254,0.3487641858657372,0.6975283717314744
twitter_2060844738299785409,-0.8910000227737107,0.2909035009561301,0.5818070019122602
twitter_2060846007953310102,0.21182999776687927,0.5527603584911095,0.894479283017781
twitter_2060847867166605378,-0.9912964770085118,0.2706560752369174,0.5413121504738349
twitter_2060850243411886468,-0.9563376404967837,0.27761205912191,0.55522411824382
twitter_2060853647311769874,-1.1923135558309128,0.2328454135286138,0.46569082705722753
twitter_2060857810779349171,-1.0443342526486965,0.2603145631194376,0.5206291262388753
twitter_2060861488810598803,-0.5842593280148857,0.3579531123493408,0.7159062246986816
twitter_2060864102231343391,-0.7325002603716319,0.32464630246882087,0.6492926049376417
twitter_2060867895203344615,-0.619531128353674,0.3498880964713483,0.6997761929426966
twitter_2060877322337558564,-0.7223016693306972,0.32688634115810355,0.6537726823162071
twitter_2060878797751148685,-0.7152977386350898,0.32842929214713806,0.6568585842942761
twitter_2060879672355979576,-0.7575135524942568,0.3191863441331105,0.638372688266221
twitter_2060891809526558981,-1.2572865291124322,0.22144135476537233,0.4428827095307446
twitter_2060894102208561543,-0.45628508816598345,0.38786747334310384,0.7757349466862077
twitter_2060897848560939264,-0.8303717358416571,0.30356647432499423,0.6071329486499885
twitter_2060903378792714627,-1.2227349831396923,0.2274555025108069,0.45491100502161386
twitter_2060910478797222344,-0.654727478004654,0.3419250031097911,0.6838500062195823
twitter_2060910542185726371,-1.1669503963861745,0.23740665674459285,0.47481331348918565
twitter_2060911117820457172,-1.05685015689741,0.25791185380475234,0.5158237076095047
twitter_2060912746674164023,-0.6498075146648988,0.34303291476769066,0.6860658295353813
twitter_2060918428773539930,-0.8909691902001005,0.2909098610989197,0.5818197221978394
twitter_2060922997108842619,-0.7779012000510331,0.31477240168505627,0.6295448033701125
twitter_2060930878126301617,-0.3422903919772173,0.41525322097539163,0.8305064419507833
twitter_2060934355069829268,-0.9711518990123946,0.27465096385135673,0.5493019277027135
twitter_2060937414600773891,-1.2475251166329744,0.22312884698046417,0.4462576939609284
twitter_2060937553214075379,0.038434284864180546,0.5096073885802281,0.9807852228395437
twitter_2060945083415859408,-0.6195023051586214,0.34989465280860355,0.6997893056172071
twitter_2060947308586373373,-0.790441540194859,0.3120738700390408,0.6241477400780816
twitter_2060953765268553808,-0.14457560754232052,0.4639189237720937,0.9278378475441874
twitter_2060955190614782066,-0.7829815254030418,0.31367765509573725,0.6273553101914745
twitter_2060967434576953751,0.05863348293326176,0.5146541726934165,0.970691654613167
twitter_2060988882439585866,-0.9713861063793805,0.2746043080348062,0.5492086160696124
twitter_2060999609732988944,-0.8555597191213522,0.2982678816219104,0.5965357632438208
twitter_2061009608307511761,-0.7254065465175318,0.32620353742635566,0.6524070748527113
twitter_2061025922933772734,-1.4784856042742271,0.1856562687967804,0.37131253759356087
twitter_2061031033475096816,-0.7429290108889668,0.32236398205696953,0.6447279641139391
twitter_2061032441104495046,-0.9411157715668865,0.2806750170340915,0.561350034068183
twitter_2061038624087433709,-1.0316630604422459,0.26276181227028156,0.5255236245405631
twitter_2061045166153040274,-0.9411803794325407,0.28066197311363217,0.5613239462272643
twitter_2061049431148183667,-1.2314952905597376,0.22591982206946984,0.4518396441389396
twitter_2061052327822569537,-0.7329548983840741,0.3245466305410451,0.6490932610820902
twitter_2061054560542818698,-1.1721427126685193,0.23646789729089823,0.47293579458179646
twitter_2061059269089227167,-0.951274593755141,0.27862856313339046,0.5572571262667809
twitter_2061064210269024336,-0.9061240032123201,0.28779364043819317,0.5755872808763863
twitter_2061064441366716419,-1.011470009173159,0.2666922661606906,0.5333845323213812
twitter_2061066935328973239,-0.6194923852890024,0.3498969092686825,0.699793818537365
twitter_2061070189521997965,-0.9661250625268576,0.27565353280850624,0.5513070656170125
twitter_2061072962426409445,-0.9210757710436583,0.28473874925110504,0.5694774985022101
twitter_2061073084216492488,-1.167169523440688,0.23736698722763544,0.4747339744552709
twitter_2061074248165183724,-1.0565981965054219,0.2579600802844673,0.5159201605689346
twitter_2061078361015980285,-0.13994705754376247,0.46507022583697005,0.9301404516739401
twitter_2061079336824811591,-0.921019516435465,0.28475020634926596,0.5695004126985319
twitter_2061085029573304373,-0.6295860057349107,0.3476044156750916,0.6952088313501832
twitter_2061085287648760234,-1.0793230039707766,0.253634153253715,0.50726830650743
twitter_2061088486397301203,-0.9562049053046964,0.2776386791014242,0.5552773582028484
twitter_2061090429966418253,-0.7477294833086726,0.3213162361859494,0.6426324723718988
twitter_2061090783814435132,-1.1649382894597735,0.23777113056460952,0.47554226112921905
twitter_2061091048982712709,-0.7478927639426973,0.3212806302720522,0.6425612605441045
twitter_2061091882038333761,-0.5842876616857339,0.35794660065533196,0.7158932013106639
twitter_2061092151866372495,-0.9009560291770443,0.2888540727139695,0.577708145427939
twitter_2061096035909353743,-0.8608424450990138,0.29716336478600375,0.5943267295720075
twitter_2061097926521422066,-0.9413690079049448,0.28062389233042834,0.5612477846608567
twitter_2061099750779187582,-0.4967000816188164,0.3783164746713285,0.756632949342657
twitter_2061100606400438283,-1.089743830343254,0.2516665198788611,0.5033330397577221
twitter_2061100837783339205,-0.5341047122620057,0.3695600389651303,0.7391200779302606
twitter_2061106535221068080,-0.9711863232142651,0.27464410599038375,0.5492882119807675
twitter_2061108033761976347,-0.9005735982970468,0.2889326370130297,0.5778652740260594
twitter_2061108655496302917,-1.0115949378573366,0.2666678348822075,0.533335669764415
twitter_2061110867987447965,-1.1192641353646142,0.24614780439476122,0.4922956087895225
twitter_2061111044475605133,-0.5241318644014389,0.37188657428746663,0.7437731485749333
twitter_2061111507648208971,-1.1141756461436296,0.24709323888619253,0.494186477772385
twitter_2061116480704364884,-0.4837747471919028,0.38136117070839676,0.7627223414167935
twitter_2061116689186541821,-1.1650649049765085,0.23774818403418882,0.4754963680683777
twitter_2061117135586287757,-0.022165528188808015,0.49445884481998176,0.9889176896399635
twitter_2061121742911991965,-0.7829648106192837,0.31368125353217946,0.6273625070643589
twitter_2061129864481300790,-1.2280309095551847,0.22652624842008837,0.4530524968401768
twitter_2061130697163538862,-1.024192258603808,0.26421160418608275,0.5284232083721655
twitter_2061134689604129054,-0.991393182028141,0.2706369859575105,0.541273971915021
twitter_2061136257275904182,-0.752722546229649,0.3202283612462772,0.6404567224925544
twitter_2061138122872631604,-0.9889667029572771,0.27111622146983183,0.5422324429396637
twitter_2061141671199268881,-1.0541734941454388,0.25842448107114735,0.5168489621422947
twitter_2061141772357484740,-0.3283312924213986,0.4186467007252515,0.837293401450503
twitter_2061143936207302806,-0.6094741625859538,0.35217915787158915,0.7043583157431783
twitter_2061149964529508688,-0.4886251437582865,0.3802175020928512,0.7604350041857024
twitter_2061150034570162605,-1.3634130540738478,0.20368615149299732,0.4073723029859946
twitter_2061152409163071909,-0.7576975947809963,0.31914635189325863,0.6382927037865173
twitter_2061153477565268429,-0.6703012704012181,0.33842938459675864,0.6768587691935173
twitter_2061153970018771222,-0.8381506851181731,0.3019244139787987,0.6038488279575974
twitter_2061156972871700865,-1.1093340472567903,0.24799506358229018,0.49599012716458035
twitter_2061157605821542635,-0.7476633076858497,0.3213306674144546,0.6426613348289092
twitter_2061160788186825056,-0.8854140390427518,0.29205711459405664,0.5841142291881133
twitter_2061162473210679802,-0.9413641674048316,0.2806248695031831,0.5612497390063662
twitter_2061171692693602517,-1.016460139483417,0.26571749573018144,0.5314349914603629
twitter_2061174588487160244,-1.0293758928481336,0.26320511824510734,0.5264102364902147
twitter_2061186409046663457,-1.2006702011488786,0.2313560128994935,0.46271202579898696
twitter_2061187028365008932,-1.0945311998974092,0.25076598459414706,0.5015319691882941
twitter_2061187637327589616,-0.6043406696301232,0.3533512459991045,0.706702491998209
twitter_2061189884946075943,-1.089260342392957,0.25175758633012935,0.5035151726602587
twitter_2061195374455341234,-0.6671926296380496,0.33912574271774837,0.6782514854354967
twitter_2061196779509469462,-0.39397462724076915,0.4027608573895448,0.8055217147790896
twitter_2061200595600494975,-0.8837171094600096,0.29240809510554444,0.5848161902110889
twitter_2061201045942903257,-0.64464600935254,0.3441970590805571,0.6883941181611142
twitter_2061201957881057599,-0.9913747998079564,0.27064061448718824,0.5412812289743765
twitter_2061203484049830038,-0.6399672927870694,0.34525393294127804,0.6905078658825561
twitter_2061204039056965880,-1.024193252928618,0.2642114108855743,0.5284228217711486
twitter_2061204173702512809,-0.7374117836580587,0.3235703744899989,0.6471407489799978
twitter_2061205562910532024,-1.0366325633204032,0.26180026550166013,0.5236005310033203
twitter_2061207835707408856,-0.45124198855421194,0.3890655127534019,0.7781310255068038
twitter_2061208445051711640,-1.1343974496758813,0.24335048043023855,0.4867009608604771
twitter_2061211979511959749,-0.9510998994091753,0.2786636771266189,0.5573273542532378
twitter_2061212501954502755,-0.333382625924017,0.4174178065077521,0.8348356130155042
twitter_2061213441721876988,-0.8027885953059711,0.30942932752260427,0.6188586550452085
twitter_2061214671701692785,-0.6601283063610776,0.34071078989336306,0.6814215797867261
twitter_2061214715926204697,-0.9561162857649241,0.27765645258270355,0.5553129051654071
twitter_2061214916502007824,-0.6295148753577609,0.3476205464828939,0.6952410929657878
twitter_2061217150946197977,-1.257468771493504,0.2214099368478955,0.442819873695791
twitter_2061219723778380164,-0.9112275989024791,0.2867486982408741,0.5734973964817482
twitter_2061220081300869583,0.003154643286243042,0.5007886601675136,0.9984226796649729
twitter_2061221903252230473,-0.8810945033589377,0.2929510222727538,0.5859020445455076
twitter_2061223343265845433,-0.7506531646944575,0.3206789961670115,0.641357992334023
twitter_2061223699097743384,-0.9358097741281657,0.28174752522314955,0.5634950504462991
twitter_2061225129435128063,-0.8029903546028893,0.30938621668505367,0.6187724333701073
twitter_2061227522092589408,-1.2173837978282396,0.22839718123265107,0.45679436246530214
twitter_2061230706408477113,-0.9160342388239207,0.285766634111669,0.571533268223338
twitter_2061231010948276598,-0.9613916581067329,0.27659964827376665,0.5531992965475333
twitter_2061235876802228636,-1.2575467275065488,0.2213964984915744,0.4427929969831488
twitter_2061236286933885018,-1.3238098324217293,0.2101851349826587,0.42037026996531734
twitter_2061236485115002891,-1.187064471445089,0.23378436376521333,0.46756872753042666
twitter_2061249366174937370,-0.42924645708247083,0.39430628500721454,0.7886125700144291
twitter_2061254253843530192,-0.4613535881931213,0.3866647642799291,0.7733295285598581
twitter_2061256231764017378,-0.9711863232142651,0.27464410599038375,0.5492882119807675
twitter_2061259839897227548,-0.8078248777326236,0.30835419464776864,0.6167083892955373
twitter_2061266085093969923,-0.6046152712629819,0.35328850366137915,0.7065770073227583
twitter_2061267297096835097,-0.05716331499593236,0.4857130614256114,0.9714261228512228
twitter_2061273054240518531,-0.6497713817114317,0.3430410577844747,0.6860821155689494
twitter_2061273075174293756,-0.034075573943416204,0.4914819307241398,0.9829638614482796
twitter_2061273316531573203,-1.0367033632422054,0.2617865828767662,0.5235731657535324
twitter_2061284896661016580,-0.45660980837583787,0.38779037903410274,0.7755807580682055
twitter_2061286246219931800,-0.6903206961884649,0.33396173658174005,0.6679234731634801
twitter_2061287090168438890,-0.986544280185049,0.27159518713162223,0.5431903742632445
twitter_2061287844346233239,-1.167237872101652,0.23735461470852595,0.47470922941705185
twitter_2061291454161461337,-1.1625037327612597,0.2382126415786351,0.4764252831572702
twitter_2061300132675522899,-0.8710739004186869,0.29503089480628114,0.5900617896125623
twitter_2061302972982636676,-0.7978918566172568,0.3104766516922691,0.6209533033845382
twitter_2061310438844068212,-0.9662310956140374,0.27563236182742973,0.5512647236548595
twitter_2061314350929924446,-0.5843824122375755,0.3579248252978051,0.7158496505956102
twitter_2061316750629601344,-0.6400668608167431,0.34523142557108283,0.6904628511421657
twitter_2061320240412152002,-1.0962163087492223,0.25044951527714066,0.5008990305542813
twitter_2061322996988756133,-1.2706777440872024,0.21914125555178768,0.4382825111035753
twitter_2061323601731793390,-0.8662860871046968,0.2960276772143988,0.5920553544287976
twitter_2061324417712685316,-0.9712848672033128,0.2746244750130661,0.5492489500261322
twitter_2061324795946688594,-1.4107401201976164,0.19611734622584612,0.3922346924516922
twitter_2061326915772813660,-1.18228176408559,0.23464217703557144,0.4692843540711429
twitter_2061334155334451432,-0.9310611541933427,0.2827094789263552,0.5654189578527103
twitter_2061337058203803876,-0.9257775144969524,0.2837821499228971,0.5675642998457942
twitter_2061343897645662693,-0.6598161072316037,0.34078092171792523,0.6815618434358505
twitter_2061347183165681688,-0.9111039567807862,0.28677398667436227,0.5735479733487245
twitter_2061347714630078885,-0.2930254743306616,0.4272633427277253,0.8545266854554506
twitter_2061349993609678893,-0.868413539793774,0.2955845185630882,0.5911690371261764
twitter_2061350776803303478,-0.4360969204329953,0.3926713869443614,0.7853427738887228
twitter_2061353126733447232,-0.5993092302206121,0.3545017469097396,0.7090034938194792
twitter_2061357181757186283,-0.9560611360363261,0.2776675137324841,0.5553350274649682
twitter_2061364109271077037,-0.5840573583905365,0.3579995308815832,0.7159990617631664
twitter_2061368976253301167,-0.61471509233122,0.35098437335494487,0.7019687467098897
twitter_2061373271572897968,-0.26796892801717775,0.4334057880309528,0.8668115760619056
twitter_2061377063567688185,-1.0792578379220472,0.2536464896369557,0.5072929792739114
twitter_2061382200050975210,-0.7425367520009565,0.3224496751943065,0.644899350388613
twitter_2061385066505437485,-0.966159965236888,0.2756465638856408,0.5512931277712816
twitter_2061390316351984011,-0.7273951880996373,0.3257665955275971,0.6515331910551942
twitter_2061392484215996758,-1.1293422795194956,0.24428250131377233,0.48856500262754465
twitter_2061392769462018431,-0.6974171331679213,0.33238513121303187,0.6647702624260637
twitter_2061393969410392502,-0.6720646731476732,0.33803468021039146,0.6760693604207829
twitter_2061397439936925851,-1.1648130665740672,0.23779382620726058,0.47558765241452117
twitter_2061400163101389222,-0.43916299221116994,0.391940429516739,0.783880859033478
twitter_2061400962523091310,-1.0294047131272235,0.26319952921886447,0.5263990584377289
twitter_2061401867750379644,-0.39073906032113803,0.4035393996441338,0.8070787992882676
twitter_2061402461424812298,-0.9260293198604375,0.28373097330929986,0.5674619466185997
twitter_2061413229440467119,-0.7779652368576518,0.31475858970288684,0.6295171794057737
twitter_2061414874459066406,-0.8961193033330146,0.28984863411061446,0.5796972682212289
twitter_2061415449737437553,-1.03894358700457,0.2613538809425482,0.5227077618850964
twitter_2061416892850487406,-0.9211235964456174,0.2847290091059627,0.5694580182119254
twitter_2061418023739605025,-0.9461212047284075,0.2796655476580936,0.5593310953161872
twitter_2061418049232658554,-0.8130522871286273,0.307240453485092,0.614480906970184
twitter_2061419437496947047,-0.9360315734469451,0.2817026427867307,0.5634052855734614
twitter_2061423119185707099,-0.3182810251412602,0.42109473222489424,0.8421894644497885
twitter_2061423216325968181,-1.242499391459683,0.22400123013199216,0.44800246026398427
twitter_2061423942544338990,-0.06439576326580304,0.4839066201540645,0.967813240308129
twitter_2061424654628294661,-0.7473883023384594,0.3213906427762498,0.6427812855524996
twitter_2061427131968520243,-1.0369014376557244,0.26174830593736753,0.5234966118747351
twitter_2061428833807393105,-0.9863550144671185,0.27163263142214095,0.5432652628442819
twitter_2061429808446205993,-1.3584109109261269,0.2044986922806019,0.4089973845612038
twitter_2061432567740440899,-0.9410911226472417,0.28067999359287815,0.5613599871857563
twitter_2061432666616926282,-0.7827967336363739,0.3137174391731227,0.6274348783462455
twitter_2061432778659381721,-0.9615007980177283,0.27657781075228755,0.5531556215045751
twitter_2061434544780095931,-0.891035105213073,0.29089626425084275,0.5817925285016855
twitter_2061435072880750895,-1.0793412276186958,0.25363070346213507,0.5072614069242701
twitter_2061435112214925391,-0.9463456803133108,0.2796203286756034,0.5592406573512068
twitter_2061435798650499262,-0.6972189327061892,0.33242911439822115,0.6648582287964423
twitter_2061436098853962026,-0.9360994783340812,0.28168890269020364,0.5633778053804073
twitter_2061436265854103718,-0.9711463536070308,0.27465206859626,0.54930413719252
twitter_2061437370470129700,-0.7224378650422987,0.32685637449602256,0.6537127489920451
twitter_2061438462876631380,-0.921025606966487,0.28474896590750487,0.5694979318150097
twitter_2061440299638141369,-0.19238359895021295,0.4520518948562646,0.9041037897125292
twitter_2061440792867086786,-1.089157247364114,0.25177700742579057,0.5035540148515811
twitter_2061442486774432007,-0.49380916580190903,0.3789966369726299,0.7579932739452598
twitter_2061444496404168907,-1.0311261190531569,0.26286584075395764,0.5257316815079153
twitter_2061445632330465715,-1.0315985128179264,0.2627743165011737,0.5255486330023474
twitter_2061447842632196607,-1.0114127213337802,0.26670346995003796,0.5334069399000759
twitter_2061448164478214384,-0.9611375768450976,0.27665049085908167,0.5533009817181633
twitter_2061448212435648941,-0.9213453182599027,0.28468385575128097,0.5693677115025619
twitter_2061448464249024840,-0.9213081332296635,0.2846914281327207,0.5693828562654414
twitter_2061452521760055351,0.2689683128619109,0.5668396097668018,0.8663207804663964
twitter_2061452847384801382,-0.9614742807180312,0.2765831164320099,0.5531662328640198
twitter_2061453414978982337,-0.9662921838959089,0.2756201651593799,0.5512403303187599
twitter_2061453938390712430,-0.9891167661738295,0.2710865681636388,0.5421731363272776
twitter_2061455606419243366,-0.5894037033177487,0.35677168414682026,0.7135433682936405
twitter_2061456035634659536,-1.0844580535898958,0.25266329885252364,0.5053265977050473
twitter_2061456465110655167,-0.6723484594936951,0.3379711810434318,0.6759423620868636
twitter_2061456479270453264,-0.14497833327838644,0.4638187680808791,0.9276375361617581
twitter_2061457015210467436,-0.6448295886453215,0.344155621748573,0.688311243497146
twitter_2061458491051549114,-1.1346726173946737,0.24329981709462542,0.4865996341892509
twitter_2061460380212236366,-0.9741949246676113,0.2740451548354612,0.5480903096709224
twitter_2061461782170943708,-0.6771819244494482,0.33689055779991617,0.6737811155998323
twitter_2061462503117258959,-0.7173627181456834,0.32797399452412684,0.6559479890482537
twitter_2061462615000317972,-0.9492851322546123,0.2790286103777074,0.5580572207554148
twitter_2061462709095330190,-0.8482215936341981,0.29980605186319065,0.5996121037263813
twitter_2061463002042232917,-0.7927371638272587,0.3115812496404294,0.6231624992808588
twitter_2061464874677325928,-0.9561096527750335,0.27765778291931814,0.5553155658386363
twitter_2061466289613541635,-0.6951314458101726,0.3328925314225662,0.6657850628451324
twitter_2061467569052110866,-0.506859614666452,0.3759299932088895,0.751859986417779
twitter_2061467874120679813,-1.1973018450134203,0.23195555099435358,0.4639111019887072
twitter_2061468816266117314,-0.9511330498674658,0.27865701359419476,0.5573140271883895
twitter_2061468948592460204,-0.8432292175959786,0.30085510963367357,0.6017102192673471
twitter_2061469766632530431,-1.0066017222225565,0.2676454255999405,0.535290851199881
twitter_2061470388702376129,-1.307788114960751,0.21285720790748924,0.4257144158149785
twitter_2061470710275387697,-0.37875768136923676,0.4064265641224029,0.8128531282448058
twitter_2061471278343819431,-0.6247470049733188,0.34870259060566905,0.6974051812113381
twitter_2061471565439451569,-0.8610947704237663,0.29711066749747195,0.5942213349949439
twitter_2061471721769615564,-0.9560719371137786,0.27766534738431575,0.5553306947686315
twitter_2061471806045687921,-0.6446493338497727,0.34419630865733314,0.6883926173146663
twitter_2061471986811826307,-0.36560970251924907,0.4096022966510562,0.8192045933021124
twitter_2061472652334694864,-0.7152949468786227,0.3284299079069888,0.6568598158139776
twitter_2061472760719614146,-0.5088807927723791,0.37545593045888065,0.7509118609177613
twitter_2061473448946250097,-0.6093630580219137,0.3522045066829103,0.7044090133658206
twitter_2061473931371139137,-0.9412653306422201,0.2806448225629808,0.5612896451259616
twitter_2061474360452317677,-0.9886879411110058,0.2711713117306149,0.5423426234612297
twitter_2061475681226121270,-0.8535848178470202,0.2986814012714844,0.5973628025429688
twitter_2061475899539636271,-1.0992500130433163,0.24988044574436638,0.4997608914887328
twitter_2061476384006967756,-0.6349788690584947,0.3463824531649745,0.692764906329949
twitter_2061476819757330924,-0.34351931068120173,0.41495484852598974,0.8299096970519795
twitter_2061477646731493524,-0.9411992671622742,0.28065815986999776,0.5613163197399955
twitter_2061477887715213396,-0.9263271160264683,0.28367045677495756,0.5673409135499151
twitter_2061477892706439476,-1.1222019145405417,0.24560307947095739,0.49120615894191477
twitter_2061477910364532774,-0.752761291784062,0.32021992708913144,0.6404398541782629
twitter_2061477973220335819,-0.8111247972417912,0.30765086003086173,0.6153017200617235
twitter_2061479124078575784,-1.0316363683745493,0.2627669830381231,0.5255339660762463
twitter_2061479139207442913,-0.006992561004970366,0.49825186687179823,0.9965037337435965
twitter_2061479497895993622,-1.0993135194448573,0.24986854228029629,0.4997370845605926
twitter_2061479572202209520,-0.6901046093246352,0.334009802787077,0.668019605574154
twitter_2061481017198682249,-0.9362035583442336,0.28166784359191,0.56333568718382
twitter_2061481354320019900,-0.6851395089659231,0.33511518446813804,0.6702303689362761
twitter_2061483850782609452,-0.5843640882824808,0.35792903642199836,0.7158580728439967
twitter_2061484264978575823,-1.1797824368855463,0.2350913169180847,0.47018263383616943
twitter_2061484925778366888,-0.7626986484229175,0.3180606473933313,0.6361212947866626
twitter_2061485451228106872,-1.0440901195990422,0.26036157390636505,0.5207231478127301
twitter_2061486632432197643,-0.15503305605054474,0.46131918022900825,0.9226383604580165
twitter_2061486685993803848,-0.38092842995426834,0.40590299058065343,0.8118059811613069
twitter_2061486778654097672,-0.7601357298571547,0.31861679851534525,0.6372335970306905
twitter_2061489029950910977,-0.9113669775601738,0.2867201928239964,0.5734403856479928
twitter_2061489105381331339,-0.981244994032708,0.27264481949023095,0.5452896389804619
twitter_2061490140950716746,-0.6850298957544642,0.335139608157759,0.670279216315518
twitter_2061491430716219660,-0.6094848191325942,0.3521767265949742,0.7043534531899484
twitter_2061493148044366263,-0.8860414191858264,0.29192741455332133,0.5838548291066427
twitter_2061493566430482496,-0.901229863893964,0.2887978255516157,0.5775956511032314
twitter_2061493873499640114,-0.6750790493057626,0.3373604912576821,0.6747209825153642
twitter_2061494752780939642,-0.6448299191700387,0.3441555471450068,0.6883110942900136
twitter_2061495233393631526,-0.9210279248511675,0.284748493831139,0.569496987662278
twitter_2061495821007229121,-0.9912931730955097,0.2706567274343453,0.5413134548686906
twitter_2061495979669344639,-1.0014196497938697,0.2686623928539249,0.5373247857078498
twitter_2061496609129848931,-0.7575170205291812,0.3191855905073228,0.6383711810146456
twitter_2061496839216529854,-1.044351694538466,0.260311204682056,0.520622409364112
twitter_2061497283984888293,-1.1595488469084985,0.238749271690203,0.477498543380406
twitter_2061498615227625951,-0.29300597516094895,0.42726811436419815,0.8545362287283963
twitter_2061499626788991052,-0.8960779108151509,0.2898571542717329,0.5797143085434658
twitter_2061500625360142703,-0.9661250625268576,0.27565353280850624,0.5513070656170125
twitter_2061501409065894136,-0.5692524018393101,0.361409347114457,0.722818694228914
twitter_2061501762754756943,-0.11971108174657069,0.4701079190177122,0.9402158380354244
twitter_2061502284031283600,-0.9614343498845026,0.2765911060599653,0.5531822121199306
twitter_2061503409417552277,-0.5842560504350879,0.35795386561187015,0.7159077312237403
twitter_2061504370450248175,-0.9941626675491739,0.270090657374978,0.540181314749956
twitter_2061504991550931364,-0.9968358377894679,0.26956398806263016,0.5391279761252603
twitter_2061504996642816139,-0.9011027121321468,0.28882394241632564,0.5776478848326513
twitter_2061507149574951112,-1.051768712373958,0.25888560416163875,0.5177712083232775
twitter_2061507553222107277,-0.6549247707381657,0.3418806112035627,0.6837612224071254
twitter_2061507754666189157,-0.3182771184101457,0.4210956845844972,0.8421913691689944
twitter_2061507833602928803,-0.2930338742235691,0.4272612871964068,0.8545225743928136
twitter_2061509768963842440,-1.0315985128179264,0.2627743165011737,0.5255486330023474
twitter_2061510392212529172,-1.4012046303271355,0.19762502438403143,0.3952500487680628
twitter_2061511616223445480,-1.1495075718705063,0.2405790385534483,0.4811580771068966
twitter_2061513964308345235,-0.05935595668207949,0.48516536593528353,0.9703307318705671
twitter_2061514289870000591,-0.9160976428080326,0.2857536932765613,0.5715073865531226
twitter_2061516653746352187,-1.0190573385855597,0.26521106021654783,0.5304221204330957
twitter_2061518814613782857,-0.8029975939426193,0.30938466988363383,0.6187693397672677
twitter_2061519977262231706,-0.0038170625820382886,0.4990457355131237,0.9980914710262474
twitter_2061520951783637484,-0.4260359043964689,0.39507331719870703,0.7901466343974141
twitter_2061521903311823144,-0.7430073289076548,0.3223468740805322,0.6446937481610644
twitter_2061521975747445230,-0.9613493289090884,0.2766081180996469,0.5532162361992938
twitter_2061522371891393004,-0.9812000265781053,0.2726537370603188,0.5453074741206376
twitter_2061522834820829620,-0.7279420477157651,0.32564649324011846,0.6512929864802369
twitter_2061523174458540210,-1.290583137437197,0.21575412511599518,0.43150825023199035
twitter_2061523424355275156,-0.8911469247828807,0.29087319913822196,0.5817463982764439
twitter_2061523963071864965,-1.0394724125020385,0.2612518051066918,0.5225036102133837
twitter_2061524380115464597,-1.1395289171454506,0.24240686287413601,0.4848137257482721
twitter_2061524543286452699,-0.9912814856620329,0.27065903455933776,0.5413180691186755
twitter_2061524657560252680,-1.0368465819368202,0.261758906182749,0.523517812365498
twitter_2061525682480447868,-0.9385918575071281,0.28118486854134156,0.5623697370826831
twitter_2061526476034355283,-1.0892545786057526,0.25175867208915553,0.5035173441783111
twitter_2061527275791880332,-0.9162711206688614,0.2857182880178995,0.571436576035799
twitter_2061528144314601497,-0.27285245277437964,0.4322069565037912,0.8644139130075824
twitter_2061528539128648031,-1.0589867956067978,0.2575031269797333,0.5150062539594666
twitter_2061529349250253260,-0.9692169091486987,0.2750366163407702,0.5500732326815404
twitter_2061530700633833774,-1.0144307516121254,0.2661136412758062,0.5322272825516124
twitter_2061531894299369582,-0.30312758298465164,0.4247930981233938,0.8495861962467876
twitter_2061532824813936853,-0.9612520050860018,0.27662759263726916,0.5532551852745383
twitter_2061532873908511090,-0.5572187132637312,0.3641912397104835,0.728382479420967
twitter_2061532971732263114,0.1391482821136406,0.5347310493486497,0.9305379013027006
twitter_2061533290360647769,-0.45134864560435917,0.3890401613616159,0.7780803227232318
twitter_2061533564051616039,-0.589444537237331,0.35676231340306847,0.7135246268061369
twitter_2061534723923718441,-0.5420970252100668,0.36769989573622297,0.7353997914724459
twitter_2061535437328355703,-1.2676074692755839,0.21966708897991136,0.43933417795982277
twitter_2061536095054041500,-0.9131348204541715,0.2863587845876098,0.5727175691752197
twitter_2061536446180438205,-1.1443838928055572,0.2415163824943661,0.48303276498873227
twitter_2061536499137761580,-0.6043722947603565,0.35334401987558994,0.7066880397511799
twitter_2061537355740188783,-1.0217400955570657,0.26468858962999703,0.5293771792599941
twitter_2061538317842157780,-1.1197192996599088,0.24606335429391143,0.4921267085878229
twitter_2061538553151230251,-1.1673204947129512,0.2373396589026726,0.4746793178053452
twitter_2061539084825207005,-1.033969797048227,0.26231520037552375,0.5246304007510475
twitter_2061539103053849020,-1.0790818329474523,0.25367981057422323,0.5073596211484465
twitter_2061539132615098504,-0.9110276434779475,0.28678959564434575,0.5735791912886915
twitter_2061539702881079788,-0.7003700283858914,0.3317301928815175,0.663460385763035
twitter_2061539866786005010,-0.9111547952397647,0.28676358855979067,0.5735271771195813
twitter_2061541440388243817,-0.8425687620153534,0.3009940489965807,0.6019880979931614
twitter_2061542737720099035,-0.9609695813690476,0.2766841105346167,0.5533682210692334
twitter_2061543307449123204,-0.9511424958085807,0.2786551148952116,0.5573102297904232
twitter_2061543605030760840,-1.1422781124751777,0.2419023423712355,0.48380468474247107
twitter_2061543837730832512,-0.6145974148620851,0.35101118008676024,0.7020223601735205
twitter_2061543962910089583,-0.410864808779013,0.398704774369115,0.79740954873823
twitter_2061544496442052989,-1.0367316969130544,0.2617811073080734,0.5235622146161468
twitter_2061544617795801480,-0.6600873696088605,0.3407199854510169,0.6814399709020338
twitter_2061544960726303109,0.21508482575251675,0.5535648663028682,0.8928702673942637
twitter_2061545662307561682,-1.2453019110360868,0.223514459897601,0.447028919795202
twitter_2061546008685727902,-0.946157051840907,0.27965832621648806,0.5593166524329761
twitter_2061547420748578936,-0.8910087943330187,0.29090169157400037,0.5818033831480007
twitter_2061548323366953038,-0.9561162857649241,0.27765645258270355,0.5553129051654071
twitter_2061549070464999793,-0.9915120258825318,0.27061352769863445,0.5412270553972689
twitter_2061549339005046951,-0.46643987220198746,0.385459223502575,0.77091844700515
twitter_2061551144019657128,-0.9410743790490229,0.2806833741165883,0.5613667482331766
twitter_2061551170833858997,-1.0844950878784672,0.25265630593347305,0.5053126118669461
twitter_2061551820212723789,-0.5067119840213128,0.37596462897187877,0.7519292579437575
twitter_2061551986781069482,-0.6296826132018571,0.3475825077827317,0.6951650155654634
twitter_2061552537124135008,-0.47640020519386395,0.38310252389257665,0.7662050477851533
twitter_2061553200524599340,-0.9561826746184874,0.2776431376085836,0.5552862752171672
twitter_2061553393869443128,-0.9509759689769884,0.2786885890948776,0.5573771781897552
twitter_2061553395043832298,-1.0517715004295516,0.25888506923492344,0.5177701384698469
twitter_2061553429034467653,-1.0066760702978328,0.26763085278495896,0.5352617055699179
twitter_2061553552896483343,-0.855504185159121,0.2982795052410217,0.5965590104820434
twitter_2061554055978311844,-0.13489684099067195,0.4663268372600971,0.9326536745201942
twitter_2061554111032730017,-0.6347064708887818,0.3464441271402397,0.6928882542804794
twitter_2061554920180891977,-0.9666319502393362,0.275552334727095,0.55110466945419
twitter_2061555941875601534,-1.0791864618461946,0.25366000207575246,0.5073200041515049
twitter_2061556346604970193,-0.42096870353920673,0.3962849711391826,0.7925699422783652
twitter_2061556509344186830,-1.2071279977607976,0.23020961310564642,0.46041922621129283
twitter_2061557003822956603,0.0282942867089101,0.5070730998095325,0.985853800380935
twitter_2061557742591226239,-0.8129519071523215,0.30726181914978984,0.6145236382995797
twitter_2061558164852482284,-0.9410743790490229,0.2806833741165883,0.5613667482331766
twitter_2061558316703072725,-0.348527694045234,0.4137394969138901,0.8274789938277802
twitter_2061558904975217053,-1.1747760218965075,0.23599278110881922,0.47198556221763843
twitter_2061559005034479762,-0.8910924668474772,0.29088443208562487,0.5817688641712497
twitter_2061559520069898643,-0.2378462894421225,0.44081716690458167,0.8816343338091633
twitter_2061559756838318425,-0.2880019881998734,0.4284930836485478,0.8569861672970956
twitter_2061560226629714094,-0.2931589129140467,0.4272306893718699,0.8544613787437398
twitter_2061560375343009911,-1.0518038470754343,0.25887886313971814,0.5177577262794363
twitter_2061560732726985172,-0.7883007743983057,0.31253364250379595,0.6250672850075919
twitter_2061560769095819511,-0.6094923425900904,0.3521750101329969,0.7043500202659938
twitter_2061561360157204970,-0.6316448947144819,0.34713765653833006,0.6942753130766601
twitter_2061561579037159919,0.3951072444806898,0.5975115574823252,0.8049768850353496
twitter_2061562364852384103,-0.80537492011549,0.3088769469109678,0.6177538938219356
twitter_2061562921373618283,-0.6497290673997129,0.34305059396571985,0.6861011879314397
twitter_2061563285221019714,-1.1245410555910902,0.2451699362032198,0.4903398724064396
twitter_2061564080792494417,-0.8987504501812449,0.28930734791709534,0.5786146958341907
twitter_2061565214529630679,-0.6700277158031442,0.33849063479282987,0.6769812695856597
twitter_2061566407058337905,-0.8331782505123793,0.30297346550845644,0.6059469310169129
twitter_2061567089517961656,-0.7477831758193322,0.3213045274590579,0.6426090549181158
twitter_2061567417307091320,-0.7405499390909394,0.32288389893112496,0.6457677978622499
twitter_2061568181806723538,-0.9512640800088299,0.2786306763454572,0.5572613526909144
twitter_2061568324186632424,-1.0597473250347829,0.2573577441723896,0.5147154883447792
twitter_2061568507087622370,-1.1121439777842073,0.24747140092834854,0.49494280185669703
twitter_2061568649367023949,-1.109228731319816,0.2480147048425119,0.49602940968502374
twitter_2061569049780466016,-1.0643195102024365,0.2564848563976878,0.5129697127953756
twitter_2061569742343741653,-1.1670143660032275,0.23739507557670086,0.47479015115340173
twitter_2061570008086413562,-0.7428978501190517,0.32237078902290206,0.6447415780458041
twitter_2061570565593280575,-1.0391101660305766,0.2613217244681666,0.5226434489363332
twitter_2061571892926959971,-0.8502410064695684,0.29938230336287047,0.5987646067257409
twitter_2061571983586816368,-0.6194562045393182,0.3499051393145764,0.6998102786291528
twitter_2061572020467352059,-0.8404025054662752,0.3014500184665882,0.6029000369331764
twitter_2061573998144626952,-0.675062812423199,0.33736412099622615,0.6747282419924523
twitter_2061574106944766332,-1.3127263319065163,0.21203098774996665,0.4240619754999333
twitter_2061575130166563221,-0.9513702653495913,0.2786093340584813,0.5572186681169626
twitter_2061576156176916814,-1.0216426426885818,0.26470755717446787,0.5294151143489357
twitter_2061576511853940916,-0.9712045921405417,0.2746404665663156,0.5492809331326312
twitter_2061578869702901913,-0.10462506113514825,0.47386756837990407,0.9477351367598081
twitter_2061579013500600524,-0.6901547095150744,0.33399865822994945,0.6679973164598989
twitter_2061579134539538908,-0.6499969742458636,0.3429902191736048,0.6859804383472096
twitter_2061579187463352515,-0.7979986780722484,0.310453783721985,0.62090756744397
twitter_2061579812104184052,-1.0215687674724,0.26472193630930707,0.5294438726186141
twitter_2061580289004965896,-0.8053148189343257,0.3088897769763973,0.6177795539527946
twitter_2061580924731744377,-0.8909768991821235,0.290908270882543,0.581816541765086
twitter_2061581342379274520,-0.9010452859623432,0.2888357381629829,0.5776714763259658
twitter_2061581682403320203,-1.0495514390767833,0.2593112461296094,0.5186224922592187
twitter_2061581952411476383,-0.700148203209596,0.33177937009147423,0.6635587401829485
twitter_2061583583710756947,-0.29813078892155953,0.42601449083176146,0.8520289816635229
twitter_2061583664790569246,-0.9410634077798503,0.2806855892235516,0.5613711784471032
twitter_2061584001094070764,-0.9491704761978217,0.2790516765096291,0.5581033530192582
twitter_2061584395891306676,-0.5067470928652729,0.37595639193836367,0.7519127838767273
twitter_2061586690397921638,-0.7153027586148586,0.3284281849238231,0.6568563698476462
twitter_2061586780835512463,-0.022130393487331812,0.4944676274182698,0.9889352548365395
twitter_2061587508295790950,-0.9361942982193403,0.28166971720667117,0.5633394344133423
twitter_2061587563891114388,-0.5673218871764588,0.36185501477309384,0.7237100295461877
twitter_2061588552899788982,-0.9212189564574154,0.2847095886371731,0.5694191772743462
twitter_2061588894705918334,-0.33846902322679107,0.41618141749507287,0.8323628349901457
twitter_2061589330217648469,-0.3133225981777256,0.4223039382143609,0.8446078764287218
twitter_2061590295935066530,-0.24266511352017017,0.4396296802947204,0.8792593605894408
twitter_2061590545890177136,-0.9612261963848698,0.2766327571111847,0.5532655142223694
twitter_2061590922140524609,-1.134787790697179,0.2432786137388146,0.4865572274776292
twitter_2061590939261432299,-0.4511630403043246,0.38908427840669946,0.7781685568133989
twitter_2061590997449285777,-0.42133674749782235,0.39619692248939653,0.7923938449787931
twitter_2061591122095612409,-0.6396281091460725,0.34533061066682424,0.6906612213336485
twitter_2061592164346274018,-0.735432988563656,0.3240036296077549,0.6480072592155098
twitter_2061592620527194248,-0.5692374104928315,0.3614128070139404,0.7228256140278808
twitter_2061593922267132149,-0.9510800033382718,0.2786676764580624,0.5573353529161248
twitter_2061594098172346658,-0.08456279924276605,0.47887188904834005,0.9577437780966801
twitter_2061594787833123278,-0.9111547952397647,0.28676358855979067,0.5735271771195813
twitter_2061594906594791853,-0.48145319873463555,0.3819090322784432,0.7638180645568864
twitter_2061596562610864338,-0.9411299064478786,0.2806721632592055,0.561344326518411
twitter_2061596946373189772,-0.3081237262397152,0.42357278195146614,0.8471455639029323
twitter_2061596969961697390,0.45740442305805573,0.6123982528147682,0.7752034943704635
twitter_2061598896032518595,-1.0215036612497992,0.2647346090541697,0.5294692181083394
twitter_2061601463101530262,-1.06401850483259,0.25654226244193845,0.5130845248838769
twitter_2061601576985510174,-0.6801844521024744,0.3362201360409152,0.6724402720818304
twitter_2061602483030372777,-1.05924733325412,0.2574533165620829,0.5149066331241658
twitter_2061603457094610947,0.24704614369149414,0.5614493231477101,0.8771013537045798
twitter_2061604025833853188,-1.3003213661615467,0.21411093652686902,0.42822187305373804
twitter_2061604414658412555,-0.584241059088609,0.3579573109738651,0.7159146219477301
twitter_2061604496422084697,-0.8504404385620488,0.29934047364868493,0.5986809472973699
twitter_2061605238499602643,-1.089241506302045,0.2517611346086079,0.5035222692172158
twitter_2061606356839178296,-1.2487206231659138,0.22292168364711976,0.44584336729423946
twitter_2061607697498177991,-1.0795998178364283,0.2535817548915711,0.5071635097831422
twitter_2061609390323450319,-1.1343546405159626,0.24335836301129976,0.4867167260225995
twitter_2061612792185274469,-1.2423245845393016,0.22403161735481955,0.44806323470963916
twitter_2061613214564032791,-0.5995850819329548,0.3544386262249471,0.7088772524498942
twitter_2061613240207986840,-0.9664502272482077,0.27558861233994186,0.5511772246798837
twitter_2061614035125325876,-0.2155766400709388,0.4463135944329379,0.8926271888658758
twitter_2061614845875941576,-1.4336314516266628,0.1925334925346587,0.38506698506931736
twitter_2061615084833485016,-0.8610756542140086,0.2971146596641832,0.5942293193283664
twitter_2061616297029366234,-0.7274084274779582,0.32576368760122937,0.6515273752024587
twitter_2061616629902168547,0.26727265633616326,0.5664232239454253,0.8671535521091494
twitter_2061616941421437362,-0.8481836605292685,0.2998140149314474,0.5996280298628948
twitter_2061619918366536162,-0.6850493949241772,0.3351352633462331,0.6702705266924662
twitter_2061621962615427515,-0.5994623741361916,0.3544667037288799,0.7089334074577598
twitter_2061622945496371351,-0.6852938597029277,0.3350807939930523,0.6701615879861046
twitter_2061623364083671079,-0.5892512617903921,0.3568066680535111,0.7136133361070222
twitter_2061631692222452153,-0.9613155114875429,0.27661488488381697,0.5532297697676339
twitter_2061631739336982668,-0.5541092881858815,0.3649115492807018,0.7298230985614036
twitter_2061632671692857689,-0.7628618427949024,0.318025251899714,0.636050503799428
twitter_2061634050465403323,-1.0015694433547,0.2686329619988851,0.5372659239977702
twitter_2061637093755846708,-0.5993987843542654,0.35448125448122914,0.7089625089624583
twitter_2061637728719061187,-1.0341132344077015,0.26228744534131393,0.5245748906826279
twitter_2061638217523441884,-0.9862601945818594,0.2716513917857281,0.5433027835714562
twitter_2061638255402262665,-0.7577493827151867,0.3191350988970379,0.6382701977940758
twitter_2061638560374026701,0.013191017042003317,0.5032977064430907,0.9934045871138186
twitter_2061639488481247628,-1.0417084332081523,0.26082048511501066,0.5216409702300213
twitter_2061639895224094831,-0.24262737125745537,0.4396389783270576,0.8792779566541152
twitter_2061640110890987665,-1.0040321754678772,0.2681493865432738,0.5362987730865476
twitter_2061646415571321326,-0.3838039911912124,0.40520974925751246,0.8104194985150249
twitter_2061647123225903525,-1.305039639492008,0.21331807569939457,0.4266361513987891
twitter_2061650254127079723,-0.3555048795844121,0.4120481417032181,0.8240962834064361
twitter_2061653217578983765,-0.35859581080479175,0.41129952299774875,0.8225990459954975
twitter_2061653700934873157,-0.6648061711653886,0.3396607996987949,0.6793215993975898
twitter_2061654713381089756,-0.7527397584635422,0.3202246144616547,0.6404492289233094
twitter_2061655341037670744,-1.069136645967445,0.25556730490561785,0.5111346098112357
twitter_2061655416501674110,-1.0793029176586497,0.2536379556891423,0.5072759113782846
twitter_2061656325793239305,-0.292992041034511,0.427271524188749,0.854543048377498
twitter_2061656608740925833,-0.2779538938379499,0.43095547746268265,0.8619109549253653
twitter_2061656764240519202,-0.9761578722331719,0.27365481065182723,0.5473096213036545
twitter_2061658397397905842,-1.1849220256420094,0.23416835730782457,0.4683367146156492
twitter_2061659125520712067,-1.016471826916894,0.2657152153813153,0.5314304307626306
twitter_2061661447411933268,-0.9661948526542703,0.2756395981252823,0.5512791962505647
twitter_2061664918357897719,-0.9992168475850802,0.2690954263402722,0.5381908526805445
twitter_2061665122377150804,-1.1345218133821051,0.24332758194455084,0.4866551638891017
twitter_2061666828577824894,-0.951486882118119,0.2785858963056026,0.5571717926112052
twitter_2061672171467108367,-0.9362130042853487,0.28166593238848353,0.5633318647769671
twitter_2061673390692315427,-0.6598345603531086,0.34077677624955094,0.6815535524991019
twitter_2061674191594660121,-0.9612988322560208,0.2766182223953073,0.5532364447906146
twitter_2061674554888736872,-0.1749658815521855,0.4563697774145217,0.9127395548290435
twitter_2061676248821031053,-1.0542581086883387,0.25840826576426296,0.5168165315285259
twitter_2061676831338549420,0.4203371303747585,0.6035639193872794,0.7928721612254412
twitter_2061680543746470155,-0.5388569496044255,0.3684535249584586,0.7369070499169172
twitter_2061683408233734288,-0.24263350226952402,0.4396374679126534,0.8792749358253068
twitter_2061684007134249223,-0.9915263822105046,0.27061069402944443,0.5412213880588889
twitter_2061686535548707007,-1.5268205745357553,0.17845935002615987,0.35691870005231974
twitter_2061687250916618306,-1.0842102217227607,0.25271009846334297,0.5054201969266859
twitter_2061688413141573972,-1.0041079094294338,0.2681345243707665,0.536269048741533
twitter_2061688675713360328,-1.0342508264354433,0.2622608231534605,0.524521646306921
twitter_2061689000214044840,-0.7405510560404676,0.3228836547326245,0.645767309465249
twitter_2061689010368421905,-1.0016336684102864,0.2686203439350777,0.5372406878701554
twitter_2061689270902153329,-0.7122186543476041,0.3291087841560378,0.6582175683120756
twitter_2061689815423230088,-0.9264586325914701,0.2836437331682458,0.5672874663364916
twitter_2061691046149644785,-0.6723964662792576,0.33796043976897,0.67592087953794
twitter_2061694886001225919,-0.2631307200040442,0.434594264206929,0.869188528413858
twitter_2061696816643760222,-0.4866284620895868,0.3806881368315097,0.7613762736630194
twitter_2061698567161749832,-1.0390696692568056,0.26132954174452927,0.5226590834890585
twitter_2061703577085808786,-0.6850059231439726,0.33514494978113935,0.6702898995622787
twitter_2061704148198866993,-0.41587676447646577,0.3975038239536186,0.7950076479072372
twitter_2061706818146169058,-0.9611564645748308,0.2766467111570522,0.5532934223141044
twitter_2061711514198003928,-0.9913564094763885,0.2706442446486169,0.5412884892972338
twitter_2061714532960252398,-0.906136581633594,0.28779106226542506,0.5755821245308501
twitter_2061714565541359667,-0.2981024220469243,0.426021427288803,0.852042854577606
twitter_2061718789616538052,-0.4058933479970961,0.3998972268293841,0.7997944536587682
twitter_2061720825783275743,-0.6044762515733334,0.353320266935193,0.706640533870386
twitter_2061722626532286758,-0.6951242064704426,0.33289413910156174,0.6657882782031235
twitter_2061723734139109736,-1.1696738646954241,0.23691393982160475,0.4738278796432095
twitter_2061723783052882258,-0.4189171585627305,0.39677589359385845,0.7935517871877169
twitter_2061723850040398168,-0.9435082622714923,0.28019223497246437,0.5603844699449287
twitter_2061724686086770951,-0.9662449011539191,0.275629605433431,0.551259210866862
twitter_2061724845998584165,-1.1494390629619433,0.24059155540588853,0.481183110811777
twitter_2061725024814342629,0.05856607248722301,0.514637334541321,0.970725330917358
twitter_2061726334863216978,-0.6648513436100478,0.33965066798399784,0.6793013359679957
twitter_2061726752091590993,-0.9963711080477183,0.2696555027963406,0.5393110055926812
twitter_2061727189997937126,-0.9891042608336562,0.27108903920893246,0.5421780784178649
twitter_2061727951675105323,-0.3687162839328333,0.40885124900717845,0.8177024980143569
twitter_2061729574808088885,-0.9816237271728099,0.2725697195319435,0.545139439063887
twitter_2061729902705988033,-0.5691247322450802,0.36143881283732043,0.7228776256746409
twitter_2061731997160993092,-0.5017119340351348,0.3771384423667518,0.7542768847335036
twitter_2061734348361957808,-0.9711613449535099,0.274649082055642,0.549298164111284
twitter_2061736544096956873,-1.016516318995135,0.2657065345939567,0.5314130691879134
twitter_2061736692332273844,-0.971228078927703,0.27463578771585484,0.5492715754317097
twitter_2061738545904070741,-0.6346722897437767,0.34645186649601317,0.6929037329920263
twitter_2061739648871796826,-0.39385625747948316,0.4027893309181077,0.8055786618362154
twitter_2061739822952091975,-0.48175619376782997,0.38183751148993805,0.7636750229798761
twitter_2061741175904813524,-0.5893760982648222,0.3567780191353686,0.7135560382707372
twitter_2061748608593199208,-0.43606860291663807,0.3926781401422942,0.7853562802845884
twitter_2061749087477940428,-0.8684486486377345,0.29557720845179863,0.5911544169035973
twitter_2061750363644932503,-1.0293862292567364,0.26320311372906446,0.5264062274581289
twitter_2061751996466503859,-1.0540880830875814,0.25844084969235964,0.5168816993847193
twitter_2061755701848907780,-0.5745014624604942,0.3601987860310451,0.7203975720620902
twitter_2061755837203226976,-1.2326193409288502,0.22572330864043247,0.4514466172808649
twitter_2061755905616879746,-1.0041864356575865,0.2681191147898789,0.5362382295797578
twitter_2061757026028372051,-1.1142972203309096,0.24707062214227285,0.49414124428454564
twitter_2061757161567326692,-0.9764231169482662,0.27360209169407923,0.5472041833881585
twitter_2061757913115263225,-0.5893343942421746,0.35678758974293606,0.7135751794858721
twitter_2061758015368245541,-0.9814890436521901,0.2725964247879337,0.5451928495758674
twitter_2061758410199031975,-1.2951977812775408,0.21497433184902676,0.4299486636980535
twitter_2061759251740065805,-1.0013612898550672,0.26867385973942637,0.5373477194788527
twitter_2061759461656560124,-0.4814965673269587,0.38189879497848556,0.7637975899569711
twitter_2061760504650235937,-0.8810251426445423,0.2929653892138421,0.5859307784276842
twitter_2061761462675103847,-0.6397863974036564,0.34529482614842816,0.6905896522968563
twitter_2061761570565214564,-0.5821816212300986,0.3584307572908005,0.716861514581601
twitter_2061761740879089997,-0.9914431205214895,0.27062712858098825,0.5412542571619765
twitter_2061763204410229146,-0.9261076053765636,0.2837150637926485,0.567430127585297
twitter_2061764123864572371,-1.0970678033058725,0.25028970280826723,0.5005794056165345
twitter_2061764307361137021,-0.481538448312234,0.38188890893263605,0.7637778178652721
twitter_2061764569844834499,-1.0690686080917717,0.2555802495075526,0.5111604990151052
twitter_2061764769179181336,-0.9461476058997921,0.27966022910100524,0.5593204582020105
twitter_2061764949408391497,-0.9912681433376632,0.2706616683785397,0.5413233367570794
twitter_2061765174587990413,-0.6498265202681965,0.34302863165235287,0.6860572633047057
twitter_2061766097016107499,-1.0014084988020318,0.2686645838389195,0.537329167677839
twitter_2061766188795904498,-0.28799863784512447,0.4284939041062668,0.8569878082125336
twitter_2061766297008890340,-0.7103015436892361,0.32953221348283074,0.6590644269656615
twitter_2061766369222242743,-0.9159745593048361,0.2857788150998424,0.5715576301996848
twitter_2061767095587619275,-0.31828372479857614,0.42109407411888333,0.8421881482377667
twitter_2061767369442103571,-0.7931048087745545,0.3115023958600208,0.6230047917200416
twitter_2061767567073522093,-0.38062148283151476,0.4059770117130022,0.8119540234260044
twitter_2061767700309774440,-1.0267079288046417,0.2637228384349021,0.5274456768698041
twitter_2061768888707060215,-0.26273044804948603,0.43469262244177487,0.8693852448835497
twitter_2061769085138919831,-0.8182580211196708,0.3061335587220172,0.6122671174440344
twitter_2061769433035731055,-0.6221456204750587,0.34929362096802685,0.6985872419360537
twitter_2061769941108285505,-0.8258989322801904,0.30451291701041544,0.6090258340208309
twitter_2061770401114456253,-1.089262151582667,0.251757245522897,0.503514491045794
twitter_2061770861800018206,-0.7022559699414072,0.3313122401747108,0.6626244803494216
twitter_2061771484100473127,-1.1444423042414504,0.24150568248580637,0.4830113649716128
twitter_2061771764300943646,-0.5792278242066973,0.3591102906525799,0.7182205813051598
twitter_2061771830600286415,-1.0794352804186051,0.25361289947560584,0.5072257989512117
twitter_2061773755450315239,-1.225894781278232,0.22690074258446682,0.4538014851689336
twitter_2061773943711945058,-0.6826116112050733,0.33567866751227965,0.6713573350245593
twitter_2061774367202123823,-0.2880687221740666,0.42847674145975473,0.8569534829195095
twitter_2061774474630885866,-0.8964119607160863,0.28978839827252567,0.5795767965450513
twitter_2061774485171356124,-0.6398027521597841,0.34529112889842756,0.6905822577968551
twitter_2061774628343951679,-0.39580931689608945,0.4023196116372108,0.8046392232744216
twitter_2061774635893403847,-0.9259834458812343,0.28374029626544706,0.5674805925308941
twitter_2061774937107378428,-0.8660693402412556,0.2960728482370458,0.5921456964740917
twitter_2061776266710196661,-0.9613589315769568,0.27660619664769465,0.5532123932953893
twitter_2061776874708099503,-1.1926227766113482,0.23279018247009542,0.46558036494019084
twitter_2061777229613588942,-0.9912931730955097,0.2706567274343453,0.5413134548686906
twitter_2061777278963482802,-1.2271170903242485,0.22668640062492143,0.4533728012498428
twitter_2061777768132563226,-1.0942733406349503,0.2508144349261785,0.501628869852357
twitter_2061778762514244019,-0.04914622148812953,0.4877159170595293,0.9754318341190586
twitter_2061779028202107043,-0.6047757729577379,0.35325183378196606,0.7065036675639321
twitter_2061780073917690254,-0.6246223529883556,0.3487309007389071,0.6974618014778142
twitter_2061780122693218670,-0.9309975644114167,0.28272237414761275,0.5654447482952255
twitter_2061780131824226322,-0.916303347918056,0.28571171101840936,0.5714234220368187
twitter_2061780571634942062,-1.1194072407653206,0.24612125085539865,0.4922425017107973
twitter_2061781110254698864,-0.9912931730955097,0.2706567274343453,0.5413134548686906
twitter_2061781307756081632,-1.1773789130653676,0.23552380187965008,0.4710476037593001
twitter_2061781388961989046,-0.9463217236034402,0.27962515436824,0.55925030873648
twitter_2061781410738774397,-0.858286882431913,0.29769738923033817,0.5953947784606763
twitter_2061781429789548884,-0.9311122626729832,0.28269911501712525,0.5653982300342505
twitter_2061781528120590632,-0.9510480794268541,0.27867409359276746,0.5573481871855349
twitter_2061781645611459027,-1.0892229673551066,0.251764626944521,0.503529253889042
twitter_2061781811408031927,-0.3183988363042647,0.42106601319831055,0.8421320263966211
twitter_2061781946678595662,-0.3838256964518264,0.40520451797904833,0.8104090359580967
twitter_2061782112412340373,-0.5993327208743195,0.3544963715557554,0.7089927431115108
twitter_2061782469263716455,-0.911303741179295,0.2867331255796804,0.5734662511593608
twitter_2061782820977307855,-1.0366414900312864,0.26179854032126976,0.5235970806425395
twitter_2061783135424241972,-1.119336413723743,0.24613439273626472,0.4922687854725294
twitter_2061783231540691276,-0.7523064833455717,0.3203189374861667,0.6406378749723334
twitter_2061783782911578209,-0.7001251318374193,0.3317844850765196,0.6635689701530392
twitter_2061783898267275490,-1.0390845961461912,0.2613266603216201,0.5226533206432402
twitter_2061783944991854600,-1.1446968222487988,0.24145906276959037,0.4829181255391808
twitter_2061784226157011204,-0.4108849254146109,0.3986999516312633,0.7973999032625266
twitter_2061784584543510743,-0.9260216108784141,0.2837325399906602,0.5674650799813205
twitter_2061784776818741390,-1.0843638851899202,0.25268108057300953,0.5053621611460191
twitter_2061785030670549435,-0.9862812764593603,0.27164722061060315,0.5432944412212063
twitter_2061785237596627343,-0.5541298435412886,0.3649067855674878,0.7298135711349756
twitter_2061785431134355493,-1.305056327483912,0.21331527524289232,0.4266305504857846
twitter_2061785687804850513,-0.07430819002866873,0.48143149586006806,0.9628629917201361
twitter_2061786128059883578,-0.9662921838959089,0.2756201651593799,0.5512403303187599
twitter_2061786274860572990,-1.0368437901803529,0.26175944566542525,0.5235188913308505
twitter_2061786319039439111,-0.315238956248056,0.421836486876925,0.84367297375385
twitter_2061786325615862206,-0.6699176572873121,0.33851527895316774,0.6770305579063355
twitter_2061786442943111613,-0.44638654294327773,0.3902202405164834,0.7804404810329668
twitter_2061787125264372172,-0.9914561800079987,0.2706245508016657,0.5412491016033314
twitter_2061787684796764391,-0.6198054672664289,0.349825696152112,0.699651392304224
twitter_2061788555400114544,-0.6044925255507747,0.3533165485834235,0.706633097166847
twitter_2061788979091890436,-0.9310960416107252,0.2827024043410023,0.5654048086820046
twitter_2061789176497140214,-0.5643109392979173,0.36255057949499575,0.7251011589899915
twitter_2061789326925602869,-0.42098820270891946,0.3962803061049983,0.7925606122099966
twitter_2061789686616723540,-1.2572748931760458,0.2214433608664318,0.4428867217328636
twitter_2061790209600012382,-1.041692823533905,0.26082349456466586,0.5216469891293317
twitter_2061790260217147731,-1.17966574267207,0.23511230191579383,0.4702246038315876
twitter_2061790636852817996,-0.9713858205384132,0.2746043649734107,0.5492087299468214
twitter_2061790990797561874,-0.9513702653495913,0.2786093340584813,0.5572186681169626
twitter_2061791165561586087,-0.6245113746957041,0.34875610629211606,0.6975122125842321
twitter_2061791771646976095,-0.7502497317619732,0.32076688795896396,0.6415337759179279
twitter_2061792628048375945,-1.1393387161482824,0.24244179419513723,0.48488358839027446
twitter_2061792631328321963,-1.054378583499922,0.25838517943438705,0.5167703588687741
twitter_2061792877794009325,-0.6850115054228962,0.33514370592319453,0.6702874118463891
twitter_2061793028319085007,-1.1143869634671968,0.2470539278990543,0.4941078557981087
twitter_2061793183730749817,-0.6328838754484717,0.34685691569525356,0.6937138313905071
twitter_2061794459201716586,-0.9741563965268258,0.2740528198603469,0.5481056397206938
twitter_2061794965622329757,-0.6093975337208754,0.35219664086845043,0.7043932817369009
twitter_2061795094613623245,-0.8230890377274782,0.3051083366384649,0.6102166732769299
twitter_2061795440342012025,-0.43117191221784,0.3938465245006527,0.7876930490013054
twitter_2061796191747125702,-0.9310230058876839,0.28271721488813656,0.5654344297762731
twitter_2061796206565638328,-0.9914096872253387,0.2706337279659274,0.5412674559318548
twitter_2061796370177052960,-0.7424963111191109,0.3224585106150828,0.6449170212301656
twitter_2061796500410097874,-1.0491522030652654,0.2593879343287425,0.518775868657485
twitter_2061796545318510783,-0.8129675168265689,0.3072584966095024,0.6145169932190048
twitter_2061796693327200306,-0.9812727089000994,0.27263932339998953,0.5452786467999791
twitter_2061796697735389313,-0.35288642807791326,0.41268264523344983,0.8253652904668997
twitter_2061796837221351432,-1.3718374244993163,0.20232314506569815,0.4046462901313963
twitter_2061796922227113987,-1.0192567786075104,0.26517219633102646,0.5303443926620529
twitter_2061796993958044010,-0.9360994783340812,0.28168890269020364,0.5633778053804073
twitter_2061797428450177487,-0.6396475161060379,0.3453262232053313,0.6906524464106626
twitter_2061798214181744763,-1.1377557920780585,0.24273263851355298,0.48546527702710596
twitter_2061798330263314773,-0.43611366480290364,0.3926673937446776,0.7853347874893551
twitter_2061798878966333475,-1.0014169501365533,0.26866292329078584,0.5373258465815717
twitter_2061799227198493051,-1.01144777848695,0.26669661378299453,0.5333932275659891
twitter_2061799482052751415,-0.3687090379461174,0.40885300030466937,0.8177060006093387
twitter_2061799904914088329,-0.2226821608153231,0.44455837094265116,0.8891167418853023
twitter_2061800144719532348,-1.0237277988827198,0.26430190682365634,0.5286038136473127
twitter_2061800321374978463,-0.6043722947603563,0.35334401987559005,0.7066880397511801
twitter_2061800871885709496,-0.5443028435689403,0.36718720011362715,0.7343744002272543
twitter_2061800951283925172,-0.6749278048466072,0.3373943025446889,0.6747886050893778
twitter_2061801013078643016,-0.5865558936317414,0.35742548183608297,0.7148509636721659
twitter_2061801064085520442,-0.3133125485945248,0.4223063899459774,0.8446127798919548
twitter_2061801087896887380,-0.6900912670002657,0.33401277075707386,0.6680255415141477
twitter_2061801477405036950,-0.7254015206149738,0.32620464209451583,0.6524092841890317
twitter_2061801489547530278,-0.9514052813535301,0.27860229638041306,0.5572045927608261
twitter_2061801524234465316,0.04349510959875302,0.5108720634506754,0.9782558730986493
twitter_2061801627930026254,-1.1419163527189307,0.24196869009499472,0.48393738018998944
twitter_2061801650545623412,-0.8910566197349779,0.2908918263492975,0.581783652698595
twitter_2061801922106187999,-1.0992554234294736,0.24987943162182888,0.4997588632436578
twitter_2061802017790509436,-0.9563963431713789,0.27760028682968474,0.5552005736593695
twitter_2061802274503229943,0.07378636279071482,0.5184382259915351,0.9631235480169298
twitter_2061802279439671634,-0.6498257319003848,0.3430288093189366,0.6860576186378732
twitter_2061802513943449771,-1.109450543483875,0.24797333842958735,0.4959466768591747
twitter_2061802527356809340,-0.5795801030277318,0.3590292176749739,0.7180584353499478
twitter_2061802575922639275,-0.9963083221475701,0.26966786811903565,0.5393357362380713
twitter_2061802775827423337,-1.2551502187447205,0.221809884695189,0.44361976939037806
twitter_2061802815899463988,-0.7152443986760566,0.3284410571024417,0.6568821142048834
twitter_2061802995885506573,-1.1172953338844795,0.24651331591118092,0.49302663182236184
twitter_2061803109886595490,-0.012070676620680953,0.4969823674841392,0.9939647349682784
twitter_2061803330658337075,-0.5391322854765331,0.36838945785405447,0.7367789157081089
twitter_2061803427680989472,-0.9210660731568262,0.28474072435201603,0.5694814487040321
twitter_2061803675861827919,-0.6246580440661976,0.3487227947086037,0.6974455894172074
twitter_2061803748050297091,-0.6396030240277967,0.3453362818666445,0.690672563733289
twitter_2061803851473457256,-0.986416001198092,0.2716205654664037,0.5432411309328073
twitter_2061803925229936985,-0.7575937097928238,0.3191689256898377,0.6383378513796754
twitter_2061803959527133482,0.003086115890676089,0.5007715283603256,0.9984569432793489
twitter_2061804134316065026,-0.5389522123128015,0.3684313580303303,0.7368627160606606
twitter_2061804235105419467,-1.3151100471957813,0.2116330046425267,0.4232660092850534
twitter_2061804353774555529,-0.936024400896954,0.2817040941276959,0.5634081882553919
twitter_2061804409886048349,-1.047002987711433,0.25980102459760307,0.5196020491952061
twitter_2061804422917939548,-0.8705493743322175,0.29514000149045533,0.5902800029809107
twitter_2061804475614900392,-1.0840722566875498,0.25273615373245295,0.5054723074649059
twitter_2061804645329027526,-1.2526640200956942,0.22223932488482256,0.44447864976964513
twitter_2061804769539228124,0.018249596531337953,0.5045622725123121,0.9908754549753758
twitter_2061804886917013785,-0.9110951852214781,0.28677578076568205,0.5735515615313641
twitter_2061805156858007933,-0.5894902303648282,0.35675182767731467,0.7135036553546293
twitter_2061805216790708579,-1.102153887856724,0.24933653827449104,0.4986730765489821
twitter_2061805399448093000,-1.1093431595607206,0.24799336420063,0.49598672840126
twitter_2061805520848294025,-0.45112626405169814,0.38909302007311963,0.7781860401462393
twitter_2061805523763155441,0.2823736726631231,0.5701280650928968,0.8597438698142064
twitter_2061805590008234483,-0.9662530328704072,0.2756279818747441,0.5512559637494882
twitter_2061805763392143813,-0.12160831650499976,0.46963533251984224,0.9392706650396845
twitter_2061806004216672627,0.008150267311074266,0.5020375555487467,0.9959248889025065
twitter_2061806367367717277,-0.4038179052198492,0.4003953937331646,0.8007907874663291
twitter_2061806410602615017,-0.9862496513291275,0.2716534778461902,0.5433069556923804
twitter_2061806982676287756,-0.9561501159622652,0.27764966753613507,0.5552993350722701
twitter_2061807252458135712,-1.016478529814985,0.26571390757663477,0.5314278151532695
twitter_2061807436701515839,-0.2677286829231644,0.4334647848117415,0.866929569623483
twitter_2061807709813408099,-0.2658033232082681,0.43393766172987547,0.8678753234597509
twitter_2061807868504908006,-0.2577657445919645,0.43591301676386734,0.8718260335277347
twitter_2061808083987218435,-1.0386736214008114,0.2614060006280424,0.5228120012560848
twitter_2061808153478533198,-1.0648909002775255,0.25637590725857073,0.5127518145171415
twitter_2061809072970588574,-1.460935921378539,0.18832422021493248,0.3766484404298649
twitter_2061809157683245462,-0.9662413454369303,0.275630315361077,0.551260630722154
twitter_2061809290281619509,-1.1773599098998426,0.23552722346127855,0.47105444692255705
twitter_2061809490991714772,-0.7405125732061584,0.32289206828434736,0.6457841365686947
twitter_2061809500420542872,-1.1771675139855151,0.23556186690685896,0.47112373381371797
twitter_2061810242350891174,-0.9563481363403505,0.27760995425252977,0.5552199085050595
twitter_2061810286642737364,-1.1542357756029378,0.23971625201273955,0.4794325040254791
twitter_2061810496668336399,-0.6247025988512729,0.3487126757075663,0.6974253514151326
twitter_2061811244508590258,-0.8654405302960322,0.29620391765777354,0.5924078353155471
twitter_2061812166294921228,-0.8810559752181523,0.2929590026979872,0.5859180053959744
twitter_2061812227573723223,-1.0511161139062453,0.25901083391549923,0.5180216678309985
twitter_2061812350122930636,-1.2225850155906701,0.22748185581015523,0.45496371162031046
twitter_2061812407358398679,-0.8805331682537398,0.29306730552955174,0.5861346110591035
twitter_2061812579467690278,-1.513623430001431,0.1804024217042673,0.3608048434085346
twitter_2061812818752532760,-1.1970947684186222,0.23199244418742013,0.4639848883748403
twitter_2061813078899990652,0.09381017658353508,0.5234353600534243,0.9531292798931514
twitter_2061813127696564491,-1.0341969105024624,0.26227125494640285,0.5245425098928057
twitter_2061813309477945741,-0.7102514288131141,0.3295432859949233,0.6590865719898465
twitter_2061813597278445773,-0.8762601433802395,0.29395336808503153,0.5879067361700631
twitter_2061813600319156642,-0.5873267763659856,0.35724845073202605,0.7144969014640521
twitter_2061813838413283357,-1.0669768256271683,0.25597843335273834,0.5119568667054767
twitter_2061814344174780703,-0.748048730522396,0.3212466212433538,0.6424932424867076
twitter_2061815063845953777,-0.8606674299060213,0.2971999192841416,0.5943998385682832
twitter_2061815099891888496,-0.9359361359306528,0.28172195461390526,0.5634439092278105
twitter_2061815117885456540,-1.1146737633432804,0.24700058174843623,0.4940011634968724
twitter_2061815731952468242,-0.9056310223306872,0.28789469654058886,0.5757893930811777
twitter_2061815808808931719,-1.2976635444827858,0.21455850120076864,0.4291170024015373
twitter_2061815897514270750,-1.084135846469476,0.25272414431753304,0.5054482886350661
twitter_2061816002141180200,-1.187668198761778,0.23367623593457948,0.46735247186915896
twitter_2061816295189082196,0.0768811318851399,0.5192108214396165,0.961578357120767
twitter_2061816297713795484,-0.9711962476635405,0.2746421288984117,0.5492842577968234
twitter_2061816364638072900,-0.9510998994091749,0.27866367712661894,0.5573273542532379
twitter_2061816441158947196,-0.2124085386261641,0.4470966211220194,0.8941932422440388
twitter_2061816601062580470,-0.8960239948821698,0.2898682524522763,0.5797365049045526
twitter_2061816817643872271,-1.1724631425640115,0.23641004829251117,0.47282009658502233
twitter_2061816844571292059,-0.8809055687295005,0.2929901579695594,0.5859803159391188
twitter_2061816952742425036,-0.9414529662603708,0.28060694362320504,0.5612138872464101
twitter_2061817040680161756,-1.0689856617990432,0.2555960311050064,0.5111920622100128
twitter_2061817052759789785,-1.0491064128318475,0.25939673099663296,0.5187934619932659
twitter_2061817588683075880,-0.07207273048633484,0.48198961291755466,0.9639792258351093
twitter_2061817632949502218,-0.5995109895175303,0.3544555796331277,0.7089111592662554
twitter_2061817648288047153,-0.9714958790542452,0.27458244221224926,0.5491648844244985
twitter_2061817653325684983,-1.254970013908165,0.22184099145816977,0.44368198291633953
twitter_2061817683830800546,-0.9564441293034479,0.2775907039786113,0.5551814079572226
twitter_2061818570565103849,0.033382951361561886,0.5083449628709883,0.9833100742580234
twitter_2061818855702593737,-0.6447360975367704,0.3441767241706431,0.6883534483412862
twitter_2061818911658578418,-0.2509955271043575,0.43757848114998427,0.8751569622999685
twitter_2061819513562149301,-0.3333736932903444,0.41741997874883074,0.8348399574976615
twitter_2061819829414203531,-0.8856880441215562,0.29200046459883244,0.5840009291976649
twitter_2061819990773268961,-0.3234239640382056,0.4198415289689041,0.8396830579378082
twitter_2061820040848998587,-1.1041380618306507,0.24896534947572996,0.4979306989514599
twitter_2061820042581327941,-0.9210279248511675,0.284748493831139,0.569496987662278
twitter_2061820338451681538,-0.6094341883990637,0.352188277996189,0.704376555992378
twitter_2061820394021982272,-0.9461012155345603,0.27966957455348235,0.5593391491069647
twitter_2061820672129872311,-0.43879772350582413,0.39202748493278294,0.7840549698655659
twitter_2061820988183150809,-0.5944277480468189,0.35561956944723316,0.7112391388944663
twitter_2061821101546627564,-0.7631925962975304,0.31795352068117366,0.6359070413623473
twitter_2061821172850057712,-1.104866145074563,0.2488292361867656,0.4976584723735312
twitter_2061821273165177247,-0.9460481690053663,0.27968026114058986,0.5593605222811797
twitter_2061821315011760552,-1.0237277988827205,0.26430190682365623,0.5286038136473125
twitter_2061821387371950328,-0.6022756901195301,0.3538232244825451,0.7076464489650902
twitter_2061821410406797597,-0.8861752557774562,0.29189975052410977,0.5837995010482195
twitter_2061821647514984563,-0.599387122754063,0.3544839229431988,0.7089678458863976
twitter_2061821861617389883,-0.6496861881624468,0.34306025759084197,0.6861205151816839
twitter_2061822024238981315,-1.2523135345637497,0.2222999118587013,0.4445998237174026
twitter_2061822461302169634,-1.159750582079611,0.23871260864722685,0.47742521729445375
twitter_2061823208668668131,-1.0468965186922414,0.2598214995876196,0.5196429991752392
twitter_2061823334195568911,-0.9109891153371621,0.2867974763059885,0.573594952611977
twitter_2061823587128836417,-0.674961238142758,0.33738682825812505,0.6747736565162501
twitter_2061823787960557939,-0.11943591772865275,0.470176464716468,0.940352929432936
twitter_2061823813675897232,-1.202469557890994,0.23103618724121017,0.46207237448242033
twitter_2061823850740842603,-0.333382625924017,0.4174178065077521,0.8348356130155042
twitter_2061823864691102073,-0.6497173489323621,0.3430532349250486,0.6861064698500972
twitter_2061823876783325433,-0.6498515390099988,0.3430229934511053,0.6860459869022106
twitter_2061824026234790380,0.02130914580227128,0.5053270848753372,0.9893458302493257
twitter_2061824070958956668,-0.8532299703512443,0.2987557367775957,0.5975114735551914
twitter_2061824121835860307,-0.4411949288320008,0.39145627849458664,0.7829125569891733
twitter_2061824192136262143,-0.7455895541262073,0.3217830733901488,0.6435661467802976
twitter_2061824324718494204,-0.6248222271555935,0.3486855071584441,0.6973710143168882
twitter_2061824388471595469,-0.43619825283617236,0.3926472213980538,0.7852944427961076
twitter_2061824538585743703,-1.1192124783239028,0.24615738995251762,0.49231477990503525
twitter_2061824572731564481,-0.4410397754198152,0.39149323949293496,0.7829864789858699
twitter_2061824662326456809,-1.2274466003376185,0.22662864282837306,0.45325728565674606
twitter_2061824703266951566,-0.7878552769203327,0.31262936846548994,0.6252587369309799
twitter_2061824717078540707,-0.0019641006624144808,0.49950897499224833,0.9990179499844967
twitter_2061824806564094433,-0.6346761964748909,0.3464509819228792,0.6929019638457584
twitter_2061824992929591420,-0.5219615910862723,0.3723936626045357,0.7447873252090714
twitter_2061825106498707574,-0.8030802674749635,0.3093670056559214,0.6187340113118428
twitter_2061825142842335636,-0.8959321267823512,0.28988716337405845,0.5797743267481169
twitter_2061825162258100264,-1.1570891519412876,0.23919660369992127,0.4783932073998425
twitter_2061825205136200035,-1.2374027648467325,0.22488839563934976,0.4497767912786995
twitter_2061825391375929358,-0.4788155205484246,0.3825318617869703,0.7650637235739406
twitter_2061825687313383644,-0.9110658084751273,0.286781789388834,0.573563578777668
twitter_2061825762584654286,-0.36572728246249764,0.4095738628007854,0.8191477256015708
twitter_2061826107112853914,-0.6095780821675815,0.3521554490873258,0.7043108981746516
twitter_2061826161966190753,-0.9411607390214889,0.28066593834960185,0.5613318766992037
twitter_2061826176314905022,-0.47655329018552756,0.3830663452016187,0.7661326904032374
twitter_2061826196741276108,-0.9610491152845018,0.2766681936937526,0.5533363873875052
twitter_2061826244543471970,-0.6871552473488568,0.33466620113485995,0.6693324022697199
twitter_2061826251153637661,-0.8179147093209818,0.30620648842663617,0.6124129768532723
twitter_2061826294250455065,-1.026554991051544,0.2637525359060561,0.5275050718121121
twitter_2061826317688111468,0.17132523266091737,0.542726848192219,0.9145463036155621
twitter_2061826329784324139,-0.9613184963354784,0.27661428761885853,0.5532285752377171
twitter_2061826374000578756,-0.820524242728502,0.3056523890444183,0.6113047780888367
twitter_2061826421702459869,-0.7504524680353641,0.3207227182988909,0.6414454365977817
twitter_2061826508642038254,-0.12980650079021067,0.46759386490825305,0.9351877298165061
twitter_2061826526883287501,-1.0792130047865758,0.2536549770892382,0.5073099541784764
twitter_2061826527566663765,-1.2224650618573365,0.2275029364319569,0.4550058728639138
twitter_2061826539444895801,-0.6804585693027628,0.3361589623645848,0.6723179247291696
twitter_2061826634819178659,0.18647030078213422,0.5464829642529209,0.9070340714941583
twitter_2061826825228362207,0.048532486787055684,0.5121307407257075,0.975738518548585
twitter_2061826828830986588,-0.994185791140761,0.27008609877519235,0.5401721975503847
twitter_2061826998226546817,-0.9056464331240233,0.2878915371635199,0.5757830743270398
twitter_2061827037187146230,-1.1146490334238865,0.24700518132693153,0.494010362653863
twitter_2061827140375441506,-0.1449426422005447,0.46382764413926936,0.9276552882785387
twitter_2061827196096754111,-0.36066823997785624,0.41079781351667594,0.8215956270333519
twitter_2061827304418840758,-0.9311917132051752,0.28268300429051013,0.5653660085810203
twitter_2061827437038854398,-0.8231090410691677,0.30510409560171187,0.6102081912034237
twitter_2061827497181032588,-0.5342704008723745,0.36952143676959837,0.7390428735391967
twitter_2061827523000856721,0.08576027321474244,0.5214269372996554,0.9571461254006892
twitter_2061827567662022997,-0.986540938242831,0.2715958482727048,0.5431916965454096
twitter_2061827663967240611,-1.1445853256609664,0.24147948469239044,0.4829589693847809
twitter_2061827664642462077,-0.8002412849266138,0.3099739080529467,0.6199478161058934
twitter_2061827669159780636,-0.9261353202439553,0.2837094315881559,0.5674188631763118
twitter_2061827686733877659,-1.0693827361174066,0.25552048841695024,0.5110409768339005
twitter_2061827701716271215,-1.3751377690783577,0.20179103068890472,0.4035820613778094
twitter_2061827730677580160,-1.1647325897086374,0.23780841277971418,0.4756168255594284
twitter_2061827852815991202,-0.9259834458812343,0.28374029626544706,0.5674805925308941
twitter_2061827885996925025,-1.0443541792069877,0.26031072626120255,0.5206214525224051
twitter_2061827891600482732,-0.6799963858737491,0.3362621092316578,0.6725242184633156
twitter_2061827988849574117,-1.2074300443884438,0.23015609083407648,0.460312181668153
twitter_2061828008646676862,0.0384532374949037,0.5096121249876822,0.9807757500246357
twitter_2061828055736230093,-0.34852936959304315,0.41373909049453733,0.8274781809890747
twitter_2061828063453651221,-1.0620088704533013,0.25692574414465197,0.5138514882893039
twitter_2061828104784584743,-0.7172549367742561,0.32799775073906456,0.6559955014781291
twitter_2061828323722838316,-0.9132022494071326,0.28634500517850836,0.5726900103570167
twitter_2061828468317528184,-1.072432434097227,0.2549407777515229,0.5098815555030458
twitter_2061828554053292263,-0.5288259876121278,0.3707907493826381,0.7415814987652762
twitter_2061828571103211704,-0.6548309491048969,0.34190172122084606,0.6838034424416921
twitter_2061828768835002853,-0.7103566934178339,0.32952002877588227,0.6590400575517645
twitter_2061829285413896550,-0.7397450811537845,0.3230598900093771,0.6461197800187543
twitter_2061830590203076760,-0.9711613449535099,0.274649082055642,0.549298164111284
twitter_2061831043632525418,-0.9314440765591441,0.28263183454109386,0.5652636690821877
twitter_2061831805230338244,-0.569183041072946,0.3614253552220853,0.7228507104441706
twitter_2061831855515537795,-1.029239050340737,0.2632316567239583,0.5264633134479166
