{
  "raw": {
    "brier_score": 0.20827928185462952,
    "ece": 0.055669513611860996
  },
  "calibrated": {
    "brier_score": 0.2033043890647831,
    "ece": 0.011744518109846223
  }
}