post_id,split,modal_label,in_unanimous
reddit_1ttmc22_op47yyz,train,keep,False
reddit_t1_mqyz2mb,train,keep,True
twitter_2060991624079945735,train,keep,True
reddit_t1_mz2tv11,train,keep,False
reddit_t1_mzpxg3d,train,keep,True
reddit_t1_msyn0ew,train,keep,False
reddit_t1_mzrz876,train,keep,False
reddit_t1_mrkgxrf,train,keep,False
reddit_t1_mz2nejs,train,keep,False
reddit_1tux6at_opddc63,train,keep,False
reddit_1tzwh8s_oqfro64,train,keep,False
reddit_1u2ek28_oqxby3h,train,keep,False
reddit_1tsurmm_op2lvct,train,keep,True
twitter_2096612753754488921,train,keep,False
twitter_2096534676915528121,train,keep,False
reddit_t1_mpxmlk4,train,keep,False
reddit_1ttui2j_op5c76d,train,keep,True
reddit_t1_mykmoc8,train,keep,True
bluesky_f42371c613b7207611333e260bfd31b69e2e2dd40d0587f7c595f0f39b9cf31b,train,keep,True
twitter_2059788511419531334,train,keep,True
bluesky_de7caaf97846f9d307e5b70fecb1f807257a28703b2ea3f1cbdedcad59bff364,train,keep,False
bluesky_aeddf92353b36f948ec4403137e7b3a73f28f99642eaeeb51ca708581db49fad,train,keep,False
bluesky_c1f27b9aaed37092d9cd8f6645367d9b1e8fc589be77d333dc4e68176797cd38,train,keep,False
twitter_2061544976383627651,train,keep,False
reddit_1try6d7_oq53g75,train,keep,True
twitter_2060395216801317357,train,keep,False
reddit_t1_myvbdhb,train,keep,False
bluesky_34ccb2078e302740879c01814b5efad6872c6cb8e20d2f60d6ef3c393650b3d6,train,keep,False
twitter_2060345522347549100,train,keep,False
twitter_2061811244508590258,train,keep,False
bluesky_bb35e3e861c30d2044c765fffcb56768eda2a89228aabed76a5bf5f55c5c7e04,train,keep,True
twitter_2061815808808931719,train,keep,True
reddit_t1_n0a4dao,train,keep,False
reddit_1t84e9i_okw2jop,train,keep,True
twitter_2061173358561996904,train,keep,True
reddit_1tnf5qd_onvivpp,train,keep,True
twitter_2060888440720457791,train,keep,False
bluesky_0ab7532000f6d8b87bf02ee4d10f1a6e1beb884dd72ab3f3da69b9e0076dee36,train,keep,True
reddit_t1_mwwonuo,train,keep,False
reddit_t1_mzzrjbl,train,keep,False
bluesky_5994cf11d99f0d109aad1ff9c2d39d8c313c1f1a0344aad2983480f6fc4a019e,train,keep,False
bluesky_d4f7968917ba791c58517f6d0dc243d54ce47d33aed513b3813686fd740f7665,train,keep,False
bluesky_cece6a2bb8bd1204d14169c234ab5d7679b651a23b64d0e1cfd1e15aad1851d2,train,keep,False
reddit_t1_muonz4v,train,keep,False
reddit_t1_mqlacms,train,keep,False
reddit_t1_mz64j45,train,keep,False
reddit_t1_mx7xw1o,train,keep,False
reddit_t1_mztz4me,train,keep,True
reddit_t1_mxqwbcc,train,keep,True
reddit_1limgku_mzd41n4,train,keep,False
reddit_t1_msmxiak,train,keep,False
reddit_1lj8oo7_mziyzrc,train,keep,False
reddit_1tzs7nk_oqfgh13,train,keep,True
reddit_t1_mxdck69,train,keep,True
reddit_t1_mruiaat,train,keep,False
twitter_2061714532960252398,train,keep,False
reddit_t1_muybwn8,train,keep,False
reddit_t1_mrmc1sx,train,keep,False
reddit_t1_mqb0m24,train,keep,True
reddit_1ln4vc3_n0et0xk,train,keep,False
bluesky_3db3a7222fcdfe118436b6edc2694cda0429be6848ffeb8f0a98b26febe99a19,train,keep,False
reddit_1lilu4s_mzek915,train,keep,False
twitter_2060065054037246354,train,keep,True
reddit_t1_mwn3gd6,train,keep,False
twitter_2061812166294921228,train,keep,True
twitter_2060557541227000049,train,keep,False
reddit_t1_mrzz4w2,train,keep,True
reddit_1ti0vzj_omrv089,train,keep,True
reddit_t1_n0fukms,train,keep,False
reddit_t1_mt9twra,train,keep,False
reddit_t1_mqdhlzk,train,keep,False
reddit_t1_msg1g2s,train,keep,True
reddit_t1_msuxkrt,train,keep,True
reddit_1l5kqio_mwj466w,train,keep,False
reddit_t1_mqry4mf,train,keep,True
reddit_t1_mw81r9h,train,keep,False
twitter_2095532027617460735,train,keep,False
twitter_2060693788192858146,train,keep,False
reddit_t1_mz24hmn,train,keep,True
twitter_2061597955153408201,train,keep,False
bluesky_99ce89a7e826061c986601a779d364dedbb95c97cf68d59a5c601847aa13c3e5,train,keep,False
reddit_t1_mzl9q9m,train,keep,True
reddit_t1_n0m1qi9,train,keep,False
reddit_t1_mzpehdy,train,keep,False
reddit_1tlwrxj_onj3hqr,train,keep,False
reddit_t1_mq0sc03,train,keep,True
twitter_2061271687707111762,train,keep,False
bluesky_293a7a5a22f118b8eb8fe0693aff2d976170cbe3b6e8cbd89fe8d49cd5d276fc,train,keep,True
bluesky_bc99bf6f84a2078c88e208d9b110fcb721849c7e0a28940b3f9173f9054df22e,train,keep,False
bluesky_344fee364dfcce6afa023c4151a07483c28f25edac2513a0e3bdc0f61e9efa8b,train,keep,False
bluesky_26481f12128b676a96a5171f53e556e3155e22869cfcc20cc7da76593c089a7f,train,keep,False
bluesky_365ca7de55d59a4848e22381d557d5f0f01a10b9ef0d58fdd57273151169a236,train,keep,False
reddit_t1_mq0mrro,train,keep,True
twitter_2096259588861350244,train,keep,True
reddit_1llvimx_n05081j,train,keep,False
bluesky_c40e6ef4d2748164c070755f745d58a2727e6a62a5ba89467c189899d4b39a92,train,keep,False
twitter_2061771764300943646,train,keep,False
bluesky_a74ca5042d9f53c2c208f340e6e2077c279f28bcf1d5e3889281e03c53073dc4,train,keep,True
twitter_2060853647311769874,train,keep,True
reddit_t1_mrmtdrc,train,keep,False
bluesky_1eae9db4617a98c6e0bb9e2277bd7973b49ceb5ea978cd20eb8590e95d9c823a,train,keep,False
reddit_1tvyk2a_opsblkn,train,keep,False
reddit_t1_mqfenw3,train,keep,False
reddit_t1_mr9lfuc,train,keep,False
reddit_t1_mrgloja,train,keep,False
reddit_1tjuw8j_on4fua1,train,keep,False
bluesky_c65c3a2548cdc05cf87e6ada40cd39aea75d60f7d2732020d215a40131affb33,train,keep,False
reddit_t1_mxjsl9h,train,keep,False
reddit_1kljha9_ms3i8ip,train,keep,True
reddit_1txrk7b_oq2k3at,train,keep,False
bluesky_1a47894f1299374f982cf132102f553b28dca3e31890c4853d06c14e305f4414,train,keep,True
reddit_t1_n073bln,train,keep,False
reddit_t1_mwrxnzw,train,keep,True
reddit_t1_muiwfat,train,keep,False
reddit_t1_mwgrl0u,train,keep,False
reddit_t1_mv3pgd2,train,keep,True
bluesky_682a029485a69835a54b8a27fe0d72211cce37c2d6641fc874d99c945a41e2e1,train,keep,False
reddit_t1_n0bp628,train,keep,False
twitter_2061494752780939642,train,keep,False
reddit_t1_mq1dzw9,train,keep,True
twitter_2060191253283704940,train,keep,False
reddit_1tx0jmc_opyj1ut,train,keep,True
reddit_t1_mzq14c4,train,keep,True
reddit_t1_ms7dj9d,train,keep,True
reddit_t1_mthlmce,train,keep,False
reddit_1toqwtm_oo3q4ze,train,keep,False
reddit_1t77fqu_okn6bpu,train,keep,False
reddit_t1_n03eenb,train,keep,False
reddit_1twgtct_oposik7,train,keep,True
reddit_t1_mutv13w,train,keep,True
bluesky_92e7332de80f0966b7275a91531055fa1d0545ffe450e69791a5f834ba882857,train,keep,False
twitter_2061457119572807948,train,keep,False
twitter_2061485778274820245,train,keep,False
twitter_2060531959634276550,train,keep,False
reddit_t1_mtostpb,train,keep,True
bluesky_9f4f65f7f801e89861747a1e8958c9c2ae2b19d1fb4fd7238dc405ca87e0cdf8,train,keep,False
bluesky_f465ec103c0ef4e2a6ef97378e86e4b6f27b4acf68b6ad125bca1eaafa57e407,train,keep,True
bluesky_deb760a895ee8529d80040b2409b2a6677b06e7bc6905962efcea418018677a1,train,keep,True
reddit_t1_mwj28lw,train,keep,False
reddit_t1_mu6ak4z,train,keep,False
reddit_t1_mq9199v,train,keep,False
reddit_t1_mxfhps9,train,keep,False
bluesky_c0dd67d5398f215e1e244d5b02584535a577725cac9ab63c123ea49ad5451402,train,keep,False
bluesky_b4274c2446e721f2573cb1c7a7331bea5ad713cd83182ea4793a81c4e9720929,train,keep,False
reddit_t1_mv9347h,train,keep,False
twitter_2096662967941030068,train,keep,True
reddit_1trbfkm_oos9h8v,train,keep,True
bluesky_d9363ee4f8ffe2a69344456b596aa1ecc6ce03a37c194d769c2869076fea649e,train,keep,False
bluesky_218656d7ff731fd883bdd49860da903eb9d44c4c3a9eeb7cefc1a9ec9a9dd3f9,train,keep,False
twitter_2061558164852482284,train,keep,True
reddit_t1_mqh3jll,train,keep,False
reddit_t1_mvtbp2c,train,keep,False
bluesky_633948539f6a9f3703587fccc107a1154ff133f3d734f7653c54497d434c8b14,train,keep,True
reddit_1tyu1q6_oq9bfsc,train,keep,False
bluesky_325cf265341892c14ca24769d1559a520f11292cee351713f29434d99003be85,train,keep,True
reddit_t1_mtaw5lk,train,keep,False
reddit_t1_mrx1kmn,train,keep,True
bluesky_385f8b7dabb0b1a5b866d66ef124bbc25ac1194bd689e5452645fbf7d4204887,train,keep,False
bluesky_3f3d11f09e8bda6029e49be20bc031877e40cc38da5bed485f7ea2ca31165363,train,keep,True
reddit_1u0drc9_oqifyyh,train,keep,True
twitter_2059382028508831794,train,keep,True
bluesky_08c48fba08d7e490bdd23ef414b62e1519e2184c1ec966a0543fa3340ef3985e,train,keep,False
bluesky_c3988dd9b747baf9210d6bc2e9d9af379207e4087a57aa632818de16da4ae9fe,train,keep,False
bluesky_da32e6113d950dcfd24b4c72241d39b1b2d2b7e51c46f8f0b7b3a306c86eff73,train,keep,True
twitter_2061783135424241972,train,keep,False
reddit_t1_musj9le,train,keep,False
reddit_t1_mz3lua6,train,keep,True
twitter_2060844738299785409,train,keep,True
twitter_2061054560542818698,train,keep,True
bluesky_bef1fc3e9d0e44dd091e0ee02480737644f7e0e5373e0c8942df5a2c0b56916d,train,keep,False
reddit_t1_mxg6qzu,train,keep,False
reddit_t1_mx38852,train,keep,False
bluesky_536b455878c91db36c1418f0a9ee5fd6ba565114c7aee054f539471a7e61c9a1,train,keep,True
bluesky_6783c5aae1c7c543eb0caa14e8bf4c1d8b7a2942affedecaa2f52269e214018d,train,keep,False
reddit_1t7d5jc_ol1oesk,train,keep,True
reddit_t1_mynmi9s,train,keep,False
twitter_2061803675861827919,train,keep,False
bluesky_024b70c92cf104851bd435ac8e73947dcc790c10c3be29616d80adba54709822,train,keep,False
reddit_t1_mzmod4t,train,keep,False
reddit_1u0y79a_oqu7bpv,train,keep,False
reddit_t1_mwgwh0x,train,keep,True
bluesky_6ae3c111b0f04c9ed596a925eccd15820e9ff35826c7c904959914514cf7dcda,train,keep,False
reddit_t1_mq4fxuw,train,keep,False
twitter_2061461782170943708,train,keep,False
reddit_1two3nw_opqy86y,train,keep,True
twitter_2060360354623115556,train,keep,True
reddit_1tv99t4_ophmbix,train,keep,False
twitter_2060752368203862235,train,keep,True
reddit_1tv4jag_opkpmxv,train,keep,False
reddit_t1_mxqjtwm,train,keep,False
reddit_1tux6at_opd83ct,train,keep,False
bluesky_7b78fde1d88cad06b1cc7e13a7b8b83e678a1b2710c4fdfabecf3d2cd975be53,train,keep,False
twitter_2059969741108675026,train,keep,False
reddit_1tx0uiq_opssmic,train,keep,False
bluesky_986c2aef01f36afd856d43edc195f8be856981ac363426d78779c89285bd6420,train,keep,True
reddit_1u2almy_oqvycnc,train,keep,False
reddit_t1_mxrk1k5,train,keep,False
reddit_t1_mqqyvhi,train,keep,True
bluesky_68f42aebc7d8b2070eae73ca873edf926d26484c42b94f15d6531ede2da4c74d,train,keep,False
reddit_t1_mrkrk4y,train,keep,False
reddit_t1_mv6iw7x,train,keep,False
reddit_t1_mv4889z,train,keep,False
reddit_1kknpr7_mry0upw,train,keep,False
reddit_t1_mxn6ktk,train,keep,True
reddit_1tux6at_opduhef,train,keep,True
twitter_2061758410199031975,train,keep,True
reddit_t1_myz1t1q,train,keep,False
reddit_1thox1m_omoznyr,train,keep,True
reddit_1tvywom_opkv2vt,train,keep,True
reddit_t1_mqmi5jk,train,keep,False
reddit_1t4w5i9_ol6vs49,train,keep,False
twitter_2061565489604633033,train,keep,False
reddit_1tsfgd5_oouzfc8,train,keep,False
bluesky_48571197f07bb78ab52b2b0a43856a6d9f09088dd3d08bc1a55fc1d6cdb6cf38,train,keep,False
twitter_2060105463430086661,train,keep,True
reddit_1kf5pvv_mqoc9mr,train,keep,False
twitter_2061453915321663996,train,keep,True
reddit_t1_mqar74x,train,keep,True
reddit_1tuzwvu_opdmsbj,train,keep,False
reddit_t1_n09vyug,train,keep,False
twitter_2059348850574594280,train,keep,True
reddit_1t3hfnf_ojxctnc,train,keep,False
reddit_t1_mx0fnnw,train,keep,False
reddit_t1_mtjws6b,train,keep,False
twitter_2061387123819720888,train,keep,False
twitter_2061562364852384103,train,keep,False
reddit_1tqyx7p_oojzn81,train,keep,True
reddit_t1_mugt4ne,train,keep,False
reddit_1llvimx_n055hl4,train,keep,False
reddit_t1_mxqpxan,train,keep,False
reddit_t1_mz7uycy,train,keep,True
reddit_t1_mrivvju,train,keep,False
twitter_2061271810843492830,train,keep,False
reddit_t1_mr3paqy,train,keep,False
bluesky_4fc449f62f8220e9e26afc4988c372c66ae07be2f7cbe8e660397fa1e7cd56cf,train,keep,False
reddit_t1_mypkyo9,train,keep,False
reddit_t1_mz91ni6,train,keep,False
bluesky_65ad4acc1feb300b7de36b9e8273e188d24c679fb471d33ff68a673206d5e6cb,train,keep,False
bluesky_19c565439e3eba5b51cea5f2f93745ef941f10a0c1579f2cc7238c20415bdd4f,train,keep,False
reddit_t1_mwsam1j,train,keep,False
reddit_t1_mvb3b6q,train,keep,True
reddit_t1_msyoq9f,train,keep,False
reddit_1t84e9i_oktel74,train,keep,False
reddit_1tgwl5y_omjmvot,train,keep,False
twitter_2096240403674526174,train,keep,False
twitter_2061611681600659526,train,keep,False
bluesky_8ddfca33341afbfd069836e42ce9f5d2a4cbaf05dc1b802b8ecb11ea00ecda9f,train,keep,False
bluesky_aa477d6c5e2cf3a4dfc837380e5d9452839caff38d0cc412e6d741a39e59c1a3,train,keep,False
reddit_t1_mv1xyq9,train,keep,False
reddit_1sd2zf3_oepnkz4,train,keep,True
reddit_1ljhl23_mzmpmt9,train,keep,True
reddit_t1_mwc8k4a,train,keep,False
reddit_t1_ms32ugw,train,keep,True
reddit_t1_ms3nb0t,train,keep,True
reddit_t1_mto49gx,train,keep,False
bluesky_b9c17aee59c96d24ee54a1d4cd2023876620d5d6077f026712f2781a9b23435f,train,keep,False
bluesky_86b9b306b306eaa1a026a0e05f612cb6daaa015577a997c528d3900a7e89b1d8,train,keep,False
reddit_1tgwl5y_omjkcef,train,keep,False
reddit_1txtwqc_oq45ead,train,keep,True
reddit_t1_mr38qjr,train,keep,False
bluesky_9ec0992d06bb1d2c8d2c73e66087abd95ea232753580ff3964b90049cef2a6ba,train,keep,False
reddit_1ljukdf_mzmrewd,train,keep,True
reddit_t1_msxqyl6,train,keep,False
twitter_2059910535773323762,train,keep,False
reddit_t1_my9lf9r,train,keep,True
twitter_2061723783052882258,train,keep,False
reddit_t1_mwclpx3,train,keep,False
reddit_t1_muvhnlf,train,keep,False
twitter_2061797131338371574,train,keep,True
reddit_t1_mq085hz,train,keep,False
twitter_2060037504032752117,train,keep,True
bluesky_0fedb45a50e82fab7f538dd6d0a34066a56a2d349e857e2b58dc4ce205b37350,train,keep,False
reddit_t1_mtu6avs,train,keep,True
reddit_t1_my3a44g,train,keep,True
bluesky_bfdb5d8ca743bb6b82c59a70c532e8263aa842b31d2900440ff521f01fb8ab52,train,keep,False
bluesky_52b31e9fa9c2072d13e07c68ecb480a95d0ac9ec2da2b70cccf7df01271c6ed4,train,keep,False
twitter_2059777848370708856,train,keep,True
reddit_t1_n0lbt1n,train,keep,False
reddit_t1_mtb3rm4,train,keep,False
twitter_2059640851152667103,train,keep,False
twitter_2061392769462018431,train,keep,False
reddit_t1_mrzzr9g,train,keep,True
reddit_t1_mwyv4ml,train,keep,False
reddit_t1_mt4cj7c,train,keep,False
bluesky_08bee4ddcd4e3a76fcdda02880e7b93c9ef46d44bc8e43b3ae036334afac75fd,train,keep,False
reddit_1l6tjrt_mwsyerc,train,keep,False
bluesky_b7a4f350de877d1b9705d5d4a6ef870642bb2546e5b91b9d569396efe26412be,train,keep,False
twitter_2061804023523459488,train,keep,True
reddit_t1_mru1po4,train,keep,True
reddit_t1_mtip4ql,train,keep,True
reddit_1u1k8nd_oqsd8v9,train,keep,False
bluesky_894837aac30229171bca49df200a161f0966e2284c1a8cf00283b56cac8193d9,train,keep,False
reddit_1tpc5tu_oo8x0cf,train,keep,False
bluesky_3ea27c274e272adb461d8f29e0877916b708cefdef56ef2831332a3c9e87c42c,train,keep,True
reddit_t1_msndbyg,train,keep,True
twitter_2061753539949469966,train,keep,False
reddit_t1_mukn736,train,keep,True
bluesky_18c90f926c5eb6ea0d02055c5d96082a133d270c7b2dbd67838e0fa292867320,train,keep,False
bluesky_2f5f837031fb643d5a2da6259229e84a68193725772dfb342fa16ba86fbb5c32,train,keep,False
reddit_t1_mxd5m4z,train,keep,True
reddit_t1_n03ukr3,train,keep,True
bluesky_6a6c356e59f7d689a1ea0200d26f31281729f8f1e5366d97c85d27da560896bd,train,keep,True
bluesky_0c452efe817523bc7a8f42deafe3eb1c6cffba791ae41a6b57422c5f0e417a96,train,keep,False
twitter_2061817040680161756,train,keep,True
reddit_t1_n0lm4k0,train,keep,False
reddit_t1_mxs4dtw,train,keep,False
reddit_t1_mq03vgu,train,keep,False
reddit_t1_mwcupq1,train,keep,False
twitter_2095215570321129743,train,keep,False
reddit_1tb0kz2_oldpduo,train,keep,False
reddit_1tt31k9_op190bm,train,keep,True
bluesky_4e6a27e3377171cef07acd3f94c32247c1c91bea6b4d97ecc8ee31bac2f33826,train,keep,True
reddit_t1_mzdx3h3,train,keep,False
bluesky_621eac4a05a41ac84531a1a26cfa0d194553153229ec765cfe0effb5baedeeac,train,keep,False
reddit_1l94fh5_mxalxut,train,keep,False
reddit_1krdu4s_mtcmvsq,train,keep,False
twitter_2061455304412520803,train,keep,False
twitter_2096674308773028206,train,keep,False
reddit_t1_mux4zxm,train,keep,True
reddit_t1_msz5dok,train,keep,False
bluesky_a4f0ac3cf3cb721c97a8fd9a22cd756d84708e0e9ef440e7923c124c6c010105,train,keep,True
reddit_t1_mu00jb7,train,keep,False
reddit_t1_mq6thg7,train,keep,False
reddit_t1_mud2zhy,train,keep,True
reddit_1txsm52_opz94ee,train,keep,False
reddit_t1_mrnqrq8,train,keep,True
reddit_t1_mqdtefb,train,keep,False
reddit_t1_mrhl9b7,train,keep,True
twitter_2061245079562469696,train,keep,False
reddit_t1_n095rsk,train,keep,True
reddit_1twgtct_oppzy9w,train,keep,False
bluesky_b58000843e70a7b8e694d93705eecd6aced83beced6efbe356f0b6b26a5178f6,train,keep,False
reddit_t1_n0hnygt,train,keep,False
bluesky_26cff4f46feb96048d544da1b5bdc0d68dbf39138c68ab78a7b526405adfe279,train,keep,False
bluesky_5f904dfb7cb111c2cafbbe2c90cee9f9aaf9c4f5f1fb0fa107170046fa7bcdc5,train,keep,False
reddit_t1_mylwyv5,train,keep,False
reddit_1ttcu5f_op2plcf,train,keep,False
reddit_1kchwvg_mq4usow,train,keep,False
twitter_2061587770473427197,train,keep,False
twitter_2061625159329706293,train,keep,True
twitter_2096297730977259719,train,keep,False
reddit_1tuzkhw_oph7gum,train,keep,True
reddit_t1_mtpk2d3,train,keep,False
reddit_t1_mvsylq9,train,keep,False
twitter_2059854959278162060,train,keep,True
bluesky_caff167096a684e69e062356defd437a53fb6c874ebf2d7189ecb50ed7db232e,train,keep,False
reddit_t1_mry8yxj,train,keep,False
reddit_1tby4a6_ollmas2,train,keep,False
reddit_t1_mrhtg2c,train,keep,False
bluesky_f733fac2ce3a6136410de8026b51c4c5fcc091dd83d51b815adea8d65e68cee9,train,keep,False
twitter_2059748238052499830,train,keep,False
bluesky_7a7f74689dfd891798632d36ae7c9bafb4359567e782451d4dff4e95f75e333f,train,keep,True
reddit_t1_mwxwcli,train,keep,False
bluesky_6bd9e07ddaa9d0a60cde9883940e5b4d355d0696dc7c7eaa791e6997f1ffde73,train,keep,False
bluesky_1a1c3565cc0afb38271239d90aa0d58dbf2fbb216b27a0e46f1acff449417706,train,keep,False
reddit_t1_mv52d16,train,keep,False
reddit_t1_mwwktr6,train,keep,False
bluesky_71daa548c157d839e5b25d7534baf79e91b62cf45ddcadb78037f5c47ad13eaa,train,keep,True
bluesky_29ac3d6497cfd335a7858d08fa1cc2baccf0aa2bf525fcf09d3d8f2339f0de04,train,keep,True
reddit_1l67snm_mwnm2lq,train,keep,False
reddit_1tpehvg_oo8zbp6,train,keep,False
bluesky_a10a71d509fa3fba1f95261245988348f1ba2b8b73164270a778cff67dca24ca,train,keep,False
bluesky_dfa9eee38d86561d97921366fff86e9dff6f85b1e9e39cb352a94722759a7b87,train,keep,False
bluesky_dbc6112dea41f23158d73b08e3df2c3c773d40fbf47f5005cc6b4250130af847,train,keep,False
bluesky_e9f5163161f0bd15c8445979cd63d3295301e85f731959396d1fd411c0046ea4,train,keep,True
reddit_t1_mvp8k6x,train,keep,False
reddit_t1_mvtcgpp,train,keep,False
reddit_t1_mr91v4l,train,keep,False
twitter_2061537355740188783,train,keep,True
bluesky_bc2d4c0f5ba0e9613c05aada4eb8e163382b2df7e96c7b1aaaa56a67c623a5ee,train,keep,True
bluesky_8b520e0f4600e27f2560018c79fb908404446d2ffb7315571177a9ded887fd31,train,keep,False
twitter_2061201957881057599,train,keep,True
reddit_t1_mrr33du,train,keep,True
reddit_t1_mx2hd7x,train,keep,False
reddit_1t4fs97_ok4aot8,train,keep,True
reddit_t1_mznsukl,train,keep,False
reddit_t1_msxna2b,train,keep,False
bluesky_addd460dca2c7b276530bb033a452186e774d7cbcc3c79ce246aee6186227f13,train,keep,True
bluesky_4e5e9fd19679e15b580e35a243e69cbd23f1d356c0a5fcb3e8ac91789a5635a4,train,keep,True
reddit_t1_mt0o4if,train,keep,False
twitter_2061824589898850498,train,keep,False
reddit_t1_my0bobg,train,keep,False
bluesky_5daa17a2000d7c3935f1ea20e328a0d80e7f81c450f8980248f01225b8a223d1,train,keep,True
bluesky_5cb5c007a8d7f4ee1168407460933e7344e5c28c01bb45459858328aa6ca9698,train,keep,False
reddit_1tzgcp8_oqbmr84,train,keep,True
twitter_2061487811585343878,train,keep,False
reddit_t1_mq7woch,train,keep,False
reddit_t1_mu6zc9m,train,keep,False
reddit_t1_mw9ze91,train,keep,False
twitter_2061315136317485391,train,keep,False
twitter_2061413229440467119,train,keep,False
reddit_1tyqb64_oq7t5em,train,keep,False
reddit_1krvkpk_mtic6mx,train,keep,True
reddit_t1_mtwz8sl,train,keep,True
reddit_1twq42a_opr8wik,train,keep,False
bluesky_ea5db60b76a87c6239e417b6ec4e2b39a6fb5344d253407de1c79ad5b469a063,train,keep,False
reddit_t1_mswj2hz,train,keep,False
reddit_t1_my0jgmn,train,keep,False
reddit_t1_mwqw1p4,train,keep,True
bluesky_a5cc637fe97ad371bdb74ca51693977ae2b6a9ff3a0323c6d59ab5b1345e4621,train,keep,True
bluesky_53d5e9a73be4c5fc3b8c31259849d73f786ac7a6d9689c61d35c6dff65493489,train,keep,False
twitter_2061310438844068212,train,keep,True
reddit_1txekxo_opw057d,train,keep,True
reddit_t1_mvlvgdu,train,keep,False
reddit_t1_n0nkop0,train,keep,False
reddit_1l35vij_mvynl2l,train,keep,False
twitter_2061826421702459869,train,keep,False
reddit_t1_myqeh4a,train,keep,False
bluesky_45df9808b647be5b3dce302624f55adf1acd7e076f0614b44ab653258349c138,train,keep,False
reddit_t1_mqqwuyg,train,keep,False
twitter_2096048606310445467,train,keep,False
reddit_1t1x818_ojjzie8,train,keep,False
reddit_t1_mwts5ec,train,keep,False
twitter_2061100606400438283,train,keep,True
twitter_2061805266472219040,train,keep,True
reddit_1t1zmb4_ojlnqi7,train,keep,False
reddit_t1_muqcntv,train,keep,False
bluesky_00780e89c1a57c55085bfa7e7e888e9bb8e0a92228ae7ddca2455c4851a53d05,train,keep,False
bluesky_f356f222f61ddfdd1c6294ba34a5d5ca43e1dfd8ae5eac69c2e0f92d7a746465,train,keep,False
reddit_t1_my7f5kt,train,keep,False
reddit_1u07sud_oqmf3k8,train,keep,True
bluesky_78d3647119cd04c7bdb2c2e8f912631c3fa507113ff24f241a610683190a6132,train,keep,False
twitter_2060804726787350570,train,keep,False
twitter_2061551144019657128,train,keep,True
reddit_1txrv9p_oq1hpco,train,keep,False
reddit_1tjp8r2_opzl48q,train,keep,True
reddit_t1_mv1yl9i,train,keep,False
reddit_1u0l8qh_oqkhpjw,train,keep,True
reddit_t1_myx0wk8,train,keep,False
bluesky_49c01db7faee521ede03099b890832027f9d1d204346cfa41345c87463c39d5f,train,keep,False
reddit_1tu7mub_opaex54,train,keep,False
reddit_1thox1m_omp2sz2,train,keep,True
bluesky_9bf66102819c8cafc85281a289e07bff4352141f720a124d892149f3bffb7442,train,keep,True
twitter_2061776061700940221,train,keep,True
bluesky_c471d701e86f4ab8d13acbb12440965dca4b6a4982cd8d7bf0e6c144f48e71d9,train,keep,True
reddit_1ttbse9_op2t5j2,train,keep,False
bluesky_ac0801570e76e2baef2a57adc37abd2f47a9dbdf980248b65101276193a64dd3,train,keep,False
reddit_1ts91q8_oou6qci,train,keep,False
reddit_t1_mvfqsc8,train,keep,False
reddit_1tpm3eb_oobzc7a,train,keep,False
reddit_1u237rb_oqv5hf6,train,keep,True
bluesky_50b017ee41062431e2b5aea190391372da23d6f5fee9e1d940751750d303b196,train,keep,False
reddit_1u0trnc_oqnqs6s,train,keep,True
reddit_1u14w1m_oqnspln,train,keep,False
bluesky_b932390c0a7fdb3a8124c75292ab35d17541bf3d48576cccaedbdb0a84db857a,train,keep,False
reddit_t1_mwetf85,train,keep,True
bluesky_445e06dbfa60c193a06073544f8bac346c8ef241c66b4995abf533721c53cd27,train,keep,False
twitter_2060453673034027054,train,keep,True
reddit_1u1z88l_oqthggb,train,keep,False
twitter_2061557742591226239,train,keep,False
twitter_2061322996988756133,train,keep,True
twitter_2095932977939366303,train,keep,True
reddit_t1_msn9h5q,train,keep,True
reddit_1u2ek28_oqxcs7i,train,keep,True
reddit_t1_mumojsy,train,keep,False
twitter_2061043134142767613,train,keep,True
reddit_t1_mx9i1rf,train,keep,True
twitter_2060102610208661626,train,keep,True
twitter_2061504391392493663,train,keep,True
twitter_2061580482140373427,train,keep,True
twitter_2061492782355685453,train,keep,False
reddit_t1_mvzj2cd,train,keep,False
bluesky_d8b23a2dd7324ee64ba2c30313a4721418b720853a68ac057af0d2a06d59ead3,train,keep,True
twitter_2061613240207986840,train,keep,True
twitter_2061493148044366263,train,keep,True
bluesky_c79a13c53ff42458be390e711db3dd7a5042c06a6dab2d665c282eecd9124dd5,train,keep,True
reddit_1ty27wv_oq0dt28,train,keep,False
reddit_t1_mxl5vx8,train,keep,True
reddit_t1_mswdcg0,train,keep,True
reddit_t1_mzqrkh2,train,keep,False
reddit_t1_my64r0c,train,keep,False
reddit_t1_mvyswug,train,keep,False
twitter_2059280505091277105,train,keep,False
reddit_1txekxo_opvpa3p,train,keep,False
reddit_1tstlbr_ooy9jg2,train,keep,False
twitter_2061613572401017205,train,keep,False
twitter_2061758016865644800,train,keep,True
twitter_2061071310013481308,train,keep,False
twitter_2061805128982609957,train,keep,True
bluesky_a0ee534f84f7d30a6fee398743291e62b689a4c2e8907a33aa5431f14c6e822e,train,keep,False
reddit_1l4bw8p_mw7qjk6,train,keep,True
bluesky_205d059e7300c55847afe3c9968809aebc0b01bdb737053bb02a411a62db721a,train,keep,False
reddit_t1_mspxpaw,train,keep,False
reddit_t1_mrsvp44,train,keep,False
twitter_2060481504287859150,train,keep,False
reddit_1tuh5dj_opgdt6o,train,keep,False
reddit_1thqwmy_omss03k,train,keep,True
bluesky_93489cc0cb1b7d8a4250ef1b7d0fa5c9dde892cbbd4eaacf6d2a37351083e7d2,train,keep,False
twitter_2060432152852861156,train,keep,False
twitter_2061568792061206654,train,keep,True
reddit_t1_mt1o25o,train,keep,False
bluesky_adce604a97cbf47954b1bc5f6f048e3269aa89f273b23ac53a752ed731fa606c,train,keep,False
twitter_2060446334490976516,train,keep,False
reddit_t1_mzszt2l,train,keep,False
reddit_t1_mrci6po,train,keep,True
reddit_t1_mtvwc3k,train,keep,True
bluesky_2b7a3b0959832d207bc4f8272dc9ae12b3874f4bd04e188f470ac8ac002d99f1,train,keep,True
reddit_t1_muvxgjc,train,keep,True
bluesky_fba6339062a4668406fea0bf53616eebb3ddd2563f8499f178225c43ce155627,train,keep,False
twitter_2061792577028780144,train,keep,True
reddit_t1_mtnd66j,train,keep,False
reddit_t1_mv45p8f,train,keep,True
bluesky_2d16cd95c7d7ed0e7d81971362aee0ad794cb3024587c3fac468f4316053a170,train,keep,False
twitter_2061528539128648031,train,keep,True
reddit_1tsyeyo_ooyj5t9,train,keep,False
reddit_1tlur1u_oniyxei,train,keep,True
reddit_t1_mut74q7,train,keep,False
bluesky_3fc94fabf3f11995c2733f6c65bc46ef8786aeb723e30798e0fd019f17267acd,train,keep,True
twitter_2061807605329113297,train,keep,True
reddit_t1_mqs2o9u,train,keep,False
twitter_2060227384964522013,train,keep,False
bluesky_20e0f7d04ad04a2c6f77ad7f9ff42bf1bef2e80e55aa328a99ef3d15b44bfa0e,train,keep,False
reddit_t1_mujxtzt,train,keep,False
reddit_1ki18ju_mrciebl,train,keep,False
reddit_1tn7lg4_ontjmrc,train,keep,True
twitter_2061826012812595413,train,keep,True
bluesky_44dac7f400e1df8153fbf6bac29af07dbc2fca05352109d4b1f5574b7006ebba,train,keep,False
reddit_t1_mtuoukh,train,keep,False
reddit_t1_n03d00q,train,keep,True
reddit_t1_n0k5ujl,train,keep,False
reddit_t1_mxf993g,train,keep,True
twitter_2060010536842985475,train,keep,True
reddit_1tu5tml_op7f1ie,train,keep,True
twitter_2096672342579540230,train,keep,False
twitter_2096564228215742781,train,keep,True
bluesky_51e910f348d8c3ce98c1fcc33d2eefdd5c5479bdbe382e5247123d6043905159,train,keep,False
reddit_1trbmne_ooojx8t,train,keep,True
twitter_2061456035634659536,train,keep,True
bluesky_a56855a96aac8336e279e7ce20ed2d830fe4dc89873a9df4a9a3c050612c88dd,train,keep,True
reddit_t1_mxlzu4i,train,keep,False
reddit_t1_mzrfiem,train,keep,True
reddit_t1_mxg86ct,train,keep,False
twitter_2060465612099338674,train,keep,True
reddit_t1_mxw2jbm,train,keep,True
reddit_t1_mzf36h4,train,keep,False
reddit_1kw9xt4_mugcgkh,train,keep,False
bluesky_c6d380451640c2ede57ca40c591e729d617edcc2b70bd596ef5cbdc760b8903b,train,keep,False
reddit_t1_msqcw6k,train,keep,True
reddit_t1_mrrek98,train,keep,False
reddit_t1_mu8qeat,train,keep,False
reddit_t1_mravopa,train,keep,True
reddit_t1_mye40q0,train,keep,False
twitter_2061143936207302806,train,keep,False
twitter_2060407242097373485,train,keep,False
reddit_1lngy8j_n0fad9y,train,keep,True
reddit_t1_mx6xqi2,train,keep,False
reddit_1u1fnvf_oqplghv,train,keep,True
reddit_1txnqc1_opxajfe,train,keep,False
bluesky_358ec42dd85fb995bd6b5229608ab4dc977e720608eb3c7c43f88fe365c71382,train,keep,False
reddit_t1_mwwj2va,train,keep,False
reddit_t1_mw78w75,train,keep,True
bluesky_3b8b1960720393c5c02cc34a86b4533ce8bea70b64925aa97b1468468534e65b,train,keep,False
reddit_t1_mrr621r,train,keep,True
reddit_1u08bq4_oqhyueo,train,keep,True
bluesky_21e8c15bf4d1cf7d14164f6c1c17ed5f8e341452eaf69cb3a700954e6aeae8e1,train,keep,False
twitter_2060808237427933457,train,keep,False
twitter_2061070189521997965,train,keep,True
twitter_2061098343174967780,train,keep,True
reddit_t1_my15ap6,train,keep,False
reddit_1u21326_oqwam70,train,keep,True
bluesky_4aef3d8fd9e578fd90d365f7876024b1f44580050e7e2b82a2dfd33867dd6799,train,keep,False
reddit_t1_msnsf6j,train,keep,False
bluesky_895558428da15e4ea47b95f2aeb9f958ad3070500705ebc19bb5760fcf004ad9,train,keep,False
bluesky_3aa4fe7fd8a33b1ccc06dbb7a927ee4f26be88ea07a1fe14c0d2527fd876c6e9,train,keep,False
bluesky_ba706ff38bc089e1666235df54eed2b8ac13b4a171a47ca6a9128e6c25688ff0,train,keep,True
reddit_t1_mz0drx4,train,keep,False
reddit_t1_mz6747g,train,keep,True
reddit_t1_mzm8gtc,train,keep,False
twitter_2061316750629601344,train,keep,False
bluesky_83042c301dcb69cb92a9baa6fc036cc7d7bebd09c6c35801d92665997c0b5bda,train,keep,False
reddit_t1_n054qa6,train,keep,False
reddit_1txnqc1_opycr97,train,keep,True
reddit_1t4l69v_olgbt8d,train,keep,False
bluesky_70eecad8b0867456ac2fc1974408beaf7f20e00be4d95e500cce3970e9f8f16f,train,keep,False
reddit_t1_mrfxigy,train,keep,False
bluesky_de8e82cecf05b5d5bc164d84a49e4892d1f55907cbab3e798b7178983b92f124,train,keep,True
reddit_1ts8q7t_oott5mr,train,keep,True
reddit_1tb0kz2_oldtcaj,train,keep,False
reddit_1kkozc2_mrwwjw9,train,keep,False
reddit_1trbmne_oos7s3p,train,keep,False
bluesky_c603ea66e70ce7d492a0aa27853e308730388c398b2bcfc8f29b8c0d5d02d809,train,keep,False
reddit_t1_mq0urr9,train,keep,False
reddit_t1_mtzhav7,train,keep,False
reddit_1u1c4u6_oqqtxqj,train,keep,False
reddit_1tkxn2n_oncdhxu,train,keep,False
reddit_t1_mwpd7sz,train,keep,True
reddit_t1_mz5gurd,train,keep,False
reddit_1ld5221_my5ml0k,train,keep,False
reddit_t1_mzplmjr,train,keep,True
reddit_1kr256c_mtae30b,train,keep,False
bluesky_f66b32bbbbf4305fbed366752aef789988c8e27641b42573061f8d3d4a1ce37b,train,keep,False
reddit_1ttsfrd_op4s9lz,train,keep,False
bluesky_555010620169b776506d4888dd987c5333913a777f2a9c85a29f84bbe0e151ab,train,keep,False
bluesky_d667df780c7eec7537f614e4fa7968055a211f7a281950ec08c75d9d19d147b1,train,keep,False
reddit_t1_mv33ml1,train,keep,True
bluesky_3f8a2b8d6ff291f4b63dca8001bc8e0d1ff194f05e80baf7f62f1289a6b1cdea,train,keep,True
twitter_2061547915059847558,train,keep,True
bluesky_f3e17c208202ba4824f4c8770e6628e0fe214f494f6829e24ee02eeeab28d791,train,keep,False
reddit_t1_mvbjip9,train,keep,False
reddit_t1_mx8ilui,train,keep,True
twitter_2059693727308759290,train,keep,False
reddit_1u1fnvf_oqr4j6a,train,keep,False
reddit_t1_mx8w9ed,train,keep,True
bluesky_a1aec7cc12f2daf39cf1631d8687d5e562dde553a96ecb04e8d6bb6c56897d3f,train,keep,False
twitter_2096559647864074609,train,keep,True
reddit_t1_mw0rqrs,train,keep,True
reddit_t1_n0jj8ru,train,keep,False
reddit_1t7d5jc_oko2smc,train,keep,True
reddit_1u2nrer_oqzu964,train,keep,True
reddit_t1_mqgb17s,train,keep,True
reddit_t1_muzkl13,train,keep,False
reddit_t1_mtaiwh1,train,keep,True
bluesky_1180b23f6c56a7ef1295f7cd15c686f846ab4d732491e6b6ceb1ce6c54bbb542,train,keep,True
bluesky_f62e3831402eb1d40fc1829c33f53653f03798d79bbbeb42dc16d520161a73d5,train,keep,False
reddit_t1_mr65wm6,train,keep,False
bluesky_fb1e9423fc1a8a8c7627a0255ebf580f5c13424379c95de93e6ed78a13e30901,train,keep,True
twitter_2061600956173672797,train,keep,False
bluesky_b676d08bb6aa81bc15defe15ff6af356b76b6f89792c095ac4ac6ac200045628,train,keep,False
reddit_t1_mva1nzz,train,keep,False
reddit_t1_mqq10fx,train,keep,False
reddit_t1_n0gvsk3,train,keep,False
reddit_1tswg2c_ooyc544,train,keep,False
bluesky_93fb11d90633bb271b40ee66143aeb6ce96eea18f84b55060bd37aa55c5bef32,train,keep,True
reddit_t1_mucik9v,train,keep,False
bluesky_6562a56c5f6c48c32174a7159ab4973a8460b77b25d10e9eb15c42ab9eabafe4,train,keep,False
twitter_2061796545318510783,train,keep,False
reddit_1u0l8qh_oqjifzq,train,keep,True
twitter_2060017768708079630,train,keep,True
reddit_t1_mwbx5tv,train,keep,False
twitter_2060801825016512633,train,keep,False
bluesky_de15c3dd8fafaf391a3023310d0b3302fcc546fba3aa13fbb34190d1b5dfa79c,train,keep,False
bluesky_098549922c77af51809a99c6aa62c8f814e0e9b733e76e49e2cfae307088554f,train,keep,False
reddit_t1_mx43mos,train,keep,False
bluesky_e5a620e79e3973f444e8056e92211395488178d027de38bef8ab241c96cc8f4d,train,keep,False
bluesky_fd52c60ce3a5b3eac47492d1cc2c4b68c328b46ae7daef2102a8e51c6bbee471,train,keep,False
reddit_t1_mzt8zz1,train,keep,False
twitter_2060027857615663141,train,keep,False
twitter_2060186958538887664,train,keep,False
bluesky_8d05670704a0f42e91c7799b49e77130512bce36169f4688ebca935c462ea2b1,train,keep,True
bluesky_a9b03efbc7e85315a6c94acdfd139d61dbcf355c7ff22b76d4ef24c0042e8add,train,keep,True
reddit_t1_myvujbc,train,keep,False
reddit_t1_mrx314p,train,keep,False
reddit_1tow6us_oo72951,train,keep,True
reddit_t1_mvbdtt1,train,keep,True
bluesky_236e94834936a1bac10b6d898330bff89b11ac691bb333440f01b737543aa8ea,train,keep,True
bluesky_1e3558deb177e2558583663d045cfae5f8c0c4a52f7d9aefc30e5abc19eab418,train,keep,False
reddit_t1_msmdpbb,train,keep,True
reddit_t1_mtxz91o,train,keep,True
reddit_t1_mz8qkeu,train,keep,False
reddit_t1_mqjcxvb,train,keep,False
twitter_2061204173702512809,train,keep,False
bluesky_2177b4d3386104f3cdfb3e7f6dac99cba763352036c5217963e2df0bd53aeb00,train,keep,False
reddit_t1_mw5v1ar,train,keep,False
reddit_1kq44b8_mt4ofac,train,keep,False
reddit_1thqwmy_omvjzjn,train,keep,False
reddit_1til7dr_omxyyx5,train,keep,False
twitter_2061353126733447232,train,keep,False
reddit_t1_msk0o1j,train,keep,False
reddit_t1_msq9l5u,train,keep,True
twitter_2060924149883883700,train,keep,False
reddit_t1_my0rprp,train,keep,False
reddit_t1_myy11i6,train,keep,False
reddit_t1_mwfoex9,train,keep,False
bluesky_b26dab58bc6fb9b3cf3bd26d5c44d0a62994d4eadad9bf617e8767c35a70d6cc,train,keep,True
bluesky_6a11e9357a7db63f877e6cd991b3012b31237fe62dd94e3a66bf681882e70f8c,train,keep,False
reddit_t1_muypfqu,train,keep,False
bluesky_76f7cce4f61e19104ca66b2f10e26f4f1c02bac20fdd9359abc8b5e51f5b756c,train,keep,False
reddit_1tbymrb_olp3r9j,train,keep,False
twitter_2060748015644586183,train,keep,True
bluesky_176591a4552d20246076e62bfbbcb120634bb1aba3f77f91b08a252a3f9f8716,train,keep,False
reddit_t1_mxmr5m2,train,keep,False
twitter_2060806664169947350,train,keep,False
reddit_t1_mq4l4c4,train,keep,False
reddit_t1_mqzzleo,train,keep,True
reddit_t1_n03kwqz,train,keep,False
twitter_2061724957953130503,train,keep,False
twitter_2061591467261632524,train,keep,False
reddit_t1_n0cw98t,train,keep,True
reddit_1kio0yo_mrgci8n,train,keep,False
bluesky_d55fcae3ae97570e6b7687b1f3a8b380ca0f3211ab4b2903d0f66eb417af796a,train,keep,False
reddit_1txsm52_oq2vvm5,train,keep,False
reddit_1tzs7nk_oqdo6uc,train,keep,True
reddit_t1_mtd63zi,train,keep,False
twitter_2061771484100473127,train,keep,True
twitter_2061780131824226322,train,keep,False
bluesky_0088ab074b1ba5d6e0753e8cf927888fbcb215413ebc7a1eea67d36c46b0bbd2,train,keep,False
reddit_1tt31k9_oozwc38,train,keep,True
reddit_1u18ir0_oqogocx,train,keep,False
reddit_t1_ms9jppa,train,keep,False
reddit_1txsm52_opzqq1h,train,keep,True
twitter_2061096035909353743,train,keep,False
reddit_t1_mvu3789,train,keep,False
reddit_t1_mric3su,train,keep,True
reddit_t1_mt1wpp6,train,keep,True
reddit_1l1e80m_mvlbds4,train,keep,False
reddit_t1_mqcshy6,train,keep,False
reddit_t1_mqlem90,train,keep,True
bluesky_bfb9e3e6737cf4ab4311012597b20f2923d7cbd95d53eefa9375fa87e70a22b0,train,keep,True
twitter_2061163084367253851,train,keep,False
reddit_t1_mvmc4co,train,keep,False
reddit_1tzmvf4_oqcc6sl,train,keep,False
reddit_t1_my5qepx,train,keep,False
reddit_t1_mvyggye,train,keep,False
twitter_2061490195325747508,train,keep,True
bluesky_36586e7a51e0b5a18b66705c7600387e36f1b0ef6d5e01fcdac98b518c0b65b9,train,keep,False
twitter_2061809986016096307,train,keep,True
reddit_t1_mw82a8g,train,keep,False
bluesky_411e5e49e07b52c383fc4f19480f17f884f477984f49aa1cae7c33116f3fa748,train,keep,False
bluesky_7d51c305648901fe7e40cf93d9bebaf411291451eefa8c68f88320610007e4cd,train,keep,True
twitter_2060890662946619593,train,keep,False
reddit_t1_mz9r2i3,train,keep,False
twitter_2096638666017788366,train,keep,False
reddit_1u12ug8_oqn7pw7,train,keep,True
reddit_1koq50u_mss1nw8,train,keep,False
reddit_1tsvgs3_op1nqxo,train,keep,True
reddit_t1_mzohlux,train,keep,True
reddit_t1_mx4eoof,train,keep,False
twitter_2060065769703002433,train,keep,False
bluesky_210abd1190312a93a02c436bb1d172a437a23b64ed6b6b6ab2aa7f4235404772,train,keep,True
twitter_2096987479262077201,train,keep,True
reddit_t1_mtm86ov,train,keep,False
twitter_2061704148198866993,train,keep,False
bluesky_e390d2350bdc73fc1f733908b0c8dc5166f76a46d9d952c36aa42ac4e389d235,train,keep,True
reddit_t1_mud6jlk,train,keep,True
reddit_t1_n08tlba,train,keep,False
reddit_1tv4g76_ope911l,train,keep,False
reddit_1tt3m71_op1vavb,train,keep,True
reddit_1kls9ak_ms5tu3h,train,keep,False
reddit_t1_mzwp2d8,train,keep,False
bluesky_1b009ff4a512c5cd35613cc85e72804f805b46435991b3604b9a980047890750,train,keep,False
reddit_t1_mx6qh1o,train,keep,True
reddit_1t7d5jc_oku1svc,train,keep,False
reddit_t1_n07x124,train,keep,False
reddit_t1_mr959kv,train,keep,False
reddit_t1_mvchz6l,train,keep,False
reddit_1rqd674_o9s0vnz,train,keep,False
reddit_t1_mzpb89s,train,keep,False
reddit_t1_mz87854,train,keep,False
reddit_1ti5cqx_omsfnhi,train,keep,False
reddit_t1_mq75ozp,train,keep,False
twitter_2061150034570162605,train,keep,True
bluesky_94f2e0fb92243d324066e806a09a160d67220d506d964d80782ff72fd94f0b9e,train,keep,False
bluesky_0a70dc26b668fe2c94930bdb0f1137ef9f5c8946fd39080d440038d990138ef3,train,keep,True
bluesky_6c4eb7b6580e0cb966decf9261491890c0575d1af9a2bce8b8d584a984853ad1,train,keep,True
reddit_t1_ms31c2g,train,keep,False
reddit_1ti151j_omrriit,train,keep,False
reddit_t1_mucvxfy,train,keep,False
twitter_2061776631128031730,train,keep,False
reddit_t1_mwpk47v,train,keep,False
reddit_t1_mz40bos,train,keep,False
bluesky_57095a50d0a6e7ab8ee1238dee04794cd5cfb34307f52a7e25caaaa85451f11b,train,keep,True
reddit_t1_myfi14x,train,keep,True
reddit_t1_mxtsi0t,train,keep,False
bluesky_a926b95c85980a0c8a4b7496bddda70fc5e11233a4d8275c3831ddf066dc7d74,train,keep,False
reddit_t1_msoqcn9,train,keep,False
reddit_t1_mvqweyf,train,keep,False
reddit_1kijebe_mrgiui0,train,keep,False
reddit_t1_mq9tggv,train,keep,False
reddit_t1_mxdasm8,train,keep,False
twitter_2060828187207037294,train,keep,True
reddit_t1_mtuku17,train,keep,True
bluesky_7bf23deda8824622c398e21885ea39a3cd11182817fb7d07cb22d8402802eac2,train,keep,True
reddit_t1_mto3rex,train,keep,True
reddit_1knhd3f_msj79le,train,keep,False
reddit_1u09w82_oqizse3,train,keep,False
reddit_1td4d2o_olz3vvg,train,keep,False
reddit_t1_mxh1o5m,train,keep,False
reddit_t1_myd3cwz,train,keep,True
twitter_2059508542248280177,train,keep,False
reddit_t1_mth4qfn,train,keep,True
bluesky_d86b6487dc813952515790a708da93c9b85b2cf9057bb7e63748bed29ced0215,train,keep,False
reddit_1kz1sh2_mv6eq8l,train,keep,False
reddit_t1_mqdnwgz,train,keep,True
twitter_2060241223064211824,train,keep,True
twitter_2059088675850555576,train,keep,False
bluesky_19cc00fc64b475fda6e8b8ec245d331438b23d8131628385a172578033b9be04,train,keep,True
reddit_t1_mufhaxi,train,keep,False
reddit_t1_mu7qjs3,train,keep,False
reddit_t1_mrd48jg,train,keep,False
bluesky_696851ddef5c6e464db1d2a4a05cfdf2f2b5333d7190f0f1793da07efe2ddeaf,train,keep,False
reddit_t1_n0cxsvj,train,keep,False
reddit_t1_mtwo81y,train,keep,False
reddit_t1_mzf3mhc,train,keep,True
reddit_t1_mujzvhz,train,keep,False
twitter_2061732713602642291,train,keep,False
reddit_t1_mthe1r1,train,keep,False
reddit_t1_myv0eyv,train,keep,True
reddit_t1_muhjdzc,train,keep,False
reddit_1thqwmy_ompsmyo,train,keep,True
reddit_t1_msyo90i,train,keep,False
reddit_1t6mb7v_okjnfsq,train,keep,True
bluesky_5a30c6aae104b2ad9db89f502a2b9556db1aedf4d61fb934ddddb65aea44e443,train,keep,True
reddit_1u17p37_oqo0h5t,train,keep,True
bluesky_c868a0b5fa142979ae9accce1d8705dcc44553da9aeae652ff39b40ea41b46dc,train,keep,True
twitter_2059997681188237772,train,keep,True
twitter_2096234111702569160,train,keep,False
reddit_t1_mymdo2n,train,keep,True
bluesky_05d0d44081a80e04afe7f36f53b45ffacca3f85b2b7ac6d7c5d6355d4ef162d2,train,keep,True
reddit_t1_mt0ppsa,train,keep,False
bluesky_98314514d65cff845645c87f4ae78b92ce688cf93df0148dad966f465951acbe,train,keep,False
reddit_t1_mx2khmf,train,keep,False
reddit_t1_mq8oudf,train,keep,False
bluesky_6f49aeb9ce1d86a530a95dadcc8eb0327e75e5b63d97c77f72a70f06aa9ff4b8,train,keep,True
bluesky_70a9a266db815c936c1f9c3035f56eda1c885e3e85f4332b175a5ed37fb017de,train,keep,True
bluesky_d3ebe1621805d7650902d0b85a2c03eb6e6fa9d80275d3f9abe5650331ec5e39,train,keep,True
reddit_1ttadso_op3i6q6,train,keep,True
reddit_t1_mzmnxiz,train,keep,True
reddit_1l6j2st_mwpccw0,train,keep,False
reddit_1trbfkm_oomizhx,train,keep,True
bluesky_130cd3ce6bfb785f6e7b73372534d7a0d08149064b2e6ce329471287213cdec8,train,keep,False
reddit_1u1z88l_oqull8d,train,keep,True
bluesky_c4382a9d9a03364993437b36219580cbc412dd03b3f36f1f841e7735fed74f1e,train,keep,False
reddit_1tsgnti_oowg28n,train,keep,True
reddit_t1_mxffus3,train,keep,True
reddit_t1_mrp3xxa,train,keep,True
reddit_1lk3x9y_mzqw16r,train,keep,False
reddit_1txrv9p_opydtom,train,keep,False
reddit_t1_mwenf92,train,keep,False
reddit_t1_mzg0ohp,train,keep,False
reddit_t1_mxdjz0x,train,keep,False
reddit_t1_mrn2mls,train,keep,True
reddit_t1_ms92s7u,train,keep,False
reddit_t1_mu0ezy3,train,keep,True
twitter_2060336561904861526,train,keep,False
reddit_1tu7mub_op8z98c,train,keep,False
reddit_t1_msjjqre,train,keep,False
twitter_2061813504093626447,train,keep,False
bluesky_c64cb18f8fba747cbe28923640434a7b2fe0f673b1a00c8f135b2d0ecb0e67d4,train,keep,False
twitter_2061523424355275156,train,keep,False
bluesky_ea8a2d4e68fe06cda02aa5cab8a51e00af023248bf58ef3662b591701dbfd645,train,keep,True
twitter_2060550697007874060,train,keep,True
twitter_2059970894815006935,train,keep,False
reddit_t1_myulk91,train,keep,False
twitter_2061786325615862206,train,keep,False
bluesky_95b3d614dca4b365840225ddd903df942724db2db627a3ab83b2357c31ced783,train,keep,True
twitter_2059766968920449406,train,keep,True
reddit_t1_mxxcp8a,train,keep,False
bluesky_b064170a0e18db90812753b7fcaa34ff37a100e404762c4c3be04ba7b5b0e3af,train,keep,True
reddit_t1_mqwv2jp,train,keep,False
bluesky_658f1261553325af8c70f963fe3ef2fb1ae78926f7aca1b6038f880eced5ea72,train,keep,False
twitter_2061770850110775470,train,keep,False
reddit_t1_mrk616k,train,keep,False
reddit_t1_mq6b4l4,train,keep,True
reddit_1tznn66_oqc8256,train,keep,False
reddit_t1_mraqqu3,train,keep,False
reddit_1ttx203_op5rdpf,train,keep,False
bluesky_826a2e7aa665a14c9214f40fd1921af9f159a56f21160a83e41d11bcbeeb121c,train,keep,False
reddit_1kg5qlk_mqxttu3,train,keep,False
bluesky_051a0c5d06b5408851774b8f1a601478556319c548fe4e6387513c53c78a49e6,train,keep,False
reddit_t1_mr5adyv,train,keep,True
reddit_t1_mxi6b39,train,keep,False
twitter_2060786729624244395,train,keep,True
twitter_2060711399865675894,train,keep,True
reddit_t1_mq9qlo8,train,keep,False
bluesky_f0d3eb82a94433636c003fb366f6d26fcdc42390ddb037910c31bc359bc76338,train,keep,True
reddit_t1_mwdhw7h,train,keep,True
reddit_1tux6at_opdn8zt,train,keep,False
bluesky_d7340f7b7a15a46a2c7ecc1d4839c2d50fdd8a44622005eb6fd1ebadfcbc22b6,train,keep,False
reddit_1tr6mt1_op71x0y,train,keep,True
twitter_2061479497895993622,train,keep,True
bluesky_06ccffd9ead72b7b9e8879578b4627d8d24fd59c4d57474e653d5dedcd331a52,train,keep,True
reddit_t1_mzipw3h,train,keep,False
twitter_2061821947009442102,train,keep,False
twitter_2061467264163938657,train,keep,False
reddit_1tx4xmh_optfxw1,train,keep,False
twitter_2061748982032834925,train,keep,True
bluesky_e6e95b3c8d61ed0e86901a9679c8a22b85e61b1e29fe9662a7c2ccd48ce69321,train,keep,False
twitter_2061042272968315241,train,keep,True
reddit_1tu26w6_op8dyw9,train,keep,False
reddit_t1_mv9kzts,train,keep,False
twitter_2061658397397905842,train,keep,False
bluesky_8b9b500f81229200b054d6581628cc43e266c809a505b85677f5cea72121a000,train,keep,True
twitter_2061825205136200035,train,keep,True
reddit_t1_mszu15k,train,keep,False
twitter_2060842342978838967,train,keep,False
reddit_t1_mwpsx4m,train,keep,False
reddit_t1_msodcb8,train,keep,False
bluesky_ef22546a15211194de29af12ff09cafe016d685af8442b8599e7640ca3e5d052,train,keep,False
reddit_t1_n04qiv6,train,keep,False
bluesky_3898b75beea6abf9e33d256169512a56c5c335d5d64fb0cf5603758c19fb2771,train,keep,True
reddit_1tqyx7p_oq00y63,train,keep,False
reddit_1tuebh8_opahh0t,train,keep,True
twitter_2060527990719844776,train,keep,False
reddit_t1_mwzs8es,train,keep,False
twitter_2061581342379274520,train,keep,True
twitter_2061149833256407445,train,keep,True
reddit_1tzdiak_oqir5dc,train,keep,True
reddit_t1_mvbvs8b,train,keep,False
twitter_2060076759454814337,train,keep,False
reddit_1txekxo_opv939j,train,keep,False
twitter_2095883122541756561,train,keep,True
bluesky_2a4f9ef27f4961b78d6db3a7641f903041ee0f41bac3ab46afd7c6ea0822aaf5,train,keep,False
reddit_t1_mynztr2,train,keep,False
reddit_t1_mx4nc1l,train,keep,False
reddit_1tkkoy6_onf3cxi,train,keep,False
reddit_t1_n0gccj9,train,keep,False
reddit_t1_mw5rrqe,train,keep,False
twitter_2061574176251564294,train,keep,True
reddit_t1_mubr16i,train,keep,False
reddit_t1_mqq3n9z,train,keep,True
reddit_t1_mrvuslm,train,keep,True
bluesky_6f6ac5f41212f9078a0d25e37a75acbf5bceaac95297036e02cf73b3b4a61d92,train,keep,False
twitter_2061563360542654682,train,keep,False
twitter_2061787433277006134,train,keep,False
reddit_t1_mzveehi,train,keep,True
bluesky_339ffce692ea460255f738de427d2b43876b925b8be244a18e333c63341c057d,train,keep,True
bluesky_025dccbbb61663a617f81508cfce23b68859670882780204d083783faf8dc6f7,train,keep,False
reddit_t1_msplsfn,train,keep,True
reddit_t1_mvsqdgi,train,keep,False
bluesky_be96eb3ff952c8ac6faf9f372fa97ed3a2b0a270772517469c5d6c453e88d3f0,train,keep,True
twitter_2061546572920307980,train,keep,True
reddit_t1_mv2aj4u,train,keep,False
bluesky_b562ff0c4022bfb8e926431892cb425ec8a87f4e7f7333bfa7564505603f8868,train,keep,True
reddit_t1_mqjxl4y,train,keep,True
twitter_2060694860210774393,train,keep,False
reddit_t1_ms2w5nk,train,keep,False
bluesky_7432d1977aa91a10f93652d140826d7377b69ccc3dc4b041fb360e5069ae409c,train,keep,True
reddit_t1_mqdojpd,train,keep,True
twitter_2060457438491365479,train,keep,False
reddit_t1_n0kbkln,train,keep,True
bluesky_df87877bea4ed17338166cc674de9f541c1f7b6f3b0351f40b42d9b8496ce65c,train,keep,True
twitter_2059757172058112412,train,keep,False
reddit_1tu5tml_op88ky5,train,keep,False
twitter_2095890738903179480,train,keep,False
bluesky_178a69b84e76e68bac8ecdbb54ccf4e0be23e4404f030286ea84cad4f856cf4f,train,keep,False
twitter_2061746076156059947,train,keep,False
reddit_t1_mv58kau,train,keep,False
reddit_t1_mzrdri2,train,keep,True
bluesky_c7d0924d8265023632b4435c0c403e766baf619a87a3b0943bb07fe6a092dd9c,train,keep,False
reddit_1u06twk_oqgrf5d,train,keep,False
reddit_1kwrc53_mukf6y2,train,keep,False
twitter_2060444667510993265,train,keep,False
reddit_1ts4bln_oothfrf,train,keep,True
bluesky_5f3d833f178ab5ac341f6e7c3cb9c7c16426847a7086cb639fa60652fee715d2,train,keep,True
reddit_1tiwm9n_ond80sz,train,keep,True
reddit_t1_n02cflk,train,keep,False
bluesky_68c8a7d68068314f1a6d2d0052adc93ad5dc5e1dda2f1e5d9421fcb45db1a7a9,train,keep,True
reddit_t1_mwu53ju,train,keep,True
bluesky_128b43adcbd40e0cc6706494ccc416e2696758f52d851d30219a45860dad32ba,train,keep,False
bluesky_b3f8539fedea7d49a70db2af66472ee67db11773d6a1959125ff3f3c6e82106e,train,keep,False
reddit_t1_mxwxloe,train,keep,True
reddit_1ti5ovh_omsa6fo,train,keep,True
reddit_1u08bq4_oqhgcz2,train,keep,True
reddit_t1_mrv5zmp,train,keep,True
twitter_2060362498096660847,train,keep,True
bluesky_a06350c881bd9c9c59e86b6936519483f02a0fa263ed29efd85884ab11bb571e,train,keep,False
reddit_1tj4vka_on000ih,train,keep,True
reddit_t1_mzw3h2o,train,keep,False
bluesky_c27bf6c066c7f6a27c7ba548c85396a416e825e6f025c619c8196e46689bab86,train,keep,True
twitter_2059720977534292025,train,keep,False
reddit_t1_mw50pyy,train,keep,True
bluesky_b9b33cd55b8dbce5deb526f152bb1b1e7b63cdab96b97a0b1ed3c602f59066ad,train,keep,True
reddit_t1_mw6eqpu,train,keep,False
reddit_t1_mrkl5z1,train,keep,True
bluesky_943826eebd31e66ff403075dba3ae864f08007dccbaa6f78264fa59aa1759711,train,keep,True
reddit_t1_mypx8ul,train,keep,True
reddit_t1_mx97h7g,train,keep,False
reddit_t1_mqpo3cz,train,keep,False
twitter_2061799027126260027,train,keep,False
twitter_2060572172532285827,train,keep,True
reddit_1u1c4u6_oqouolr,train,keep,True
reddit_t1_mrbop01,train,keep,False
bluesky_3b7c380440ca63e14f33403ad8ea54a58358ecd8b741590afe54e5d9bc57eb58,train,keep,True
reddit_1u0trnc_oqn7pvv,train,keep,False
twitter_2060535462385639721,train,keep,False
bluesky_998181cb04c9fc551778e34706943fe5cfa74e47669ca0877ef1c3fa5907c185,train,keep,False
reddit_t1_mtl0ypr,train,keep,False
reddit_t1_ms2vaa3,train,keep,False
twitter_2060435665678942447,train,keep,False
bluesky_f239a7f5b4a02941470e8d69a951583d8fd06adfea8a035edf43acb0805fb9b8,train,keep,True
bluesky_9b800c91bccbf4f138301826f19cfe180f8bb313495889332f69cc359e0584a1,train,keep,False
reddit_1lm66nu_n07cjul,train,keep,False
reddit_1to5g31_oo97oaj,train,keep,True
reddit_t1_mtihykj,train,keep,False
twitter_2061436265854103718,train,keep,True
reddit_t1_mxjn18q,train,keep,False
reddit_t1_mw4h03y,train,keep,False
twitter_2061590997449285777,train,keep,False
bluesky_8cb1f0619d1be9d6ca30a7cee2ed76756f803d54b73fe4190397dfa78a794c9a,train,keep,False
reddit_t1_mx53k5t,train,keep,False
twitter_2061730114095009803,train,keep,False
twitter_2061790538328690982,train,keep,True
reddit_t1_msko4un,train,keep,True
reddit_t1_mz650rk,train,keep,False
twitter_2060028326949830835,train,keep,True
bluesky_1a7b921b531486e646cc4e69b1145fe370581976b00bffd8625128d297dea517,train,keep,False
bluesky_24c1f7b014984ca521353092a231f3b5445152e8115de18881813b0391c3c853,train,keep,True
reddit_t1_mx4oymf,train,keep,False
bluesky_4069069c5dce928bb675e463717c954a172c02fc50df56d8324205c388088565,train,keep,True
reddit_t1_mvkp8um,train,keep,True
bluesky_e4d8804d3c5c8bf9879bcfb1ee8843ead0b56ea87de1ae652620f2c00ea96b63,train,keep,False
twitter_2061205709635952746,train,keep,False
reddit_t1_mwm29qm,train,keep,False
reddit_t1_mq7vrzv,train,keep,False
reddit_t1_ms9uud7,train,keep,False
reddit_t1_n0n580z,train,keep,False
reddit_1taiva2_olam4wm,train,keep,False
twitter_2059473090141151457,train,keep,False
bluesky_c4b5cd762e4fcf7eb49d3e13903e80e79e588be3dab7c5a79bd525eb8324b788,train,keep,False
bluesky_0477d5283b38fae42122e7eb565a2d97037e00461c5afde737892949d4535586,train,keep,False
reddit_t1_mzot853,train,keep,True
reddit_1ti5ovh_omsbj5w,train,keep,False
reddit_t1_mqwm0ug,train,keep,True
reddit_t1_mwqpti5,train,keep,False
reddit_t1_mwl92b1,train,keep,False
reddit_1try6d7_oorev05,train,keep,True
twitter_2061524657560252680,train,keep,False
reddit_1kkw5uy_mrysinz,train,keep,False
reddit_t1_msdnsod,train,keep,False
bluesky_7937ce71d2980f599757660c52e6c93bd69fed15dcc74a045526b9538cfbb380,train,keep,True
reddit_t1_mz1606y,train,keep,False
reddit_t1_mzq6fg3,train,keep,False
reddit_t1_mq0e3kt,train,keep,False
reddit_t1_mtr0zvj,train,keep,True
reddit_t1_ms7b0ny,train,keep,True
twitter_2061479765492576486,train,keep,False
twitter_2061729775543353391,train,keep,False
reddit_t1_mselxaj,train,keep,False
reddit_t1_myzchy6,train,keep,True
twitter_2061501688834392122,train,keep,False
reddit_t1_mx0zjzb,train,keep,False
reddit_t1_mv24s3m,train,keep,False
bluesky_9b6e672eff5d6266ec98f07974009f1893b36b1a6512b25a80d092b45233ab70,train,keep,True
reddit_1l9r9gk_mxf3mrs,train,keep,False
reddit_t1_mtvsfkt,train,keep,False
reddit_t1_muptl9a,train,keep,False
twitter_2061414532023533970,train,keep,True
reddit_t1_msejeuz,train,keep,False
bluesky_85623474c835207c8050791afe74d93005d9c7736802f349c68807ba68a14825,train,keep,True
twitter_2096656907905970492,train,keep,False
twitter_2061275036837687756,train,keep,False
reddit_t1_mwvdzms,train,keep,True
reddit_t1_n0lrp0f,train,keep,False
reddit_1tig64l_omugf9o,train,keep,False
bluesky_5033af4c9438460743f5141a7b913d35c67d181581f009fbbf87379940545139,train,keep,False
bluesky_1bfc5c7b3ab3bc9a9b9d3c11c74acbaa355cc8b4fae701d5e9aa98c76dffa441,train,keep,False
reddit_t1_mza2kl2,train,keep,False
twitter_2060465362278154697,train,keep,False
reddit_t1_n03xv7a,train,keep,True
reddit_t1_mus6vp0,train,keep,False
reddit_1tqf4v3_oojf9yn,train,keep,False
twitter_2061626854948151433,train,keep,False
bluesky_aafbaea84716ae6f508f99df4a5526e6e6413b6e4c3894fe1616407a3463634e,train,keep,False
reddit_t1_n03xtn7,train,keep,True
reddit_t1_mwy3nyh,train,keep,False
reddit_t1_myu5hxi,train,keep,True
bluesky_bb8d2c2bba1a738aefae276bc4ded57fb1b64e400399bd3c47a6b0d93e34cfa5,train,keep,False
reddit_1kqdcvk_mt6nuwo,train,keep,False
reddit_t1_ms9j2zr,train,keep,False
reddit_t1_mzwj8kr,train,keep,False
reddit_t1_myakxki,train,keep,False
reddit_1tky7ol_oncc6f7,train,keep,False
reddit_1tw67am_opnihy8,train,keep,True
reddit_t1_mq1n7au,train,keep,False
twitter_2061275811794026807,train,keep,True
twitter_2061511107240444400,train,keep,False
bluesky_5d0657b0da4b30271f147659d128c3feb08ef77b2981c6607df3abc37e300e08,train,keep,True
twitter_2061623364083671079,train,keep,False
reddit_t1_mws41cy,train,keep,False
reddit_t1_mwmgvyb,train,keep,False
bluesky_5573e62b1d97f938f560ae2a78f4351788d8a00174e4565e8f1a0ae6862dc21c,train,keep,False
reddit_t1_mrndm4g,train,keep,True
twitter_2061546367076503606,train,keep,True
reddit_1te63uk_om053mf,train,keep,False
twitter_2095441320429101142,train,keep,True
reddit_t1_mzkml7i,train,keep,False
reddit_t1_mxgbowt,train,keep,False
bluesky_fc9da11d6a9dae2c2f4277d0253712696a710540c73488dad90e6c834fcee2a8,train,keep,False
reddit_t1_mwlc44b,train,keep,False
reddit_t1_mwncd83,train,keep,False
bluesky_a43e2ac38fbf04675c8e4b80f1a7ebdb2720ec014985c90209a0319c6c2a8a72,train,keep,False
reddit_t1_mv79joh,train,keep,False
reddit_t1_mzqn6bl,train,keep,True
reddit_t1_n0ghydt,train,keep,True
reddit_t1_n0gqwbk,train,keep,True
reddit_t1_mq9hii1,train,keep,True
twitter_2059477959849738309,train,keep,True
twitter_2095784246715584670,train,keep,False
bluesky_9d012bf40958213bfef03ede339a55d49f7697facb77d1a72ba4b2eb703c854f,train,keep,True
reddit_1ttui2j_op53wtk,train,keep,False
twitter_2096579461252579517,train,keep,True
reddit_t1_myp7xr8,train,keep,False
bluesky_641c4149387775ce3384cde0fbd6e4a95eb692ba445fad6b386d98a3b6893f85,train,keep,False
reddit_t1_mt4o16i,train,keep,True
reddit_t1_mvyubh4,train,keep,False
reddit_t1_mur8h9m,train,keep,False
reddit_t1_mxalkt1,train,keep,False
reddit_1tznn66_oqdh323,train,keep,False
bluesky_12e1a0b121e6f3f9671e2be03d881db044b87f12081e240227554cf71c0443cb,train,keep,False
reddit_1tecxgs_opf51ni,train,keep,False
reddit_t1_mzbxmhx,train,keep,True
bluesky_79f082eb9dc786dc147aa62a58fd3cf29fff731848d28edac4cc7e60407820fa,train,keep,False
twitter_2060064947233489088,train,keep,False
reddit_1tswg2c_ooylu1z,train,keep,False
reddit_t1_mr21ljq,train,keep,False
twitter_2061442486774432007,train,keep,False
reddit_t1_mse3hqn,train,keep,False
reddit_t1_ms0a450,train,keep,False
reddit_t1_n0cds3o,train,keep,False
bluesky_1c945dd6f574394982fdf5e98b6037226a4c47c771f62e0a20e12642c8f28d94,train,keep,False
bluesky_c1d502ea208cba80981b4b71127c822693646f236990568c8de4efee39a9d2af,train,keep,True
reddit_t1_mqxexuh,train,keep,False
reddit_t1_mwwggyx,train,keep,True
reddit_1tu4roc_op8cb9h,train,keep,False
reddit_t1_mxh8tzc,train,keep,False
bluesky_fb203f9adc685cb5ad051d5d1684078a84c96137e7c11fcd5dd33e97406808b2,train,keep,False
bluesky_7a02a04f1ec554d8917a5bab6f2d2118bd996b9cabfa39c632bbfda43bcbafc6,train,keep,False
twitter_2061764307361137021,train,keep,False
bluesky_54312d5b0fe6789bcea0380f299dd3dba39a82a00222a8b406df4d0b4a06854d,train,keep,False
reddit_t1_mvpaaki,train,keep,False
bluesky_1da169f7753eac7d0c5a67c7dfd5eff3c08d989b36501a5d5d70c3b51b76eab6,train,keep,False
reddit_1tu3uj9_opfxhkf,train,keep,False
reddit_t1_mtgp5mn,train,keep,True
twitter_2061758442788766103,train,keep,False
twitter_2061638217523441884,train,keep,True
reddit_t1_mu7mol0,train,keep,True
reddit_t1_mrftkqz,train,keep,True
bluesky_83be01fa36e49b5d299786d6e9986a59373be4a05213712fb20f0b190af1cad5,train,keep,False
twitter_2096516616913670325,train,keep,True
reddit_1kr5j8t_mtaoyda,train,keep,False
reddit_1tw3aly_opr5eon,train,keep,True
twitter_2061829951653904550,train,keep,False
reddit_t1_myzq9gc,train,keep,True
twitter_2061790990797561874,train,keep,False
twitter_2061560375343009911,train,keep,True
reddit_1td5f0g_oluyah0,train,keep,True
bluesky_01ec447955544fb92f3187749a5e0874ec4d91c448180a1172a97ea3f68bf91c,train,keep,False
twitter_2060183766308471151,train,keep,True
twitter_2096252144789627012,train,keep,False
reddit_t1_mrzvi9g,train,keep,False
twitter_2061324417712685316,train,keep,True
reddit_1tt3vbp_op0nyju,train,keep,True
bluesky_45d59036e843f85ed57724625f98e52c5d61306030a43b28c3e33ddff47b8063,train,keep,True
reddit_t1_mu8ddkj,train,keep,False
reddit_t1_mt6fk42,train,keep,True
reddit_t1_myspojy,train,keep,False
reddit_1tgtqpq_omj9llo,train,keep,False
twitter_2096947251813687676,train,keep,True
bluesky_54aa9bc3bea744760343a5c397a4bcc9993e32dc89b340e3530f81025dc66c76,train,keep,True
reddit_t1_mtqk33y,train,keep,False
twitter_2061569982148800755,train,keep,True
reddit_1tsv1fn_ooyfzme,train,keep,False
reddit_t1_mwjd6gn,train,keep,False
bluesky_65cc2f29f257bb839510ddc8db31fe3eb16acca304c9273757676221776e9a24,train,keep,True
reddit_t1_n02engo,train,keep,False
reddit_t1_mzr981k,train,keep,False
reddit_t1_mu1pk4h,train,keep,True
twitter_2059738096799801716,train,keep,False
reddit_t1_mxyhpue,train,keep,False
reddit_t1_mwgr6oq,train,keep,True
reddit_1u1npgu_oqrxygj,train,keep,True
bluesky_7f16134d9d0a171636539acef2192461f4b663b01fdb8fbc5c89a1382205350b,train,keep,True
reddit_t1_mu6je8l,train,keep,True
twitter_2096042366956159476,train,keep,False
reddit_1tuwb8f_opem0ym,train,keep,True
reddit_1tu4roc_op7ysvr,train,keep,False
bluesky_7b72e76b336e189676c78ebf618324d7b34f546f83da727e34a577fbe275da9a,train,keep,False
bluesky_2a77241ee827ecfc0f9f10cd7fc3ae96c3eb4d9cc871a584bfb2421297795d6e,train,keep,False
bluesky_498ea32951af0c6a6234b48ce26362a7e101c626021a8d2548bed5a5cae2bf0e,train,keep,True
reddit_1kc1dne_mpz59f4,train,keep,False
twitter_2060477633591451707,train,keep,False
twitter_2059676694764573098,train,keep,False
reddit_t1_murkora,train,keep,True
bluesky_df5447420854f3a96a02d48d77dfa9a6097679f6b2d05c59a4273bbba42b7e22,train,keep,False
bluesky_159c17617fff14dd0e071833a208a60a3a23d5f3db5f2bdfd2291742780c8382,train,keep,False
reddit_t1_mxkqbj1,train,keep,True
reddit_1la39e8_mxhzb2y,train,keep,False
reddit_1tbzoap_oloo6pc,train,keep,False
bluesky_7f250e59ca3cba0fa801295c2d4472c99c5abbf8b10242202cb52d01e472cc73,train,keep,False
reddit_t1_mzrip3v,train,keep,False
twitter_2059693999280017850,train,keep,True
bluesky_56a3fc37595f9af052e5b8632babb8e6761c77e375f76ac97255137d2aba2482,train,keep,True
reddit_1twr00b_opr0gdk,train,keep,False
twitter_2061031033475096816,train,keep,False
bluesky_798c7a7b9c565f085b6808821202da0ac4135284d8505baffc9f64fc2db9a819,train,keep,False
reddit_1u1fnvf_oqpzqr1,train,keep,True
reddit_t1_mwmy6vn,train,keep,False
reddit_1lge9ni_mywiy8q,train,keep,False
twitter_2061520591702966670,train,keep,True
reddit_1tsvkbx_oozsmex,train,keep,True
twitter_2061823587128836417,train,keep,False
reddit_t1_mw1g18b,train,keep,True
bluesky_1d4b8526775dab1a6f6cdf42ea761ebe8765830bb99e8e027dcbcab32f0222d3,train,keep,False
reddit_1lhaiqa_mz3on2d,train,keep,False
reddit_t1_mrbnvkh,train,keep,False
reddit_1u28e60_oqx2hwo,train,keep,True
reddit_t1_mtoeqpw,train,keep,False
reddit_t1_mxrmohp,train,keep,True
bluesky_1fe084f7bf3ab7434ed65f130ca164b9f7ce61d5487fcf5dd94d2a837654f008,train,keep,False
bluesky_ad169405896b4c4a8470371f938ec6156a640980f10e9639537c71e897e459e5,train,keep,False
reddit_t1_mtnr1ow,train,keep,False
reddit_t1_mqcvb4w,train,keep,False
bluesky_a9a05dff0c364bfdb91f7a1e591049869e61d005a6c94f0c3360c65e7ceb847e,train,keep,False
reddit_t1_mx34kk7,train,keep,False
twitter_2061821387371950328,train,keep,False
reddit_t1_my2z4i5,train,keep,True
reddit_t1_mtimhqf,train,keep,False
twitter_2061599476733661536,train,keep,False
reddit_1tnf5qd_onvrpp7,train,keep,False
reddit_t1_mxk2ei0,train,keep,True
reddit_1tx4xmh_opu7ilj,train,keep,False
reddit_1ttx203_op76dl8,train,keep,False
reddit_1txekxo_opx0w7h,train,keep,False
reddit_t1_msh3o52,train,keep,False
reddit_1lc59py_mxye4qz,train,keep,False
twitter_2061579134539538908,train,keep,False
reddit_t1_mtiocsx,train,keep,False
reddit_1tyojpm_oq9c9lc,train,keep,True
reddit_t1_mx92jvh,train,keep,True
reddit_t1_mt742nl,train,keep,True
reddit_t1_mqmv6m0,train,keep,True
reddit_t1_mvyez5r,train,keep,False
twitter_2061782425324384582,train,keep,True
reddit_1talsg7_olceric,train,keep,False
reddit_1kr256c_mtbzcaj,train,keep,False
twitter_2059974784277241978,train,keep,True
twitter_2060099546697380100,train,keep,False
reddit_t1_mx6teob,train,keep,True
twitter_2061171692693602517,train,keep,True
twitter_2061754997663047938,train,keep,True
bluesky_120a69c6eda7ce46913510b433f3dd6a18a3e2b5a648e14127f35adffa73eb25,train,keep,True
twitter_2061769085138919831,train,keep,False
reddit_t1_n0di8zh,train,keep,False
reddit_t1_mu802rb,train,keep,False
twitter_2061499052609651089,train,keep,False
bluesky_60464d396eed5b3d6da61e659d688c098a9f3c3a875914f5886c3178931832cd,train,keep,True
twitter_2061532696493335001,train,keep,False
reddit_t1_mu3mq7g,train,keep,False
reddit_t1_mudkso2,train,keep,False
twitter_2095876304570552621,train,keep,False
twitter_2061742490533670937,train,keep,True
reddit_1lhaiqa_mz2soxs,train,keep,False
reddit_t1_mvasm8d,train,keep,False
twitter_2060135044480684474,train,keep,True
bluesky_f5b0bdc9d4f7f63578e1aacc86238c477c5f0fe6e5a42ac124d06a5bcd444430,train,keep,False
bluesky_30a33cb8cbe9c59704c3c5ed44e3a17f6840b1f15797927ab6cdfa15a6336385,train,keep,False
reddit_t1_mtcuc1z,train,keep,True
reddit_1kj3p9z_mrm31vq,train,keep,False
bluesky_b8bffb32f4459ed9866a57375e762d295711bad97af9372e7e0e58ad086371b0,train,keep,False
twitter_2096952101721039025,train,keep,False
twitter_2059068301108801727,train,keep,True
reddit_t1_myuttrb,train,keep,True
bluesky_593c9ed8c250b45471c4bd689765f13610d495cb3065686c0ec4115e24df04b3,train,keep,False
bluesky_c2c5ab07671cb3885b1386a8a9d70e1eb3cae7d4878cd4fa8bc09d08f3318d54,train,keep,False
reddit_1lcklzj_my1x6r3,train,keep,False
reddit_t1_mytk5m0,train,keep,False
twitter_2060096260309184528,train,keep,False
reddit_t1_mszle4h,train,keep,False
reddit_t1_mto3xpu,train,keep,True
reddit_1twd1b6_opr5r8v,train,keep,True
reddit_t1_mztg7in,train,keep,False
twitter_2061315580561379513,train,keep,True
bluesky_a1f8c32185aea12022d80b70a55588e28b0e59c81ce66c8e2c426bb38ea653b4,train,keep,False
reddit_1tsxfco_ooztj59,train,keep,True
bluesky_47a3052fe4fb9e1240e424c69f4ece99b660ec90dfdcdeffc01802948c8d64bc,train,keep,True
reddit_1tjgzeh_on3nu3v,train,keep,True
twitter_2060604495265153290,train,keep,False
reddit_t1_ms59n1i,train,keep,False
reddit_t1_mwmx51g,train,keep,False
reddit_t1_mrolaur,train,keep,False
twitter_2097126307008242060,train,keep,False
reddit_t1_muxuibx,train,keep,True
reddit_1kzuv1w_mvb8ymj,train,keep,False
reddit_t1_mxdek9h,train,keep,False
reddit_t1_mzoog5c,train,keep,True
bluesky_aed42ccf61c97cbc2d65a0e2061e94870963a9507d0e81b08423194a6f7d00d6,train,keep,False
reddit_t1_mtrh1uz,train,keep,False
reddit_t1_mz33dy6,train,keep,True
reddit_t1_mxfvx5u,train,keep,True
bluesky_1cc4fd38ddd152cb47a749d6605d4605188972af504b554e4ae03d72cae77ebd,train,keep,False
reddit_1kyiz6m_muxs55t,train,keep,False
reddit_1llpslt_n09a7mr,train,keep,False
twitter_2059764455584485801,train,keep,True
reddit_t1_mtwlprt,train,keep,False
reddit_1ttbp5w_op1iar7,train,keep,False
reddit_1tuwb8f_opcv4mn,train,keep,False
bluesky_3f9b8a77caa5b1ef148f95440799d7d9427774f7d8799d939d670813c229e34f,train,keep,True
reddit_t1_muad81f,train,keep,True
twitter_2061319138832679023,train,keep,True
reddit_t1_mr1x9d5,train,keep,True
reddit_1tuzkhw_opg9k8g,train,keep,False
bluesky_4513a5efc191634d07b75a5c036919d7120f177ffa7d133a44667320b8434e64,train,keep,True
twitter_2060318885463679283,train,keep,False
reddit_1ttadso_op1zt0g,train,keep,False
reddit_t1_mu6mvj9,train,keep,False
reddit_1tcbnwx_om3bcec,train,keep,False
reddit_t1_mxgrkmu,train,keep,True
reddit_t1_mz01isy,train,keep,True
twitter_2061810496668336399,train,keep,False
reddit_t1_n0h04ik,train,keep,False
reddit_1kcy0mu_mq7510q,train,keep,False
reddit_1tcxfbg_olrl899,train,keep,False
reddit_1twk9ob_opot19f,train,keep,False
reddit_t1_mxdkkuw,train,keep,False
twitter_2061551619427217559,train,keep,True
reddit_t1_myqbuvc,train,keep,False
twitter_2095830496663990510,train,keep,False
reddit_t1_mwedon4,train,keep,True
reddit_t1_mr63q9s,train,keep,False
reddit_t1_muexr5v,train,keep,True
reddit_1lh3h92_mz2k6wk,train,keep,False
twitter_2060925736324571328,train,keep,False
bluesky_4b5a4c7daabf38f1b528647cc1ea099e677537bc98052133b1e712c6b2963f23,train,keep,True
reddit_1kpmzrc_mt0paez,train,keep,False
reddit_t1_mr9axm1,train,keep,True
reddit_t1_mydi72j,train,keep,True
reddit_t1_mzlb51s,train,keep,False
twitter_2061826196741276108,train,keep,False
reddit_1u24ryn_oqvjnth,train,keep,True
reddit_1tvr63e_oplivja,train,keep,False
reddit_t1_mvy0z5p,train,keep,False
twitter_2061583437580927018,train,keep,True
reddit_t1_mtdo0pf,train,keep,False
reddit_1kor2d7_msskef9,train,keep,False
twitter_2061435072880750895,train,keep,False
reddit_1tvll8k_opi19m7,train,keep,False
reddit_t1_mxl164u,train,keep,False
bluesky_cf6f99d42c7ef92db7f3852ed721f00110cadceabbcc5d5c7bf39f7949100477,train,keep,True
reddit_1lhdd2s_mz6c2cj,train,keep,False
reddit_t1_mxl0hl8,train,keep,False
reddit_t1_ms1qgy1,train,keep,False
reddit_1ttapmu_op22vqp,train,keep,True
twitter_2096038836522418540,train,keep,True
twitter_2061570963116892658,train,keep,False
twitter_2061514289870000591,train,keep,True
twitter_2061779743498817590,train,keep,False
bluesky_34e4c5516591fb3b58dba4c27a79574b2924f3ff635957b84b9307291d8b7492,train,keep,True
bluesky_b861d8cda27ad660137bfc1c878845198c70f4d3554b821339a787c93bbde4a7,train,keep,True
reddit_1u0ffqm_oqi2lz5,train,keep,False
reddit_1txm3lk_opxz1w5,train,keep,False
reddit_t1_mubqsnq,train,keep,True
reddit_1tqyx7p_ool93xq,train,keep,True
reddit_t1_mrt2sfx,train,keep,False
reddit_t1_mxpsk8u,train,keep,False
bluesky_a54fd3c1b982f9dff666a48964cb5265f1492f749d2c9823ccbf74edbcc2fcc7,train,keep,False
bluesky_aa51fc8f77ea4bf1f6266c31051e012a1cf23e38ce6108c3559cf97a796418de,train,keep,True
reddit_t1_muuc4x2,train,keep,True
reddit_t1_mv1tw8g,train,keep,False
reddit_1kejgoy_mql3nzg,train,keep,False
reddit_1tv1z4j_opdutw7,train,keep,False
reddit_1tzjirf_oqdwoso,train,keep,True
reddit_1u2391z_oqv7510,train,keep,False
bluesky_b50e8ce4ba630f4d4391464db1b60327f38658fe981a4ae440b4995c3672efc3,train,keep,True
reddit_t1_mrkxpkx,train,keep,False
reddit_t1_mzu0ud3,train,keep,False
twitter_2061614845875941576,train,keep,True
twitter_2060771618536997224,train,keep,False
bluesky_f50cdc4c375e6c2c52733a5d461d2f8be758373de293efdbbee6ff9a7b897360,train,keep,False
reddit_t1_mv5ccvh,train,keep,False
twitter_2061521903311823144,train,keep,False
reddit_1tx0jmc_optfe4t,train,keep,False
reddit_t1_mukuwc6,train,keep,True
bluesky_059732b642720b187570a3d4077dc88b30075c04b17471ef94fc9cccae095a1e,train,keep,False
reddit_t1_mtnv2ix,train,keep,False
bluesky_029805a90d886df6f65744d5bcf44c6d6dd0e99809582e205cd2c44a7fba6a99,train,keep,True
reddit_t1_myzwsek,train,keep,True
reddit_t1_mx1bw7p,train,keep,True
reddit_t1_n076okt,train,keep,False
twitter_2060138956537143544,train,keep,True
reddit_1ksy3bs_mtqyap7,train,keep,False
twitter_2061760417920163972,train,keep,False
twitter_2061445632330465715,train,keep,True
reddit_t1_mr69wfo,train,keep,False
reddit_t1_mrlt9si,train,keep,True
reddit_1kp5lm5_msw4qcq,train,keep,False
bluesky_b1d81d6989276be3bb99bd340c2c957ae2a16ffddcbeabe5bfa7ff9750c5b370,train,keep,False
reddit_t1_mq1a9ue,train,keep,False
reddit_t1_mx5kthz,train,keep,False
twitter_2059273330931229005,train,keep,False
reddit_1u22gzn_oqv9xp1,train,keep,False
twitter_2060001899064234029,train,keep,True
reddit_1klodyp_ms424ut,train,keep,False
twitter_2059749972040401295,train,keep,True
reddit_t1_mwuhm9a,train,keep,False
reddit_t1_mz3w2ix,train,keep,False
reddit_t1_my16vpo,train,keep,False
reddit_t1_mwuif3f,train,keep,False
reddit_t1_mw991o5,train,keep,True
bluesky_bd0cdeebdf3cfd50780bc91ee4a978fbfb17ab15ed3fce2feea29d32a48a8ec5,train,keep,False
reddit_1lilu4s_mzd2jsx,train,keep,False
reddit_1tttfo9_op599v1,train,keep,False
twitter_2059436637080142301,train,keep,False
reddit_1krxawy_mtgwlpw,train,keep,False
bluesky_8ead9803ff8e26773dd0018f4ad16d09e75ac0b64c0039ef04b3df7f9a30c707,train,keep,True
reddit_t1_mxxk5ez,train,keep,False
reddit_1tr65sz_ooo4rmv,train,keep,True
reddit_t1_mt0bht7,train,keep,True
reddit_t1_mzjeqgn,train,keep,True
bluesky_850a82abd0564e469667652f3a10d3db922defec809587f01c296f3f4d4c19ae,train,keep,True
bluesky_42c12113bc97f36e784b6cfb4bbf1c3f2332eaee39eef925dbdbe024648a93e9,train,keep,True
twitter_2060407396225188012,train,keep,False
reddit_1tqyx7p_ooleqwm,train,keep,True
reddit_t1_mw2ptrb,train,keep,True
bluesky_91388888703c0ca85fd336ea1032817635b03b73266c3100a124e3e2c2f88d26,train,keep,True
reddit_t1_mq6g4ey,train,keep,True
twitter_2060836594127438322,train,keep,False
bluesky_f0ab548ff625fb063a16547ed40f64207156648795b1e438869a6f0f39925871,train,keep,False
reddit_1tznn66_oqc66m8,train,keep,True
twitter_2060444271308623879,train,keep,True
reddit_1l30bzu_mvz60p5,train,keep,False
bluesky_131e8ab3949acef35983f7e83935cb2c4918f8a87404c2238687ad3cd3f2df98,train,keep,True
bluesky_bd732d8281dcca7b2ae87880551851569700a7397ee873a707f2625320ee27bc,train,keep,False
reddit_t1_mtb5lka,train,keep,False
reddit_t1_mwhd9a8,train,keep,True
reddit_t1_mx9p4l7,train,keep,False
reddit_t1_mz5deff,train,keep,False
twitter_2060623285440979035,train,keep,True
reddit_t1_mzc27x7,train,keep,False
twitter_2061822024238981315,train,keep,True
twitter_2060244141074776362,train,keep,False
bluesky_73a575395f18beeee7b1ee899cd6e1e54b52222f1cbaaa16b934fcde389f0b5d,train,keep,True
bluesky_2b96a2bd46f246f48367cbe7c7b4760eb6ad353ba768995eaa9b68c6b362508f,train,keep,False
reddit_t1_myqh33v,train,keep,False
twitter_2061443107665654224,train,keep,True
reddit_t1_mzks8aa,train,keep,False
bluesky_14aab54ccbf27bca3e36500eee2a8f817b4d4e2711b1903212282e69e5a8c991,train,keep,True
reddit_t1_mycha8t,train,keep,False
twitter_2061111507648208971,train,keep,True
reddit_1kd7ii2_mq8krxj,train,keep,False
reddit_t1_mzdvrp1,train,keep,False
reddit_t1_mwouppz,train,keep,True
twitter_2061787414956564641,train,keep,False
twitter_2060445002765861315,train,keep,True
twitter_2061808558484656203,train,keep,True
bluesky_e516d865005f5187dcccd1cb1d6205dbb68a3bbe467751e49de329575f525bf4,train,keep,True
twitter_2061145721890357263,train,keep,True
reddit_t1_mr859of,train,keep,True
reddit_1tjs35z_on86umb,train,keep,True
reddit_t1_mskfpeu,train,keep,False
reddit_t1_mshf4d7,train,keep,True
bluesky_7f9fe335dba7d25c20aa0999793be2b9bdf012b984ad3a520076e5c8fb38f864,train,keep,False
reddit_1tfkp9u_omcm6bs,train,keep,True
reddit_t1_mw01ty8,train,keep,True
bluesky_696a63f9407a5770e28b11f4523a907d92e7b67c3a32816d93f6bae296de8cd7,train,keep,True
reddit_1tgwj1b_omkaeqz,train,keep,False
reddit_1tq6vyl_ooeaenp,train,keep,False
bluesky_0188c4d69df02cd60953d2637b619558e570adfdee195effd927916cbfb8ce12,train,keep,False
bluesky_69ed8454f5fbe1b7bd473216f68dacc622bddf406f5612ab87a078912893ccaf,train,keep,False
reddit_t1_mzmyvbr,train,keep,False
reddit_t1_mydn57z,train,keep,False
reddit_1u0ljrd_oqj9g4z,train,keep,True
twitter_2060874210361201079,train,keep,False
reddit_t1_msnfc47,train,keep,False
twitter_2061756274769862675,train,keep,False
reddit_t1_msiswc4,train,keep,False
reddit_t1_mrm2438,train,keep,False
twitter_2061780122693218670,train,keep,False
reddit_t1_mzwc21e,train,keep,False
reddit_t1_myqa0a0,train,keep,True
reddit_t1_mx3mdd0,train,keep,False
reddit_1tle2vc_onfa3pn,train,keep,False
reddit_t1_my2pejh,train,keep,True
reddit_t1_mtlbka3,train,keep,False
reddit_t1_mq7atkg,train,keep,False
bluesky_df8bf584491345580afcae67d2c66c7e4dd23c7aebf268afd59cebb35fe294a1,train,keep,False
bluesky_e61f8ba596ca019777d16dac2fafeea62093c906e84091d31ec7417e1d29206f,train,keep,False
reddit_1u28e60_oqvtkce,train,keep,False
bluesky_349d3154f264eed6e532d4737151a8a5749c30d6cd48a6607efb1273b7b7d94a,train,keep,True
reddit_t1_mtjami0,train,keep,True
reddit_1lgh08y_myyulih,train,keep,False
reddit_1kk1lg6_mrrhmmk,train,keep,True
reddit_t1_mqy24i9,train,keep,False
reddit_t1_mxagub0,train,keep,False
twitter_2096958630729834708,train,keep,True
reddit_1u2ek28_oqwvj4j,train,keep,True
twitter_2061485451228106872,train,keep,True
reddit_1tzmjlz_oqcb9j1,train,keep,False
reddit_1txm3lk_opx08wc,train,keep,False
twitter_2061651479929504007,train,keep,False
reddit_t1_mvuhrvs,train,keep,True
bluesky_f3e4ed035989bda6eafee0e94f9196b6092007d81a7b0d00bd11447f22057ae8,train,keep,True
reddit_1tsurmm_op062k7,train,keep,True
bluesky_6ea18313f83f843ccd2a9782ed7185b657f4939915d9fa335c645ed8bea4f394,train,keep,False
twitter_2097110507878793714,train,keep,False
reddit_t1_mti2yee,train,keep,True
reddit_t1_mreyxg7,train,keep,False
bluesky_8f830d40f3d96ae5d1ba6f9b1830892c190fd92b632fc38078a71c973af6112e,train,keep,False
reddit_t1_mtimbpl,train,keep,True
twitter_2096410282062925864,train,keep,False
reddit_t1_mto2xcy,train,keep,False
reddit_1thqwmy_ompl7n7,train,keep,True
bluesky_d5b1928f93348b43be53cf70f29e58f2aeb0f85e4b1dac0755ba8d12cfc16ff7,train,keep,False
reddit_t1_mwjzg7b,train,keep,True
reddit_1tx0uiq_opsnk62,train,keep,True
reddit_t1_mrtwt9g,train,keep,False
bluesky_13d7bc96507d7be5041a554d8a0861ea0dd960de053ab47a950288c76a5ef43b,train,keep,False
twitter_2061798341810200978,train,keep,False
reddit_t1_mz2y8wt,train,keep,False
reddit_t1_mxaxti3,train,keep,False
twitter_2061533564051616039,train,keep,False
bluesky_600bea600fc08e06e6a24acb7463473b2119f20fe3d887dccfe1d7a0fddde918,train,keep,False
reddit_t1_mwtu6lw,train,keep,False
bluesky_f65c2e1ba851542072b7f8f92c7e23d1452667a47dcb72a32abc3dc50aea483b,train,keep,False
reddit_t1_n062znh,train,keep,True
twitter_2060760642059936065,train,keep,False
reddit_1tnjwbi_onuoc31,train,keep,False
reddit_t1_mzfwaw3,train,keep,False
reddit_1thqwmy_omvq5xl,train,keep,True
twitter_2061729574808088885,train,keep,True
reddit_t1_mq0esy1,train,keep,True
reddit_t1_mx6h2qh,train,keep,False
reddit_1tezk4y_om74p92,train,keep,False
bluesky_b501980ec65dfbe7491e97e75b2f37ccf44210c68d31e543917b45b6e5d1e95b,train,keep,False
reddit_t1_msde7f1,train,keep,False
twitter_2061778171154882610,train,keep,False
reddit_t1_n001eqp,train,keep,True
bluesky_cfd97f28ccd90b795234a873eef857d5d127abb83dbba5ca315ea7376948fe4a,train,keep,False
bluesky_41b4e1b3a3acc4fdba651d10ce1e8827a8e4661f08d11ac82b62ef39c6d4881b,train,keep,False
reddit_t1_mwv8rxq,train,keep,False
bluesky_c5953e7d8feed86eb5092cc57aa42cd0360862e58e1f0b0a8d2f511a2ab4b785,train,keep,True
twitter_2061776299513860176,train,keep,False
reddit_1kzy1gr_mvbga6j,train,keep,False
reddit_1tt4bg8_oozvqz3,train,keep,False
reddit_t1_n09hd0s,train,keep,False
reddit_t1_msu1sxq,train,keep,False
reddit_1tzs7nk_oqd3cei,train,keep,False
bluesky_2d28af4d01279db6630d5a06c569b762c048de064fb074a7f0033abd13d1457f,train,keep,False
reddit_1liutti_mzgmvvd,train,keep,False
reddit_t1_mun5ko6,train,keep,False
reddit_1lhpixc_mz91s3r,train,keep,False
twitter_2059797226990244336,train,keep,True
reddit_t1_mv7e6hv,train,keep,False
twitter_2060498593572639047,train,keep,True
reddit_t1_mwcfsas,train,keep,False
reddit_1tstlbr_ooyl8jx,train,keep,False
reddit_t1_mzdkqy9,train,keep,False
reddit_t1_mycr1sx,train,keep,False
twitter_2061805520848294025,train,keep,False
reddit_1t77fqu_okphxl4,train,keep,False
bluesky_c7017d36d2a815e0e7c38f5d5d73ff5b89422eca9fce8d2b5e23e1e51aefa387,train,keep,False
reddit_t1_msylduh,train,keep,True
reddit_t1_mq2et2i,train,keep,False
reddit_t1_mq17wot,train,keep,False
reddit_1u0l8qh_oql6aac,train,keep,False
reddit_t1_mzlif5e,train,keep,False
twitter_2096926577284038946,train,keep,False
reddit_t1_mzr32uf,train,keep,False
reddit_1tr6mt1_oomc3mu,train,keep,False
twitter_2061484264978575823,train,keep,True
twitter_2060726087995293835,train,keep,True
reddit_t1_mt2guzp,train,keep,False
bluesky_08970f15af2a960b7a5119273f78c04b4205a5304ff932784b8e6bb7f15f353d,train,keep,False
reddit_t1_mvxcny9,train,keep,True
twitter_2094834788876120537,train,keep,True
reddit_1lnehz0_n0ez2x2,train,keep,False
bluesky_b3f638708296105ab27617f717b6edbd87b5dfa4cba7ed29f374232e07da15f2,train,keep,True
reddit_t1_mywr9wm,train,keep,False
reddit_t1_mt6hq1t,train,keep,False
reddit_1ttxj3b_op6rkv0,train,keep,True
reddit_1tt8k9j_op1bn8y,train,keep,False
reddit_t1_n0783e1,train,keep,False
reddit_t1_mtrptvy,train,keep,True
reddit_t1_myui891,train,keep,False
reddit_1u1c4u6_oqp81v6,train,keep,False
reddit_t1_mtbpema,train,keep,False
reddit_t1_mx9uzy6,train,keep,False
reddit_1txnigx_opxk3qx,train,keep,False
reddit_1t7d5jc_okpu9zp,train,keep,True
twitter_2061477973220335819,train,keep,False
reddit_t1_mtd2s99,train,keep,False
reddit_t1_mv7qxvr,train,keep,False
bluesky_87b08d231089773218bfa647c9714318f67cea8a078d36ef5c12f5f6d7409f9a,train,keep,True
twitter_2061580289004965896,train,keep,False
reddit_t1_mt0xfei,train,keep,False
reddit_1kpgf6p_mt08094,train,keep,False
reddit_t1_mxq9ffm,train,keep,False
reddit_t1_my6dt0u,train,keep,True
twitter_2060814027048047106,train,keep,False
reddit_1kg0ygd_mqv1h24,train,keep,False
twitter_2061470025140056188,train,keep,False
twitter_2061539645624594627,train,keep,False
bluesky_85299f8728c642c0dbfaca7c3911b6b1066f9ba9c41665759d6c95c400225159,train,keep,False
reddit_t1_mpza788,train,keep,False
bluesky_2f6900d55ddf294f123db32da6b01a60bd8da90bc0464bddade73e17f5653830,train,keep,True
bluesky_fa406eb8f0a5642144f15c512707a12d17942220d872536024d9e40b3bcba56c,train,keep,False
reddit_1kptfmx_mt0s8nj,train,keep,False
reddit_t1_mwo61rp,train,keep,False
bluesky_7946c00c60489b2773a57a1ded5252cb6c928730a0838a733fdf9276467d5af8,train,keep,True
reddit_t1_mu9aqlt,train,keep,False
reddit_t1_mxbivgo,train,keep,False
reddit_t1_mztncq4,train,keep,False
bluesky_1cad16484dc9de480e1ce3ff9abe6639fcb8b38a11621bbf6b31869d7cab834b,train,keep,True
bluesky_276072294af28de3c37ab82640218bfaa45addfc7be001ef5fcceabf163c7bac,train,keep,False
reddit_1txvz2c_oq0e3nz,train,keep,False
reddit_t1_my4ek9v,train,keep,False
bluesky_b65e6095a4f3e8aead5c8a9732c2e8cc36eb18d2c98a6c23e521334aec425a03,train,keep,False
twitter_2096595733881196720,train,keep,False
reddit_t1_mq70f1g,train,keep,False
bluesky_f8e744d66a6d60951ac905e00484f295605ec28786ae04c5c761fc64ec991b36,train,keep,False
reddit_t1_n0l61ig,train,keep,True
reddit_t1_mt6hgqt,train,keep,False
bluesky_403ed4b8344520fc0b1b51eedde794be6ea266eec18d0088817e03db6a1559c9,train,keep,False
reddit_1tuzkhw_opdoj2d,train,keep,False
bluesky_092886866bbe353404ba18e4705cda7d832d01d618fb075492b98750f42f75b4,train,keep,True
twitter_2059996590354378925,train,keep,True
reddit_t1_mq8hmz0,train,keep,False
bluesky_dec199a4531a2f5e4e9a91695b49edf759b1f1298d1d86ab774842e39782eaad,train,keep,True
reddit_1u2cel1_oqx165y,train,keep,False
twitter_2096662212622586172,train,keep,False
twitter_2061824703266951566,train,keep,False
bluesky_4666b88d12b965e8db7fb360778d2f2e1190dc03b8f186dd23f3950afb3749a7,train,keep,False
reddit_t1_mug8y4i,train,keep,False
bluesky_73c4b4256484fe9bcd56d4b21c5963fad08496d1a1312b3752d1b3b002c266ee,train,keep,False
reddit_1tta0q0_op1d9tp,train,keep,False
twitter_2060505986129969322,train,keep,False
reddit_t1_mrnjuhk,train,keep,False
twitter_2061565214529630679,train,keep,False
reddit_t1_mzx5h89,train,keep,False
bluesky_6998b16a1cd72ba305e708a4bd6fb3720771e6749a7f4f508999b4eed3336a4c,train,keep,False
bluesky_473b6c14f2a750b6908d411663d5f8115969f3af0d2b444aabf4f9fb54c00724,train,keep,False
reddit_1timrvq_omwu21u,train,keep,True
bluesky_04e54feeb4f3376f4a41fb9233b0dc561d1a1a936b40881b18fc02d38ef4f00e,train,keep,False
reddit_t1_n007qu4,train,keep,False
bluesky_842c274e25a4d467806fa023effde77c28c42f2d6a38810ca37ddb47e567475c,train,keep,False
twitter_2061562757468848470,train,keep,False
reddit_1tdxi7e_om154fb,train,keep,True
bluesky_5d8364c4d81bac5e8666defba9b8446acbef694c241a5f344980cebee1e57714,train,keep,False
twitter_2060959188172554617,train,keep,True
reddit_t1_mtditkm,train,keep,False
reddit_t1_mqtzn56,train,keep,True
reddit_t1_myibfpl,train,keep,False
bluesky_32d2108020be4de5ca23bde6c4b10920030fc41a0980751552267d09832544e5,train,keep,False
reddit_1tc5bjg_ollxxgv,train,keep,True
reddit_t1_mrhgd1d,train,keep,False
bluesky_dc5604c0748e912144b799393d4012dbb430418d6c28434519a170ee2c696117,train,keep,False
bluesky_a0ac9010794f2877f5f4946bc81fb7f1ce89d20634c866919a56e6bc51ff4ade,train,keep,False
twitter_2061003431486304265,train,keep,True
bluesky_c1443daa4e9c8b30b9f4b8e654e575cadc3f4dbb1a17359c327667929a1de5a1,train,keep,False
bluesky_a16fe448901b8572cc3348d237272281e3babcd35cb01d55d291a84fcb399d34,train,keep,True
reddit_t1_n05f507,train,keep,False
bluesky_e4e125e75492043ba25052229caa1dc8a7225ecadc45366bbba8f1c54665dfda,train,keep,True
reddit_1tt1cw0_op1f09y,train,keep,True
twitter_2059511132939755607,train,keep,True
bluesky_56a2eec0ef4a39f215aec7fa42876cf4c6675af5822abe28140a66417a1c4fb5,train,keep,False
bluesky_ee4be9be5cbd68751ce05452a9aadfbd4db2429e46599f331f465601adc08e3a,train,keep,False
bluesky_4b75d8b4e234999aaa49125a4764df33e7102b2ef3e5cb4ffcb1027aec0089bf,train,keep,False
bluesky_c28ceb0cd0b3b46c4a7f9e29bed630c55a2ad7d7118c024192512a5727084306,train,keep,False
reddit_t1_mzfenrc,train,keep,False
reddit_t1_mqi7j4y,train,keep,False
reddit_t1_msqpj7b,train,keep,True
reddit_t1_mt4dy3m,train,keep,False
twitter_2061714565541359667,train,keep,False
reddit_t1_mvu0hx3,train,keep,True
reddit_1ttui2j_op6jsnr,train,keep,True
bluesky_3840c97b02678c2ca68bdfc9f791a6050ad718303a55bbd3db30de66f8e3b243,train,keep,False
twitter_2061536499137761580,train,keep,False
bluesky_8d12e72a4da6f3f72b1822b2afbd6bf2a06c48402ac375331a253a9a80da195f,train,keep,False
bluesky_6bea318bb37d56302e154413092766d8482ae206ce05f23fb7d4e620d8970b86,train,keep,False
reddit_1u17p37_oqo1f8b,train,keep,False
reddit_t1_mqa6s3p,train,keep,False
twitter_2061536095054041500,train,keep,False
reddit_1tgxg10_omle9dp,train,keep,True
twitter_2061616941421437362,train,keep,False
reddit_1lfwht9_mytzxeu,train,keep,False
bluesky_ae2ea610dbe664b3d921e512c267131bfd9bbff4fbbfab8cdfa436e75446d2c8,train,keep,False
twitter_2061425638041362768,train,keep,False
reddit_1txsumx_opz8dn5,train,keep,True
reddit_t1_ms9p9cm,train,keep,True
bluesky_3f697dcb410956e7712611340fa52f73f2e20d1805ffa72b7a2f30531f2bee50,train,keep,False
reddit_t1_myagas8,train,keep,False
reddit_t1_mx01jkg,train,keep,False
reddit_t1_mw3xjnt,train,keep,False
bluesky_84e522803fa58348023b637105aba9a3c24b1a4e2309664202745ebcbb02a263,train,keep,False
reddit_t1_mszd4gq,train,keep,True
reddit_t1_mzrnzl5,train,keep,True
twitter_2096482977064628567,train,keep,False
twitter_2061722626532286758,train,keep,False
reddit_1tnobm9_oo20ia1,train,keep,True
reddit_t1_mz4467v,train,keep,False
reddit_t1_mrske6g,train,keep,False
reddit_t1_mv98wtt,train,keep,False
twitter_2061827927335989252,train,keep,False
reddit_t1_mttqi68,train,keep,False
twitter_2061108033761976347,train,keep,False
reddit_t1_mqq41hs,train,keep,False
reddit_t1_mqqciza,train,keep,False
reddit_t1_mxrh4p0,train,keep,False
bluesky_4a1e2fb72d3ab8fc968661c9f8556e74a0727209f77ab4e000650aedaf258b05,train,keep,False
twitter_2061802513943449771,train,keep,True
bluesky_e4adbf396b0e6b134b6ce2aaa988ab195ce99d7e17f5c51ea727db8d661645c5,train,keep,True
reddit_t1_n0i3dof,train,keep,True
bluesky_9fc361c252ae62069cb45eb26a9443c75c00a613e277517ede464c480e460c30,train,keep,False
reddit_1u2xqsq_or1wn9m,train,keep,False
reddit_1tpf0kw_oo8y36y,train,keep,False
reddit_1tvumlg_opksvse,train,keep,False
reddit_t1_mwlptx2,train,keep,False
twitter_2060423796855586852,train,keep,False
bluesky_3de811d22afaadc41ae1a4be36a84a786dbaf683c16f5438c8e59628a95db91d,train,keep,False
reddit_1txrvp0_oq0ay9e,train,keep,True
bluesky_f8a9d12197b80d4970bd4c9d17c7b0d77f35ae14ac8b2e2a4a55f2071c21d6fb,train,keep,False
reddit_t1_mrsgox5,train,keep,False
reddit_t1_mrjgb4u,train,keep,True
twitter_2061822638415073361,train,keep,False
twitter_2061504996642816139,train,keep,True
twitter_2061546008685727902,train,keep,True
reddit_t1_mreusrx,train,keep,False
reddit_t1_n0l1p6t,train,keep,True
twitter_2061824137518309739,train,keep,True
reddit_t1_n0fjacr,train,keep,False
bluesky_007568ddfadcb450bb8b91253a673315384eb1d5ca9f9886462eb722ea5c2b48,train,keep,True
reddit_t1_mv35mhx,train,keep,False
reddit_t1_mtzlxx4,train,keep,False
reddit_1tsvd1m_ooz7poc,train,keep,True
reddit_t1_msmfxtb,train,keep,True
reddit_t1_mzvpxeo,train,keep,False
reddit_t1_my1vsux,train,keep,False
bluesky_86512fc03203dd8c612626c621a3100701c550acc4e79a6f05cfb19c93536499,train,keep,False
reddit_1tutxzr_opfgdwd,train,keep,True
reddit_t1_mz63gaa,train,keep,True
reddit_1tgwl5y_onh8itk,train,keep,False
twitter_2061561465580998715,train,keep,True
twitter_2061756573853069740,train,keep,True
bluesky_d3f3c1e341a398a3315e37e11a42c601d1426efd49207f9cd82cd9891c0c9584,train,keep,True
bluesky_0650663eb2486d20261d5debdaff1b48272d35a79c26d4a8b93b793090039d79,train,keep,True
reddit_1kf2hgg_mqq9p2i,train,keep,False
reddit_t1_n0abr0b,train,keep,True
reddit_1td4d2o_olvaada,train,keep,True
reddit_1tw739j_opm9otj,train,keep,False
reddit_t1_mva3f4m,train,keep,False
reddit_t1_n03e58j,train,keep,False
reddit_t1_mzqhsc4,train,keep,False
reddit_t1_mstvb8l,train,keep,True
bluesky_736f07f67dd6d048c543cbfad6fe92a247f449055429e4f5052a51fd29f0f316,train,keep,True
reddit_1lhdcmq_mz3tdwy,train,keep,False
reddit_1l9nlap_mxfbf9g,train,keep,False
bluesky_a993a6cc58da476173b265fb0611262a602cb03ae5ebff733d776264a0fd535f,train,keep,False
reddit_1trnhrp_op5yzzd,train,keep,True
bluesky_59d548b222e20b335108b3fcf24cdadae19cc89e2affdf6d339e5821dba70567,train,keep,False
reddit_t1_mr2dxa2,train,keep,False
reddit_t1_mrhezd4,train,keep,False
reddit_t1_mq6xg9t,train,keep,True
reddit_t1_mx6dmyh,train,keep,False
reddit_t1_murzldd,train,keep,False
reddit_1t7hgak_okrxjwa,train,keep,False
bluesky_ec64699fe03b43189c4704751a7ffacf7ce6638c79d972a84dcd362adbd45dcf,train,keep,False
reddit_1tz4l7k_oq8k6qg,train,keep,False
reddit_t1_mu89b2w,train,keep,False
twitter_2061599847279444479,train,keep,False
reddit_t1_myyl9xe,train,keep,False
reddit_1tb0kz2_olds5jc,train,keep,False
reddit_t1_mzcj75w,train,keep,True
reddit_1tb0kz2_oldt5xy,train,keep,True
twitter_2061444496404168907,train,keep,False
twitter_2061815099891888496,train,keep,False
reddit_t1_my6prvp,train,keep,False
twitter_2061448164478214384,train,keep,True
reddit_t1_n0esp50,train,keep,False
reddit_t1_myoduw5,train,keep,True
reddit_t1_mr9ifa0,train,keep,True
reddit_1tucjhu_op9e9vz,train,keep,False
reddit_t1_mx1l63p,train,keep,False
reddit_1l971n7_mxavc8y,train,keep,False
bluesky_0b62b209113aaccc7d5b0041f1fc310cfeeb2ff35e13406955968e01b56ea1dd,train,keep,False
reddit_1l147g5_mvihtg3,train,keep,False
reddit_1tzmjlz_oqcrhk2,train,keep,False
bluesky_eaca8666c828b12f72d5bc57492c13d3b387f9616bf52bd8e6566b9bfd6a1785,train,keep,True
twitter_2097025165435588707,train,keep,False
reddit_1tql6ez_ooi5stg,train,keep,False
twitter_2061477887715213396,train,keep,True
reddit_1lcovdy_my2ogr1,train,keep,False
twitter_2059742347538129292,train,keep,True
reddit_t1_n0o21jb,train,keep,True
bluesky_be962d46c1509145231da68a150aa66663cfb75b473ef85d3cfe935a62ba320d,train,keep,False
bluesky_426dea18bf9fb1450c378ddb8460675c1732fecaffeaebb5b675897cb002f4c9,train,keep,False
twitter_2061785808181534810,train,keep,False
twitter_2059377633813504387,train,keep,False
twitter_2059095140451373392,train,keep,False
reddit_t1_mv3urf6,train,keep,False
reddit_1tobgfe_oo13j71,train,keep,False
reddit_1t3n2ml_ojxcjr9,train,keep,True
reddit_t1_mskjbcg,train,keep,True
reddit_t1_mz5997h,train,keep,False
reddit_t1_mwawvx9,train,keep,True
reddit_t1_n0ehk7u,train,keep,True
reddit_t1_mzu6q7e,train,keep,True
reddit_t1_mukh110,train,keep,True
twitter_2061821315011760552,train,keep,False
reddit_t1_my0rsrg,train,keep,False
reddit_t1_my9uz3g,train,keep,True
reddit_t1_mzmthdw,train,keep,False
reddit_t1_mtq0vu3,train,keep,False
reddit_t1_mtjsink,train,keep,False
reddit_t1_mr7q2mg,train,keep,False
reddit_1tt1cw0_op1ttzo,train,keep,False
reddit_1trbmne_ooocimr,train,keep,True
bluesky_644b1983ef4c72787389a791a1daa2d8e8f02abfb4223a9057a53134a8436656,train,keep,False
bluesky_15563321370f9d2f835503684f34c1974589e7d5133f347703f5fdc38f97b312,train,keep,True
reddit_t1_n03a1z9,train,keep,False
reddit_t1_ms3oedk,train,keep,True
twitter_2096659142849306883,train,keep,False
twitter_2060903378792714627,train,keep,True
reddit_t1_mzph37f,train,keep,False
bluesky_29ef29d7fdbcd982fd406ad078b83639744147a6aa144950303a0e4dc1013032,train,keep,False
reddit_1ts91q8_oou2n59,train,keep,True
reddit_t1_mskx6iz,train,keep,False
twitter_2061808153478533198,train,keep,False
reddit_t1_msqcjj8,train,keep,False
reddit_t1_mulemar,train,keep,False
reddit_1u16m18_oqpt1lh,train,keep,True
twitter_2060641579530911817,train,keep,True
reddit_1lfwyxu_mywt0pr,train,keep,False
twitter_2061561360157204970,train,keep,False
bluesky_4c3e63d15d530a5126ebb6cb3cf4160ec8a15e152df31115952dc9cc712e3b0a,train,keep,True
reddit_t1_mwelc6s,train,keep,True
bluesky_d2a00a9220d070670e4365bf995d34bafc3962aad966a5faaf1ca61948508307,train,keep,True
reddit_t1_mwbt09t,train,keep,False
reddit_t1_mzejzfo,train,keep,False
reddit_1ttbse9_op23gdc,train,keep,False
bluesky_6c6ac165f63982ee5846f7ae5f60d245ccbbcbf15ad81aeb4e1eb9dd67f7d08f,train,keep,False
reddit_1kq2ikt_mt2o2pm,train,keep,False
reddit_t1_myv6xno,train,keep,False
reddit_1kxdil2_mupcyov,train,keep,True
bluesky_5e71cccc8e217b04cd7ae9d586298c3f998cbe2cb8e455a082a9cbf56af133f1,train,keep,True
reddit_t1_muz34sg,train,keep,False
reddit_t1_muruiyr,train,keep,False
reddit_t1_mry2few,train,keep,True
bluesky_f1236dbeb8361c26933857b506b4c1787aefde40d249404d8f6fbf744b1dabb6,train,keep,True
reddit_t1_n0hxp7p,train,keep,False
reddit_t1_mxwcyhh,train,keep,True
reddit_t1_mz2rmd2,train,keep,False
reddit_1trbmne_oop7dch,train,keep,True
twitter_2060306263217467779,train,keep,False
reddit_t1_ms4u6iv,train,keep,True
bluesky_185a4c0949eef2898bfafb6d8ca87ebbae17a5016e20e0ec986b386593ea61c0,train,keep,True
twitter_2061214029448618188,train,keep,True
reddit_t1_mxl0drs,train,keep,True
reddit_t1_mxja7ei,train,keep,False
bluesky_375f1b78d5b4eac33df57f9ea591d5f4ce4683f381dae284e8c9cb34cfc0b972,train,keep,True
reddit_t1_n0h2l5m,train,keep,True
reddit_1ttubgf_op524it,train,keep,True
reddit_t1_muknzcz,train,keep,False
reddit_t1_msz45ef,train,keep,False
reddit_t1_mssqntu,train,keep,False
twitter_2061487131390886147,train,keep,False
reddit_t1_mwcuoop,train,keep,False
reddit_t1_mry5l5u,train,keep,True
reddit_t1_mzmf7ma,train,keep,False
reddit_1tc212o_oll3ife,train,keep,False
twitter_2061375830614487364,train,keep,False
reddit_t1_myabyvm,train,keep,False
reddit_t1_mzvvdl7,train,keep,False
reddit_t1_mzx9v39,train,keep,False
bluesky_d3aaba989d414d5e7229ff0058d61b4ab58e819ed91318b3dad61ea8daf48682,train,keep,False
bluesky_61d0737925b761b7bc5d96bfeb95140f0cba81f3ed0e22025c7ee6d034b81c3c,train,keep,True
reddit_1thmgk5_omp1bxa,train,keep,False
reddit_t1_mw91j9o,train,keep,False
reddit_1tuue1j_opdqqjv,train,keep,True
twitter_2061782432911663539,train,keep,False
reddit_1u05n1d_oqio8xe,train,keep,False
reddit_1t6mb7v_okjqay7,train,keep,False
reddit_1u0gjyt_oqigk6s,train,keep,False
reddit_1kl6dga_ms01wcp,train,keep,False
reddit_1txzeeg_oq0r5dt,train,keep,False
reddit_t1_mtbqhb2,train,keep,True
bluesky_e8dcf2cf7797a06881e41aabc0140e876a3fa3f5d81d51f2d7cff796a712b0fb,train,keep,False
twitter_2061816833829998774,train,keep,True
reddit_t1_mzl2xbh,train,keep,True
reddit_t1_mzwj2gq,train,keep,True
twitter_2061224096264806854,train,keep,False
bluesky_19bced53aa03456e6cbd613617f904c4a40e9c04d423f774fb2d0b832f2e4f40,train,keep,False
reddit_1tkvbmy_one416x,train,keep,True
twitter_2097064180297740463,train,keep,False
reddit_t1_mw58c9y,train,keep,False
twitter_2061796993958044010,train,keep,True
twitter_2061429377762500985,train,keep,True
twitter_2061447171627700665,train,keep,False
reddit_t1_mx7uciu,train,keep,False
reddit_1trbfkm_oothhcp,train,keep,False
twitter_2060525181005631670,train,keep,True
reddit_t1_mtz62tl,train,keep,True
reddit_1lf7326_mymmyfy,train,keep,False
reddit_t1_mull1s4,train,keep,True
bluesky_2016605cc067a74a47c4b204447d55bee038f51c7fbab975e71813dc26ad366a,train,keep,False
reddit_t1_mq124n6,train,keep,False
reddit_1u276eu_oqvfrn0,train,keep,False
bluesky_0b861b8c299617d39c9daa36d0ecab3faf6916ef33ac42dc9d42e179cadb67e7,train,keep,True
reddit_t1_mvphbtd,train,keep,True
reddit_t1_mu6sid1,train,keep,True
twitter_2060650131960266795,train,keep,True
twitter_2061826244543471970,train,keep,False
twitter_2061828242277855747,train,keep,True
reddit_t1_msa8urq,train,keep,False
twitter_2061495979669344639,train,keep,True
reddit_t1_mz40fwu,train,keep,True
reddit_1txrv9p_oq0elzi,train,keep,False
reddit_t1_mrh3dta,train,keep,True
reddit_t1_mpzsa8n,train,keep,False
bluesky_a241efcb34a7a84ce815672428a6df86b52f47e8590bb26a7e8ac8e3d8e087d5,train,keep,True
reddit_t1_mzmt82h,train,keep,False
reddit_1tp6tgh_oo94bhd,train,keep,True
bluesky_f666c4d26c893240a0c70265f2e25f5746d848c5279d1da85c3986c3be3c1fa1,train,keep,False
twitter_2061813597278445773,train,keep,False
reddit_t1_mx84p9f,train,keep,False
bluesky_c02ebbb2a7e6d6f88ea24bc0dd5d6e2c9c619e53f53b1623b7728eb474a393a0,train,keep,False
reddit_1u1baux_oqpqlct,train,keep,False
bluesky_197e5c28834191f2e579fc77d67dfcb26378aec02adce6b9d4162e2562f762d0,train,keep,True
reddit_t1_myoa9rx,train,keep,True
reddit_t1_mruf3iv,train,keep,False
reddit_t1_mty6qzn,train,keep,False
reddit_t1_mw9a8y6,train,keep,False
twitter_2061591121290260586,train,keep,False
twitter_2061563689656778772,train,keep,False
twitter_2059581033901683037,train,keep,False
twitter_2061802775827423337,train,keep,True
reddit_1ts91q8_oou3j1e,train,keep,True
bluesky_87aac19b3de620a43aa7ea7a0f11eaa0127d85c712bd58b0d65d6b278252a9a6,train,keep,False
bluesky_7a25acdbbfefbb003955696629bb4bacf2c8db015525ff0be620fdd1b9092307,train,keep,False
twitter_2061709203501089134,train,keep,False
reddit_1ksnt46_mtnbp3c,train,keep,False
twitter_2060558966627750177,train,keep,True
twitter_2061780571634942062,train,keep,True
reddit_t1_mxauzq5,train,keep,False
twitter_2060372048699150844,train,keep,False
reddit_1ttsfrd_op4zglv,train,keep,False
twitter_2060153841283379703,train,keep,False
twitter_2061800199182495789,train,keep,False
reddit_t1_mqxn1o3,train,keep,True
reddit_t1_mtpqd9i,train,keep,False
twitter_2061231010948276598,train,keep,True
bluesky_e0ec0a80742fa22f107b2f6c0d1759f0d9cd56c24d29388cc1f052641f75edb4,train,keep,True
reddit_t1_n0nl495,train,keep,False
bluesky_69a370f2a2e059134eeae77d833ba5dd688350aff98814765173466b50efabd3,train,keep,False
reddit_1ti151j_omsndeh,train,keep,False
twitter_2061497283984888293,train,keep,False
reddit_t1_mupf213,train,keep,True
twitter_2061801650545623412,train,keep,True
reddit_1knxovz_mslyfa1,train,keep,False
reddit_t1_mvaouqh,train,keep,False
reddit_t1_n0kvnms,train,keep,True
reddit_t1_n0l8mdv,train,keep,False
reddit_t1_myf1ioh,train,keep,True
reddit_1t4l69v_ol49ydd,train,keep,False
bluesky_c58b88cff1142c4dd432616c2730be1b54b597f149d2dd67d633421776377f6e,train,keep,True
reddit_t1_mun3khz,train,keep,False
bluesky_07281be0d9d0597294856f685e9d08d55f946b41988c39a97724e1a075c3ed16,train,keep,True
twitter_2061569742343741653,train,keep,True
reddit_1tbzoap_oln0604,train,keep,False
bluesky_07ef10bd2bf1bf05ecbbdf791a06e181ae874da78a8651d27b46a51925baec1a,train,keep,False
bluesky_8bf75dd73d94c6e1076096a34ad0ec90e79c8d4998cd5db3ef39354c7390f9f1,train,keep,False
reddit_t1_mxwjq7z,train,keep,True
reddit_t1_mr28ay2,train,keep,True
reddit_1u237rb_oqucppz,train,keep,False
reddit_t1_mzrx2o8,train,keep,False
reddit_t1_mr9blos,train,keep,False
reddit_t1_mwaqxim,train,keep,False
bluesky_f5c3a7bd8126905366584099c6ca91f8839e8d5ca8bad923d4e4681d2b3d8d0f,train,keep,False
reddit_t1_mwwl93s,train,keep,True
bluesky_1327e07f5b5c611def56d04ee348c8bc3cf1f90f3f29652f86eb825f8a15b4d7,train,keep,True
twitter_2059711571920625920,train,keep,True
bluesky_9970acc74de04e1270d57ff77ca1fa4b12134f47a08c0d6a8bd2ddb4bc3a4225,train,keep,False
reddit_t1_mrb4wi3,train,keep,True
twitter_2061642386049003721,train,keep,False
reddit_1tupifu_opbsku3,train,keep,False
reddit_1tuwb8f_opqyz7h,train,keep,True
reddit_t1_mqt5vc4,train,keep,False
reddit_1tux6at_ophehbx,train,keep,True
reddit_t1_mqj38hc,train,keep,False
bluesky_3e1b88c6b1438622ddd85d43e461f4ed12e2390bb8a7e0c085be480850fc4f52,train,keep,False
bluesky_9ac013452e3db22ccb23f68e626bf530ecd3c18acad18647de481743fa451988,train,keep,True
reddit_1ky63uj_muxx8t5,train,keep,False
reddit_1txopv4_opxq06f,train,keep,False
twitter_2061825588080349507,train,keep,True
twitter_2061789726583996622,train,keep,False
reddit_t1_ms4ux52,train,keep,False
reddit_t1_mtvkjyw,train,keep,False
reddit_t1_mvo32n1,train,keep,False
reddit_t1_msw3953,train,keep,False
twitter_2060504061951070641,train,keep,False
reddit_1ta0m34_ol7m9d7,train,keep,True
reddit_1tyojpm_oq8gxky,train,keep,False
reddit_1ttbse9_op1k0vb,train,keep,False
twitter_2096648566093586762,train,keep,True
reddit_1u21p80_oqu3p8l,train,keep,False
bluesky_45ea6b483f30f5409c7cb007a69a72355c9f20228b04f6b1e90255a1f4a191fd,train,keep,False
reddit_1linlp2_mzdzafl,train,keep,False
reddit_1tnjdl9_onufg7h,train,keep,False
bluesky_7ce180dcc8d9028558cd1ad7a111273ed2eaf0162f3f8f8a90f33b3b95afebbe,train,keep,False
bluesky_2128b75e7ac3cdb36314fed98bddbb5783211281dfd03c62cc8b14e58e8f2cbd,train,keep,False
reddit_t1_my76ku0,train,keep,True
bluesky_e70205849a1960c678b17c29b5ecda390c9a2f5fbadba0494cafb58c5f9fd9c1,train,keep,False
bluesky_d0abbb81b2be898c0596ae05b731610e00ac2e32248da5146d0af44e1d714ae3,train,keep,True
bluesky_45ff73bf25d29937e6fc3d2acd886d5ff3b3a15fc271887dc5e4e574bddb9bf5,train,keep,True
reddit_1tvaatt_opggwix,train,keep,True
twitter_2096327808524165199,train,keep,False
reddit_1l6bawz_mwww1sd,train,keep,False
reddit_1t4itkt_ok329js,train,keep,False
reddit_1tkvbmy_oncpvkz,train,keep,False
twitter_2061781429789548884,train,keep,False
reddit_t1_mz63ufz,train,keep,False
twitter_2060840132597436760,train,keep,False
reddit_t1_msp16ss,train,keep,True
reddit_t1_mtv1gvu,train,keep,False
reddit_1lj8w0k_mzjixbl,train,keep,True
reddit_1txrk7b_oq6s4ab,train,keep,False
reddit_1t3183a_ojsfh9u,train,keep,False
bluesky_d0de9c918f6bbd98cddbed7d4808bf43c1e8476154ef90af58fd215f985abb4a,train,keep,True
bluesky_5e97fa6eff2a61c1a04883a6610642d080500fdcca9477a6a6ccd2e7bdfd0121,train,keep,False
reddit_t1_mto4hw0,train,keep,False
bluesky_193c0cbc471109089402a7d538247c3c271561de2a7bc4582e6dcc4c764e0b11,train,keep,True
reddit_1kknpr7_mryoecg,train,keep,False
reddit_1u2nrer_oqz9woi,train,keep,False
bluesky_189d22bb0ecbff36afe0a7261eaa80df21dfd48de1e2cda6084d2a4255c6469c,train,keep,True
twitter_2060206610585141461,train,keep,False
twitter_2061304779759132968,train,keep,False
reddit_t1_mt87fwh,train,keep,False
reddit_1l821rv_mx3mzzi,train,keep,False
reddit_t1_mz3221i,train,keep,False
reddit_t1_msku21x,train,keep,True
twitter_2061556509344186830,train,keep,True
reddit_t1_mxwqu7y,train,keep,False
reddit_1l6486p_mwocibk,train,keep,False
reddit_t1_mzmwb0p,train,keep,False
reddit_t1_myxgqlj,train,keep,False
reddit_t1_mstb2pu,train,keep,False
reddit_1tkvbmy_onde0ix,train,keep,False
reddit_1twc57o_oprl376,train,keep,False
bluesky_d63645525de3a40c0335100d3c6bff85a57514bb52b1ac96cc71ad16c9457ce3,train,keep,False
reddit_t1_mt2ph50,train,keep,True
reddit_t1_mtt5rib,train,keep,False
twitter_2061767552934547545,train,keep,False
bluesky_26c8fe715c9912740d140ed95b3a980183889c0072a61773efb0851796032981,train,keep,True
bluesky_a033a6ea5ce7158d3e16db1dc32a9bad9bafde45cef60970d4c4993b3cb980a4,train,keep,False
reddit_t1_mzplfy5,train,keep,False
reddit_t1_mwr1hzu,train,keep,False
twitter_2061553443932717215,train,keep,True
bluesky_473a8ae1ff87ef5edec8c14d5b5fb58a8cb3d88039921c0fb08904336e3619ba,train,keep,True
reddit_1lm2u7a_n04p2in,train,keep,False
twitter_2061755604092191107,train,keep,False
reddit_t1_mwtztt0,train,keep,True
reddit_t1_mwl33aa,train,keep,False
reddit_1te8bkj_om2191f,train,keep,False
reddit_t1_mr3773w,train,keep,False
twitter_2061823334195568911,train,keep,True
reddit_t1_n0fr7o9,train,keep,True
reddit_1l3g2dw_mw1eutq,train,keep,False
reddit_t1_mzjbysi,train,keep,True
reddit_t1_ms0oi4f,train,keep,False
twitter_2096658598382203013,train,keep,False
bluesky_85faf79599affdfc7e6911cc248c5b6c41fac5ce244fb1145ef787eb6da40ef3,train,keep,True
reddit_1lhaml6_mz3c8ho,train,keep,False
reddit_t1_mskoi5u,train,keep,False
bluesky_68bcad97c2238725ae9b9fd15209838b980299da7eb1c34652f96a1b049537bc,train,keep,True
reddit_1kvfzip_muasnko,train,keep,False
reddit_t1_mva56e9,train,keep,False
bluesky_9123f4351b82f7dd207278602045ef409710e1973afe5bacb91c9ee5d6d68e4a,train,keep,True
twitter_2060202733521576253,train,keep,False
bluesky_b8ee96cbb9d5b008d546f25245e8a5b2e8fb3f6673238574a9b67a3f70d06d00,train,keep,False
twitter_2061788555400114544,train,keep,False
twitter_2061764123864572371,train,keep,True
reddit_t1_mu61sjm,train,keep,True
reddit_t1_mzp3gm7,train,keep,False
reddit_t1_n0as77c,train,keep,True
reddit_t1_mqc0xd2,train,keep,True
reddit_1liz1et_mzgv86x,train,keep,False
bluesky_f9d8d774eb611f237b2ba2f7838eb91079c543bfdc365388f1179b9e681e4081,train,keep,True
bluesky_5ab404b5a392238cf94fff90191b17f31738287ab2ae3f37796a8bf355485deb,train,keep,False
reddit_1tpf0kw_oob2svh,train,keep,False
reddit_t1_mvtcejx,train,keep,False
reddit_1kml9cd_msc79u2,train,keep,True
reddit_1tu4gub_op6x02n,train,keep,False
twitter_2061069068543853007,train,keep,True
twitter_2061287844346233239,train,keep,True
reddit_t1_mziln71,train,keep,False
reddit_1u0gjyt_oqi4d2g,train,keep,True
bluesky_1fa96b0e887c3c93d61823ab084573732743416d213bc8712d1ed44971cdcd63,train,keep,False
reddit_t1_mwd5c24,train,keep,False
reddit_1thqwmy_ompg3at,train,keep,True
reddit_t1_mpyrovm,train,keep,True
reddit_1tuue1j_opj8xx7,train,keep,True
reddit_t1_n062imf,train,keep,True
reddit_t1_mrqd4z4,train,keep,False
bluesky_daca3688bf4dce2a828c34b742dd4a0789bf54bf3902392f904d74f2c367ad5e,train,keep,False
twitter_2061462503117258959,train,keep,False
twitter_2096656203950494065,train,keep,False
reddit_t1_mx7spxy,train,keep,False
reddit_t1_mynehu2,train,keep,False
reddit_t1_n0d1kiq,train,keep,False
reddit_t1_mu5sapa,train,keep,False
reddit_1trqwm4_ooy2xj5,train,keep,True
reddit_1tbxjhn_olms1ty,train,keep,False
twitter_2061825715541250305,train,keep,True
reddit_t1_mxk6ydm,train,keep,False
reddit_t1_mz60es7,train,keep,True
reddit_t1_n0a3a4b,train,keep,False
reddit_t1_mu4i4r4,train,keep,True
reddit_1legu6v_mygrsm3,train,keep,False
twitter_2061567305025249721,train,keep,True
reddit_t1_ms4rfus,train,keep,True
bluesky_6ee0f696da723e238e981baa7acdf404d768fcc2af68bb07079b2ea575d2efc2,train,keep,False
bluesky_ed48e675f417d1c104039778db6e4aff42caba7c9921962efa11f5c968a46540,train,keep,False
reddit_1tdz1jj_olz51g8,train,keep,False
reddit_t1_mz45sjv,train,keep,True
bluesky_dd39babb61d442b0740aeda239e0df534be840b7b7ca205bc265c6048d0c6119,train,keep,True
reddit_1tqhy93_oohw0fl,train,keep,True
reddit_t1_mt6zmc1,train,keep,True
reddit_1t54vlp_ok9422e,train,keep,True
reddit_1tuzwvu_ope0wjp,train,keep,True
twitter_2061202225368883343,train,keep,False
reddit_1kxe63y_mup5l26,train,keep,False
twitter_2059797642318635302,train,keep,True
reddit_t1_n04i643,train,keep,True
reddit_1txopv4_opxcpiy,train,keep,True
reddit_t1_mxbbl2f,train,keep,False
twitter_2061809072970588574,train,keep,True
reddit_t1_n0io76i,train,keep,True
reddit_1tsvd1m_op19z6y,train,keep,True
reddit_t1_mq9lfwx,train,keep,False
reddit_1tsvrdr_ooy7gs7,train,keep,False
reddit_t1_mzpyngq,train,keep,False
reddit_1ti5ovh_omsykjn,train,keep,False
twitter_2061564074387767599,train,keep,False
reddit_t1_mykeg9e,train,keep,False
bluesky_4f5cc96ea861f987eb9c5b984682518c00ec7183015ea100d2bdb728881b9ee5,train,keep,True
twitter_2061174588487160244,train,keep,False
bluesky_3b6ef6962b11f9201bcd2c43154455b1e914fe1b5c6726c311962d6739bf9478,train,keep,False
twitter_2059987801920156144,train,keep,True
reddit_t1_mr911pj,train,keep,True
twitter_2061172027881353618,train,keep,False
bluesky_bd6c72ce534d32daff97caa5a7875cac147eff431dbb10a3cbb2f170d06977f7,train,keep,True
reddit_t1_mz4nq1l,train,keep,False
twitter_2061762110749659357,train,keep,False
reddit_t1_mtrwgbx,train,keep,False
reddit_t1_mq6nt0z,train,keep,False
reddit_t1_mxluixc,train,keep,True
twitter_2060503933785936264,train,keep,True
reddit_1u2eldl_oqxourg,train,keep,True
bluesky_31b055a2268b5d447923355b36cfca8bfd9ab1d8895dbfb21dec9a8779bcd5e1,train,keep,False
reddit_t1_mrzoh48,train,keep,False
reddit_1t7d5jc_okqvu7g,train,keep,True
bluesky_c0e9bea7d38e29f38aa9f4c366c50ca31811c42541bb15cb8f6a5910336598c0,train,keep,False
reddit_t1_n0a1ky5,train,keep,True
reddit_1rqd674_o9rddhr,train,keep,True
reddit_t1_muw16ig,train,keep,False
reddit_1u21326_oqui9sx,train,keep,False
reddit_t1_n0kuv73,train,keep,False
reddit_1lbebmn_mxt1107,train,keep,True
reddit_t1_mvrlurg,train,keep,False
reddit_1ttcu5f_op76a8k,train,keep,False
bluesky_e535932fb40b6b992cd25ab11b81e711e64b2f1ba10ad35ef22fb82b337bfc99,train,keep,True
reddit_t1_mueajoy,train,keep,False
bluesky_f3c7e5e1c45c90ac48b78a7c3003572d4e1448cd14787e9ada517fb7d645bea7,train,keep,False
reddit_1l2fpgc_mvsmys4,train,keep,False
reddit_1ts7wt8_oovyi71,train,keep,True
bluesky_b99b7b7bf024a63e5155b70aa92bd0ff89075ac28fd8ae9d86572c7dcb39e0a1,train,keep,True
reddit_t1_mrnnesl,train,keep,False
reddit_t1_mynsipc,train,keep,False
reddit_t1_mt7yv7a,train,keep,False
reddit_1tiody8_omxig9v,train,keep,False
reddit_t1_mzrhljm,train,keep,False
reddit_t1_mqrm87b,train,keep,True
reddit_t1_mvswt69,train,keep,False
reddit_t1_my452aw,train,keep,True
bluesky_33d1a8cb65b50d65da0b4ec4abfd1fb742c612f892ef89181629d50036945e03,train,keep,True
reddit_t1_mzlsg0i,train,keep,False
reddit_t1_myks7t4,train,keep,True
reddit_t1_mr9kslk,train,keep,False
twitter_2060743182015775082,train,keep,True
twitter_2060330564490871087,train,keep,True
bluesky_a63b07c7586dff640dca9e4d69fab750096ec95b1c8c5f84f4744be2698a9f73,train,keep,False
reddit_1lbol1g_mxuhq48,train,keep,False
twitter_2060030270795816976,train,keep,False
reddit_t1_mqdd6sv,train,keep,False
reddit_1tuctxp_opdfpdh,train,keep,True
reddit_t1_mxp5nn6,train,keep,False
reddit_t1_mqrs6v2,train,keep,False
twitter_2061164543263351143,train,keep,False
reddit_t1_mus0qlf,train,keep,False
reddit_1t4fs97_ok3e83v,train,keep,True
reddit_t1_ms07ifi,train,keep,False
reddit_t1_mv54hao,train,keep,False
twitter_2061230706408477113,train,keep,False
bluesky_7c91581afcdd34502a100659ab9f7189495ce95c5eff8d851f9371886bc8c3ae,train,keep,False
bluesky_93b2e81bcf9305139a4fd696aef453c605196fe0eaac2253a7695e35441bf72c,train,keep,False
reddit_t1_n0mk7as,train,keep,False
reddit_t1_mqrnh0j,train,keep,True
bluesky_3062904b8531f54137c4d38750facd95b8041e1a42291c2684b233d1356bcbce,train,keep,True
bluesky_a466f6ae3bb186b172047926adadbba1333af13f57cc32a7e7945ea93732c925,train,keep,True
reddit_1twd1b6_opprz30,train,keep,True
reddit_t1_my9kjdt,train,keep,False
reddit_t1_mwxrax4,train,keep,False
reddit_t1_mrh8e0n,train,keep,False
reddit_1u1k8nd_oqts8q6,train,keep,True
reddit_t1_ms3xv5d,train,keep,False
twitter_2061828768835002853,train,keep,False
bluesky_d3c47e32dc84c88b2fe2ffed46513729164539174d42304b617786016ece2829,train,keep,False
reddit_t1_mvtje7m,train,keep,False
reddit_t1_mtbfd80,train,keep,False
bluesky_b0a9f1b96d781ec85c1afa8a39d53d042b63ac78100e450b3a6ec3adc49f9719,train,keep,False
bluesky_17a38f594566d2ea6d0fed452f097cf5f8e59890eb212b0482f72666c68a68bf,train,keep,False
bluesky_97707c73be777b3965c30a6b5a32fc9af9cf90fd5f29bb3d8a9416edceeaeaa3,train,keep,False
bluesky_1971a809383d8725cdce42da98bedbd3bb58255cd3b0cdb9f6df78034760ffa9,train,keep,False
reddit_1kh5pb9_mr4rfc2,train,keep,False
reddit_t1_n0j7uuz,train,keep,True
reddit_t1_mv1r825,train,keep,False
bluesky_41e521feb85325134acf116150703250ddab971c5b40fba05cad1cf3fb1e5ced,train,keep,False
bluesky_a6c1d8f8a2a928ae0e2d731812e834bf76909084be0f139b1b0c89e8fb83629c,train,keep,False
reddit_1u1z88l_oqtm38i,train,keep,False
reddit_t1_mt79q8v,train,keep,False
reddit_t1_mxvsgdb,train,keep,False
reddit_t1_mssxqtc,train,keep,True
bluesky_50ed731d0aa5f800ab510568b0d85f30eafbf579f1234dbb82907ec9631fae71,train,keep,True
reddit_1u29zb9_oqxhccx,train,keep,True
bluesky_17a48e5029505012d03393090a0fd75b1343d00c0b282471f03ed77d3577b93d,train,keep,False
reddit_t1_mv1moc2,train,keep,False
reddit_t1_mr47bvk,train,keep,True
twitter_2060858468202909825,train,keep,True
bluesky_aefbecc89718078ce16bad5cdae5aa20e8c4b60d7ea6b3cc5fc5b5a47a8b276e,train,keep,False
bluesky_4a7614bf3b0964f088fd9b1db41924841e7597f73248ff00f65f486067843c43,train,keep,False
reddit_t1_mqbfaap,train,keep,False
bluesky_0350d4f9ade25a99b50f2b42bb28dbdb6720f0639ec326e09ddc58655109a75c,train,keep,False
reddit_1tv1z4j_opets5e,train,keep,False
reddit_t1_mpztbry,train,keep,False
reddit_t1_mtgnicf,train,keep,True
reddit_t1_mxo1l28,train,keep,False
reddit_1txopv4_opxng2m,train,keep,False
reddit_1l2kwly_mvvr2dh,train,keep,False
twitter_2061594903033811276,train,keep,True
reddit_t1_n0gcxq3,train,keep,False
reddit_1tw6zcr_opmsxum,train,keep,False
reddit_t1_ms1wzy9,train,keep,False
reddit_t1_mtu19cd,train,keep,False
reddit_1kgy2af_mr44a1i,train,keep,False
reddit_t1_mzdabf5,train,keep,True
bluesky_3158d9de6fdb3ca6f6c7df2ab40f40ae7e89b2269aa462339026642deedc9262,train,keep,False
bluesky_cf9fb9cbb8bb25d59a3d3535a296e4465c46fb11305f8784194dcd34a2c21f2b,train,keep,True
bluesky_e7284c8f92eaa069b20214f6635d8678df010a1bcd457b371f877de8ba35b64b,train,keep,False
bluesky_d584d9056bd7f0bd104b4622d04babaa5bd6d19484e58e1141f8b03203f71ceb,train,keep,False
reddit_t1_my5ek22,train,keep,False
reddit_t1_mssp24f,train,keep,False
reddit_1td4d2o_olt6q2q,train,keep,True
reddit_t1_mxtv21a,train,keep,True
reddit_t1_mznci59,train,keep,False
reddit_1td83n8_olxe6pw,train,keep,False
bluesky_39e771d2849c5494ec4575ab5a9acbc44c4a6c3acd902a00dc5cd14ff3f9878d,train,keep,True
reddit_1lhpixc_mz6s8bk,train,keep,False
twitter_2061789922009211022,train,keep,True
reddit_t1_mz6ciko,train,keep,True
reddit_t1_mrukdbe,train,keep,False
twitter_2060476560109428797,train,keep,False
twitter_2061788044185817260,train,keep,False
twitter_2060771585707913397,train,keep,False
twitter_2061538025637642511,train,keep,False
bluesky_eacb2c3637ec8f777e2d0d6ab7d0434d440c51f5677edc44b8efcc88ca12bd1b,train,keep,True
reddit_t1_mvg9lbf,train,keep,False
reddit_1ti509f_omspxwi,train,keep,True
bluesky_a5047f93bbac1915c7ecd5fac768efc4379580291eebc60c40eac6c736d231ea,train,keep,True
twitter_2061810810570039778,train,keep,True
bluesky_32d7dcd01ec3056ed0f596120311dcbbcd0aa1b5316f0b6e56d28debd9a657fd,train,keep,True
reddit_t1_msijztn,train,keep,False
reddit_t1_mzrka0c,train,keep,True
reddit_t1_mx16s69,train,keep,False
reddit_t1_my4z2ed,train,keep,False
reddit_t1_n079cvz,train,keep,False
reddit_1try6d7_oor8zsa,train,keep,False
reddit_t1_mzqxwn4,train,keep,True
bluesky_21866195feeb00f2e73dafa2f5dc3e99ba205b6ab1a164b8d17d60f87549dd0d,train,keep,True
twitter_2096660665503010824,train,keep,False
reddit_1tyojpm_oq9gcye,train,keep,False
reddit_t1_mqkr2d4,train,keep,False
reddit_t1_muyzz3w,train,keep,True
reddit_1tzdiak_oqaomqx,train,keep,False
reddit_1tt1cw0_op0gk78,train,keep,True
twitter_2061656106053910582,train,keep,True
reddit_1tx0uiq_opsh2dz,train,keep,False
reddit_t1_mqy4i6y,train,keep,False
twitter_2061289921395007549,train,keep,False
reddit_1ku5bsi_mu2aqlr,train,keep,False
reddit_1u08yl1_oqgbr66,train,keep,False
bluesky_fedbe956144e3fb23f509333439422c9aa6f8f168c40cf939fa8221d69110be0,train,keep,False
reddit_1tn7lg4_ons1jgg,train,keep,True
reddit_t1_msnzjw1,train,keep,False
reddit_t1_mxy2g92,train,keep,True
twitter_2059999756454093272,train,keep,True
reddit_t1_mxshh79,train,keep,True
reddit_t1_n0o2oh7,train,keep,False
reddit_1tsx0f1_op1qjqr,train,keep,True
bluesky_2af60db1e28a7b9c28b8f64c3397507d7a8d5448f4578e1b2e54e5136eadbecd,train,keep,False
bluesky_e3a1694bd90f29c33ca874082d7c01ff8687ea137919b8fba50aaa36c8711fa7,train,keep,True
bluesky_22a2f56df53390bcc86831b029b539314ac5127b1a9469662ef945473e51ee96,train,keep,False
reddit_1tvyk2a_oppx4vp,train,keep,True
reddit_t1_mv22u9k,train,keep,False
reddit_t1_mt7r05k,train,keep,False
bluesky_8f23a0dd0599cf10f709aa1cd11136287a7f300f4fedf022203ed366cf376544,train,keep,False
twitter_2059751615197037044,train,keep,False
reddit_t1_mxl6v6i,train,keep,False
reddit_t1_mum9hr7,train,keep,False
reddit_t1_mutvdjx,train,keep,False
reddit_1t4cq1d_ok3giwy,train,keep,False
reddit_1tsv1fn_op0s58c,train,keep,False
reddit_1tu26w6_op6qbef,train,keep,False
bluesky_b9556bc88ff3935a7aee0d9564ff8fb9392f2085499d77facd47cd6f24afe8a2,train,keep,False
reddit_t1_mz3lbka,train,keep,True
reddit_t1_mxkkwnh,train,keep,False
reddit_1tsw0fg_ooy02ng,train,keep,False
twitter_2061750363644932503,train,keep,True
reddit_1lhdd2s_mz49y3o,train,keep,True
bluesky_5af50b02aa36c80f8e2fd7d21a2041877ab2820f2f07c16a34ba80fd96e9339d,train,keep,False
bluesky_9cd3f09c32b5547b44c622fdc652328528520051a4e4685a6cf4f3fa39355a09,train,keep,True
twitter_2061493873499640114,train,keep,False
reddit_t1_mzo14s0,train,keep,True
reddit_t1_myzajwn,train,keep,True
reddit_t1_mu0sxo5,train,keep,False
reddit_t1_mvbsc57,train,keep,False
reddit_t1_mrh65cn,train,keep,True
reddit_t1_mvkjo19,train,keep,True
twitter_2060127798111408553,train,keep,True
twitter_2060675953211445573,train,keep,False
reddit_t1_my2b1xp,train,keep,False
twitter_2060769307852779763,train,keep,False
twitter_2061333197133156612,train,keep,False
reddit_t1_mxkq8zr,train,keep,False
reddit_t1_mqxsjir,train,keep,True
reddit_t1_mtpxm1z,train,keep,False
bluesky_48f926dfb71ad849364cde5b9ea3a4cc57ba21e7a8773d787896622af5751269,train,keep,False
bluesky_d73226e1cb24c5c3a9201d02951cf5959e2f6b49461b83354df802a6d5ac1eeb,train,keep,False
twitter_2060955915818541109,train,keep,False
reddit_t1_mw8lb9j,train,keep,False
reddit_t1_mqprchu,train,keep,True
reddit_1kwxky0_muorq3y,train,keep,False
bluesky_488a3e1788891a2e1f3341088d69bc65e1ff52aafc412cfd5145881c5cfb8b39,train,keep,True
reddit_t1_mq80ztn,train,keep,False
reddit_1tenhje_om3x5p0,train,keep,False
bluesky_22fbb24bf7930dd6a0294c71687e9685e72e78be74f9b55fd529c6a5bc3e1f31,train,keep,False
reddit_t1_mv6sf95,train,keep,False
bluesky_6c1d77f193b325a879f60aa1323a0d5affcc2dacb4b17554f294693c78cb7f03,train,keep,False
reddit_t1_mvl3aek,train,keep,False
reddit_t1_mw7l9ds,train,keep,True
bluesky_5283070ac6a018e7f7fb37f555a07508f21d112b66ca06a981d81f172e4ea6ad,train,keep,True
bluesky_c463fc3840f5495db701311c87b7da64013a120da230099986c1e06149e39789,train,keep,False
reddit_t1_mtut33b,train,keep,False
reddit_t1_myqwg7d,train,keep,True
twitter_2059666512756064572,train,keep,True
bluesky_24e453c19229ecd059e7bb1b34d8dd69feb331ce45935bcb085adbd2f478bbc0,train,keep,False
reddit_1l7gift_mwwt40e,train,keep,False
reddit_t1_mu3sez8,train,keep,True
reddit_1tle2vc_ongajvt,train,keep,False
reddit_t1_mq0ntyy,train,keep,False
reddit_t1_n07s4yf,train,keep,False
bluesky_45857b2e46b70854198bc883070ad2426a85805c2217f7e7d2cd4d17818fbe8b,train,keep,False
bluesky_e9f321258ab2b94e1a620ba35e0a8f3c8bf1f528df5e925353231227552c40d8,train,keep,False
reddit_1tlur1u_onrmlsv,train,keep,False
reddit_1u2194a_oqtybmh,train,keep,True
reddit_1u2391z_oqvfhql,train,keep,True
twitter_2061794604295581812,train,keep,False
reddit_t1_n0aeyg4,train,keep,False
reddit_t1_mutlhid,train,keep,False
twitter_2061162299914637378,train,keep,True
twitter_2060164623148757078,train,keep,False
twitter_2061485916040859763,train,keep,False
bluesky_764535f134f99455518fa9409a5e34afc0787647e8f3fbff6159e1aaf4e116f7,train,keep,True
reddit_t1_mvgs0bx,train,keep,False
twitter_2060058746144112965,train,keep,True
reddit_1th143w_omkj0s5,train,keep,False
bluesky_b592c793386a0f4279078be6d82466909fd4d245c0f1d5f5c0191bd86c851538,train,keep,True
reddit_t1_msnw1js,train,keep,False
reddit_t1_mtmzvgu,train,keep,True
reddit_1t9j11f_ol2rd6t,train,keep,False
reddit_1keheq3_mqkamf5,train,keep,False
reddit_t1_mzs3cps,train,keep,False
twitter_2060021614134104160,train,keep,False
reddit_1tuctxp_oqai922,train,keep,False
reddit_t1_ms3bf7k,train,keep,False
twitter_2061748608593199208,train,keep,False
reddit_1tzcqta_oq9yqz9,train,keep,False
bluesky_e62049657beef4517b9c135fd5f5a6415c17387882721f8a0ff19aa7f8e48007,train,keep,False
reddit_1tpf0kw_oo9ah7u,train,keep,False
twitter_2061576511853940916,train,keep,True
reddit_t1_mvina14,train,keep,False
bluesky_559c3a97c48b01810bd1dce4e3e1d411fd27e33c4928668aa70d1f4229e521f1,train,keep,True
reddit_t1_mrnc1l8,train,keep,False
reddit_t1_n0n8ose,train,keep,True
reddit_t1_mzdr7vn,train,keep,False
bluesky_b555e543867e6ab6fba8054df695677530ef6ff81e7d8ec6555e0600259d7b58,train,keep,False
bluesky_1d07a3e1b57f946209d9f75d436f4bb63dc66becf74007c7f422834933e8a278,train,keep,False
twitter_2060510485611720955,train,keep,True
twitter_2061780073917690254,train,keep,False
reddit_1tstwrk_ooyuw1g,train,keep,False
twitter_2061812818752532760,train,keep,True
reddit_t1_mwl6kb5,train,keep,True
reddit_t1_mqk3jbk,train,keep,False
reddit_t1_msiyaex,train,keep,True
reddit_t1_n0akuri,train,keep,False
reddit_t1_mz44l1h,train,keep,True
reddit_t1_mwitgnw,train,keep,True
reddit_t1_mzif7zt,train,keep,True
reddit_t1_mtatsjo,train,keep,True
reddit_1ljlipu_mzlcn79,train,keep,False
reddit_t1_n051mdu,train,keep,False
reddit_t1_mtgpuuz,train,keep,True
twitter_2061742098903150696,train,keep,False
reddit_t1_mrf4heo,train,keep,False
bluesky_281353f6c14b7f0df15a4adcb4708726a19f58b00c71bc6eb17597a0c38637d1,train,keep,False
twitter_2061574106944766332,train,keep,True
reddit_1u1fnvf_oqq6yfr,train,keep,False
bluesky_6b755b441414388d9ac08700bbe2e0fa8748874bffb0e77a1ed11f0aedffe3d8,train,keep,True
reddit_t1_mvnr0tr,train,keep,False
bluesky_5f640b58ae206a9248fabc8c13849b794eac732c70824c4b39efb219964f7c3f,train,keep,True
reddit_t1_mqd1k8a,train,keep,True
bluesky_f1ee9202c3a1f1db48fdd1409a0b4175168153f0f0635c4f157972105ab88c63,train,keep,False
bluesky_14fb6c3e9810cb0650901f54ea842475fb2169f724bf0696c733acdb75b9a4b1,train,keep,False
reddit_1tiody8_omxlojc,train,keep,False
reddit_1try6d7_ooz5erp,train,keep,False
reddit_t1_mrxc4vu,train,keep,False
bluesky_50f21e2393c2846491cb0453ae67253d058443edd943700d203883a6e29deb3b,train,keep,False
twitter_2061484418120700196,train,keep,False
reddit_t1_mwr2n4p,train,keep,True
reddit_t1_msa4jao,train,keep,False
reddit_t1_mqznziw,train,keep,False
reddit_t1_mtq1qqn,train,keep,True
reddit_t1_mwqfmrw,train,keep,False
reddit_1tbkptg_oligzka,train,keep,False
reddit_t1_mzxrxlo,train,keep,True
bluesky_45f4d42c9b771708c93ef6b5b899bceeaae71ca1b2241fe43966a44f87a8157f,train,keep,False
reddit_t1_mrqu80v,train,keep,False
reddit_t1_mshpmdg,train,keep,True
reddit_t1_mv66mpr,train,keep,False
twitter_2060160384355520553,train,keep,False
bluesky_e00f4dcaf6cbee3b347dc53ae228f6ebe9ccbf0398abc8e0e00ed12742b0757a,train,keep,False
reddit_t1_mq52h71,train,keep,False
reddit_t1_msv3hbo,train,keep,False
reddit_t1_mr8x0zk,train,keep,True
reddit_t1_mvpebck,train,keep,False
bluesky_1587088017937595ef57cd0fccf03f45185a08ef12101e7e4a524b1353f2f670,train,keep,False
reddit_t1_mvksis4,train,keep,False
bluesky_95615810cc178d395c1c7851bca1542e636b6d853717dc23e4d7a5225614cd73,train,keep,False
reddit_1tt3fgk_oozu0q5,train,keep,False
reddit_t1_mxurhpd,train,keep,False
reddit_1ki0nyq_mrbf6t9,train,keep,False
reddit_t1_mtd6ew3,train,keep,False
bluesky_fd23de951c2c525a28bfddd009c79a9748fcfa58058dcc7e10c14f611e91cde5,train,keep,True
reddit_1kix4ml_mrk9ap0,train,keep,False
twitter_2095537504476623233,train,keep,True
reddit_t1_mr80dhn,train,keep,False
reddit_1t1zmb4_ojkhg5t,train,keep,False
bluesky_7f7f2e9cb2ecb6a19b30ed22496512b60424614588677eaf71ee30e946275bec,train,keep,False
reddit_t1_mx9hytf,train,keep,False
bluesky_1208149b81009a35e8fff0670ba63c31bd3f00fb82eb06b61d5f80d78f673d1c,train,keep,False
bluesky_c6c5d628fa978eca4d789e9156f3612270205809b1ed83caa0ce07b97fbf4539,train,keep,False
reddit_1u18ir0_oqowd5r,train,keep,True
twitter_2061448212435648941,train,keep,True
bluesky_c726f47692f9f3f862f37f389f1ced9f51b18ba233bda51083530571385ebbe9,train,keep,False
reddit_t1_mw8ac9i,train,keep,True
bluesky_f827d7e1f6d9af09a978e2725c83c6981c31767e7d4f1f769c81b7e531b13f45,train,keep,True
reddit_t1_mzifmk2,train,keep,True
bluesky_62679b8064decc34099070e1e680f8d3bf9a72178764a18167e11e0d6b2c94d7,train,keep,False
reddit_t1_mtjqxhl,train,keep,True
bluesky_b82a42a09d07cece470246f89983f0cf95f27d3683817b93a0fd5152c58bf3d8,train,keep,False
bluesky_7cbd2ad6b9e0e288c17d8b78743360c10164b4059579c2b8cdc7308adf38d29d,train,keep,True
bluesky_8c199659a427753c657185db53c0a14992f6dc9754e4519e276e877140d891b2,train,keep,False
reddit_t1_n07enus,train,keep,False
bluesky_362cd85f5e2b7da9811d4e4431ec7b42ff9dbbb22f2d53b7c673411d404b985a,train,keep,False
bluesky_695037a15ae6807c9e0d7c25653a7664e3af4ca7dcc44b035f76002feb88a5ee,train,keep,False
bluesky_7b125321dd98b43ef5dde300e2ca9207f519cc504a6b3941d04b408b1eca3d9f,train,keep,True
reddit_1tzb8pt_oqa8don,train,keep,True
reddit_1u0l8qh_oqotlq2,train,keep,False
bluesky_c0342070a99c39277bbf207c858162bf3671491218b92bb554274446cdf25e3c,train,keep,False
reddit_t1_n05qfmd,train,keep,False
reddit_t1_mtgp1mm,train,keep,False
twitter_2060539450690605270,train,keep,True
reddit_t1_mwj7jok,train,keep,False
reddit_t1_n0fvl3e,train,keep,True
bluesky_f0f90f87bb767183980382e9746f6c66270bd10baf0d6000968db3fe6c360576,train,keep,True
bluesky_caa3a331e148f671931517a39543eaadfcfc0085745c5fc99cb3ffb193f497b2,train,keep,False
reddit_t1_mrv7cw7,train,keep,False
twitter_2060628671162163490,train,keep,False
twitter_2096139948415967353,train,keep,False
reddit_1kg3uof_mqvpem8,train,keep,False
reddit_t1_mt6g72e,train,keep,True
reddit_t1_mt2j2j4,train,keep,True
reddit_t1_n06d0oz,train,keep,True
reddit_t1_mruduoa,train,keep,True
twitter_2061596562610864338,train,keep,False
bluesky_1556f2fbdc5bd12625c85b35469970820925f55253b5f19f55cf4141e0d69dbb,train,keep,True
reddit_1tle2vc_onf1ixe,train,keep,False
reddit_t1_mwoer2d,train,keep,True
bluesky_d2527a120f35b8a5d1c09de1a9ce77abddf157f88978a263d1f6668883ae296e,train,keep,False
reddit_t1_mwsh4gy,train,keep,False
twitter_2061440792867086786,train,keep,True
reddit_1tt8k9j_op0r0vw,train,keep,True
reddit_t1_msxboof,train,keep,False
reddit_1tadlic_oldtmr9,train,keep,False
reddit_1tb51jw_ole51f5,train,keep,True
reddit_1keheq3_mqkxm08,train,keep,False
twitter_2096613125701111963,train,keep,False
bluesky_560ef8a2d7e4a0ac1e4d65663c615fb7ebd9911a5fbc4209d831efc159ed5ab0,train,keep,False
reddit_t1_mutf2oz,train,keep,True
bluesky_c0960db64d3c30c8355bfb0420e0bd69e5f0f0ee5a3b90d73b3575110bd051ae,train,keep,True
twitter_2095343831759868036,train,keep,True
reddit_t1_myg60pc,train,keep,True
reddit_1t3jf5e_ojzhssf,train,keep,False
reddit_1u22dnh_oqxqzqy,train,keep,True
reddit_t1_mq7z5h6,train,keep,True
reddit_1two3nw_opr7c51,train,keep,True
reddit_t1_msk4l1d,train,keep,True
reddit_t1_mrhdo79,train,keep,False
reddit_t1_mziv75y,train,keep,False
bluesky_5cae87f65682c875c6cb56cbc379d8ccd3df30ae487f22689077197cc32a47b4,train,keep,False
reddit_t1_mw272zd,train,keep,False
reddit_1ttx203_op68bil,train,keep,False
reddit_1l44grv_mw7odp0,train,keep,False
bluesky_5565106a82c42ea35b350a5daf81e08454d0638a6c1bc908539a3b5064ee88fb,train,keep,False
reddit_t1_myp2km3,train,keep,False
reddit_1tupifu_opb8uxq,train,keep,False
reddit_1txnigx_opy92ef,train,keep,False
reddit_1u1z88l_oqtq2dv,train,keep,False
reddit_t1_mrqfykh,train,keep,True
reddit_t1_mrwcpfi,train,keep,False
reddit_t1_n0k1zv6,train,keep,True
reddit_1l3qm52_mwe7jx8,train,keep,False
reddit_t1_mybe7ea,train,keep,False
reddit_t1_ms9qynr,train,keep,False
reddit_t1_mt2j9hk,train,keep,False
reddit_1l4c1gs_mw80gk7,train,keep,False
reddit_t1_mri1wyw,train,keep,False
reddit_1kh4vfo_mr54gst,train,keep,False
reddit_t1_mtwkjgq,train,keep,True
twitter_2060484155822035343,train,keep,False
reddit_1twr00b_oprfzmt,train,keep,False
bluesky_01150bd1790d51837052c24cb176202ff1b34540ce4468dab05621b501d96c86,train,keep,True
bluesky_3512dd51d1664186d7224967659bba2f394dedc6452d41ff1f5988852715d5e2,train,keep,False
bluesky_d93c770e3f7b8410b7fb93db9a61b3129693d442fcf1013e811bd1b2a6ac62dd,train,keep,False
reddit_1tcbnwx_olrkyr7,train,keep,True
reddit_t1_mxwk6f5,train,keep,False
reddit_t1_mqxlgsv,train,keep,True
reddit_1tucjhu_op9u96s,train,keep,False
bluesky_e576906d3fe0dd3c66877edbaa919dbdd5427e8790d074a7c68e0e01dbb2f525,train,keep,False
reddit_t1_mzw3cya,train,keep,False
reddit_1suuxc0_oidhocr,train,keep,False
bluesky_77ab4eb751dba50701819933815b0d7fb33cf60a4c13b15de59a2d986208f566,train,keep,False
bluesky_a7884922c387c967628afa680c69092ff1f3980690375ecf916b3a663c1188e3,train,keep,False
reddit_t1_mv1x7lq,train,keep,True
reddit_t1_mwv24bm,train,keep,True
bluesky_04ddcab3930b84a1090c370b43208018230e7e00cca988713a207515b302242c,train,keep,False
twitter_2060748809504719146,train,keep,False
reddit_t1_mubygs6,train,keep,False
twitter_2059817045915783271,train,keep,False
twitter_2060475859392196795,train,keep,True
reddit_1ll6sj4_n0e8jq0,train,keep,False
twitter_2061779647793340816,train,keep,False
bluesky_130f0811ad7b218026451a4eea7f2869f2d550e4a0c6cf86fef357d35cf9a02d,train,keep,True
reddit_t1_mtzsg45,train,keep,False
reddit_t1_n0gg9wl,train,keep,False
reddit_t1_mzw5krw,train,keep,True
twitter_2061563265197461824,train,keep,False
reddit_t1_mrajr3z,train,keep,False
reddit_1tt1cw0_op23s6u,train,keep,False
bluesky_2d48b709716ce0ca3fbdb4d023050763bf8c62087e59af7fa1a006d0dd8e9f3b,train,keep,False
bluesky_5dad75978c2638712bf4d540ad4d0bf231fffc7864369950a3c383a7123b5795,train,keep,True
reddit_1l331fv_mvype8p,train,keep,False
reddit_t1_mrsxjji,train,keep,False
reddit_t1_mqrakdv,train,keep,False
bluesky_4742de4675643db196831fcad97169aa830ae26f04915f3ba8a6f813dfc054a4,train,keep,True
bluesky_718a337bee9f645f6fb4853794f2303691d739417fa1e5394ac6e6b1c2692d99,train,keep,False
reddit_1kwda83_mui7mdx,train,keep,False
reddit_t1_mx95cft,train,keep,True
reddit_1tlgx2b_ooal5bj,train,keep,False
reddit_t1_mucsg2n,train,keep,True
reddit_1ti509f_oms5oeq,train,keep,False
bluesky_e600d49d69f909a36c248e4958cfcdd9031c579e74e8afa4303ffca497b99cb1,train,keep,False
twitter_2060587326460272988,train,keep,True
bluesky_69ce64d8a2717a697db16720bcdd3bbc8e67bc121ed3464070a5bb3dc0c31e58,train,keep,False
reddit_t1_muf18af,train,keep,True
reddit_1lmym72_n0c0k1a,train,keep,False
reddit_t1_mrue2iy,train,keep,False
bluesky_aa0a58281290c29e4f46b7fbe644f9f70ae006caa8219aedc8bbeb840fb4fb3c,train,keep,False
twitter_2061044598835699983,train,keep,False
bluesky_75fa978dbf45e1bb00fc930620fbcf72b0e388eba103ed006e17a91858a6d29b,train,keep,False
reddit_t1_n0ll9dx,train,keep,False
bluesky_f6b55539986f782438e06c4adcbcd7a7a805ece5e7a56a8eba77fe836d837a5f,train,keep,False
reddit_t1_mvye1o0,train,keep,False
reddit_t1_n0g4r1w,train,keep,False
reddit_t1_mtp6peb,train,keep,False
reddit_t1_mx9flwd,train,keep,True
bluesky_968700b4d57f870dc2e853b3fb72e3fb23239b84b42de78a569a3147e3e9b8d3,train,keep,False
reddit_t1_n0kqpyb,train,keep,True
bluesky_da22af7ecd6dfe5958fa161bfe1ab874ca45d5cea5ea1cb247c111c9c61d3bca,train,keep,True
reddit_t1_mwff48f,train,keep,False
reddit_1u0l8qh_oqjt173,train,keep,False
reddit_t1_myd55kb,train,keep,False
reddit_t1_mqrtgbb,train,keep,True
reddit_1tucjhu_opa0tnu,train,keep,False
reddit_t1_mqxjxen,train,keep,False
reddit_1u1z88l_oqtp3fq,train,keep,False
bluesky_1d6a04ddc72d2bce48e9d0018fdeb4b31c426ed9ebcaf7b5949e43e925fafb2b,train,keep,False
reddit_t1_mu6xg6j,train,keep,False
reddit_t1_mqwtina,train,keep,True
bluesky_f53195216fdf341f713bfd07a36d74e0775496138e75419b62760eea61831d0f,train,keep,False
reddit_t1_mtrfa1c,train,keep,False
bluesky_ffcbbfae7a315b585bc72c13f0edc3ac7b34cd1f7d7c0a4bc30ebc0574cea8bb,train,keep,False
reddit_1tzoooj_oqk4v08,train,keep,False
bluesky_d0fce4352ffd318fb3402d52f98df2048bb20109e002a61161c70a432f012424,train,keep,False
reddit_1tnobm9_onvz00r,train,keep,True
reddit_t1_mr50tur,train,keep,True
twitter_2060007851691569203,train,keep,False
reddit_t1_mzn6dba,train,keep,False
bluesky_4f44f297071922e69b3ba35c8f2c64f8e227d4f50f1e752bffce6fc7dd920d6b,train,keep,False
reddit_1trc1na_oooihjc,train,keep,True
reddit_t1_mw8u7h0,train,keep,True
twitter_2096316323978698957,train,keep,False
bluesky_abb6b10d29e99958d98cedc99041ebe9f143e4b1a82d0382f42adec5796b9e61,train,keep,True
bluesky_b8d4af9cc43a8dd5aedc92a79a8ea46b6e5713c10ec938b8bd130e57f4b2cdaa,train,keep,True
reddit_t1_myd1dny,train,keep,False
twitter_2061827196096754111,train,keep,False
reddit_1txme1m_opxhkea,train,keep,False
reddit_t1_mr7bxej,train,keep,False
twitter_2061266085093969923,train,keep,False
reddit_t1_mvnpitw,train,keep,True
twitter_2060805448010227948,train,keep,True
reddit_1tiody8_omxs4db,train,keep,True
twitter_2061586690397921638,train,keep,False
reddit_t1_mzwkznh,train,keep,False
reddit_1klrtv5_ms9eso4,train,keep,False
reddit_1tvyw6x_oposdns,train,keep,False
reddit_t1_mt1t7fo,train,keep,True
reddit_t1_mv0glyj,train,keep,False
reddit_1kejgoy_mqje273,train,keep,False
reddit_t1_mvwsny8,train,keep,False
reddit_t1_mv6y3gd,train,keep,False
reddit_1tyet91_oq4dfrv,train,keep,False
reddit_t1_mrri976,train,keep,False
reddit_1tb0kz2_oldem36,train,keep,True
reddit_1tbfpk8_oljobzj,train,keep,False
reddit_1ti5cqx_omszsu8,train,keep,False
bluesky_fe34433f2a037c5594a2685a8fb037e5fca26d5a8ddab2141c08bde83e9b727b,train,keep,False
bluesky_8ffc59d79b03ae838e9304ab782ca773c845f928ace91ceac524141c48742b33,train,keep,False
twitter_2061674191594660121,train,keep,False
reddit_t1_ms323ko,train,keep,False
reddit_t1_mzz6ryj,train,keep,False
reddit_t1_mwm0ing,train,keep,False
reddit_t1_mxz28x3,train,keep,True
bluesky_b69a7ceca9490ae4ef6d5f499f680241951d33f14fcb4f9333b03d6cb5ece95f,train,keep,False
reddit_t1_msuernc,train,keep,False
twitter_2061448464249024840,train,keep,True
bluesky_df898e6b891debba728a1e6f8a372d3c714ea0aad55bbbd369bd0e5101b50520,train,keep,True
reddit_t1_mqaepqe,train,keep,False
bluesky_f8ad409331453f0067ab647802e93121e8a6479f4fedb9ca465c0cc91db829ab,train,keep,False
reddit_t1_mrjoseo,train,keep,False
bluesky_245718a4bc9231cff4711cdecfa3bbcbdf67f78c484d9285ddba9685b4337bc7,train,keep,True
twitter_2060681819008192753,train,keep,True
reddit_t1_mvytaad,train,keep,True
reddit_1ttx203_op5sci4,train,keep,False
reddit_t1_mzrqwr9,train,keep,False
reddit_t1_mvmedaf,train,keep,True
reddit_1ledflx_myffytq,train,keep,True
twitter_2060543832798662992,train,keep,False
reddit_t1_mrx0xh4,train,keep,False
reddit_t1_muu22wp,train,keep,True
bluesky_97bb9ea9727f05f35481eb8f504e46659102420e061b13f7e5962c418bb780a1,train,keep,False
reddit_1tx4xmh_opv4frg,train,keep,True
reddit_1tk95ck_onbipy7,train,keep,True
reddit_1tlur1u_oo5frkp,train,keep,False
reddit_t1_n03uwjc,train,keep,True
reddit_t1_mvygldc,train,keep,True
twitter_2061826107112853914,train,keep,False
reddit_t1_mykyvy6,train,keep,True
twitter_2060755033835401444,train,keep,True
reddit_t1_mwktosv,train,keep,True
reddit_t1_mz6wd95,train,keep,False
reddit_t1_mqzc58f,train,keep,False
reddit_t1_mwdum1s,train,keep,True
reddit_1lhmo4b_mz5q2uc,train,keep,False
reddit_t1_mw7v4nr,train,keep,False
reddit_t1_n0nxj3c,train,keep,False
twitter_2061168347350175841,train,keep,True
reddit_t1_msguz4h,train,keep,False
reddit_t1_mqg91bl,train,keep,False
bluesky_7355254ef74a5d804b7d7e18b89f1a78e9f4b747392c420a73cd28ea3a3443a6,train,keep,True
bluesky_3a109959ff5001806ae85efe4f11062cb381b755cfac914ffd7af365d2d33bcd,train,keep,False
reddit_1u1z88l_oqu64vx,train,keep,False
reddit_t1_mx1hybn,train,keep,True
reddit_1tkvbmy_ongujtr,train,keep,False
twitter_2061089968609788033,train,keep,False
twitter_2096204093924528573,train,keep,False
reddit_1kxhjol_muq5ug7,train,keep,False
twitter_2061045166153040274,train,keep,False
twitter_2060386143342928146,train,keep,False
reddit_1kmn7i8_msdhdwg,train,keep,False
reddit_t1_mqt8ege,train,keep,False
reddit_t1_mvluylm,train,keep,False
bluesky_2be71dee6d1e896ef7e433adf87395fbd9bb3fc1c7dbb094704a9e79bc7f84eb,train,keep,False
reddit_1tsvd1m_ooy8gso,train,keep,False
twitter_2061689827829891523,train,keep,False
reddit_t1_mr2e3ed,train,keep,False
reddit_t1_mxf9dje,train,keep,False
twitter_2096479837980700776,train,keep,False
reddit_t1_mxx6v5y,train,keep,False
reddit_t1_mqvdtxj,train,keep,False
twitter_2060769837165547920,train,keep,True
reddit_t1_mrtthp5,train,keep,True
reddit_t1_mv4gr53,train,keep,False
reddit_1tuebh8_opa2ek0,train,keep,False
reddit_t1_mybdt2u,train,keep,True
twitter_2061772372345311576,train,keep,True
reddit_t1_msd5cji,train,keep,False
bluesky_6bd44da45afbf82cdc03e9e82e56c25eed8d1833d7cb396bca70e2a1ad26b37f,train,keep,True
bluesky_a76ee8c1cd03493c581542b0ae7d25a265719f29c020dd0fbbead49bfa70f2d6,train,keep,False
twitter_2060821045737894234,train,keep,False
reddit_1t4fs97_ok5e7tp,train,keep,True
twitter_2059380780904665388,train,keep,False
bluesky_bbfac754c33dd38da0e4e44077bcb46e04d104fdd4694383d19b57c09e24a2d1,train,keep,True
bluesky_eb3d68c9c7304d8f9fc559edb6864b7978132729ebe5ea22e508eaef84d3393b,train,keep,False
reddit_t1_ms6838x,train,keep,False
bluesky_83874e2658b65f5696d9c8c8341938decd81a0d969847d1a234ec14447aa2084,train,keep,True
reddit_t1_mq2a6rp,train,keep,False
twitter_2061064210269024336,train,keep,True
bluesky_5f956112fef4716f1b62d45eac0a64bbdcc197394c817fe620a75260bcbefaa2,train,keep,False
reddit_t1_mttm5cf,train,keep,False
bluesky_dd35886fdc05c9e2974d749aa077518f3f6c3005f7298ddfa3dad838b89bb306,train,keep,True
reddit_t1_mso0mmz,train,keep,True
reddit_t1_mqpfhxx,train,keep,False
reddit_t1_mu1a8au,train,keep,False
reddit_1tiu061_omxazw9,train,keep,True
bluesky_d777d31ad5ea84e49271ddf6b4bb060334080cbb111f57e328f85caecf615e92,train,keep,True
bluesky_042ac13fcf272d1a3717e6fce311df73a517da37329780f960422d6c02161f45,train,keep,False
twitter_2096448899384848798,train,keep,False
bluesky_33031f8a44701be534c29e18bfcd5c594a1ecdbf86ddd84dd62f3d3ea28e3707,train,keep,True
reddit_t1_mt25hdg,train,keep,False
reddit_t1_mq2qoiy,train,keep,False
reddit_t1_n08w3oe,train,keep,False
reddit_t1_mrihem2,train,keep,False
reddit_1tsx0f1_ooykd2c,train,keep,False
reddit_t1_n001vn3,train,keep,False
reddit_t1_mrbdbma,train,keep,True
reddit_t1_mvnsp9i,train,keep,False
reddit_t1_mqec5ze,train,keep,True
twitter_2061785372594774039,train,keep,False
reddit_t1_mv36o4k,train,keep,False
reddit_t1_mt1y5s6,train,keep,False
reddit_t1_n02xx6r,train,keep,False
bluesky_3c8989244dbf9d4054faebfcb95701071a906b3cf949bf9118ab035cba3dbf49,train,keep,False
reddit_t1_mtf3vp5,train,keep,True
twitter_2061723734139109736,train,keep,True
reddit_t1_n0lkjdh,train,keep,False
twitter_2061342061035442504,train,keep,True
reddit_t1_mst7si5,train,keep,True
twitter_2059416738098250131,train,keep,False
reddit_1tx0uiq_opsg7g6,train,keep,False
reddit_t1_mstyaaf,train,keep,False
bluesky_66683b2ac8d238b2ea38fd3e4e1941a9bdaecd0d7d39f0c770ce84aae26d51c1,train,keep,False
reddit_t1_mscsqxe,train,keep,False
bluesky_c6e9eacc08c78369e3034e4e1b13dafb5d815da57c9865a5e121206e040ed859,train,keep,False
reddit_1tsxfco_ooyhakq,train,keep,False
reddit_1tsydyo_op21idj,train,keep,True
bluesky_d4ae930dc1e060d8c1c7088ed84ca7c47047066f7398328fddb42ed782d4734e,train,keep,True
reddit_t1_mx3ommu,train,keep,True
reddit_t1_mrz08v2,train,keep,False
reddit_1tsgnti_op010ka,train,keep,False
reddit_1tz96fb_oqagacm,train,keep,False
bluesky_b6d68802c9ff721e14c7c53be6f1a1f6fd19ee719f11e34be98742745ed31d01,train,keep,False
reddit_t1_n0gqo0k,train,keep,False
twitter_2060036009459438033,train,keep,False
bluesky_a91930b6043d254a81cb1d6ef10ca7dd303247e7f86f0f7e94e85af3f8712f33,train,keep,False
bluesky_1dce35a98bbb82695904b57ddffe90caaab1d7cf58f7a77c243fc78ad70e38c4,train,keep,False
twitter_2061571892926959971,train,keep,False
bluesky_ab1b501eca5504b5397be34f737a8db036d604816710c4ab349ea3d2d0470477,train,keep,False
bluesky_46cf57cc346e2362b596957d5dc971241fabd6b35f388cd9be6e3127299acaea,train,keep,True
twitter_2061617489151394059,train,keep,True
reddit_1ttmc22_op4b2rm,train,keep,False
reddit_t1_mq4yqm0,train,keep,False
bluesky_a739d582babef8a4a97781df92400876047a2f46fd4ecc372d4ffa83e17d3119,train,keep,True
reddit_t1_mzmpwgx,train,keep,False
reddit_t1_mqs3vbn,train,keep,False
reddit_t1_n0n0ghx,train,keep,True
reddit_t1_mr427dd,train,keep,True
bluesky_535378c12e38c94ab77c5d3411a85f698f18f1c516df1a9e5ae57c324127e26d,train,keep,True
reddit_1tj4vka_on2lvi2,train,keep,False
twitter_2059852558294802439,train,keep,True
reddit_t1_mt0g7fl,train,keep,True
reddit_1ture29_opbi5a0,train,keep,False
reddit_t1_mz5hxsu,train,keep,False
reddit_t1_mrftg8j,train,keep,True
bluesky_2d0a1a5379f147be4e7c1d6dcf2374e9791efbdc0097876667c9c433b58dd7c5,train,keep,True
reddit_1tuue1j_opc9dji,train,keep,False
reddit_1u1k8nd_oqrrizs,train,keep,False
reddit_t1_my0mzcb,train,keep,False
bluesky_f62db247573fc7f42bf775880ba1e8e1aa384adf0a0992584ff7ab926d96efb8,train,keep,True
bluesky_e78fcd17c79b04f69ce8d007bede040a54e133aaab1ed14abbeddcb4bf39aca2,train,keep,True
twitter_2096663484637581367,train,keep,False
bluesky_dae90ff15014d740dcefb33fa6411c9ad6eac58f7f7e19ff35b451fa2f7a61d4,train,keep,False
twitter_2061756118410609001,train,keep,True
reddit_1tt0mlj_op05q94,train,keep,False
reddit_t1_mvg0qt7,train,keep,False
reddit_1tuue1j_opck7a3,train,keep,True
bluesky_bc889a1c729886d165fec861d52f73cbe46767ff60f10e3bbdfa95b790c448f3,train,keep,False
reddit_1l35vij_mw12317,train,keep,False
bluesky_30a47d155197738cdf8119b850bf6ee394d7612fe0567cdf32d997acb7e348de,train,keep,False
bluesky_acf4e6862b19d11a658c68ab934d6193beef73890000c85cec7f5693f4caeffb,train,keep,False
reddit_t1_mxag0v5,train,keep,True
reddit_t1_mwcfbob,train,keep,False
bluesky_690fa84fd1e34e42bc3ee58609e7171b89c35341acb57607c70a2e3298997cdd,train,keep,True
reddit_t1_mze7ha5,train,keep,False
bluesky_7ce29a86f3764521e17117078d43bf5956e91ef0cb54f12ffa57c39092d49a29,train,keep,False
reddit_1u12ug8_oqppjns,train,keep,False
bluesky_b2216d47e0b5ea26b79a8df18be363826fa896c7c578b41b30ec090be73ba847,train,keep,False
reddit_t1_n0ahc8q,train,keep,True
reddit_t1_mso7opx,train,keep,True
bluesky_55b338e4eb536b076b27f31179249421ba01b57f359d1f0479878fbd43176fc0,train,keep,False
twitter_2061809738363306422,train,keep,True
twitter_2061054475821842736,train,keep,False
bluesky_1e7aafe2b1c65e8b787c26a18a722949206add7e183bec21db99fd50ca6e9bef,train,keep,True
twitter_2059681636359270509,train,keep,False
reddit_t1_msjt7rf,train,keep,True
reddit_1tn4kot_oohrnn4,train,keep,False
reddit_t1_mt3n5qq,train,keep,False
reddit_t1_mrv4b4m,train,keep,False
twitter_2060848728429175243,train,keep,True
reddit_t1_mvymm3q,train,keep,False
reddit_t1_mvnz9bk,train,keep,False
reddit_t1_mwn7k2d,train,keep,False
bluesky_f0675a7248553693d5d12974fe12dd3104f4e70231b3672c523f2cb29671d06e,train,keep,False
reddit_1kdb50w_mq9m82g,train,keep,False
reddit_t1_mqbeok4,train,keep,False
reddit_t1_mzo958z,train,keep,True
reddit_t1_n0lm18c,train,keep,True
twitter_2060896252544303515,train,keep,True
twitter_2061437787492983123,train,keep,True
reddit_t1_mxtn4ko,train,keep,False
reddit_t1_mt42wy9,train,keep,True
twitter_2096092440155275642,train,keep,False
reddit_t1_msetzwy,train,keep,True
reddit_t1_mws3h3u,train,keep,True
reddit_1u21326_oqz0gij,train,keep,True
reddit_t1_mwzk7j0,train,keep,False
reddit_1kluye9_ms71jvm,train,keep,True
reddit_t1_mwmqb91,train,keep,False
bluesky_e49ee1829a430268c8cd978a8c2b789be2b6f404d2b38d3f0bdbccb41a70cc06,train,keep,False
reddit_t1_mx0kf55,train,keep,True
reddit_1ks5r8b_mtjsraj,train,keep,False
reddit_t1_n0idvzk,train,keep,True
reddit_t1_mwgi9cz,train,keep,False
bluesky_8c79beb0738dcfba49bff55d04b342052786607ed913096dd836b3a60b3195a6,train,keep,True
reddit_1t6icvj_okhzxat,train,keep,False
reddit_t1_msqqr7z,train,keep,True
reddit_t1_n0firn6,train,keep,False
reddit_t1_mu8u8hf,train,keep,False
reddit_t1_mz37h0r,train,keep,False
reddit_t1_mxujtu8,train,keep,False
reddit_t1_n0kmtcu,train,keep,False
bluesky_468ae6981467bd50e4ac557e0bca3841d85d5ae6962a6f5c98b9dbf3737fce5a,train,keep,False
bluesky_32bd5a9ef53393361f8a2a434d29c69cdf846482b3ff6bdfbdcb2d84cceb8efe,train,keep,False
twitter_2061570973254513121,train,keep,True
bluesky_9c0f76ed162f9d97f12069188774799695b1ed18d5cf031a56f04e85a614153d,train,keep,False
twitter_2061624835307180529,train,keep,False
reddit_t1_n0ixwav,train,keep,True
bluesky_b53260d6ef2fb84dc1bc3deb386c152f98a8199845e02ed9b0e293407db6d66f,train,keep,True
reddit_t1_mul5ht1,train,keep,False
reddit_t1_mrs0szc,train,keep,True
reddit_1l33b15_mvxr34a,train,keep,False
bluesky_b0a859a30b01ff618650efc7b122d16f44c14b8fa2df5da472a913e818a7e0f4,train,keep,False
reddit_t1_n07qyas,train,keep,False
reddit_t1_mviz5f1,train,keep,False
reddit_t1_mq443b2,train,keep,True
bluesky_67049757f4f68473a6bc5292aecb454ebee7e499880134eaf0d66348e0284a8f,train,keep,True
reddit_t1_mrb1hkh,train,keep,True
reddit_1llzlg3_n05meju,train,keep,False
reddit_t1_msja12o,train,keep,False
twitter_2059993798336192558,train,keep,True
bluesky_f0f86f0e07ba6953ee1e3d9c7c102317353f9a420a8c3ec931623ec73a018046,train,keep,False
bluesky_eefde550e6b4e0c969f7053ba7850d860483679787e2ad7bd6218700e6b4dc99,train,keep,True
twitter_2061631739336982668,train,keep,False
reddit_t1_mzpk693,train,keep,False
reddit_1tv69vk_opgctfk,train,keep,True
reddit_1u12ug8_oqppwcu,train,keep,False
reddit_t1_n0ged41,train,keep,True
reddit_1tnobm9_onzb7h2,train,keep,False
bluesky_716fc0a0a5d4ac5370580a229d1856ee514d222c333e50ba3b4f530455440646,train,keep,True
twitter_2061757913115263225,train,keep,False
reddit_t1_mt4s434,train,keep,False
reddit_t1_mte7ip3,train,keep,True
reddit_t1_mq7libp,train,keep,True
bluesky_986d90974eafd65d0c03e3d5598ff7aeb4b6e358b64ee3ec8a4c88b8a1945442,train,keep,False
twitter_2061799482052751415,train,keep,False
reddit_t1_mr8zi3u,train,keep,False
reddit_t1_mzvx7nx,train,keep,False
twitter_2061134689604129054,train,keep,True
reddit_t1_mqj0uog,train,keep,True
reddit_1ti5ovh_oms4lky,train,keep,False
reddit_t1_mtebvpc,train,keep,False
reddit_1t6mb7v_okjxvw3,train,keep,False
reddit_t1_mwkph05,train,keep,False
reddit_t1_n0mpp15,train,keep,False
reddit_1u0qe3k_oqk86vh,train,keep,False
bluesky_05afeacba539ff578a0eb5d19ab02d3ca499a36711e9fe0467df0ca696dad932,train,keep,True
bluesky_713cb45af7496d0fe27c09f5680770e70ff397141366fceb2d963e34d66ad943,train,keep,True
reddit_1tbzoap_olpsrjm,train,keep,False
bluesky_ce2d9470296eff80e4ad2ca1f122c8df6a6ff3318fc914f264c1d48fdd7b5795,train,keep,True
twitter_2060401891834810481,train,keep,True
twitter_2060028450065252357,train,keep,False
reddit_t1_n0es4iz,train,keep,True
reddit_1tlur1u_onivubd,train,keep,True
reddit_t1_mvmm2l8,train,keep,True
bluesky_1de7f143b2e14fd681a2e9db182cedaaf0dec30ad41542fe37c5e3477482153d,train,keep,False
reddit_1td5imr_olv7u2v,train,keep,False
bluesky_2bbd4b4ce339331514038e038d07dad0d72732599163fa68e81f83d356816ddd,train,keep,True
reddit_t1_mq3rvur,train,keep,True
reddit_1t4fs97_ok453if,train,keep,False
bluesky_1d2ce53faeaa7b8fcd6075dc659d705aac0242bb6b56c2fd3dc132dcce9fb8ef,train,keep,False
reddit_t1_n0k3luh,train,keep,True
reddit_t1_msfotm1,train,keep,False
reddit_1tvsdbe_oplqyfh,train,keep,False
twitter_2061337876529393757,train,keep,True
bluesky_07bf407b354632e6445edad8a95f3447514be93ecfce5ce05a3d2f8bde2e1e2a,train,keep,False
reddit_t1_my2zok8,train,keep,False
reddit_t1_mzm2v9p,train,keep,False
reddit_1txopv4_opxm8wf,train,keep,True
reddit_1u276eu_oqv88kg,train,keep,False
reddit_1u0gyo8_oqkitql,train,keep,True
reddit_t1_mqopfcf,train,keep,False
twitter_2061524543286452699,train,keep,False
twitter_2061450655559033041,train,keep,True
reddit_t1_msy9y2m,train,keep,True
bluesky_a8fcbefa17d153b8a5017491cd02fd501a6b86f48d9c38be44f4f316daee18ff,train,keep,True
reddit_t1_myg1a0b,train,keep,False
bluesky_7ff1f3257d0d475d110ab5edc5361550269960545789746509d0aadaec3f0113,train,keep,False
reddit_1u1fnvf_oqpr4a9,train,keep,False
bluesky_2d44599f9ea33360d1300daad6ff8873607ee630c96ce20df7ce01768c5c7c80,train,keep,False
reddit_1tws6al_oprby7m,train,keep,False
reddit_t1_mx9417b,train,keep,True
reddit_1tlvx07_onotd0g,train,keep,True
twitter_2096613391993311667,train,keep,False
bluesky_a5db69b676b3e2a407e691366ebaf4b50ba97ad7b7fc73865421ddbdc59528e2,train,keep,False
bluesky_53bbc230408238cb0111f13af8f02d393632cba4a4a3359e1f17cbb88675339f,train,keep,False
reddit_t1_mt4u2ss,train,keep,True
reddit_1trbfkm_op0cfa8,train,keep,True
reddit_t1_mr67bz9,train,keep,False
reddit_t1_mz3arf3,train,keep,False
reddit_1twq42a_opr2rb9,train,keep,False
bluesky_5bbf0b3a8fdfa7d9c7347a3103400a4b32fa1167a724e146c5cab9735253ceb6,train,keep,True
reddit_t1_mrn0y7q,train,keep,False
bluesky_af796088ecf5cfb4cabb45eba1c1d6297510dbced97f9d3fa56d25e866100db9,train,keep,False
reddit_t1_mt53mwl,train,keep,False
reddit_1u0l8qh_oqp9e64,train,keep,False
twitter_2061558316703072725,train,keep,False
reddit_t1_mq60fp4,train,keep,True
twitter_2061447204544405572,train,keep,False
bluesky_b9e8c5a56c7915e8a4f80f8a359921bc80709f5b4e715f3961174a3048991115,train,keep,True
reddit_1tzjirf_oqgmcra,train,keep,False
reddit_1u1nsuy_oqrxs6i,train,keep,True
reddit_t1_myoeqe2,train,keep,False
bluesky_49aa3e6b86039885be0cee7aaf28d2de56a60bec4cd793f5a03565a1a70da663,train,keep,False
bluesky_c02016e2b2182d4857611f6c234beabd4a471adfa63c39b3fedd03012045f4dc,train,keep,False
reddit_1l5ve6e_mwk6h7r,train,keep,False
bluesky_9b3f9d7ddf2fa1c02aea0704cb983b5027e265cf1326d9260a3fcbbb2d8b783d,train,keep,True
bluesky_da00bbd8fe1b5451917256f7be97393e552ab0a2470e032415e3ac7f1bd1d3bf,train,keep,True
reddit_t1_mttaqa5,train,keep,True
bluesky_47f25dcf1244a8afd612730274fcba9419e10ce11de18d2a4e7955a1ddce5e90,train,keep,True
reddit_t1_msipote,train,keep,False
twitter_2061397439936925851,train,keep,True
reddit_1twgtct_opowga3,train,keep,False
bluesky_b8722d2abf7bb6f20d775484d3cc85fdb0fa2579ec7b6235d3a676335fed53b1,train,keep,True
reddit_t1_mq6t0j6,train,keep,True
bluesky_9eef3c47ef8554d095f8ba62a325fd9c887137e3d688db6545a31aad589f8a34,train,keep,False
bluesky_7ef2caecdd915245c5c31673f8a12cd6b1960ae676429c0742ce76e80c114434,train,keep,False
reddit_t1_mzn6zky,train,keep,False
twitter_2061425694727623164,train,keep,False
reddit_1t7d5jc_okpu9hg,train,keep,False
reddit_t1_mxe6iaw,train,keep,True
reddit_t1_myemhms,train,keep,False
twitter_2061764259105648855,train,keep,False
twitter_2060121579900543325,train,keep,False
reddit_t1_mwbyns3,train,keep,False
reddit_t1_msubi9z,train,keep,False
bluesky_9c3bdf3ba41e42dbedf5f9e9293185ef09399cff8126d48023d68a2b3172b1b8,train,keep,True
reddit_t1_mrdl4qh,train,keep,True
reddit_1ki18ju_mrc3g6k,train,keep,False
reddit_1ti5ovh_omrzp6n,train,keep,True
reddit_t1_mvyr95q,train,keep,False
reddit_1tpf0kw_ooush6l,train,keep,False
reddit_1lbge70_mxt8whl,train,keep,False
reddit_t1_mt8bhru,train,keep,False
reddit_1tv4g76_opgmkm0,train,keep,False
reddit_t1_ms9unxs,train,keep,True
twitter_2061805156858007933,train,keep,False
bluesky_13824df398dfb15600427efcddf01fb772e9d60c52f812975d958084aa4a5769,train,keep,True
reddit_t1_my2l1pf,train,keep,False
twitter_2061091882038333761,train,keep,False
reddit_t1_mt56r85,train,keep,False
reddit_t1_mwtvs71,train,keep,False
reddit_1tb0kz2_ole63ba,train,keep,True
reddit_t1_muc7kfo,train,keep,True
reddit_1txi7g6_opy5089,train,keep,False
reddit_t1_muv8r25,train,keep,False
reddit_t1_mut5aq0,train,keep,False
bluesky_dcc71fd1c231e09a8cb848f49227babdeb6e1b3726a00588411ebb82f0db1a85,train,keep,True
bluesky_0d371fb70e14236fe0551ff2e3a8c16d6103775680b42e1a8d9326ac15a99c7a,train,keep,False
reddit_1two3nw_opq6x8j,train,keep,True
reddit_t1_mz53dmi,train,keep,False
twitter_2060042395312329079,train,keep,False
reddit_t1_mzpn89n,train,keep,True
reddit_1ttadso_op2sy4k,train,keep,False
reddit_t1_mqns9fn,train,keep,False
reddit_t1_mymdmp6,train,keep,False
reddit_t1_mrpbozd,train,keep,False
reddit_t1_mx3h0ld,train,keep,False
twitter_2060382871408267274,train,keep,False
twitter_2061471565439451569,train,keep,True
reddit_t1_mz54de7,train,keep,False
reddit_t1_mssodfa,train,keep,False
bluesky_38b6d74fe61a8184918f44cb7a47436665880e3a5869e3514e6a278f9275634a,train,keep,False
reddit_t1_mtju8md,train,keep,True
reddit_t1_msa9c6l,train,keep,False
bluesky_0f10f8b2e7ad35ac78d16202521045b21ebb300d2167d8ee6c7178fb17a622e6,train,keep,True
reddit_t1_mtcoj7i,train,keep,False
twitter_2061485042577052120,train,keep,False
reddit_t1_mw1ctxb,train,keep,True
reddit_1tff3ix_om96w66,train,keep,False
bluesky_2376254e2a88bc6703fb7af0b7eded1dde9cbbccbd7bd3909ff0f7aa38736b00,train,keep,True
reddit_1ts7ucn_oovp8d8,train,keep,False
twitter_2097040684108681695,train,keep,True
twitter_2061766188795904498,train,keep,False
reddit_1tzrws1_oqh42vz,train,keep,False
bluesky_193874e9f0a88af8e8d42385baab3d7b163ade74298411c32e417c98bc8176c0,train,keep,False
bluesky_c99c7917d4bb2109467190922bf57de01638475d7d6de00f3bad6cefb147b8ca,train,keep,False
twitter_2061553393869443128,train,keep,False
reddit_t1_mqan2l5,train,keep,True
reddit_t1_mq5ciu1,train,keep,False
bluesky_9f073ff34d53400a323414c638ad912b84526395f7f9ea44a9fda1075cf54f41,train,keep,False
reddit_t1_n0fljzw,train,keep,False
reddit_1u0oc51_oqkygl8,train,keep,False
bluesky_62f9632b4b79641c955ade37a84adf4f1e9465c7db5291a260ea18f7963bfeaf,train,keep,False
reddit_t1_myldotg,train,keep,False
bluesky_f56c4469482c088f581536f8e6c57aa4598703acffd586d4e2aedd38b944b13c,train,keep,True
reddit_1knjsle_msmr34t,train,keep,False
twitter_2096824589275869558,train,keep,False
reddit_1ldx1eu_mzyw6jb,train,keep,False
reddit_t1_mzu1ck1,train,keep,True
reddit_t1_ms75pnw,train,keep,True
bluesky_dcaafcacf4025fe4cfd69e1778a72662dc172c6614cc2bcf68e9d7f4100b4082,train,keep,False
bluesky_23a594a59e240ac662ed2e3837f21fc10322e428b777b4f5a1611405a720c219,train,keep,False
reddit_1tzmjlz_oqdci69,train,keep,True
bluesky_2155da4c8dd53d673c864519ce566ce27a4bf509342dbffee43b3fe27a8ec2da,train,keep,False
reddit_t1_mturbng,train,keep,False
reddit_t1_mv25zpj,train,keep,True
bluesky_e7b65861a561ca43659decc62c09392cc7b647adacd14deb7d39723874c078da,train,keep,True
reddit_t1_mrbi87c,train,keep,False
bluesky_415e6c46350d367eb75278ee71e9f85ebe537d8465ea32bcb0bc5313bba60cbe,train,keep,False
reddit_t1_myml0nj,train,keep,False
reddit_t1_mzgbtp9,train,keep,True
reddit_t1_mwm6dsb,train,keep,False
reddit_t1_my3gg4q,train,keep,True
reddit_t1_n0mv4mb,train,keep,True
reddit_1t7hgak_okty6uo,train,keep,False
reddit_1kze0f3_mv5hijr,train,keep,False
reddit_t1_mzuasnp,train,keep,False
bluesky_3e7c85379592b4e041b0afdc95e2f1dee2cfec001c08abcd712df940a063198f,train,keep,False
reddit_1trf9va_oona16i,train,keep,True
bluesky_a40867a6c66d0172019a1bf1ff1d448ad6f5b0f6c588a9c276d183337d3825f1,train,keep,True
twitter_2061782430990631299,train,keep,True
reddit_1tjqo6g_on42gg1,train,keep,False
bluesky_7716eaa2a2170a6ddd32fd28dda7b6b2cb05a4017abaf616757d2fe33a6211f2,train,keep,False
bluesky_f0e0021b15ebd8565ce0d7181d52b8834e7c9b759380acf680fd776ff7eaf0b4,train,keep,False
reddit_t1_mzz1wtv,train,keep,False
reddit_t1_msondac,train,keep,True
reddit_1ti5ovh_oms4is4,train,keep,True
reddit_t1_mqqoef8,train,keep,False
bluesky_86ac8e5afea7a7c9284780bb939b3757c01f39e90cedd2e86c29274c25933d4a,train,keep,False
reddit_t1_mr6y9qj,train,keep,False
twitter_2061789326925602869,train,keep,False
twitter_2060897848560939264,train,keep,False
reddit_1kcy0mu_mq7iklg,train,keep,False
bluesky_9f8541692dbc72cd4e2364cc9c2dc8d4d453f215ac519d4e2423f18c9817a87f,train,keep,False
twitter_2061490140950716746,train,keep,False
reddit_1trdy16_oonh407,train,keep,True
reddit_1ture29_opcesos,train,keep,False
twitter_2061823678363656542,train,keep,False
twitter_2060098370450960682,train,keep,False
reddit_t1_mz2oxf7,train,keep,False
reddit_1thox1m_ompmu68,train,keep,True
reddit_t1_mzpfodq,train,keep,True
twitter_2061767396038209886,train,keep,True
twitter_2059694832499511355,train,keep,False
reddit_1tig64l_omwxi27,train,keep,True
twitter_2061460380212236366,train,keep,True
reddit_t1_ms5i3l4,train,keep,True
bluesky_2fb1b097afc3d17b0bac090d76ed14cb33730dd26e5b87825e85034ebcc047d9,train,keep,False
reddit_t1_n03uu4n,train,keep,False
bluesky_5af19c6ec89151ad72b9465e988dac1b390d69588009a182e78929436fbe73b3,train,keep,True
reddit_t1_muvd37l,train,keep,True
twitter_2096650757533782034,train,keep,False
twitter_2061785476785131642,train,keep,False
reddit_t1_mqpueqb,train,keep,False
reddit_t1_mv1gk14,train,keep,False
reddit_t1_ms1bd9e,train,keep,True
reddit_t1_mv3byud,train,keep,False
reddit_t1_mx6l1jm,train,keep,False
reddit_1l3g0j8_mw2skqf,train,keep,True
reddit_t1_mv56iom,train,keep,False
reddit_1tk95ck_on89l52,train,keep,True
bluesky_97e38f18f2fad4abf2fd33436a38de986e4ae99493b63a1b969125cfa8588310,train,keep,False
reddit_t1_ms887dc,train,keep,False
reddit_t1_mrnsozd,train,keep,False
reddit_1tvyk2a_opqmb7v,train,keep,False
reddit_t1_mygva4t,train,keep,False
twitter_2061604025833853188,train,keep,True
bluesky_0098e567eb615260f97de8b6d3947c76c6df50ead87157db1c510f471f6ced27,train,keep,True
bluesky_f3be1180df4ff2f2b104148f214f94a5f184a3be1a9b8c1d99d007b832124d35,train,keep,False
reddit_t1_mxi5f45,train,keep,True
reddit_t1_ms3zjxi,train,keep,False
reddit_1l3usxn_mw3tv62,train,keep,False
twitter_2061826294250455065,train,keep,False
bluesky_45c2b26f6bc0f09fd59c1231b4a8a80c6f642e46a38d10c665d4ad33bdf0fc10,train,keep,True
reddit_1tyjfbd_oq3ozq6,train,keep,False
reddit_1u276eu_oqxs95a,train,keep,False
reddit_1lmjifa_n092opi,train,keep,False
twitter_2061616204989804692,train,keep,False
twitter_2061824969118495098,train,keep,False
reddit_t1_my75f0a,train,keep,False
reddit_1tyu1q6_oq82k1r,train,keep,False
bluesky_5271b455a08c8923b1dffe9c2428227c926a6ce68bcc3322837523f85d54e18d,train,keep,False
reddit_1u185il_oqphuw1,train,keep,False
reddit_1tzmjlz_oqdeovc,train,keep,True
bluesky_499e668d0cb7ae9d38a09b3d85c1c685af1b5d04fcec61cb6ff824c112f8fc3b,train,keep,True
bluesky_d4815e5c6171702b848dd5a41e656d8e02580a6c7606c9658151f975657567bd,train,keep,True
twitter_2060465207126974658,train,keep,False
bluesky_dbeff2fe34e991a1e36d8aba36acda0e8c113cbccf261fa9c19159ee6d011f1e,train,keep,False
twitter_2061642824802775067,train,keep,False
twitter_2061769433035731055,train,keep,False
reddit_t1_myceguk,train,keep,True
reddit_t1_mrubs60,train,keep,False
reddit_t1_mwqieq2,train,keep,False
reddit_t1_mro8lox,train,keep,False
reddit_t1_mruhoi5,train,keep,False
reddit_1ture29_opd546r,train,keep,True
twitter_2061824324718494204,train,keep,False
reddit_t1_mwd8igg,train,keep,True
reddit_1tvyk2a_opqcqvn,train,keep,True
reddit_t1_myqmq0l,train,keep,False
reddit_1u0l8qh_oqj0m6j,train,keep,False
reddit_t1_mqix6i4,train,keep,True
reddit_1twgtct_opp8x9b,train,keep,True
twitter_2061193677234385110,train,keep,False
reddit_t1_mvick0a,train,keep,False
twitter_2060478129764741283,train,keep,False
bluesky_47c6d52f09beb5f76624fb6d55b558fc041f569fdaa377847c2da6d4209adf3b,train,keep,False
reddit_1kob7lm_msox8pi,train,keep,False
twitter_2061116480704364884,train,keep,False
reddit_t1_mypejqn,train,keep,True
reddit_t1_mss7olw,train,keep,False
bluesky_a6321e95ca22e23af1bfcebf9c9986a5803e36542dcbc0d53e017f922124fd19,train,keep,False
reddit_t1_mqj95mn,train,keep,False
reddit_t1_mz2mg2b,train,keep,False
reddit_1lj7otl_mzhs8v5,train,keep,False
twitter_2061350776803303478,train,keep,False
reddit_t1_mrkglyi,train,keep,False
reddit_t1_msn6jb2,train,keep,False
reddit_t1_mz3wlpk,train,keep,False
reddit_1tyk2vf_oq4ch99,train,keep,False
reddit_t1_n0eu665,train,keep,False
reddit_t1_mthruqc,train,keep,False
reddit_t1_muxdrng,train,keep,True
bluesky_d88c3f45856c8f4830891d5bcd419439d970ecd52188e62936f2293cc95c35a9,train,keep,True
reddit_1tuue1j_opccl0i,train,keep,True
twitter_2060954877975466293,train,keep,False
bluesky_d262b5480011779220d15ddd1fc5205420665e7e59e3940d172876ffe2a2fff7,train,keep,False
twitter_2059284690003959996,train,keep,False
reddit_t1_mqiopnc,train,keep,False
reddit_1tyqb64_oq88zcx,train,keep,False
reddit_1tgxg10_ompn1kp,train,keep,True
twitter_2096653846399389802,train,keep,False
reddit_t1_mz1yeqs,train,keep,False
reddit_t1_mqqowkd,train,keep,False
reddit_t1_n0i9qmi,train,keep,False
reddit_1tvll8k_opjf0hz,train,keep,False
bluesky_77715edd11e3f9ba60722749b8942b1ee161fa74185a07ff3c340d2ff7ffcad3,train,keep,False
reddit_t1_mqmnf2x,train,keep,False
bluesky_4c299b65270d0ea3ef553e2b66058c0707ff9f7a3c1be9b8b4a141a30f7efa8a,train,keep,False
reddit_1l8ad4u_mx37l6r,train,keep,False
reddit_1kdsslc_mqf05hl,train,keep,False
reddit_t1_mrwfz97,train,keep,False
bluesky_a811f7bd4a2c584bff0f72b2f7e76fcabf23401a2676df854bacaeafd1d941bd,train,keep,True
reddit_1u18ir0_oqp0im6,train,keep,True
reddit_1lenxv4_myhugyl,train,keep,False
bluesky_dfb08c8b0467178086b73f7b79054d83d2193197f0c72ea240f1f282a6a3142a,train,keep,False
reddit_t1_mqgq6mq,train,keep,True
reddit_1kp0psp_msuk09x,train,keep,False
reddit_t1_msk74dh,train,keep,True
reddit_t1_mqsdvcb,train,keep,True
reddit_1t6mb7v_okjfmrg,train,keep,True
reddit_t1_muiljw2,train,keep,True
reddit_t1_mqabvtm,train,keep,True
twitter_2060636474312188320,train,keep,False
reddit_t1_mrgqr6b,train,keep,True
reddit_t1_mzqex5b,train,keep,False
reddit_t1_n0gp5r4,train,keep,True
reddit_t1_ms07a65,train,keep,False
bluesky_5c6a5ac74f6d4ede017d4e98737902235c28feaa2ec1b9c4c56c51b6a5fbbee1,train,keep,False
reddit_1tv4g76_oqs8qvb,train,keep,False
bluesky_6bfcc4c1f46f64abe92ed5358060824eac9584132fbc0e78a4e74db53924210d,train,keep,False
twitter_2061579812104184052,train,keep,True
twitter_2061758015368245541,train,keep,True
reddit_1u18ir0_oqpcwct,train,keep,False
reddit_t1_n08mxuk,train,keep,False
bluesky_9f3ee0a50adeb0e19631a818a3e36f7217cce275bab29546eb251dcc208db0ba,train,keep,False
reddit_t1_mxecvhx,train,keep,False
bluesky_18fcf3f3bf8aa0cc7cd9bf08f93e49032826e7c8d0d7d425c6c71cae1509cd84,train,keep,False
twitter_2061796405451395250,train,keep,False
reddit_t1_mrzebhk,train,keep,False
reddit_t1_msowwnt,train,keep,True
bluesky_04377c2a59c9550624b35d73258b4f5ec9ca25c30f5f59c33e01c4921cb4512a,train,keep,True
reddit_t1_mz3fuw9,train,keep,True
reddit_1u24ryn_oqvqffz,train,keep,True
bluesky_5e5b9d140498eb25641b1b2ed3147f4f1f4359dcbe291944a0cfbf677ec988e1,train,keep,False
reddit_t1_mymdkke,train,keep,False
bluesky_4086f0eee340ddab2803f0b4e24944c10a6d0d4804074be3b5b31155c93fe6a6,train,keep,False
reddit_1tymfag_oq4xlkj,train,keep,True
reddit_t1_mzmwmvf,train,keep,False
bluesky_770841d0f69f445aca45082ad10be93a6fc5e9990977b39249aa35a5c9da74cd,train,keep,True
twitter_2061197288836677676,train,keep,True
reddit_t1_n0dm2ra,train,keep,False
reddit_1tzrws1_oqfg5oq,train,keep,True
reddit_1ldv50r_myd1v3j,train,keep,False
bluesky_7f428cb2b52750acf7f43a386b57ae305ac460512e54e2969ed54e8b30af9b72,train,keep,False
reddit_t1_mu1ro4m,train,keep,True
reddit_t1_mqfbz0r,train,keep,True
twitter_2059355394955497975,train,keep,False
reddit_t1_mwzox2m,train,keep,True
reddit_1ta0m34_ol6jf3r,train,keep,False
reddit_t1_murunei,train,keep,False
twitter_2096988584070787435,train,keep,True
reddit_t1_n0392ji,train,keep,True
twitter_2059664740352184363,train,keep,False
twitter_2061428661069168689,train,keep,False
twitter_2061666343196217371,train,keep,False
reddit_1t7d5jc_okoil6b,train,keep,True
bluesky_e6b8e536d87024c112cc2931ef25926dd3d4b9304be953bbe43c5d5b4a730f91,train,keep,False
reddit_1tvll8k_opj0bw5,train,keep,False
bluesky_4a661596e62625a0dbc1abdf3a1a4d634cfa70560fcdbd64acc3a1364b47331e,train,keep,True
reddit_t1_msbki2o,train,keep,True
reddit_t1_mwgw6g1,train,keep,True
twitter_2061790209600012382,train,keep,False
twitter_2059387832884675063,train,keep,False
reddit_1kqe3w8_mt4y0rw,train,keep,False
reddit_t1_mq92fs0,train,keep,True
reddit_t1_msdjqu6,train,keep,False
twitter_2061538193703379020,train,keep,True
bluesky_68f3182702671bd97948e7e7a85ce7d6b4ff70725b8140232254c1c052f63edd,train,keep,True
twitter_2061593922267132149,train,keep,True
bluesky_7e21d140fb604a2d1013ad4999fc20f97d3a7e4df459c32cc798c84ebbb56f08,train,keep,False
reddit_t1_mzbdyvw,train,keep,False
bluesky_2f2eefedd3c7aca62aeac2ff1d3873caf97bc8917da01859135371deed9e3664,train,keep,False
reddit_1lojll9_n0nq8kf,train,keep,False
bluesky_81bf8430f5ec97f3f17f6a71472b235a006a143ebaa1ba0d808958ca1567a27d,train,keep,True
bluesky_5a13392ecb9ea92b3ebc2c6e6936461eb2421c18c924b1b46fa0ad8c1451ac86,train,keep,False
twitter_2060860820750266432,train,keep,False
reddit_t1_mx0rcfr,train,keep,False
bluesky_673cc70f4bb2962d32b343815ea89626aa71782ba56f370e128606a8fdfefbb4,train,keep,False
reddit_t1_mstenn1,train,keep,True
reddit_t1_mz3bgrt,train,keep,False
reddit_1u12ug8_oqmmm80,train,keep,True
twitter_2061827891600482732,train,keep,False
reddit_t1_mtbwlgq,train,keep,True
twitter_2061718582602457386,train,keep,False
bluesky_cfa911dbff9c912a0d63b0bd84d8cbe6f44d1807961f018784e8628a81102f37,train,keep,True
reddit_t1_mq7cfny,train,keep,False
twitter_2061378324538999061,train,keep,True
reddit_t1_mvzys1k,train,keep,True
bluesky_eb4df340933bc2fa724b14158c9d423e9dcf62d0d4b77d9f84f569bc1e15da08,train,keep,False
bluesky_ff75e1b6e6448ecff08c27fe152682dd9b85133eab7fecf770b1ccfc982eecb6,train,keep,True
reddit_t1_mv2584b,train,keep,True
twitter_2097025284440465884,train,keep,True
reddit_t1_mu23lsx,train,keep,True
reddit_t1_mr7b9g6,train,keep,False
reddit_t1_mzvkt8p,train,keep,False
reddit_1u08bq4_oqi7hgj,train,keep,False
reddit_t1_mz51x28,train,keep,False
reddit_t1_mr9iut2,train,keep,True
reddit_t1_mujvtr4,train,keep,True
bluesky_db6ffde2da6ee9054ba420a4e9584b52f8d2889b47e857ca6ec7883888f68c4a,train,keep,True
reddit_t1_mt5ecvt,train,keep,True
reddit_1kl4k5p_ms3vie3,train,keep,True
bluesky_34dedf6fac50ba303293dca31edd84fa91593c8d111860b6fbdbaeb2b45c24ab,train,keep,True
reddit_t1_mrnzufx,train,keep,False
bluesky_84209e00ec6828598d5bcfe5b878dcad9dd1a9e7c713688856ec0fe1e0352e05,train,keep,False
reddit_1ts91q8_oowcqkr,train,keep,False
bluesky_57cda2b746d50bafac215c431d93b59a5a42c81520aa29dd3c6db547bcd76c2b,train,keep,False
reddit_t1_mzm105f,train,keep,False
reddit_1tsr4st_op1h063,train,keep,False
reddit_t1_mudw828,train,keep,True
reddit_t1_mroj6sl,train,keep,True
bluesky_543fb4bb5e78c53dba345c6e130b60ebe44f988823c0053a7646fecc34f077e4,train,keep,False
reddit_t1_mxn79t0,train,keep,True
reddit_t1_mwwhmlp,train,keep,False
reddit_t1_myadeus,train,keep,True
reddit_t1_mpzk5tk,train,keep,False
twitter_2061800951283925172,train,keep,False
reddit_1tt0mlj_oozhsjx,train,keep,True
bluesky_f28522be44f2185da932489134fc06d04baa8083eae1c9acbb0536b6cd1d5313,train,keep,False
reddit_t1_mv9k2y6,train,keep,False
reddit_t1_mthmdk9,train,keep,True
reddit_1lefduk_myg8gz6,train,keep,False
bluesky_9b851d5136bc88a8d4508ee30ffdae3841b778daf1e21ce188d809c5d32a849c,train,keep,False
reddit_t1_mtnozfw,train,keep,True
twitter_2061789176497140214,train,keep,False
reddit_1tzgcp8_oqbykze,train,keep,False
reddit_1ksyl9o_mtsfour,train,keep,False
twitter_2061796879017673163,train,keep,True
reddit_1kwuk1t_muk9up8,train,keep,False
reddit_t1_mx7vvgo,train,keep,False
bluesky_8537bff6215bd2f36839845e3e09d6412220805838d5625b9a941999e7c6def8,train,keep,False
reddit_t1_mwmj2uf,train,keep,False
reddit_t1_mxiw3o7,train,keep,False
bluesky_6e86f3f4fdebc00fbafaa16a374af0e743a390c9ee88b9a5a2ac643cf78cb6ec,train,keep,False
reddit_t1_muxnxjd,train,keep,False
reddit_1koplvt_mstqk8c,train,keep,False
reddit_t1_mt4k8o1,train,keep,True
bluesky_89d8df082f80f6bcd3ebb712fa3428b2a5cfacbdc950d1296656aa771e50fc9a,train,keep,False
reddit_1km18ir_ms9sb9u,train,keep,False
reddit_1kwdve7_muh3ytv,train,keep,False
reddit_t1_mrcjrim,train,keep,False
reddit_1twtvqy_opu3sob,train,keep,False
twitter_2061130037391187998,train,keep,True
reddit_t1_mugtafm,train,keep,False
twitter_2096375117907394810,train,keep,False
twitter_2096042652366180352,train,keep,False
reddit_1u0y1yy_oqp1fd2,train,keep,True
twitter_2060377428841664760,train,keep,True
reddit_t1_myk8d34,train,keep,False
twitter_2061549339005046951,train,keep,False
bluesky_9baabfbc73561f47d6a581724e275899757059cdb0a388e575eb7eef6fe0c3ac,train,keep,False
twitter_2061455574655533441,train,keep,True
reddit_t1_n000etz,train,keep,True
reddit_t1_mz3r5z6,train,keep,False
reddit_t1_muouzzq,train,keep,False
reddit_t1_mvdpbmq,train,keep,False
bluesky_f7e6b48906f0492399e0f14637b32ee806975ad7c9c20ec9d8e82c5de4fd1a86,train,keep,False
reddit_1tyk2vf_oqc32ou,train,keep,True
reddit_t1_mrc911q,train,keep,True
bluesky_8ed0dd3cceab245aafaf51ae1c35e63079dd5f5eed9680dbd9705d92da6ee958,train,keep,False
bluesky_6a7bf053aa15242a9463a05518b87857923f30c602b4fb00c009d97e18610ca2,train,keep,False
reddit_t1_mrkv96a,train,keep,False
bluesky_21b653f7704b66aa262446b2652296922e99cc0d1184a07ba9c21b1c08554f7a,train,keep,True
bluesky_92de4c814bd17a740e54c000e1f5c34866bbe72ebdb99854a6fcc51d0711e092,train,keep,True
twitter_2096282215357325612,train,keep,False
bluesky_7f79c59f27fb0856a48259a2ea8401d98105127fde01eb3a0d78839216d3ea74,train,keep,False
bluesky_b2a1292a5d8bfcf822d1e4d4194fb0b69efe10dd244d2fb22ddd30343b5b293b,train,keep,True
reddit_t1_mtu1e4l,train,keep,False
twitter_2061419242927362260,train,keep,True
twitter_2060663163738083787,train,keep,False
reddit_t1_mqownqe,train,keep,True
bluesky_ad01d2cb528d8e40dd0d38287f6a01cc0c6628c9f3c71ca82bfaf17904ff84b0,train,keep,False
bluesky_e58555c18cd5488398d3f8ee0e2c4e823bfa8758c160028bf796a302d3914cb2,train,keep,False
reddit_1tws6al_opqnnmd,train,keep,False
reddit_t1_muxej7a,train,keep,False
twitter_2060385774105710828,train,keep,False
twitter_2061824806564094433,train,keep,False
reddit_t1_mtbjtvm,train,keep,False
twitter_2097117546097033394,train,keep,True
reddit_t1_ms9d7t0,train,keep,False
twitter_2060520286894878993,train,keep,True
bluesky_f214abc785460e7e4e082b3cee565dbe434429120cb5635b36f90f84595ed6f0,train,keep,True
twitter_2061479124078575784,train,keep,True
twitter_2061153477565268429,train,keep,False
twitter_2061826951073980751,train,keep,False
bluesky_c4bb3abf465e0e9b24da39e8a15d08b6f486b6605740892fb6048b15c52b3f92,train,keep,False
reddit_1kkiq63_mrwpbgm,train,keep,False
bluesky_af214e4581cd47251c06c2db276d1475f337754ea3ca0208138e16d5c3527fa0,train,keep,True
reddit_t1_n0es22x,train,keep,False
reddit_1u12ug8_oqo0blq,train,keep,False
reddit_t1_muqzff3,train,keep,True
twitter_2061570765477060847,train,keep,False
twitter_2060116990094667871,train,keep,False
bluesky_7e4b6cb0bfaf098233774afe10e9288fdbc37b0eb4c7407a81f4d2d5262e1b1b,train,keep,False
bluesky_da940ab130b0b3f425909edec2dba97b1a846a93cbf9c7ce7ce5a796290013cb,train,keep,False
reddit_1tzs7nk_oqeg4nb,train,keep,False
reddit_t1_mrqm7qq,train,keep,False
reddit_t1_mzbecnh,train,keep,True
twitter_2096313437534187533,train,keep,True
bluesky_2ae1d353565b2fed200e624da4b0d0c284837e475770381c05df2fd938ab8d23,train,keep,False
bluesky_72f38fe4d260a417c0b7cbea16090e0e7012f6b947ca754c6ebe2e01b5a3ec66,train,keep,False
reddit_t1_mx7k9fs,train,keep,True
reddit_t1_mqlfnfu,train,keep,True
bluesky_a6e51078b3025b0d51653acd72b01347870f0c714c6e25848dfab662b696fe02,train,keep,True
reddit_t1_mtwahi6,train,keep,True
reddit_1lcovdy_my3561g,train,keep,False
reddit_t1_mxzr3ro,train,keep,True
bluesky_310c803b84b80c46d46dbf9eb70d5a4d00e774cb1b652f034edb7cfb13230ccb,train,keep,False
reddit_t1_mzpq6yo,train,keep,False
bluesky_daf9ec307633d7c264522d94cc69bec0a7118a4fbea9ec4c9c9676f5dd8069c7,train,keep,True
twitter_2061783695204204990,train,keep,True
twitter_2061559520069898643,train,keep,False
bluesky_c624450cc60f23fff01cf2aa2678340202d71237f3e5698a104484a6b3022938,train,keep,True
reddit_1t7d5jc_okpmr31,train,keep,True
twitter_2061458491051549114,train,keep,False
reddit_1t6icvj_okji1o1,train,keep,True
reddit_t1_mz9hlki,train,keep,False
reddit_1l6sri1_mwx7frp,train,keep,False
twitter_2061472652334694864,train,keep,False
reddit_t1_mwm0lmf,train,keep,True
twitter_2060470076235469226,train,keep,False
twitter_2060093087720890699,train,keep,True
reddit_t1_mseadwe,train,keep,True
reddit_1lc30pi_mxyjktd,train,keep,False
reddit_1txopv4_opyhsv2,train,keep,True
bluesky_ad9e5ad080e519cf193d6ade19af96529063c387116a9820912b7923c75cd4c6,train,keep,False
reddit_t1_mtdkks5,train,keep,False
bluesky_a41fc2147af605043a20c5678e038c5f9523c33847ce057830417df48c48a73a,train,keep,False
reddit_1tstlbr_op11qjw,train,keep,False
reddit_t1_mr9skxt,train,keep,True
bluesky_c113a06cfbdb1aa666e0761ac2923c61dcbe69da246090bb73bfd9aefaa50678,train,keep,True
reddit_1toaosx_opml7oz,train,keep,False
bluesky_a155c60c3f69b9258eea46332044a31781c484ce703f597189bfb36c3988a661,train,keep,True
reddit_t1_mzsk3hw,train,keep,False
reddit_t1_mw4snuh,train,keep,False
bluesky_41ce2171bb60c12b213483e9fddf39657dfd50583d6d4806a806d208ff2013ed,train,keep,False
bluesky_ee7334e66721eac60cb96ed64b799cc1ee21107eb162c1737e6b1b9208f9814d,train,keep,True
bluesky_4cc7284c0a17c8cfc8ae5ad7ec38062af181ede12c5c96773cbb46a0c125fd26,train,keep,False
reddit_t1_mqf5ooy,train,keep,False
twitter_2061741175904813524,train,keep,False
reddit_1la39e8_mxkk9zk,train,keep,False
bluesky_f674d6d4fe3b0a90290ae9b1bee881bfc909751441bc990d4cd0f4d343f5e29c,train,keep,False
reddit_t1_mq7jxin,train,keep,True
reddit_1ti151j_omw37x6,train,keep,True
reddit_1kvw690_mucsuyz,train,keep,False
bluesky_722e8f3c436be622ad16cebf4554054e58e746827b72ed2fd9853ead08567fa3,train,keep,False
bluesky_2e3fa252625545528aa919ac42a32dfd29cb83cb564f7a0f4c22fa2a880338d4,train,keep,False
reddit_t1_mtc2wlq,train,keep,False
reddit_t1_mteat7z,train,keep,True
reddit_t1_mrso22c,train,keep,False
reddit_1tklc7j_ond7yb9,train,keep,False
reddit_t1_mst1exe,train,keep,False
bluesky_f43a4c86ddd69d40133b0bee3f1602dc89f2bba1c6ce0a0a4ed6e2ee2957016f,train,keep,True
twitter_2060077128666788180,train,keep,False
reddit_1ldsaiw_myb2drd,train,keep,False
reddit_t1_mqsxpx7,train,keep,False
reddit_t1_mz2pkuz,train,keep,False
reddit_1tuzwvu_oped4j0,train,keep,False
twitter_2061364109271077037,train,keep,False
reddit_t1_mtckrc1,train,keep,False
reddit_t1_mqv7des,train,keep,False
reddit_t1_mqy0zhm,train,keep,True
bluesky_b820564f26d7dc1ae218c2947eb7c708b4f518ca76a8f62cf15e3caa2c604165,train,keep,True
reddit_t1_n0m8bs4,train,keep,True
reddit_t1_msy4a8y,train,keep,False
reddit_t1_mytg1n1,train,keep,False
reddit_t1_mw7foaz,train,keep,True
reddit_t1_mxhwy3r,train,keep,False
twitter_2061588552899788982,train,keep,True
reddit_t1_myj9iz9,train,keep,False
reddit_1kt64ln_mttoi2k,train,keep,True
bluesky_576dc757f674fe63b2ba0ed400d4c6930c37b776e49b59e9e3c6417ca4d0959e,train,keep,False
reddit_t1_mvpm00x,train,keep,False
reddit_t1_mz2xnfj,train,keep,False
reddit_t1_mujjk32,train,keep,False
twitter_2060865544585408989,train,keep,True
twitter_2097115625055220050,train,keep,False
reddit_1lfzxn0_mysh0eu,train,keep,False
twitter_2060375863632232502,train,keep,True
reddit_t1_mti1e8h,train,keep,False
twitter_2096499895402463599,train,keep,False
reddit_1rxhuk9_ob8bvnj,train,keep,False
reddit_t1_mzjt4rc,train,keep,False
reddit_t1_my28ovc,train,keep,False
bluesky_13da40f0ff6dc230271d019f3bb5de17dc72773bb61e927d3680151732084545,train,keep,False
reddit_1km0iur_ms83ws3,train,keep,True
reddit_t1_mromab7,train,keep,False
twitter_2061781410738774397,train,keep,False
twitter_2060824656999809109,train,keep,False
reddit_t1_mrxkhe8,train,keep,True
reddit_t1_mx1gvmq,train,keep,True
twitter_2096345284771037636,train,keep,True
reddit_t1_mqynr2g,train,keep,True
reddit_t1_mzdn37f,train,keep,True
bluesky_3921909da88e5da573b665d18ecb1c1e82b42f579b58d0c04295b6232057b078,train,keep,True
twitter_2060490551162454214,train,keep,False
reddit_1tupifu_opcof0x,train,keep,False
bluesky_18a961537c44c7b3cbd86dfc355fc5513bb0c57738e5e0598dbbda6acd606dee,train,keep,False
reddit_t1_msrgac3,train,keep,True
bluesky_f1c472d9086aff2d488153a095ba4f35f5f3ef6948859fcd9a53ae2fcd96b36c,train,keep,False
reddit_t1_msjwcm4,train,keep,False
bluesky_bcbfdc5e849c041e51d6840a0dca3c362f6ec1e2b88e39904a47e2282780b961,train,keep,True
reddit_t1_mx92nus,train,keep,False
reddit_1l7aqfg_mww4ljj,train,keep,False
reddit_t1_n0gxl1u,train,keep,True
reddit_1tvr63e_opn1sx9,train,keep,False
twitter_2061778247302455606,train,keep,False
twitter_2061800864210387334,train,keep,True
bluesky_1b7d24cf60df9788f9dbc7b853743b5fc24805a5fe2dd6ce6b34d43126414b2b,train,keep,False
bluesky_ed83c77155e7eb536655ab72fe2002bd82f4860e511767923493c76b7600be80,train,keep,True
reddit_1timfbo_omvsb4y,train,keep,False
reddit_t1_mumqewf,train,keep,True
reddit_1two3nw_opqj3ic,train,keep,False
reddit_t1_mri540n,train,keep,True
reddit_1tvsp9t_opjp30t,train,keep,False
reddit_1kesocd_mqmbypd,train,keep,False
reddit_1l67snm_mwnqm6u,train,keep,False
reddit_t1_mqwwb2t,train,keep,False
reddit_t1_mx5nwl8,train,keep,False
reddit_t1_mu7jyz6,train,keep,False
bluesky_5d35eb61f057cd07d1811641d84d06a879b16c278635963a66a936d3a341cb69,train,keep,True
twitter_2061621017949221265,train,keep,True
reddit_t1_n0a2qd5,train,keep,True
reddit_t1_n0a5qir,train,keep,False
reddit_t1_mv47qm2,train,keep,False
reddit_1kvqh4n_mubfqfk,train,keep,False
bluesky_39390b91254960a794f253ea74afbebe191bcb094ff54221fd989beeccf23c90,train,keep,False
reddit_t1_mwq9nfc,train,keep,False
reddit_t1_mxw5fwi,train,keep,True
twitter_2060128910751187135,train,keep,False
reddit_t1_mwmeaau,train,keep,True
bluesky_2fe2504f4e7b741e4aeae3cefa5ed82d619e14d1cde8181ac3e3a64f07f656e8,train,keep,True
reddit_t1_mt9y1ae,train,keep,False
reddit_t1_mwi99bi,train,keep,True
bluesky_cbc5d5a8c6bc5242b43e56a4ea5e0f2016c7d9ac0a1ff4806b7df45bd730089a,train,keep,False
reddit_1tws6al_opquwlu,train,keep,False
reddit_1lm66nu_n0d643x,train,keep,False
reddit_1tbymrb_olmq852,train,keep,False
reddit_1ti5ovh_omytnec,train,keep,True
reddit_1t7hgak_okr2v16,train,keep,False
reddit_t1_mz2x5mm,train,keep,False
bluesky_17e013d78fcdc87811e9b9c724ae84037e91406ccb168aabd442734e30845802,train,keep,False
reddit_t1_mx8qmwh,train,keep,True
reddit_t1_mque2aq,train,keep,True
reddit_1s5k3k3_odb45gn,train,keep,False
reddit_t1_muoptyj,train,keep,False
reddit_t1_mupoyik,train,keep,False
reddit_t1_mtml9el,train,keep,False
reddit_t1_mq0y79q,train,keep,False
reddit_t1_mwqarz2,train,keep,False
reddit_1tnf5qd_onu9xj7,train,keep,True
reddit_t1_mxseyiy,train,keep,False
reddit_1l6lcip_mwpvepa,train,keep,False
reddit_1te9myt_om0woz9,train,keep,False
twitter_2060839810546143572,train,keep,True
reddit_t1_mrrtdhq,train,keep,False
reddit_1tn4kot_ooe5uyz,train,keep,False
bluesky_b013db1e0819daaa4e89a269e47e9fc41161d4e10266e0b93483b31d1e77d005,train,keep,False
reddit_t1_mtaik94,train,keep,True
twitter_2060263506025369857,train,keep,False
reddit_t1_mwuie9d,train,keep,True
bluesky_c7c0127624dba8b7f182bd94b38fe52eeb97aa36bb4c56dbf054566a6bfccf75,train,keep,False
bluesky_2c9344b5963913ee185924eb10f472555ac53d829ae92536f88c563475638573,train,keep,False
reddit_t1_mz61xva,train,keep,True
reddit_1tsptkj_ooy8va3,train,keep,False
reddit_t1_mrjdcer,train,keep,False
bluesky_6f274933c400a2eaebd6aeaf8898a1e10b39457f5119b2f1ab47d56e3c81584f,train,keep,False
reddit_1u18ir0_oqp04n1,train,keep,False
bluesky_2f7301e79c8c121c78f00411c4047afc381df82aee30cb83ebe111e7fc0f176b,train,keep,True
bluesky_26bfc64cec4d9a8fb93b5af3f01c42dd26bed2e4dcb45aa987f08f5c7bd628a8,train,keep,False
reddit_t1_mz50wjv,train,keep,False
reddit_t1_mua3v2h,train,keep,False
twitter_2061059269089227167,train,keep,False
reddit_t1_mr09nlk,train,keep,True
reddit_t1_mzi2s9c,train,keep,True
bluesky_77c9449ead77afc22184b7db643e6cadd26a04bef676f785e26f114013e57854,train,keep,True
bluesky_e336fd081ea99d9be720cced96722e4dfd4c76a8ac97abd70ff1c223958d2ee9,train,keep,False
bluesky_8ea55b05c0630b63855ee96a434d429cdf4b217f1b628a383f2dce0274bd1f88,train,keep,True
bluesky_38d4b201cb08181d445c59a4b3a544f70470e32c1d8ef5d1f9241c1f24f2cef6,train,keep,False
reddit_t1_mzu7wfq,train,keep,False
reddit_t1_n03d6hu,train,keep,False
reddit_t1_muwapan,train,keep,False
reddit_t1_mwrgzgf,train,keep,False
reddit_t1_mv3u97b,train,keep,False
reddit_t1_my4qtn5,train,keep,False
bluesky_7a88748aceafcbdf9fcfafea278c1ebdbebebd12bbfbd5137a44d304fc29b629,train,keep,False
twitter_2061463002042232917,train,keep,False
reddit_t1_ms3hkfq,train,keep,False
reddit_1tebxa3_om2l7lf,train,keep,True
reddit_1txi7g6_opwrqme,train,keep,False
reddit_t1_mwoj2tp,train,keep,True
reddit_t1_mwo8vij,train,keep,True
reddit_1lcw71b_my3stt6,train,keep,False
reddit_t1_mzwin1o,train,keep,False
reddit_t1_mt2r1nj,train,keep,True
reddit_t1_mwk5281,train,keep,True
reddit_t1_my1wmz1,train,keep,True
reddit_1t9du8y_ol4k4rl,train,keep,False
reddit_1ktin55_mv4rd2u,train,keep,False
reddit_1tql6ez_oojaowy,train,keep,False
reddit_t1_mzl18z9,train,keep,True
twitter_2059351148222468405,train,keep,True
twitter_2061757161567326692,train,keep,True
twitter_2059286150871761331,train,keep,True
bluesky_14ad874e325c5a89c5216dba31dcd6f7a9f907518a4d0165173b3be22a8a18bb,train,keep,False
bluesky_112fea1b3b4a94017d436f80e510c30c2554f145bf6dc3f33ac20cda7c71aeb0,train,keep,True
bluesky_c8e3e0e0114f041b748534e094e1df26e1ce1ffad49d004921728d8d3729f352,train,keep,False
bluesky_47402ec170a3cbf2f590a062876cc6a7e1448bd84d99993b60d87139a3caa0a4,train,keep,True
reddit_1tw3aly_opmebns,train,keep,True
reddit_t1_mz5mexl,train,keep,False
reddit_t1_mz69bfm,train,keep,False
reddit_t1_mw6tzbv,train,keep,True
reddit_t1_mwzk8ne,train,keep,True
reddit_1kisfrq_mrjxs61,train,keep,False
reddit_1tnmoob_onvnypi,train,keep,True
reddit_t1_mzizqtx,train,keep,False
reddit_1tswg2c_ooy4ggg,train,keep,False
reddit_1thqwmy_omqkvk6,train,keep,False
reddit_1tadlic_ol94tv7,train,keep,False
reddit_t1_mxdieps,train,keep,False
reddit_t1_mzmr1rz,train,keep,False
reddit_1t7d5jc_oktg4ot,train,keep,True
bluesky_844f9dd3628653bc7a476e715c38b4fd8c6d021282b86546b63d43a768ef5e4e,train,keep,True
reddit_t1_mz65ke2,train,keep,False
reddit_t1_mt09m0a,train,keep,True
reddit_t1_muva5lm,train,keep,False
bluesky_649bef37b172d87c5ffb6ad5e33d41ae31cfb9a9e1a2e3ab8c7cffd9461325d8,train,keep,False
reddit_t1_n060k87,train,keep,True
reddit_1kktl65_mrycg5d,train,keep,False
twitter_2094144147921723727,train,keep,False
reddit_t1_mqba7lb,train,keep,False
bluesky_ea856a11b257ee65b1872962ab42132588ab1c177c940bad567f5430dfc8d1a9,train,keep,False
reddit_t1_mpxrk8q,train,keep,False
reddit_t1_mz4zb1e,train,keep,False
reddit_1u0oc51_oqnbo3w,train,keep,True
reddit_1tsydyo_op75ktb,train,keep,False
bluesky_c466b08e1305411d4635088cbbed3a2f063b04df4536d3630cdf6eec2aca4564,train,keep,False
reddit_1tbzoap_ollm22g,train,keep,False
reddit_t1_mzv7jx5,train,keep,False
reddit_t1_myflnzo,train,keep,True
reddit_t1_ms0pt5d,train,keep,False
reddit_1t54vlp_okg545t,train,keep,True
twitter_2059428009430434290,train,keep,False
twitter_2061795440342012025,train,keep,False
reddit_t1_muzhqs4,train,keep,False
reddit_t1_mtjnvbu,train,keep,True
bluesky_57c953bfe24eab42b370e78ef44738f7233ad7f36998c93aab4d935acaf92d43,train,keep,False
reddit_1u0y79a_oqqz10e,train,keep,False
reddit_1tklc7j_on9smih,train,keep,False
bluesky_daf00ce273c8cb2cd3aa71906200cf89c40ae246304a3e6332a3f99fcb85670c,train,keep,True
twitter_2061418721122427226,train,keep,False
reddit_1td4d2o_om1dqmn,train,keep,True
reddit_1tff3ix_omc7t6q,train,keep,True
reddit_t1_mtd3ubj,train,keep,False
bluesky_f38af56170d7dc423b7f84cd656a3b03f7489d73066f043375f6b5d86a28741f,train,keep,True
reddit_t1_mqniasb,train,keep,False
reddit_1tsr4st_ooxtquc,train,keep,False
reddit_1tqhy93_oogn8ii,train,keep,False
bluesky_4ee99fc2c449c94f5a9e3ce59a4b5a2fff782292a565de9c741c2f321839094f,train,keep,False
reddit_t1_mrixnkv,train,keep,False
reddit_t1_mwe26am,train,keep,True
twitter_2095559552829665584,train,keep,True
twitter_2060755574401405025,train,keep,False
bluesky_bb57725253ce3dd11a4564ce94af63a5a5e342e09aa9ea7a7186bc6184a3696e,train,keep,True
reddit_t1_mxi33sh,train,keep,False
reddit_1tshfyq_oovh0mi,train,keep,False
bluesky_fa4d97b300297dc11e3bc74f40f994fa9b8e1932999d8f60e024db19d8a8f598,train,keep,False
reddit_t1_mya6vba,train,keep,True
bluesky_669624b92f849f788ff5937c9140188e17585ab1c6adc8eaacc110ddf33693d5,train,keep,False
reddit_t1_mwyrla7,train,keep,True
reddit_t1_n0m6t6s,train,keep,False
reddit_1u31653_or4boss,train,keep,True
twitter_2061733184069566777,train,keep,True
bluesky_2ecf8173af6bf29b5b3f6ea05d565136be34985ecc65d35b5c08b130712d4779,train,keep,False
reddit_t1_mrjzeng,train,keep,False
reddit_t1_mqu9frw,train,keep,False
reddit_t1_mtof5m8,train,keep,False
bluesky_6354ae7bed8c91bb6e8e0bd7a5d8abaf0470437b0990a170376757b303c680a4,train,keep,True
bluesky_0a8d1c9810a1af0a938d7d032aeea6f4b76237a8697202653a500bd1a8669c6f,train,keep,True
reddit_1tp5g11_oo9joxr,train,keep,True
bluesky_5554dcd26d6889e19d5976d5067bbea7b8dc85147c117a87fb4cf262177b2bdb,train,keep,False
bluesky_ed4e6b2ebc2d0175171c6e1d3ed54dccc405e18fc6b505ed478ce2b36d90ea6d,train,keep,False
bluesky_9e65994e24cdb48b80f16d030309352d6ffc2ed47b54f07a3222ac1be7215fd5,train,keep,False
bluesky_af2c71f9739d926b03ced4c3db32dae3450d5a441c2e0a7b99f65b28b141310c,train,keep,False
reddit_t1_mzs809a,train,keep,False
twitter_2061811310220963917,train,keep,True
twitter_2060751131874111722,train,keep,True
reddit_t1_mt13bj4,train,keep,False
twitter_2096663026254668262,train,keep,True
reddit_1u0d0s5_oqiefjn,train,keep,False
bluesky_0f3cb6788dd7e1cd4b02f011ce41fcadbf8bb96392f51b1d0899fdf6e479b09c,train,keep,True
twitter_2061348869737214394,train,keep,False
twitter_2061539702881079788,train,keep,False
reddit_1txrvp0_opzlg8h,train,keep,False
bluesky_a13108323056623b82d99545d5e4e91bc1ac8fd3d0bc2e8c09d7b97ad5ebaf2d,train,keep,False
reddit_1tqyx7p_oomdv2w,train,keep,False
reddit_t1_mtuelym,train,keep,False
bluesky_b4d01acffeb285a5991765247c30450cbe009491eac06f2421e30436270fe339,train,keep,True
twitter_2060476057283912037,train,keep,True
bluesky_5bf508695d517bed30751c3b8676893ff253f624851b64a13b863508438d34aa,train,keep,False
reddit_1u24ryn_oqw96p0,train,keep,False
twitter_2059786328783368491,train,keep,False
bluesky_a130569162aa4cd91caeedccd763bcae2b0d8fe84f7639220fe6d0ebdf910e2c,train,keep,False
twitter_2061756060029821083,train,keep,False
reddit_t1_mx9ti9t,train,keep,False
reddit_t1_mv305yv,train,keep,False
reddit_t1_msykfta,train,keep,False
reddit_t1_mszhbrd,train,keep,False
reddit_1t7hgak_okul9as,train,keep,False
reddit_t1_mwfs5qs,train,keep,False
bluesky_4d3a8081d077f4e9863cf237ac83291486ef51c0a86772813f3749b80db846ef,train,keep,False
reddit_t1_mw5amc3,train,keep,False
reddit_1lhaiqa_mz2seaw,train,keep,False
reddit_1kiokjw_mrgv1py,train,keep,False
reddit_t1_mxvwgae,train,keep,False
reddit_t1_muxhmlq,train,keep,False
bluesky_e3a27f7d4e5a9aab34be28e5f96c1ab5f456fdbb61b82b117a479426f41b9ade,train,keep,False
twitter_2061827364208722044,train,keep,False
reddit_t1_mz3sryq,train,keep,True
reddit_t1_mtu8pqs,train,keep,True
reddit_t1_mwcau4k,train,keep,True
reddit_1tki53j_on9j9zl,train,keep,False
reddit_t1_mw80la5,train,keep,False
reddit_t1_mts9s19,train,keep,True
reddit_t1_mx3ozm0,train,keep,False
reddit_t1_ms5wqay,train,keep,True
twitter_2061195333623783508,train,keep,True
bluesky_30e2a440250d0facdcd6cf447be2a25b6c43025b94bc4efffa64deb936fad274,train,keep,True
twitter_2060024663548248196,train,keep,False
reddit_t1_mx2wgrw,train,keep,False
reddit_1t7hgak_okpi6xx,train,keep,False
bluesky_9d93c00cc0b47fcf4969cf57b344f218f44a89e3a3cc94ac328dc396653a3af3,train,keep,False
twitter_2061817922339664196,train,keep,True
bluesky_ecdad0147f04141f5d86677cf9522debd61ed2430460ab185ad9593f6f32a82b,train,keep,False
reddit_1tnobm9_oo2ntej,train,keep,False
reddit_t1_msi6pvh,train,keep,False
reddit_t1_mwkdgtz,train,keep,True
twitter_2060152647316046032,train,keep,False
twitter_2096448302958919759,train,keep,False
reddit_1tv1z4j_opfjja9,train,keep,False
reddit_t1_mr28hxc,train,keep,False
reddit_t1_mt9yb2q,train,keep,False
reddit_t1_mz8ol19,train,keep,False
reddit_t1_mugg7gq,train,keep,True
reddit_t1_mwkecav,train,keep,True
twitter_2059304010339795268,train,keep,False
reddit_t1_mw1w1mu,train,keep,False
twitter_2061773885431837183,train,keep,False
reddit_t1_my7i0l8,train,keep,False
reddit_t1_mtuljsq,train,keep,True
reddit_1txopv4_opyut9g,train,keep,True
reddit_t1_mxzbo17,train,keep,False
reddit_t1_myxbp54,train,keep,False
bluesky_c9e56f44d51e2f65cd1023f50eb6bb80ff79ce3b0f419927c8042ff5839729ae,train,keep,False
reddit_1u1fnvf_oqrhwed,train,keep,False
reddit_t1_mqst75u,train,keep,False
bluesky_b5b70a82fb2cf48c43e01edcdc8ed774542de11bfd2115db1c74149b749fc42a,train,keep,False
bluesky_2bbf4f11e5fed2b28fc6b7b56aea0495422fb6627f9f3337c6267eb1b4500cc4,train,keep,True
reddit_1tsurmm_oozl3w2,train,keep,False
twitter_2061365211441795130,train,keep,True
bluesky_d3614b378656ddbb144fae253babf994b449ddc970e73a854a9b6876d2c95b5b,train,keep,False
reddit_t1_my0ypz5,train,keep,False
bluesky_6e7366da93c48a381c2ad6df044dd035bfc026e47c64bd56f3481e4cced7ee16,train,keep,False
twitter_2060712444729708837,train,keep,True
bluesky_952fd14cb8927a4173c0b68203162b6f2278bdbd3ac52fda6f293912c1b55c49,train,keep,False
bluesky_9fb2d7f2d0c27996236465e772c59b2db4cd258d1e6fa0c86c796dae3769249b,train,keep,False
reddit_t1_musva16,train,keep,False
reddit_t1_mto1gcw,train,keep,False
reddit_1kfohcu_mqts7eb,train,keep,False
twitter_2061234298741490159,train,keep,False
reddit_1u31653_or1p4j4,train,keep,False
twitter_2060376366227583387,train,keep,True
reddit_t1_mqw16qf,train,keep,False
reddit_t1_mtph5u8,train,keep,True
bluesky_08d0dea689e8c6205a07d085ad84c194792442400ee49166f0957c0a8008b1a6,train,keep,True
bluesky_fc74f1f7945d267e51225db998c1bcfb80c68e42ead0328b53500f5c158a71a0,train,keep,True
reddit_t1_mr91sh3,train,keep,True
twitter_2061527118505501053,train,keep,True
reddit_1tw739j_opn6869,train,keep,False
reddit_t1_mxjae1t,train,keep,True
twitter_2061171437612773505,train,keep,False
reddit_1tswg2c_ooycf4b,train,keep,True
bluesky_31d21d2ad0abaccfd4d3f454050a7dd1225a7d68fec373ecfa8f56f8a5aa1599,train,keep,True
bluesky_2183f91ccc45123a241f9bfa022b0c120fa3aad2eb746de5c3bf5be9c0431c49,train,keep,True
reddit_t1_mt4rdjg,train,keep,False
twitter_2061764769179181336,train,keep,True
reddit_1t7hgak_okqv3jk,train,keep,False
bluesky_661b157e5a8fc3acc0702f83a1aa7bbd326a22e326e11c9033a194aa4458f56d,train,keep,True
bluesky_b99ff5d411a4b74e67ef1ad9400df433baec65b477fdf315ed70207fedf38fd2,train,keep,True
twitter_2060722144502329402,train,keep,True
bluesky_0eae2be986204ebacfbf9ffed6f8a4b0d0d145b944049c41521d07266b0738e5,train,keep,False
reddit_t1_msdot3e,train,keep,False
bluesky_4ca8ea4e943801efec709e07bde053d2f22a2ae4b43e8753c7a795c47b5c1369,train,keep,False
reddit_t1_mtv7wvu,train,keep,True
reddit_t1_myhwvbb,train,keep,False
reddit_t1_mq8401v,train,keep,True
reddit_1tt18h4_op00nac,train,keep,False
reddit_t1_mtdmucv,train,keep,False
twitter_2061790636852817996,train,keep,True
reddit_t1_ms394pm,train,keep,True
reddit_t1_mwksvgx,train,keep,True
reddit_t1_msnva1p,train,keep,True
bluesky_4a27700c790a7dcc514acb0881941a5f6b1fef0c1615081dee5e22c2ae77df9e,train,keep,True
twitter_2061149964529508688,train,keep,False
twitter_2061208445051711640,train,keep,True
reddit_t1_msrl4xj,train,keep,False
reddit_1tqhy93_ooia8rc,train,keep,False
reddit_t1_myd4vtb,train,keep,True
twitter_2061090783814435132,train,keep,True
twitter_2061804475614900392,train,keep,True
reddit_1tt6o9m_op0ildf,train,keep,False
bluesky_9346371ac6edd9d7fb944faf49f9c002ffa81e35ea623cff7e219f9addb93116,train,keep,False
bluesky_e9d5a1f743369bf9399c46845a023645620e096129afad903a157aed38f9096a,train,keep,True
reddit_1ttx203_op5upai,train,keep,True
reddit_t1_mzjgruz,train,keep,False
reddit_t1_mwmdnan,train,keep,True
reddit_t1_mq6mx33,train,keep,False
twitter_2061183455501623763,train,keep,False
reddit_t1_mx8dce7,train,keep,False
reddit_t1_mz4dbbo,train,keep,True
reddit_1ttcu5f_op6b9dg,train,keep,False
reddit_1tz96fb_oqarwzp,train,keep,False
twitter_2061798878966333475,train,keep,True
reddit_t1_mz2lqka,train,keep,False
reddit_t1_mz3776x,train,keep,False
reddit_t1_mq0r92k,train,keep,False
reddit_1kgi6mu_mqzhjag,train,keep,False
bluesky_81f239a8ca5583bd8412a1855ded20bb5ff9d890c8aab9213cdbebbefa81a3c3,train,keep,False
reddit_1ttadso_op1ugd7,train,keep,False
twitter_2061804525971755117,train,keep,False
bluesky_59ee01bc7a29976132d560c2aa4911583b6b216ba3e08f05e4ad47b44395a253,train,keep,False
twitter_2061108655496302917,train,keep,True
reddit_t1_mzvffhp,train,keep,False
bluesky_00c4b89e63c0f977fd82bb8d71668820ec65111222b99d2429cfb18985e19917,train,keep,False
reddit_t1_myfzxns,train,keep,True
twitter_2061201045942903257,train,keep,False
bluesky_f29ba2edf900207741914ec6fc80de7b1e0fa66856a572269864dcddd540d06b,train,keep,False
reddit_1t24efy_ojl7su6,train,keep,False
reddit_t1_myor6zc,train,keep,True
twitter_2061455606419243366,train,keep,False
bluesky_9e1b0c1e10d8361e0166ffa60acb9c1af4ea82d905c974fa20a8b875f8bcf407,train,keep,False
reddit_t1_mqxhtsq,train,keep,True
reddit_t1_my3h0i8,train,keep,False
reddit_t1_n0m37ls,train,keep,False
reddit_1u08bq4_oqh98ow,train,keep,False
reddit_1kiv79p_mrio4f5,train,keep,False
bluesky_559d7ddaf59b04b638b2597fbbec95d2399381a379d241ed4a61a8bd0832fbfc,train,keep,False
reddit_1sb34fn_oe3gowj,train,keep,False
reddit_t1_mx431nt,train,keep,True
reddit_1tq6vyl_oof0uce,train,keep,True
reddit_t1_mxxp1d1,train,keep,True
reddit_t1_mufoqn0,train,keep,False
reddit_t1_mt0poat,train,keep,True
bluesky_ea91dad91feb227741ec0eff236805b7e36f99773b8001eaadc18054c4a16225,train,keep,False
reddit_1tu7mub_opbvykc,train,keep,False
bluesky_0ab650bf48e204b01521b3c6b59b38cf92f961811bad893af1071219147d4bfb,train,keep,False
reddit_1kx0px1_muly267,train,keep,False
twitter_2060674825019158782,train,keep,False
reddit_t1_mtvfgtl,train,keep,True
reddit_t1_mqb6gto,train,keep,False
twitter_2060864102231343391,train,keep,False
reddit_t1_mvsk7sp,train,keep,False
bluesky_ba45a69ced90c012ff9d63508ad378f0dbe6e54607440e5f7505263564267471,train,keep,False
reddit_1tygt1d_oq62f50,train,keep,False
bluesky_43e67c6a7f8bc1d0363f5d1698ba26b8f6f2ae4e4d43b01db4bddfffe2149f9d,train,keep,True
reddit_t1_mw79dcn,train,keep,True
reddit_t1_mrlfsqy,train,keep,True
bluesky_84d8dce53330336d00d94e03133ecb95326e37d51556d165bf40b0daa6eb6add,train,keep,False
twitter_2061796697735389313,train,keep,False
twitter_2060043335423963536,train,keep,False
reddit_t1_mrqmlq3,train,keep,False
reddit_t1_mz2x3w8,train,keep,False
reddit_1tinwu1_omyshx9,train,keep,False
reddit_t1_mqy0nty,train,keep,True
reddit_t1_n0909se,train,keep,False
reddit_t1_mtggak5,train,keep,False
reddit_t1_mxa3xbw,train,keep,False
reddit_t1_mx7jhyv,train,keep,False
reddit_1tyo9kl_oq61rad,train,keep,False
bluesky_17bae65dd19a3b9a4e7bd8954885f0bdc64431b6a348917f2bec6df7c096a50f,train,keep,False
reddit_1tgxg10_omnc9wg,train,keep,True
reddit_1tw6zcr_opodhna,train,keep,False
bluesky_5f0fc7b21b3ee7bf3a36f7b938615da6fbc56e3122b18ce017e85a26b0643c86,train,keep,False
twitter_2061688544054137026,train,keep,False
bluesky_20b98922d2158801409b2d1fff9f894010462b3d869d9e7ac265856fc9a02d86,train,keep,False
twitter_2061233707084886408,train,keep,True
reddit_1tzdiak_oqakka0,train,keep,True
reddit_t1_mzv12i6,train,keep,False
reddit_t1_mzeu8el,train,keep,False
reddit_t1_mwc5686,train,keep,False
reddit_t1_mzteh0y,train,keep,False
reddit_1ttadso_op2aby9,train,keep,False
reddit_t1_my38ng5,train,keep,False
reddit_t1_msum9c0,train,keep,False
twitter_2059626257784930414,train,keep,False
reddit_t1_my329ge,train,keep,False
twitter_2059533616204460109,train,keep,False
bluesky_cd02b1b74c038bb4f89ab3a61bb157e15a271ec42035ea585c5fda6b3056e71e,train,keep,False
reddit_t1_msurr7q,train,keep,False
twitter_2061553429034467653,train,keep,True
reddit_t1_mqd17sg,train,keep,False
bluesky_eaf1367e7feaa26b86f6a0829e7f1374677ac4eeee30caf64a07dd8e8ee54b6f,train,keep,False
reddit_1kr6c12_mtc0xcr,train,keep,False
bluesky_fbf3b64115a1220f88bdfd322262477fe416d12516c98e1bca35cb7fc705ae57,train,keep,True
reddit_t1_my4im4s,train,keep,False
reddit_t1_msf9kml,train,keep,True
bluesky_6e3dd06ae399fce9b71b526ad72ff1d194f10085bc419e271be5a43c1c6226bb,train,keep,False
reddit_t1_mqo1kxk,train,keep,False
twitter_2061819513562149301,train,keep,False
bluesky_b6e7ffb46c77bfc372df5f65f1f544edeebfa926da5daa6efeb5ff673c90f106,train,keep,False
reddit_1tiu061_omxubjx,train,keep,True
twitter_2061827437038854398,train,keep,False
twitter_2059298963585474990,train,keep,True
bluesky_bc9b240fa32a22a7e0b060a7cb7b0942783b6d9ad3d6f396c95c7aa17b24da68,train,keep,False
reddit_t1_mux1rle,train,keep,True
twitter_2060735505306652712,train,keep,False
reddit_t1_n0dl8fy,train,keep,True
reddit_t1_mw1j79o,train,keep,False
reddit_t1_mti1lne,train,keep,False
reddit_t1_mvhihgc,train,keep,False
reddit_t1_mywddui,train,keep,False
reddit_1lnky8r_n0iggea,train,keep,False
twitter_2061732457159049709,train,keep,True
bluesky_e60e31821fdbb9faf32e94bbc3ee395af531081acc523ff45a6a9b8788672396,train,keep,True
bluesky_3af7be3366c75167e40148bebce8dfea11de28775af92b45fba71ae5bc078037,train,keep,True
reddit_t1_mzqorz3,train,keep,False
twitter_2061826374000578756,train,keep,False
reddit_t1_msiklp3,train,keep,False
reddit_1trbfkm_oomw4kn,train,keep,False
twitter_2061689010368421905,train,keep,True
bluesky_12b6243f325110d29f0a752d8845eb9e9c7f8d2d976fcda12d5897681b9dd78a,train,keep,False
reddit_t1_n0gszc5,train,keep,False
reddit_t1_mwxvy0k,train,keep,True
reddit_1tfkp9u_omao249,train,keep,False
reddit_t1_mznigcm,train,keep,False
reddit_t1_mwjfihl,train,keep,False
twitter_2060010755500720487,train,keep,False
reddit_1txsm52_oqely2j,train,keep,False
reddit_1t54vlp_ok8gay6,train,keep,False
twitter_2060841923938574355,train,keep,False
reddit_1tsvrr2_oozyycq,train,keep,False
twitter_2096516199295168950,train,keep,False
reddit_t1_mzdp083,train,keep,False
reddit_1tvll8k_opik33y,train,keep,True
reddit_t1_ms0akty,train,keep,False
twitter_2061064441366716419,train,keep,False
reddit_1u05n1d_oqg7dej,train,keep,False
reddit_t1_mvfjddc,train,keep,True
bluesky_af7dc886419d9250e5f29bb3f4ababc12611dcc056a37b1640a754659e62e5c4,train,keep,False
twitter_2060435780447633608,train,keep,True
twitter_2061052327822569537,train,keep,False
twitter_2061702350348472655,train,keep,True
reddit_1tsv1fn_oozrfyb,train,keep,True
reddit_t1_myv3g4a,train,keep,False
reddit_1tuue1j_opchx64,train,keep,True
twitter_2059726613839827146,train,keep,False
reddit_1tby132_oln2mqn,train,keep,False
reddit_t1_mx4b5f8,train,keep,False
twitter_2061491430716219660,train,keep,False
bluesky_dec40cb20d8b9e54511b0d30aa9e81f86ebcf7e6eb234b9b468fed545c7b9503,train,keep,True
reddit_t1_mr1kiax,train,keep,False
reddit_t1_n0o2r4a,train,keep,False
reddit_t1_mqrlr0q,train,keep,False
bluesky_33397a112d298f135fa818f891533170194f37e6d13cb64550df35cdcb41080f,train,keep,False
bluesky_468bdc88b8e661b704c481535d5eedda6c38daa104d917d1af7ca31b5f91a53e,train,keep,False
bluesky_c762acfab193df70be783d90ab9295f28737fba738abefbbbf62b968956e5f28,train,keep,True
bluesky_3fe303d949288fdde27908728f857c405291f08f11d541b43df66e02fd74705f,train,keep,True
reddit_t1_mtp42kx,train,keep,False
bluesky_4c456a29e26ec5c4b5068ff667e38af21efeed465686406d3d9b183609e6bfe9,train,keep,False
reddit_1tqhy93_ook38k6,train,keep,False
reddit_t1_ms9q0po,train,keep,False
bluesky_13d63dcff79c8728aa3326c25c8eef13c1faedd2222cfdd7fedc7bd380c059a6,train,keep,False
reddit_t1_mzfb0dt,train,keep,False
reddit_1tkt34z_onbc0k9,train,keep,False
reddit_t1_mq8o8e4,train,keep,False
reddit_t1_mwov8li,train,keep,False
bluesky_b4b1da7d7f2325a466e695368dc88c2658dd026585cae36b9fe3e04a90d9c4a9,train,keep,False
twitter_2061787995070472322,train,keep,True
reddit_t1_mtbmhk9,train,keep,False
reddit_t1_mty99dy,train,keep,False
reddit_1u0gjyt_oqjbgbx,train,keep,False
reddit_1u1c4u6_oqp5hry,train,keep,True
reddit_t1_mwcwdyk,train,keep,False
reddit_1tqcf7r_oofs21n,train,keep,False
reddit_t1_mr07h3l,train,keep,False
reddit_t1_mt44ljb,train,keep,False
reddit_t1_mxd8els,train,keep,False
twitter_2061786721885258075,train,keep,True
bluesky_7269196fe663b3a2c5a3ed32fc70a63c42e63af0b0c945cf6b168f30f450b654,train,keep,True
twitter_2060372655111348336,train,keep,True
bluesky_dcaf56502a5ba6c609c804d2cd3613d87c018879837e9aa5852b7c74d5492628,train,keep,True
reddit_t1_myim0ns,train,keep,True
reddit_t1_mrncd2s,train,keep,True
reddit_t1_n0d2ina,train,keep,False
reddit_t1_mql1dz1,train,keep,False
reddit_1lagqz0_mxm35vt,train,keep,False
reddit_t1_mv71x6c,train,keep,False
bluesky_4fb0c96d1de4ad659c96e05dfb80972d5d3f36a79d59d854cb02328348756677,train,keep,True
reddit_1t1zmb4_ojkfjhw,train,keep,True
bluesky_1ef9070972ad06f12fffa0738a7add374845da40669fc9572e1f88437795fe9f,train,keep,True
bluesky_4d825fe1d2e09201614758ffee9ecb003f4633c5c56beddeb597ed29903510be,train,keep,True
reddit_1th143w_omkq5tt,train,keep,True
reddit_1txxvde_oq4nn3x,train,keep,False
reddit_1tvyk2a_opmlwkz,train,keep,False
bluesky_13a101ca963dc43eb960249cbbf86f518084ba207196b4a0b38d85c03315b5d7,train,keep,True
bluesky_a70b4ff0edeada2e8430886fb27bdbbb1abbcec8ee515382c142e6af38d3d47d,train,keep,False
bluesky_489712716b87486e282281ceda55040762a090bdd6985a2257365aae230ebdf5,train,keep,False
reddit_t1_n09cnns,train,keep,False
bluesky_32e0aaf04d60c87a5af0838e22c34bf22aa6614ce54ea2016d71da43422b5b1d,train,keep,False
bluesky_796022d813144cdd30021a1b752c843ab014385aa50a853485712b94ce73aeca,train,keep,False
reddit_t1_msj0bcn,train,keep,False
reddit_1l9kcqg_mxd9p9a,train,keep,False
reddit_t1_mtfsih8,train,keep,False
bluesky_5a3931d53d1feb15b5067b9faddea3d3f8109b8a366fc30a6ba4354a8ee1e654,train,keep,True
reddit_1kjctlt_mrqkwfl,train,keep,False
reddit_t1_mufzxtd,train,keep,False
reddit_1txsumx_oq0j89q,train,keep,False
reddit_t1_mzqrfo8,train,keep,False
bluesky_3086120f7f90e717426101939d3bb29bddb9462d480bdcb8c6633b8687527283,train,keep,False
twitter_2059897049600942169,train,keep,True
reddit_t1_mu215ds,train,keep,False
reddit_t1_mvre8zp,train,keep,False
reddit_t1_my2sylr,train,keep,False
bluesky_9d2564c6561d2a97bc994471e31024c670844a1e2c205573d9f2b366f70ef122,train,keep,False
reddit_t1_mwvar0v,train,keep,False
bluesky_b967634a8ea9e4b382b3a30993fccd4c09962c3c02cc1f3b2241fe8fca5793b9,train,keep,False
reddit_1u0ffqm_oqjwix2,train,keep,False
twitter_2060076222646796400,train,keep,True
bluesky_d5dcb0907e8347b4b7946fabed76bdeff641906d8e36d8c716990d750b7995da,train,keep,True
reddit_t1_mqxag6o,train,keep,False
bluesky_270f1f6ef12c36a87c82ca084d4b67791e8ec813e8f84cdfd7320f72ee375e56,train,keep,True
reddit_1twc1po_opucmp7,train,keep,False
reddit_1tsj7e8_ooxdvzj,train,keep,False
reddit_1ktzjih_mu2gk5r,train,keep,False
reddit_t1_mq9hzbs,train,keep,False
reddit_1tbl0de_olk98kt,train,keep,True
reddit_1tstwrk_ooxm6g6,train,keep,False
bluesky_3155e2d9a7880a51b013a7747f6d85b5ccbd8319aa24e6c5061704d450feab54,train,keep,False
reddit_t1_mxdzpbf,train,keep,False
reddit_t1_mtwjer6,train,keep,True
twitter_2061217150946197977,train,keep,True
twitter_2060047624443744499,train,keep,False
reddit_1tu7mub_op8fgj4,train,keep,False
reddit_1u0gyo8_oqmycyf,train,keep,False
bluesky_f9448063d5182b995e1802b44d107dac74e099be82770d8eba2d8d6bf6e2e3c7,train,keep,True
reddit_t1_mssq3aw,train,keep,False
reddit_t1_mz5avi2,train,keep,False
bluesky_fd46a96151ae2e24ed3c8058cfdb4b3e0a421ef54baf5eb78985cdfae949a0be,train,keep,True
bluesky_8993d44f7c8ff7c9450767c4eb3fc0eed69d38df865e8072ec9c462900e23595,train,keep,False
bluesky_781b46ad42dba584049ecd249d451764ff014aae144bebd22737861f73931bfe,train,keep,False
reddit_t1_mz3e1x2,train,keep,False
reddit_1tutxzr_opc1j4f,train,keep,False
reddit_t1_mz3mq0z,train,keep,False
reddit_1lhbeoa_mz2t77h,train,keep,False
bluesky_3ef86e034fc3ae983cb6fa532bb0f20b07f51a0e34903583d3c50c25f5fd426e,train,keep,False
bluesky_258b605811d90a76c2053764e4beffcb5227852e362da19cc0d89fcdfcb661ad,train,keep,False
reddit_1txxvde_oq16lvy,train,keep,True
twitter_2060756377371340899,train,keep,True
bluesky_8cb18acf38851d3896ecb67c2ca5d7384008be77c9b833bfe9a699c921f1ca12,train,keep,True
bluesky_a5949c6e0096e289afe197bd79e721364482e1ac76cfc52e8295b7010a3b5aa9,train,keep,False
reddit_t1_mq0jqbh,train,keep,False
bluesky_5eba4e250bdf3ae6f1c06086ad4ae14aadad1172e98ecd7a0979ec3f5cc78937,train,keep,False
reddit_t1_mqt05o1,train,keep,False
bluesky_c69e2acad4ad6e12132c00853e2a3035a5b02fd76e885a7470aea84b3e5f82f0,train,keep,False
bluesky_3f3d13968e65978743b829f6e7758f64be8085c5ba5b4c19dff0692beaeadb4c,train,keep,True
bluesky_0a9a4198687c3bb19d8a6ee1f0c46f3819f22f5ac754c4f5b521d0c8d09f4046,train,keep,False
reddit_t1_mrc16hp,train,keep,False
reddit_t1_mxc677r,train,keep,False
reddit_t1_mr6tk4g,train,keep,False
twitter_2061576156176916814,train,keep,True
reddit_t1_mqjeehe,train,keep,True
reddit_1tswff0_oozxzff,train,keep,True
bluesky_729956578b3bee9000a378447bfdfca8c069d914e80d3c1db3408c0f14faa2a9,train,keep,True
reddit_t1_mzf3iuc,train,keep,False
reddit_t1_my2qguo,train,keep,False
reddit_1t6g0j7_okhfz9m,train,keep,False
reddit_1u0l8qh_oqn9vy6,train,keep,False
reddit_t1_n0gcv7h,train,keep,True
reddit_t1_msy579y,train,keep,True
bluesky_3e14a42518ed7f901189b2b2b9ad70327fad59e47659308b2d0ec164dcf888d3,train,keep,True
reddit_t1_n048bzp,train,keep,False
reddit_t1_n075tvr,train,keep,True
twitter_2061813127696564491,train,keep,True
reddit_t1_mv8ctix,train,keep,False
twitter_2060000892133285999,train,keep,True
bluesky_d750a55f1844624c7ac8ea2feeba146fadcf9df835c0248311582cbe34809bdf,train,keep,False
reddit_t1_mx4s770,train,keep,False
reddit_t1_n04vq0w,train,keep,True
reddit_1lk9lo4_mzqptjn,train,keep,True
reddit_t1_mvtq975,train,keep,False
reddit_t1_mulvonu,train,keep,True
reddit_t1_mwkst6c,train,keep,False
twitter_2061235065947115724,train,keep,True
bluesky_53756ddc07343c7769280fcfc59460ecf232801142bd9f60dcc9bd90b947aa5a,train,keep,True
reddit_1ttcu5f_op7r8mn,train,keep,False
twitter_2061489029950910977,train,keep,True
reddit_t1_mrm6ocx,train,keep,True
reddit_t1_mzyg6lh,train,keep,False
twitter_2061409423998820540,train,keep,False
bluesky_44f736845be89e1e237bb1a68a6ba9394084284bbe06bc44c81394a6ab8d7bb1,train,keep,False
reddit_t1_mt1k6rp,train,keep,False
reddit_1tzdiak_oqbdlt5,train,keep,True
reddit_1tsj7e8_oow7j1w,train,keep,False
reddit_t1_mvu3e43,train,keep,True
reddit_1tupifu_opbkzkl,train,keep,False
reddit_t1_mwqkm10,train,keep,False
reddit_t1_mxn1lj9,train,keep,False
reddit_t1_mws0mc6,train,keep,True
reddit_t1_mqwp5s6,train,keep,False
reddit_1t3f5jk_ojw9i1b,train,keep,True
twitter_2061085287648760234,train,keep,True
reddit_t1_my6lt23,train,keep,False
bluesky_a425c8adfa81ed7e0d67a16813a1949ae4867da39a92dee5cc5bf43868220fea,train,keep,False
twitter_2060639642899091850,train,keep,False
reddit_1tx0jmc_opu85dx,train,keep,False
bluesky_8b28d3a1c873890f9b053a456d4cd7809fdf946b62967cddb86929b2fcbac346,train,keep,True
bluesky_bd2ac613aa5740eb906dac940fb0ef8c96ab46fb60d838a8f2785e7e6cac2966,train,keep,False
reddit_t1_mtqohqx,train,keep,False
reddit_1u18ir0_oqq5f43,train,keep,False
twitter_2061534723923718441,train,keep,False
bluesky_eebffc1f63f9307a4f4967c8a7adc3bc1284e29964081272979c6a81bbe520d7,train,keep,False
reddit_t1_n0j7wmr,train,keep,True
reddit_t1_mqdizm7,train,keep,False
bluesky_9acce1271dda765d96b2653fb8d9fb753355fce9e5c6dc42547d28018f353454,train,keep,False
reddit_t1_mto5fiz,train,keep,False
reddit_1txrvp0_opzs3nj,train,keep,True
bluesky_61d59740b51c774e838f826d27c8d70ee0894e98a8e27230447fc19292b34f51,train,keep,False
reddit_t1_n09yznr,train,keep,False
bluesky_ac443521d17cb1185a9dab37106bc837c7b4072dd9f61d8b370709804b810ab5,train,keep,False
reddit_1ld36t6_my57phr,train,keep,False
twitter_2061554111032730017,train,keep,False
reddit_t1_mynx5bi,train,keep,False
reddit_1trbmne_oompuci,train,keep,False
reddit_t1_mwda2in,train,keep,False
twitter_2097128698952458684,train,keep,False
reddit_t1_mtcd7kk,train,keep,False
bluesky_ac5abbb2c6cfe319c9d76d9c12b96e44f1efa588325e8bf167cbc0797559833d,train,keep,False
reddit_t1_mzk4603,train,keep,True
bluesky_c660a516f2da303426540981808942dc312a17412994db32ec4d598570b84f20,train,keep,True
bluesky_ac5e2efa19a1c1b4a30b2d8994f6f4116afd7389d7a820f3ea5a7a4d9f52ec42,train,keep,False
reddit_t1_mvsmqs2,train,keep,False
reddit_1tkvbmy_onfdw9t,train,keep,False
reddit_t1_mwiwzbn,train,keep,True
reddit_t1_mwsfm3e,train,keep,True
twitter_2061153970018771222,train,keep,False
reddit_1tvyw6x_opmhe21,train,keep,False
reddit_1t84e9i_okxfh8s,train,keep,False
twitter_2061504370450248175,train,keep,True
reddit_t1_n0msumn,train,keep,False
reddit_t1_mx5ij7n,train,keep,True
reddit_t1_muy7ll5,train,keep,False
twitter_2060060533668061515,train,keep,True
twitter_2061596531589787987,train,keep,False
bluesky_54f540ab6bfb5004d655451ccd346f3f2c6ba96d198378fbd7fdcf3ca7f5332a,train,keep,False
bluesky_644eda33c4557c9036d82019935a7c9f05d8302a2f2dbb2c131337b66c72d4d9,train,keep,True
reddit_t1_mrx25ib,train,keep,True
twitter_2061211979511959749,train,keep,False
bluesky_21d04737cee929d5dafb0b0bf6214daecee052f91d13f9b39a503cdf2119a512,train,keep,False
reddit_t1_mzlor6i,train,keep,True
reddit_t1_n0375ns,train,keep,False
reddit_t1_mtc79ih,train,keep,False
reddit_t1_mpxwxph,train,keep,False
bluesky_469f107d63e23d3fda750736680de1c8f5a6354d3692618093adc65fdec3bc4f,train,keep,True
reddit_1tkp9wl_onaw0v7,train,keep,False
bluesky_5afedd029701a2cfca8aaad00cb703c00e3574db5e280d6d9a76441f7a49ea3e,train,keep,True
reddit_t1_n043n79,train,keep,True
reddit_1kfgftv_mqqimbj,train,keep,False
reddit_t1_mzlx37e,train,keep,False
reddit_t1_mwpexwz,train,keep,False
reddit_t1_n0aguzu,train,keep,False
reddit_t1_mui6bux,train,keep,False
reddit_1twq42a_opv9dnq,train,keep,True
reddit_1tle5je_onfuicp,train,keep,False
reddit_t1_mwq3l3l,train,keep,True
twitter_2061801097589879266,train,keep,True
reddit_t1_mtnw55z,train,keep,True
reddit_t1_ms9n8me,train,keep,False
bluesky_14005a2e2bcdde4ab35076d9c88cdb186855030d5d86ed0386f224e2ee6a2824,train,keep,False
bluesky_4f520faaec51b9a43ab014125093828603d7a23c7903b6b4f70ed27b5598315b,train,keep,False
reddit_t1_mtucw73,train,keep,False
reddit_t1_n0gldnr,train,keep,True
reddit_1ttxj3b_op7jku3,train,keep,True
reddit_t1_mut5z61,train,keep,True
twitter_2060154712389714412,train,keep,False
reddit_t1_mzpcyaj,train,keep,False
reddit_1t54vlp_okasbyq,train,keep,True
reddit_t1_mq44h4e,train,keep,True
twitter_2060190674214076925,train,keep,True
bluesky_da1104f72c7bdc0ae816c767624defa3a997ebea22fe2901abf95822a7ec8d75,train,keep,True
twitter_2096996902625583545,train,keep,True
reddit_t1_mq1ilxi,train,keep,True
reddit_t1_msnqc3j,train,keep,False
reddit_1ts7wt8_ootm0ie,train,keep,False
reddit_1tu1v6y_op6hd7j,train,keep,False
twitter_2061789240913227927,train,keep,False
reddit_t1_mtgna9b,train,keep,False
reddit_1tz4l7k_oq9ovum,train,keep,True
reddit_1ll6sj4_n0i0bhd,train,keep,False
reddit_1u08yl1_oqgkzs9,train,keep,False
reddit_t1_mszy5i9,train,keep,False
reddit_1try6d7_oot96w0,train,keep,True
reddit_1tzmvf4_oqc9mv3,train,keep,False
reddit_1tz96fb_oqakttx,train,keep,True
bluesky_0cf4d4737b679e060532a7375455f1bf103b2ca44b28025bf77814077eba7d94,train,keep,False
reddit_t1_n0d0ad5,train,keep,True
reddit_t1_mzs159o,train,keep,False
reddit_t1_mtpen43,train,keep,False
reddit_t1_mrca5nu,train,keep,False
reddit_t1_mysxe9v,train,keep,False
reddit_t1_mwa1rza,train,keep,False
bluesky_a460bff4201df53bb1b5c3bd9ab51f22c3db0fdcffe3973fee474848980fce39,train,keep,True
reddit_t1_mz32302,train,keep,False
bluesky_8bad3e38053734cf07b29bcbfc46727bccaf2abd4ad2a0e2231c37c300bd4ef4,train,keep,False
twitter_2061824002331484488,train,keep,False
reddit_t1_mwu22uk,train,keep,False
bluesky_2d540ce22b68e864fd09138865d35515e537805f880fba6ff8990dab60dc7bef,train,keep,True
reddit_t1_mvkinhk,train,keep,False
twitter_2061761382026985658,train,keep,True
reddit_t1_n0n69ay,train,keep,True
reddit_1u0l8qh_oqs5f7t,train,keep,False
bluesky_e64c84697b80ad12ad58efb5d90fd74e9e558e13f5e34ac2df6bc6e319ec9e8e,train,keep,True
bluesky_ef6266a50ff18b9ac25a6e08083cee2a0c380b50c6940585b7856dc0cf86121e,train,keep,False
twitter_2061457072194023903,train,keep,True
twitter_2061177581995794845,train,keep,False
bluesky_27887c1c3ef4c2b0c59963c386f40f1127279768993a6456097385e0dd57b471,train,keep,True
reddit_1u0gyo8_oqigqqd,train,keep,False
reddit_1tv4g76_opfvmi7,train,keep,False
reddit_t1_mz3ucj6,train,keep,False
twitter_2060414391615393938,train,keep,True
reddit_t1_mujvqid,train,keep,True
reddit_t1_ms5einx,train,keep,False
reddit_t1_mwek4uq,train,keep,False
reddit_t1_mrbh0fc,train,keep,True
reddit_t1_mtgbdg2,train,keep,False
reddit_t1_my47tlr,train,keep,False
reddit_t1_mvsupgk,train,keep,False
reddit_1lhaiqa_mz55xaf,train,keep,False
reddit_t1_mq5glh7,train,keep,False
reddit_t1_mxcbgin,train,keep,False
bluesky_2b0519e345a3112ad17b7e8a52c85b23ef1b86e18e0f762e909bb4922cee7fcf,train,keep,True
reddit_1u18ir0_oqotneb,train,keep,False
twitter_2061477631011271090,train,keep,False
bluesky_dcfc0d8f71870f18dc62a68cea16aa71ed29a39deb247ee68d057cab322314ff,train,keep,False
reddit_t1_mxm3433,train,keep,False
twitter_2061827885996925025,train,keep,True
reddit_t1_mt9qjtn,train,keep,True
reddit_t1_mw4qj7e,train,keep,False
reddit_1kis044_mrhv1zr,train,keep,False
twitter_2061572020467352059,train,keep,False
reddit_t1_mv42r74,train,keep,False
reddit_t1_mr5bmfy,train,keep,False
reddit_t1_mrhi8lt,train,keep,False
reddit_1t7d5jc_okrqjnc,train,keep,True
reddit_1lccvte_mxzu29w,train,keep,True
reddit_t1_n01dy1x,train,keep,False
reddit_1tt6o9m_op10xta,train,keep,False
reddit_t1_mqec9q1,train,keep,True
reddit_1tc58oy_olmrdai,train,keep,False
bluesky_f3f8eba67203bd6c0565ad8777f37eae3771de3e91c56974092022e961441987,train,keep,False
reddit_t1_my8rjrq,train,keep,False
reddit_t1_mx7332z,train,keep,False
twitter_2060687163310715058,train,keep,False
reddit_t1_mq8b2wn,train,keep,True
reddit_1tkvbmy_one84oe,train,keep,True
reddit_t1_mrvw5ag,train,keep,False
bluesky_755376c258f64950960365bf05948ec0bc3101ff8255cf3b20f01d5ae39eeece,train,keep,True
reddit_t1_mva1zzv,train,keep,False
reddit_1ti5cqx_oms4w49,train,keep,True
twitter_2096368962540044532,train,keep,True
reddit_t1_mr9esm4,train,keep,False
twitter_2061137301284245888,train,keep,True
twitter_2061766097016107499,train,keep,True
reddit_t1_mvq6v2k,train,keep,False
bluesky_cf0369545a7a805270c27127e8e000755fbcf5aac531169887a46d959bbe30eb,train,keep,False
reddit_1lo82x1_n0o456l,train,keep,False
reddit_t1_mx68mfw,train,keep,False
reddit_1ttx203_op67iza,train,keep,False
twitter_2061823516748738801,train,keep,False
reddit_t1_mskgxr0,train,keep,False
reddit_t1_n0fl1i1,train,keep,False
reddit_1tbzoap_ologahu,train,keep,True
reddit_1tgp392_omlqo5c,train,keep,False
twitter_2059325530365956319,train,keep,False
bluesky_36ecc5efda75f8d6bc3b949bff8672af24dbceea5c352e142225dd673f094dfd,train,keep,True
bluesky_048b980b14421d93d11e58c0b9d0a8347c4f2910e655af60299241ba7c0f9c20,train,keep,True
reddit_1ti5cqx_omtcitb,train,keep,True
reddit_t1_ms6r522,train,keep,True
bluesky_cce5bfbda7cc67d0c8b54eedb138b0bb89cae85c31c0214613c357a0ff66387d,train,keep,False
twitter_2061214715926204697,train,keep,True
reddit_t1_ms7zncj,train,keep,False
reddit_1twq42a_opqixm4,train,keep,False
reddit_t1_mr86uza,train,keep,False
reddit_t1_mx7d4ew,train,keep,True
twitter_2061735690530938944,train,keep,False
reddit_1u0gjyt_oqjtog8,train,keep,True
reddit_1trb2js_oor9hg3,train,keep,False
bluesky_d89f2c995e162e6217d3792e4a6feb719bada596af2b612d8af4718ad9ada3cb,train,keep,False
reddit_t1_mxhwrvq,train,keep,False
reddit_t1_mrn66ku,train,keep,False
reddit_t1_my0fn9u,train,keep,False
bluesky_313cbc174fa54469ea8f0864c9d23fb88afacaf242a0a9138843a9aa3eef7d7d,train,keep,False
reddit_t1_mq7oop4,train,keep,True
bluesky_e8fe89fbd9794ae5a807615630a88ab8f9c71c28770513a5188330c6417a8355,train,keep,False
reddit_t1_mt3g3os,train,keep,True
reddit_t1_mvph69d,train,keep,True
reddit_t1_mwroo14,train,keep,False
reddit_t1_mumw670,train,keep,False
reddit_1tcyxo7_olt36vj,train,keep,True
reddit_1ture29_opc209a,train,keep,False
reddit_t1_mwvrbv6,train,keep,True
reddit_1tv1z4j_opdvm1u,train,keep,True
bluesky_cb8a76a6f3e1b28435ce7b812611f8a460ebdba64038b7a4fbdae71fd9a8c3db,train,keep,True
bluesky_aaaf936874a1265774a5d4d03473a2595df380181021346cc1556db12fbea01f,train,keep,False
reddit_t1_n04j3mu,train,keep,True
reddit_t1_mx0tcj8,train,keep,True
reddit_1thqwmy_omqd6ie,train,keep,False
twitter_2096640150558450133,train,keep,False
reddit_1t4l69v_okplf7o,train,keep,True
reddit_1t6b1dp_okig7j3,train,keep,False
reddit_t1_mtkgess,train,keep,False
reddit_t1_mrioro4,train,keep,False
twitter_2059853369444118694,train,keep,True
twitter_2060069909149704267,train,keep,True
reddit_1tvywom_opklb5z,train,keep,False
reddit_1ll6sj4_n0a2736,train,keep,False
reddit_1u1z88l_oqtzdzz,train,keep,False
bluesky_4368976206429a1951986d34438029b7bcd95ee11dcd29c6deb387a51df23ccf,train,keep,False
reddit_t1_n03644j,train,keep,True
reddit_1tdz1jj_om14z6d,train,keep,False
reddit_t1_ms1bf04,train,keep,False
reddit_t1_msvvtce,train,keep,True
bluesky_295cebc289505c1470d405f193aa8c37e37691fd8e8f48e1d4e1e8a49e6216fd,train,keep,False
reddit_t1_myntppj,train,keep,False
reddit_t1_mwcwjfv,train,keep,False
twitter_2061631692222452153,train,keep,True
reddit_t1_mvilh69,train,keep,True
reddit_t1_mrde7oi,train,keep,True
twitter_2061519811411394713,train,keep,False
twitter_2060687735908626733,train,keep,False
reddit_t1_mq50717,train,keep,True
twitter_2095882073164939521,train,keep,True
reddit_t1_mvlj1k8,train,keep,False
bluesky_69fc2f226a92552dda20de6f0929f537a369e1650f418cb6cd0b5b5b881f918e,train,keep,False
reddit_t1_mum05ap,train,keep,False
reddit_t1_n05qnnm,train,keep,False
reddit_t1_mxjh6uj,train,keep,True
reddit_t1_n0chuu2,train,keep,False
reddit_t1_msz21y9,train,keep,False
bluesky_37635051ed782e8f90c1d095a2cde97bff596216b257532cb8eac37da6f23ab0,train,keep,False
twitter_2061806288246620665,train,keep,False
reddit_1tlwrxj_onjgf22,train,keep,False
reddit_t1_mrl94jx,train,keep,False
reddit_1l8eqsg_mx63fei,train,keep,False
bluesky_4320e502b2788e37a182222ca6d03a77a5a99465abe7dd2f4b5f750b9eaac1e6,train,keep,False
reddit_t1_msq1hrs,train,keep,False
reddit_t1_mxx3t4q,train,keep,False
bluesky_b501d789dc3f07c16073c2cb9d6346d1fd7ee8a66a7257d65f8f46569b36c5e4,train,keep,False
reddit_1tvyk2a_oppxc8e,train,keep,False
reddit_t1_mt17wgx,train,keep,True
bluesky_9b7b8a4b25055068384a3f089d641bc54137d8cfbb92f7beff12a8c800f9889a,train,keep,False
reddit_1t1x818_ojn1r00,train,keep,True
bluesky_8ca7de485dd7cdb7e3216f1f8833c38278890f1b1f1787e0668855aa71902ed5,train,keep,False
reddit_1ttui2j_op6ip26,train,keep,False
bluesky_9d80ba88c9d96b6cefcaca707d14947b0fa5f9e4f5390f55154f875d8f44e720,train,keep,True
reddit_t1_mqvlc8g,train,keep,False
reddit_t1_mq9hty3,train,keep,False
bluesky_ef47bcd415f8d57e196ac0c78742b66a747848f88303e14751ac96ec6ac9d0aa,train,keep,True
twitter_2061742683455115463,train,keep,False
reddit_t1_mw4jrtu,train,keep,True
bluesky_eeeef216a4f7af26049d4366d81badb76347356bf3fef12e31453378d56588e2,train,keep,False
reddit_t1_mwpyata,train,keep,False
reddit_t1_mtal51p,train,keep,True
reddit_1tpehvg_oo9wh4f,train,keep,True
reddit_1tqcf7r_ooknr8a,train,keep,False
bluesky_6bfca23691ac5be137291fba60c7f5bad61cbc91f831a120c111afe7bf94a093,train,keep,False
bluesky_ccd86590189045fa18b04f0c187a319c158bcc11f062862aecf2db9e4d0fc577,train,keep,False
reddit_t1_mzjscz7,train,keep,False
twitter_2060352157484810733,train,keep,True
reddit_1ti75h1_omsm0uv,train,keep,True
reddit_t1_mrc9p5j,train,keep,False
reddit_1tu7mub_op8rp6u,train,keep,False
bluesky_561e412fb12256dca27753920955cd5fae02dfa5455a79cd632d7d0df34c1052,train,keep,True
twitter_2061576587011559642,train,keep,True
bluesky_ce7aa89e4e9277403a44f75f540572032072cf94bf88f88375a644491c1ee955,train,keep,True
reddit_t1_mwppx8b,train,keep,False
reddit_t1_mr9vxsn,train,keep,True
twitter_2061387513051087212,train,keep,False
reddit_t1_mxdrati,train,keep,False
bluesky_c7e09007a4fe6e9a00472f2b1e1e4f1d79ffe7bf821acc318b4b7df6d445c2d8,train,keep,True
reddit_t1_mv6av87,train,keep,True
twitter_2061579187463352515,train,keep,False
reddit_1kjdjwq_mrlv92j,train,keep,False
reddit_t1_mryba7w,train,keep,True
reddit_t1_mtbhfxl,train,keep,False
reddit_1tstlbr_ooycch0,train,keep,False
bluesky_72bf9806d8db80adea8b8fba3b7bd49fb5c2d637c43fdf472204480a9069f276,train,keep,False
reddit_1kspceg_mtohb7q,train,keep,False
bluesky_807c86719e3e4aeebcba29d4422970d97281ddbf634ef592988d4c52451260b8,train,keep,True
reddit_t1_mqy48d4,train,keep,False
bluesky_cc2c94eb9ff631dca7181733ad1b6021078fd1e659dfcb7d8076e94beeca297f,train,keep,False
twitter_2061493839475646739,train,keep,True
bluesky_c028b9b17eb6c95abfdf076a34c20aafe98b44de0dea1c35b584f6da22fe7b47,train,keep,True
reddit_1tecz8t_om5q1gm,train,keep,False
bluesky_028a3611c056f913ba33824da2bb622b95248b6cb46524611849bef37209e7b1,train,keep,True
twitter_2060358948683706564,train,keep,False
reddit_t1_myzbrod,train,keep,False
reddit_1km18ir_ms9y8fk,train,keep,False
reddit_t1_myhf1rd,train,keep,False
twitter_2061819535473455351,train,keep,True
bluesky_6ea7d2524fa4dea9a16db22aa08d651d4e17fbca8f67f1f8408f8f65a90b47d2,train,keep,False
reddit_t1_mwkkyms,train,keep,True
reddit_1tppsc5_ooasdnq,train,keep,False
bluesky_9baf7e1e15624342e1c1904afa77869cf7af109e8217090b26ff3afe7172caf4,train,keep,False
bluesky_af902269c9225f570900ec861f6136217356b6ccb558ad28f2afcdd288fae684,train,keep,True
reddit_t1_mu9jfld,train,keep,False
reddit_t1_n021y7j,train,keep,False
bluesky_986c346581b1476c01960a187330e2b19e89d99861e5cba1bf2d1b06ff0f21ac,train,keep,True
reddit_1l6yeqx_mwtsdub,train,keep,False
reddit_t1_mtgj04h,train,keep,True
reddit_1ti5ovh_omu2l6g,train,keep,False
reddit_t1_mqaurnq,train,keep,False
reddit_1tn7lg4_onstyi5,train,keep,False
bluesky_12da481ddafe5e70142881605c8a62098ac35149e9b6f17d3e3260171995e817,train,keep,False
twitter_2061825131966537779,train,keep,False
twitter_2061203484049830038,train,keep,False
reddit_t1_mtbt70i,train,keep,True
bluesky_9a57114b74baf2d0785a106a0322e3d755d6318747e5396b833d33cf5d698e09,train,keep,True
bluesky_1dfab26bc87e239d5c471cec9d1d76ecea6b5a3f887329eb2acb42a0c413098a,train,keep,True
reddit_t1_my08udc,train,keep,False
reddit_t1_mtu2vls,train,keep,True
reddit_t1_n0cicvm,train,keep,True
reddit_1tk95ck_on8jf3y,train,keep,False
bluesky_6dbc10c26a8633842f2c3e2564e60b1996748cf7abd390a45ade9389aa1ef2ad,train,keep,False
reddit_1l5kslx_mwjyx3g,train,keep,False
bluesky_8e889360ff670f2ed9027ec94e2944221d34b9e7e96434d95a49987d44feeccf,train,keep,True
reddit_t1_msmf6qe,train,keep,False
reddit_1t2ub1z_ojqg96u,train,keep,False
reddit_t1_myisrts,train,keep,False
reddit_1kpgf6p_mszijsq,train,keep,False
twitter_2061782469263716455,train,keep,False
reddit_1tux6at_opdkdja,train,keep,False
reddit_t1_mq1sa98,train,keep,True
reddit_t1_mux3mrh,train,keep,False
twitter_2061548323366953038,train,keep,True
bluesky_260ee8942834123c524ca3ad5e87645e4fe82b9b65546cd6f8943e725ed2b046,train,keep,True
reddit_t1_mqq4e8z,train,keep,False
reddit_t1_n00lkns,train,keep,False
reddit_t1_mu8wsvd,train,keep,False
twitter_2061809490991714772,train,keep,False
reddit_t1_mrz153a,train,keep,False
reddit_t1_mvd0f6d,train,keep,False
twitter_2060093626135580815,train,keep,False
reddit_t1_n0kvpgw,train,keep,True
reddit_t1_mz7x6dr,train,keep,False
bluesky_302459cec04cf666851953310bbef9b95e48fe03de99ac61d15cf3256d3a645f,train,keep,True
reddit_t1_mykollr,train,keep,False
reddit_1l4b2as_mw7lw2e,train,keep,False
reddit_1tv7vfu_opgl1xc,train,keep,False
reddit_t1_mvsrmiz,train,keep,True
reddit_t1_ms5z6hl,train,keep,True
reddit_1txrvp0_opy1o5p,train,keep,True
reddit_t1_mpzlvok,train,keep,False
reddit_t1_mtl1fsy,train,keep,False
twitter_2097070968300609797,train,keep,True
reddit_t1_mr90cwj,train,keep,False
reddit_t1_mzdl2b4,train,keep,False
reddit_t1_mrbgocg,train,keep,False
reddit_t1_mv3wb87,train,keep,False
bluesky_f6df8ea89c7c965991915d16d66b2384fe4a969ddd521d69860b4bffac2c5f9c,train,keep,True
twitter_2059848531372892458,train,keep,True
reddit_t1_mu1gkm4,train,keep,False
bluesky_8c0123ce6dcdd510d18cfabb8f2adcd5c4861c4f88b47013b7d405df1b6184a9,train,keep,True
reddit_t1_mz86x8k,train,keep,False
twitter_2060917916527169685,train,keep,True
reddit_t1_muiph3r,train,keep,True
bluesky_d29ce8c6d7ca1a6593f665fc04865648a3b66f36ec095422fdb47d3ab7e88b9d,train,keep,True
twitter_2061437887581737384,train,keep,False
reddit_t1_mq6c2ig,train,keep,True
reddit_t1_n0ljk7h,train,keep,True
reddit_1tswg2c_ooy48hi,train,keep,False
reddit_t1_ms6iffv,train,keep,False
twitter_2061794459201716586,train,keep,True
reddit_t1_mt5dlxv,train,keep,True
twitter_2096647865116619122,train,keep,False
twitter_2061822461302169634,train,keep,True
twitter_2061477761949278610,train,keep,False
reddit_t1_mq6rv1h,train,keep,False
twitter_2060812418993832109,train,keep,True
reddit_1u0l8qh_oql4yxf,train,keep,False
reddit_1ttui2j_op5iwif,train,keep,False
reddit_1tvr63e_opk1fxu,train,keep,False
twitter_2061562260229673002,train,keep,False
reddit_1tiody8_on2r0q0,train,keep,False
twitter_2095904889050190264,train,keep,True
reddit_t1_mu3e4ni,train,keep,True
reddit_1tsyeyo_op18thd,train,keep,True
bluesky_89a84360e46d87a552c8bf61de5aac67f63b357cf84cea162fb14eb9b57a395b,train,keep,False
reddit_t1_mzedpuc,train,keep,False
twitter_2061817632949502218,train,keep,False
reddit_t1_mstkc9j,train,keep,False
reddit_1txi7g6_opwt0ac,train,keep,False
reddit_t1_mxeb5su,train,keep,False
reddit_1kffvc0_mquya54,train,keep,True
twitter_2095729294328623480,train,keep,False
bluesky_d73107bfa65678201d017e5d8009b961a9767845d329b9a8364aa642d885623c,train,keep,False
reddit_t1_mz35y02,train,keep,False
twitter_2060867895203344615,train,keep,False
bluesky_a7edbf7b4628691f4b220129ac3b50b0d713ebacb93779e9cb1fc14e26a6fe33,train,keep,False
bluesky_ef44226845025e7f9891d084ce47114511d04d528c140580d76db6ad5e8c3a40,train,keep,True
bluesky_23cb870e24050d7bcf456629ad46b1a125df8b764aab5bb3286b5fc65589440f,train,keep,True
reddit_1tuwb8f_opdgite,train,keep,False
bluesky_2ac70b0eedccfb6a21901097cb1e77bc5e19c631a7efa6a35b6c5d86282ccfad,train,keep,True
reddit_t1_myk9epv,train,keep,False
reddit_1tt3m71_op16a7k,train,keep,False
reddit_1txekxo_opwz34h,train,keep,False
reddit_t1_mxxqojm,train,keep,False
reddit_t1_n0j4fqr,train,keep,True
bluesky_18127de0ed2e6ff0569af1003bb3f76cd4a477220313c3a96addd8c8cc4f06ed,train,keep,True
reddit_t1_mwlteqw,train,keep,False
bluesky_e72ad5a986355d87a9ad1a7577b3011e0c636056e1c1d863852924ad4857b6e0,train,keep,True
twitter_2061817653325684983,train,keep,True
bluesky_de52241308bd5ecba5a59747bf9469289fe8ed3200627ace1929cbe81395e09f,train,keep,True
reddit_t1_mwa7et3,train,keep,True
reddit_1u16m18_oqnlc9p,train,keep,True
reddit_1t1x818_ojlm8tc,train,keep,True
bluesky_4e6b33c157ccaff7475002ff6772e394c0ed6920423d35bf98658123c71a71bf,train,keep,False
twitter_2061227498319339901,train,keep,False
twitter_2060402518832673107,train,keep,True
reddit_t1_mqjlu50,train,keep,False
reddit_t1_mtn60sh,train,keep,False
bluesky_983889f33e9c9cbcf0ea1f714da5d0ca5334f18a9f94820fce53fc9ff05767ef,train,keep,False
reddit_t1_mwpxe5b,train,keep,False
reddit_t1_mrpaszn,train,keep,False
reddit_t1_myuv7x1,train,keep,False
bluesky_9c4f2c6717265fe92c36916e7ef2affdffc1fb7ff7b990c2d4dfd52247e3b611,train,keep,False
reddit_t1_msgv2ji,train,keep,True
reddit_t1_mwn5ga3,train,keep,False
reddit_1trcka2_oon3d0x,train,keep,False
reddit_1llzlg3_n0405rv,train,keep,False
twitter_2061825073686691851,train,keep,True
twitter_2061567175891226968,train,keep,False
bluesky_f118a67c25cbaaacae65e5e695d2ad0aa713ae5406010912cda0650acb8bae32,train,keep,False
reddit_t1_n0hystl,train,keep,False
twitter_2061251887089774730,train,keep,False
twitter_2060082218936983629,train,keep,False
bluesky_77527061f612e2741ded9442ae79162686d67e2f2584472c16fe64da9d2634a3,train,keep,False
twitter_2060325853423124794,train,keep,False
twitter_2060404991202894020,train,keep,False
twitter_2061729496781242816,train,keep,False
reddit_t1_mxgc65m,train,keep,False
reddit_t1_mu5u4bw,train,keep,False
bluesky_a98673e1dfda05e0d931b4ac0877176546af8ae625ac70d18f531f113c69d5b7,train,keep,True
reddit_t1_ms4kmxx,train,keep,False
twitter_2061757984967922137,train,keep,False
reddit_t1_mtik1i5,train,keep,False
twitter_2059552562357965120,train,keep,False
reddit_1kg5qlk_mqx5530,train,keep,False
reddit_1lhaiqa_mz4gvcd,train,keep,False
reddit_t1_n0ggdg4,train,keep,True
reddit_t1_n0kpg5q,train,keep,False
reddit_1krgnqw_mtdmxoj,train,keep,False
reddit_t1_mvb5xnn,train,keep,False
reddit_t1_mtitwl1,train,keep,False
reddit_t1_mx8eeuh,train,keep,False
bluesky_31fad0cf0a1ebc48e0609e9484df059a6eed055c5e27fc92d9e55cbab3c5112a,train,keep,False
reddit_t1_mvw1nqp,train,keep,False
reddit_1tbzoap_olkxrcv,train,keep,True
twitter_2061758387214537041,train,keep,True
reddit_1ty956s_oq447wg,train,keep,True
reddit_1tbl0de_olhi4yp,train,keep,True
reddit_t1_mvv9jb8,train,keep,True
reddit_t1_n0l3cwv,train,keep,True
reddit_1trb2js_oon7b58,train,keep,True
bluesky_0e390ce98fa4d89d2274769e8aaba871408c479a3d139a143042cf1181270a7d,train,keep,False
twitter_2061820988183150809,train,keep,False
bluesky_dda1d897b276c283c384e226560547ee9e3c2e1272e8e3f7eb26e96797e7a4a3,train,keep,False
twitter_2060119354285449640,train,keep,False
reddit_1tt5neo_op53mbz,train,keep,False
bluesky_d963b6e9de25f1276c4c93b21eb9555a27335fc9be44fc3c1eb1cf5c243653c8,train,keep,False
reddit_1tdz1jj_olz786h,train,keep,False
reddit_t1_mwqik5r,train,keep,True
reddit_1lepsty_myi2i1q,train,keep,False
reddit_1tqixq7_oohv39k,train,keep,False
twitter_2061090429966418253,train,keep,False
reddit_t1_mrrye5p,train,keep,False
reddit_t1_mzqtf4h,train,keep,False
bluesky_7f9b594b3d678c753e55ded9c5706a18e94b7fcd529d20db89a4b809c38d9043,train,keep,False
reddit_1t7p1f5_okqyj0g,train,keep,False
bluesky_2c90faf85a9bd6aace3aa3556760bdcb207bfa92c49706e3b1dcb1b3f2fe6933,train,keep,False
reddit_t1_mtq9adw,train,keep,False
reddit_t1_mu8gxrq,train,keep,False
twitter_2061155820058948065,train,keep,False
bluesky_1f86142daf6f83e3f1a197097837c69e2cd7b96861ba89b788fb419b9cb2d9c2,train,keep,False
twitter_2061803851473457256,train,keep,True
reddit_1u08bq4_oqk39wa,train,keep,True
reddit_t1_mxgvjrc,train,keep,False
reddit_1u2194a_oqtyugp,train,keep,True
twitter_2061759375753265356,train,keep,True
reddit_t1_mrap5ns,train,keep,True
reddit_t1_my53mib,train,keep,False
reddit_t1_muwvhf6,train,keep,False
reddit_t1_ms25jri,train,keep,False
reddit_1t7d5jc_okq2uef,train,keep,True
twitter_2096556304500183367,train,keep,False
reddit_1ksjaqd_mtlyi08,train,keep,True
bluesky_8747ab78fa8d72b2e1840b49c02feaa8f5ced135f1039c8082959b503e19d208,train,keep,False
twitter_2061827782171037796,train,keep,True
bluesky_edc2ddea37b276f3e982074bf6b45101ad4364a4855f3e30308b139e1d5a3549,train,keep,True
bluesky_0f6e8c86a9289254b39acf70df9feb44bfcfbcfa415042c14d80af909c547103,train,keep,False
reddit_t1_mrreodp,train,keep,True
twitter_2061818855702593737,train,keep,False
reddit_t1_mznrexn,train,keep,False
reddit_t1_my47hr6,train,keep,False
twitter_2059466511803400306,train,keep,True
twitter_2061584395891306676,train,keep,False
bluesky_19f916114ece249f898eb279207d1395a1df71f94ec01459976a286cad826a22,train,keep,False
twitter_2061785935738515490,train,keep,False
twitter_2060734342075142586,train,keep,True
twitter_2061821273165177247,train,keep,True
reddit_t1_n05xl4e,train,keep,False
reddit_1tvyk2a_opp7g6h,train,keep,False
reddit_t1_mrtfueb,train,keep,True
reddit_t1_mubqqms,train,keep,True
reddit_t1_mu4jtzu,train,keep,False
reddit_t1_myoq7ak,train,keep,True
twitter_2061826778981707924,train,keep,False
reddit_1tttfo9_op5fwkh,train,keep,True
twitter_2096972131657474254,train,keep,False
reddit_t1_myz94y0,train,keep,False
reddit_1tt6yir_opm374n,train,keep,False
reddit_t1_mxiwzdl,train,keep,False
reddit_t1_mzy9lxc,train,keep,False
twitter_2060911849693204569,train,keep,True
reddit_t1_mxztnqp,train,keep,False
reddit_t1_mqyax5h,train,keep,False
reddit_t1_mtt4l90,train,keep,False
twitter_2060428629381693754,train,keep,True
bluesky_edae625011f73175353fd05ffe8a061c60b47e244fe6a1fc5640986753752c11,train,keep,False
twitter_2059508705004314674,train,keep,True
twitter_2061473040618107043,train,keep,False
bluesky_ae7f6bd2de437c70c968bf67888e7e7f5efa2428077f2bd38034a553d55ae511,train,keep,True
twitter_2060093420027187507,train,keep,False
reddit_1tzdiak_oqdeh3v,train,keep,False
reddit_t1_n04a0yd,train,keep,True
reddit_t1_mwbo5jn,train,keep,False
twitter_2059794280190034314,train,keep,False
bluesky_15c7e45c815d0c61b36705d5e1354879c3397453f183db5b8bd69ad03dbbe5fe,train,keep,False
reddit_1txi7g6_opw8x4o,train,keep,False
reddit_t1_mqqsrrz,train,keep,True
reddit_t1_mzjrp7m,train,keep,False
reddit_t1_myuki7m,train,keep,True
reddit_t1_mtt4kb0,train,keep,False
twitter_2061453779908927727,train,keep,False
reddit_t1_mpxmfe6,train,keep,False
reddit_1tsptkj_op0v6wo,train,keep,False
twitter_2061107071236407705,train,keep,False
reddit_t1_ms2q3u1,train,keep,True
reddit_t1_mwvr30n,train,keep,True
reddit_t1_mr145ds,train,keep,False
reddit_1tuzkhw_opek7y4,train,keep,False
reddit_t1_n0illp7,train,keep,True
reddit_1kx7c8d_muomdij,train,keep,False
reddit_t1_mzm2ue2,train,keep,True
twitter_2060007928619278416,train,keep,True
reddit_t1_mu7dn2u,train,keep,False
reddit_1kiokjw_mrinhsc,train,keep,True
bluesky_5a340760ce8963d3f7020eb7c782a0cb94bb20565f8c911fa03cd0b69582be81,train,keep,False
reddit_t1_mtqabeg,train,keep,False
reddit_t1_mt7pce8,train,keep,False
bluesky_d70c524e04e30d1401a4471d3e46f7d01a700bbea6e8b458445700fb54510e94,train,keep,True
twitter_2061789686616723540,train,keep,True
reddit_t1_mziy0vb,train,keep,False
bluesky_2a575d06d4bafddcd29808ef025cfb04d193b66166ff53ef1c5e4f0d8abf0f61,train,keep,True
twitter_2061403585003340157,train,keep,True
twitter_2060430594526302587,train,keep,True
reddit_t1_mwj357y,train,keep,False
reddit_1tsvrr2_op0f1is,train,keep,True
reddit_1trdy16_ooqz8p2,train,keep,True
reddit_t1_mz2pqvg,train,keep,True
reddit_1tsv1fn_ooze95b,train,keep,True
bluesky_2686563d3c84f59137720a63e9bbb12e18ba3a091e1028772c6732cd4b068df3,train,keep,True
bluesky_036df8bbfed503746fa9b17bd1b6fa99a322fc489b07e4b1ecb6ee7940e9917b,train,keep,True
reddit_t1_mx93m91,train,keep,False
reddit_t1_mz0stdr,train,keep,False
reddit_t1_msj39u6,train,keep,True
bluesky_1c12cdc163cd2ace9053acbbe6361859fcf5d7298f588c019559cdd590405f91,train,keep,False
twitter_2061428833807393105,train,keep,True
bluesky_10bc57975adde26c13fd274167c2b3a7c685b16893bc56ef680b9dc73d67e47d,train,keep,False
bluesky_4c92f344dcfc29bed21464b58c0bb0d6583d94dab1b403fb5289552649cdc8f6,train,keep,False
reddit_t1_mr0gfmc,train,keep,True
twitter_2061482109160526203,train,keep,True
reddit_t1_mrzl2s2,train,keep,False
reddit_1knep98_msjg22p,train,keep,False
reddit_t1_mt1nivi,train,keep,True
twitter_2061637093755846708,train,keep,False
reddit_1tsvrr2_op15n1m,train,keep,True
reddit_t1_n0c01up,train,keep,True
reddit_t1_mv066qs,train,keep,False
reddit_t1_mrhz96m,train,keep,False
twitter_2061795215380484503,train,keep,False
reddit_1lepsty_myj3enb,train,keep,False
twitter_2061496839216529854,train,keep,True
twitter_2059348921151828158,train,keep,False
bluesky_d55eb18a7569de8b914174a560217f1ce7b10575c39e34f22a0c98ac7074f5fc,train,keep,False
reddit_t1_mqqy2nn,train,keep,True
twitter_2095578180580987157,train,keep,False
reddit_t1_mzm15iv,train,keep,False
twitter_2095546626324521354,train,keep,False
reddit_t1_ms4p9yn,train,keep,False
reddit_t1_mtqf8x4,train,keep,True
reddit_t1_mtngg3t,train,keep,False
reddit_t1_myi0hfb,train,keep,False
reddit_t1_mtx9rjj,train,keep,False
bluesky_8f2c8e6b4819a3c9f966e23749b0bd41a93ca4992426a72ac016c85eb3a9301b,train,keep,True
reddit_t1_mzwjr99,train,keep,False
reddit_t1_my9ing0,train,keep,True
twitter_2061471496334192960,train,keep,False
twitter_2061826251153637661,train,keep,False
twitter_2059702432020512964,train,keep,False
reddit_t1_ms0cdnb,train,keep,False
reddit_t1_mta3soh,train,keep,False
twitter_2060820301513113623,train,keep,False
reddit_t1_mxhseq9,train,keep,False
bluesky_71f74948c3d24f68f629440315cd1d9e3c942b3c6dc9ec0c5238d3b14edd48ae,train,keep,True
reddit_t1_msmrxyw,train,keep,True
twitter_2061795047129964808,train,keep,True
twitter_2060879672355979576,train,keep,False
reddit_t1_mtdso66,train,keep,True
reddit_t1_mx7jcwv,train,keep,False
reddit_t1_mzta5hb,train,keep,True
reddit_t1_mzs1n3w,train,keep,False
reddit_1kl4k5p_ms0pvvv,train,keep,False
twitter_2061629845264650608,train,keep,False
reddit_1lhmao6_mz53jpc,train,keep,True
twitter_2061549384957825177,train,keep,True
reddit_t1_mrro5w2,train,keep,True
reddit_t1_mqpc09t,train,keep,True
bluesky_fcf5aed2694ee0d16fcff06d9950efff50a05187ec2b194adfe08368c2c1fe69,train,keep,True
reddit_t1_n0mviy1,train,keep,True
bluesky_88b6d76c8a77a45369a350a7b7b4d1a482e3918f191f6afcc8a20a4518cbd317,train,keep,True
reddit_t1_mu0xrvc,train,keep,True
reddit_t1_mxcw5rh,train,keep,False
reddit_t1_mzd2tlf,train,keep,False
reddit_1ti5ovh_oms2m1v,train,keep,False
reddit_t1_mun2jco,train,keep,True
reddit_t1_n0h24m1,train,keep,True
reddit_1tqyx7p_oon9304,train,keep,True
reddit_t1_mtjt0sm,train,keep,False
twitter_2061473931371139137,train,keep,True
reddit_t1_mwxbzcu,train,keep,False
reddit_t1_mzouhky,train,keep,True
twitter_2061232250411266359,train,keep,False
bluesky_868de62b527993a83e376b2df6b8b05503ce60df87b25a6cdeed9d7ec70d0207,train,keep,True
twitter_2061621319876149687,train,keep,False
reddit_t1_msub9pj,train,keep,True
reddit_1l9last_mxhe09m,train,keep,False
reddit_1tsvgs3_ooylcwu,train,keep,False
reddit_1til7dr_on3ahn3,train,keep,True
reddit_t1_mwr0dan,train,keep,False
reddit_t1_mvu3bqe,train,keep,False
twitter_2061596765745447084,train,keep,True
reddit_1tzfhxv_oqcr8b0,train,keep,False
reddit_1l85pfo_mx333tz,train,keep,False
reddit_t1_mt06hzr,train,keep,False
reddit_1ks5r8b_mtjs1yz,train,keep,True
reddit_1tsyeyo_oozo57a,train,keep,False
reddit_1tws6al_opqtdcy,train,keep,False
reddit_1legu6v_myg9cen,train,keep,False
reddit_1kp0psp_mswcimf,train,keep,False
twitter_2060042782098555192,train,keep,True
twitter_2061451770438590481,train,keep,False
bluesky_f2476cff48a0e6f46817652866a5a6f8552669cef724ec889950502b1e621eee,train,keep,False
twitter_2061551986781069482,train,keep,False
reddit_t1_mwyngu5,train,keep,False
bluesky_b35b97177c6945d831404e3ecf9a0e105c2d09865299277cc271de42d71a07ed,train,keep,False
reddit_t1_n0bjq09,train,keep,False
twitter_2061689286890586169,train,keep,True
bluesky_f9e369b48c278bfafcaa3802bbe247f0ed7c86a00560179435ebc453a471800e,train,keep,False
reddit_t1_mt8cciw,train,keep,True
twitter_2061824063828308113,train,keep,False
reddit_t1_n02j1hg,train,keep,False
reddit_t1_mzfduc6,train,keep,False
bluesky_12081ff4bca7b1a1c9151ab58a29184ebaf62cf21febbf3a455e87d63e3ce010,train,keep,False
bluesky_d24933e604ffbf66196bafa3e0d36319865af7445f3b5e63dd16efc22a838ccc,train,keep,False
reddit_t1_msihhkm,train,keep,False
reddit_1kvk5na_mubv20m,train,keep,False
reddit_t1_mxrzaow,train,keep,False
twitter_2061198549358915805,train,keep,True
reddit_t1_mxhuk3o,train,keep,False
bluesky_09defc9e64a3586636a3a4d7577b0c0be8e5732214a5ffd9e5e1ef6842c9fe17,train,keep,False
reddit_t1_mz6kwiy,train,keep,True
reddit_t1_n0dowdg,train,keep,True
reddit_t1_mzwd9ya,train,keep,False
reddit_1tsj7e8_oow2khv,train,keep,False
twitter_2060792467318800501,train,keep,True
reddit_t1_mu5wt61,train,keep,False
bluesky_148d83c5bf312423efbd371aa8a44e3197fb79445d274248384d591c2f18c39d,train,keep,True
reddit_1tbzoap_ollgynh,train,keep,False
reddit_t1_mzznef9,train,keep,False
reddit_t1_mqjtrtl,train,keep,True
reddit_t1_mq8ntog,train,keep,True
reddit_t1_n0n9ulz,train,keep,False
reddit_1u22gzn_oquwb5j,train,keep,True
twitter_2061786733037986107,train,keep,True
bluesky_6bf07634aca2e67652958b2e9f55c5a9dd5aa1c96d197196cbb3d1182b9e53b9,train,keep,True
reddit_t1_msjqgl5,train,keep,False
reddit_t1_mu7qu5u,train,keep,False
twitter_2060336028037399014,train,keep,True
twitter_2061745917640712551,train,keep,False
reddit_t1_mui0or7,train,keep,False
reddit_t1_mv5k939,train,keep,False
twitter_2060474149366124900,train,keep,False
bluesky_dcf42f5432dbd27f6c0adf5b4ce534de64ad1ad3d3db14e705673842d2570b1b,train,keep,False
reddit_1ttui2j_op5ac7l,train,keep,True
reddit_t1_n0d8cwu,train,keep,False
reddit_t1_mw673c1,train,keep,False
bluesky_b0fd95f0c90059bd0ee9200f966860e885ac7305222ac5e5d6f18a1609db02c6,train,keep,False
reddit_t1_mrx54pe,train,keep,False
bluesky_51eb2bcd30e8ac628b01152963421b62177647bfd71fd0522d124d516ebc43dd,train,keep,False
reddit_1te3cn8_om0eppm,train,keep,False
reddit_t1_mqdnx7c,train,keep,True
reddit_t1_mzxj1jj,train,keep,True
twitter_2061221903252230473,train,keep,True
reddit_t1_mxhpb68,train,keep,False
bluesky_79fb4550b133046c562edf173df59be9e36c42fe9fca1a49040af22d915afd3d,train,keep,False
reddit_1thwlss_omvbdad,train,keep,False
reddit_t1_mywpt0y,train,keep,False
reddit_t1_n03w915,train,keep,False
reddit_1t7d5jc_okthomr,train,keep,True
reddit_t1_mqokxu4,train,keep,True
reddit_1ljwllj_mzqzk1u,train,keep,False
twitter_2061825995544400308,train,keep,False
twitter_2061825142842335636,train,keep,False
reddit_t1_mrmrerj,train,keep,False
reddit_t1_mvpdgkv,train,keep,False
reddit_t1_myzdnyd,train,keep,True
reddit_t1_mwym74p,train,keep,False
reddit_t1_mrv20yj,train,keep,False
reddit_t1_mzqhk23,train,keep,False
twitter_2060516618711491016,train,keep,True
bluesky_21373711eb3e19ee57e0a03006dbdcd02198b6738296d6b761273bea28c77a80,train,keep,True
reddit_t1_mx4xyyt,train,keep,False
reddit_1ttmc22_op5l8lc,train,keep,True
reddit_t1_mtam6ni,train,keep,False
reddit_t1_mybl94g,train,keep,True
bluesky_743108b80fabde5ba90e8cf2fbe39e8b7a3f7767bc770bebed879c1aa8cfb2d0,train,keep,False
reddit_t1_myd7bko,train,keep,True
reddit_1tn4kot_oo3fqmc,train,keep,False
reddit_t1_n0l7fk5,train,keep,False
reddit_t1_mugxj6z,train,keep,True
reddit_t1_my34n4k,train,keep,False
reddit_1t3f5jk_ojysffg,train,keep,False
bluesky_fad2f92c5f1db398955f6a8e3e7e6c653633cd9177379176924f40a65f75d76a,train,keep,False
reddit_t1_n0by4ty,train,keep,True
reddit_t1_mui4z11,train,keep,False
twitter_2061791600162795620,train,keep,True
reddit_1tp6tgh_oo72pwj,train,keep,True
reddit_t1_mvi4y22,train,keep,False
twitter_2060476129337917901,train,keep,False
reddit_t1_mqquuv6,train,keep,False
bluesky_32b339e1fe54e89544b5f403000235c224fc4a7478248c737d3173128ad71323,train,keep,False
twitter_2061419437496947047,train,keep,True
twitter_2097076592728305912,train,keep,True
reddit_1ttbse9_op1e1eg,train,keep,False
bluesky_377b3800c7620954defaa15e2d80ae5e5fe2b079bd203f6eb2d0fbaa88062345,train,keep,False
bluesky_e9eb95598a89a6b703c8c64bd9174e42c0bf16bf95aacf113a565b837534ca71,train,keep,False
reddit_1tnf5qd_oo5svy9,train,keep,False
twitter_2060839974497341623,train,keep,False
bluesky_e20584096f9ae7fb80859e009bda028c20bd4eef07f281e3bfb17ae0a18438d5,train,keep,True
twitter_2060456701623468278,train,keep,True
reddit_t1_mwo7248,train,keep,True
twitter_2059990155562205365,train,keep,True
reddit_t1_mtsp1r5,train,keep,False
reddit_t1_mwbplv8,train,keep,False
bluesky_648641137899d10ccd9135a17cdffeb863b9cb6d6878039379bafe68c30645c3,train,keep,False
reddit_t1_mx2ekgt,train,keep,False
reddit_t1_ms3gg8j,train,keep,False
reddit_t1_mw9orhz,train,keep,False
twitter_2059358408160182748,train,keep,False
reddit_t1_mzpidcv,train,keep,False
bluesky_673ff414ec61b08ed022bcf06813fb8d5f375ff8fe0689a69c13ba134625a6ff,train,keep,False
twitter_2061755837203226976,train,keep,True
reddit_t1_my9s320,train,keep,False
reddit_1l7kmwd_mwxlugm,train,keep,False
bluesky_a33d1e2491719a48117c1b2908cf0330bc1df6b031b9919941d1ed85d1d26e3e,train,keep,False
reddit_t1_mzuiifq,train,keep,False
reddit_t1_mtlrc00,train,keep,False
twitter_2061823208668668131,train,keep,True
reddit_t1_mq8flwc,train,keep,False
reddit_t1_mul709w,train,keep,False
reddit_t1_n05l8if,train,keep,False
bluesky_2f452ce83b5f73fe4d98d7bf9688bb3f4e7be1d9f55ede926ad01a1ee83a574b,train,keep,False
reddit_1tobgfe_oo0boja,train,keep,False
reddit_t1_mxmt65p,train,keep,False
reddit_t1_mtq8i8b,train,keep,True
reddit_1txme1m_opzfkkl,train,keep,False
bluesky_80ef6c645c03d673077a3f942a53f62361acc7a960a9640c3c71df54ae3a704e,train,keep,False
reddit_t1_mtvrksj,train,keep,False
bluesky_79b26f2af5106cdf302514055cd68d26b18429ecc05c526813eafbc11165cd9a,train,keep,False
reddit_t1_ms5av6x,train,keep,False
reddit_1tjno36_on9mz6p,train,keep,False
bluesky_b97d37e01921eacc9e0bfbb16d574fdaba160de9fd5b97c81fa340845e0cc8ba,train,keep,False
reddit_t1_mrsx1d3,train,keep,True
twitter_2061757654838460470,train,keep,True
reddit_t1_myhp740,train,keep,False
reddit_t1_mreq00b,train,keep,True
reddit_1l9kcqg_mxd9fpn,train,keep,False
twitter_2061462782093267345,train,keep,False
reddit_t1_myw9mki,train,keep,False
reddit_t1_mqdcwcw,train,keep,False
twitter_2061573612310794262,train,keep,True
reddit_t1_mz23ine,train,keep,True
twitter_2097054039964000643,train,keep,False
bluesky_2ed8a83cdfd0a95a2cf81e7cb011a363e36a0e9d02a05a206a8cdc0a91669542,train,keep,False
reddit_t1_mwly6ld,train,keep,True
reddit_1tyu1q6_oq6yvyb,train,keep,True
bluesky_945ce066533d8c30bfbf2e641203280a67279d75c9d228d1e13f4e9fd468ecfc,train,keep,False
reddit_t1_mzbvi2w,train,keep,False
reddit_t1_mz5azjv,train,keep,False
reddit_t1_mudjjxt,train,keep,False
twitter_2059281098539254168,train,keep,False
reddit_t1_mvsle5o,train,keep,True
reddit_1txrvp0_opyfkug,train,keep,True
reddit_t1_mq2txqw,train,keep,True
reddit_t1_ms8hw94,train,keep,False
bluesky_8dc1cf1721a74f9166ed6f1ef2d0b2533d9fe6a539bcf0d8461a6adc2bed5b12,train,keep,False
reddit_t1_msy6q5n,train,keep,False
reddit_t1_mv17srk,train,keep,False
bluesky_b41e3dfda962b539c8b6479c5096ef4493c745a69d192b194f1d0ad84182045e,train,keep,False
reddit_1te7rzv_om21p4y,train,keep,True
twitter_2060805287859068951,train,keep,True
bluesky_6039d3d0ee7559754f0f021dfc5f98bb769ec413015f303e427d9ce4ebb03f63,train,keep,False
reddit_t1_mrat0r0,train,keep,True
twitter_2060464988850983379,train,keep,True
bluesky_91e8d1a39ea6fda32807b604e661e1543b0542ba9b6b9d0e53af77b5245c8f9b,train,keep,False
reddit_1two3nw_opt0pch,train,keep,False
bluesky_ce270497e3a6a5acc78f00ecbaebafa00535a5284ef764ed90ecdb9c9eb4e0b6,train,keep,False
reddit_t1_myen6pu,train,keep,False
twitter_2060126806737555634,train,keep,True
twitter_2059695338668396671,train,keep,True
reddit_t1_mtbohgx,train,keep,False
reddit_1thqwmy_omq81hl,train,keep,True
reddit_t1_mqptunq,train,keep,False
bluesky_7f604575b0c58a6d79a3f85053fc3ba23921d89b9bf250d9bf5a4d89931ede68,train,keep,False
bluesky_1f87d5d327178c3255bfbd24c27e7e5f8481879b794c029fde1be80379a5d46c,train,keep,False
twitter_2061805565568061459,train,keep,True
bluesky_5016342f5340383828d35dc49f8425c4c87613d3af4d11c7715ae710f2ac30ae,train,keep,False
twitter_2061821215774568747,train,keep,False
bluesky_7900be4cff2665a10fe27abd0313bcca12d3dc49d6fa0e83cc988021cf8b0d31,train,keep,False
reddit_t1_muns1bu,train,keep,False
reddit_t1_mrnnzk3,train,keep,False
bluesky_f0c27e116f5da466e538a752bfe287cc12960d2ca2d9ae068073ab027864eeac,train,keep,False
bluesky_ec5efeb70d104972c6db5a92c393358f3c591e4f603ba678f8effc71d89f5102,train,keep,False
bluesky_1248b9d329ec1f23057eb211207db0e9cb8986efb7d86583303759bcb930e2b7,train,keep,False
reddit_t1_muorp37,train,keep,False
reddit_t1_mtgptyg,train,keep,False
twitter_2061774367202123823,train,keep,False
reddit_1tj4vka_on0wdj0,train,keep,False
reddit_1thqwmy_omqi22a,train,keep,False
reddit_1tt1cw0_op1rgwi,train,keep,False
reddit_t1_mty2riu,train,keep,False
twitter_2061810065821295049,train,keep,True
reddit_t1_mww3jd9,train,keep,False
bluesky_15ac26ea7932f03c97013a647219059db74432ab337caddf6117b575690eca48,train,keep,True
reddit_t1_muygqf7,train,keep,False
twitter_2060406443090854140,train,keep,False
reddit_t1_mtd4e83,train,keep,False
reddit_t1_mwrrsir,train,keep,True
reddit_1llhsbw_mzzq3cz,train,keep,False
reddit_t1_mzt6n4b,train,keep,False
twitter_2060394551295029281,train,keep,True
reddit_1koaxap_msotklj,train,keep,False
twitter_2061748410068418718,train,keep,False
reddit_t1_mrgqi6w,train,keep,True
reddit_t1_mvyt33j,train,keep,False
reddit_1tx0770_oq3uawa,train,keep,False
reddit_t1_mzpgxnj,train,keep,False
reddit_t1_n02vms4,train,keep,False
reddit_t1_mr2kkp0,train,keep,False
reddit_1tzwh8s_oqfgaxj,train,keep,False
reddit_1t7d5jc_oku6sko,train,keep,True
reddit_1lo5oib_n0ljnsi,train,keep,False
twitter_2061775134646481319,train,keep,False
reddit_t1_mshspph,train,keep,False
reddit_1tohbe9_oo1gx8r,train,keep,False
twitter_2060403193666797797,train,keep,False
reddit_1tjuw8j_on4u145,train,keep,False
reddit_t1_mxwaq9a,train,keep,False
reddit_1u18ir0_oqpychq,train,keep,False
bluesky_5b550f7833ed091c9e2a1f395a04842f86769fc3c74fc80ad1ce8166cf96e23e,train,keep,False
reddit_1tt99ox_op112t5,train,keep,False
bluesky_38cf726e24d84c2cd6ab9342fb4aa4bd5ef830c62a1b18952ef741f967e29cb1,train,keep,False
bluesky_3fa12d364ac008d0ee41ba7ab6c84e59e2ec3647dec2f1e82074f7fc95425f77,train,keep,False
reddit_t1_mv4dn89,train,keep,True
twitter_2061829943768846584,train,keep,True
reddit_1ktyua1_mtzy5s8,train,keep,False
twitter_2060287617204412665,train,keep,True
bluesky_18f2f8ed8e6108932a3978e2d3b5efe543e8f58bc070ea087e4a3017ae6fb770,train,keep,True
reddit_1tlwrxj_onj1795,train,keep,False
reddit_t1_mrpr3ap,train,keep,False
bluesky_dc6adea3b60f1877d03209619a205a6e868acda39c0f51f3be5f942d0a025131,train,keep,False
reddit_t1_mtni350,train,keep,False
reddit_1lm0gxt_n04hwrh,train,keep,False
bluesky_d247892e5cf39f28c9f29d63388a97519c14e0230068e8447f6bdea1ae4c60f6,train,keep,False
reddit_1tgxg10_omm6lw4,train,keep,False
bluesky_735407a45b5acedf2221421ca2ec0457d3162abbcdcbd97156a999d60f6615ea,train,keep,True
bluesky_a958b26d9e36b51015dced7f586abb5dee35bd9a58444fd62744a0be8319ec28,train,keep,False
bluesky_d381534ce8b5bb1c6995c98f826c8dc15785347ddefb4f3eb005325d1cff3cf1,train,keep,True
twitter_2061281550982148242,train,keep,True
bluesky_d1db0a84e4310892d238981e821a8a503dd9833fb3537301d8d89f92eb508e76,train,keep,True
reddit_t1_mzw5qty,train,keep,True
twitter_2059648688381722947,train,keep,False
twitter_2060430617716625572,train,keep,True
reddit_t1_mqb6ty3,train,keep,False
bluesky_1e17167eb979132561d5c60d1797d834d457b3a04759beffa84aaa66940a5b11,train,keep,False
reddit_1tux6at_ope0vru,train,keep,True
bluesky_ea0c5c3454996e80e1c3e91198db56063a634cb1d708b37e2c80b39b582a9f6d,train,keep,False
bluesky_a8d8b410647676b8685c7956c9709016a2ca4be4e2d491ec27048d13a4242db4,train,keep,True
reddit_t1_mt4ita9,train,keep,True
bluesky_ecd1aab34395ac097d5b390ff6366c3d3f399956a795186dc009e4025b0912c6,train,keep,True
reddit_t1_mymqygc,train,keep,False
reddit_t1_mrnb7n4,train,keep,True
reddit_t1_mqe7odb,train,keep,False
bluesky_aab318a6dcce308ff68ddef1c6af23e682035f7405d15e4fa2013beff58129cf,train,keep,True
bluesky_e7d66f5a360af2a174a777ccb1de8d9837eb2e7c3c3499b6e0feb17526db90f3,train,keep,False
reddit_t1_mrxd5x2,train,keep,False
reddit_t1_mr76uuw,train,keep,True
reddit_1tx0jmc_optdd4a,train,keep,False
reddit_1u0drc9_oqibgds,train,keep,True
reddit_1tv1z4j_opfyrdh,train,keep,False
bluesky_e699e26656ff43b20e7730b4ddf77714733b9bbed93bd4f414f91a1440177071,train,keep,True
reddit_t1_mzxcwvb,train,keep,False
reddit_t1_n0kh0w0,train,keep,False
reddit_1txsm52_oq0g7r0,train,keep,False
bluesky_33fc8c27014484daa72f3def0cdfc02aa48d0a05400b584877b6eb243f7f9d84,train,keep,True
reddit_1l8ub8d_mx7j3ap,train,keep,False
twitter_2061745046727111164,train,keep,False
twitter_2060809286645690809,train,keep,False
reddit_t1_mz8f8rm,train,keep,True
reddit_1u26v2r_or1fm4d,train,keep,True
bluesky_af8db3c07e4084ded55da8ad826abec9361c1dd80d919e682119edbc52b1667d,train,keep,False
twitter_2095843546213564539,train,keep,True
reddit_t1_mrepga9,train,keep,True
bluesky_481eb131e079a5c7cc38cf8fe49fc162dbb9666baaff078d3739a601dd066d9b,train,keep,False
bluesky_0857ae4fe39ce49a19d3b01df7eace9a98237b06c50f5dc5266eb9107c7bf540,train,keep,False
reddit_1tvyk2a_opuy44b,train,keep,True
bluesky_1a276591cdcccdb484b997a79118dd0b78b1c1fd44f17512a252d77d4b7300d7,train,keep,True
bluesky_033a8ad2eb6f884ba3da8ec9ceb08754a57a640bef3a95ff517011a4e4398bff,train,keep,False
twitter_2061228467476222271,train,keep,False
reddit_t1_mvz8joe,train,keep,False
reddit_t1_mvt2xc3,train,keep,False
bluesky_1feb8bddddf65f2f5ce2cd6715dfce185a7ec786bd76142528f9fda0e1ff25e2,train,keep,False
twitter_2061212990670565546,train,keep,True
bluesky_b1e3f4cceb94ee975fda63256e23d5dd971c6cf1d04e96d46e8f0e84f3c58fd0,train,keep,False
reddit_t1_mtapcuf,train,keep,True
reddit_1tsvrdr_ooxxsy9,train,keep,True
twitter_2096881408740606036,train,keep,False
reddit_t1_myy1dly,train,keep,False
reddit_t1_mysn0hn,train,keep,False
reddit_1tt1xag_oozfi9h,train,keep,True
reddit_t1_mtk5cjq,train,keep,False
twitter_2061805590008234483,train,keep,True
twitter_2059630748231950486,train,keep,True
reddit_1ttbse9_op7i66h,train,keep,False
twitter_2061781744743759878,train,keep,False
twitter_2060363779251249407,train,keep,False
reddit_t1_mrilg8d,train,keep,False
reddit_t1_mwukaw1,train,keep,True
twitter_2096656015848542352,train,keep,True
bluesky_e9cc67aee0910a06a8476161512a4e3f5971eeb9ebb7bca47b1393ee5509780d,train,keep,False
bluesky_795acff9e33d971483f311ae5bfb9f00827acb7c0c00fad56b1749ba1fc3f9fa,train,keep,False
twitter_2061106535221068080,train,keep,False
reddit_1u2bp73_oqxilvu,train,keep,False
bluesky_87fefe7583f5520cea1abe8c226208ba85470777509199888d83f9142338d120,train,keep,False
reddit_t1_myp3s31,train,keep,True
reddit_t1_myo7ywu,train,keep,True
reddit_t1_mtv3u4v,train,keep,False
reddit_1tfkp9u_omcg58k,train,keep,False
reddit_t1_mwm579z,train,keep,False
reddit_t1_mt48jaf,train,keep,False
reddit_t1_mrivnrz,train,keep,True
bluesky_2457a3fa2c985f1807f91dd5e0bf5479ac8519bae8144edab210c6de13d331fe,train,keep,False
reddit_t1_mu05y79,train,keep,False
reddit_t1_mzp4d7r,train,keep,True
bluesky_7da2c1e083144365864a85f74c056ba6a035fe1c3a4a23961108d6388c49cb0b,train,keep,True
bluesky_dc248fd9baf01a2363641a15963820f212ab04320faa1b11b49a290e039c689f,train,keep,False
twitter_2061827304418840758,train,keep,True
bluesky_66f47fe334cd30165e71922f90f3f258108adc0e67ee5f619cab0023bd609123,train,keep,True
reddit_t1_mt0z5og,train,keep,False
reddit_1lhaiqa_mz2wefd,train,keep,False
twitter_2061820460984053831,train,keep,False
reddit_t1_mxhzfhk,train,keep,False
reddit_t1_mwg98qd,train,keep,True
bluesky_84d357ab3e7c03b73fefa1b9469fc04b842e60c615168736cb9c1b42d31ce5a9,train,keep,True
twitter_2060343480589951260,train,keep,True
reddit_t1_mqt3yix,train,keep,False
reddit_t1_my6z29b,train,keep,False
reddit_1kg9iiu_mqxac41,train,keep,False
twitter_2097081225932587400,train,keep,True
bluesky_1bcfce8ce47c03f53ba8d891029d02498f9ff8562cc44a1e6105e1ecc1fb9aca,train,keep,False
reddit_1tr5oy6_oolahoe,train,keep,True
bluesky_4b42f678e7602ede63b464aa8a99ef3e9488bdb63082097f92867f284768571f,train,keep,True
twitter_2096462313154887727,train,keep,True
reddit_t1_myxwyyw,train,keep,False
reddit_1kg8y4s_mqwwmb8,train,keep,False
reddit_1tsyeyo_ooypkum,train,keep,True
bluesky_702c59fd10b959dd76c7693e4f1bf0127b888fc03b34cdafc84e6fba2954fe43,train,keep,True
reddit_t1_mqmls29,train,keep,True
twitter_2061066667434606904,train,keep,False
reddit_1t75lvb_okmrrk1,train,keep,False
bluesky_7971d26beb181223c2398775f7fbc05c0043dcec16fb74279a1ba273024f306e,train,keep,False
bluesky_a80458d2ad55a1c4c4b69ab4938ba6bc1f695eae36914454c034532d1601add8,train,keep,False
reddit_1tuwb8f_opevgtn,train,keep,False
twitter_2061720825783275743,train,keep,False
reddit_t1_mva1xdy,train,keep,False
twitter_2061385066505437485,train,keep,True
reddit_t1_mx9gbn9,train,keep,False
reddit_1tx0jmc_opsfo5c,train,keep,True
bluesky_157a007932e25039b4bfa63e6442f5faf685849db1b84f7207776f8ddf2407f0,train,keep,False
reddit_1tyk2vf_oq57joo,train,keep,False
reddit_t1_mz34u8e,train,keep,False
reddit_1kt7kxs_mtrqj9z,train,keep,True
bluesky_c54a3642e72c29904bb7ffae5e3bb2bf3cfb99a454cf3d6b253214a0d1997250,train,keep,True
bluesky_84b7d4f91adc5bd91138738e35e415862840eddd146f9c2b1aff82bb4df15a82,train,keep,False
bluesky_2586cb503a2da8b59feffb6fb9f07e331c25379932a2a4bb35d53d96f61f4f2b,train,keep,True
reddit_1td4d2o_oltso4o,train,keep,True
bluesky_23895023687f884e136b1ca79d5dfffb98da106bb56bf1ae201ccfc2038b9598,train,keep,True
reddit_t1_muhn9sj,train,keep,False
reddit_t1_mxjs4hp,train,keep,False
bluesky_324239a1b58db48174ad6ab9097c45f6243128043577052f91c145de71300a7b,train,keep,False
twitter_2096249825964474369,train,keep,False
reddit_1u0ffqm_oqi0lcu,train,keep,False
bluesky_4afaa079f7a19c183eed083113612673b0a76277a173d5c0b323aabfcac48945,train,keep,False
reddit_t1_mrfbld2,train,keep,False
bluesky_b5c77024724880bbe4aa6dc61a53e4993043f87ca455d687e4c89dd4109a61db,train,keep,False
bluesky_97ed59302b452dd7db3dd46c4140fb1b286231d254e6e33dab5987f161feea22,train,keep,False
reddit_t1_mqrijw0,train,keep,False
twitter_2061462615000317972,train,keep,True
reddit_1u12ug8_oqqhinh,train,keep,True
reddit_t1_mz2540o,train,keep,False
reddit_t1_n0goqp2,train,keep,False
reddit_t1_mtnyhua,train,keep,False
reddit_1txnigx_opx7syx,train,keep,True
twitter_2061116585759080677,train,keep,True
reddit_t1_mz9bh4n,train,keep,False
reddit_t1_mtd8d00,train,keep,False
reddit_1txrk7b_opyg5so,train,keep,False
reddit_t1_mum5qwz,train,keep,True
twitter_2061567417307091320,train,keep,False
reddit_t1_mxsykfx,train,keep,False
reddit_1t6aimf_okibjul,train,keep,True
twitter_2061803427680989472,train,keep,True
bluesky_5e9808aeb54d2b877ca064e7274c42c51f3061dff5d32c6ae1264714ddd85120,train,keep,False
twitter_2061425001803235727,train,keep,False
reddit_t1_mt642zg,train,keep,True
reddit_t1_mqi0lb3,train,keep,False
twitter_2061250653897601226,train,keep,True
reddit_t1_mzn5l16,train,keep,False
twitter_2096702895215276074,train,keep,False
reddit_t1_mycf7s5,train,keep,False
bluesky_759e2ed7b3b732d40b151b65edb16c8c8a8db9b1e85399c58f4af0b8ebf8cfaf,train,keep,False
twitter_2061780225789190471,train,keep,True
reddit_1kzjx33_mw59i9s,train,keep,False
reddit_t1_mwlkqgz,train,keep,True
reddit_t1_mz2czcr,train,keep,False
reddit_t1_mzkkqb7,train,keep,False
bluesky_8cd4666e4147a0dd5617fda52a7e809094891e1413d67bf8004d757abb03698b,train,keep,False
reddit_t1_my62mxu,train,keep,False
reddit_1tdw39i_olyi17n,train,keep,False
bluesky_7890e063123392fc124e6dd332bf569b70960d5aa69de5b31878b669d0b7248b,train,keep,False
reddit_1tzdiak_oqel1wq,train,keep,False
reddit_t1_mse30bb,train,keep,False
bluesky_4c9f5c229010eb330af400673aea135d015d5e52006b8c8527ed75bfca7ca69e,train,keep,False
bluesky_7f4fe53d13d7b8f51e43eba9900a62f5c31321aac551aa79af450c26284d4e2a,train,keep,True
reddit_1u09w82_oqgpaay,train,keep,True
bluesky_0492f4b5ff49c034b728969e4f47619ce324f0ed557eb706087aa308b1b2d1f6,train,keep,True
reddit_t1_mu669ca,train,keep,True
reddit_1ttun3g_op5f3q0,train,keep,False
reddit_1txopv4_opxpqmm,train,keep,False
twitter_2061771830600286415,train,keep,True
reddit_t1_mzeboql,train,keep,False
bluesky_2d8e884d5d4911d64545c01211600fd4426eed2933b126721d0ec8fd4a59a7ae,train,keep,True
bluesky_1edde7cd035a1cca296f94e2784377f32c27ec4c4188303a6c64c4d2e9c20258,train,keep,True
bluesky_6dbe52f23c11eabdc3fafcf7fd1502b8c3cabee0ab897cd05c97827bdd77781e,train,keep,True
reddit_t1_msr5w6g,train,keep,True
reddit_1kjz233_mrrpkdt,train,keep,True
reddit_t1_mr2k7tp,train,keep,False
twitter_2061552926909145373,train,keep,True
reddit_t1_mq321ek,train,keep,False
twitter_2061812201522913502,train,keep,True
twitter_2061301776519766482,train,keep,True
twitter_2061607697498177991,train,keep,False
reddit_t1_mzc95up,train,keep,False
reddit_1kk3rr8_mru1dkf,train,keep,False
reddit_t1_myfrjyd,train,keep,True
reddit_t1_mw1m1rj,train,keep,False
twitter_2061172350905721032,train,keep,False
twitter_2060339921672396823,train,keep,True
reddit_1tvywom_opkqnsz,train,keep,False
reddit_1t7d5jc_ol0x4ur,train,keep,False
reddit_t1_mxav7uv,train,keep,False
reddit_1ti5ovh_omustwm,train,keep,False
reddit_t1_msv5prg,train,keep,False
reddit_1u33tv7_or2asyp,train,keep,False
bluesky_54e864879e8bf75fe0b9f01d2e1faf114d4dc8cfcf18cd944f15b582e091b9fb,train,keep,False
reddit_t1_mr47tx2,train,keep,True
twitter_2059756222744604849,train,keep,False
twitter_2061812350122930636,train,keep,True
reddit_1ksnt46_mtn7m36,train,keep,False
reddit_1lk8njm_mzpuwxk,train,keep,False
reddit_t1_mv7jdxm,train,keep,True
reddit_t1_mxzcs3n,train,keep,True
reddit_1txsm52_opzjvsx,train,keep,False
reddit_t1_mx7ndb8,train,keep,False
bluesky_dab3d5b030ee912476010862f5353d5dec55425dfddfbff06c09ded1424ee862,train,keep,True
reddit_t1_mqz50bk,train,keep,False
reddit_t1_mzm4if9,train,keep,False
reddit_t1_mr2cx6l,train,keep,True
bluesky_33e3e5693d44623db99722e07cd4767585c4d9931fab0523042cfe849c38f7bc,train,keep,True
reddit_t1_mxnnjv1,train,keep,False
reddit_t1_mrxwaev,train,keep,False
reddit_t1_mxdr10g,train,keep,False
reddit_t1_mq658r1,train,keep,True
twitter_2061559848920039733,train,keep,False
bluesky_87ca9e9476693defc230bbf900ebf6832a71cfce69eea71b7a8e4a11e4ee4003,train,keep,True
reddit_1ttui2j_op539m6,train,keep,True
reddit_1tux6at_opdrjia,train,keep,False
bluesky_ab4532f1c9fcf6131550f4764c9fa182dd2f8d43b44864b5dc5113310dc59789,train,keep,False
reddit_1tu7mub_op8qxus,train,keep,False
bluesky_4adcd47b6cc36f34faa6c81f4842e7b51b16f6abc57aad5e942f4338f224b9bd,train,keep,True
bluesky_19cec33c4c39c654e8cb8af46cf84cb1d2cb7fc542b4b3a7ed56df41d541df1d,train,keep,False
reddit_t1_muqb12n,train,keep,False
reddit_1t6mb7v_okj0bnx,train,keep,False
reddit_t1_mrshknh,train,keep,False
reddit_1tztcf5_oqg1mur,train,keep,False
bluesky_a93d8859bf0eca6334f6020ae1ec210f2dd119dc83b84047d11a2d88bc757fbf,train,keep,False
reddit_1ldl42u_my99o4l,train,keep,False
reddit_t1_mvw46of,train,keep,True
reddit_t1_mz3uv7a,train,keep,True
bluesky_8c67d02f2a7d2539cf3b906e5dad48d14c71091bc3083ec8e605587e4d45e7fb,train,keep,False
reddit_t1_ms32139,train,keep,True
bluesky_52e1ba215f5c93886421a491ab54bf99599ad900d42e48745c173f39de135ff4,train,keep,True
reddit_1l6tjrt_mwrj28x,train,keep,False
reddit_t1_mzcc7g3,train,keep,True
reddit_1scqdpt_oegf2zu,train,keep,False
reddit_1tz96fb_oqj7syu,train,keep,False
reddit_t1_mvrbk42,train,keep,False
twitter_2061525191042138570,train,keep,False
reddit_1lkhmhk_mzs8hds,train,keep,False
twitter_2061829285413896550,train,keep,False
bluesky_1e26ac05e718df532a62c1c6444294dac2fd77d8e40dba1356e15a31b1435249,train,keep,False
reddit_1lcoy3j_my517q8,train,keep,False
reddit_1txrv9p_opye5ll,train,keep,True
reddit_t1_mth60j1,train,keep,True
reddit_t1_mrrj06s,train,keep,False
reddit_1leau17_myjmash,train,keep,False
reddit_t1_msd8jt0,train,keep,False
reddit_t1_mtfh5ma,train,keep,True
twitter_2060437292343267820,train,keep,False
bluesky_7014a5dc48eebe2f45d26c0aef4292bdd6d94578124757ccb4ec57395d5cd8ab,train,keep,False
twitter_2061236485115002891,train,keep,False
bluesky_025932869239c02e814879321252b634ea2bd371269df6730e4808a90fc5a214,train,keep,True
reddit_t1_mt8fc1m,train,keep,False
bluesky_39b6f595379cc32a8b27155bdd71645ce80f376a0332ae9e2f9b7b2f90d3af8f,train,keep,False
twitter_2061529361908461803,train,keep,False
reddit_1tq6vyl_ooh5q4j,train,keep,False
reddit_1kv6w8n_mumrkdj,train,keep,False
reddit_t1_myzfk5s,train,keep,False
twitter_2061628875038142736,train,keep,True
reddit_1ti5cqx_omsvy6z,train,keep,False
reddit_1tzdiak_oqe6l4g,train,keep,True
twitter_2060001263203316029,train,keep,True
reddit_t1_mz4xg4v,train,keep,False
reddit_1lhaiqa_mz2tlf4,train,keep,False
reddit_1toq8g5_oo3lr8g,train,keep,False
bluesky_0abcfd04fa593a4770439ae3530a899cb61505495afdb05d5917b142282e63ee,train,keep,True
reddit_t1_mz9lf87,train,keep,False
twitter_2061550776351109618,train,keep,False
bluesky_beb14c62421b077a4accce00687bf8867a6e566c6d73737855b5b0a7b88d4a1f,train,keep,True
reddit_1lo82x1_n0nk59o,train,keep,False
twitter_2061827664642462077,train,keep,False
reddit_t1_mz1u888,train,keep,True
bluesky_7b10a2ac6d47799115facbd10449b46a6dcc43a2fb0a423841070dfd6101a538,train,keep,False
bluesky_f0336679902f1df3d413b8a5134be1842e60bb09bf186d83840c4d39b0a29f1b,train,keep,True
bluesky_cce2579ed8162cf2f5b772857d9da9476ebbc3b61c33e909a31909d49948878d,train,keep,False
reddit_1tim947_omvr4ts,train,keep,False
reddit_t1_mq8t12f,train,keep,True
reddit_t1_n0kgd1e,train,keep,False
reddit_t1_msvnr4q,train,keep,False
reddit_t1_myg8hyd,train,keep,False
reddit_t1_muw5vpa,train,keep,False
reddit_t1_msfzcod,train,keep,False
bluesky_2af1b3dc37f3ab642b9ab914252223b9696920888730d375275111692d48818e,train,keep,False
bluesky_29e6bcca6463309eb9a628f48bf7803f497b00fc72fc5f662621cd35797fda6a,train,keep,False
bluesky_ee3a7e2e5b8a3f90ed76426db062e4b83db8e51508ba169b070ce6fdbd62edbc,train,keep,False
twitter_2060450480334180794,train,keep,False
bluesky_75b1474304b286ae7d59587819e0e9d4a2da57d2cd1077a9ab2f70dd8e1b1d04,train,keep,False
reddit_t1_mv1a11e,train,keep,True
twitter_2061609179660616164,train,keep,True
reddit_1kdeuwv_mqaeubt,train,keep,False
bluesky_8f4b48b0097e1b665a20c2113a8606aa17d73fc2df29ff5e23b7f6e9edb0bca0,train,keep,True
bluesky_d3bfd63ecf2414ea6d7cb94ce5a3cc0aa17d5ab316ea6169c6b7e7ced7de6e84,train,keep,False
reddit_t1_mseruyi,train,keep,True
reddit_1tsvrdr_oozuxnb,train,keep,False
bluesky_00fb9dec17db93a0e842cdaaedc8b0d7a8eddfccb3cf0aa5d6435b9e921d534b,train,keep,False
twitter_2061791542876999866,train,keep,False
reddit_1tsvrr2_op0p9ys,train,keep,True
twitter_2096251417552167127,train,keep,False
reddit_t1_mx41qwb,train,keep,False
twitter_2060361295967228042,train,keep,False
twitter_2060498779673907487,train,keep,True
reddit_1tuzkhw_ope5oe1,train,keep,False
bluesky_e4cbb669ffe57e5eaeb05250633569b75a3faecacfe218a367906ff2ac90695c,train,keep,False
reddit_t1_n0h4u4x,train,keep,True
reddit_1kbupwy_mpxwumw,train,keep,False
reddit_1krctyl_mtdvevw,train,keep,False
bluesky_28ca8b766978f9e40c886557c407a1306acd50f81cb33340476d021a5555667a,train,keep,False
reddit_t1_mslm4ve,train,keep,False
reddit_1tztcf9_oqfzq2b,train,keep,False
reddit_1ti0vzj_omrqaab,train,keep,False
twitter_2061471806045687921,train,keep,False
twitter_2060025295684378658,train,keep,False
bluesky_85f73497813c48df948740e4b100925690912ce7f624d7f45696bfef81ecb518,train,keep,True
reddit_t1_mww1cli,train,keep,True
reddit_1u185il_oqwrhk7,train,keep,True
reddit_t1_mu8v4ud,train,keep,False
reddit_t1_mz2uhn6,train,keep,False
twitter_2061812135416430886,train,keep,True
reddit_t1_mtgunp7,train,keep,False
reddit_1tgwl5y_oml9cg9,train,keep,True
bluesky_51771105d7d2c6d9783f8ff4a4cc57112fef6a9f8f5f875c6db7f8ce8c9d0eae,train,keep,True
reddit_1tzcqta_oqb308m,train,keep,True
reddit_t1_mtc8qkt,train,keep,False
bluesky_8c00413398e819384d31dfdb69be33408f086ff62d20897b8aa7f2cdf10ae673,train,keep,False
reddit_t1_msv3ead,train,keep,True
reddit_t1_ms69rbt,train,keep,False
reddit_t1_mz33y35,train,keep,False
reddit_t1_ms31079,train,keep,True
reddit_1tbfpk8_ollijym,train,keep,False
reddit_t1_muqwx43,train,keep,True
reddit_1tsd2hr_oourfzr,train,keep,True
twitter_2061092151866372495,train,keep,True
reddit_t1_mtd15ei,train,keep,False
reddit_t1_mqpkwkd,train,keep,False
reddit_1t24gpq_ojmfes0,train,keep,True
reddit_t1_mrge5j0,train,keep,False
bluesky_12ca34bf44030187a6601d2abfd897188839df386ffc30e402c3892126a1e3be,train,keep,False
reddit_1ty6mdi_oqc375v,train,keep,False
bluesky_66b3ae72adef37f367d4896632fb1745bc091fdc41e504a8374752eb0b34a9ab,train,keep,True
twitter_2061423216325968181,train,keep,True
reddit_t1_muy76pa,train,keep,False
reddit_1tstlbr_op0i9yl,train,keep,True
reddit_t1_ms077fr,train,keep,False
twitter_2061467874120679813,train,keep,True
reddit_t1_mtr2fhs,train,keep,False
reddit_1tw1yjv_opmfrpd,train,keep,False
reddit_t1_mq3nn2t,train,keep,False
twitter_2061441762640420963,train,keep,False
bluesky_257b9449fa587b38cd5503567afc8bdeac925c410b681a577f126d8e1c898772,train,keep,False
reddit_t1_muczi9w,train,keep,False
reddit_1tyu1q6_oq80btj,train,keep,False
reddit_1kuc8p3_mu10uno,train,keep,False
reddit_t1_muoidxy,train,keep,True
reddit_t1_n04khtn,train,keep,False
reddit_t1_ms0t9as,train,keep,False
bluesky_69ca49713cb5f7cc7174fae5a67d1d9688abac33f51f07e91dcecafced8ff653,train,keep,False
reddit_1lg6glt_mytzb3b,train,keep,False
bluesky_d71b0985792e28c1d16ea1eb91e566a725140a1964963a30aae3d06381c731c1,train,keep,True
reddit_t1_mytp5k0,train,keep,False
reddit_t1_mso0znt,train,keep,True
twitter_2061192735260852372,train,keep,False
bluesky_9360b04e14f113be64876a22db98e3eb06854c731eef381228162677cc8a6907,train,keep,True
bluesky_db4d8ca86d7bbb91419ad89b3800c461d9f39edde9332639793bba1cd9195cef,train,keep,True
twitter_2061567840952398116,train,keep,True
reddit_1t7d5jc_okobxft,train,keep,True
reddit_t1_ms9mazb,train,keep,False
reddit_1tyojpm_oqco8dy,train,keep,False
reddit_1kdqzj8_mqff6dr,train,keep,True
bluesky_62baf82467c5b3d442dd124846aedd3577af738a5a209339d4e0fdea73e5f5a4,train,keep,True
twitter_2061217311130820812,train,keep,True
bluesky_1b7b2d6eaadd8a40dddd80e3eae09d6eb4bc734d573a4e4048401dc9cc35cab5,train,keep,True
reddit_t1_mx8649n,train,keep,False
bluesky_9ffb9154786c4d7266243dfb4957c53c059beca9c25eba9aa75b118ca3e150c4,train,keep,True
reddit_t1_mwumycl,train,keep,False
reddit_t1_mzsfo3y,train,keep,False
bluesky_02fc85b4879039c20bc0c451acf76fb4143bd0d7aaf46e2126d8357be8b0209c,train,keep,True
bluesky_4d02b7be4d6a25d26f770dc7bc71c06f888b7cef2c1082a534ced8a7ab320f4a,train,keep,False
reddit_t1_mudv4b2,train,keep,False
reddit_1u2ipxp_oqxt08z,train,keep,True
bluesky_d42f8672c3f9546bee7782d62e65bd7506da74fd33e52c386bc7734f074dd045,train,keep,True
reddit_t1_mwpvtu7,train,keep,False
bluesky_d9d95be5567486dfefe4ed5be86d4539625e8e39c22c8d319ca652c84f8101df,train,keep,True
reddit_1tswg2c_ooy7jdy,train,keep,False
twitter_2061619634889990582,train,keep,False
reddit_t1_mucbqbi,train,keep,False
reddit_t1_mr5ju95,train,keep,False
reddit_t1_mz3fl8a,train,keep,False
twitter_2061519844399312925,train,keep,True
twitter_2060781573377568897,train,keep,True
reddit_t1_mx8jtop,train,keep,True
reddit_t1_mrcbtf6,train,keep,False
reddit_t1_mriji4d,train,keep,True
reddit_t1_mscpblv,train,keep,False
reddit_t1_mx7qvj0,train,keep,False
reddit_1kc4rne_mq14m1h,train,keep,False
twitter_2061781528120590632,train,keep,False
bluesky_4cd8877c69e43e29f78502338db3e249c6c88bb32da03ab28d7225ddbb0374ef,train,keep,False
bluesky_6f1ff441d3530c0e2f5abfa35e94ca27dea87aaba7e4d9ccd9c061570561daa2,train,keep,False
twitter_2060006077106663786,train,keep,True
reddit_1u0l8qh_oqjr3ye,train,keep,False
bluesky_0b94cf955b723112515928d52749a42d8f0e373104185a44035b117b8dbc0177,train,keep,False
twitter_2096252084135845996,train,keep,False
twitter_2060267909721870546,train,keep,False
reddit_1u24ryn_oqy7p2u,train,keep,True
reddit_1kl9ad0_ms1dyux,train,keep,True
reddit_t1_mw75ce1,train,keep,False
bluesky_d4a26cdc72839efdb8bd954f3c9ed039fadbc88e2f326f0def04641999a39b6f,train,keep,False
reddit_t1_mxr58gz,train,keep,False
reddit_t1_msehlo3,train,keep,False
twitter_2060142764394725621,train,keep,True
bluesky_15bf2c588f7a335f6dd65b3dc994c4d261c591fed93b626a5922a5dfe438358c,train,keep,False
bluesky_aeca71066b2daabce11349c9ffd01f82cb71a715b7e3b35f8de99e907c93659b,train,keep,True
reddit_t1_mzlvhhn,train,keep,True
twitter_2061825902116241796,train,keep,False
twitter_2095816787157827826,train,keep,True
reddit_1kjcics_mrs2lqu,train,keep,True
bluesky_c276061e3fe93a0187eff3b2cb29a1ca8b69b222cb40379c0f511f34a34401b3,train,keep,False
bluesky_5961e67b44d385588de4c1502413e7933c9d2bd4ff82f6a9437c051eb5f3a265,train,keep,False
reddit_1l8zsgk_mxbg6x2,train,keep,False
twitter_2061780473097929004,train,keep,False
twitter_2061032441104495046,train,keep,True
reddit_1tvywom_opklqr5,train,keep,True
reddit_1tv1z4j_opi6zks,train,keep,True
bluesky_93c488082312648fe3f0a9fe68efce31c6227a0001d20c02b050ddb0fe0551cb,train,keep,True
bluesky_ea5c90a05f7dcb41339bdf201c404f268b53b31f862de1e09d5b136171f9ae87,train,keep,False
reddit_t1_mzx86qc,train,keep,True
bluesky_030577a1a44b939d10067fde5764c694f1a2acca1b66d170d7dc51be53fa2c68,train,keep,False
reddit_t1_mtcp4hx,train,keep,False
reddit_t1_ms5410y,train,keep,False
bluesky_3eec45555fa71fdd7d1c412c69f9bc6d7c1ef3b048e96c63eb8f2b23ab870c56,train,keep,False
twitter_2060435017612816643,train,keep,True
twitter_2060790561762582583,train,keep,True
reddit_1u0gyo8_oqj856g,train,keep,True
reddit_t1_mse10ii,train,keep,False
bluesky_cec1a4afb7aa129e06746d247374cdc01fff35db64e8fa2c1a8a6ac0e57e7b5d,train,keep,False
reddit_1lnk6uq_n0ftfrp,train,keep,False
reddit_1kybr30_muwt2bk,train,keep,False
twitter_2061568533314564596,train,keep,True
bluesky_48c96ff5df4cc95d3d728991467a6272a68869d2574eb8909ba173cfbaa5ee07,train,keep,True
twitter_2061192032656232603,train,keep,True
reddit_t1_mqjbgql,train,keep,True
reddit_t1_mtj7tdg,train,keep,False
reddit_1kgz5f8_mr381po,train,keep,False
reddit_1kwzgin_musbv9y,train,keep,False
reddit_1tzjirf_oqbqwvw,train,keep,True
reddit_1thqwmy_on2xg32,train,keep,False
twitter_2061790260217147731,train,keep,True
reddit_t1_mt139cq,train,keep,True
reddit_t1_n006i7z,train,keep,False
reddit_1tzmjlz_oqdr769,train,keep,False
twitter_2096627300817158450,train,keep,False
reddit_1tmhzua_onn0ips,train,keep,False
twitter_2060629030605336715,train,keep,True
reddit_t1_mr389z8,train,keep,True
bluesky_fe85858b997051d3f98a4912d781c0b361a7c1c75bccb67b4575e56177170c0b,train,keep,True
bluesky_b392a3ae52a592937310624656757b95a8bf6502215024c3d8cffbce7f6e949b,train,keep,False
reddit_t1_mxrptvc,train,keep,False
reddit_t1_mwzd615,train,keep,False
reddit_t1_mrxwk0q,train,keep,False
bluesky_b61402f3df15bcd56c3f7cc2ebce6ffd93bc0f973fa38988d41b0234f79f3a18,train,keep,False
reddit_t1_mt6ni0t,train,keep,False
twitter_2060591870477017313,train,keep,False
twitter_2061812227573723223,train,keep,False
reddit_1u0l8qh_oqj7zeh,train,keep,False
reddit_t1_mrzdft1,train,keep,False
reddit_1tsx0f1_ooycwq8,train,keep,False
bluesky_028c69be05fe04f186940ed5da1608c5550c86e43618f3224c9b56375d2df80d,train,keep,True
reddit_t1_mztw0xb,train,keep,True
reddit_1ti6ied_omtbx2k,train,keep,True
reddit_t1_mral1wq,train,keep,False
bluesky_9abf25c97efe8db902adb022625867a696b10c5e1083b96e34f7dc6868921308,train,keep,False
bluesky_9c9b5b52170ff043e94151d12aea0970064e1b8e02a75854a3ea018b1abd250a,train,keep,False
reddit_t1_mzn4agd,train,keep,True
reddit_1ko1wue_msoyqvc,train,keep,False
twitter_2059689231480422767,train,keep,True
twitter_2060400815064420864,train,keep,False
reddit_1tvll8k_opiozzo,train,keep,False
reddit_1t774fv_ol7k7rv,train,keep,True
reddit_1tyet91_oq5xaat,train,keep,False
reddit_1tvll8k_ophw91a,train,keep,False
twitter_2061518814613782857,train,keep,False
reddit_1tiody8_omx1tnn,train,keep,False
reddit_t1_mwussh0,train,keep,False
reddit_1tcfc4a_olnrtop,train,keep,False
reddit_t1_mxhjv6t,train,keep,False
bluesky_f869ab8810b5d46b230f7365c2dec203e952bb91eea5c5f3c0cb8902f9c61633,train,keep,True
bluesky_64863447ab3a1c58aae7fe36ce3de8538541b0fa80b79c4543388369d6f90d79,train,keep,False
reddit_t1_mt7ma9f,train,keep,False
reddit_1txi7g6_opwp974,train,keep,False
reddit_t1_mstlhs6,train,keep,False
bluesky_58860b609529041da3bd34c52a6176211211022e36c4ddadca323953ce3b710d,train,keep,False
bluesky_4aee15939f59f0b8664d75c0f32e11dc1ee7b9dc1643ece2966f1089c3773446,train,keep,True
reddit_t1_mx29s23,train,keep,False
reddit_t1_mzigi6d,train,keep,True
twitter_2095754497888760074,train,keep,False
reddit_t1_mqstb6s,train,keep,False
reddit_t1_mt91s12,train,keep,False
reddit_t1_mrat7dx,train,keep,False
bluesky_6794a1b954639622e8fdbd2786db9885f96d5fe42f787a91252207d6466c3e15,train,keep,False
reddit_t1_mv8o440,train,keep,False
reddit_t1_mr41uhz,train,keep,True
twitter_2061551679284400520,train,keep,False
twitter_2059287515173916868,train,keep,True
reddit_1tswg2c_op0beo8,train,keep,False
twitter_2061828468317528184,train,keep,True
bluesky_066b0c1d60b60f5e8bb254ac464ac95b6330bbf0afb72fdcebdc141f5ac47176,train,keep,True
reddit_1thqwmy_omsc4xw,train,keep,True
reddit_t1_mywognc,train,keep,False
reddit_t1_muga7es,train,keep,False
bluesky_4e6dc5759ed42c4215ecaf0b21c8aa791d75343dcf0573ce5879bfc867fbca44,train,keep,True
bluesky_dcceffe3e025f190806781eb8d772f7337c3f4e06f7f036681be6ad808349627,train,keep,True
reddit_t1_mqy3cde,train,keep,True
reddit_1l4ary7_mw84ie3,train,keep,False
reddit_t1_muyytuq,train,keep,False
reddit_1tzgcp8_oqb77ur,train,keep,False
reddit_1khze64_mrbf3x4,train,keep,False
reddit_t1_mue4xor,train,keep,True
bluesky_60bb41088ef01c5e5f22cd0c47c6b63312fa7b4981d50fc01aaa80ad0aeecc60,train,keep,False
bluesky_2a23e7e9a75ed3f83cc31db3fdc6742853b91e0c0388fab92432a38cf554d0a9,train,keep,False
bluesky_e3d3bdfc3c2a4eb632b1be9adad5839cb9c72f93a738c7da7bc052586bc4c06f,train,keep,True
bluesky_ea9ee58c0a0b2d83eea5554420fcefde1f426416aeeb1b6c1b2e2d6d56c4a4d1,train,keep,False
reddit_t1_mu5fz9a,train,keep,False
reddit_t1_mv3upqt,train,keep,False
reddit_t1_mw5vg1h,train,keep,True
reddit_t1_mv5m9id,train,keep,False
reddit_t1_n0l1ouh,train,keep,False
bluesky_216ebd5a565beb2c4d796eb9eed6a3cfaf18ea3e1b44362fd9fe7fd8848ff3bf,train,keep,False
reddit_t1_mxjzl35,train,keep,True
bluesky_787149e1dc5f43b4061e3b7bfcaaaa9d739313f298d55a2ddda16895c8261065,train,keep,False
reddit_1tvywom_opkz4y6,train,keep,False
bluesky_9ccd7ac42ceb7d46aca21ead32e6f68ddd0e33d102ad5da83cbf58becdc4e0ac,train,keep,False
twitter_2061442766274494588,train,keep,True
reddit_1tvsp9t_opjj8w8,train,keep,False
reddit_t1_mv94i77,train,keep,True
reddit_t1_mqvk8v0,train,keep,False
twitter_2060811987328933954,train,keep,False
bluesky_3ad4189302c582f0fbf3a18540aaa32f42b9d75dfaff3e683a89196c98abae97,train,keep,False
reddit_1ktjhl8_mtw8g2p,train,keep,False
reddit_t1_mt40m6g,train,keep,False
reddit_1klqcva_ms4av37,train,keep,True
reddit_t1_mtagssd,train,keep,True
reddit_1kpv7mr_mt12bdc,train,keep,False
reddit_t1_my9ahjk,train,keep,True
bluesky_9f4d9bbd5cb60d4e82892f6062af1bf6c71ad50cfc69425d6b52363d81aedb02,train,keep,True
reddit_1tw57mx_opmmljj,train,keep,True
bluesky_e4692266435062324f5dd65500c713ce1c02785ece75d170c4bf143d3021cdcf,train,keep,False
bluesky_8c3e75fd9d5b5b16326a392cf6b7d34553e8eadde0b3327b56408b149dff76ab,train,keep,False
reddit_t1_muawtm6,train,keep,False
reddit_1tvzs8j_opmax6r,train,keep,True
reddit_t1_mwk1x77,train,keep,False
reddit_t1_mz66hxw,train,keep,False
reddit_t1_mxwbkcd,train,keep,False
twitter_2096451395394125848,train,keep,True
twitter_2061619918366536162,train,keep,False
twitter_2095484262392729682,train,keep,False
bluesky_fcb5cee4db2de560ada40f0f04a69691c035be3d602fef729c6baeb1f8df6de7,train,keep,False
twitter_2061605238499602643,train,keep,True
reddit_t1_mszq36f,train,keep,False
reddit_t1_my1jijb,train,keep,False
reddit_1ljewdi_mzjb1d2,train,keep,False
reddit_t1_mxai5zh,train,keep,True
bluesky_eea306c58c8a7552871a9d1aae263a5e22a90fac0715e3f04eaa5ece889fcc29,train,keep,False
reddit_t1_mq70x4s,train,keep,False
bluesky_61bdd8945e8a3b3dcbd7fcaf2a0daafa117ea7e090a6d8a00eeb0ea0c2b8b050,train,keep,False
reddit_t1_n0lu6qi,train,keep,False
bluesky_639630b84948a178bcf029ebb244f1b69c3ce3530f8a98d82697b17b55ab81cc,train,keep,True
reddit_1t1zmb4_ojmillc,train,keep,False
reddit_1kk86gk_mrtbrdz,train,keep,False
twitter_2060071996633805203,train,keep,False
reddit_t1_mz2vpai,train,keep,True
twitter_2096673009495150929,train,keep,False
reddit_t1_n09rzh5,train,keep,True
reddit_t1_mqpxk6u,train,keep,False
bluesky_9e2b7bc07b8b336ed749f968f8034abfacd4c2a53d454f73e84f811bf3baa475,train,keep,False
reddit_t1_mthc3g1,train,keep,False
bluesky_99e6d49c3bfaac532db1180794500cb576d8d882f2147962c907c6815ee302fc,train,keep,True
bluesky_4041000461f26b5394babd9d4cf25363579b3efdff88daf6db7fae3f3af34d7b,train,keep,False
reddit_t1_msui1a9,train,keep,False
reddit_1twd1b6_oppoh4j,train,keep,False
reddit_t1_mv7wht2,train,keep,False
reddit_t1_mrr7d8o,train,keep,True
reddit_1td5imr_om08cs6,train,keep,True
reddit_t1_mzx4jfg,train,keep,True
reddit_t1_mt0z0kh,train,keep,True
bluesky_dca6072f9591e35c254191b5f35c47586ce982b3a2aaf70bde949efae2e38740,train,keep,True
twitter_2061623566475399335,train,keep,False
reddit_t1_mx316io,train,keep,True
reddit_t1_muji6tr,train,keep,False
bluesky_7767b2eddbea4e8d0601cd869b021503ec033c594c0644c74268b0bb3e628a63,train,keep,False
reddit_1t68wht_okg5gb5,train,keep,False
reddit_t1_msooqrm,train,keep,True
bluesky_fbcafc4a3ef9a0682ec29701360af8fe8c96f97e22a62d41c72cfb1914fa4367,train,keep,True
bluesky_e83af26bc9a5e284882618aaa20f51a031b7ef2b270eda67c88eee9441ffd42a,train,keep,True
reddit_t1_mqehy5n,train,keep,False
reddit_t1_msyi6dv,train,keep,True
reddit_t1_ms5mk4m,train,keep,False
reddit_1tlur1u_onjn3wx,train,keep,False
twitter_2061510628561260924,train,keep,True
twitter_2060437978468470812,train,keep,False
bluesky_669101a6436b219c4fb5773e3284115ce84400d228452fcdc800b021d91ac586,train,keep,False
reddit_t1_msxm8mz,train,keep,True
bluesky_61537c569f1b19af85a5a4105a4513e5a4816fa761c22ab73b95e9a942715599,train,keep,False
reddit_1tk85o3_on911mf,train,keep,False
bluesky_aa5c6718682ba46561ab67cad0c64adb567a8ec745aac6935d0d136e3af36535,train,keep,False
bluesky_4e9b1b144ec5831dad7bef5a36220807bc4078db4340142ed5b36e8749bfd201,train,keep,True
reddit_t1_mviwkp4,train,keep,True
twitter_2061587709328589203,train,keep,False
reddit_t1_mquz42c,train,keep,True
twitter_2060606006003192079,train,keep,False
reddit_t1_mv7mt3l,train,keep,False
reddit_t1_mt6f7ny,train,keep,False
bluesky_05f614cf60ca52e6810c73132a2f8a66679a7d0dd3de58e1afd0cc7c852b306c,train,keep,False
bluesky_9e319413ef85029a18a00551041e5ad8f553b38c49887086f6d3f2286670b239,train,keep,False
reddit_t1_msf1k1n,train,keep,False
reddit_1u28e60_oqvitz7,train,keep,True
reddit_1tswi99_ooy6x4h,train,keep,False
reddit_1ksoi5v_mto2k9i,train,keep,False
reddit_t1_mxksnie,train,keep,False
reddit_t1_mrlzxuz,train,keep,True
reddit_t1_mvizu0c,train,keep,True
bluesky_d28a0ce66729ebc1e916399ccc2e1909cf21a253e3948c5a3a9e1176748e1467,train,keep,True
reddit_1kgvslf_mr416pu,train,keep,False
bluesky_72235eaea6911f5a5b129a547d546c907f9156e3061e3179aff0b67ecdf7cbb8,train,keep,True
twitter_2060841587467333696,train,keep,False
twitter_2095918911531127150,train,keep,False
reddit_t1_mztaveq,train,keep,True
reddit_t1_mv6oxfk,train,keep,False
twitter_2061647123225903525,train,keep,True
reddit_1kigdcc_mretwh1,train,keep,False
reddit_1lhaiqa_mz2ubhr,train,keep,False
reddit_t1_my21z5s,train,keep,True
twitter_2060285801414414841,train,keep,True
reddit_1t774fv_okxkmax,train,keep,False
reddit_t1_mx2jrxs,train,keep,False
reddit_1kjzkld_mrt64we,train,keep,False
twitter_2060781814357033044,train,keep,False
reddit_t1_my0putf,train,keep,True
reddit_t1_mu8o3vh,train,keep,False
reddit_t1_mpxxoob,train,keep,False
reddit_t1_mwkahil,train,keep,True
reddit_t1_mxoxvt8,train,keep,True
twitter_2060810026206237183,train,keep,False
reddit_1ttxea2_op8np5l,train,keep,False
twitter_2061827669159780636,train,keep,True
bluesky_dc071e6cdc2d91770727c7c596e49c974f413f5331def53ea46e81d125b7eb62,train,keep,False
reddit_t1_mtnsw9m,train,keep,False
bluesky_4d65d393ff93571e9b21e29c638a9ab48d1a2e0c239247f30c581c32ae487509,train,keep,False
reddit_t1_mswd4k8,train,keep,False
twitter_2061688413141573972,train,keep,True
bluesky_5ee2725426efbf2bb9f92bce86db60c2b653fd64dcdf568bd6301b67ed257ec5,train,keep,True
reddit_t1_mt4j4j9,train,keep,True
twitter_2060955190614782066,train,keep,False
reddit_t1_mr3ca0j,train,keep,False
twitter_2061357181757186283,train,keep,False
reddit_1ld0zmc_my4u4hx,train,keep,True
reddit_t1_n0nxpq2,train,keep,False
bluesky_e0d580ad1dc3de6867caa190a3fee01a9bd17aed37c31ee91c21ba9792134ef1,train,keep,False
reddit_t1_mtjgp8f,train,keep,False
reddit_1u237rb_oquulof,train,keep,False
reddit_t1_myyz0to,train,keep,False
twitter_2061670924462575645,train,keep,True
reddit_1tj016u_omxz8oe,train,keep,True
bluesky_ad10aef68ccf81be26d55bbbc190880b8539b5a402832132e39aaaa4aa8fceca,train,keep,False
reddit_t1_mzey8p2,train,keep,False
bluesky_22aa5d9ff5c91139ea8118cb74bfa7d05a7e135d363ec61e11259bf41122c272,train,keep,True
twitter_2061827648607687107,train,keep,False
twitter_2096072678339723636,train,keep,False
twitter_2060430690424938809,train,keep,True
reddit_t1_mtksbha,train,keep,False
reddit_t1_mt7jcnv,train,keep,False
reddit_t1_mtqd83h,train,keep,True
reddit_1ti5ovh_oms2v4q,train,keep,False
twitter_2060421768913793130,train,keep,True
reddit_t1_mw68ihq,train,keep,False
twitter_2096626435930620344,train,keep,False
reddit_t1_mtbpgmx,train,keep,False
twitter_2097038347143377368,train,keep,True
reddit_t1_mrhf223,train,keep,True
reddit_1tzdiak_oqb8a5y,train,keep,False
bluesky_3c6df3b072a9a53bf02c526800f6d05dfacb75f7afd8ea4b9cdf4621a499a075,train,keep,False
twitter_2096907370102219141,train,keep,False
reddit_1ttsfrd_op6moku,train,keep,False
bluesky_647da9a4d69f6c38c75c021a353e3d0d54e8572416af6c7144a95e005cb3d9c1,train,keep,False
reddit_t1_mx47bp8,train,keep,True
reddit_t1_mshmamz,train,keep,False
reddit_1tuzkhw_opdn881,train,keep,True
reddit_t1_mzcf0yg,train,keep,True
bluesky_72c04d4f06240fb8d71a0cd8b1d6aac8a9559aa2756e601ff4fb005e1621432d,train,keep,False
bluesky_191ffceeaffb39acb8ba7bcde950e0764ae0690ca99ba832a1c9e42dae9e92d3,train,keep,False
reddit_1tpf0kw_oog3qn4,train,keep,False
reddit_t1_mwnr663,train,keep,True
twitter_2061534794215821693,train,keep,False
reddit_t1_mw6espe,train,keep,True
bluesky_700192d28baedc5017b9af8922c51a50917649c4548b7a9ec42a2566ec9fa58e,train,keep,True
bluesky_399503dbd7b84a22f4eb1d79f1c61cdcaf177e36c14b2fdf94e186226e97f77f,train,keep,True
reddit_t1_mzwb86q,train,keep,False
reddit_t1_mu1jh83,train,keep,False
reddit_t1_mt9j4e2,train,keep,False
reddit_t1_mr3eagk,train,keep,True
bluesky_a7b749de72e059505f2b9bfd1f65de4c0bda95b052174a86861932f90bf20af0,train,keep,False
reddit_t1_mu54q56,train,keep,False
reddit_t1_mstjbww,train,keep,False
bluesky_f3ee3796b2a734f0dae863a9e5ef2fcfaca8c6e5e0d1af4169113bf09a3b98d1,train,keep,False
bluesky_c3be681dfdaa0e60509845f3172f35b3f2724a887babc34d15f538c5102bb4b3,train,keep,True
reddit_1u2ipxp_oqzn817,train,keep,False
reddit_t1_mxotlff,train,keep,False
reddit_1ku2tfb_mtyxan5,train,keep,False
twitter_2060631839015051519,train,keep,False
reddit_t1_mvkpnch,train,keep,False
bluesky_16daa2494bbf8730d1259652e1f355a2faa78e8cb9c7810c2dbad6fd312c7a47,train,keep,False
reddit_t1_mrw65gu,train,keep,False
reddit_t1_mrlxx14,train,keep,False
reddit_t1_mro425l,train,keep,False
twitter_2061321700021809353,train,keep,False
twitter_2096469207991161139,train,keep,False
reddit_t1_myedtv9,train,keep,False
reddit_1ldsaaf_myb177w,train,keep,False
bluesky_f38f3c44ac8a09d6d2f4e8601d256d8db4f9d2231703d1fb5a0ef247ae018a59,train,keep,False
reddit_t1_mveqh05,train,keep,False
twitter_2059900821634990503,train,keep,True
reddit_t1_n09mq9e,train,keep,False
reddit_1t1x818_ojlduo3,train,keep,False
reddit_t1_msgz1ua,train,keep,False
reddit_t1_mrlw2h6,train,keep,False
twitter_2060806724701790231,train,keep,False
bluesky_0af8e6dd910ad07d23db7eeffbf2663846e7c36ec7f9cd77e9b82633508662cd,train,keep,False
reddit_t1_mrhcv6w,train,keep,False
bluesky_daa0cecd33dca5f1fb757dd50a3a70b1ff3dc93eadfc839e16738e7beff07575,train,keep,True
reddit_t1_muy6gop,train,keep,False
reddit_1txrv9p_opykf67,train,keep,False
reddit_1u0n3rj_oqjt8q7,train,keep,False
reddit_t1_mt2ojj7,train,keep,False
reddit_1tkic8a_onb9vab,train,keep,False
twitter_2096249820990058896,train,keep,True
twitter_2059318701380256081,train,keep,True
reddit_1t84e9i_oku5em1,train,keep,True
twitter_2061765352351019512,train,keep,True
reddit_1kziugd_mv8k03i,train,keep,False
reddit_t1_mvn912o,train,keep,False
reddit_1li51oc_mz9elhs,train,keep,False
reddit_t1_mz5f3ri,train,keep,False
bluesky_eaec4a5a4e9b7e7aa9507900e66c6d1a78676d81b01880f1d06f492ccc9785c1,train,keep,False
reddit_t1_mt807hx,train,keep,False
reddit_t1_my5rwlq,train,keep,True
reddit_1u2ek28_oqzmgb8,train,keep,False
bluesky_d74973a18ec62379364991a70d21adbae0e9c8c78968a50a29b54ab1bbf7e6a6,train,keep,False
bluesky_cff40ff47ca8ca0faf965425899e9f99087447f4cde7cc996ae00fa245682619,train,keep,False
reddit_t1_mvr0e9r,train,keep,False
reddit_t1_mws1tri,train,keep,False
reddit_t1_n0kumkn,train,keep,False
bluesky_f10c1ef32aaab531e48b97a1b85475f19d145e7b32137d04f63106707d0052a3,train,keep,False
twitter_2060436692935549013,train,keep,True
bluesky_06c4c0fe842a72277bda7916dcd8f229c5bd290d59de803be1aaf5da8e64bf3e,train,keep,True
twitter_2059528864431304830,train,keep,True
reddit_t1_mqyb2fx,train,keep,False
reddit_t1_n0fwe40,train,keep,False
reddit_t1_mr6dabz,train,keep,False
twitter_2095909905584803852,train,keep,False
twitter_2059635547908247953,train,keep,False
twitter_2060603806170145047,train,keep,True
reddit_1tucjhu_opayf0l,train,keep,True
bluesky_b6c5feb08f644ea878b0879bad8758ab2e23b46d3136219b33def0c77a5c4719,train,keep,False
reddit_1tuue1j_opdkhnv,train,keep,False
reddit_1tis5zu_omzozhs,train,keep,True
bluesky_d20f647adc7d5d791d34d3a9ba5aabefb542e96d23c62828573feeefe78f120f,train,keep,False
reddit_1u0y79a_oqs9vr9,train,keep,False
reddit_t1_mqm6h8e,train,keep,False
twitter_2060795824620396558,train,keep,False
reddit_1tn7lg4_ons1xcq,train,keep,True
twitter_2059443049650942305,train,keep,False
reddit_1u16h1f_oqnw614,train,keep,True
bluesky_706a626a9b42369ad485a9238bb5fbc43a8edf9e8805ab0657703e5e8b6df36d,train,keep,False
reddit_1lhc9kv_mz34ak3,train,keep,False
reddit_1tp5g11_oo806eu,train,keep,False
twitter_2060368062818496596,train,keep,False
bluesky_9ea593b9859dcfcde683f522134a04f874bacdff4c06bd28b56e0eae02cf5f01,train,keep,True
bluesky_14ecb3c7484748cb08593268ef2bcb42d8957216d8a0c41c2dc0053c5b59f213,train,keep,True
reddit_t1_mz46niy,train,keep,False
twitter_2061032288096235596,train,keep,False
bluesky_4c77189aaee7704a9d8486221f07ece14d8a71f17702d21952d3a9e91587476f,train,keep,False
twitter_2061461354410631305,train,keep,False
twitter_2060922182662852931,train,keep,False
twitter_2061802017790509436,train,keep,False
bluesky_531420bf8532ccb2af4129343d7a977ae5b6199415ea747ac03a0d0e2e219e5c,train,keep,False
reddit_1ty956s_oq2ljb2,train,keep,True
twitter_2061547420748578936,train,keep,True
reddit_1tyet91_oq40pin,train,keep,True
reddit_t1_mzdvhyn,train,keep,True
reddit_t1_msnucr5,train,keep,True
bluesky_f3c1f119bc51316ac82867eff54a17f089ab5bacfdc3f09030d60112b2ad39a0,train,keep,False
reddit_t1_mt6irn3,train,keep,False
bluesky_8e32b3fb0cfff86e1595b20b58e960ff01859456b085d0dc9da9ebd02abbb07e,train,keep,True
bluesky_f5811a60bab59f60aaabcf4b96297fe9dafc060ad72cfb4c5a1ad3bf37ca4e32,train,keep,True
bluesky_c174f1e221f030a00bf48158ee25d6b5b35a3da12be6722865cf7f82ce22441e,train,keep,False
reddit_1u26v2r_oqwnug1,train,keep,False
reddit_1tvzs8j_opl3fqa,train,keep,False
reddit_1tqhy93_oohtsgu,train,keep,True
reddit_t1_mwybhhi,train,keep,False
reddit_t1_myjxd93,train,keep,False
reddit_1tucjhu_op99r08,train,keep,False
bluesky_b178a1e0c26b5301dbb6aceb395f1334d6c4e992c8813c2caed63ef453583987,train,keep,False
twitter_2060096119154377039,train,keep,False
bluesky_a54bf0313a1006a1d3331e1277e3830357a793aab0741aa2fb94c43929f64d02,train,keep,False
reddit_t1_mtaxlwx,train,keep,False
twitter_2096656132441796865,train,keep,False
bluesky_083877a8fb68602468aa9564d011eef649334136aa669a8f84845ac4f231dd03,train,keep,False
twitter_2061811335340372273,train,keep,True
bluesky_86f04f20a222d736b78206700f52dc43e39efcea563c27910183f6606f2d64b8,train,keep,False
reddit_1tswg2c_ooy5rzu,train,keep,False
reddit_1tjltsf_on3e3ne,train,keep,False
reddit_t1_mvs410l,train,keep,False
reddit_t1_mxwqopp,train,keep,False
reddit_t1_mybd7vh,train,keep,False
reddit_1tu98vb_op8tbme,train,keep,True
twitter_2061553395043832298,train,keep,True
bluesky_35181d70137d7e66560c422d4d6fc172164158b4629fa39fc5754a573cc5a110,train,keep,True
twitter_2061628927995511274,train,keep,True
reddit_t1_mw1op1a,train,keep,False
twitter_2060335843584200914,train,keep,True
reddit_t1_myt60vs,train,keep,False
twitter_2059482224035004749,train,keep,False
reddit_t1_mzlskpc,train,keep,False
reddit_1liutti_mzeztv2,train,keep,False
reddit_1tgwl5y_omjmjse,train,keep,False
reddit_t1_myqhqd4,train,keep,False
bluesky_697e023ea5b6df0c3e356953197ef3cb6ecd03fa5524d1b26b8db9846d14b2bb,train,keep,False
reddit_1kexwzc_mqmf9iq,train,keep,False
reddit_t1_mw96tdp,train,keep,False
bluesky_098bcd761c09ee9dad38e74eb40f9e254725176489df2b24670185cc47b41ce0,train,keep,False
reddit_1tsxfco_ooyo3hb,train,keep,True
reddit_t1_mwge6ov,train,keep,False
reddit_t1_mut5d2h,train,keep,True
reddit_t1_msz3ddm,train,keep,False
reddit_1l7ae5z_mwvs86w,train,keep,False
bluesky_2473483756185fd49d6e835368f9fae71ef8fac52a20efd8bd90e0ad53735e67,train,keep,True
reddit_t1_n03jcpd,train,keep,True
reddit_t1_mqx3yej,train,keep,False
reddit_t1_mzbfdpd,train,keep,False
reddit_t1_mtqzt7t,train,keep,False
bluesky_d92953166b2666ce7523692e8c676266e8c10c8df031e3b1fe281be61ab7af43,train,keep,False
reddit_1tvu9kc_opleaoj,train,keep,False
bluesky_5ab663ba0ae92491895ea4e9d60f538de7c73bd48b0b0b2510f0afeabd7260c6,train,keep,False
reddit_t1_mx5r150,train,keep,False
reddit_1t1zmb4_ojlq2pi,train,keep,True
reddit_1kjz233_mrr7d70,train,keep,False
reddit_t1_mrua3nj,train,keep,False
reddit_t1_my0t9z5,train,keep,False
reddit_1t1xwtl_ojl2a8a,train,keep,False
twitter_2059687382006300888,train,keep,True
reddit_1td5f0g_olu7oke,train,keep,False
reddit_1tiu061_omx6tdn,train,keep,True
reddit_1lbmpv1_my93xao,train,keep,True
bluesky_ecb8ab6d5b6ceaa1e5154c8c8ad8ea98cd3e565c7130dda72b97143ced922ccc,train,keep,False
twitter_2061382200050975210,train,keep,False
reddit_1u0gjyt_oqis16c,train,keep,False
reddit_t1_mtv3e3s,train,keep,False
reddit_1ktr626_mtx6j47,train,keep,False
reddit_1trnhrp_ooqpry4,train,keep,False
reddit_t1_msv36be,train,keep,False
reddit_t1_mza0nlg,train,keep,False
reddit_1tqcf7r_oogsc36,train,keep,True
reddit_1trdy16_oon9947,train,keep,True
reddit_1khyp7b_mrbhzk5,train,keep,False
reddit_1tt0mlj_oozrc65,train,keep,False
reddit_t1_mycdz9h,train,keep,False
reddit_t1_mxxjw6l,train,keep,False
reddit_t1_ms8pcvk,train,keep,False
bluesky_fc66c9814bbc207721704468fc02009d52dc976b273aafbc65f7ec072982b3a0,train,keep,True
reddit_t1_mzrp0sw,train,keep,True
twitter_2096701078280470735,train,keep,False
twitter_2061827465866076408,train,keep,False
reddit_t1_n09r1ht,train,keep,True
bluesky_3d6fff5ae59b6fbe4b16733d5229284e00ecb72298d24608b52e3cf60dc00a1a,train,keep,False
twitter_2060047374412562580,train,keep,False
reddit_t1_msi250h,train,keep,True
reddit_1t84e9i_ol0lpvm,train,keep,False
bluesky_0d60417b1392771a61a5b511475948b903ef82b735f82f618a8875d9a4a67e4b,train,keep,True
reddit_t1_mqyjxj1,train,keep,True
reddit_t1_mzdghqj,train,keep,True
bluesky_d417d5a9edf3e4e6aa181012e6d15478eaee596ffe805b5ec295a8008c2ff7a1,train,keep,True
bluesky_8596d712ba13c1e59f20d209b7666037f8c3ec49b7846234a1624c7d74bd1f92,train,keep,True
twitter_2061801627930026254,train,keep,True
twitter_2095153023215440328,train,keep,False
reddit_1thqwmy_ompl1kw,train,keep,False
reddit_t1_mqx806g,train,keep,False
reddit_t1_ms3shvr,train,keep,False
reddit_t1_mr6cbz3,train,keep,False
bluesky_3bf444de2438eb824955a82d4783b43b14327315eb9935a6bd9bad520ece7e4b,train,keep,False
bluesky_01a42218af0e11389c6737321652db23ecf5fad927dd5f6f145c6e339ec02fce,train,keep,False
bluesky_89309ce767ef0d76b1c3a522fe2863cdbe77b49489ff4c292958d32890247cb1,train,keep,True
reddit_t1_mqj0iho,train,keep,True
reddit_t1_mvhnywx,train,keep,True
bluesky_e0d2237bcaa3ea395394f68ac843ff9296fdd8d34aab172d43864f4d4dd846c1,train,keep,False
reddit_t1_muqpkdh,train,keep,False
bluesky_a31753858ee9751e224faaa440f14324a5462f94a3736e5ff483320ce792c032,train,keep,False
reddit_t1_mpxq5op,train,keep,False
bluesky_a7fbcb910b2383b87cf5b6cf54200d3bb890372eedc38d32038dac301783043a,train,keep,True
twitter_2060733587326922860,train,keep,False
bluesky_db34f9da3b07832b699f7268668ad5d987f3454140c512a71ef8ef4feec57d10,train,keep,False
reddit_t1_mzmq1vh,train,keep,True
bluesky_53d60aea5444053d4404dc013bafaf4c4ca01b9e28f88025cf6a2b50b026eaba,train,keep,True
reddit_t1_my231j7,train,keep,False
reddit_1tv99t4_opt7c80,train,keep,False
reddit_t1_mq6twrt,train,keep,True
twitter_2061258953162461216,train,keep,True
reddit_t1_my5g5dh,train,keep,True
twitter_2059469583879217660,train,keep,True
reddit_t1_muj658o,train,keep,False
twitter_2059778629878595627,train,keep,False
reddit_t1_mx1j04w,train,keep,False
twitter_2060042991528513648,train,keep,True
reddit_t1_n0j1eop,train,keep,False
reddit_t1_mwyj9l0,train,keep,False
reddit_t1_mu4620x,train,keep,False
bluesky_22acfc1210b2361582dbc530229c9adb5ba8cdaae017453738b12bfd4de334aa,train,keep,False
reddit_t1_mtap2mw,train,keep,True
bluesky_38f563e48ab134db6d6eb62167173a7346a8d43dc2e6f6eb2494c3b5a2232e5f,train,keep,False
reddit_t1_mx8qgb9,train,keep,False
twitter_2061805399448093000,train,keep,True
reddit_t1_mwxofow,train,keep,False
bluesky_048d6e1ef5747333e55854db672ac4d965358f12d03a97b7d64dd29326c37a81,train,keep,True
bluesky_8f7631b7c194739b39da539fe196bd72c4bf2cdcc2d5cc8f143ed62e4eda8d8a,train,keep,False
reddit_t1_mqxbqdr,train,keep,False
twitter_2061797105232912813,train,keep,True
reddit_t1_mxdmg5w,train,keep,True
reddit_1tgqz21_omjb0jv,train,keep,False
reddit_1tvp4r1_opis8b9,train,keep,False
reddit_1tuwb8f_ope1rb8,train,keep,False
reddit_t1_n01ifql,train,keep,True
reddit_1u27ivx_oqwvvhc,train,keep,False
reddit_t1_mqx4q85,train,keep,False
reddit_t1_msz8izn,train,keep,True
bluesky_bfc4233f8ce73c0e1f4d8d387ba9b97f3b4039fd930b6089e4fe080826a522c3,train,keep,True
bluesky_5c046c970e19dc0eeb8b908f1a31cb51cd925395f82f084b0d9951682a824071,train,keep,False
reddit_t1_mpy2gst,train,keep,True
reddit_t1_n0gwxgn,train,keep,True
bluesky_f90ec82a9ff9c6fb48b40c186a790f0b9034381fa641b309ddef9153362556d4,train,keep,True
twitter_2061816297713795484,train,keep,False
bluesky_8500af3478053251f2d1d345030600d99698a0663756444778468a39e90480a5,train,keep,False
bluesky_4d036cfbec8147d642d0e970d898e09da9dc8440d739881569f99d903795e5f1,train,keep,False
reddit_t1_mwkmbqg,train,keep,True
reddit_t1_mvsf4oj,train,keep,True
reddit_1t5ip7p_okhf1bx,train,keep,False
reddit_t1_mqkgwcm,train,keep,False
bluesky_37d89942a385f6efe7e11b502ed10b16355a06af8abaef5f58de2da15dfb3d64,train,keep,True
reddit_t1_mxde5it,train,keep,False
twitter_2060110036974866908,train,keep,True
reddit_t1_mqv4w73,train,keep,True
twitter_2061738545904070741,train,keep,False
reddit_1tt6yir_op11c79,train,keep,True
reddit_t1_muimb4c,train,keep,False
bluesky_1064f03f2b1d4ad0fcdf633dd3ffc53417bb112d66b85ab461578fdbfa368a09,train,keep,False
twitter_2060479789429915978,train,keep,False
reddit_t1_mq9gprb,train,keep,False
reddit_1u0gjyt_oqitqio,train,keep,True
bluesky_a499afdb5bd2535cfdf005ac958a5ea037a0e7b22e92b576c58c9431e3c34e42,train,keep,False
bluesky_21294cbad8badc9ab873758a2f775024b9b1e2bd75b8304c92c5947fe120af14,train,keep,False
twitter_2060521183410278615,train,keep,False
bluesky_66f8ad8c349052be19c1b4d5af92c576ac228121bde6fa83bad7624f964d9902,train,keep,False
twitter_2059891876543832328,train,keep,True
reddit_t1_mqa2p1m,train,keep,True
reddit_1teskmx_om6vp48,train,keep,True
bluesky_b00ea78e485a5982e2e8cb6b35efc0ca24efdfb811b346e2764c8192abb530bb,train,keep,False
reddit_t1_mzoz0bh,train,keep,True
reddit_1t79fp1_okns5xb,train,keep,True
reddit_1u1z88l_oquujwf,train,keep,False
reddit_1txnigx_opys1o0,train,keep,True
reddit_t1_mqwp86t,train,keep,False
twitter_2059670904653652439,train,keep,True
reddit_t1_mx28nxk,train,keep,False
twitter_2061475681226121270,train,keep,False
reddit_1tt8k9j_op18y8y,train,keep,False
reddit_t1_mrn7i5l,train,keep,False
reddit_1txnigx_oq0ys5m,train,keep,True
reddit_t1_mqx8rek,train,keep,False
twitter_2061479572202209520,train,keep,False
reddit_t1_mvlzyp3,train,keep,False
twitter_2060878797751148685,train,keep,False
reddit_t1_mxep2cd,train,keep,False
reddit_t1_n0hg8ad,train,keep,False
reddit_t1_mrbsdbu,train,keep,True
reddit_t1_mvzhg8m,train,keep,False
reddit_t1_mt43mnb,train,keep,False
bluesky_cc099988eba6aa1a98e0beb1e9afdcade4fff7d9cab02d973cf93bb70d9770d1,train,keep,False
reddit_t1_mqq20s8,train,keep,True
reddit_t1_n0lflhq,train,keep,False
bluesky_d158db145ad8082fe2cf16345310fc98cb7c5d3e3f52a8e4696b9b34bf477733,train,keep,False
bluesky_5baba38b5cbc0e4727c86b479c7c52a113880245d10d11aa44f79c53a4bf4038,train,keep,False
reddit_t1_mvfbswc,train,keep,True
bluesky_d8b976873cefddaed9f5db94d009b2c84dc338c28e0378d2b600c8005cfe2250,train,keep,True
reddit_t1_mvm4gg2,train,keep,True
twitter_2061402461424812298,train,keep,True
reddit_t1_mwn8dob,train,keep,False
bluesky_b466871cdb65f3da54df463b2a94ba0ac004741c798deb6985b14aa5cab379d8,train,keep,True
reddit_t1_mwjwcgb,train,keep,True
reddit_t1_mtje23p,train,keep,False
reddit_t1_mzog07t,train,keep,False
reddit_t1_mri7j8p,train,keep,True
reddit_t1_mxri7kj,train,keep,False
reddit_t1_mvdrz3t,train,keep,False
reddit_t1_mpyjd3x,train,keep,False
reddit_1tt6o9m_op0jwlr,train,keep,False
reddit_t1_mxfls9i,train,keep,False
reddit_1kmjavr_msc8pfy,train,keep,False
reddit_1th143w_omlllm6,train,keep,False
reddit_t1_mrv2x8v,train,keep,True
bluesky_ee871c25ac3d362a9ce6411d6e6cb1286251e410abaa16837b23563a9e19f040,train,keep,True
bluesky_a0293271e14aaa929a3d28d6f2e49014a0b66a85adae75225e26d47364e7a752,train,keep,True
reddit_t1_msqmcxs,train,keep,True
reddit_1l72ozu_mwtes90,train,keep,False
reddit_t1_mtcf95a,train,keep,True
reddit_t1_mqz6rjh,train,keep,False
twitter_2061782712109691343,train,keep,False
reddit_1lkj9on_mzt58cg,train,keep,False
reddit_t1_mt11nfn,train,keep,False
bluesky_098a5beb88d16da209edef6a49eb06e591a2b7886edf8a18e711c9e43f03bb4c,train,keep,True
bluesky_b27f9d479f0d8eec3a9b8cf8eee7fd5a7c9b3076e4c294ab69e50970728c5acb,train,keep,False
reddit_t1_myue1qi,train,keep,False
bluesky_6e5b2e47d92f4a99f261fdf4918c7c59fc936b8d5af7de94297651aa7a0f036c,train,keep,True
reddit_t1_mr3mgao,train,keep,False
reddit_t1_mxufrkz,train,keep,False
bluesky_03a36873dd666de96e514c386b49821538240d40b40dab7886c9108b61c23409,train,keep,False
reddit_t1_mrntcvx,train,keep,False
reddit_t1_mudk1jt,train,keep,False
reddit_t1_msg9lx6,train,keep,False
bluesky_63a7cfe470439aec35e7468e8f074ba92b6735e2c3ad01634e8b5ab20412173f,train,keep,True
reddit_t1_mws1prv,train,keep,False
reddit_t1_mxp45a6,train,keep,True
bluesky_4224c7f66830e835d2a9d05f382b675b6e1e17f1bc1b637a47bb49ac935fd2f8,train,keep,False
reddit_t1_mzycliy,train,keep,False
reddit_t1_myvbv90,train,keep,False
bluesky_23cd686b1b1e49e1b9812f44ab9f67bce04f8428bfbb2f8af1acb980c6880efc,train,keep,True
reddit_t1_muyvjci,train,keep,False
reddit_t1_mqrf7v7,train,keep,True
reddit_t1_mx5hz20,train,keep,False
reddit_t1_mtik3en,train,keep,False
reddit_t1_mw3vbon,train,keep,False
reddit_1ti5cqx_omsl3d7,train,keep,True
reddit_1kg5qlk_mqzrl4g,train,keep,True
reddit_t1_mutrriv,train,keep,True
reddit_1tt3fgk_oozzcla,train,keep,True
bluesky_36ab037280ea5b85deb1f1a9f5d1613830c01e2006426931164c42a9545b3cec,train,keep,True
reddit_1u1ijaj_oqr7v79,train,keep,True
reddit_t1_muc8cav,train,keep,False
reddit_t1_mwltlpx,train,keep,False
reddit_t1_mw6faf7,train,keep,False
twitter_2060541984373150150,train,keep,True
reddit_t1_mwp38jp,train,keep,False
reddit_t1_mr917s1,train,keep,False
reddit_1txi7g6_opy8pzo,train,keep,False
reddit_t1_mxnlcbm,train,keep,False
twitter_2060660771063726164,train,keep,True
reddit_t1_mueknid,train,keep,True
bluesky_29af712c5ce44981ee26810c4942f275b9da56fc3d2eff1f8e781eeb960852b7,train,keep,False
reddit_1two3nw_opu0jsm,train,keep,True
twitter_2061522693367996454,train,keep,False
reddit_1tqcf7r_oog63c8,train,keep,True
reddit_t1_mzz0x65,train,keep,False
bluesky_ca1972e8ae3ee2cabaaec700ec79ac62f80c34085b2788a42781cc0685c27a1e,train,keep,False
reddit_1ttcu5f_op2smi9,train,keep,True
bluesky_82490d69c0dec5961a1bba776a24535c7a1a08588b67f1d2ae616e2e59cb30be,train,keep,False
bluesky_c5c215a712601613e3ba1e4ef6a7ecf721f025f568d96b8e5e5c57a04cb051f3,train,keep,False
twitter_2095262329315250199,train,keep,True
twitter_2061324795946688594,train,keep,True
twitter_2097000389010653422,train,keep,False
reddit_t1_mvges5o,train,keep,False
reddit_t1_msz4rhc,train,keep,False
reddit_t1_msz1ki1,train,keep,False
bluesky_7919744fcdd56f4cc09f3631e731798fe3a6bc68bf20a4d87173773bd8ee73f7,train,keep,False
reddit_t1_mypqtl0,train,keep,True
reddit_t1_musi6vp,train,keep,False
reddit_t1_mqx28uc,train,keep,False
reddit_t1_mulqbqb,train,keep,True
reddit_1tux6at_opdj7n2,train,keep,False
bluesky_fb471e82c1f9351a7e30ddf3a10e9dd79e4c1e1f85b2497c0868035a9c7d4297,train,keep,True
reddit_t1_muu37rw,train,keep,False
reddit_1toqwtm_oo36rq2,train,keep,False
reddit_t1_mxqw70o,train,keep,False
reddit_1tucjhu_op8yz1j,train,keep,False
twitter_2061823699003585014,train,keep,False
reddit_t1_mr2oho5,train,keep,False
reddit_t1_mulp84p,train,keep,False
reddit_t1_mzrsuow,train,keep,False
reddit_1txnigx_opxnpi8,train,keep,False
twitter_2096666438647881835,train,keep,False
reddit_t1_mw0gthc,train,keep,True
reddit_t1_mzw7c40,train,keep,True
reddit_t1_mv9y0lm,train,keep,True
bluesky_757b3b38dc8411de487910a4983a7dfa70f600f07c50e5e35cb20637a1162c41,train,keep,False
twitter_2061750187643576609,train,keep,True
twitter_2061475899539636271,train,keep,True
bluesky_198608c03901f6eb37b5451f7171bb0894d7081d05e07b2581d798a84adb0033,train,keep,False
reddit_t1_n0cuhqv,train,keep,False
twitter_2060847246309052623,train,keep,True
twitter_2061207835707408856,train,keep,False
twitter_2060945083415859408,train,keep,False
reddit_t1_mqgun3x,train,keep,False
bluesky_59e8cfe023637cc9e1edf58ace4d3a2ed17d67a13307c03089214dc6910da38f,train,keep,True
bluesky_55c82ff2d01d1e2d22f298174d982aafe87fdfb323310ffd12bfaa0db82b0cd2,train,keep,True
reddit_t1_mv3ockz,train,keep,True
reddit_1tql6ez_ooio37b,train,keep,False
twitter_2061771259927474316,train,keep,True
twitter_2095606829535379912,train,keep,True
reddit_t1_mzs6z03,train,keep,False
reddit_1tzm05d_oqdk6p6,train,keep,True
reddit_1kh7zbd_mr6jvbp,train,keep,False
reddit_1t77zwb_okn43fe,train,keep,False
reddit_t1_msxuunq,train,keep,False
reddit_t1_mynbo8x,train,keep,False
reddit_t1_mt7tgbz,train,keep,True
reddit_t1_mwlu49y,train,keep,False
reddit_t1_mxgskct,train,keep,False
reddit_t1_mwxfypa,train,keep,False
reddit_t1_mx1ekbh,train,keep,False
twitter_2096843435793846425,train,keep,False
reddit_1tux6at_opdrpba,train,keep,False
reddit_t1_mz22r00,train,keep,False
bluesky_fd671cec7bd4460cf75ac1c59cb02c71da100eb182c956c29f788ae3a882e7b2,train,keep,False
reddit_t1_mx9pqou,train,keep,False
twitter_2061400962523091310,train,keep,True
reddit_t1_mytkybx,train,keep,False
reddit_t1_mw1juu7,train,keep,False
reddit_1l44grv_mw9b6al,train,keep,True
bluesky_f03988d22e9353db48661300dc4fdd5ea6fc63e11eefba36c53915045901ff65,train,keep,False
bluesky_c54e6488dacdd0848cabde2a27e21269613b52e58d3f3e706ac3fcb781168d80,train,keep,True
reddit_t1_mw6w7vj,train,keep,False
reddit_t1_mtab1jc,train,keep,False
twitter_2059586788528636128,train,keep,True
reddit_1u0k7q8_oqju84g,train,keep,True
bluesky_f800acb8cd2f36154190f0af3a38a15fda26beb6416a5a63e8cd5431185859e4,train,keep,False
twitter_2061504343988158729,train,keep,True
reddit_t1_myg9mr2,train,keep,False
reddit_t1_mrnbc1n,train,keep,False
reddit_t1_n0klfbv,train,keep,False
reddit_t1_mt374cc,train,keep,False
reddit_1tzdiak_oqiy7d2,train,keep,True
bluesky_0a0e0b189926c2c2f5993a04b7cd83b2eda71bb84a953638a300777bcc774552,train,keep,True
bluesky_7be9e920a8ee7c6c74a542f13895889f16e78245129e65b347186a3c45ececec,train,keep,True
reddit_t1_mwueodz,train,keep,False
reddit_t1_mqpiajb,train,keep,True
reddit_t1_n045c5s,train,keep,False
twitter_2061676248821031053,train,keep,True
bluesky_77a2d2e7586cf8a0fca7c127d63db57a5c3b11eef974ff1228441de496c2ebd1,train,keep,True
twitter_2061469766632530431,train,keep,True
reddit_t1_mtoakxz,train,keep,False
bluesky_1d419c46bc83651cf12cbcf8e07eadfcb61e21a6ef828bef43b574e642fd36e4,train,keep,False
reddit_t1_mtdtrry,train,keep,False
reddit_t1_mz02n6f,train,keep,True
reddit_1tenhje_om76gfe,train,keep,True
bluesky_7ebfe42d7fe708eca0fcda36c4be3acc024cd0b4ee34980b0d9c2cb6124b1dd0,train,keep,True
reddit_1tv4g76_opemrhq,train,keep,False
reddit_t1_mq704e7,train,keep,False
twitter_2061826329784324139,train,keep,True
bluesky_a301bca4b4b346cd59c9be2edd4878afea31b23d03ba81ec3efa505d093ee24c,train,keep,False
twitter_2061778540136456232,train,keep,True
twitter_2061761625296699482,train,keep,True
twitter_2096672972459450811,train,keep,False
reddit_1tk25ro_onyc0jf,train,keep,True
bluesky_b1d30e6b972a09f7d133ab51b1713244e56538eb4d2784a7f13de5144e140369,train,keep,True
reddit_1kn5f3b_mshlbyc,train,keep,False
bluesky_260317a8879a655a3a3784bbdab998a9b766c7b097b89f222dea346e83f0df03,train,keep,False
reddit_1u2almy_oqwu3hn,train,keep,True
bluesky_bb3968bdb7f2676c4c20c760b875d4e63c267f716599cff48a7861f73c2cdd7f,train,keep,False
reddit_t1_mszsfxx,train,keep,True
twitter_2061303357617119695,train,keep,True
reddit_1lntb5c_n0k3rkl,train,keep,False
twitter_2060824795592188005,train,keep,False
bluesky_2d9a4e23715d755bdd29b69d5f97698b959e93503f501aab3786c1be169e5f6d,train,keep,False
bluesky_be8132421f7cb263604ee511925f6376b319e3e5dee81c45e7cdb5f88b2d2940,train,keep,False
reddit_1u2xqsq_or1lavs,train,keep,False
bluesky_76452e481e6909a879258acb2a70a0dce097fe0bb2326169d733b18c36ad9221,train,keep,False
reddit_t1_mxya0rr,train,keep,False
bluesky_0beab6ddaa433bb0ec41dc8fd9b7c8dfb4cb0b6e0eb0036cf6ba74cd4d95b29b,train,keep,False
reddit_t1_msocgg0,train,keep,False
reddit_t1_mq1xsdf,train,keep,True
bluesky_6c2561a9bd117f179b4c41dbde610b326b94aefbf45fd7db0c9df61d8d984581,train,keep,False
reddit_1lhun21_mz6z7qz,train,keep,False
reddit_t1_my3ljv1,train,keep,False
reddit_t1_myu82zc,train,keep,True
reddit_1tvyw6x_opw2k8y,train,keep,False
reddit_1ttcu5f_op7txdo,train,keep,False
bluesky_3816d8a4b44dc43c8083dd7d003b90e88e96ccf7a9beb7594cae9fca4b3277a8,train,keep,False
reddit_t1_mvotw2j,train,keep,False
reddit_t1_my9fsae,train,keep,True
bluesky_48a357a98df1c1e18a7009f6780079b53e6de1825c12ddf69c5a6c8b93003b23,train,keep,False
reddit_t1_mvs12bx,train,keep,False
twitter_2060327822489538616,train,keep,True
twitter_2061156972871700865,train,keep,True
bluesky_fee426c47a32e78c375ffee4ddcc6f900dbf22ca324d6f60fa5936dfbb27cd1f,train,keep,False
bluesky_cbbae2a3adadcc9065b8d25825f3f7b0f47fdd7e596cfed291d83eaf4a11056f,train,keep,False
bluesky_a7c38ff9b7fa0b9ac2b98a46d846b18939162bf9ee5866df9eac04e7afdc4487,train,keep,False
reddit_t1_mqkg4c5,train,keep,False
reddit_t1_myzdrly,train,keep,True
bluesky_bfab08db7f054b2c40f64732a11d04fb9c36eda653c90516a765a85d930a853e,train,keep,True
reddit_1tuue1j_opdoyv3,train,keep,True
reddit_t1_mw8m0yr,train,keep,False
reddit_t1_mzwuf2h,train,keep,False
reddit_t1_muig7k6,train,keep,False
bluesky_203e99a49ad466a023be38e1b7bc992f9d5bda13463144505e28a13370f418f7,train,keep,True
reddit_t1_mv755sy,train,keep,False
reddit_t1_mv5qjhe,train,keep,False
reddit_t1_mquh0d7,train,keep,False
reddit_t1_mqdb564,train,keep,True
reddit_1u20knn_oqv52mg,train,keep,True
twitter_2061699899641782746,train,keep,False
bluesky_586c3a9353f12ddca4f6c4d1e829877854ad1fbba781cd9f2105bd1f64028422,train,keep,True
bluesky_86fa92f1ab586c51658fe2bf3a9018e650999a0d2b43417cc350b487ca6e50ec,train,keep,False
twitter_2061547497076711603,train,keep,False
bluesky_9e9cf984745bfb75c854a2a0e7096d27556ec37aa7d4ede355fd104c7be5db4c,train,keep,True
reddit_1krctyl_mtdintc,train,keep,False
bluesky_744ca383efb57f7d87148ac6e58d365ee7f7d360f9718927b018e68e3a46e82a,train,keep,False
reddit_1tvmfag_opionmy,train,keep,False
bluesky_bece76e587d6aad5ca1a8847fd3f349dd0343f4ca4920a14a2946120bb5f9229,train,keep,False
reddit_t1_mr4lapt,train,keep,False
reddit_t1_mt69mrl,train,keep,False
reddit_t1_mukfsww,train,keep,False
reddit_t1_mx1j66w,train,keep,False
bluesky_34eb36ac52af71db4ad7f95a1df4a693ed41b8ad2983b68b6480e7fccb5e12c8,train,keep,False
reddit_t1_mug26ue,train,keep,False
reddit_1tswg2c_ooy70e4,train,keep,False
reddit_t1_msghs1b,train,keep,False
twitter_2061804886917013785,train,keep,True
reddit_t1_mqz6lfw,train,keep,True
bluesky_bf91e14117d033029ea9830e32b68fb53336bc9b74568764808844dddccf7fb8,train,keep,True
reddit_1ttv5xp_op5d3h6,train,keep,False
reddit_1tswg2c_op0qw32,train,keep,False
reddit_t1_n047jv1,train,keep,False
reddit_1tucjhu_op8oifj,train,keep,False
reddit_t1_mymypks,train,keep,False
twitter_2096609975275491384,train,keep,False
reddit_t1_n04g7fa,train,keep,True
reddit_1liihep_mzsjxyx,train,keep,False
reddit_1th143w_omkaefg,train,keep,False
reddit_t1_mwms6lg,train,keep,True
reddit_t1_my2txkd,train,keep,True
reddit_t1_mtxn5pz,train,keep,True
twitter_2059724641107865793,train,keep,False
bluesky_d84b919bd5c7605c43df3eb1a63eec26484e41382cee6f5d30099b4d79a47102,train,keep,True
reddit_t1_msb9w2r,train,keep,False
reddit_1t1zmb4_ok5blpk,train,keep,False
reddit_t1_mvh8g03,train,keep,False
reddit_1kquje9_mt8h3h7,train,keep,False
reddit_t1_mygg6eg,train,keep,False
bluesky_6f5f9e105363913dbb9f23e53276275b09cdcb87a898eba2b13d05d937f65a57,train,keep,False
reddit_t1_mvbe5y6,train,keep,True
reddit_1t3hfnf_ojxssud,train,keep,True
reddit_t1_mxrnp4x,train,keep,True
reddit_t1_mthflya,train,keep,False
reddit_t1_msv8z48,train,keep,False
reddit_t1_mra6hjs,train,keep,True
reddit_t1_mz26ivl,train,keep,False
reddit_t1_mv2cmgo,train,keep,False
bluesky_e98c6b86dca75ae45676ccdc7bd657ec288b8f63639ab651d13fcb97fb57179e,train,keep,False
twitter_2061429808446205993,train,keep,True
bluesky_86136a9a40ba1cb12fdd87c66f4328362e7da236857fdc0194614f94a87bd30a,train,keep,False
reddit_t1_n02leti,train,keep,True
reddit_t1_mqiwxkm,train,keep,False
bluesky_576659a3f1c0f3e620d33e29bb8cf21691b74f07fc8f6272dde6ee578092b5dc,train,keep,True
reddit_t1_mtgh52x,train,keep,False
reddit_1tdva8i_omfozh9,train,keep,False
bluesky_69b78ff11d1ee79bc763b09cc2551f79cad78220362ce22eefd70de0d37103eb,train,keep,True
twitter_2061560771373334830,train,keep,False
reddit_t1_mtdp3ry,train,keep,False
bluesky_d8da82c14b6eddeeaaa9487b88432baf6098d6a27caff5041b0634817f1a38fa,train,keep,False
reddit_t1_mwxir37,train,keep,False
reddit_t1_mt8rqkq,train,keep,True
reddit_t1_mq3j5v2,train,keep,False
reddit_t1_mweskui,train,keep,True
bluesky_e8b06a64b1db94022c90d4f786d8298b97a4c3b22e090d17eeda2118ae4fa78a,train,keep,True
twitter_2060002149996601761,train,keep,True
reddit_t1_mq7dyd7,train,keep,True
reddit_1txsm52_opynf01,train,keep,True
reddit_1kg5azy_mqx1nec,train,keep,False
reddit_1lmjifa_n092sgi,train,keep,False
reddit_t1_mrtxoxn,train,keep,False
bluesky_facb7a891b13c425c7c6e7ff52d2711ff01a6613ef0e07b804edd528ebeedd43,train,keep,False
reddit_1l8r8dm_mx9b461,train,keep,True
twitter_2061111313712005483,train,keep,True
reddit_1tu3uj9_opdo6q2,train,keep,True
twitter_2061826998226546817,train,keep,False
reddit_t1_n03lpub,train,keep,True
reddit_1txrk7b_oq7cdgz,train,keep,True
bluesky_2100ba168ec141b42b7afd76c2bc1c37976ce336058ccfee9a1500e17dd35def,train,keep,False
reddit_t1_mx01o28,train,keep,False
reddit_t1_mxw56v0,train,keep,False
twitter_2059290210249126139,train,keep,False
twitter_2061608661013700809,train,keep,True
reddit_t1_mvvbazz,train,keep,False
reddit_t1_mz2k7ss,train,keep,True
reddit_t1_mslh2nz,train,keep,False
reddit_1ttcu5f_op28tsk,train,keep,True
reddit_t1_mtelaf4,train,keep,False
twitter_2095161159573750075,train,keep,True
twitter_2060988882439585866,train,keep,False
twitter_2059701936690000148,train,keep,False
reddit_t1_mrbrc84,train,keep,False
bluesky_d239c44b262fe01e11c718ffaab7b507a42303647228e785bed8f0df71cb9e65,train,keep,False
reddit_t1_mzlopcf,train,keep,True
reddit_t1_mr6ty38,train,keep,False
reddit_t1_mxbmmek,train,keep,False
reddit_t1_mz0gkj3,train,keep,False
twitter_2095934729749221626,train,keep,False
reddit_1u2ipxp_oqyd4ra,train,keep,False
reddit_t1_msytfcu,train,keep,False
twitter_2061415449737437553,train,keep,True
reddit_t1_mw64vys,train,keep,False
reddit_1tqyx7p_ookgk27,train,keep,True
bluesky_5ace5b1eb01e7533c0f45680ae07b7ce6ebf314f2aff64851103cdac4d4e8799,train,keep,True
reddit_t1_mtvaglo,train,keep,False
bluesky_50cbd194d7c2f43a972e2f9c59ebc9f58c3c2d739dabe785baa803064956cd80,train,keep,False
reddit_t1_mrh3c4g,train,keep,False
reddit_t1_n02ojw3,train,keep,False
reddit_t1_mrr5p2m,train,keep,False
twitter_2060170068747821080,train,keep,False
bluesky_a835307dac52a6d83899ba656a293823c4ce529788aad08d0afccc3223d64d77,train,keep,False
bluesky_788b0dbb6eaa94d535425097414e42c08abd8a2fcdab9a9e3e8ef082e410cfdd,train,keep,False
reddit_t1_mwtshsm,train,keep,True
bluesky_3956be270f393d447dc711365d82363f5ef053cf0b6eab56bd86a26b7e73e06c,train,keep,True
reddit_t1_mxgcqpa,train,keep,False
twitter_2096260531707363813,train,keep,False
reddit_1lfq7q5_myrtucv,train,keep,False
twitter_2059398677752688858,train,keep,True
reddit_t1_mxufwqm,train,keep,False
twitter_2061503409417552277,train,keep,False
bluesky_658e8d62bd9bbcfb20d283623f5623d056d28fbe2c39645d96cbb7dc2617c2e5,train,keep,True
reddit_1txme1m_oq2wgg4,train,keep,False
reddit_1llkodo_n00iq4b,train,keep,False
reddit_1tmu2bz_onpxncm,train,keep,False
twitter_2059428588630212847,train,keep,False
reddit_t1_mxheamf,train,keep,False
reddit_t1_mrtjofh,train,keep,False
reddit_1tzdiak_oq9wh5x,train,keep,True
twitter_2060799249131126921,train,keep,True
reddit_1lj8w0k_mzi2hs7,train,keep,False
reddit_1kmrgub_msdwuzy,train,keep,False
reddit_t1_mwen4vp,train,keep,False
reddit_t1_ms9qb3g,train,keep,True
reddit_t1_mywaeo6,train,keep,False
reddit_t1_my474k3,train,keep,True
reddit_1toqwtm_oo8abn6,train,keep,False
reddit_t1_muozzxe,train,keep,False
twitter_2061432666616926282,train,keep,False
reddit_t1_mszg5tk,train,keep,False
bluesky_44c70cef4584e9119f2b4109a333f36208b3acc2982a92ed5da9092e7741c625,train,keep,True
bluesky_0ff8db4b9486b9abe712531a076e38a578a3d1bb3ec9822e6caaac49e760f446,train,keep,False
twitter_2061474360452317677,train,keep,False
reddit_1t78r90_oknfl8e,train,keep,False
reddit_t1_mzurwoa,train,keep,False
twitter_2095585260058656787,train,keep,False
reddit_t1_mz0zwzj,train,keep,False
reddit_t1_msogm3p,train,keep,False
bluesky_018492da4241ce43312dbc25c3a3a0663c6d623fab5bf96eb8ee76eba8124ffa,train,keep,True
bluesky_32382052b0544b369c06c48aeb58ed1789f40c66ee715da5e840d4e2680f0d1d,train,keep,False
reddit_t1_mrbaf3y,train,keep,True
bluesky_a2d1455d6908dde46631b92ff434391a6c471993150cd4ca8c567cb6889e294e,train,keep,True
twitter_2061638255402262665,train,keep,False
twitter_2061489330065912003,train,keep,False
reddit_t1_my3hkii,train,keep,False
reddit_t1_mx4mo9f,train,keep,False
bluesky_a713bf0238b9eb901c2a4b8050f921ceadbf05b56886b40f7051989270531e4c,train,keep,True
reddit_t1_mvbc9mb,train,keep,False
reddit_t1_mqt3u6q,train,keep,True
twitter_2061714432624132199,train,keep,True
reddit_1kylm33_muycd2s,train,keep,True
reddit_t1_msh7ybb,train,keep,True
reddit_1tuwb8f_opcw6z6,train,keep,False
bluesky_55a0d42baf617179999e2022cf9b2605bbc90f55b09941d7863a09f42cda4c07,train,keep,False
reddit_t1_mvydgyx,train,keep,False
reddit_1tsx0f1_oozj3p6,train,keep,False
twitter_2095582710739726498,train,keep,False
reddit_1ti5cqx_omtd7i4,train,keep,False
twitter_2095504021062598814,train,keep,True
bluesky_edcdbb1c73908df50f762069c1aa9c641d9867e15bade66122f21b4773bff8cf,train,keep,True
bluesky_4a8362a69b165d65d9e21151b53f16c9dcec7f9d18b7c85a374266f9e706fee1,train,keep,False
reddit_t1_mrvdr68,train,keep,False
bluesky_103bcbd09e5b40df87275cafc362b920e93e8155dfef81558ec2da2c0118bb33,train,keep,True
bluesky_7773f49bdf812ad036e495c1392c04ef8b5e90c335fcea84f9459fff709f0c62,train,keep,False
twitter_2061804422917939548,train,keep,False
reddit_t1_mww8pbg,train,keep,False
bluesky_e1a2e984384b79129192fe8a49de8deadb8a8b139ab7a6b55e79e18ec06cd4ec,train,keep,False
bluesky_80113736841fd44e71542055a2e2f88ff80a66a1cb1aebab6a815db43507cd26,train,keep,False
reddit_1tuttj1_opce1zm,train,keep,False
reddit_t1_mvqv4kx,train,keep,False
twitter_2096624305496813895,train,keep,False
reddit_t1_msr5q6o,train,keep,True
twitter_2060782797933924680,train,keep,False
reddit_t1_mvmejos,train,keep,True
bluesky_70285c85e639b992a66b9d2cc73524f10b9d693b4f32aa64808bcfdf7bea8317,train,keep,False
reddit_1lhaiqa_mz37v0r,train,keep,False
reddit_t1_mrwzhza,train,keep,False
reddit_1kzzvrz_mvawm93,train,keep,True
reddit_1u08bq4_oqhu7mk,train,keep,True
reddit_t1_ms46bs7,train,keep,False
reddit_t1_mt6zpx3,train,keep,False
reddit_1lmagph_n06pj9p,train,keep,False
reddit_t1_mswu8gr,train,keep,False
reddit_t1_mwvknla,train,keep,False
reddit_1tikf90_omwfw3v,train,keep,False
twitter_2061724686086770951,train,keep,False
reddit_1tsj7e8_oovke0g,train,keep,False
reddit_t1_n042xsu,train,keep,False
bluesky_9a8fa62dab804abcccaae3aaf92e13704ecd35d8b7a42080dd8b9e768374cff2,train,keep,False
reddit_1tbvndr_olll5yb,train,keep,False
reddit_t1_mqjaku9,train,keep,False
reddit_1txrv9p_opz35l8,train,keep,True
reddit_t1_myhs424,train,keep,True
reddit_t1_mtojnds,train,keep,True
reddit_t1_mwk6kdk,train,keep,True
reddit_1keheq3_mqn35ai,train,keep,False
reddit_1ksgxcl_mtlwxp1,train,keep,False
reddit_t1_mstykk1,train,keep,False
twitter_2061820042581327941,train,keep,False
reddit_t1_mz2w5gn,train,keep,False
reddit_1l36212_mw02ogn,train,keep,False
reddit_t1_mzbirx8,train,keep,False
reddit_t1_mv2rvyx,train,keep,False
reddit_t1_mxllwop,train,keep,False
twitter_2061789142590074928,train,keep,False
bluesky_6240253eec9b0cf6b5d135f122a32a72ac3ab8940b34f9ddeecd2383fcdc301c,train,keep,False
twitter_2061640110890987665,train,keep,True
twitter_2096318220550467981,train,keep,True
reddit_t1_n04yrz9,train,keep,False
bluesky_2e79700cf5f860574bfb421d4fcb6753ef783bb9dba8b0a713cd1bf755ded171,train,keep,False
reddit_t1_mxwitni,train,keep,False
twitter_2060782031055802684,train,keep,False
bluesky_fbb63331ccaee68a0844e5fe06b1557ff7659b2ad54b96e77e08aef5c6eef905,train,keep,False
reddit_t1_n03l89d,train,keep,False
bluesky_4cad73b6d6d411cb4c945d2a11dbba75f7eac189b4ac2c29b705b8b3db10355d,train,keep,True
reddit_t1_mxftvtq,train,keep,False
reddit_1trbfkm_op0zyu2,train,keep,True
reddit_1txv06e_oq22guj,train,keep,True
reddit_t1_mrfa0ta,train,keep,True
reddit_t1_myfwzq4,train,keep,False
reddit_t1_mrv5lqn,train,keep,False
twitter_2061759584507711624,train,keep,False
reddit_1tsvd1m_ooy168x,train,keep,False
reddit_1tsw927_ooybawc,train,keep,True
reddit_t1_muv6y2u,train,keep,True
reddit_t1_ms7klbq,train,keep,False
twitter_2061692100123426894,train,keep,False
bluesky_5e9b6aa05471a264d436a3195f1c79711983a0ad7d5a22a19190da27016f5a5a,train,keep,False
reddit_t1_myo4bea,train,keep,True
reddit_1tbzoap_olkvns8,train,keep,False
reddit_1txsumx_opys90g,train,keep,False
reddit_t1_mrc0azt,train,keep,True
reddit_1ttxj3b_op679zb,train,keep,True
reddit_t1_mwm2u5s,train,keep,False
reddit_t1_my75jd3,train,keep,False
reddit_t1_mtguyyh,train,keep,False
bluesky_86d48db8219b500e19e9959a04a359b195d055ef4a5f8df88d7a1ab3f486ac1c,train,keep,False
bluesky_3cd276c79dd28f23be60aaa582f3c75563df10254291731dbb4cb2ce2c6f0dc3,train,keep,False
bluesky_8f99fa6e4d94dd5039e20417cc17df981f66a8d72cd3309d1d1852021e1d55f2,train,keep,False
bluesky_a65dfeed165b5d0c67e74022dd91b79a1d220562623c22b25ff19806c8ade199,train,keep,False
reddit_1tp5g11_oo8cul8,train,keep,True
bluesky_21cf15fbc8c84d524b3b5e57183d7ef8222e8f8db1e69c893702cca5c9c3240c,train,keep,False
reddit_1ldl42u_myaf1rp,train,keep,True
reddit_1kr91iq_mtbtdth,train,keep,False
reddit_t1_mqeayr3,train,keep,False
twitter_2061816005278781928,train,keep,False
twitter_2060947308586373373,train,keep,False
reddit_t1_mt5qeat,train,keep,False
reddit_t1_mxwmnds,train,keep,True
twitter_2061594787833123278,train,keep,True
twitter_2060910636192931989,train,keep,False
twitter_2061781110254698864,train,keep,False
reddit_t1_mw3jcu0,train,keep,False
bluesky_3f704c640e07e680672df598f24a6e34e10ad20bab8618a776a92e5dab21a457,train,keep,True
reddit_t1_mqa9scy,train,keep,False
reddit_t1_mr5k8ck,train,keep,True
reddit_1tnobm9_onvitbr,train,keep,True
reddit_t1_mwczgs9,train,keep,False
reddit_1li0ysy_mz9enah,train,keep,False
bluesky_5313486a98fc06983f0d13c14e79e2fc9f022b8d444cfdd2201f9e5c3b067c5f,train,keep,True
reddit_1ljd0io_mzk5kjd,train,keep,True
bluesky_8fbfc002eebbca21f9716819fdc7621884a7a6578c06f5f286c16afa06982dd6,train,keep,False
twitter_2061779602792403244,train,keep,True
reddit_1t4fs97_ok2mgto,train,keep,True
reddit_1ksbmwe_mtk6a7t,train,keep,False
bluesky_5df930607f0022683b037b85e41ae4b29ea64e898fe1ff51e81da0eddcf2fd88,train,keep,False
twitter_2060575615342755863,train,keep,False
twitter_2061278075711795426,train,keep,False
reddit_t1_mw233si,train,keep,False
bluesky_bc0fcf61edcada1fd38097529921e5935c59404bb5e33150b3cb3f6f3bcb38e5,train,keep,False
reddit_t1_mts7wt5,train,keep,False
reddit_t1_muqe4bk,train,keep,True
twitter_2061368976253301167,train,keep,False
reddit_1kt4tpq_mtrn4xa,train,keep,False
twitter_2061416892850487406,train,keep,True
reddit_t1_mzknjc1,train,keep,False
bluesky_b54562d1a477559bab0f9fd15128bbd87ce99064a065605e334cc8ac8620b9f8,train,keep,True
bluesky_9a766bdb68df8a5e29ca8566d267335d4a170c6f3f24ee86e064526c66436591,train,keep,False
twitter_2060267353066070358,train,keep,False
reddit_t1_mq5595r,train,keep,False
bluesky_ac9c6c9780e93711a5918c6f6246be82b0301ddcea2ce336e2589489a83ae1ef,train,keep,True
reddit_1ts8q7t_ooul613,train,keep,False
reddit_t1_myxt87i,train,keep,True
reddit_1t7hgak_okvy1hd,train,keep,False
reddit_t1_mu5uc22,train,keep,False
reddit_1tnmoob_onx8ke6,train,keep,False
bluesky_1b0580cbe7ff671f92eaba5be5bda2946c1470e37eda85dce085c13c303852e5,train,keep,False
reddit_1u23s25_oqwd90w,train,keep,False
reddit_t1_my44bnj,train,keep,False
reddit_1tqyx7p_ookid3r,train,keep,True
bluesky_6fec84a53e7c18d97905ccb54d279853cc1feba52bb95e2f8b2ea5bc51e37d3f,train,keep,True
reddit_t1_mqrvveq,train,keep,True
reddit_t1_mz3hjnl,train,keep,True
reddit_t1_mxgdtqs,train,keep,False
reddit_1ldv50r_mydb1y9,train,keep,False
bluesky_bcd82b29b8c5c9e60f7576dc2ce4106fb6fca118353dce64dbdfe8d302c4664f,train,keep,False
reddit_1txvz2c_oq69bjc,train,keep,True
bluesky_69b450b38608a95b7f901ae28c57eba33f46ed2bf2cb584751d0a0409508ac0a,train,keep,False
bluesky_b7d87fa695f66567b5e65dd695f1a712be2581c7b56370674ab3f530f7bf980d,train,keep,True
reddit_1two3nw_oprnbb7,train,keep,False
reddit_1kpgf6p_msz3yh9,train,keep,False
twitter_2059576468758540342,train,keep,False
reddit_t1_muw5gow,train,keep,False
bluesky_bf5bf0a7126670fe60b2bfbd2e50f096b6f4e7328ce35b97d8ee31f80fc5fd8c,train,keep,False
reddit_t1_mt31t55,train,keep,False
reddit_1txvz2c_oq0zwhs,train,keep,False
reddit_t1_mwnhcga,train,keep,True
bluesky_28d709f4b5845740d4f4f49ed65895ded14e50df4cab38203de7d7c5fb34b252,train,keep,False
bluesky_a5722e0ea1bd0d86913529088454475a7ef4b61d16a20583c438815de3226527,train,keep,False
reddit_1tygt1d_oq8v69t,train,keep,False
twitter_2059469777953865959,train,keep,True
reddit_t1_mwwj2p2,train,keep,True
bluesky_4b07288b0a4f0de4d31a22d85a4bcbdd3dc7d6f2bfcdb0e361c42ae6dcf6fd4a,train,keep,False
reddit_t1_mryrcbe,train,keep,False
reddit_1lfmfhs_myq4ibi,train,keep,False
bluesky_0907d6cbe99016c467ddb128ce97cda42213d7e0190e5733c65a293641267ef7,train,keep,False
reddit_1ti151j_omvz46r,train,keep,True
bluesky_1ebef87a2098d8377d977a03622c6c54f1daa556ddcef0f023022ab4a4b16c2f,train,keep,False
reddit_t1_mwqaze2,train,keep,False
twitter_2061639895224094831,train,keep,False
bluesky_6cbff9a02d5dcd681794ff18be8400cefd08691df2c8f435ed1c4c0811b8afff,train,keep,False
twitter_2059624423708131389,train,keep,True
reddit_t1_mx75uwe,train,keep,True
reddit_t1_mz5l17g,train,keep,False
reddit_1t4fs97_ok3go7r,train,keep,False
twitter_2060148175919309153,train,keep,True
reddit_1tr4qpt_oolnzpw,train,keep,True
reddit_1tzwh8s_oqju7fa,train,keep,False
reddit_1lhfkqj_mz4n5xe,train,keep,False
bluesky_31792261ffb33f5db4d5624e49c63d2c782664a9d8253817db5090624fd59c0d,train,keep,True
reddit_1u08yl1_oqhqebt,train,keep,False
reddit_t1_mtdn8ww,train,keep,False
reddit_1u0y79a_oqu7jpq,train,keep,True
reddit_t1_mxzpvul,train,keep,False
reddit_t1_n0bc2t6,train,keep,True
reddit_t1_mzquy08,train,keep,True
bluesky_06cc3c5a7672aab776565bed9bd7a366319ec205f1d875c23bd4ada58f35bab6,train,keep,True
twitter_2061617097952940433,train,keep,False
reddit_t1_mu6vf1z,train,keep,False
reddit_t1_msyepfb,train,keep,False
twitter_2061256231764017378,train,keep,True
bluesky_5ac13f210cc1ca9346e642a37c67f27fe186fe5445798dc0634b4bcd5cc1cfdd,train,keep,True
reddit_t1_my399ri,train,keep,True
reddit_1ttx203_op7ax97,train,keep,True
bluesky_1887760e380abb98dea10d1666814faf0f37f5696b7106f6565e030922c0c435,train,keep,False
reddit_t1_n01doq3,train,keep,False
twitter_2060096254034792942,train,keep,True
twitter_2061195285942906982,train,keep,False
reddit_t1_mukq3jg,train,keep,False
reddit_t1_mri9zor,train,keep,False
bluesky_391b82bd5c2e54ab8b9f784f3e64c8d587a32ec5a19c76f554fd649656046a86,train,keep,False
reddit_t1_mzrmqaq,train,keep,True
reddit_t1_my2hweu,train,keep,False
reddit_1ttui2j_op66n24,train,keep,True
reddit_1t4fs97_ok8m5xz,train,keep,True
reddit_1t7mvy6_okz6xvd,train,keep,False
twitter_2059716000623501783,train,keep,False
reddit_t1_mtcc90q,train,keep,True
twitter_2061817264853131443,train,keep,True
reddit_1kq1f67_mt2x0f6,train,keep,False
reddit_t1_mztjfft,train,keep,False
reddit_1txrk7b_opy3dlp,train,keep,True
twitter_2060634509184217565,train,keep,False
bluesky_0e28a584a468cc481d514c620f0425d657dfa6092b6fd4c676c9ffba5fa98996,train,keep,False
twitter_2061824447779148116,train,keep,False
reddit_1tw6zcr_opokn6v,train,keep,False
reddit_t1_msuv2tu,train,keep,False
reddit_t1_mykqgbv,train,keep,False
twitter_2061770401114456253,train,keep,True
bluesky_378c992559dc83b010dc2c347deebb7209efa17ac55fdeb958ac815a1c9ec2b9,train,keep,False
twitter_2061210734042783811,train,keep,False
reddit_t1_mwqee04,train,keep,False
reddit_t1_msmlsib,train,keep,False
reddit_t1_mt49zxu,train,keep,False
reddit_t1_mte5q71,train,keep,False
reddit_1u237rb_oqucn1m,train,keep,True
reddit_t1_mwb88nj,train,keep,False
reddit_t1_mz8r1pj,train,keep,True
reddit_t1_mviq17l,train,keep,True
reddit_1ttnjf7_opn1zxr,train,keep,False
reddit_t1_mqbhr7r,train,keep,False
reddit_t1_mrb8i7z,train,keep,False
bluesky_239c3ffd71ad09e415ff99875d2066b1eb2a1ec1043a7d186d43b93c8cf0f774,train,keep,False
reddit_t1_mz6babn,train,keep,False
reddit_t1_n0n95qa,train,keep,False
bluesky_77cd748761870f6674e1d8abffb4ac683bed6f6b41f05fc501f06448335c53f4,train,keep,False
reddit_1txrv9p_opy96t9,train,keep,False
reddit_1l427gq_mw8tvq2,train,keep,False
reddit_t1_myx00rf,train,keep,False
reddit_t1_mvovapg,train,keep,False
reddit_t1_mwmzxs5,train,keep,True
twitter_2060922997108842619,train,keep,False
twitter_2060015822391619947,train,keep,False
reddit_1tkvbmy_onczlni,train,keep,True
bluesky_f2a249dd247415940395bf3d1a603cc4452c3dc3965167f8e6aa8ac76ce01f36,train,keep,False
bluesky_f53ff14293cadca19de5d639a25a8b87395713c147881e8c98d14f599f35a906,train,keep,False
reddit_t1_mtjo60x,train,keep,True
reddit_t1_n0g2b63,train,keep,False
bluesky_aee7681bef4f7702c5acee7abd34d65a5a1ea157484b52d35902a8dba481cd57,train,keep,True
bluesky_72ece356be27d06767698c4b66662f14452121be9524da36fdaceab7eb7b8608,train,keep,True
reddit_1ti6ied_omsht8h,train,keep,False
twitter_2059320239112773673,train,keep,True
reddit_t1_myck74d,train,keep,True
bluesky_89d3ca75a9b987ffd0dfa78857f4aaad6e14c6c08bd64a96485576817ae9a0b2,train,keep,True
reddit_t1_mqxpaml,train,keep,False
reddit_t1_mwimwdi,train,keep,True
reddit_1tsv1fn_ooy36yf,train,keep,True
reddit_t1_mqhoskd,train,keep,True
twitter_2061787872043078132,train,keep,True
twitter_2061766297008890340,train,keep,False
reddit_1tdxi7e_olyxmte,train,keep,False
reddit_1u237rb_oqucpfr,train,keep,False
reddit_t1_mu49pnp,train,keep,False
reddit_t1_mvzjx0l,train,keep,False
reddit_1kxo6er_muqpt4z,train,keep,False
twitter_2097060160292495447,train,keep,False
reddit_t1_mqt77hi,train,keep,True
bluesky_c3e51a3e41ba0923a5178fe2cb707910565e1d19e4ae31fbf33bc17fcddf78f3,train,keep,False
reddit_1u1baux_oqp71m2,train,keep,False
reddit_t1_mw1nbbv,train,keep,False
reddit_t1_mxazcz8,train,keep,False
reddit_t1_mzv30gu,train,keep,False
reddit_t1_n0aj9ic,train,keep,False
bluesky_943185ebd590c337150ecc2fa7f0bf8f718ba0d52cd94f18dd7fefb4e922bd43,train,keep,False
reddit_1u2ek28_oqxgxdb,train,keep,False
twitter_2060644279886991782,train,keep,True
reddit_1u2391z_oquvah5,train,keep,False
reddit_t1_n0i5o17,train,keep,False
twitter_2061141671199268881,train,keep,True
reddit_t1_n0jv507,train,keep,False
bluesky_dbd170302fddcd5f779ede33909c6443e2eeb7bcecf5888133506ad426e04f8a,train,keep,True
bluesky_e7d71800531733e6328d80882ac88b31fd38efac99337c9b58ab9903e12f71e3,train,keep,True
reddit_t1_n0ea637,train,keep,False
reddit_t1_muetpqs,train,keep,True
reddit_t1_mucasse,train,keep,False
twitter_2059768751541666208,train,keep,False
reddit_t1_mxbvef0,train,keep,True
bluesky_b2f6fad0456861589b1c2382467995938e17d9d8ad6696af0d6ad3518a0846a2,train,keep,False
reddit_t1_my6r8jd,train,keep,False
bluesky_40e174891746dca3c3d8271b99ae9c2c8ebdb18f1aae689ca1c44c826fcac1c5,train,keep,True
reddit_1ke0sk6_mqgra5h,train,keep,False
reddit_t1_mtvodnx,train,keep,True
reddit_t1_mwobnc6,train,keep,False
bluesky_a4ab1d65956142ce7a66d855e37d1e2156837024f8493d0205db793f2ed02c37,train,keep,False
reddit_1ttcu5f_op1v1ek,train,keep,True
reddit_t1_mtnmdpz,train,keep,False
bluesky_6fa70a173c97139e7cc230b1d77d6ea15d41311d99914c4d2f393e0ea4eade87,train,keep,False
twitter_2061587508295790950,train,keep,True
reddit_t1_mxdzguj,train,keep,False
bluesky_b9314ddc6ec18036e7a1e81cc60dc80ad7075a2d24dfdc56998694c824b651fa,train,keep,False
reddit_t1_ms56ozz,train,keep,False
reddit_1td5imr_oltxal3,train,keep,True
reddit_1sgmov0_of8gway,train,keep,True
reddit_t1_mugjj60,train,keep,False
reddit_1ttsfrd_op4nehn,train,keep,False
bluesky_e92f7d78b728d6c1d25d44face7af72f735deb531a176dbb171615d9a6719626,train,keep,False
bluesky_5c22ac0e36e334adcbedc1815f8820e04ba8996fad2298236addebb3ae08e85f,train,keep,False
twitter_2096448312329089381,train,keep,True
reddit_t1_mqe9wsi,train,keep,False
bluesky_198738942cc3102bc8449a6b7ab8382f74f4001beb7be405f56de31d5a995470,train,keep,True
reddit_t1_mudziz7,train,keep,False
bluesky_0829198522debe9066f08abc54f67bddc6ade3e5b4d34e2993cfd8395161e315,train,keep,False
reddit_1knmu09_msmje93,train,keep,False
reddit_t1_mtwbtbo,train,keep,True
reddit_1tn7lg4_onsac8f,train,keep,False
bluesky_535ebafa74df90f1a2716753020119ca70e00d013905f7193430900d05abdb30,train,keep,False
bluesky_19452899b13d708d8b15b6b7d04e4fa4a4a82c4a9aefab9a7b3858f493b76c0e,train,keep,True
reddit_t1_mtx877g,train,keep,True
bluesky_d2dfb03bfeb422dcb7ccf85f90b9dcc202e0f393ca875fba30b98d8e48048266,train,keep,True
reddit_t1_n00sfqo,train,keep,False
reddit_t1_msz2d7e,train,keep,True
reddit_t1_mwvmu6u,train,keep,False
reddit_1tvr63e_opiuoso,train,keep,False
reddit_t1_mwqiyri,train,keep,False
reddit_t1_n01nx7q,train,keep,False
reddit_t1_n0giq36,train,keep,False
reddit_1tswff0_ooyj7c1,train,keep,True
reddit_1tj4vka_on651yf,train,keep,True
twitter_2060035874377871422,train,keep,False
reddit_t1_mr2nziz,train,keep,False
twitter_2061801869152780496,train,keep,True
bluesky_e3e143c4a6a7dff770ab89ab5e9b07ed672af1027470e62830b436b2ae7a2741,train,keep,False
reddit_1tle2vc_onhyhcy,train,keep,False
bluesky_cd923f77f6145410d5f4efa2897fadec147ca2c936f861edc0ea6dce2819b803,train,keep,True
reddit_1tig64l_omuhzjq,train,keep,True
twitter_2060563247154303478,train,keep,True
reddit_t1_mzba3j6,train,keep,False
reddit_t1_mtqr8lq,train,keep,False
reddit_1trbp3u_oomvxx0,train,keep,True
reddit_t1_mu8n5py,train,keep,False
reddit_1tsx0f1_ooyolqe,train,keep,True
reddit_t1_n0lqyhj,train,keep,True
reddit_t1_myan699,train,keep,False
reddit_1tsx0f1_ooyli84,train,keep,True
reddit_t1_mqolm8e,train,keep,False
reddit_1u1z88l_oqtm4h5,train,keep,False
bluesky_0d899b113705b4f356221475d453ba34758227189a1397358d47f103f264b24b,train,keep,False
reddit_t1_mrloeau,train,keep,True
reddit_1tz4l7k_oqa0y8a,train,keep,False
reddit_1u2gx09_oqxptnu,train,keep,False
reddit_1tsv1fn_ooykhbx,train,keep,True
reddit_t1_mx8jfte,train,keep,False
bluesky_01b21d4d914c8a9c645eb68278cf99b865338d614a0c04b39be86e74f535c015,train,keep,True
twitter_2059980602833506754,train,keep,False
reddit_1td5f0g_olw0u24,train,keep,False
reddit_t1_mwedw9n,train,keep,False
bluesky_a9b0317414a3299037efc725e6ef060b6ae6de6a369f84dff157f1b5212f08d3,train,keep,False
reddit_t1_mu0va6s,train,keep,False
reddit_1tou6rf_opsg9fi,train,keep,True
reddit_t1_muwonx5,train,keep,True
twitter_2061497917572297187,train,keep,True
reddit_1tq7ea2_oofnort,train,keep,False
bluesky_4223e7a30c2b164d25fe77122d8d914e8e5bd27eae0daa2fcee2db70d34422e1,train,keep,True
reddit_t1_mrgh9ek,train,keep,False
twitter_2096651537497870625,train,keep,False
twitter_2061679411074564602,train,keep,False
reddit_1tsvgs3_ooykbce,train,keep,False
reddit_t1_mtbnczx,train,keep,False
bluesky_8d98bdfd42f598daad3ffeefa5456c3809d1b47c02d45cc0b974d6096864f074,train,keep,False
reddit_t1_mw0koaz,train,keep,True
twitter_2061784669243465964,train,keep,True
reddit_t1_mq1gbb8,train,keep,False
twitter_2060318435498709427,train,keep,True
reddit_1l9kcqg_mxi4sy5,train,keep,False
reddit_t1_mrs1cii,train,keep,False
reddit_t1_mv3aln4,train,keep,False
reddit_1tgxg10_omlhia5,train,keep,False
reddit_t1_mwyt1gh,train,keep,False
reddit_1tsvgs3_oozdvvp,train,keep,False
reddit_1t7hgak_okq880y,train,keep,False
bluesky_d42e76438ee251a79f59d61b7253f0433d363e35969486a6b48cdf74153a9e32,train,keep,False
reddit_t1_mu7ordh,train,keep,False
reddit_t1_mu0zdz5,train,keep,True
twitter_2096628887266406502,train,keep,False
reddit_1kw78m9_muhumd3,train,keep,False
reddit_t1_mq1jdg0,train,keep,False
bluesky_5cd59d17382bac765418f0d0c8fc133debdcb296d8a7e64667cd391a8436a30d,train,keep,False
twitter_2060015198824513769,train,keep,False
reddit_t1_myzcsnc,train,keep,False
reddit_t1_mxdkd5u,train,keep,False
reddit_1thqwmy_omyve3q,train,keep,False
bluesky_d378e36e742227953a96f21f9b1da7501f9c873d6f6559c25536930a743f1b83,train,keep,True
reddit_t1_muj9682,train,keep,False
bluesky_3ad8931042c9de73d9441d672ccfba3bb9750fda430b61b76a99ff645fe87e01,train,keep,False
reddit_t1_mq2rt9f,train,keep,False
reddit_1tvyk2a_opsogbw,train,keep,False
reddit_1tsr4st_oox2un2,train,keep,False
bluesky_038adf3380c2798eb6ac30abd423543344d03495b153f6f2b1dbd992af2d0df3,train,keep,True
twitter_2060727805751759229,train,keep,True
twitter_2060163490782879774,train,keep,True
twitter_2097118865448694259,train,keep,False
bluesky_d015e46a6bc30b9f88a4762e3d629b7c14d3a49e3823afa34146ff6d2838a9f8,train,keep,False
reddit_t1_mybg7ys,train,keep,False
reddit_t1_myp1zc5,train,keep,False
bluesky_d6cbbbeb8df013741db5a5c4e407da1251929bc93856873a1cb4499aa29e4b95,train,keep,False
reddit_1ture29_opg5wk3,train,keep,True
twitter_2061591120392683925,train,keep,False
bluesky_f07e33f58e07bebdbb7779d6965f933a6ea9cbf7dec26a86d0b6306ece423335,train,keep,False
reddit_t1_mxb5xje,train,keep,False
reddit_t1_mqjj81h,train,keep,False
twitter_2061805151472550093,train,keep,False
reddit_t1_mst9e7n,train,keep,False
twitter_2061374764006969757,train,keep,True
reddit_t1_mzy90y5,train,keep,False
twitter_2061116689186541821,train,keep,True
twitter_2060480874836341063,train,keep,False
reddit_1koadeo_msp6kgn,train,keep,False
twitter_2096984782374580666,train,keep,False
twitter_2059325413784961191,train,keep,True
reddit_1lcros0_my4zj2r,train,keep,False
reddit_t1_mthxw3g,train,keep,True
reddit_t1_mzy3icr,train,keep,True
twitter_2061567089517961656,train,keep,False
reddit_1tkvbmy_ond970n,train,keep,True
bluesky_6b91ce3ecda2c3582b5c0238fe349e1e765805ca9d402d8c997e97e38aa424ee,train,keep,True
reddit_1tszxri_ooyysxa,train,keep,False
reddit_t1_mssjpt3,train,keep,False
bluesky_e840b8d8284e554fd01caeda6679240bac956a1fccc6eab9cceb5561ee9e17b0,train,keep,False
twitter_2061570008086413562,train,keep,False
reddit_1l2d4kp_mvve3up,train,keep,False
reddit_1tvsdbe_oplsmr8,train,keep,True
reddit_t1_n09laoe,train,keep,False
twitter_2097127599860306079,train,keep,True
reddit_t1_mx9dz02,train,keep,False
twitter_2060359997515514050,train,keep,False
reddit_t1_msjaxku,train,keep,True
reddit_1u18ir0_oqp6iby,train,keep,False
reddit_t1_my2c3v1,train,keep,False
bluesky_91713926105d8e0683bca0b5a606b10ef9263eba34e7390e326ef9653184ab11,train,keep,False
reddit_1tnf5qd_onvrh4o,train,keep,False
reddit_t1_mrlkex0,train,keep,False
reddit_t1_ms3q12x,train,keep,False
reddit_t1_mrdcrga,train,keep,False
reddit_1tbcpqz_olgbldo,train,keep,True
bluesky_a6378fe6bf96bf24bbba7549d84aa995c0bd373855fa11b7d89a136ce3ace47f,train,keep,False
reddit_1tzs7nk_oqeyy8i,train,keep,True
reddit_t1_mrmz16l,train,keep,False
twitter_2060750141330805068,train,keep,True
reddit_t1_mzmeo7g,train,keep,False
reddit_t1_mzeyhtu,train,keep,False
reddit_t1_mw9c0e4,train,keep,True
bluesky_704b9d0cee2d5b03d2a625297ac566cc7d1fde7af7f6a5ce596795ea17a3ada8,train,keep,False
reddit_t1_mrjuqig,train,keep,True
reddit_t1_mxbd44b,train,keep,True
reddit_t1_mt4hvke,train,keep,False
reddit_t1_murei3e,train,keep,False
twitter_2061796693327200306,train,keep,True
bluesky_400778213926b2a87a06025e61364c337521c921d06936c8c23bf54625ec739e,train,keep,True
reddit_t1_mzyhv8o,train,keep,False
reddit_t1_mu02rx9,train,keep,True
bluesky_9eeaea220fae80f2bab2a8c8db754eb867e3b45c9d5342ad710640f849d5f716,train,keep,False
twitter_2061571983586816368,train,keep,False
twitter_2061465386369888259,train,keep,False
reddit_t1_mrrvjfh,train,keep,False
reddit_1twq42a_opqproo,train,keep,True
reddit_t1_mwfkt98,train,keep,False
twitter_2095592792907284863,train,keep,False
reddit_1lenxv4_myirgzs,train,keep,False
twitter_2061825375726891491,train,keep,True
reddit_t1_mxtnkrs,train,keep,False
reddit_1u2391z_oqv7son,train,keep,False
twitter_2060863645530161514,train,keep,True
twitter_2061629305138843794,train,keep,True
reddit_1tws6al_opqt2c6,train,keep,False
bluesky_3e93a2d528eed8248e1b9a112e72ec55c34081069cb052d38b3140bc4cbfe2d0,train,keep,False
bluesky_ddbd68b836ba0d342f6509fc12951cb42694b4308f052ddf886e357238770ac4,train,keep,False
reddit_t1_mrgc76p,train,keep,True
reddit_1ld7g4x_my6473w,train,keep,False
bluesky_7ede05ab75d57b20e1eebf03e972ece73cc51ecc81fb0bd062e6d62a9f0eed93,train,keep,False
reddit_t1_mtpv8b2,train,keep,False
reddit_1km18ir_ms8he0a,train,keep,False
bluesky_7f17d72e3306d573d885e93dd6f546424f7be39404fb6e497e29636e95c261dc,train,keep,False
reddit_1tycvfj_oq396ma,train,keep,True
bluesky_510055c13c7e91fbcd429507031ef7f75917d2c30285a08efde46c7fa39631f2,train,keep,False
bluesky_4031ea875bf9c512d85665f5a4dd2a58767cb90066a5b1f33b6b69456f23d458,train,keep,False
reddit_1lgil6z_myxdveh,train,keep,True
reddit_1tznn66_oqccurj,train,keep,False
twitter_2061349993609678893,train,keep,False
reddit_t1_mr1u4qt,train,keep,False
reddit_t1_mwrimob,train,keep,False
twitter_2061821647514984563,train,keep,False
twitter_2059360788091974051,train,keep,True
reddit_1tvaatt_opjcuox,train,keep,False
bluesky_b72ad82c89d875a51922c7a883978a5fe3f83d02be6e1b34215ee224562a2f15,train,keep,False
twitter_2061525682480447868,train,keep,False
bluesky_38519b22baafd88002825563308a0fc0931937bb5b5b211d34acbe5867066d35,train,keep,False
reddit_t1_mwpbe7h,train,keep,False
reddit_t1_mskh55t,train,keep,False
twitter_2061766156440977463,train,keep,False
reddit_t1_n0dhsta,train,keep,False
twitter_2061586590506303928,train,keep,False
twitter_2061776440589271149,train,keep,False
bluesky_07306d3dfadd2c42aa1a59833f2116890ee16823ccc11bc1022e8a3993190d5f,train,keep,False
twitter_2061810168220811634,train,keep,False
reddit_t1_mw6wias,train,keep,False
reddit_t1_mx38mef,train,keep,False
reddit_1lk2jrt_mzqbdcq,train,keep,False
bluesky_6b06777bcec2a5f5f4444c95e7b57a7b11857f9e8ea3a99b8f1d0b9c95d8880c,train,keep,False
reddit_t1_ms40jwp,train,keep,True
reddit_t1_mryju20,train,keep,True
twitter_2060456141755208008,train,keep,True
twitter_2060081566286537124,train,keep,False
reddit_t1_mze9aww,train,keep,False
reddit_t1_mwcbmp7,train,keep,False
reddit_t1_mx4r5bi,train,keep,False
twitter_2096261543067345158,train,keep,False
bluesky_b947f9f636a46c5aae2da58e19d057698712df680eebeb004aa9eb94894bc539,train,keep,False
reddit_t1_myipmkd,train,keep,True
reddit_t1_myc8dom,train,keep,False
reddit_1tgxg10_omlqdzp,train,keep,False
reddit_1ljlipu_mzljqqu,train,keep,False
reddit_t1_myewn8d,train,keep,False
reddit_t1_mzh1oef,train,keep,False
reddit_t1_mv8f7g8,train,keep,False
reddit_1tql6ez_ooi0xbv,train,keep,True
twitter_2061337058203803876,train,keep,False
bluesky_a86b316dcd38e655773c26f42f70cbe2d3d3affa99d427a8dbb3dd4d452c813b,train,keep,False
bluesky_c784d0befd6702217d19022fe5f44c20ecdb62b3b4135054d0229fc4d72925a5,train,keep,False
twitter_2060273251797151990,train,keep,True
reddit_t1_mwg8qib,train,keep,True
reddit_t1_mtypuri,train,keep,True
reddit_t1_ms0kcoc,train,keep,True
twitter_2060863906021843159,train,keep,True
reddit_t1_ms5d7s0,train,keep,False
twitter_2061544496442052989,train,keep,True
reddit_t1_mwxz6qe,train,keep,False
reddit_t1_mx2tms2,train,keep,True
reddit_t1_mwf2qya,train,keep,True
twitter_2061755620563263533,train,keep,True
twitter_2060368174735098250,train,keep,False
bluesky_e3c9d15b975be81a71c21e2cdb60b6ef99278913961c382e31c6f625dcc9f255,train,keep,True
reddit_t1_mrivs0q,train,keep,False
reddit_t1_mticdog,train,keep,True
reddit_1livx5r_mzf64rz,train,keep,False
reddit_t1_mrt01aj,train,keep,True
twitter_2061485011384324574,train,keep,True
twitter_2061736692332273844,train,keep,False
reddit_1tv1z4j_opdv7rq,train,keep,False
reddit_t1_muc2nzt,train,keep,False
bluesky_6f998e367bd2c2b18371c0aff61df355ba19114156fe59887ed1aef64122fa8a,train,keep,False
twitter_2060450574823219650,train,keep,False
reddit_t1_mvpc4qf,train,keep,False
twitter_2060016998227304542,train,keep,True
reddit_t1_mtvev83,train,keep,False
reddit_t1_mqphhfs,train,keep,False
reddit_t1_mqa2bbw,train,keep,False
reddit_1l2fhnt_mvtivak,train,keep,False
twitter_2061783332434620672,train,keep,False
bluesky_d8d198671f58dde5fcf2f62d96e777ba71c7dbfcb34595263c37de401283210d,train,keep,False
reddit_1tu7mub_op7xgoz,train,keep,False
reddit_t1_muqj90z,train,keep,False
reddit_1tim947_omvanuz,train,keep,False
twitter_2059570700814602666,train,keep,True
reddit_1tsurmm_oozjz5r,train,keep,False
reddit_t1_myauj81,train,keep,False
bluesky_3a1fbd9c07142040779f28d79982eb844ab0a473e112f1574449f374acc8ef85,train,keep,False
bluesky_6365ee2bdf4c4279ad224569a1d8fe2145ee694b492471a60c4b972aa6621f37,train,keep,True
bluesky_26c5e18febf25954a9ce245f458cdc7c8b69866fc597992d3765354cbf094829,train,keep,True
reddit_t1_mrnu99p,train,keep,True
reddit_t1_myuwnpp,train,keep,False
reddit_t1_mxsmz57,train,keep,False
reddit_t1_mzphvri,train,keep,False
twitter_2061438462876631380,train,keep,False
reddit_t1_n0idg8r,train,keep,True
reddit_1tnobm9_onxadx3,train,keep,True
twitter_2096762709488337301,train,keep,True
reddit_t1_msnpjys,train,keep,False
bluesky_3d692e9dc38a93877e1b5f8cc3078433b962581e01fd3ac59d697c8bfc3400b6,train,keep,True
bluesky_8bfff245ebfa4e227b8d5180790ade9c22305adc67b82aaa9a91aa69bb3679d2,train,keep,False
reddit_t1_mrogi8w,train,keep,True
reddit_t1_mqgg649,train,keep,False
reddit_t1_ms9n50j,train,keep,True
reddit_1u26v2r_or0nq23,train,keep,True
reddit_t1_mt65g7g,train,keep,False
twitter_2061726380862177563,train,keep,False
reddit_t1_msylqma,train,keep,False
reddit_1u0oc51_oqjxbry,train,keep,True
reddit_1tuzwvu_opdal4v,train,keep,False
twitter_2061556346604970193,train,keep,False
reddit_t1_mwk616q,train,keep,False
bluesky_0800ed49b10202c10874d4bc49902044ef78a45c22831c7130ca7f61aa79d049,train,keep,False
reddit_t1_mrf2hgu,train,keep,True
reddit_t1_my0c665,train,keep,True
bluesky_fa38bc233e253a348b549bfac6e6c17c659f411e60f4359d6773099ccc917536,train,keep,True
reddit_t1_mv1tcns,train,keep,True
bluesky_bf790df9d137aa1cbd8db8c1bf0f7e7e4d41b5cdc334c9e2206ccbf6bcfc25a2,train,keep,False
twitter_2060585494077952426,train,keep,True
reddit_t1_mttz4xv,train,keep,False
reddit_1tw1yjv_oppxp7j,train,keep,True
reddit_1tbfpk8_olk3p3e,train,keep,False
reddit_1u0qe3k_oqkabr9,train,keep,False
bluesky_796966bbbb48f62314cd314ad79b28e91cccb77f5ade8131b3b8a9a7f494f8d6,train,keep,False
reddit_t1_mz2upz7,train,keep,False
bluesky_c5cd9e3cab93dea22f7563b5f2f0a3bd9393fac34c0282e78f90b4ccf2115254,train,keep,True
twitter_2061824410223251516,train,keep,True
reddit_t1_mwub84z,train,keep,True
bluesky_4cace324b89b23c55931f030556f31e1f85374ec727372ec3101e25d9a34f40f,train,keep,True
reddit_1l9qbdx_mxfb78h,train,keep,False
reddit_t1_mu3mm42,train,keep,False
twitter_2096991481256980829,train,keep,False
reddit_1thqwmy_ompi3zg,train,keep,False
reddit_1t7hgak_ol18p78,train,keep,False
bluesky_d69d4c520b3e4310b95ffc79b7b0d47548ed194414c72a5996dd5e5c83a52e18,train,keep,True
reddit_1ttb8wz_op1l2f6,train,keep,False
reddit_t1_mtsgc4d,train,keep,True
reddit_t1_mqbf79p,train,keep,False
bluesky_038c30836b0ae38c6c4ceae534d2e054f15a49aa34e26a71ea8c272c4a75f5b4,train,keep,False
twitter_2060735826099671202,train,keep,True
twitter_2061436098853962026,train,keep,False
reddit_1tvu9kc_opky419,train,keep,True
reddit_t1_muqfpdj,train,keep,False
twitter_2059587396019077354,train,keep,True
reddit_1tklc7j_on9x6ef,train,keep,True
reddit_t1_mvbl7td,train,keep,True
twitter_2061804235105419467,train,keep,True
reddit_1lnawk8_n0e33p2,train,keep,False
reddit_1troy7z_oosxyqm,train,keep,False
reddit_t1_n08ozdb,train,keep,True
bluesky_d3b40501291e1b645ecb2ba4ead585736b3c1becb0b7df2d4c5b5fe4e6e72562,train,keep,True
reddit_t1_msqqehy,train,keep,True
twitter_2061799368668139543,train,keep,False
reddit_1tsgnti_ooxltjs,train,keep,False
reddit_t1_mw6jxat,train,keep,True
twitter_2061297366041534472,train,keep,False
reddit_t1_mup9enx,train,keep,False
reddit_1lhi189_mz4jfi9,train,keep,False
bluesky_a0bc8f4b2dc268325c23066b9117f40b4b16ce08fc2803688e7324689bd2412b,train,keep,False
twitter_2061164377152380997,train,keep,True
reddit_t1_mw968aj,train,keep,False
bluesky_f5b575b45a0c9dea6303e0abacf595b40831b7705c009dd6f613a085ffe3ed9a,train,keep,False
reddit_t1_mq6q85x,train,keep,False
reddit_t1_mu4cc1b,train,keep,False
reddit_t1_msa6ytq,train,keep,False
twitter_2061544563333091441,train,keep,True
reddit_t1_mwqtkuv,train,keep,False
reddit_1tpf0kw_oo9pss1,train,keep,True
twitter_2061805846888341650,train,keep,False
twitter_2061532824813936853,train,keep,True
bluesky_3d5179aae4338b1472ff2d1ba20545f95c98e3f541eba6207d670d930a55a3ba,train,keep,False
bluesky_f159893849c2c04c374fc4a189a5c4d840a7d0b9a0cb964be4ebb0f80cef7b44,train,keep,True
bluesky_cc728c5b154b8936afa9f69d5c2c93f974e2f2f3bda54304380f0ef3316847d1,train,keep,False
reddit_t1_ms3i4ni,train,keep,False
reddit_t1_mzuvsmk,train,keep,True
reddit_1kj79wd_mrl5wsb,train,keep,False
bluesky_992de19945137f4bb88f04d989e8c2794fc681dca8c007835df423a009da3c87,train,keep,False
reddit_1txm3lk_opxunr8,train,keep,True
twitter_2061331090661605628,train,keep,False
bluesky_5500dbe65be3f50979165557538d6ee913e3de4ebff06f5d3a438fa651b815b6,train,keep,False
twitter_2061816002141180200,train,keep,True
reddit_1txsumx_opyx6vt,train,keep,False
reddit_t1_msn19mm,train,keep,False
reddit_t1_mv33f81,train,keep,False
reddit_1ttbse9_op1s1q8,train,keep,False
twitter_2059068837157613634,train,keep,True
reddit_1t1vs4b_ojkne0y,train,keep,True
reddit_t1_mqqhge9,train,keep,False
reddit_t1_mzlhum8,train,keep,True
reddit_1kx7c8d_mut44my,train,keep,False
reddit_1kj3p9z_ms06wb5,train,keep,False
twitter_2061762945227366650,train,keep,False
reddit_1tsdzd2_oowzdz9,train,keep,False
reddit_1u2194a_oqwl84v,train,keep,True
reddit_t1_n09rfiy,train,keep,True
reddit_t1_my4m485,train,keep,False
reddit_t1_mujxyqa,train,keep,False
reddit_t1_mq0hb5h,train,keep,True
reddit_1tpf0kw_oobbs3q,train,keep,False
reddit_t1_mw16jm7,train,keep,False
bluesky_e3fdff232783d9b1aa9b47e0d8a767173350c205ee513a19b46f16d11eeedde7,train,keep,False
twitter_2061320240412152002,train,keep,False
bluesky_c8bff160fb27d84ab259a95c732de5b6e4f96118ea0ebf19f8dd9c9755121bcc,train,keep,True
twitter_2059277166437675245,train,keep,True
reddit_t1_mq1spel,train,keep,True
bluesky_f49141645a6fe53f2be01dd7ca3d4c1b24fb739a610565f611375207723a37c0,train,keep,False
reddit_1try6d7_oouwqdp,train,keep,False
bluesky_4b66ef3b532a4079709a2dc30f84dd8e02e0cf84afe5b860ea927248fac0aa14,train,keep,False
reddit_1tuue1j_opczdql,train,keep,False
reddit_t1_ms50btx,train,keep,False
bluesky_9ff2251ca7a57952805eafb2c9e5d4f5474e3a50d2f76f7b229752cf875c78dc,train,keep,True
reddit_t1_msfkmki,train,keep,False
reddit_t1_msgbmml,train,keep,True
twitter_2061779756119478590,train,keep,False
reddit_1twgtct_opp100h,train,keep,True
reddit_t1_mxd9xfu,train,keep,True
reddit_t1_my3ep8n,train,keep,False
twitter_2061160785972195374,train,keep,False
bluesky_20d15d95006bdc2cb6c24eb00ad6dd850aa447b56d3dbfe3b57dcf148b543cea,train,keep,True
bluesky_d300274fd0763fdb0ede19040c16dc00746a909b352ff1b8cfe5c0a4e1ee4b82,train,keep,False
twitter_2061802995885506573,train,keep,True
twitter_2060421460255006861,train,keep,False
reddit_t1_mzx3zbz,train,keep,True
reddit_t1_mxlwl70,train,keep,True
reddit_t1_mq58kd1,train,keep,False
reddit_1t5gyoy_okaoymh,train,keep,True
reddit_1ty956s_oq21sgq,train,keep,True
reddit_t1_mv85vzp,train,keep,True
reddit_1ttx203_op6erkx,train,keep,False
reddit_t1_myv32bo,train,keep,False
reddit_1txsm52_opzntg1,train,keep,True
reddit_t1_mpxy1c8,train,keep,False
reddit_t1_mtrc89i,train,keep,False
reddit_t1_muj3d22,train,keep,False
bluesky_9edf3014eeb12d4421ee3ff5e6db680d14034ce2d0211fa13bc9a33d5eb21799,train,keep,False
twitter_2059295274959356271,train,keep,False
twitter_2061507149574951112,train,keep,False
bluesky_9cf9dc11c342c1b02342fa4b877352657015bd90475dd6c57bd81e0af53ebcf8,train,keep,False
reddit_1lhc2z7_mz3evha,train,keep,False
twitter_2061637728719061187,train,keep,True
bluesky_25550791a56b19570c3e78e8b3dde3b3cce109c869091e14a7bd4d5462a0efdb,train,keep,False
bluesky_3f438e996057521af5d0ca2d6a4cbab7f00fc5bd82e68327967ffe5e47d0727c,train,keep,True
reddit_1tuue1j_opc4oti,train,keep,False
reddit_t1_mq3e9u9,train,keep,False
reddit_t1_n0bxcc2,train,keep,True
bluesky_cfe8c1418ed3f878f9954b13fd148b5f72274e96abf7f14c56258c6aaa325038,train,keep,False
reddit_t1_mt7qpfl,train,keep,False
reddit_1u1c4u6_oqpjtnr,train,keep,False
reddit_t1_mze1klp,train,keep,True
reddit_t1_my5309h,train,keep,False
reddit_t1_mxwonuj,train,keep,False
reddit_t1_mxkmcgt,train,keep,False
reddit_t1_mrbysj7,train,keep,False
bluesky_842b94bcd0306dfeb584c9820216e7cfe3f0c6e580c5d66e147d3da745de1cb5,train,keep,True
bluesky_38ccd3d0c24c4616440d88565e513478c4a065245cab18243c98367c39452060,train,keep,False
reddit_t1_mrlj5ad,train,keep,False
twitter_2059402461035610514,train,keep,True
twitter_2061097926521422066,train,keep,True
reddit_t1_mt9e9tx,train,keep,False
reddit_1tsvrr2_op23fnm,train,keep,False
reddit_t1_mv8mwde,train,keep,False
reddit_t1_msaaady,train,keep,False
reddit_t1_mz2wwl7,train,keep,False
twitter_2060040863816814696,train,keep,False
reddit_t1_mqomd49,train,keep,True
reddit_t1_mrgmp7p,train,keep,False
twitter_2061291454161461337,train,keep,True
bluesky_0906571d09c5be903198467e5878b66e8e273d362008ec558b266d2b09865456,train,keep,False
reddit_t1_mv2yist,train,keep,True
bluesky_6619ed4057f3ae9216e5151de462d5c69470ee5f9bd0547bec988fb75e6c9c33,train,keep,True
reddit_1tvll8k_opi1q4v,train,keep,True
bluesky_480c497b10a72354f37210a67a714097ff2b56f9cecb8ca847a4f862ae895d27,train,keep,True
twitter_2061798901707890838,train,keep,False
reddit_1td4d2o_olt7kku,train,keep,False
reddit_t1_mvtrkmv,train,keep,False
reddit_t1_mvksihm,train,keep,False
reddit_t1_mxb8vc5,train,keep,False
reddit_1u16m18_oqo1ipb,train,keep,False
reddit_1twr00b_opr1q82,train,keep,False
reddit_1ktyua1_mu012m2,train,keep,True
reddit_1tff3ix_omb88j6,train,keep,True
reddit_t1_mzmlrgh,train,keep,False
reddit_1t4ruex_ok6zv1p,train,keep,True
twitter_2059753669495497077,train,keep,True
twitter_2061066935328973239,train,keep,False
reddit_t1_mytgb71,train,keep,False
reddit_t1_mzs4o0s,train,keep,False
bluesky_312b55723adc4a91d273ee1ce0d3bc2c6053322bc9ddd905dc774de1bd411e10,train,keep,False
reddit_t1_n0aymtr,train,keep,False
reddit_t1_muvvfuu,train,keep,False
twitter_2060349245564105190,train,keep,False
reddit_t1_muypu5s,train,keep,False
twitter_2059905289923752089,train,keep,False
bluesky_8ec7eb89c667cea3ce039261182c2b94ec091f4282e1f578c4384e8cf13dbb7e,train,keep,False
bluesky_196a9ce2f244ea66f324c52002f29cc5a494193cd8cfcaed6e670f670135f81b,train,keep,False
bluesky_2ec5909cd61ce659a834bd739c27a5aa4bf5af5448188ee76105e9bb7c1b1623,train,keep,False
reddit_t1_mu99vrq,train,keep,False
bluesky_b4e05c89ab89b03c6decb94992756614e459d28e2e7f9fb4c5c51fc7aa2706b7,train,keep,True
reddit_t1_mu2jfs7,train,keep,False
twitter_2061655341037670744,train,keep,True
reddit_t1_mtd58bx,train,keep,False
bluesky_94ef1b245e4ea57b3b4fe05e03a4b1dd777fa35e32280a3fb383dcdc06db3b8c,train,keep,False
bluesky_50b8d30e29e88b7b65dbc16fdad3e806d8fc9e29de6006eadfea5faa06b9752c,train,keep,True
bluesky_d3f422c19f42437d74e79e0287bdb54692874ea80093a4c85a42cccebbf76ab3,train,keep,True
reddit_t1_mrfy3yz,train,keep,False
twitter_2061827730677580160,train,keep,True
twitter_2061794907245724117,train,keep,False
reddit_1tp5g11_oo69zq8,train,keep,True
bluesky_bb994c1e97c3a28e0c80d3f06ecbb432dd40419f4f4101305afd222416bcbf21,train,keep,False
reddit_t1_my4z7vl,train,keep,True
bluesky_678e7501e4b3660391cc30e47fc3439d767eed0c27db5d2e799fb72699a1990b,train,keep,True
reddit_t1_n0eqovs,train,keep,True
bluesky_c14c7205506e0b6458313e1fa9516c92943c5adadcbce9304aeaf1449a758053,train,keep,False
reddit_1tsxfco_ooyjubd,train,keep,True
reddit_1tbymrb_olkjw82,train,keep,False
reddit_t1_mya68gm,train,keep,False
reddit_t1_mxhtitn,train,keep,False
twitter_2060405996938297541,train,keep,True
bluesky_88bc3faf57e6c5bc70fc9bcad82a1afd266829cb6da263f6a59535d73acdc1d8,train,keep,False
reddit_1ljlipu_mzm5cxs,train,keep,False
reddit_1lbzmnd_mxxizx2,train,keep,False
reddit_t1_mtd0t7j,train,keep,False
reddit_1tx0jmc_opseulp,train,keep,False
reddit_t1_mrz7rhr,train,keep,False
bluesky_fd2a12897bdbe795f300423fa28be7dd8bfb587a80f7fb31a4cafc164c625982,train,keep,True
reddit_1tt1r86_oozojbm,train,keep,True
twitter_2061477910364532774,train,keep,False
reddit_t1_mw7bvi1,train,keep,False
reddit_1tiody8_omxz6kv,train,keep,False
reddit_t1_mv3dwvp,train,keep,False
reddit_t1_muabdlh,train,keep,False
reddit_t1_mv94bkx,train,keep,True
bluesky_8c71b132f58c7317f2f3435e23561be11b35d253a9e9feddf322f55523b58e7a,train,keep,False
bluesky_a4ddd585c6a5d9c59679dc48fcc3de72053a092478575526811ecfdeb2a12fbd,train,keep,False
reddit_1txopv4_opxewvj,train,keep,False
reddit_1lo82x1_n0nhd0g,train,keep,False
twitter_2059076297046052962,train,keep,True
reddit_1tei2ql_om3wf65,train,keep,False
reddit_1tztcf9_oqfu07u,train,keep,True
twitter_2061805216790708579,train,keep,True
reddit_1tz4l7k_oq97wh0,train,keep,False
bluesky_cfca6ff7a228c9d534c6a2c35db7d44a195fceb95c66e343b0de105cdbdbe367,train,keep,False
bluesky_04691b52243f03fae211576e28b9250356e4b7376e4a5c5a2ec304b7b0c1c473,train,keep,False
reddit_1t7d5jc_okr3wec,train,keep,True
reddit_1txsumx_oq19biw,train,keep,False
reddit_t1_mw84dxs,train,keep,True
reddit_t1_mrxhk2f,train,keep,False
reddit_1ic7ftb_mvsyylk,train,keep,True
bluesky_8759cc04683513b2abf4c202066890dc8c7cdb2f8aef56cea8c18fab0510f351,train,keep,False
reddit_t1_mzseyqh,train,keep,True
bluesky_ec9feb6195c4fa93632d929a842d0c60477b5c5fa9d5cffa07c7a96935198434,train,keep,False
reddit_1kg2z8c_mqw52qc,train,keep,False
reddit_t1_mvgdeuj,train,keep,False
twitter_2061481017198682249,train,keep,True
bluesky_7199b84a5f5fb056d790034dd7909ab122da57d504d3edeb4c2720a120115f56,train,keep,False
reddit_1txopv4_opxf4wf,train,keep,False
reddit_1kce10r_mq1x36z,train,keep,False
twitter_2096673398076383276,train,keep,True
reddit_t1_mwkppg1,train,keep,False
twitter_2060393127681368324,train,keep,True
reddit_t1_n0b9ts3,train,keep,False
bluesky_4d2c4db478d67dc3d3a26c6627026858d78341e22159eb932220096ce7bd717d,train,keep,True
twitter_2060724579631349855,train,keep,False
reddit_t1_mvu3azc,train,keep,False
reddit_t1_mvye050,train,keep,False
reddit_t1_mrmfbei,train,keep,False
reddit_t1_mqyv99j,train,keep,True
bluesky_dbdfe18d5fdd72dc6fba647f5b7352f4dd2dc56b12c8fc935f47a07fcdc6d4d9,train,keep,False
bluesky_86f9339e560a008043e344eeb580fde95ab963dbf20312ca53327e8d965010b1,train,keep,True
reddit_t1_mw66dkh,train,keep,False
reddit_t1_mrximb1,train,keep,False
twitter_2060356010397577630,train,keep,True
bluesky_00af6a676d166aa1fdc4fc0955ebf516c8c66ea7b63f1d0ebbddd43f96574cc2,train,keep,False
reddit_1ti509f_oms60op,train,keep,True
reddit_t1_mqp8rnm,train,keep,False
reddit_t1_mq2qtia,train,keep,False
reddit_t1_mqkjjtw,train,keep,True
reddit_t1_mr8o1kr,train,keep,False
reddit_t1_myaf0c2,train,keep,True
bluesky_f22ebd98450434f42ff73810e488e5f77b8f1f606cc7b7a8d9427e53caaafcc9,train,keep,False
reddit_1tzs7nk_oqdmw0a,train,keep,False
reddit_t1_mruffyl,train,keep,False
reddit_1tt0wye_ooz9q00,train,keep,False
reddit_t1_mqu1ihm,train,keep,False
reddit_t1_mtorytp,train,keep,False
reddit_t1_mw4hqse,train,keep,True
bluesky_b13568fc46717e15b41bbd3236a1687179537ed154a1b65bcaec7ae866811da8,train,keep,True
bluesky_943d0e26639ac31c9c1864300435f72eda23cfd865f4747dd8154e649e7b8aa8,train,keep,False
reddit_t1_mwhklb2,train,keep,False
reddit_1lhaiqa_mz2ok9t,train,keep,False
twitter_2061218715635700214,train,keep,True
bluesky_88097a9f3a054a1a70b8941434ae5846023e7a8625d368b353f24004a9fa9ad7,train,keep,False
twitter_2060926824222486617,train,keep,False
reddit_t1_ms4e242,train,keep,False
reddit_1td5imr_oluwtpv,train,keep,False
reddit_1tztcf9_oqfusss,train,keep,False
reddit_1u23s25_oqwa6k4,train,keep,True
bluesky_c0bd47ec6339bf0ad1f2cae70fddebb1b03a2229d30d9271a021122768050451,train,keep,False
reddit_t1_mxxy7an,train,keep,False
reddit_t1_mtupvp9,train,keep,False
reddit_t1_mzz8ak3,train,keep,False
twitter_2061813551283490948,train,keep,True
bluesky_5ae93dcb37c70f4ddeb2f1f47826f517764345c608e7cb819162f2ea82b2de4b,train,keep,False
reddit_1tzfhxv_oqc3wbo,train,keep,True
reddit_1txvz2c_opzweh8,train,keep,False
reddit_t1_mvklgbp,train,keep,False
bluesky_368744c7bde6c25765ba9efd56a698e5186cacf783cce6b3c0b7c354fde168ac,train,keep,True
reddit_1tvsp9t_opks3ph,train,keep,False
reddit_1t3hfnf_ojvvd8u,train,keep,True
reddit_t1_mxrt3h4,train,keep,True
reddit_t1_mz9a8x9,train,keep,False
reddit_t1_mttjz6t,train,keep,False
bluesky_763a1dbf14e2b7126c3844de4932f9d071ef3c1078beddfde837e2ad0a01c26e,train,keep,False
reddit_t1_mthecds,train,keep,False
reddit_t1_msno945,train,keep,True
bluesky_77ea7e38deb4ca62f1668e687c58cfe1df845c4d77fdf87d9080f8a7bf49bd90,train,keep,False
twitter_2061549070464999793,train,keep,True
reddit_1t4fs97_ok4f7hm,train,keep,False
reddit_t1_n061n6t,train,keep,False
reddit_1kkwq7f_mrxtwq4,train,keep,True
reddit_t1_n0nvudu,train,keep,True
reddit_t1_mz76dfh,train,keep,False
bluesky_162b2dbad1c8268bc2768f9999f55b537c043b42224da99bbbcdf1b29cb7f8a8,train,keep,True
reddit_1tjno36_onh0ndq,train,keep,False
reddit_1twgtct_opoonuo,train,keep,True
reddit_t1_mrh9md9,train,keep,False
reddit_1t79fp1_okvhy3r,train,keep,True
bluesky_3b36c1a963e747db3996c188d77bf015d8d7b4c5233a001916c6bb37ea07dc87,train,keep,False
reddit_1tw81gp_opozbag,train,keep,True
reddit_1lc30pi_my3gpfz,train,keep,False
bluesky_50a0ebfa9cea9e26d24835d45e28c10594394a5290a731484f2573e16ec3ee8e,train,keep,False
reddit_1tt8k9j_op0uwnz,train,keep,False
reddit_1t1zmb4_ojotu66,train,keep,False
reddit_t1_ms15l4u,train,keep,False
reddit_1kgvslf_mr2r9d8,train,keep,False
reddit_t1_mqec505,train,keep,False
bluesky_4553da82e551add7c5bf9696dd5e659aa76c460ee5fb631df622bff47e8707f2,train,keep,False
reddit_t1_mwi9fcd,train,keep,False
twitter_2059205747033182344,train,keep,True
reddit_1trnhrp_ooupq57,train,keep,False
twitter_2061802279439671634,train,keep,False
reddit_t1_mxhpl80,train,keep,False
bluesky_937bbe57d302ca9d591fba68d5d366ffe2f71bee5779ba54b596de420f18e69b,train,keep,True
reddit_1tuebh8_op93d3o,train,keep,True
reddit_t1_myq5p4h,train,keep,False
bluesky_b87566163940e7aa04a328790632cb049a508ba68d66824b8264e88ee927575a,train,keep,False
reddit_t1_mtm0vvd,train,keep,False
reddit_1ttcu5f_op2qxhn,train,keep,False
bluesky_5f43781e116783c6349bfce5ef792426074143e2df90ce432bf995c9d9d72a3f,train,keep,False
reddit_t1_n04fe2q,train,keep,False
reddit_t1_mshiikj,train,keep,False
bluesky_eec755fad679f847a680412527caa3d4821888b5058ad4f4eb840ee2e97e2d8d,train,keep,False
reddit_t1_mx430nl,train,keep,True
twitter_2060060794046275635,train,keep,True
twitter_2061787125264372172,train,keep,False
reddit_t1_msgdoa9,train,keep,False
reddit_t1_mzq2bos,train,keep,True
reddit_t1_mwrv43u,train,keep,False
twitter_2060236429007958046,train,keep,True
reddit_t1_mtphr7g,train,keep,False
bluesky_77196379ba92c291c31ec312137500eeea94d1ac01ab4721d64cf14cf201324d,train,keep,False
twitter_2061592164346274018,train,keep,False
reddit_1l7bcd7_mwzdwht,train,keep,False
reddit_t1_mxxhohp,train,keep,False
reddit_t1_mrgnu2o,train,keep,True
reddit_1u185il_oqpgok0,train,keep,False
reddit_t1_mwycbun,train,keep,True
reddit_t1_mrbdive,train,keep,False
reddit_t1_mqtpvvg,train,keep,False
reddit_t1_mspa01o,train,keep,True
reddit_1kouuvz_mst0vtj,train,keep,False
reddit_1tqyx7p_oonrbud,train,keep,False
bluesky_b8ca0c27bbc162c35f09da2a97cfb839a345929e44674af30b35282f4f4124a7,train,keep,True
twitter_2059700346797363262,train,keep,True
reddit_t1_mz5ckes,train,keep,False
bluesky_b1325e0c16ad26437e027452c67b3c8179e1fd4e4ac8205c5f30716bdb132563,train,keep,True
bluesky_f9e4130000316faa81e1f1615ef9dd8ce3720749ed8e3930bf7b3ce0a9dcada2,train,keep,False
twitter_2061573998144626952,train,keep,False
bluesky_7b508975fa5daf12f95a63c3a8d376b5a730d70de51b21bb8e821a092534d7f9,train,keep,False
bluesky_404f3fa97a2e53d8dc91ecc13c98d38de82dda4f345270b81b6b778f65814807,train,keep,False
reddit_t1_mzmpyo4,train,keep,False
bluesky_1a7a1883f5ef52d46afb809b6b37cb027c1da88d8cce15feaece25895e15ec8b,train,keep,False
reddit_t1_mzqwu62,train,keep,False
reddit_t1_msy827b,train,keep,True
reddit_t1_mr39oyt,train,keep,False
reddit_1tuzwvu_opdwxkz,train,keep,True
reddit_1ts5npc_ooujvyq,train,keep,False
reddit_1ttrygw_op798oq,train,keep,False
bluesky_216dd22bd0de9105e2c63b9eb7d1d3c8909714d34f8029c75b1820e7e18b606c,train,keep,False
reddit_1ttbse9_op1noz6,train,keep,True
bluesky_6f73d255f832fabc0462feb5936e41f7402194e5e27a6bf5a0eb78407cfe13d8,train,keep,True
reddit_t1_mqa2v7a,train,keep,False
reddit_t1_mrgbwzg,train,keep,True
reddit_t1_mz3jdtn,train,keep,False
reddit_t1_myyzwgx,train,keep,False
bluesky_04498ee10ddb6d35b4a512ebacb8f9497d7efdf1415152a37776b581d73c7423,train,keep,False
bluesky_d25218f1d3d1640e8ecae1770c87fc654b2c5bb951bf647a3c30808bfa9c0c8f,train,keep,False
bluesky_2d78a3118a0219b9271d738f32b7b122352c97c1b419b45f5366a36ce4f54ce0,train,keep,True
bluesky_c97c7e2e096cf92679b672ec54ccdfdfacdca1554b0d9e836a101f90aed3f898,train,keep,True
reddit_t1_mtyipjp,train,keep,False
twitter_2061522834820829620,train,keep,False
bluesky_3541d35365c8841147592cbffe3a2ae2ba98036d76317c81bd985f020e4ab672,train,keep,True
reddit_t1_mz092zn,train,keep,True
twitter_2096941872321118717,train,keep,False
twitter_2061768150061089169,train,keep,False
reddit_t1_mqx4g4v,train,keep,False
reddit_t1_mzf51it,train,keep,False
reddit_t1_mq2roqz,train,keep,False
bluesky_abcbeccb0ea4a9875657dd00dc282c7c24e750d7889c38df5f2036810a8476f0,train,keep,False
bluesky_f40467c7f99680c2151522b3c43b468bd02b20dc177558294a1b26c7cdd51694,train,keep,False
reddit_1tqhy93_oohgo0j,train,keep,True
bluesky_098d2712c2dc7203ff167b6e0e25cbd0737fa99229b8d523d4e4412ec4186f27,train,keep,False
bluesky_19906e877862e97668597a3059b9caee8f3027651610d822d41c26df3f3a52ab,train,keep,False
bluesky_d5cced7a66fc3473b2946264466862fcc1d6aa15bcfb7e6fde748013e6b25e0a,train,keep,True
twitter_2061073084216492488,train,keep,True
reddit_1tlvx07_onpbnfj,train,keep,False
reddit_t1_ms92c4a,train,keep,True
reddit_1txi7g6_opvxtyp,train,keep,False
twitter_2060930878126301617,train,keep,False
reddit_t1_mq4ygyp,train,keep,False
reddit_t1_msz8blv,train,keep,False
reddit_t1_n09omd2,train,keep,False
reddit_t1_msse3nc,train,keep,True
reddit_t1_mqrrnvq,train,keep,True
reddit_t1_mt4sczj,train,keep,False
reddit_t1_mqptdy4,train,keep,True
reddit_1tnobm9_onyw1zh,train,keep,True
reddit_1t3183a_ojt0m2t,train,keep,False
twitter_2097037248587805003,train,keep,True
bluesky_d38df05d3b8905e5af26721aa6a11c32afe7d3be2c52ba8b0cea6d622fbec62f,train,keep,False
reddit_t1_ms3d5oy,train,keep,False
reddit_1t3snln_ok0b3ag,train,keep,False
reddit_t1_mrkup7a,train,keep,False
twitter_2061598669804023813,train,keep,True
twitter_2059636220121034903,train,keep,True
bluesky_aaded40dc78db1aadf44cb45f07b706b10d189e7cdfd4d3821cae72f43e94a89,train,keep,False
reddit_t1_muw2v0z,train,keep,True
reddit_t1_mqxffb1,train,keep,False
reddit_1tvsdbe_opjzmjf,train,keep,False
reddit_t1_mqeq9uk,train,keep,True
reddit_t1_my69isp,train,keep,True
reddit_1svtp7t_oiaykyl,train,keep,False
reddit_1ttadso_op17vyg,train,keep,False
reddit_1u28e60_oqvmar5,train,keep,True
reddit_1tv99t4_opjqklu,train,keep,False
bluesky_ede42f4bddbbfe661cf0c9684972a8a5d64809769f62eac3a4098b95a91fb345,train,keep,False
reddit_t1_mxvoe6r,train,keep,True
bluesky_d865e4f5aeb622082e7400fe5f68f339d8702a44dc97461e0446997ae161e44d,train,keep,False
reddit_t1_mzm03y8,train,keep,False
bluesky_71338b1734af95c5876569bcb507b7053b9c735362c78ab63bd1233bbcad5ddd,train,keep,False
reddit_t1_n038xd7,train,keep,True
reddit_t1_my3mb8p,train,keep,False
reddit_t1_my0v7n2,train,keep,False
bluesky_9655c6af5d257966909f105033f7f3ab6d05ea4f00cbd31c7c6dd7b5cd109796,train,keep,False
reddit_t1_mymgbhd,train,keep,True
bluesky_d437435c535f4b9ab48e10969caa6bbd853dbbd39e3f96113bb74728017864dc,train,keep,True
reddit_t1_mt7t4ob,train,keep,True
twitter_2061423119185707099,train,keep,False
bluesky_dd624b5836b0acb4e239c8971ac40abc940682887c74faa8d92c69fb649e1d06,train,keep,True
reddit_1tebmug_oq5x0g7,train,keep,False
reddit_1u21326_oqttlws,train,keep,False
reddit_1txi7g6_opy1ltr,train,keep,True
reddit_t1_mthzj3s,train,keep,False
reddit_t1_mvy12rn,train,keep,False
twitter_2060364776186757383,train,keep,True
reddit_t1_mqy1n0e,train,keep,False
bluesky_eb735afd8d1023b0cbaa0c6da31926bd9c416f0bac163e3f4f8a08f9eef772a1,train,keep,True
bluesky_e4d48954b1178a3d3bb6caeeb97b9901887107d266e02d1b10f2f42b657c5e5b,train,keep,True
reddit_t1_mveppxj,train,keep,False
bluesky_bfe6ceb53c97f510f1472113444fa141653f49616bdfe382e0dca84fc1184dba,train,keep,False
bluesky_873e4da2a4acf36345f769941bd35ef20044a5189b595aeb2176dfd7ecaf4c74,train,keep,True
reddit_t1_n0ej88j,train,keep,False
reddit_t1_mzf96t0,train,keep,False
reddit_1u06twk_oqgt32t,train,keep,False
reddit_t1_mtwwp1n,train,keep,False
reddit_1tu3uj9_oped913,train,keep,False
bluesky_d157b4f0c409a08f067a5f9c920f7680f4ae3a270f9b0b62494e8d6c48e34e41,train,keep,False
reddit_1kd71l9_mqb5vz6,train,keep,False
reddit_1l4xvti_mwdg9tp,train,keep,False
reddit_t1_mww4gdf,train,keep,False
reddit_t1_mwfzmbo,train,keep,True
reddit_t1_mxejhgk,train,keep,False
reddit_t1_mtr5u9g,train,keep,False
reddit_t1_mwaf36d,train,keep,False
reddit_t1_mwcn81m,train,keep,False
reddit_t1_my969ec,train,keep,False
reddit_t1_mxvdgsi,train,keep,False
reddit_t1_mzws1nl,train,keep,True
reddit_t1_mvcakbt,train,keep,True
reddit_t1_mwnq02w,train,keep,False
reddit_t1_mwxqkr9,train,keep,False
reddit_1s5k3k3_ocw3snb,train,keep,False
reddit_t1_mxqxb1z,train,keep,True
reddit_t1_mt633x7,train,keep,False
reddit_t1_mw5a4pv,train,keep,False
reddit_t1_myctxtj,train,keep,False
reddit_t1_mx2tpbf,train,keep,False
reddit_1l4k9ap_mwajr5z,train,keep,False
reddit_t1_mv0rc2e,train,keep,False
reddit_t1_mygw9qe,train,keep,False
twitter_2096560459117740512,train,keep,False
reddit_t1_mqz99hk,train,keep,False
reddit_t1_muzatgz,train,keep,False
reddit_1kdyrp6_mqgi2im,train,keep,False
twitter_2059189265368502770,train,keep,True
reddit_t1_n09e5c1,train,keep,False
reddit_1tgwl5y_oms9xt5,train,keep,False
reddit_t1_mzldl3d,train,keep,False
reddit_t1_mv01t4h,train,keep,False
reddit_t1_mqpaw8s,train,keep,True
reddit_t1_n0ecvmw,train,keep,False
reddit_1t3n2ml_ojwbxjg,train,keep,True
reddit_t1_muj5ydm,train,keep,False
reddit_t1_mxa9jca,train,keep,True
reddit_1u28e60_oqwj67f,train,keep,False
twitter_2061805726712918068,train,keep,True
bluesky_b4349f7a010bd843619704553466730002be84a5269ba76d4d11f3dd07662298,train,keep,True
bluesky_2a09a8af899eca33297e1d44d7bda1717b84ed47f6a82bbb86ebfb6a1ed01861,train,keep,False
bluesky_e5790b46a6ba47f9059b328a9e73ef551d308d8f9da4bb7a55e0a75b4447ff83,train,keep,True
reddit_1tsgnti_op1f5ms,train,keep,False
reddit_1tw739j_opmu48a,train,keep,False
reddit_t1_mxg6zcx,train,keep,False
twitter_2061435798650499262,train,keep,False
reddit_t1_mudlxpc,train,keep,True
twitter_2096293315662725458,train,keep,True
reddit_t1_n0lacc4,train,keep,True
reddit_t1_mtcirzd,train,keep,False
reddit_t1_my6nwai,train,keep,True
reddit_1l7it3w_mwy55f3,train,keep,True
reddit_t1_ms5qe6o,train,keep,False
reddit_t1_mybzuuo,train,keep,False
bluesky_34448858d14644eb46dc83f1cebe7f3ef5002234e128ed488512bc771a85b259,train,keep,False
reddit_1l26wsj_mvt4rte,train,keep,False
reddit_t1_mvol17a,train,keep,False
reddit_t1_msxgzlv,train,keep,False
reddit_1tux6at_opdzlbj,train,keep,True
reddit_1u18ir0_oqpgxs2,train,keep,False
bluesky_4ca267f7958baf440bae761299e19b9f92d4e0531c1a3e67eeeabd79ed2dd89c,train,keep,False
reddit_1lah4yw_mxlqgqp,train,keep,False
reddit_1tsrnbn_oozgj81,train,keep,False
reddit_1tvyk2a_oppqy3l,train,keep,True
reddit_t1_n03r6uv,train,keep,False
reddit_1tztcf9_oqdvqzo,train,keep,False
reddit_t1_mwdw1p9,train,keep,False
reddit_t1_mr7tuet,train,keep,False
reddit_t1_mxuyjoj,train,keep,True
reddit_t1_mr6djdo,train,keep,False
reddit_1l47zl2_mw6tnhn,train,keep,False
reddit_t1_mwibakb,train,keep,True
reddit_1tsx0f1_ooyapx1,train,keep,False
reddit_t1_mt71gyg,train,keep,True
reddit_1txrvp0_opyg13m,train,keep,True
twitter_2060756089310753109,train,keep,True
bluesky_30b180e21788d01bfd7b330879db880dbbe48e193b6e0ccf775995c6b18c6f5b,train,keep,False
bluesky_31f30be2c40d37a5dd00118712e24818a2d72bd5f163083f559362d80c477a48,train,keep,False
reddit_t1_muxle2e,train,keep,False
reddit_t1_mteogdf,train,keep,True
bluesky_12ee80e4761fb7b8887f47fa8ed83f7e06ade312b6d92906489c8a767e0cb33f,train,keep,False
bluesky_cb48a556e6f137c50ac043f07a3ab6ff4d7c55ef23e2850f06efdf846fc478a8,train,keep,False
twitter_2061634050465403323,train,keep,True
twitter_2060047688628867415,train,keep,False
twitter_2059815073485332851,train,keep,False
reddit_t1_n05egv1,train,keep,False
reddit_t1_mzllfs8,train,keep,True
reddit_t1_n0b9c9u,train,keep,False
reddit_t1_mwopajj,train,keep,False
twitter_2061492486997221561,train,keep,True
reddit_1u276eu_oqvhlgu,train,keep,True
bluesky_fb0f52e6d8752514958e65f8e647bfeb835cdbb4c5a79f721ceb4d38dc61061e,train,keep,True
twitter_2061831855515537795,train,keep,True
reddit_t1_my2xegy,train,keep,False
twitter_2059636911892050223,train,keep,False
twitter_2061759696806265321,train,keep,False
reddit_t1_mrvo7ma,train,keep,False
reddit_t1_n0gpvgm,train,keep,False
bluesky_35a9b246032c2e703c833a1b144dfe7251ae4bf709a6d3dc35b64f0fd87ed459,train,keep,True
twitter_2060091890591248691,train,keep,False
twitter_2061606723081711870,train,keep,True
twitter_2061821518766547289,train,keep,True
reddit_t1_mskvkpl,train,keep,False
reddit_t1_mw6xyj7,train,keep,True
reddit_t1_mqh3ejz,train,keep,True
reddit_t1_mxbbgwo,train,keep,True
twitter_2061136257275904182,train,keep,False
twitter_2061774876872970403,train,keep,False
reddit_t1_mt0z10l,train,keep,True
reddit_t1_mudhawk,train,keep,False
twitter_2061824220036780150,train,keep,False
reddit_t1_mur98v7,train,keep,True
twitter_2061512308312936914,train,keep,False
reddit_t1_mrh8puy,train,keep,False
reddit_t1_mqlfed3,train,keep,True
reddit_1l7c42o_mwvof6y,train,keep,False
twitter_2061796370177052960,train,keep,False
reddit_1u276eu_oqweekd,train,keep,False
reddit_t1_mwemvc5,train,keep,False
reddit_t1_n03himw,train,keep,True
reddit_t1_mx2b6ye,train,keep,True
bluesky_5077f9919bcba50e10d73e8b1dfcb98e1f346cdf272f8a5eda14ba602ee367c0,train,keep,False
reddit_t1_mv3bdo8,train,keep,False
twitter_2061570565593280575,train,keep,True
reddit_1tdva8i_olydilq,train,keep,False
bluesky_20222d154b68e3efb9325e1413ab3ab567c5bb89167a267396be4fd205e49ad3,train,keep,True
reddit_t1_mr9932a,train,keep,False
reddit_t1_myo6ga2,train,keep,False
reddit_t1_mymhp4a,train,keep,False
reddit_t1_mxu2cyg,train,keep,False
reddit_t1_mzm4379,train,keep,True
reddit_1tq2lod_oodc8ls,train,keep,False
bluesky_399368008346659a69a970642fd06d3e2ebdb0b1f9673bcc7e98b7c15b9dd3d7,train,keep,True
twitter_2060983633494593579,train,keep,True
bluesky_32101b64af548b1a974737caa6679b8f52270e78a65319ab3cb27d613c893584,train,keep,False
bluesky_23e76c2bc5c769256c47206f720124ac659cf1d146b2002240355cd71aaf0e49,train,keep,False
reddit_t1_msuj5yb,train,keep,False
reddit_t1_mzpqrnr,train,keep,False
reddit_1u0gyo8_oqjbci9,train,keep,True
reddit_t1_mwl8u0k,train,keep,False
reddit_t1_mxahjof,train,keep,False
bluesky_c7102c0a8ab2440340f6e55106a0d23e57beea9d2147d2af428aa8ea2b41c2d0,train,keep,False
reddit_1lg595e_myviglg,train,keep,False
reddit_t1_mx487nd,train,keep,True
twitter_2059985587948445954,train,keep,True
reddit_1tsx0f1_ooymknb,train,keep,True
twitter_2061058391380754775,train,keep,True
reddit_t1_mwi1iuo,train,keep,False
reddit_1klkbge_ms3mz7n,train,keep,False
twitter_2059353507564499161,train,keep,False
reddit_t1_muu13f3,train,keep,True
reddit_1tfvn1i_omd7uqd,train,keep,False
twitter_2059715487366566305,train,keep,False
bluesky_79b7865638576af0c9c68a95edb4f4fcd93286c65dfc1b6afd2b2705d395f546,train,keep,False
reddit_t1_ms059qn,train,keep,False
reddit_1tvsp9t_opmgp50,train,keep,True
twitter_2060673958442160524,train,keep,False
reddit_1tw739j_opoz80w,train,keep,True
reddit_t1_ms3rh0n,train,keep,True
reddit_t1_mvqmwvj,train,keep,True
bluesky_dcf71c8f4aef4560eb7ea18bc44402a0926b754f709a880bb087f2e88f3fea82,train,keep,True
reddit_1ttsfrd_op4smrv,train,keep,True
twitter_2060413802894827713,train,keep,True
reddit_t1_mw4edx7,train,keep,False
bluesky_981bec256ee2147794427338e54c7636559714bf4c8d03bc5677e2eb08dec56e,train,keep,False
reddit_t1_mxmyllo,train,keep,True
reddit_1trj3a5_ootl49r,train,keep,True
bluesky_c821e0f450bace3ad18a8ae5362c69e8844676271991489136b6753bd89a0dde,train,keep,True
reddit_t1_ms5pt8a,train,keep,False
reddit_t1_mr4nqgt,train,keep,False
reddit_t1_mu8fpik,train,keep,False
reddit_t1_mt7hiy3,train,keep,True
reddit_1tle2vc_onfk4d7,train,keep,False
reddit_t1_mvid7n3,train,keep,True
reddit_1tdz1jj_om1gk03,train,keep,True
reddit_t1_mul4db6,train,keep,False
reddit_t1_mx2k2ac,train,keep,False
reddit_t1_mqh4uvj,train,keep,False
reddit_1u1c4u6_oqosjtk,train,keep,False
reddit_t1_mybd1jn,train,keep,False
reddit_1t7hgak_okp610f,train,keep,False
reddit_1txme1m_oq0wlzl,train,keep,False
reddit_t1_myi1pl7,train,keep,False
twitter_2061385277206147319,train,keep,False
reddit_t1_n04cd5a,train,keep,True
bluesky_ebf2530349f8428be666190b1e7039886fc4211d5bfefbddd0a0459f9dbd1d33,train,keep,True
reddit_t1_mun58kc,train,keep,False
reddit_t1_myu3vz9,train,keep,False
twitter_2059816188687896826,train,keep,True
reddit_t1_msmrn8e,train,keep,False
twitter_2061249366174937370,train,keep,False
reddit_t1_mtuf6lr,train,keep,False
reddit_t1_mvlxn03,train,keep,False
twitter_2061773755450315239,train,keep,True
reddit_t1_mwcezls,train,keep,True
reddit_1ti151j_omrekdv,train,keep,False
twitter_2059768128280674563,train,keep,True
reddit_t1_murd272,train,keep,False
bluesky_cb508ee2ed69e10241a2e0c8459a1a5635596d67028135e10897788884f5704a,train,keep,False
reddit_t1_mwz3fph,train,keep,True
reddit_t1_msc5ayt,train,keep,False
reddit_1u0n3rj_oqkcp9a,train,keep,False
bluesky_2d32292043df46c2ea24b8a642eb30bd96b34a10a2312d27d271eedb3a408a31,train,keep,True
reddit_t1_n033zno,train,keep,False
reddit_1tvsp9t_opjks3f,train,keep,False
twitter_2059618631143543105,train,keep,True
reddit_t1_n0g21ps,train,keep,False
bluesky_2768d2c5ca8268349338ce81113d224ea2f25fd399da700f2eb247cd2f224b6f,train,keep,False
reddit_t1_mq8o44k,train,keep,False
reddit_t1_mrpa03z,train,keep,False
reddit_t1_mzrbkb8,train,keep,False
reddit_t1_mzzrb9l,train,keep,False
twitter_2061805367559155720,train,keep,True
reddit_t1_mte3yd4,train,keep,True
reddit_1ktm5vi_mtvze7g,train,keep,False
reddit_1tohbe9_oo1g5ru,train,keep,True
reddit_1ll3t6a_mzxvc5t,train,keep,False
reddit_t1_mtoj4l3,train,keep,False
twitter_2059414276478005375,train,keep,False
reddit_t1_mvd1jn4,train,keep,False
reddit_1tnmoob_onznfoj,train,keep,True
reddit_1ttadso_op45dt3,train,keep,False
reddit_1txm3lk_opwvpk7,train,keep,False
reddit_t1_mstji1e,train,keep,True
twitter_2095874263785861171,train,keep,False
reddit_1kmdt1g_msbl27c,train,keep,False
reddit_t1_mr5gr9a,train,keep,True
twitter_2061816123654385741,train,keep,False
reddit_t1_mvil7wn,train,keep,False
reddit_1lj8oo7_mzhzyl1,train,keep,False
reddit_t1_mzv8sws,train,keep,False
twitter_2097067232505585665,train,keep,False
reddit_t1_mqbfga2,train,keep,False
twitter_2061158287760830571,train,keep,False
reddit_1l5x8n5_mwl8rjq,train,keep,False
reddit_t1_msmgpmj,train,keep,True
reddit_1kne9uw_mshz9yj,train,keep,False
reddit_1u23s25_oqvxgpp,train,keep,False
reddit_t1_mx149f7,train,keep,False
twitter_2061819289703731303,train,keep,True
bluesky_a90600dc6aab7793eced8b1c5129b1a36a787812ef91730e80af21aa1220cde8,train,keep,True
bluesky_abd71cf83a0c26a874d752ff3d9b6b3621ade1a1e421f383d52f8b2904deddd9,train,keep,False
reddit_t1_msn4kjl,train,keep,False
twitter_2060253833960313052,train,keep,True
bluesky_a073164413bcb7644650528e38ac2e8c90a380546aeb15c9bc421b56d8b5fb2e,train,keep,False
bluesky_b0a6b5cd060b8f3dc002965f4375afd382a2ca19ab6c5c797ddda7bdaf4aa430,train,keep,False
reddit_t1_mue1ow8,train,keep,False
reddit_t1_mqww45c,train,keep,True
bluesky_dda61505a7eb9545d157eb61f3369abbdf3bf416d7d9186d5e11884128649184,train,keep,False
reddit_t1_mtxjljb,train,keep,False
reddit_t1_mwve9wz,train,keep,False
bluesky_7e447c70edbc7c190fe4963624b534329960901f8f73670dcb3bdef51f5ee143,train,keep,False
reddit_t1_mx2qx4g,train,keep,True
reddit_1laur47_mxoqg4s,train,keep,False
twitter_2060017471369662763,train,keep,False
reddit_t1_mwes9wn,train,keep,True
bluesky_f1ada1c70e30f4fde2c28397ed18c874046e3350c3d38c4e574c6bd38b714c54,train,keep,True
reddit_t1_mzfzx04,train,keep,True
reddit_1tbymrb_olozd84,train,keep,True
twitter_2061820672129872311,train,keep,False
reddit_1kxhi98_muq420c,train,keep,False
reddit_t1_mr2mfwr,train,keep,False
reddit_1tonmo5_oo6v724,train,keep,True
twitter_2060890451461157328,train,keep,False
twitter_2061195551886979309,train,keep,True
twitter_2095171779278823932,train,keep,False
bluesky_b4d7cfb389b014729eeebac731a7db30bd9e150ed22cc0940ecead9e34f139f4,train,keep,True
reddit_t1_msyz23i,train,keep,True
reddit_t1_mqgka4b,train,keep,False
twitter_2061739822952091975,train,keep,False
reddit_1tvll8k_opj3z63,train,keep,False
reddit_t1_mq40l2e,train,keep,False
bluesky_f1d1cda2371c1aacbb2d9d6ed3e057a655349134207ed6ba75c77107911cfcde,train,keep,False
twitter_2096282061979988149,train,keep,True
reddit_t1_mww39t8,train,keep,False
reddit_1kerfxk_mqmhx74,train,keep,False
twitter_2061805061320454558,train,keep,True
reddit_t1_mwj2784,train,keep,False
reddit_t1_mq2a5y7,train,keep,False
bluesky_137be3c4a8bcfc9de0547f4f0fa61f9fcc3988145ff6750a082ded33497180d6,train,keep,False
reddit_1kufk1l_mu14yej,train,keep,False
reddit_t1_mwdsrrx,train,keep,False
reddit_1kj1005_mrmb0iw,train,keep,False
bluesky_ba629650149e88f70bd7102712c558d495b941699829db0be31aff7973bf03c9,train,keep,False
reddit_t1_mqji9dv,train,keep,False
reddit_t1_mz6fr73,train,keep,False
reddit_t1_mzyjzq0,train,keep,True
twitter_2061527275791880332,train,keep,False
reddit_1t7d5jc_okrkk4h,train,keep,True
bluesky_4473243d985dc8723bb4440d6c98b783b9c1831afbb5404c08d13099e8dafd78,train,keep,False
bluesky_ddfaed8193cafac899557b81b0ac7c262ae21c7ae980b72f73a58d80c3e99c16,train,keep,False
twitter_2061802515360858384,train,keep,True
reddit_1u0y79a_oquh3sl,train,keep,False
reddit_1tvu9kc_opnf5xp,train,keep,False
reddit_1tupifu_opd792n,train,keep,False
bluesky_524f4c3866729572a3b60367f9d32bb5fbd26f2f7e9e1d85b5a5527b99ba348a,train,keep,False
reddit_1tswg2c_ooy38ch,train,keep,False
reddit_1klrr3i_ms58fkb,train,keep,False
reddit_1tmaez8_onmhtfo,train,keep,False
reddit_t1_mzbrtqp,train,keep,False
reddit_t1_mw4f84n,train,keep,False
reddit_t1_mqj9hn3,train,keep,True
reddit_t1_mz0vxow,train,keep,True
reddit_t1_mwbjepj,train,keep,False
bluesky_897870c97f81edbcf0fd4b927bdb0c2f5dde2aa4e8e3ec2f4459c9e2855dc897,train,keep,False
twitter_2061590939261432299,train,keep,False
bluesky_a393279192e4d7760b079565b4619899bf064a88cd6cd9d0f3a6d2ac733eb326,train,keep,True
twitter_2060047584022946076,train,keep,False
reddit_1te9myt_om5hl3c,train,keep,True
bluesky_8c4ba928c73ea07cfd9906915c86246197fb7b22295619819bd882a9ffd65bfd,train,keep,False
twitter_2061485500507275519,train,keep,True
bluesky_fc5755a94a777ce6296a91c6c123dbea589f53586f52b8f603643621ce36d750,train,keep,True
reddit_t1_mt3khbq,train,keep,False
twitter_2060186886010745336,train,keep,False
reddit_1tdz1jj_olz59g0,train,keep,False
reddit_1tj4vka_onpcksf,train,keep,True
twitter_2061260454224101652,train,keep,True
reddit_t1_msxyj3p,train,keep,True
twitter_2061824572731564481,train,keep,False
reddit_t1_my3eztk,train,keep,False
reddit_1lemamg_myhex7t,train,keep,True
reddit_t1_mytf2b2,train,keep,True
reddit_t1_msvf6y5,train,keep,False
reddit_t1_muzxs1a,train,keep,False
reddit_1lncl3o_n0go7u5,train,keep,False
reddit_t1_mwyhz7d,train,keep,False
reddit_1tvll8k_opmgwbf,train,keep,True
bluesky_86acfe88fee9d4fa6db658de8620a34b0d959de4d33a4e4d2082b7947662a20e,train,keep,False
bluesky_8cd922eea888b484b07294b870f0a7ace22f8e6361b4ffa1ffd75e3d826c6ae9,train,keep,True
reddit_1kcjvfv_mq4alrl,train,keep,True
bluesky_9b94561faf55b13c239d30087fb7ff2fbe0776b63a82d4358b36fc85fa3acb7a,train,keep,True
reddit_t1_ms4g6db,train,keep,False
reddit_1ttbqa6_op2h4mb,train,keep,False
reddit_1tuue1j_opc803a,train,keep,False
bluesky_3e90dcf914f245dc6d16a944867bd11aa5fd7e79d22eae7c151a6b53eefa3fd7,train,keep,False
reddit_t1_mrtg7rx,train,keep,False
twitter_2061821861617389883,train,keep,False
reddit_t1_mtbvadu,train,keep,False
bluesky_4f0dcde1b11cd5701c552a1629eafc70857b04c5777916a5fe26c128ad585fed,train,keep,True
reddit_1tpf0kw_oo8psxh,train,keep,True
reddit_t1_mx8b49k,train,keep,False
reddit_1try6d7_oott33j,train,keep,False
bluesky_8ef92549f0a2e64d8d54208f135310ff65a349cb86bd028943bd74411253571b,train,keep,False
bluesky_5695c15666d8e56b0b7623e5529b4e97e5fb6fbb59b04f19749db864927a274d,train,keep,False
reddit_t1_msuicu3,train,keep,True
twitter_2061810242350891174,train,keep,True
reddit_t1_mqw9gqc,train,keep,False
reddit_t1_my0rwap,train,keep,False
twitter_2061534066525323592,train,keep,False
reddit_1l222ou_mvpw9w7,train,keep,True
bluesky_fea83dca5a2d111cca09de05b5c045519cd1f5e3b78be9c4ce4857cc92af3adc,train,keep,False
reddit_t1_mr60olb,train,keep,True
reddit_1kfo0ut_mqu5lh5,train,keep,False
reddit_t1_mtz6r6w,train,keep,False
reddit_t1_mtoxriv,train,keep,False
bluesky_df094d25984482c88b7246ef40f639ec0e0dae59aa60d2241c020950e2f8cc40,train,keep,True
bluesky_0a0830b3aa0fd45df4430781f6f1b71891d4e11ac60b442589c209b354ad0b66,train,keep,True
reddit_1tn7lg4_onsh1oq,train,keep,False
twitter_2061817648288047153,train,keep,True
bluesky_81eef2331a05043a41ed261456b8a170c1d3b5d9fcafaaad11580f9d85395608,train,keep,False
reddit_t1_mxjw9lz,train,keep,False
reddit_t1_mt2imft,train,keep,False
bluesky_88c44cf0678ebd1009205c2b66db87089941c08b1ae570672a33213ca287b420,train,keep,False
reddit_1u0qe3k_oql84tc,train,keep,False
bluesky_97e3f867bba997d04f1302e41717e8fc45d6051df5c0507368b34e6ca0fc90bb,train,keep,False
twitter_2061226399328084080,train,keep,True
reddit_t1_mzeuj84,train,keep,True
reddit_t1_mwlegpv,train,keep,True
reddit_t1_mshqzdr,train,keep,False
twitter_2061613214564032791,train,keep,False
reddit_1kp7epx_msvqdfy,train,keep,False
bluesky_b406d743c095d80d55527e99b17e8047a14912830fbb5e95857f1fdc6ad3a329,train,keep,False
reddit_1ttxea2_opbbfyf,train,keep,False
twitter_2061821410406797597,train,keep,True
reddit_t1_mrhyms3,train,keep,False
reddit_t1_mu3rtiu,train,keep,False
bluesky_3950bc6624d9d193ef6ef19a6294a02db7cac23b5db403b0acceb99401992357,train,keep,False
reddit_t1_mtdrjko,train,keep,False
reddit_1tt1cw0_op04ra6,train,keep,False
bluesky_b6ffedfcb10285093556e59e7400a343cf146731501877c25a978b6c26056beb,train,keep,False
reddit_1tzfhxv_oqbao73,train,keep,False
bluesky_78c35542515cf273761328964f16030066f0e8b9a6b39631d77fcc1c471afe48,train,keep,True
reddit_t1_mt8mske,train,keep,False
reddit_t1_mzs1bmn,train,keep,False
reddit_1kgn2n1_mr04lxx,train,keep,False
bluesky_cd39cca04343ce546169d8fb36104ca9e9514cdeed685bdcf20ce73c5bc94dbd,train,keep,False
reddit_t1_mz6z9vc,train,keep,True
reddit_t1_msnmt4u,train,keep,False
twitter_2060012995170672906,train,keep,False
reddit_1txopv4_opyk3lr,train,keep,True
twitter_2061453938390712430,train,keep,True
reddit_1trc1na_ooq6wo3,train,keep,False
reddit_t1_mtssslc,train,keep,False
twitter_2061812579467690278,train,keep,True
reddit_t1_mrjcinf,train,keep,True
reddit_t1_mqs87fc,train,keep,False
twitter_2061553200524599340,train,keep,True
reddit_t1_mry3aze,train,keep,False
bluesky_b0763ccdf79e595ea062324f6d55e7cff647ac0880ebcc8dd381a2f2cf93bf89,train,keep,False
reddit_1lj3xf8_mzhvh4e,train,keep,False
twitter_2059684853788901381,train,keep,False
reddit_t1_mxelhqz,train,keep,True
reddit_t1_mt3hny6,train,keep,True
twitter_2061119275968983448,train,keep,True
bluesky_0a459eededee1466ddfa3e289d3ad497a8b966068c70c96204f6ba4b0e5fa5b6,train,keep,True
twitter_2096607921366782179,train,keep,False
reddit_t1_mwy28sd,train,keep,False
reddit_t1_mz9fibf,train,keep,True
reddit_1tstwrk_oozsv1w,train,keep,False
bluesky_8c1339e00e2ab77f713abea84e804c18c205c6c749bd739606d3fde06a48e9e9,train,keep,False
bluesky_646a49493670060f16cd49d90fce402d375abccd4b3f2afa02c5811a16e338cf,train,keep,False
reddit_t1_ms1guyp,train,keep,True
reddit_t1_mzscc81,train,keep,True
reddit_1tpf0kw_oouurn0,train,keep,False
reddit_t1_mvxtlcj,train,keep,False
bluesky_831bd263c545e6c9c949c934e7724dea7e44146e8166cfbc07fe4f1e3fb4894c,train,keep,False
bluesky_b760a2b2ea7588c13719f6ab4854634a622df2b6e099e3e8b6be9597785f4df5,train,keep,False
twitter_2061688675713360328,train,keep,True
bluesky_e0b4c3024b6388775ee499a2bf922688c9c918d3ba9324bde755dab3ce952a2e,train,keep,True
twitter_2061793360122360211,train,keep,False
twitter_2061293012018246024,train,keep,True
reddit_t1_n0319fx,train,keep,False
reddit_1ttxea2_opvw7i6,train,keep,False
bluesky_65aba13c9546286c756ec43642a5e8f56adc92d89aa21430260eeb00449708f1,train,keep,True
bluesky_d1a9f08e47327920c84bf99c53a9fab9e6f97e7212683dd72571e532548a7419,train,keep,False
twitter_2061403684831936729,train,keep,True
bluesky_a789b71686467f507cc021c26753a97de9292cc7dea1ad38b9385ae1a91354ac,train,keep,True
reddit_t1_mskgfzz,train,keep,False
reddit_1tvyk2a_oppl3ty,train,keep,True
twitter_2061814486525259786,train,keep,True
bluesky_c08c23b522f02a4ecfba9e00f15f18902a821a8e8c2cdeb5afffba2bd0bc94ae,train,keep,False
reddit_1ttadso_op1eosj,train,keep,True
twitter_2061828104784584743,train,keep,False
reddit_t1_mtbz3xt,train,keep,False
twitter_2061150288439103753,train,keep,True
bluesky_43b988ad114074978a35c73cec279697dca87f74bb7a81071c8e91599addba1c,train,keep,True
bluesky_6e4a7ce506c2b212a34477a41edc834126dbaa08f94f619b6d1e48d8b6bc4545,train,keep,False
twitter_2096572534653370562,train,keep,True
reddit_t1_mrzurpq,train,keep,True
reddit_1lhfkqj_mz3xx6j,train,keep,False
bluesky_670c19341a61e016f63609dbc10baf2b6ccd16a2afb72ba3ff6dff6e3160754f,train,keep,True
twitter_2061798143851741488,train,keep,False
reddit_1tws6al_opqvnx8,train,keep,False
reddit_t1_mygg3kh,train,keep,True
twitter_2060979944860037627,train,keep,False
reddit_1kbokeb_mpyonbo,train,keep,True
reddit_t1_mxyee5v,train,keep,False
reddit_t1_my5lvgk,train,keep,False
reddit_1kkr3gi_mrwyl6o,train,keep,False
twitter_2059446161069539442,train,keep,False
reddit_t1_mu6tsgh,train,keep,True
twitter_2061381778602959272,train,keep,True
reddit_t1_mxkmo2m,train,keep,True
bluesky_dda32bfb2cd626dedcaabacf515f5ea09a166abe0d276ac51cf42de12954c954,train,keep,False
reddit_1tpf0kw_oo97z9w,train,keep,False
bluesky_362fee07f153b19b3799873c4b643e2b1f92046dc699587519a4d0ac12f5efb9,train,keep,False
reddit_1t7d5jc_oko7op2,train,keep,True
reddit_t1_mrwzuie,train,keep,False
reddit_t1_muc1j1c,train,keep,True
reddit_t1_my3pgl7,train,keep,False
reddit_1ldqg8s_myc6oin,train,keep,False
twitter_2060405776808563034,train,keep,False
reddit_1lbebmn_mxtr22x,train,keep,False
reddit_1tsptkj_ooybob8,train,keep,True
bluesky_6a06ff06ad08ef9d7b96ffbf5ab29ebefef0e80da9009e4d0019248339e32040,train,keep,True
reddit_t1_mywtott,train,keep,True
reddit_t1_mu6vaw8,train,keep,False
reddit_t1_mxq5mem,train,keep,True
reddit_t1_mxyj9xx,train,keep,True
bluesky_be4a3b3062196c46fd563861c7b52032cf3cc1f5aa5ca52b4ad5e4aff2811d05,train,keep,False
twitter_2061827852815991202,train,keep,False
bluesky_ca5beddf307e8e15737f5a360f5f4a047bd8637d0ddabbf3d8e33bf46baabc5c,train,keep,False
bluesky_79776c7f9a7cdd2ba22818ae5b7d0b47ca809d3bbfe36262e22f50bff6e31398,train,keep,False
reddit_t1_n0au2qp,train,keep,False
reddit_t1_n0npa95,train,keep,False
bluesky_53b2fd5e67cc684ac4c14ee7881a4562b266d804065b072b0a0a0ff923ced79e,train,keep,False
reddit_t1_muqribi,train,keep,False
reddit_t1_mq87xip,train,keep,False
reddit_t1_mrm7amd,train,keep,True
reddit_1tw3aly_opneft4,train,keep,True
reddit_1knep98_msid8ca,train,keep,False
bluesky_4efe261d0169e1f59bc02f7b7ed0fb4389cd946c66a2b1b74569c3c9bbea2b9e,train,keep,False
reddit_t1_mzxynor,train,keep,False
reddit_1tf2h4l_om6lwgb,train,keep,True
reddit_t1_n0fs39a,train,keep,False
bluesky_bf5a1ecda14846d4e52603a9e3cd49e01c909a0482e45ca3a4222730fcc2f5ae,train,keep,False
reddit_t1_myig1rb,train,keep,False
reddit_1kgy4kn_mr2gufk,train,keep,False
reddit_t1_mwl1nzk,train,keep,False
reddit_t1_mwkk71v,train,keep,False
reddit_t1_mv0h1bt,train,keep,False
reddit_t1_mqp61f8,train,keep,True
bluesky_640d8febc809cb36cf3ab3cb27fb2beb9a6ff006e88d72b50fb48b83995f589e,train,keep,False
reddit_t1_mxfvdj3,train,keep,False
twitter_2061799295783698746,train,keep,False
twitter_2059962133828243924,train,keep,True
twitter_2060043429951017043,train,keep,False
reddit_t1_mygt28p,train,keep,True
twitter_2061825668103524809,train,keep,False
reddit_t1_muprso1,train,keep,False
bluesky_ecab0854a3260f2b7e1f401a8ba82baa858d6c1f4e6473d6c31aa2c206f293cd,train,keep,False
reddit_t1_mxf9zlj,train,keep,True
reddit_t1_mu54x85,train,keep,False
reddit_1t4w5i9_ok7hz77,train,keep,True
reddit_1tzcqta_oqdeiox,train,keep,False
reddit_1kneh09_msighec,train,keep,True
reddit_t1_mrzk3ho,train,keep,False
reddit_1ljeljv_mzjx98s,train,keep,False
reddit_t1_mrwpt04,train,keep,True
reddit_1tonmo5_oo4j0lc,train,keep,False
bluesky_0061ef0009f9a934cb0f0154606e612194d43fe853af8661c6db1759f4cbbf3d,train,keep,False
reddit_t1_mwfp4ny,train,keep,False
twitter_2061559216431599780,train,keep,False
bluesky_03e5dc3d8fc03761755ec6a46ecdf041c9053b7a4a9a6fa68c8d0f4ad5896c91,train,keep,False
reddit_t1_mx6yr0a,train,keep,True
bluesky_cddf9e5298261aa11cdea9cf4911b8cc63fc559607d9fb04ebffafd58d15a060,train,keep,True
twitter_2060042603362422818,train,keep,True
reddit_t1_mq177zq,train,keep,False
bluesky_565bc273fbe87d659a72921ac87f842e9176ade68562f9eb063f16ebeae249a0,train,keep,True
reddit_t1_mqq39x1,train,keep,False
reddit_1tvyk2a_opplh5t,train,keep,False
reddit_1liz1et_mzhrn2m,train,keep,False
twitter_2060216801125191708,train,keep,False
reddit_1tx0770_opscj23,train,keep,False
twitter_2061824082115489822,train,keep,False
reddit_t1_mwwpzjt,train,keep,False
reddit_t1_mvmjy6s,train,keep,False
reddit_t1_mt3sytn,train,keep,True
reddit_t1_mwknw5n,train,keep,False
bluesky_f69645220523e0bbe54eced36a9d1e5715333ba2774bd18e79bc84e5825ad73f,train,keep,False
bluesky_65a2e4508cfb29a4aa0f0c56d6bb989609691288d5fb8ba95f9522442b6c4947,train,keep,False
reddit_t1_mzs7kqa,train,keep,False
bluesky_8517cf2fa1059b585d8fa890a2f40762c4bcd3878fae760430a5a77cbfc8f2db,train,keep,False
reddit_t1_mt85g33,train,keep,False
reddit_t1_mqa8zf7,train,keep,False
reddit_1tzdiak_oqcryno,train,keep,True
reddit_t1_n02196u,train,keep,True
reddit_1tsvgs3_ooz7nqu,train,keep,True
reddit_t1_mydyu5m,train,keep,True
reddit_t1_ms11uav,train,keep,False
reddit_t1_mx407jh,train,keep,True
bluesky_48b65097dde8d35d417d4c1442053bd8b665dffc38f9ffe4bbafd55b75fa4a02,train,keep,False
bluesky_123216e95843016791a695caf1bd88783c2b57a1ea54ce40278bbd1c9c91f3fe,train,keep,True
reddit_t1_mr3ic19,train,keep,False
bluesky_765e396e1cace96c2b7070c2fc6ee5b95d0f5d51cb81ed7974dc43927f265826,train,keep,True
bluesky_36c7d99d611619a27731b5529e3fec6b0ed0e5802ee9796dcce93b683a5babb8,train,keep,False
bluesky_c4a7910429971d09e06b33a10eb0bd1d2a29718926e08b34645d33ea9d66453e,train,keep,False
twitter_2096501919024075152,train,keep,True
reddit_t1_myqs7j2,train,keep,False
reddit_t1_mz22abe,train,keep,False
reddit_t1_mv9f2js,train,keep,True
reddit_t1_mqjb52r,train,keep,False
twitter_2061789824978174174,train,keep,True
bluesky_f679b175528704380ca579f8c5d28fd32a72ac82c6dca1a6f82a2e5aa7cf7b19,train,keep,False
reddit_1kjmyd7_mroltjg,train,keep,False
reddit_1lm66nu_n05ydbv,train,keep,False
twitter_2060085811807146412,train,keep,True
twitter_2061552992386490550,train,keep,True
reddit_t1_mvwo83w,train,keep,False
reddit_1tvywom_oplqva3,train,keep,False
twitter_2060035559158931579,train,keep,False
reddit_t1_mtq57p5,train,keep,False
bluesky_8fe8db36a4c70e554b70f099141e84a64c0d63e14cefecf38f320cc821c56047,train,keep,False
bluesky_540a600879c92a668c2f2013a19948ed1b6dfef70db03bcd27ae97366df1251e,train,keep,False
reddit_t1_myi0433,train,keep,True
reddit_t1_mv0j236,train,keep,False
reddit_t1_mrzp7kd,train,keep,False
twitter_2060001139089612912,train,keep,False
reddit_t1_mqer3yq,train,keep,False
reddit_1tqdpjl_oofqs3f,train,keep,True
bluesky_822d33ea9888b8a829b7aff35a0684d38546e560d7a683350293e66b6044641f,train,keep,False
reddit_1u2ek28_oqxjcoy,train,keep,False
twitter_2061776460675723578,train,keep,False
twitter_2061542737720099035,train,keep,False
reddit_t1_mv3q225,train,keep,True
bluesky_bf9416f0a40cc617d94abdd4b84896048028100e9ee17d3eafac380bf90408e4,train,keep,True
reddit_t1_ms4lh5t,train,keep,True
bluesky_30b3adf220f2bc1684526cd5db8886339b4e6eee8eaf8d259ad3cc41f46d669c,train,keep,True
reddit_1txsm52_oq0tap9,train,keep,False
reddit_1kevmuh_mqmfoxb,train,keep,False
bluesky_fff33fffcd32f29060e1f62a6e8e9708fec18f8a94276cb419e943d85d7179e2,train,keep,True
reddit_t1_mt5n5z3,train,keep,False
bluesky_dc26e4d53c86d5623278bb48c3a8e57dfce609192a53b8f063e0d9fa0116506b,train,keep,True
twitter_2060866468980650061,train,keep,True
twitter_2060438853614231931,train,keep,False
reddit_1tgqz21_omjuz7x,train,keep,False
twitter_2060568388586385620,train,keep,True
reddit_t1_mz8qhd0,train,keep,False
reddit_t1_mxry2go,train,keep,False
reddit_1th143w_ommwruw,train,keep,True
reddit_t1_msfwyzs,train,keep,False
reddit_1twd1b6_oprp5qx,train,keep,False
twitter_2060132819976753572,train,keep,False
reddit_t1_mxczofi,train,keep,False
reddit_t1_mtdq8vj,train,keep,False
reddit_t1_mvzxupi,train,keep,False
twitter_2059675070172221893,train,keep,False
reddit_t1_mxdf8xr,train,keep,True
reddit_t1_mx4lnbw,train,keep,False
reddit_t1_musg56g,train,keep,True
twitter_2061457015210467436,train,keep,False
twitter_2060475083844657292,train,keep,True
bluesky_a581f92ca8c2faa5ff05b011ab3397ea325ec69c5fed076c47e9bbbec6e4db55,train,keep,False
reddit_t1_n01j4uo,train,keep,False
reddit_t1_muylawk,train,keep,True
reddit_1tdw39i_om0r2lo,train,keep,False
reddit_1tw1yjv_oq9c9hq,train,keep,True
reddit_t1_mumug2t,train,keep,False
bluesky_9e3f8d5f555a9cb0ea446f9ee02eb977adbc6fcbc73894b73f46a50710434b49,train,keep,False
bluesky_2c0beb1b4d616cade43331543bb20501eb6228e021eca2f6c255f10dc1a999cc,train,keep,False
bluesky_73895a4abdd40794872c66ada25667c79f717e0e4b744559e20583018b54b4fa,train,keep,False
bluesky_95f788a649f3daf2e2c64effe93e2cf8b3637c4eeb2b1cba40cd9e82be7742cb,train,keep,True
reddit_1kg4mm8_mqvwlhx,train,keep,True
reddit_t1_mz2ask0,train,keep,False
reddit_t1_mwm74qt,train,keep,False
twitter_2061551170833858997,train,keep,True
twitter_2061788873408090121,train,keep,True
bluesky_8ab069db22627f99659cc2f5581f655fa34d186935817e7a44648c7513f3a541,train,keep,False
reddit_1lid9c0_mzbx3nu,train,keep,False
twitter_2061765174587990413,train,keep,False
reddit_t1_n0n92sk,train,keep,True
reddit_1tvaatt_opl89eb,train,keep,False
reddit_t1_mycpds3,train,keep,False
reddit_1kkr1xi_mrwzz16,train,keep,False
bluesky_7f136a38d9318af5c055faab6c514906b41eb43190d98cfb700be0e678550b23,train,keep,True
reddit_t1_msyrfbw,train,keep,False
bluesky_4b4349f4aee5731db972f31cbacff26bdfbbeec604f1dbdca18d062162ae2523,train,keep,True
bluesky_d3c1ab962ea9647039edd2959a38033e6b0220c88b810e600e43a1ab1ef7fd3d,train,keep,True
reddit_t1_mu02goj,train,keep,False
bluesky_d7428229edad78aa7012166c170c0a0cf9377f0cc766ad4d18b2e3b72e2b9a79,train,keep,False
reddit_t1_mq3bx5m,train,keep,False
bluesky_253b37dc785bb495375b9e9320861af440cd8633257f286f538823a045fd5809,train,keep,True
twitter_2061151853962735985,train,keep,True
bluesky_8bd506a6d648784064e6527c171d0d895f342aa5d61928b057d9d2245cc872d5,train,keep,True
reddit_t1_muqekde,train,keep,False
reddit_1tsv1fn_ooz66v6,train,keep,False
reddit_t1_mqgmuti,train,keep,False
reddit_1tsfgd5_opax0h0,train,keep,True
reddit_t1_mvzfpr4,train,keep,False
reddit_1tu7mub_op8udhe,train,keep,False
twitter_2061343897645662693,train,keep,False
reddit_1tyet91_oq5d3pl,train,keep,False
reddit_1u2nrer_oqzavdd,train,keep,False
reddit_1tsv1fn_ooxwq3i,train,keep,False
reddit_t1_mqott1h,train,keep,False
bluesky_b6aa63e4e8f0965a45fa88966c29e62cfedff66da7c299373d25eb7fac2c1e8c,train,keep,True
reddit_t1_msicylb,train,keep,False
reddit_t1_mtoi54l,train,keep,False
bluesky_90dec9f99dcef7e299463da9d96f13d03dac2edf86a58c099e179a20782a1c2a,train,keep,False
reddit_t1_msa5q84,train,keep,False
bluesky_a06c14496b29cbe28fcd5c85ab36ce5ed22f1a7c91c0afe99b6fd017305f55be,train,keep,True
bluesky_ae7ce6348c1b9f5a8a51b75d5f4131bafd494ee05f7db74ded71a5844bb2b2f7,train,keep,True
reddit_t1_mz4ys81,train,keep,False
reddit_1txsm52_oq0c63j,train,keep,False
reddit_t1_mry1u03,train,keep,False
twitter_2060706850153107637,train,keep,False
reddit_t1_n0fi6wl,train,keep,True
reddit_t1_mrnipnz,train,keep,True
reddit_t1_mwj23y9,train,keep,False
reddit_1krctyl_mtdhifp,train,keep,False
reddit_t1_mv9oxiz,train,keep,True
reddit_t1_ms0y3s8,train,keep,True
twitter_2060910478797222344,train,keep,False
bluesky_68b1caec73856880f026298f915ff521eb45807491d29f29d6bce98fbcd18485,train,keep,False
reddit_1lind1h_mzek8ya,train,keep,False
bluesky_e2d1ca94f428f2ce81f12a86b66668e2843378f0fe3a2b7c7420e11f441510b6,train,keep,False
reddit_t1_n0hh3jo,train,keep,False
twitter_2061122456761286743,train,keep,True
bluesky_25c61f6d4af06dcbd1668e0e8741d599abed5eb802e7065f8fe5473e8012e80d,train,keep,True
reddit_1u2almy_oqw1wt3,train,keep,False
twitter_2061726334863216978,train,keep,False
bluesky_5ec44def6d2ff720d62be9790a1a2a3ec910f2a9c0bb4cb25df0662cc2a6d8ba,train,keep,False
twitter_2060341248909619256,train,keep,False
bluesky_344603d752bf5121bb70dde33dcca2ef0c5849dd2f487acb9ce6a5ac7884f6fa,train,keep,False
reddit_t1_mtnun73,train,keep,False
reddit_1tvll8k_opi30yr,train,keep,False
twitter_2061827838009848288,train,keep,True
twitter_2061786274860572990,train,keep,True
reddit_1tv4g76_oqjo5ds,train,keep,True
reddit_t1_my53hso,train,keep,True
reddit_t1_mqdnx6s,train,keep,False
twitter_2061823864691102073,train,keep,False
reddit_t1_mq71iq6,train,keep,True
reddit_t1_msx4gv7,train,keep,False
reddit_1tkvbmy_onfx9de,train,keep,False
twitter_2059388503075533204,train,keep,True
reddit_1tstlbr_ooys9jd,train,keep,False
reddit_1txvz2c_oq0236v,train,keep,True
twitter_2060435240712053171,train,keep,False
bluesky_724aaf7d23efd5b17d90ed47f6349363d485a5c5cc1a3efa1aadc456f3d810ee,train,keep,False
reddit_1tvywom_opkls98,train,keep,False
reddit_1kwrc53_mujws7h,train,keep,False
twitter_2061091048982712709,train,keep,False
bluesky_469f08cae7bea165ecda5c16b8aa087b3567058abcb53075c7a16a59793f1fe6,train,keep,False
reddit_1u0l8qh_oqjmipp,train,keep,False
reddit_1u09w82_oqj2x1y,train,keep,False
twitter_2061432567740440899,train,keep,True
twitter_2060037363624230954,train,keep,False
reddit_1u05n1d_oqgr91x,train,keep,True
reddit_t1_mymazw4,train,keep,False
reddit_t1_mwaftvg,train,keep,True
bluesky_d8bc6d9870cad6710fef1d761339661bb7820a33414c16be98cf51930dcfa319,train,keep,False
reddit_t1_n0g82fo,train,keep,False
bluesky_272628c04670396c0a5d0364294167bcc4dda94980d6d15ed049b85d7b4be9b1,train,keep,False
reddit_t1_mugh71e,train,keep,True
reddit_t1_mshlus8,train,keep,False
twitter_2060617474110882202,train,keep,False
reddit_t1_mr4qcum,train,keep,False
reddit_t1_mrbuipd,train,keep,True
reddit_t1_mztw7aq,train,keep,False
twitter_2061477892706439476,train,keep,True
bluesky_a2c6f78e2c325bdf45b88a8306f40bf67bb2a628b515b52059ba8326d1af88ac,train,keep,False
reddit_t1_mvd2j9b,train,keep,False
reddit_t1_mton75z,train,keep,True
bluesky_8b26c950e30c73d7e3968848ceb80b43eabc926258969244113290f276b39a2d,train,keep,True
twitter_2061826663579611361,train,keep,False
reddit_1txrvp0_opzbos7,train,keep,True
reddit_1u1k8nd_oqqd7z9,train,keep,False
reddit_1txm20v_opwxtsg,train,keep,False
bluesky_4d527339e7e780c7264cfc830015b9fb6d2023e5d108f97c82d3d9fbfc1dabe1,train,keep,False
twitter_2061813309477945741,train,keep,False
reddit_1ta0m34_ol8pn3p,train,keep,True
reddit_t1_mu75nc6,train,keep,False
bluesky_ad467de9f3c54e3980e35faebcf6347e59d4eb83a53bbcd0277826acfad276fe,train,keep,False
reddit_t1_mtu0mw5,train,keep,True
reddit_1tswg2c_ooy39m8,train,keep,False
reddit_1kfa750_mqp8882,train,keep,False
bluesky_797494988ebf0e6a7143b8b2839da25237fed478ce8629399396a74e6eb81f65,train,keep,False
reddit_1u06twk_oqhk1df,train,keep,True
reddit_1lg8nfc_myuy2mf,train,keep,False
bluesky_e18b5527f0e7afb9bd9a0953b80d0a518ce6e787e15644d2ef40ccab29bab58b,train,keep,False
twitter_2059628264650326127,train,keep,True
reddit_t1_mqkc0xh,train,keep,False
reddit_t1_mxeo4mg,train,keep,True
bluesky_57a87f5a45e2910a4e3be881472dbb22b7424ec60182a4be49d9b707971c61f8,train,keep,True
reddit_1tutxzr_opbzhp9,train,keep,False
reddit_t1_mwuvf1x,train,keep,False
reddit_t1_mxurle1,train,keep,False
reddit_1tz4l7k_oq961uv,train,keep,False
reddit_1thqwmy_omt19aj,train,keep,False
twitter_2061760849350443079,train,keep,False
reddit_1tug26y_opdl119,train,keep,True
bluesky_c552dbf5e2525a5e0918bd6c7bafb6ad4e4c44fad24482e0652a16e07d32021a,train,keep,False
reddit_1tztcf9_oqdauw0,train,keep,False
reddit_t1_mtpmehv,train,keep,False
reddit_t1_mygiz9g,train,keep,False
reddit_1tbxjhn_olkskqj,train,keep,True
reddit_t1_mr9e1c0,train,keep,True
reddit_1ttcu5f_op27edo,train,keep,False
reddit_t1_mz34dhr,train,keep,True
twitter_2061108002896138352,train,keep,False
reddit_t1_mtdhhn0,train,keep,False
bluesky_d899c75fec753c933fbc574ffc2fa05b75f537f60c5d83e0fa8136e7756db40b,train,keep,False
reddit_t1_mzt9g5y,train,keep,True
reddit_t1_mr4rhkc,train,keep,False
reddit_t1_mtzqkze,train,keep,False
bluesky_e9b1c51f3cee9cc5d8818725a5a2dbd89290b3dffde1fca5ac0b4024dcffb39e,train,keep,False
reddit_t1_msh988w,train,keep,False
reddit_t1_mu0717g,train,keep,False
bluesky_e686be464783703d82a59d93de72769631828c8a2965647fc048f709c43c8f3d,train,keep,False
reddit_t1_mrwbpwd,train,keep,True
bluesky_536803da4c5c8611835e387e7068f0523141798294cdcd1f7b04db738bc1c02d,train,keep,False
reddit_t1_mqm3kjo,train,keep,False
reddit_1tswi99_op0nm3j,train,keep,False
bluesky_0b35aed17036b311cd05ac5cf209297364b7d0e02e812149becb1a2596189c5d,train,keep,False
reddit_1ti5cqx_omvgenp,train,keep,True
reddit_1u16h1f_oqnp73f,train,keep,False
twitter_2061319486859321345,train,keep,False
twitter_2061824070958956668,train,keep,False
twitter_2096421278764630178,train,keep,False
reddit_t1_n0bzgrh,train,keep,False
bluesky_157c853496576872a2de4f6405fa78c6bcd9a0c7fa1e4901047d1de5c61fbd9c,train,keep,True
bluesky_93f32176d435fecd71b7fada62081a3e701cf685fa54a6465366eed2e1d24297,train,keep,False
bluesky_5575438af4f687e98e8d2eb3b2c23015df16fa0aca7dc6fefe6ddd8779050e4c,train,keep,False
reddit_1lfks4q_mypv38w,train,keep,False
reddit_1tzoxl1_oqdj594,train,keep,False
bluesky_0b84383ccc1984a311aa85bfb91f8ae5bf2f9fc150473ed70863686e0aa1853a,train,keep,False
twitter_2059756710315655255,train,keep,False
reddit_t1_mw1y3cg,train,keep,False
reddit_1tonmo5_oo2l3r6,train,keep,False
bluesky_ee6fd1fd35aa6fd53f483a743c9da7280fd724c4210ae535b52df77182fe8410,train,keep,True
reddit_t1_mt5rwmy,train,keep,False
reddit_t1_mqtpbgd,train,keep,False
bluesky_e1b874089945a123a781f96564725072acdcd022a6474b358dc95a06e43342fb,train,keep,False
bluesky_2a569170e8205e1db315e9f4c01693cbcd91917ac957996efaba8fa144253b4a,train,keep,False
reddit_t1_mzzqmx7,train,keep,True
reddit_t1_mwymmko,train,keep,False
reddit_t1_msyk0gm,train,keep,True
twitter_2059808704204251311,train,keep,False
twitter_2060809766348161530,train,keep,True
reddit_t1_mwvulyp,train,keep,False
bluesky_a97b599ddde8397c46f602f91191776fe911d9be235ff23c554fae4d0e34c3b6,train,keep,True
twitter_2061564892331778135,train,keep,False
reddit_1tznn66_oqdlxew,train,keep,False
bluesky_ef1b1005ea805f95135886d19504197012ae72b3abc97e3b5ba1ba9a5277bf9b,train,keep,True
reddit_t1_mxha8ym,train,keep,False
reddit_t1_n0nlho5,train,keep,False
reddit_t1_ms5qm7z,train,keep,True
reddit_t1_mwwt0x4,train,keep,False
reddit_t1_mr71u37,train,keep,False
reddit_t1_mt5dnfo,train,keep,True
twitter_2060835371835851046,train,keep,True
reddit_t1_mvv0r1r,train,keep,False
reddit_1til7dr_omxbr4r,train,keep,True
twitter_2060060077806014515,train,keep,True
twitter_2061300132675522899,train,keep,False
twitter_2061688932924805388,train,keep,True
bluesky_b28e3f60abf74a6d366aba175c7b52ca3762047fe0478f6a878048e45caa80b0,train,keep,False
reddit_t1_msgqd0b,train,keep,False
reddit_t1_myh8m4v,train,keep,False
twitter_2061392484215996758,train,keep,True
reddit_t1_mq3ride,train,keep,False
reddit_t1_n02jj2y,train,keep,False
bluesky_ab73951566d9b2ac6fd48bf6dcb4d8e0586eabdf1702787c4c7cf3bf27dd69e3,train,keep,False
reddit_1t40sbu_ojzm2ss,train,keep,False
bluesky_9e51d4e6682bf24031677356d3394122d754937aaa4f8906bc7c3a0305f812ce,train,keep,True
reddit_t1_mte90sn,train,keep,False
reddit_t1_mwptdlv,train,keep,True
reddit_t1_mxl5ajs,train,keep,False
reddit_t1_mywy728,train,keep,False
reddit_t1_mw7sxau,train,keep,False
reddit_t1_n04swvi,train,keep,False
twitter_2061338743940788333,train,keep,True
reddit_t1_myb9tss,train,keep,True
reddit_t1_my20exg,train,keep,False
twitter_2061377277058027898,train,keep,False
bluesky_25fc1559284edcc4f5190f0b3cdfe6dac0cf59bb584fd8eae805fd83bc923d1b,train,keep,False
reddit_t1_mvgw4zd,train,keep,True
bluesky_cb3274936898c18477e5e71ecde0d1d59665363831179942b35f03f5b4b703fc,train,keep,True
reddit_t1_n0hgdv5,train,keep,True
twitter_2097096238298550453,train,keep,False
reddit_1tjs35z_on5bp0m,train,keep,False
reddit_t1_mzbcmmo,train,keep,False
reddit_t1_mzv28y8,train,keep,False
reddit_t1_muhxvzz,train,keep,False
bluesky_ec63bacacd836c655a85f73b246aaa743119b53aaaaaea675ffd34dc20acb193,train,keep,True
reddit_t1_mqngk5p,train,keep,False
reddit_t1_mutmzrn,train,keep,True
reddit_1tvd8bg_opglh4y,train,keep,False
reddit_1tsrnbn_ooz6y6q,train,keep,True
bluesky_9564991771a9dd7f0aecfa3b7ebd122c36a9e26d1eec50f304a7a9811777ce04,train,keep,True
reddit_t1_mr7jsdt,train,keep,True
reddit_t1_mr34b5g,train,keep,False
reddit_1tkj0a7_ona4pku,train,keep,True
reddit_t1_mtkj8nr,train,keep,False
twitter_2061395465493483884,train,keep,False
bluesky_cf7cd5f0315b9207f194bd55e94f6da2ebd7e53b9133f5fc7fa93cabb33c70f4,train,keep,True
reddit_t1_ms3qsgz,train,keep,True
twitter_2061785431134355493,train,keep,True
bluesky_b3517a673c42ce5f4bbcc19e758654edad47b4b91c8208e5a6cbf82fd65429be,train,keep,False
bluesky_ad425071aa11acc1cc13b077aed37daaed25cb31288dda211756d7e7e40b1ad6,train,keep,False
reddit_t1_msvufpj,train,keep,False
reddit_t1_mrph8pk,train,keep,False
bluesky_0ca02b5c10ead93364c8d581a9678b5672fe28597a6f657d2173e7a44ac84f29,train,keep,False
reddit_1ty956s_oq25tiz,train,keep,True
reddit_t1_mtwhpx2,train,keep,False
bluesky_1dbf3a77b3e90ff08ed67ab55ec40f351da1deed3d4a72337f09d33d195a110f,train,keep,False
reddit_1u31653_or3asxy,train,keep,False
reddit_1tvzkhc_opn5mkw,train,keep,False
reddit_t1_muroen4,train,keep,True
bluesky_cfdee1f1eb9ed781b6f22e8bffabd5e8c00f46efcab09e72ec67f511074c80de,train,keep,False
reddit_t1_muwazwo,train,keep,False
reddit_t1_mumcpmc,train,keep,True
bluesky_e72b2c840a179f994e1865042086a48530f223ceb92eb5ce1ce676cc4f5e496f,train,keep,True
twitter_2061772914223993248,train,keep,True
twitter_2061827385616392569,train,keep,True
reddit_t1_mxubaa5,train,keep,False
reddit_t1_myn6dp5,train,keep,False
reddit_t1_mx91k6j,train,keep,False
reddit_t1_ms4pf3k,train,keep,False
bluesky_55103cb9c86478cf294290609ba041c7984baa96eff188271ff67a4cc3486d8b,train,keep,True
bluesky_1b07759d34873be93924916adada578e2765d3f2a0abdc1919ff1d006cfea9aa,train,keep,False
twitter_2059715428822208731,train,keep,False
reddit_t1_mx3i45y,train,keep,False
reddit_1u06twk_oqh4lm0,train,keep,False
reddit_1t6g0j7_okhsjgx,train,keep,True
reddit_t1_mz1mg8i,train,keep,True
twitter_2059082439784644839,train,keep,True
reddit_1tzrws1_oqdkepy,train,keep,True
reddit_1tuue1j_opj0s6j,train,keep,False
twitter_2061604414658412555,train,keep,False
reddit_t1_msa815n,train,keep,False
reddit_1kxhtcu_muq9cwq,train,keep,False
bluesky_157d62ac105a7fb7d3fdb0677bbc6c1630d09f4719596718e84be041c1e72320,train,keep,False
reddit_t1_ms0azqe,train,keep,False
reddit_1t54vlp_oka0du0,train,keep,False
reddit_1ttadso_op16flz,train,keep,False
reddit_t1_mves86o,train,keep,False
reddit_1tsd2hr_oouiuzg,train,keep,True
bluesky_7d6ee0fc1a75d982c8647ca75d13ab3792ec9035b7e53b5ff9545b9eaca0a6e1,train,keep,False
reddit_t1_mzstis4,train,keep,False
reddit_1tbl33j_omq3mwq,train,keep,True
reddit_1t1zmb4_ojmmt4l,train,keep,True
reddit_t1_ms8t8j7,train,keep,False
reddit_t1_mtco8p8,train,keep,False
twitter_2061828571103211704,train,keep,False
bluesky_f972779379ff4a805eb18a9a61dfbbfd2fda7169301de03d17cd4c11c4a3d21a,train,keep,True
twitter_2096586806502236373,train,keep,False
twitter_2061784776818741390,train,keep,True
reddit_1kg5azy_mqy0bz7,train,keep,False
reddit_1tzoxl1_oqcdibh,train,keep,True
twitter_2061418023739605025,train,keep,True
reddit_1tnobm9_onxwr2m,train,keep,False
reddit_t1_mpxv4uc,train,keep,False
twitter_2059658976040460681,train,keep,True
reddit_t1_mrlspm6,train,keep,False
twitter_2061777229613588942,train,keep,True
reddit_t1_muobem1,train,keep,False
bluesky_dcbcc6a89d3c4e2d7820f47ce04055aded1911f2b684893ec1ce495432885593,train,keep,False
reddit_t1_mtpd07x,train,keep,True
reddit_1tt6o9m_op0m8il,train,keep,True
reddit_t1_mzbqiox,train,keep,False
reddit_1tvumlg_opjvid3,train,keep,False
reddit_t1_mr5kt98,train,keep,True
reddit_1tzrws1_oqdmoph,train,keep,False
reddit_t1_mvf3b8e,train,keep,False
bluesky_2c8a80391d86f816e5fae50e1e003ae7f7ef2a55c3da8d4c55be1729e0b49af5,train,keep,False
bluesky_80640ea755f215091ebd10466c62ce56f54558b398c62f450d922247657985d6,train,keep,True
bluesky_f26762d3dd32559d32ba026bd0db803fd050f3fcaa502f5b22aa8947fd75f50a,train,keep,True
twitter_2061753754957799588,train,keep,True
reddit_t1_mwo5pvt,train,keep,False
reddit_1khze64_mrc7iek,train,keep,True
reddit_1tsvrr2_ooyz6ki,train,keep,True
reddit_1tgwl5y_onh8cf7,train,keep,True
bluesky_22101b663ebdc941c16af2ba16041f286da9bb363e0a31fc48a932d2512b44c9,train,keep,False
twitter_2059090231941583066,train,keep,False
reddit_t1_mxw1d89,train,keep,False
reddit_t1_mzpt5ro,train,keep,True
reddit_1tyqb64_oq8dpij,train,keep,True
reddit_t1_mqj5o7p,train,keep,False
reddit_t1_mqbgj9r,train,keep,True
reddit_t1_mykaq6k,train,keep,False
twitter_2061512239165952462,train,keep,False
reddit_t1_mryqakl,train,keep,True
reddit_t1_msrr1q9,train,keep,True
reddit_t1_msaud6g,train,keep,True
twitter_2061803925229936985,train,keep,False
reddit_t1_mz2o5w4,train,keep,True
bluesky_44f9a69bf857f9419406e8e4f60d2f65e958c7d24349f95c82ef3bce810f7b8b,train,keep,False
reddit_t1_mssm22i,train,keep,False
reddit_t1_mz1bomm,train,keep,True
twitter_2060676038661955671,train,keep,True
reddit_1trtion_oorrk2d,train,keep,False
reddit_t1_my9yo8a,train,keep,False
reddit_t1_mq9rjlr,train,keep,True
reddit_1tzrws1_oqdn7da,train,keep,True
reddit_t1_mtnmifs,train,keep,True
bluesky_bf66f1bdc9525ae9fe782dc27e7b4f82703967b04b19e3bd14894de3f8d61dd5,train,keep,False
reddit_t1_mqrthi1,train,keep,True
bluesky_1cc7d87e9146ab022de112d917adf97be1bdd1b6b55d6cbde56e03ffab3a1a48,train,keep,True
twitter_2061390316351984011,train,keep,False
reddit_t1_mzspggl,train,keep,False
reddit_t1_mql4adu,train,keep,False
bluesky_3493d162bf03c8d71948f587b74edb70b49cc5ffd5f22333eb81a7a158cbac0e,train,keep,True
reddit_t1_mq7f9px,train,keep,False
bluesky_4a8ebd3ffa3bc9a816eb3b80de0a40d7f6b048fb8ad425f0c91a908aa984ef34,train,keep,True
bluesky_10ab4bc71d1312fdddf1682f91d9440f04e005cde8193a7f0eb48f24ec20c0a6,train,keep,True
reddit_t1_mxx7aq5,train,keep,True
reddit_t1_mtplofj,train,keep,False
reddit_t1_mwldny6,train,keep,False
twitter_2061521975747445230,train,keep,True
reddit_t1_mqqs8k5,train,keep,True
reddit_1tnobm9_onyj1xk,train,keep,False
bluesky_6d46fbe013b5a26724ae6488ba5936eadc1d11a765ea971f1a4966c7f6c55d8f,train,keep,False
bluesky_8e3b9bfdcbf8a001a773efcc0298f14695e092bade21f37198549bc8d6c7fc87,train,keep,False
twitter_2061765771449999454,train,keep,False
reddit_t1_mt4x3dr,train,keep,True
reddit_t1_mx1fqg4,train,keep,False
reddit_t1_mqjjo7l,train,keep,True
bluesky_6ae893a7f6782ad878a2d6a653d6fd9e918534ca8faaf4d9ddeede184f0f64d0,train,keep,False
twitter_2060067516647399915,train,keep,True
bluesky_e9bf1fa2e94e1a5e9306d6033e5f5de9811568d158e1218c704ce183754a01fc,train,keep,False
twitter_2061770278489759903,train,keep,True
reddit_1tig64l_omy7tk4,train,keep,True
twitter_2061826408385515904,train,keep,False
twitter_2061584138801447393,train,keep,False
twitter_2061027462176559514,train,keep,True
twitter_2061231589690859988,train,keep,False
twitter_2061785306945204244,train,keep,True
reddit_1ljntpd_mzm7u99,train,keep,False
reddit_t1_mtkvw8a,train,keep,True
reddit_t1_mvd7amk,train,keep,False
reddit_t1_n014lw4,train,keep,True
twitter_2059422741887955159,train,keep,False
reddit_t1_mv99cnh,train,keep,False
reddit_t1_mya405z,train,keep,False
reddit_t1_mubs2u9,train,keep,False
reddit_1tbh797_olgx8nu,train,keep,False
twitter_2060050855282327926,train,keep,False
reddit_t1_musvmqi,train,keep,True
reddit_t1_mqwcliu,train,keep,True
reddit_t1_mtatwsy,train,keep,True
twitter_2061809157683245462,train,keep,False
reddit_1saxtqu_oe2udlw,train,keep,True
reddit_t1_myofq50,train,keep,False
reddit_t1_mya44ga,train,keep,False
bluesky_c29873142a8a7e8143c727ca44cd159ce18b33a7a51647d21a6aabb752d5659d,train,keep,False
bluesky_7f9db4d957a5d4bc0dca0a0b4b174d952976dacd6506705ab3739f0293979752,train,keep,True
bluesky_65a208b82ef0812b15f93b48effeeb793a2fa8bd1d4be0940624100b53c4b328,train,keep,True
reddit_t1_mxgmpud,train,keep,False
twitter_2095619930485821654,train,keep,True
twitter_2059955188035641359,train,keep,True
reddit_1th143w_omp11yo,train,keep,False
reddit_t1_mt7mlf4,train,keep,False
reddit_1ldv50r_myc8jvz,train,keep,False
bluesky_ee1226ee41d7911e6f616d328e6d37d62c5fed4d6e4d268caaf36e61f761a957,train,keep,True
bluesky_8b7c6c85f2c1fec497c2c3f5ffc6c6bad13a955fad759fdfec7c434a1f9acb5e,train,keep,False
twitter_2059732998417752418,train,keep,False
reddit_t1_mwslbbh,train,keep,True
reddit_t1_mwtaasb,train,keep,False
reddit_t1_mtuzai5,train,keep,False
twitter_2059338855782683036,train,keep,False
bluesky_703897b7ac00b32898cdfc6a90ecad20d8f2f640635c69cdb765160583e0ad41,train,keep,True
reddit_t1_ms36p8d,train,keep,True
reddit_1u276eu_oqveel8,train,keep,False
reddit_t1_mxd9wkt,train,keep,False
bluesky_3ae9adc8ebe8dfe4fb30fb884867d16e1bee982632dfd15c549b3b72f4eb2769,train,keep,False
twitter_2061791243827384410,train,keep,True
reddit_t1_ms5mkui,train,keep,True
reddit_t1_msly0o6,train,keep,False
reddit_t1_mqn6ixn,train,keep,False
reddit_1u28e60_oqvwzwf,train,keep,False
reddit_1t79fp1_okonm92,train,keep,False
reddit_t1_mu4xddo,train,keep,False
bluesky_0672f7922121c6922765cd1022e74f29655a4d0808a16330aec495cc0077c4b8,train,keep,False
bluesky_2ca7e4ca890d1129153c4873a8fbfa892dde2ead3cd54e74254ef7ec27f4ce9f,train,keep,False
reddit_t1_mrjpfhi,train,keep,True
reddit_1u1z88l_oqtvcd2,train,keep,False
reddit_1tn7lg4_ontelek,train,keep,False
reddit_1tw739j_opqqqud,train,keep,False
reddit_t1_mxt5cwu,train,keep,False
twitter_2096302535334359083,train,keep,False
reddit_1ttcu5f_op2eyh8,train,keep,False
bluesky_590133fb34870510b4138a68e7c036b92a2a4c46dc5af3ef1e32ea566118e476,train,keep,False
reddit_1tux6at_opd8mjj,train,keep,False
reddit_1tadlic_ol8sbhr,train,keep,True
reddit_t1_mwpjmw1,train,keep,False
bluesky_666bd2a768b97b61400e6e5eafeaf8195a0cf8fe4a3237c1d0ee5ad49db0e332,train,keep,False
bluesky_89f862dea806afe6357329f73425b95fc82ae589f970b823f830332a89acab29,train,keep,True
reddit_t1_mq20ln7,train,keep,False
reddit_1kos60m_mstjanv,train,keep,False
reddit_t1_mw5pj3d,train,keep,False
bluesky_d49c4f43ce1a8b05ef3bd6f6c372711847a47f97a4ac2b7f81e1ce33facdcf65,train,keep,True
reddit_1l90581_mx8tbj1,train,keep,False
twitter_2061766927584723433,train,keep,True
reddit_t1_mz40y5s,train,keep,True
reddit_1l1roga_mvnkr97,train,keep,False
bluesky_39067d48fc58a4fba8db8e68259e25dcb31547c8f6a4cc9a465b5105765027ea,train,keep,False
twitter_2060368824827068604,train,keep,True
bluesky_ded60af4f9a1e5308050bfd3339e68f9456fd0f985aca255d68085a99e3f3891,train,keep,True
twitter_2060726990697791579,train,keep,True
reddit_t1_my4hqae,train,keep,False
reddit_t1_mustih2,train,keep,True
reddit_1llhsbw_n03wayw,train,keep,False
reddit_1tkvbmy_oncghdv,train,keep,True
bluesky_f2d7a5c354662b753f31dac781f7e5cf52d5fa07cbb6002ab4bdc8ac4c95eb40,train,keep,False
reddit_1ti5ovh_omslyqu,train,keep,True
reddit_1tjgzeh_on38qk1,train,keep,False
reddit_t1_n0i2rwc,train,keep,True
reddit_t1_mw3haga,train,keep,False
bluesky_eec0c7eed8ab961b5c442cf02e8f117e1dc6ef2890a1abed3f49d512b2373cf4,train,keep,False
reddit_t1_mx24cpz,train,keep,True
reddit_t1_n0g159l,train,keep,False
reddit_t1_mzn4l65,train,keep,False
reddit_t1_mzj06ja,train,keep,True
reddit_1u2ekz6_oqzsqrl,train,keep,False
twitter_2060397768493895710,train,keep,False
twitter_2061564344375066989,train,keep,True
reddit_t1_mx564o8,train,keep,False
bluesky_7fb3b432abd962f7ef1c41ed26917bc4a6fb843b9ec9843aff6ae23099084af3,train,keep,False
bluesky_5194017ab11fb2d46a614a0e64bcaaa2731d27ae88bc58c079703b073a53413a,train,keep,True
reddit_1ta0m34_ol675jn,train,keep,False
reddit_1u24ryn_oqvqomt,train,keep,False
reddit_1kk3rr8_mvpx18l,train,keep,True
reddit_t1_mrnu2yc,train,keep,True
bluesky_c31f3c779a7b9d1cf1ece35effecc0a028c053e777ffbe33441471f564f139eb,train,keep,False
reddit_t1_mzry951,train,keep,True
reddit_1trbmne_oon2xng,train,keep,True
reddit_t1_mzsbyuy,train,keep,False
twitter_2061506814584500349,train,keep,False
reddit_t1_mstxicw,train,keep,True
reddit_1ts91q8_oox7bzl,train,keep,False
reddit_t1_mtzwq6r,train,keep,False
reddit_1u1ngzk_oqrxmkc,train,keep,False
bluesky_0a6621559f8e54480b02df2847d010e17dfb97e421bcf216fb0bad53c050cec0,train,keep,True
bluesky_b8ebcc3457559c42554d8d4ef8ac8d3cd00e6125ca140aa833a0b17050131bac,train,keep,False
bluesky_f8aea333c27f76ab27a418e557d4c9fb13edb60ceae14572f5a19c716db1412f,train,keep,False
reddit_t1_mxjguil,train,keep,False
reddit_t1_mzzrpk0,train,keep,False
twitter_2060806191224168546,train,keep,True
reddit_t1_mzf4odx,train,keep,False
twitter_2095904603619406292,train,keep,True
reddit_1kgwvab_mr25cno,train,keep,False
twitter_2061591122095612409,train,keep,False
bluesky_189695d6996b641b16a47ffee901b488fd971bd1900de3e31f03a8c84fca6df6,train,keep,True
reddit_1klx12p_ms6m07v,train,keep,False
bluesky_8c257606c5b8d564b37abd7c5b644ff031007d0cf48bd5124fd4f00edf83ab4e,train,keep,True
reddit_1tkxn2n_ong6bue,train,keep,False
bluesky_3799326d06421a492d25c20839ab3214a9432dc0496bf77c37a710948579bd56,train,keep,False
bluesky_4eb5715ca4b1fb5970c4fc4cdca602d4af5a0af204172a168fb917cd6896c5fe,train,keep,False
reddit_1tzrws1_or0s6af,train,keep,False
reddit_t1_msmhogp,train,keep,True
reddit_t1_n01rphz,train,keep,True
bluesky_de2e1d7ee3095a8759d874d7bf2b1bbe47785545b8130571f2f597a54ab1b30f,train,keep,True
twitter_2096581098671112602,train,keep,False
reddit_t1_mxmcfzm,train,keep,True
reddit_1ll7mlw_mzytgq9,train,keep,False
reddit_1t8ui91_okxhx16,train,keep,False
bluesky_890f0f3d8125add4f0a4359de0a9cda5e2c3b8f577ad07f5c582a4d0eace691b,train,keep,True
reddit_t1_mzws2oq,train,keep,False
reddit_t1_mr1voem,train,keep,False
bluesky_3ef309767e3b406cdbc0c77e09c488a58be6203433330443f165add674f62844,train,keep,True
bluesky_c67bed39d91e81c57bf3b1ae819161330528be8e1f0af36a8f44652c2026bf83,train,keep,False
reddit_t1_mux13le,train,keep,True
reddit_t1_mqwkypm,train,keep,False
reddit_1tvaatt_opi6aiz,train,keep,False
reddit_t1_mu5p1p1,train,keep,False
bluesky_d7de28fe889b8124d0329c057691c7ee08bcf8a46bffec0234bc701a739c72c6,train,keep,False
twitter_2061130697163538862,train,keep,True
reddit_1tkvbmy_onk8jrq,train,keep,False
bluesky_cb9cb5c3ccee881ab7cda070ad4ecaca3dccf8667f75baa5d017b501bbe89bb4,train,keep,False
reddit_t1_msguzu6,train,keep,False
bluesky_31f8b283e00cdd50e58c20660dc38f12b9f2e151d788c2e330fbb50b0c4e6d17,train,keep,False
bluesky_3a07de3decab7480ff258adf08791671c44ee883f0b84f31fff1afaf40f4049a,train,keep,True
reddit_t1_mz694e3,train,keep,False
reddit_t1_mwx1fjy,train,keep,False
reddit_t1_mwu4z47,train,keep,False
twitter_2061420557707431946,train,keep,True
reddit_1tvll8k_opjpzp7,train,keep,True
bluesky_a9c2b53d3c31a2aa805a02b8ada26a8429e498b3b5f372b732b501afc4a85ce8,train,keep,False
reddit_t1_ms7ddlu,train,keep,False
twitter_2061774485171356124,train,keep,False
bluesky_6e20b7db3fac5014044daefb08754d4d6ae89c48029b66b229966a498f323e94,train,keep,False
reddit_1tswg2c_ooy6lnp,train,keep,False
reddit_1t4ruex_ok8m777,train,keep,False
bluesky_727e8a1c215531c38d317dc5e17892198b1cea8d8b603e5a3288225531469c28,train,keep,False
reddit_t1_mqebbx3,train,keep,False
reddit_t1_muct010,train,keep,False
reddit_t1_mzbis2a,train,keep,True
twitter_2097100395923571111,train,keep,True
bluesky_91a2626f5fd648e2ebfddd14f9be2488c7616c5ed5b3b8c43e916de7721f39c9,train,keep,True
reddit_t1_mro6810,train,keep,False
reddit_1tky7ol_oncygl8,train,keep,True
twitter_2061824316346397178,train,keep,False
bluesky_d0d2a9a54f0b660c7cd239968d45c5585479f83e2cd4ac42d6cb91b347321e00,train,keep,True
reddit_t1_n05yd1e,train,keep,False
bluesky_791155833bf820091859409d966937690f7704b23a208900e72e7ad04400f1bc,train,keep,False
reddit_t1_mwpwb06,train,keep,False
reddit_t1_mqiqwnb,train,keep,False
reddit_1tvll8k_opi48ht,train,keep,True
reddit_1trnhrp_op61ap9,train,keep,True
reddit_t1_mtq7dia,train,keep,False
bluesky_c77c396647e02b8b255868ce3173fc1e8c83dbe1a21d7657b94ae330fbf58561,train,keep,False
bluesky_ccfeb629f73afe6c25221063f9074cde5aedcb5f3f9366966ddbb5db3f997fd3,train,keep,True
reddit_t1_msy3tls,train,keep,False
twitter_2061526476034355283,train,keep,True
reddit_t1_mqzud7t,train,keep,True
reddit_t1_mu8sq1a,train,keep,False
reddit_t1_mrs2h4i,train,keep,False
twitter_2061816364638072900,train,keep,False
bluesky_4ec22dcd1b2190010a48a445fe1cbf96331d356aac6002554061bcadb40ea367,train,keep,False
reddit_1tuzkhw_opdf6yp,train,keep,True
bluesky_7e13d7ec309b9961d3fb30a51a0250df3ed4e0cf20f0473c81148d94cb8971dc,train,keep,True
reddit_t1_muhwsg8,train,keep,True
reddit_t1_mx3e5op,train,keep,False
bluesky_3631254b8f1a06572b4c2aaf40c01045f6a74cc69e71270eddc768719b445ac2,train,keep,True
bluesky_648555dc4cc21ebe5cca26b3676a76c5c976bafde5a47402a3fcb14df5fa265c,train,keep,True
reddit_t1_mx0fg5s,train,keep,False
reddit_1tky7ol_onh00zn,train,keep,False
bluesky_90b38a232b2c31c6af781079b030ff3ffe5f8e31243ac24b77807ca8b249cc2a,train,keep,False
reddit_t1_mxidx87,train,keep,True
bluesky_b221ed9aeb08428e48bdc3753f2cf8c070d37e81bef20a429001789dbe9123bb,train,keep,False
twitter_2061473859891773492,train,keep,False
reddit_1th143w_omlfomc,train,keep,True
bluesky_cd9ad6e8243693ea3590dc2647b947aa3a3f856d50e8f50c09bc3c68ce4e021a,train,keep,False
bluesky_50e7d101e8835f0738871ab3bbcc1762119de559d2a6969227cb59423882338b,train,keep,True
twitter_2060794378931556597,train,keep,False
reddit_t1_mu68dle,train,keep,True
reddit_t1_mrx3wjf,train,keep,False
reddit_t1_mqxw2un,train,keep,False
bluesky_3b387d9a87a13a61da957859e0f5eb701ded6260ce67fb0060495fb47232c929,train,keep,True
reddit_t1_mzjeenx,train,keep,False
reddit_t1_mvfwhxj,train,keep,True
bluesky_a9ff40bbd269e037cb595aecacf07b89c0b866a78f84d92a06c4dfab93bdb90d,train,keep,False
twitter_2060392958331904158,train,keep,False
reddit_t1_my3oj80,train,keep,False
reddit_1tvyk2a_opscwd7,train,keep,False
bluesky_9f99b36a3b1df97f8df5ac402ca9ce2c8e3d5581f3a7da506afb76d0bc650eed,train,keep,False
bluesky_00643a930c9545fa24de012ca8261de9f6ac6e6aa542f2e2c13ca744fef8b1f8,train,keep,False
twitter_2061543307449123204,train,keep,True
reddit_t1_mrkmjoo,train,keep,False
twitter_2061535437328355703,train,keep,True
twitter_2060441046853587137,train,keep,False
reddit_t1_mvdee68,train,keep,False
reddit_t1_mrtz6gj,train,keep,True
reddit_t1_mzx2z9f,train,keep,False
reddit_1t4mnob_ok3u9xm,train,keep,True
reddit_1tt3fgk_op0p0e0,train,keep,False
reddit_1ti509f_omsfyl3,train,keep,True
reddit_1trbmne_oool7yo,train,keep,True
reddit_1tqf4v3_oog0k8c,train,keep,True
reddit_t1_mze9hts,train,keep,True
reddit_t1_mwac2f7,train,keep,True
reddit_t1_mrfd9bf,train,keep,False
reddit_1u185il_oqp2u93,train,keep,False
twitter_2059840837274776021,train,keep,True
bluesky_108444b1d7cc2b93b1564ac9faef4c83812d61777f5058844e4bce465e6f1f1c,train,keep,True
reddit_t1_mqnk8uv,train,keep,False
reddit_t1_mrx3m70,train,keep,False
bluesky_cecb493abda743aa6a5b966aab99c265125e4afcdbc4d82cb0de6261eb0c1cb7,train,keep,False
reddit_1l29vo2_mvtfbco,train,keep,False
reddit_t1_msbfdie,train,keep,False
reddit_t1_mvchz8e,train,keep,False
bluesky_22bf2cdf8d73f6b1942ffe67fd5d94109de96fe1ab8d4dba6c667c17dfe18ff7,train,keep,False
reddit_t1_mtvep03,train,keep,True
bluesky_570df8a005d64abf3bad443cf08162fadc77370dbafbc9da9323baf659cc3d19,train,keep,False
bluesky_bc8d5e8c48134ea97c97fb934431810fc8d3153166e72754d9715785eadcc924,train,keep,False
reddit_t1_mxcxlg7,train,keep,True
reddit_t1_mrma73f,train,keep,False
reddit_t1_mtcwjht,train,keep,False
twitter_2061347183165681688,train,keep,True
reddit_1tvywom_oplxneq,train,keep,False
twitter_2061445389199286643,train,keep,True
bluesky_a8375948853b3abb199925a1848af8ea60a2f9b45c41873b26b09a79acec4000,train,keep,False
reddit_1tig64l_omuzjw9,train,keep,False
reddit_1tdw39i_om1kic2,train,keep,False
reddit_1twc1po_oq22qj7,train,keep,False
bluesky_bebe92843641bfaddb380bd05af7dc35ee03004ea7418a4e73daceb09fc38dd5,train,keep,True
reddit_1ty956s_oq21aua,train,keep,False
bluesky_17e01810bb2f252526de98a53a3d1c6ad99f66b6196d4bbd8eada3b699a432e3,train,keep,True
bluesky_628fbfa7bce36b802cde6d5a51de8ca17d9681cbdac6f9f05e2245ea55597f9d,train,keep,False
twitter_2061826526883287501,train,keep,True
twitter_2096852384253456588,train,keep,False
reddit_1ttcu5f_op261bm,train,keep,False
reddit_t1_mrtp2wl,train,keep,True
reddit_1tvmfag_ophz7zx,train,keep,False
twitter_2059382154191106217,train,keep,False
bluesky_5244cf570a61178815655d2d5603ccccdcf1ba36f9895b372198c93dda2d35e0,train,keep,False
reddit_1tsydyo_op53iky,train,keep,False
twitter_2059256766966137229,train,keep,False
twitter_2061427872783589498,train,keep,True
reddit_t1_mw88mca,train,keep,False
twitter_2060473757425098907,train,keep,False
reddit_1krctyl_mtf7kmq,train,keep,True
reddit_t1_mwrc3p3,train,keep,False
reddit_t1_mwm7f60,train,keep,False
bluesky_c52bddcd84a0cf8cda842bb5aa2f7967d6e0bc26472028c3c288478192a56150,train,keep,False
twitter_2061825832927011170,train,keep,False
reddit_1tbzoap_olpxgdq,train,keep,True
reddit_t1_mw0ewg8,train,keep,True
bluesky_f22b02c460844a1994fcc67c859eb98bee1a3eafd115af2c0f9794612d2426b1,train,keep,True
twitter_2061666828577824894,train,keep,True
reddit_t1_mxvdj2d,train,keep,False
twitter_2061802527356809340,train,keep,False
twitter_2060141114955284763,train,keep,True
bluesky_14719203bdd43d33f009a71afc2f56348c2954c88113e851dd75f082dfc0c00f,train,keep,False
reddit_1t54vlp_okdsfx7,train,keep,True
twitter_2061786918321311981,train,keep,False
reddit_t1_myridcw,train,keep,True
reddit_t1_mxhs3ef,train,keep,True
reddit_1tobgfe_oo2631f,train,keep,False
twitter_2060262903031242870,train,keep,True
reddit_t1_myqm9ks,train,keep,False
twitter_2095262065388662948,train,keep,False
reddit_t1_mtau888,train,keep,False
bluesky_5796876a0f5ad85097f5ce872e3849d63ea820a940cb40efd24405bdf71d70d6,train,keep,False
reddit_1ttxea2_op6dilg,train,keep,False
twitter_2061813707198304389,train,keep,False
reddit_1kze0f3_mv5jxrp,train,keep,False
reddit_t1_mvrg2yf,train,keep,False
bluesky_a97d9f4d442170cd2e1f82d2259d50335f8c3a2e3f603f15713bb7ec3a106c50,train,keep,False
reddit_1l8ha5n_mx5bbzc,train,keep,False
bluesky_3c2f8a3071044b753a06fe1267888d4a978e423cd470932ac483a2d7b3d7435a,train,keep,False
twitter_2061817683830800546,train,keep,False
reddit_t1_mz13pmu,train,keep,False
reddit_t1_mxw6ssp,train,keep,True
twitter_2059414867551854891,train,keep,True
bluesky_e59e17df9d4d66e9810c96f1e691f541746428ce25112739ef4b3044af707eb5,train,keep,False
reddit_t1_mwtncpd,train,keep,False
reddit_1kthr9g_mtu4nxz,train,keep,False
bluesky_0b497d138ddcd6a8e9061ce4df2253f6d91b5e6ae10af62c6c5ace4b3d6caab4,train,keep,True
reddit_t1_mqz6edb,train,keep,True
reddit_t1_mqipox1,train,keep,True
bluesky_b0e03e9974444f2c3ae0f8670234987f03feafa1d22187be45a1a2047541a9ef,train,keep,True
bluesky_1d04fc0ac403e0593dd5436b6b4520576c4994c5fd194bae73935d4fce87d5d1,train,keep,False
reddit_t1_mvyxc10,train,keep,False
bluesky_398873b7128c91a10771dff0405a3d761bf5daaef21c6dccc05555657be15458,train,keep,False
twitter_2061489105381331339,train,keep,True
reddit_t1_mz6v4df,train,keep,False
reddit_t1_mqq78n3,train,keep,False
reddit_t1_msoci0p,train,keep,False
reddit_t1_mwre069,train,keep,False
bluesky_aef021b1d24a4639de3f1db298ef939c996bec731d2c62d0b2ceaa09c059a666,train,keep,False
bluesky_be312e4fa6031feca69a121746c4b1ab2cbfb56bc19fd8819fa2fac9b6ac6f6b,train,keep,False
bluesky_dd072fa80becb8a259f66113407493c1cceae13aa0ee29797af6b6d049a49dd4,train,keep,True
reddit_t1_mxzsmx2,train,keep,True
reddit_1txrv9p_oq1cvum,train,keep,True
reddit_t1_mq50iki,train,keep,True
reddit_1u18ir0_oqpm64y,train,keep,False
bluesky_87d37a1d4b9395685727554a7306bce75ddc6490d26c6dd9b1607c6d691767c0,train,keep,False
reddit_t1_mu3fffw,train,keep,False
reddit_1ksthon_mtqmivi,train,keep,False
reddit_t1_mwwbg4e,train,keep,False
twitter_2061828554053292263,train,keep,False
reddit_t1_mzvb0zh,train,keep,False
reddit_1kkbdcc_mrwbine,train,keep,False
reddit_1tws6al_opqlw30,train,keep,False
reddit_t1_mtvpho3,train,keep,True
reddit_t1_mwtz8gw,train,keep,False
twitter_2061801922106187999,train,keep,True
reddit_t1_mybxzfy,train,keep,False
reddit_t1_mxrh9vy,train,keep,False
reddit_t1_myvibxc,train,keep,False
reddit_t1_n04lv21,train,keep,True
reddit_1l6v4ad_mwtm24f,train,keep,False
reddit_t1_mqf3sne,train,keep,False
twitter_2061326915772813660,train,keep,True
reddit_t1_mqe0e75,train,keep,False
bluesky_0d9544d0a1796045d7ee5b81604c16a7eccf426064ff4404088e49613a53fd1d,train,keep,False
bluesky_de41349e19319c2d8a10faa18896e4f4accb204033486cd71043a4bd1c2b34cb,train,keep,True
bluesky_100fed5625e9cf13c94412309af97e2fef93bb22f74b51f9394583b28af207ed,train,keep,True
reddit_1l5yq6s_mwlz80a,train,keep,False
twitter_2061560732726985172,train,keep,False
reddit_t1_mq23v1d,train,keep,True
twitter_2060306046833639513,train,keep,True
twitter_2060792161503756611,train,keep,False
bluesky_3946eea10b95aef18a3fe19df2b4b5a107770a8c50a2308bcffda690d86cfad5,train,keep,False
bluesky_025026f4b5fd31a16c60a86b173236f95eab651858e59fdfd4a8cdaeccd6dd51,train,keep,False
bluesky_7ae78ea2596f687aff27205561cd5f7a80cfb5ef6f057968509b661bb75f60ac,train,keep,False
reddit_1u1z88l_oqup2qm,train,keep,False
bluesky_fb960b0536ab6a9b910e54a8256c2ac61eb16c3c8164f19bf32ede5513ebf39d,train,keep,True
reddit_t1_mwasydz,train,keep,False
reddit_t1_mzhak4b,train,keep,False
reddit_t1_mwkglp3,train,keep,False
reddit_t1_mqryygi,train,keep,False
bluesky_9e6b46213f94267c598a92a06568eccded15aa369ac4954e35b2588eec0a349c,train,keep,False
bluesky_c0e7d913c06e3087ace27f3af724294da6df57911af99c794b179825e393d842,train,keep,False
reddit_1tqrtho_ooilcmw,train,keep,True
reddit_1tksbme_onchwrg,train,keep,True
twitter_2061593834807537733,train,keep,False
bluesky_00b26caf36f36f1be2d412400528c6ce38db2125b1befac99acb77475a0b9926,train,keep,False
reddit_t1_mrxlk7g,train,keep,False
bluesky_891605a5ce45ff68a997d3b6bc252449053ae3d441f9de4d328ea2a0c84f25cf,train,keep,True
reddit_1t6icvj_okjyyvb,train,keep,False
reddit_t1_mrzk9oj,train,keep,False
twitter_2060859801517564333,train,keep,False
bluesky_2f75edfe75670b97a101d9f2d15992567ef10693a9c913cf0420d4f8e25a39eb,train,keep,False
twitter_2061821172850057712,train,keep,True
twitter_2059061617539924215,train,keep,False
bluesky_62bda9f0a0c718c1417a4e123b5cb36acbcfc4e8b5067442170ec761f7cac95a,train,keep,True
reddit_t1_mv53d70,train,keep,False
reddit_1tux6at_opcpfwl,train,keep,False
reddit_1tj4vka_on3e6cn,train,keep,True
bluesky_3e4694e30d666a6c99c3019d62c49058bdc5d04a9f58f12fdedb0b78bfe64bc2,train,keep,False
reddit_t1_ms4xaha,train,keep,False
twitter_2061014287473082558,train,keep,False
bluesky_963f8ef4649f154f54ca63efa6722e6194a77d07c1c46f2fb93489ae25e27c3e,train,keep,True
reddit_t1_mrafg81,train,keep,False
reddit_1ty956s_oq3i69o,train,keep,False
reddit_1tsx0f1_ooylnh8,train,keep,False
bluesky_fb57434b299c54a679b7de986b9fa6acfc07e65884ed422d81d0d038f4921ba5,train,keep,True
reddit_t1_mwixy5b,train,keep,False
reddit_t1_mrn9i2k,train,keep,False
twitter_2060350973877641472,train,keep,False
twitter_2096647244011225189,train,keep,False
reddit_1li1i09_mzaaog4,train,keep,False
reddit_1kc6k0f_mq3x5jr,train,keep,False
twitter_2059388940193288606,train,keep,False
twitter_2094505470148988959,train,keep,False
reddit_t1_myv7ajl,train,keep,True
reddit_1tvmfag_opiqcnp,train,keep,True
reddit_t1_mxwe3uy,train,keep,False
reddit_1tuzkhw_oped55l,train,keep,False
bluesky_efbcf9c956d68b54f926444f13bc182f736d6e6ac2fe45d895c32931ca158ceb,train,keep,False
bluesky_eac024811ec14adfd4171b829a50661d6f283ef3d8ed7363337b79ca1875fe12,train,keep,False
reddit_1ti6ied_oms7bdb,train,keep,True
twitter_2059828916689514584,train,keep,True
reddit_1thkj73_omqxcsz,train,keep,True
bluesky_886ea3911deae8953e2895ec07cbede4df866ef2b2ae69537daf6492d8dee5cd,train,keep,False
reddit_t1_n0bkc0f,train,keep,True
reddit_1tvll8k_ophqznf,train,keep,False
reddit_1tsvrr2_oozgnps,train,keep,False
reddit_1t4l69v_ok5uwgg,train,keep,False
bluesky_8d8597a89df4743004a97ddce52378884db0d81c753fcc62c26a48c3d8a51467,train,keep,False
reddit_t1_mwrbkoa,train,keep,False
reddit_t1_mxkq46v,train,keep,False
reddit_1u0l8qh_oqkh0kr,train,keep,False
bluesky_790a3e30c3a364b985101f4fad49a3917fc2795bc0de29926fe3b0976b62c9d2,train,keep,True
twitter_2061729902705988033,train,keep,False
reddit_t1_n0h0xk1,train,keep,False
reddit_1ttxea2_op7ap5l,train,keep,True
twitter_2059728173869289558,train,keep,True
reddit_t1_mrxnk1v,train,keep,True
reddit_1u08yl1_oqhrxd5,train,keep,False
twitter_2061492140497338435,train,keep,True
reddit_1knbwj7_msh0alx,train,keep,False
reddit_t1_mwf6qnj,train,keep,True
twitter_2061816844571292059,train,keep,False
reddit_1lf8314_mym4g8m,train,keep,False
reddit_t1_mq6y6mo,train,keep,False
reddit_t1_mws4jyw,train,keep,False
reddit_t1_ms4bdx9,train,keep,True
reddit_t1_mvzzklh,train,keep,True
twitter_2061777768132563226,train,keep,True
bluesky_44b1e46ec347ea918be402a9ddafa3b94de381793f6a280938a87e6ee04131bc,train,keep,False
bluesky_0a5de88e84e4a3b9d9dad405060ddcb2ed8bc095542d61e512b4df9f1004be0b,train,keep,True
twitter_2059507274012299445,train,keep,False
bluesky_fac04a857522d852b8b6abefcc67dbb930b95c0af87d97e642fe9219e938a1bc,train,keep,False
reddit_1u1npgu_oqrq37w,train,keep,False
reddit_1tyqb64_oq7bl3o,train,keep,False
twitter_2061808781630083490,train,keep,True
reddit_t1_mtcicu8,train,keep,False
reddit_t1_mxtamcm,train,keep,True
reddit_t1_mwprluh,train,keep,True
bluesky_928552bd0de3bd0b2d9c3f26597d1b833aa96cc7d351363143f2b276f36f73b6,train,keep,False
reddit_t1_mx1w69v,train,keep,False
twitter_2061759251740065805,train,keep,True
reddit_1kbsrmm_mpyar59,train,keep,False
reddit_1tt8k9j_op1ngq9,train,keep,True
reddit_t1_mzvyuuq,train,keep,False
bluesky_e9967365643b6a31716168dffc2ac590f8229167a1935ef0f08429a0eade47a4,train,keep,False
twitter_2059929597983310248,train,keep,False
reddit_1ko2gif_msnlq59,train,keep,False
twitter_2061827890409320584,train,keep,True
bluesky_ae2d19e48e91206435a52094bd0e5b7d7b3b474da26e56d3e6a53e369932152d,train,keep,True
bluesky_5a445ce084c44f49a77f22a5acd909430141d8a2d7d20de0d8691ead5a9bf373,train,keep,False
reddit_1tsvgs3_ooyj6g3,train,keep,False
reddit_t1_mszw6u3,train,keep,False
reddit_t1_mz3jkrn,train,keep,False
twitter_2059403706647581054,train,keep,True
reddit_t1_mswkh9h,train,keep,True
reddit_1lkk1b1_mztwixd,train,keep,False
reddit_1lb4iy6_mxptq06,train,keep,True
reddit_t1_mv29oil,train,keep,True
reddit_t1_mx4atnk,train,keep,False
twitter_2059662402992378251,train,keep,False
reddit_1u0gjyt_oqk6rng,train,keep,False
bluesky_1d2d386f21a4898d277f22d1cd6eb10bd362ae5d792ef9f9973167e7a088e85e,train,keep,False
reddit_t1_mt9qvln,train,keep,False
twitter_2060668920344838562,train,keep,False
bluesky_d507578e3fed8dbbe933ac5927ef26688953b83186c312bba0c61b3f094dec2c,train,keep,False
bluesky_ea96e3b34d19cd3e5b28de0bf9f1c99ee93b8f75cc438e5ba0d124da3b1e5a7c,train,keep,False
bluesky_babd142d3e6fa62a6cf5ceff8bed2218a15b3885280b17aba93633186bf79c68,train,keep,False
reddit_1tszxri_op0492h,train,keep,True
reddit_t1_mso2y7k,train,keep,True
bluesky_cd7e366fb801919b36c6b58aa65d37bf54189153128e5c4651a5ac9b88719da3,train,keep,True
bluesky_a4984d78fc4f4c25a4f38e8c697f71deea5caefc7d91951b719260db50fc0af3,train,keep,False
twitter_2060233584670036166,train,keep,False
bluesky_c65933104f0ea1e3ab2979b56370e57fbd0c4c210308ae0f1074197b932ad72a,train,keep,False
reddit_t1_n04cway,train,keep,False
reddit_t1_mtjmc69,train,keep,False
reddit_1tsvrr2_ooz7ylk,train,keep,False
twitter_2059380250492960865,train,keep,True
twitter_2061165331134243166,train,keep,False
reddit_1tymfag_oq6guvp,train,keep,True
bluesky_0adc8f441279c4feef55a2a5094a1803aecbf64f1cdf46536e8d9f9b16d08f12,train,keep,False
reddit_t1_mqjno3p,train,keep,False
reddit_t1_mymtf1c,train,keep,False
reddit_1kz0boe_mv43bcb,train,keep,False
bluesky_819e46192bb50e0a066a64b3d375d5ae91a7a6c5f0749122a3a2a61716562603,train,keep,True
reddit_t1_musyosf,train,keep,True
twitter_2060798448736080156,train,keep,True
twitter_2061129864481300790,train,keep,True
reddit_1ttv5xp_op74ooh,train,keep,True
reddit_t1_mrxx4ug,train,keep,False
twitter_2061825621261750662,train,keep,False
reddit_t1_mud4n9l,train,keep,False
bluesky_b8d0fac6ae70e3e1082429abd9fee443b8ea942f92c84a48ba1cdab11ac589e4,train,keep,False
twitter_2061770861800018206,train,keep,False
reddit_t1_msgqe1d,train,keep,False
reddit_1tsycwk_ooyirts,train,keep,False
reddit_1tzdiak_oqc3l3c,train,keep,True
bluesky_12c0bc0d50004883a68ec87e864bf5f89b6c3f650819e1816c087c94a9690d17,train,keep,False
reddit_t1_mwu83gy,train,keep,False
reddit_t1_my4e4fg,train,keep,False
bluesky_462a1836c5ef92250de387b7f9dedd1a4f9861101a4d68f9812c89e9003efec6,train,keep,True
bluesky_bfdee76d1d863b2605db80c58546497090586c6b891786cb6ce5e9e6b1e9da72,train,keep,True
reddit_1sh9swq_ofc7qqm,train,keep,False
reddit_1u2bp73_oqy7qrk,train,keep,True
reddit_t1_mr8jwr9,train,keep,False
twitter_2061590922140524609,train,keep,False
reddit_1u22gzn_oqumb02,train,keep,True
reddit_t1_mrrcwaz,train,keep,True
reddit_1kqlad9_mt6qz3d,train,keep,False
bluesky_bf5df864ac2d3ae0258dc4ff21784f38b08775f73f3c777b20b3373967c21868,train,keep,False
reddit_t1_mscz2l8,train,keep,False
reddit_1t1x818_ojjwqp6,train,keep,False
reddit_1ky55ag_muwh6wh,train,keep,True
reddit_1lenxv4_myi556m,train,keep,False
reddit_1ttbse9_op1fq6m,train,keep,True
reddit_t1_mzm7o7o,train,keep,True
twitter_2059366810831536322,train,keep,True
reddit_t1_mrsco9p,train,keep,False
reddit_1lhaiqa_mz32zy2,train,keep,True
twitter_2061783553499631990,train,keep,False
bluesky_493cae7f71e7bbd962a81f6e305c86908d22a9cab54d9647d99dfc7d9dc66c72,train,keep,False
reddit_1ts91q8_op1ibpl,train,keep,True
twitter_2059713830062612951,train,keep,True
bluesky_04980be31a8156d8798ea95d872f3f7eda4c76cead6e6bea3ad81797346b7891,train,keep,False
twitter_2061730110135234669,train,keep,False
reddit_1l4yhv7_mwcqd5t,train,keep,False
bluesky_b352794703dd3f3e481e7ec1d57b969c857db81f8af65df8c5f65df7a41d3a36,train,keep,True
twitter_2059453752365531480,train,keep,False
bluesky_6d13456a4029ed914afde85691c1bc1f0c714c73406673d9bca7d4e77d23cdd4,train,keep,False
reddit_t1_mqa3t9i,train,keep,False
bluesky_515c406a738fd90502b0650afecf24ca5b5865cfa36eb9a095c1ae88aeb372ac,train,keep,False
reddit_t1_n0ntrn7,train,keep,False
reddit_t1_mr88h7b,train,keep,True
reddit_1ktnxww_mtv24o9,train,keep,False
reddit_t1_mwolx1u,train,keep,False
bluesky_2857c4960f64fd8025789d60b87030dd3913939f39d31564233f098eb050ead1,train,keep,False
bluesky_39e63d3ff7013935f3db860e98ba497c6974f09a8c9fdfe4d7a08ee56bd6dd9f,train,keep,True
reddit_t1_msirdnr,train,keep,False
reddit_1l8r8dm_mxso3hw,train,keep,False
reddit_1ld6xmh_my61je7,train,keep,True
reddit_1u28e60_oqxcavz,train,keep,False
reddit_t1_mvskqk7,train,keep,True
twitter_2060999609732988944,train,keep,False
twitter_2061232488626917397,train,keep,False
bluesky_ac8c4e9c933399c7ba7cab2ccd2745e797ecccc5526b4b3655ee1c89e6016f52,train,keep,True
twitter_2061741090814722344,train,keep,False
reddit_t1_mxd5h4g,train,keep,False
twitter_2061764772836544715,train,keep,True
bluesky_fe05ec081880bb0bf88a19b9ccf1815ac162a053d6f5085460f2cbdbd5787ec1,train,keep,True
reddit_t1_mqa88vk,train,keep,False
reddit_1te3li9_om0e2rq,train,keep,True
bluesky_3c7c55da245d275e6037aed4acd8cbb4e3f392d8add7403e04b287976064729a,train,keep,False
bluesky_2b02282b83f01e4bee15eaecf18ab8d39e2d92304d30d41a2fc43db0103f42df,train,keep,False
reddit_t1_mt7nhk7,train,keep,False
bluesky_f4b4ec49b6d03bc3105077506560966437534457692ac8842686994ff5beb593,train,keep,False
bluesky_4f614b68cbd7798ab75b0e16b2cb0019ebec970ef8e8650d204692e9973cf030,train,keep,False
twitter_2061533993753808947,train,keep,True
reddit_t1_mxz89oy,train,keep,True
bluesky_82cbf58e44ff4a8ef7c96c02f58bd607bf028106005d7a110593b1a77dd65575,train,keep,False
twitter_2061822557070721328,train,keep,False
bluesky_8dbd849efeb5466af99f4d5d3252e112850a13b6b4fd3e5eabf74a4af22eb226,train,keep,False
reddit_t1_mxy4yv5,train,keep,False
reddit_t1_mxaruib,train,keep,False
reddit_t1_mxonvms,train,keep,False
reddit_1rybeds_obun4av,train,keep,False
bluesky_a7ad019ad41d33db3b507954121af37703c58920b18e82163cd717a4bf800e5d,train,keep,True
bluesky_878f3533c1ed99cf4bfe47b16ddea99b1896780b67a7eee6cc4480ade7414af4,train,keep,False
bluesky_372009899d19ea4d7ed7c96f9f18b1a984c8bc9906110eddce4abd4508a15eb1,train,keep,False
twitter_2060089387061227994,train,keep,False
bluesky_f913bbfef56b91c21eb2061492a43040c05523a541658ce718e01d182374444a,train,keep,False
bluesky_474364d6b1ec33b49df22fbadf35f53f1b666fcb17ef8a523d2fba12964b002a,train,keep,False
reddit_t1_ms5htl0,train,keep,False
reddit_t1_mwnppqd,train,keep,False
bluesky_251672c988eaf6e9bc0f679abe8c3e98ab066f9b51ceb42dc937b34993f4beba,train,keep,False
reddit_t1_mpzbi3w,train,keep,True
reddit_t1_mwyuj3s,train,keep,False
twitter_2096257244484563060,train,keep,False
reddit_t1_mx86rpu,train,keep,False
bluesky_a796f46dfab7c48bdc7eb2f82226f150f209332497cb2ef9c58058bf31faa9b8,train,keep,True
bluesky_34ed87157559f2ae65d46bc3a74d2048940a26080e18d058ebc9084417b88f6d,train,keep,False
reddit_t1_mzetvgv,train,keep,False
bluesky_2c2e52f56731275a9f21f877e854c35338592ddcec4dd848ae62a08e5bf9a826,train,keep,False
reddit_1u21326_oqynk4a,train,keep,True
reddit_t1_mx1msnb,train,keep,True
reddit_t1_mxoz6ic,train,keep,True
twitter_2059703201784623311,train,keep,False
reddit_t1_mte38us,train,keep,False
reddit_t1_mvo4cd1,train,keep,True
reddit_1tstlbr_ooyqrcg,train,keep,False
reddit_1tuwb8f_opd1klp,train,keep,True
reddit_t1_mz5rl0g,train,keep,True
reddit_1kgkc38_mr2fy1m,train,keep,False
bluesky_f76b9e1032a428942eab4cab768ae6fc1214e65525900c9f8b52a601571fa3ac,train,keep,False
reddit_t1_n03rxkm,train,keep,True
twitter_2060186418702401823,train,keep,False
reddit_1txopv4_opxzp96,train,keep,False
twitter_2061432576221311309,train,keep,True
reddit_t1_n09mh5q,train,keep,False
reddit_t1_mqxq8nu,train,keep,False
bluesky_2cb9ee415a7e18ac53b2a1a34a1a3cb8d0b8eb773758cad8b9cfcc6b7ad9d26b,train,keep,False
bluesky_36cc00f7ffa30b8dcb7e2d15827da22ca0be830ee59310d6fcea3e3644987ec5,train,keep,False
twitter_2060350430517870650,train,keep,False
reddit_1ttui2j_op5bxfq,train,keep,True
reddit_t1_mxmqpob,train,keep,True
reddit_t1_mz0m2qw,train,keep,False
reddit_t1_mu70yev,train,keep,True
reddit_t1_mszgr4d,train,keep,False
reddit_t1_mzsp5cf,train,keep,False
reddit_1tw1yjv_oprs9yw,train,keep,False
bluesky_546462b08ed0ec78ef4c97dcbc687e3ff50011c533b1e5beaa322eb2a4f9c2aa,train,keep,False
reddit_1twq42a_opqypuc,train,keep,True
twitter_2096735201539846495,train,keep,False
reddit_t1_myjg0gz,train,keep,False
reddit_t1_my09uir,train,keep,False
reddit_1tzwh8s_oqfs66e,train,keep,False
reddit_t1_mx8aoo7,train,keep,True
reddit_1tw1yjv_opuk0yq,train,keep,False
reddit_t1_mv4gwnq,train,keep,False
twitter_2061769941108285505,train,keep,False
reddit_t1_mz661c1,train,keep,False
reddit_t1_ms5h55l,train,keep,False
reddit_t1_mwrgoap,train,keep,False
bluesky_1a5c82b929ecbe77fdf38d1a86e8d0b7dec5c9a0e4e785c0359a17cc17757a24,train,keep,False
twitter_2061795094613623245,train,keep,False
reddit_1tzcqta_oqv2ivt,train,keep,False
reddit_t1_mwxp0d1,train,keep,True
reddit_1ttsfrd_op691jo,train,keep,True
bluesky_37906f847b84e92ed58eb5d0f5cd8584f2f2f1d6c781f9942297dd6f8f2c438f,train,keep,True
reddit_1kuxsho_mu7qkne,train,keep,False
reddit_t1_mx84znf,train,keep,False
twitter_2060894102208561543,train,keep,False
reddit_1u33tv7_or2gxkz,train,keep,False
reddit_1lcei2c_mxzuzmy,train,keep,False
reddit_t1_mqllxe7,train,keep,False
bluesky_97398ee3fd2a384bffd93b88cf70513b3035ee89334e94ef27e05fcab70e355d,train,keep,True
bluesky_128d3f936dbb9c4c42e415446e3ac6028a5cc1b90a73135536d3a0c2b2940b2f,train,keep,True
reddit_t1_muut4na,train,keep,False
reddit_t1_mul83re,train,keep,False
reddit_1u24ryn_oqx61o4,train,keep,False
reddit_t1_mzi66n7,train,keep,False
bluesky_d47ccc40a8313595f1e958602c520326f7c0a61da90455cb7c7641d188dd2cc4,train,keep,True
reddit_t1_mtv9d5n,train,keep,False
twitter_2061774635893403847,train,keep,True
reddit_1til7dr_on2vedx,train,keep,True
reddit_t1_mxrjtx7,train,keep,False
reddit_t1_mt1btbh,train,keep,True
bluesky_fbe302b86bea99bea5e44a6ce8eb05d2c5fc4194292c7b926d9712929f482505,train,keep,False
reddit_t1_msqiq10,train,keep,False
reddit_t1_mtdegu1,train,keep,False
reddit_t1_mvf5ype,train,keep,True
reddit_1tttfo9_op6ncuo,train,keep,False
reddit_1u2ek28_oqx399e,train,keep,False
reddit_1kc4rne_mq1iudu,train,keep,False
twitter_2059550593715216814,train,keep,False
twitter_2060285978271535352,train,keep,True
reddit_t1_mz367r7,train,keep,False
reddit_1tz96fb_oqadlcw,train,keep,True
reddit_t1_mzmzvos,train,keep,False
reddit_1ljukdf_mzms43h,train,keep,False
twitter_2061774787781791781,train,keep,False
twitter_2061122946471702578,train,keep,False
bluesky_d048a3ad84eb4382ecc0c27ab31a6f68b2d3ac5090ea223b6f66e71aadbc5f43,train,keep,True
bluesky_2783113ee1bdde42a071742488d267575051cc5b331723c08d1b426cee84421c,train,keep,False
reddit_t1_mz5hw87,train,keep,False
reddit_1tkvbmy_oncx27a,train,keep,True
bluesky_e9863207c26c747ac411e02c6c4f1add57e94328d7198b9ef1336cd18fe4450f,train,keep,False
twitter_2061796191747125702,train,keep,True
reddit_1u18ir0_oqp84k4,train,keep,True
reddit_t1_mtq9pum,train,keep,True
twitter_2061764960422711354,train,keep,False
twitter_2097085649035882605,train,keep,False
reddit_t1_mucbd9x,train,keep,True
bluesky_8cf84595746fffa12236f68ec72988c90a7f9791be3b5d66d8ef1f5d6130f416,train,keep,True
twitter_2061780864548188670,train,keep,False
reddit_t1_mqs1fg2,train,keep,True
reddit_t1_mzcio7u,train,keep,True
twitter_2060324021179383944,train,keep,True
twitter_2061785237596627343,train,keep,False
bluesky_85990b6cd435031e547def3a8c704fc2e310526986f0a425f8c23fb72a13ff22,train,keep,True
twitter_2061397344977826105,train,keep,True
twitter_2061510392212529172,train,keep,True
twitter_2096364237186560004,train,keep,True
reddit_t1_n0ndfou,train,keep,False
reddit_t1_msi50ix,train,keep,False
reddit_t1_n04hndt,train,keep,False
reddit_1u0gjyt_oqi2kut,train,keep,False
bluesky_c35431f432a3a99b3a4bb85d6ab7fb6010f10a8a2414fc8e6011551ae8f09a22,train,keep,False
twitter_2059468797153620040,train,keep,True
twitter_2061697829308141994,train,keep,False
bluesky_4098765039efcd6ccebd3c697870b7939868c2cd1c858f536a3bdbb3f436a880,train,keep,False
reddit_1kr82xj_mtc3byy,train,keep,False
reddit_1txtwqc_oq3cwe9,train,keep,False
bluesky_a46c7ad5e7ce81dd139478901a3270cc49d7d4a43b98c7ef65c577582b2ffe26,train,keep,True
reddit_t1_msrs9sg,train,keep,False
reddit_t1_mu58ypi,train,keep,True
reddit_t1_my189ae,train,keep,True
reddit_t1_mq9zs3o,train,keep,False
reddit_t1_my2auvr,train,keep,False
twitter_2061489620676964607,train,keep,False
reddit_1t6mb7v_okkmdwq,train,keep,True
reddit_t1_mxeswvt,train,keep,False
twitter_2061628079852675121,train,keep,False
reddit_t1_mtc69yv,train,keep,True
twitter_2061781312537596226,train,keep,True
reddit_t1_mx6gye5,train,keep,False
reddit_1kkr1xi_mrwpn3u,train,keep,False
reddit_1lfhtpc_myoqf09,train,keep,False
reddit_1tu4roc_op8hvlf,train,keep,False
reddit_t1_mzzvexd,train,keep,False
twitter_2059756538202632643,train,keep,True
reddit_t1_mvs00rg,train,keep,False
reddit_t1_n04gfq3,train,keep,True
reddit_t1_mzgig87,train,keep,False
bluesky_1d12928655a3327c053b45a5a14c905ded0ed3f49122632759432f464e32d369,train,keep,False
reddit_1txopv4_opxi83y,train,keep,True
reddit_1tzjirf_oqeq2ze,train,keep,False
reddit_t1_mtmo94z,train,keep,False
twitter_2061629030852350421,train,keep,False
reddit_1ttbse9_op1x2fp,train,keep,False
twitter_2096972910720094288,train,keep,True
reddit_1ttx203_opb1aep,train,keep,False
bluesky_2da732f141bf78d7401fd8c75a43d79a9ad9a835446175bf180fc91b4510d4be,train,keep,False
reddit_t1_mt92jnc,train,keep,True
bluesky_d4f81cc272623f90441dbe58163a1b6983bf44d324a06e6e574d82c3c326ab93,train,keep,True
twitter_2061553373179166877,train,keep,True
bluesky_8f624711b6101ebd5296ea0142b3f8be7978a157aa0948157c9a78d8d08b6c30,train,keep,False
reddit_t1_mqh842a,train,keep,False
reddit_1t1zmb4_ojlhkn6,train,keep,False
bluesky_9b11ecd39695d5645a66579f3e3b5957566186fc71ced9f48fc86d42e4da2b65,train,keep,False
reddit_t1_myb56qq,train,keep,False
reddit_t1_mx6m5rk,train,keep,False
reddit_t1_ms6qh03,train,keep,False
twitter_2061223343265845433,train,keep,False
bluesky_e38ef32d1f621838008861f7304a1944066e918fd9981ce9e4d842356a19bf7f,train,keep,False
bluesky_c5c067225228685703c522969c8ec2319e7cdfad4fa30ac57f3afe1db061af4d,train,keep,False
reddit_t1_mxdec24,train,keep,False
reddit_t1_mx5am18,train,keep,False
reddit_t1_mtnaxso,train,keep,False
reddit_t1_mxu6s43,train,keep,False
twitter_2060638825517400319,train,keep,True
reddit_1u24ryn_or0d726,train,keep,False
reddit_t1_n0g3996,train,keep,False
reddit_t1_mt00f2a,train,keep,False
reddit_1t4fs97_ok41dji,train,keep,True
twitter_2097035170171986332,train,keep,False
reddit_t1_mtodzco,train,keep,False
reddit_t1_mtzrhh7,train,keep,True
reddit_t1_mu0erql,train,keep,False
reddit_t1_mtfbg6p,train,keep,True
bluesky_78a3011ac6c05f01a15c34433c490fd7540ef5c30bbf2d2abb7d71f64aab47c8,train,keep,False
reddit_1kjdwyo_mrmfowq,train,keep,False
bluesky_988fc3c036a89eed55a8611f4af3bf58b1802398dd152aed2f6fc38ede2288be,train,keep,False
bluesky_501942e8118c7e2ba692455e22d30f5257407d77c9f3dd54735cb66344c49a1f,train,keep,True
reddit_t1_n0fehux,train,keep,False
reddit_t1_mtbqr4e,train,keep,False
twitter_2061465294246232503,train,keep,True
reddit_t1_mztnkum,train,keep,True
reddit_t1_mu1kbuw,train,keep,False
reddit_t1_my9kqjo,train,keep,False
reddit_t1_ms50hg1,train,keep,False
reddit_t1_mtr7gqp,train,keep,False
reddit_t1_mtqljlz,train,keep,False
reddit_1kcc9oq_mq1ew6m,train,keep,False
reddit_t1_mzwzxeq,train,keep,False
reddit_t1_mssgzvg,train,keep,False
twitter_2061143490055053356,train,keep,False
twitter_2061502284031283600,train,keep,True
reddit_t1_mu8l4jk,train,keep,False
reddit_t1_mwnr8iq,train,keep,False
reddit_t1_mrphycy,train,keep,True
bluesky_87cf305fb7f59eb88fab40211cc8a49ab14771f2d4d47ccffbd9b490dbefaf26,train,keep,False
bluesky_6bc966a0230ed68be3545910af079cd9dcb836ee61fce5628ff50eb15f3dcfc4,train,keep,True
bluesky_21dc8301cc590d496541520602ce577b29faceb945604e132cc27790aaf75ee8,train,keep,True
reddit_1twq42a_opqttsc,train,keep,True
reddit_t1_mu9z0au,train,keep,False
bluesky_574f5bc927550a138bcc4e029238f0104a321da3a6999845e2ea70056030aaf5,train,keep,False
reddit_t1_mt509s1,train,keep,True
reddit_1u2gx09_oqxe0dz,train,keep,True
bluesky_3bd398644c59430bfe0505ba2e698877a44f59c1247ce837b1bc41ec08a48c68,train,keep,False
twitter_2061454561081196629,train,keep,False
bluesky_2cd4060cb779f60165166fe743a3d3c6a99e4998e2f9ed9cfb8ab74f1dded3a6,train,keep,False
reddit_t1_mtg9n15,train,keep,False
twitter_2061195242691350868,train,keep,False
twitter_2061806286329536601,train,keep,False
twitter_2060405936087269862,train,keep,False
reddit_t1_mv30lgz,train,keep,True
reddit_t1_mtxfju6,train,keep,False
bluesky_f2a4b9436d943b34940a389fc26f985acdc855538d50b099630bf492317c7448,train,keep,False
reddit_t1_mxfpzp3,train,keep,False
reddit_t1_mxb61ud,train,keep,False
bluesky_55605a8dd74531ad49fcbe5660392a1bf36a4b3797d8d74f989876d020d25b4a,train,keep,False
bluesky_6ff59106800813d3f5cd6765b0f7e1aa6f5b45d259baf6161130573969e9c3a5,train,keep,False
reddit_1tsxfco_op2aoko,train,keep,False
bluesky_501d58d9cc02c0830b4443507a2d1a1178587f8f24bb8afec286be2887d58c25,train,keep,False
reddit_1tutxzr_ope8uxo,train,keep,False
reddit_1twag2x_optgyse,train,keep,False
reddit_1lhc9kv_mz5q5sq,train,keep,False
bluesky_4f2e0c4827dde4070173b8016c8f3349e1b4b966ea4667bd69d25d716dcaef02,train,keep,False
twitter_2061821573997486567,train,keep,False
bluesky_21a5eaa956f13fd0068557e00408e2b335e212a029afeaf0c5823353844cf5ec,train,keep,False
reddit_1l7fyn5_mwwdih2,train,keep,False
reddit_1txrv9p_opzj4ef,train,keep,True
twitter_2060536366530744751,train,keep,False
reddit_1lh3h92_mz1sslz,train,keep,False
reddit_t1_mskl2c1,train,keep,False
bluesky_d7ff0ab7692c665eb1850504423bd9f0f3f22782ee9c3824f28ed948b5bf1382,train,keep,True
twitter_2061828360574283822,train,keep,True
twitter_2061106877908574287,train,keep,True
reddit_t1_mv65wjy,train,keep,False
reddit_t1_mupqofv,train,keep,False
reddit_t1_mrjhchz,train,keep,False
bluesky_03ecd5b9a935e91d99a4b379a441a10b87bdf64890fbac9bc06725aaa5a4e1c0,train,keep,False
bluesky_1bf8484595f2690a7c8f1a45c63bfe8e4348f939da22216a67f5d2b8d7db232d,train,keep,True
twitter_2061453808505389252,train,keep,False
reddit_t1_mq1sug8,train,keep,False
twitter_2061814222980268334,train,keep,True
twitter_2060934355069829268,train,keep,True
reddit_1t54vlp_okc8frx,train,keep,False
reddit_t1_mq0do65,train,keep,False
reddit_t1_mvg352n,train,keep,True
twitter_2061476819757330924,train,keep,False
reddit_t1_mvbvheb,train,keep,True
reddit_1tt1uwg_oozv2cv,train,keep,False
reddit_t1_mzzadey,train,keep,False
reddit_t1_mwpdj4i,train,keep,False
reddit_t1_mz60bdx,train,keep,False
twitter_2060133640047313137,train,keep,False
bluesky_914ae6428e5d57a11e543e5504b5121c1a37faeae71c04051a5cf95af9e5d9d5,train,keep,False
reddit_t1_mzdo3c1,train,keep,False
bluesky_7e5528b9bfaa7240123f6cff8ae8eefae67aa8331f230ceb54fe572c9244b752,train,keep,False
twitter_2096629139096650235,train,keep,True
reddit_t1_n0ff227,train,keep,False
twitter_2061393969410392502,train,keep,False
bluesky_d0f9d2ea7ee5a854d729441e3f4acdbf1dfd428e55ac100d35c112433e003384,train,keep,True
reddit_t1_mxdil9h,train,keep,True
bluesky_b2f9a6879178660383f458751300ab8ebef69942fe92707c44e9baf752ee1af5,train,keep,False
reddit_t1_mw7ohg6,train,keep,False
reddit_t1_mrh26qb,train,keep,True
reddit_t1_mtzaxlb,train,keep,False
bluesky_b6de41e96275d6dbd8eceacbc40a98b52e3511940ab76b3a81c611dc10ab53a8,train,keep,False
reddit_t1_mt4iw0q,train,keep,True
reddit_t1_my53dqq,train,keep,False
reddit_1tutxzr_opdn8rc,train,keep,False
reddit_1kclz6v_mq6ew13,train,keep,False
twitter_2061653700934873157,train,keep,False
twitter_2061207091801444633,train,keep,False
twitter_2061824662326456809,train,keep,True
twitter_2061175450227908940,train,keep,True
reddit_t1_mzqtvaf,train,keep,False
bluesky_12b6bff8a021e79ab8da82f476af06ca384289fd882d5e33ea165f09abcde9bb,train,keep,False
bluesky_b4ac447c2a76a07033608a43be4e7c844e77612ddba8c727dcf79da5bda26752,train,keep,False
reddit_t1_mrf8xnk,train,keep,False
reddit_t1_muixy8p,train,keep,False
bluesky_6fc249b4c9c24dde66592622d56bfef0b71222bc2d188845db18b0fa6d296710,train,keep,True
twitter_2060256683893403845,train,keep,False
reddit_1tcxfbg_ols2j68,train,keep,False
bluesky_3d6451f336043b8ecdbb37cc7fd3cd40debba98501021a4b8a5fb3438fb26812,train,keep,True
bluesky_443738bf7e28865821efcc03929208c3c75b008ef357fb83111e9b73a0e1112e,train,keep,True
twitter_2060760423800955174,train,keep,False
reddit_t1_mx87mps,train,keep,False
twitter_2061815063845953777,train,keep,False
twitter_2061538012924711106,train,keep,False
reddit_t1_mqqfurt,train,keep,True
reddit_t1_mut0uux,train,keep,False
reddit_t1_mtlzev6,train,keep,True
twitter_2061623382731596155,train,keep,False
twitter_2060033795169112227,train,keep,False
bluesky_6d2194ff937bfbc2076c5b6615e50d3b2670482d1bdb7e932386ef30b2b81c21,train,keep,False
reddit_t1_n06kbja,train,keep,True
bluesky_510b1cae6958638f9ce63b649a0dae1f45f5f2a872c31a283387bca521025734,train,keep,True
reddit_t1_myj78y1,train,keep,False
reddit_t1_mz7iczo,train,keep,True
bluesky_f0b16a38b352e6f1ffa704f0482d4546acd40385f57c78876e7ccd169d8a4570,train,keep,False
twitter_2061784589421703371,train,keep,True
reddit_t1_mwfsdue,train,keep,False
reddit_t1_mz01iak,train,keep,True
reddit_1tqyx7p_ookxy6j,train,keep,True
reddit_t1_n0isaro,train,keep,True
bluesky_be4fc82343a665e6dbb267f92d7c63a8cfed8e4a24d7e20145756cfbfd642cbd,train,keep,True
bluesky_f9871b5e8d07e83c80fcbb1f863b0de13c002b0dc1227a3faa7fc57d95698ebe,train,keep,True
twitter_2060188577091215777,train,keep,True
reddit_t1_mzjcwea,train,keep,False
twitter_2061134374196719825,train,keep,True
twitter_2060432545599365410,train,keep,True
reddit_t1_msfvk56,train,keep,False
reddit_t1_mzm85gg,train,keep,False
twitter_2060464108957249959,train,keep,True
reddit_t1_mwjifdk,train,keep,False
reddit_1ld25h9_my5nlaf,train,keep,False
reddit_1tzs7nk_oqdq15t,train,keep,False
reddit_t1_mu7hgb8,train,keep,False
twitter_2060380334705762568,train,keep,False
bluesky_9a88dbf2ebcbad29cfe6318447807538e7c76ef4f2a054d6f560aef578e7cf1e,train,keep,False
reddit_t1_myykg3x,train,keep,False
reddit_t1_ms38kiq,train,keep,False
reddit_t1_mtnk3hw,train,keep,False
reddit_t1_mty5kdk,train,keep,True
reddit_t1_mzkunsp,train,keep,False
bluesky_248eeb452f32ebb51b8d9ccba34d35e59a754f3ba8489c33f4dbbf51ca43fb5c,train,keep,False
twitter_2061797428450177487,train,keep,False
reddit_t1_mqn0gpe,train,keep,True
bluesky_70bb55f8b862b38e86a77ac389998ce64491a47c823ee157d0a60e7ee15407b1,train,keep,False
twitter_2059316721865941088,train,keep,True
twitter_2061767369442103571,train,keep,False
bluesky_14bc1421ef11ac5362c06c751ceaf6b5f0bc04ef0d818be3e8bb1e4cd5c2538e,train,keep,False
reddit_1tw3aly_oplnpvf,train,keep,False
reddit_t1_my4y2sb,train,keep,False
twitter_2061659125520712067,train,keep,True
reddit_t1_msfyfrj,train,keep,False
reddit_t1_mqm9qfg,train,keep,False
reddit_t1_mzlgmnf,train,keep,False
twitter_2096248114881388666,train,keep,False
reddit_1tw81gp_opnf134,train,keep,False
twitter_2061701239482802573,train,keep,False
reddit_t1_mwyalhw,train,keep,False
reddit_1kf4k25_mqqbksi,train,keep,False
reddit_1l5yq6s_mwlq5er,train,keep,True
reddit_1tikf90_omxjsqv,train,keep,True
reddit_t1_n0hrtgq,train,keep,False
reddit_t1_n01vone,train,keep,False
twitter_2060107082666287374,train,keep,True
reddit_t1_mqdss65,train,keep,False
reddit_1te3o84_om1gjvn,train,keep,False
bluesky_24fef7fd968d9a0e628e1849e1583e47f34e1cef98475a3d5c6e7b7ee1213575,train,keep,True
reddit_t1_mtnhx4r,train,keep,False
reddit_t1_mqk00t8,train,keep,False
bluesky_8501873f102fba65e36deec282eb1ecf9ecd7380a4dbe5fc7d527d55e15b4a3f,train,keep,False
reddit_t1_n0n4pch,train,keep,False
bluesky_292deb60de2ec74a07c75beb311bf7ac82c59ce09d8676b5d59b010d5a6d9431,train,keep,False
reddit_t1_myto4q4,train,keep,False
reddit_t1_ms3zv1r,train,keep,True
twitter_2061824886679666850,train,keep,True
twitter_2060836608048255401,train,keep,True
reddit_t1_my4ivzr,train,keep,False
reddit_1u21326_oqyygm3,train,keep,False
reddit_t1_n0o3pzq,train,keep,False
reddit_1l9jij3_mxd9xnc,train,keep,False
reddit_t1_msjimr6,train,keep,False
reddit_t1_mtap991,train,keep,True
twitter_2061565995530007012,train,keep,False
reddit_t1_mrlrlwr,train,keep,False
bluesky_bcf21e54aaedf530b8dcc403afe4b17e4fccfeb22cf71b232fc09dda18426b88,train,keep,False
reddit_t1_mvq2ucv,train,keep,False
reddit_t1_mshjn00,train,keep,False
reddit_t1_ms2zzsc,train,keep,False
reddit_t1_n0idngh,train,keep,True
twitter_2061782820977307855,train,keep,True
reddit_t1_mxa1hv6,train,keep,True
reddit_t1_mq27qks,train,keep,False
reddit_1lb928e_mxsuugz,train,keep,False
reddit_t1_muppwt7,train,keep,True
reddit_t1_msbvchh,train,keep,False
twitter_2061604496422084697,train,keep,False
twitter_2061012620338229269,train,keep,True
reddit_1tklc7j_on9v8ik,train,keep,False
bluesky_f478156bee53292d5162ceb4bdd7833ce39b91267fd9e6fcf988bf71facc8bee,train,keep,True
bluesky_8a941fd4cf0b5c05ae3545ed0f50ebacd20c4ac264124b4625fdde57cac72dd1,train,keep,False
reddit_t1_mshdmlx,train,keep,True
reddit_t1_mrdhsce,train,keep,True
reddit_t1_mr2r60y,train,keep,False
reddit_1tfsdpo_omciyvs,train,keep,True
reddit_1tpehvg_oo9lnt6,train,keep,False
reddit_t1_mwovfx6,train,keep,False
reddit_t1_mtyx527,train,keep,True
reddit_t1_mxf1e02,train,keep,False
bluesky_e9068b419fb95aa266d6dc756db9ff77bb14249b64c27caf94636cb917a0e9d0,train,keep,False
reddit_t1_mty37kk,train,keep,False
reddit_1l9dd6a_mxbv74w,train,keep,False
twitter_2060396960050254301,train,keep,False
bluesky_24a6db7a22f76ceec092eaf7fd5768a2eba54dd8f1864e9d2a625c3da7148f1f,train,keep,False
bluesky_6979dd071b5c68850abf118e341168fc8c0549720c5e4663ae9ff1967b961d92,train,keep,False
reddit_1txrv9p_oq2khhh,train,keep,True
twitter_2061758430277173519,train,keep,True
reddit_t1_n0l557d,train,keep,False
reddit_t1_ms88z26,train,keep,False
bluesky_da544077bb0c8622d3581a68e1dd25ec14f03a7c48e0f1ffb27541c851e3047d,train,keep,False
reddit_t1_mq6swjp,train,keep,False
reddit_t1_mw210of,train,keep,False
bluesky_e959f5e4d0d0b9e4c9506cc0bcbbaa22ee4f2ee9846c4b00d81d448169b8c23c,train,keep,True
reddit_t1_mwylxjm,train,keep,False
reddit_t1_myqgcml,train,keep,True
reddit_t1_ms0pyhm,train,keep,False
reddit_1ttbse9_op1ps49,train,keep,False
reddit_1u0y79a_oqp024l,train,keep,False
reddit_t1_mtbwzfu,train,keep,False
reddit_1u1z88l_oqvlxt7,train,keep,True
reddit_t1_mrgsh42,train,keep,False
reddit_1tqyx7p_oomajai,train,keep,True
reddit_t1_n0n2mtx,train,keep,True
reddit_1tstwrk_ooyuizx,train,keep,False
reddit_t1_mq0sr5o,train,keep,False
reddit_t1_mtjrcvk,train,keep,True
reddit_1tby338_olog16b,train,keep,False
reddit_1txi7g6_opzfhtu,train,keep,True
bluesky_251c29437eaf3da48918cacc5650b8444443fa48dc34ca06593dc804e079f7dd,train,keep,False
reddit_1khsmnt_mrbnoc0,train,keep,False
reddit_1u31653_or1y025,train,keep,True
reddit_t1_mwo4s3d,train,keep,False
reddit_1tuebh8_opardvt,train,keep,True
reddit_t1_mxy3jc0,train,keep,False
twitter_2060360514492883231,train,keep,False
reddit_t1_mqcwsyu,train,keep,False
reddit_1tt0mlj_ooz7knf,train,keep,False
reddit_1la4x0y_mxla28z,train,keep,False
reddit_t1_mxie8yp,train,keep,False
bluesky_b83182615a4fc5bb2a9ad02f60ae84b862fd97f25dd4e8e0e155cfa4d74a4577,train,keep,False
reddit_1khn8d7_mr9l9ys,train,keep,False
reddit_1tswg2c_op0e4ie,train,keep,False
twitter_2061307362992882027,train,keep,False
bluesky_51d96f62950a63e502cfc72f569e354e783030c0d3cb0f93445a35abf97a3bef,train,keep,True
reddit_t1_mwjq98u,train,keep,False
reddit_1tswg2c_ooytatv,train,keep,False
reddit_t1_mradvm8,train,keep,False
reddit_1tt8k9j_op0s1xy,train,keep,False
reddit_t1_mw5vvmh,train,keep,False
reddit_t1_mykgzol,train,keep,False
bluesky_b43480df0a387586f82c494938fa0b9c6ee3d32ec1e3cab8385231e762cd9980,train,keep,True
reddit_t1_mwfw3w6,train,keep,False
twitter_2060279658239939043,train,keep,False
reddit_t1_mqavrhh,train,keep,True
reddit_t1_mqyhurz,train,keep,False
bluesky_3fbf18e6d88a3eb0e85aec2fae5ec1d79528a7746c38c678bfbcc3441dc34e3a,train,keep,False
bluesky_6c401c8437b4ab0c81e9140a52b058ea42d44214e286b45867a1ac442251eddc,train,keep,True
reddit_t1_mzhw463,train,keep,False
reddit_t1_mv5wa1e,train,keep,False
reddit_1lk2jrt_mzr9wj4,train,keep,False
reddit_1t6mb7v_okjnnx3,train,keep,False
reddit_t1_mv67ar6,train,keep,True
bluesky_a17ef48d760f53a9c037217a2c6028020b32a3ec3f5ef71fdfe3fdb5bed47cdd,train,keep,True
reddit_1t7d5jc_oko5y49,train,keep,True
reddit_1kmew4f_ms9mrxo,train,keep,False
twitter_2059684123027837170,train,keep,True
reddit_1u1c4u6_oqoy2sp,train,keep,False
bluesky_92f627a8ab1a20dacb51171af117fc96d3ea34167e5e2e896845801419919a2b,train,keep,True
reddit_1txsm52_opzu7iw,train,keep,False
reddit_t1_ms0b0yo,train,keep,False
reddit_1l2ndoc_mvunv76,train,keep,False
reddit_t1_mvmplg3,train,keep,True
bluesky_51958bc002f252772a519a2a712b673a04dc7550616c8fc24c5f30e083407746,train,keep,True
reddit_1u08bq4_oqjx3ar,train,keep,True
reddit_t1_mql9ws8,train,keep,True
reddit_t1_mywlj19,train,keep,True
bluesky_29ce1f581ce80a3ab84ca15e633b2a7ac4b12753180a569e5d69398f43c200be,train,keep,False
twitter_2061777821220147222,train,keep,True
reddit_t1_mwkg08i,train,keep,False
reddit_1lcx9tj_my4fkn8,train,keep,False
reddit_t1_n074di7,train,keep,False
reddit_t1_mtazc7u,train,keep,True
reddit_1lm039e_n06jzah,train,keep,False
reddit_1u0y79a_oqrl1ik,train,keep,False
reddit_1tw1yjv_opq90hg,train,keep,True
twitter_2096432366579589597,train,keep,True
twitter_2061815731952468242,train,keep,False
twitter_2061763961578479766,train,keep,True
reddit_t1_mrbl749,train,keep,False
reddit_1tx0uiq_opudl7s,train,keep,True
bluesky_9a4e79b5a3351ad39096299034091be5ae119a9895e6d6c50aa2acc8874167fc,train,keep,True
reddit_t1_muisdet,train,keep,False
reddit_t1_mqjetu8,train,keep,False
reddit_t1_mz79ouh,train,keep,True
reddit_t1_mspk9bl,train,keep,True
twitter_2096252568330498420,train,keep,True
reddit_1kp8lpn_msw57ks,train,keep,False
reddit_t1_mrn4j1p,train,keep,False
reddit_1tux6at_opfac1e,train,keep,False
reddit_1kthr9g_mtvqesi,train,keep,False
twitter_2061512521538765018,train,keep,False
reddit_t1_ms8pgex,train,keep,False
reddit_t1_mt4md19,train,keep,False
reddit_1u2391z_oqwtukb,train,keep,False
reddit_t1_mq8lh9x,train,keep,False
twitter_2060043683899027923,train,keep,False
reddit_t1_mz1swqq,train,keep,False
bluesky_3ccec2cbbcd618e6c5b9c962a5d348f766f157568404e952aa5ddfdf4a910188,train,keep,False
reddit_t1_mw73nt1,train,keep,False
reddit_t1_msygie9,train,keep,False
reddit_t1_mtmnom4,train,keep,True
bluesky_657fafb06f94704223c229d83800885986be602e56948ea7d1b925726052391b,train,keep,False
twitter_2059202173586579666,train,keep,True
twitter_2061206146682335452,train,keep,False
reddit_t1_mwlyxn4,train,keep,False
reddit_t1_mvcfcuf,train,keep,False
reddit_t1_mst3opc,train,keep,False
reddit_t1_muyhen9,train,keep,False
reddit_t1_n0ci5vg,train,keep,True
bluesky_6e99b969019542e36139372d4231a25a70bbf5f27500f08f460bbac463f180bd,train,keep,False
reddit_1lepsty_myk34p9,train,keep,False
bluesky_3f4b3b48456c52febf13806342a7030b7a4d1df9dcde5085e417e85fa23374a6,train,keep,False
twitter_2061819389700383093,train,keep,False
bluesky_aa6f0892580e59cadcb9e3191a4238926b472f31344619bbb860a943c3e86beb,train,keep,False
twitter_2061576355049804076,train,keep,False
reddit_t1_mtcf14p,train,keep,False
bluesky_bfede3099b4069900998832bd50876896ac03d1b4055c5cd22f1e800efa15ac8,train,keep,False
reddit_t1_mt7zf90,train,keep,True
twitter_2061795892147941454,train,keep,False
bluesky_1aab0671d390797381f7a9885df2c15cb2da318d77779bc4621061c0846b6d25,train,keep,True
reddit_t1_mwz6cl1,train,keep,True
reddit_1txsumx_opy9cbu,train,keep,False
reddit_t1_mzwb448,train,keep,False
reddit_t1_my0ip13,train,keep,False
reddit_t1_mz2tdyy,train,keep,False
reddit_t1_mwdiblh,train,keep,False
bluesky_c22c0552d5f53d9241a3822cf80a0e186e9dc81082176760da1c662c57a81c4d,train,keep,True
bluesky_b1abdaf51c85fc4bc68362fea8d805f722a92b0114dc20d8a4d4b43c3cbda0e9,train,keep,True
reddit_t1_mr4gsuv,train,keep,False
reddit_t1_mr2v84o,train,keep,False
reddit_t1_mts66dh,train,keep,False
twitter_2061798587575545981,train,keep,True
twitter_2059675176221000162,train,keep,True
bluesky_e8a81b0cf65b9d2d863dedd896ccfbe29995018fca3e409b4a9e44f672220612,train,keep,True
twitter_2061752582993809645,train,keep,False
reddit_t1_mtlnz78,train,keep,True
reddit_1tdva8i_olyudhh,train,keep,True
twitter_2060747236330655971,train,keep,False
reddit_t1_myeazya,train,keep,False
bluesky_a4e5b23a59da3b4e0d5c5dea404f51731b3130ec25c173a92c662b5531442a08,train,keep,False
reddit_1tuzkhw_opdty67,train,keep,False
bluesky_e9ec0484c668b90cd862b88c78f8a0af371f3feda759cc1825a1ace02a973a78,train,keep,False
twitter_2061759461656560124,train,keep,False
twitter_2061116676226081263,train,keep,True
reddit_1thqwmy_oms1uu9,train,keep,False
bluesky_521818262b353e37b71c5665dd1accdb07440212ce5ac2da981475c26c5586e3,train,keep,False
reddit_1tohbe9_oo2l11h,train,keep,True
reddit_1kxmwug_musjqz6,train,keep,True
twitter_2061414874459066406,train,keep,True
bluesky_b1ce8f55ea5abedcba9ac63ccc18b4e2df8dc42a8a7ff0ab1d5777b22c1b85f4,train,keep,True
reddit_1kv8gr9_mu9bldb,train,keep,False
bluesky_92650cb085b181adfbd8d84c4761c53c9640a90a9886c2c2522b905f171089d6,train,keep,False
reddit_t1_must4x6,train,keep,False
reddit_t1_mu8dn2w,train,keep,True
reddit_t1_myafa9n,train,keep,False
reddit_t1_mrzxl6w,train,keep,False
reddit_1l0w8ik_mvgjmtx,train,keep,False
reddit_t1_mzk5ltf,train,keep,True
reddit_t1_mult7gd,train,keep,True
reddit_t1_mt3wof2,train,keep,True
reddit_t1_n0homdd,train,keep,False
reddit_1twgtct_opqea8v,train,keep,False
twitter_2060364337416479047,train,keep,True
reddit_1lihmm4_mzdo699,train,keep,False
reddit_1lhqf18_mz6t7to,train,keep,False
reddit_1ksz8je_mtrfx3p,train,keep,False
bluesky_162a9e48febfd838865ffb6d382982d8fb3813b650e9853a8c192a5d8a3e0a0b,train,keep,False
reddit_t1_mr66ml4,train,keep,False
reddit_t1_mrwcrve,train,keep,False
twitter_2060634567157911664,train,keep,False
reddit_t1_mufxc1b,train,keep,False
twitter_2095843052502057234,train,keep,False
reddit_1tsj7e8_ooxd90t,train,keep,False
reddit_1u1fnvf_oqpvypv,train,keep,False
reddit_1thox1m_omory0d,train,keep,True
reddit_1l4b2as_mw8ipnh,train,keep,False
reddit_1tszxri_op44ssz,train,keep,True
bluesky_64cf647c6ce5186b397886da92299f5d74b0d6008d89d4aab362b699962a2917,train,keep,True
reddit_1ttadso_op1enp2,train,keep,False
twitter_2060476865307922506,train,keep,True
bluesky_86385cc52b4480f7fbe71d3a149f512a8fbd2daf187d7b32f34c2d7cb875228b,train,keep,False
reddit_1kmp5aw_msj414v,train,keep,False
reddit_t1_n031cti,train,keep,False
reddit_1tvumlg_oq3zne6,train,keep,False
reddit_1llsj73_n02h23v,train,keep,False
twitter_2095227713124712895,train,keep,True
reddit_t1_my1mg73,train,keep,False
reddit_t1_mu1t1vw,train,keep,False
reddit_t1_mwdxxyg,train,keep,False
twitter_2060321710193156291,train,keep,True
twitter_2061194186469093549,train,keep,True
reddit_t1_mx5pits,train,keep,True
reddit_t1_n01zmu2,train,keep,False
twitter_2061187637327589616,train,keep,False
reddit_1kvr9c6_mublnl8,train,keep,False
bluesky_75d8652eddee7e84e21331842d90679c77e1e8e83ffe6a5946a28f1b6fdc6ecb,train,keep,False
reddit_t1_mqi2whk,train,keep,False
reddit_t1_msfz63h,train,keep,False
reddit_t1_n0lh1sv,train,keep,False
bluesky_8a6d29e293f10ab45e2cf95e507d8c977b7854f53a77885b2b19ac8a52a0a4a2,train,keep,True
bluesky_45efaa6ca8029955b1739f90bfb4bfd0ee9ee2e29bbecd49a7d1a12ee97d6313,train,keep,False
twitter_2061820548552786192,train,keep,False
reddit_t1_mzo3l5v,train,keep,False
bluesky_9cc800bec061c63836101a5b79f3f40afea33a995c5b15c43408ce34cce97dd3,train,keep,False
twitter_2096594682776035743,train,keep,False
reddit_1kq3ifd_mt4gww5,train,keep,False
reddit_t1_myko4j0,train,keep,False
twitter_2061554920180891977,train,keep,False
twitter_2060129681530142910,train,keep,True
twitter_2096667337563009471,train,keep,False
reddit_t1_mues75w,train,keep,False
reddit_t1_ms6h56q,train,keep,False
twitter_2095605258156163564,train,keep,False
bluesky_d24871da24b130cdcf0620979890b7616ce5c77b99a1c8a3b5aa8b5e23ccc1bc,train,keep,True
reddit_1llzlg3_n04uuqh,train,keep,False
reddit_1u2ek28_oqxb909,train,keep,False
reddit_t1_mt6ydb2,train,keep,False
reddit_1tkvbmy_ongsboh,train,keep,True
reddit_t1_mq0qb3d,train,keep,False
twitter_2096634907938193435,train,keep,True
bluesky_7d5b9ff56be8d479301c4cd558b8c0c0c7b6383ccc3eab0074289c6b9736e7b4,train,keep,False
reddit_t1_mw7cj3j,train,keep,True
twitter_2061565715597996426,train,keep,False
reddit_t1_mzpdqnc,train,keep,True
reddit_t1_mzdj1yp,train,keep,False
reddit_t1_msy9vvi,train,keep,False
twitter_2060229806680121519,train,keep,True
bluesky_eb75f2055b7e28eccdbd22b99490c855cffb9a99a39947d913293a967cfa8dee,train,keep,False
twitter_2061239881607573562,train,keep,False
twitter_2061214916502007824,train,keep,False
reddit_t1_mu6c7x4,train,keep,False
reddit_1tytmjd_oq9pp0w,train,keep,False
twitter_2060721245839061183,train,keep,True
reddit_t1_mur0ubb,train,keep,False
reddit_t1_mx97g3b,train,keep,True
twitter_2061569500789748148,train,keep,False
reddit_t1_mwx5uec,train,keep,False
reddit_t1_ms5ocz9,train,keep,False
twitter_2061458984620392532,train,keep,True
twitter_2061825390193057904,train,keep,True
reddit_1ttcapc_op1o40v,train,keep,False
reddit_t1_mwn9zsx,train,keep,False
reddit_t1_muc4kan,train,keep,False
twitter_2061783231540691276,train,keep,False
reddit_t1_msk9o3y,train,keep,False
bluesky_4afc19b3ce20fe5859cfdefb3fc7aeef640ac67d8900b73c136893b643858b86,train,keep,False
bluesky_9063818b937ab6f807d620a2f78454e4e3188e5080103395d06429f11f2fd623,train,keep,False
bluesky_730949253f54fa57c2e334041a33ce1315c85f1eabcb0cec7844ec362c2fadc9,train,keep,True
bluesky_8cc19f98876cb107433edfea024dd8087b7bcad99360d0d18f5ba7c6d744eccd,train,keep,False
reddit_t1_mu518qd,train,keep,False
reddit_1tsvgs3_op12ugb,train,keep,False
bluesky_1cb33e47c3f79d840219e94a6c249459ca3f11004ae74c311c5fa20fbdda4a0b,train,keep,False
bluesky_225748bcd07efcf2b0afdf53924e4a980a888ccfcefdfceacb3c5d84863737c4,train,keep,True
reddit_t1_muxssq9,train,keep,True
bluesky_53786b2b6b203cd9b374ee59d7fc2e3aa67e5741da93d408eac255dc9b8a799d,train,keep,False
bluesky_f8a86144e142ae4151ab3f9823096292a74568991908f3445c013a5bf910fb97,train,keep,False
twitter_2061823813675897232,train,keep,True
reddit_t1_mzh5byl,train,keep,False
reddit_t1_mskc6pf,train,keep,True
reddit_t1_mxzlrgd,train,keep,True
reddit_t1_mrhezkz,train,keep,False
bluesky_1ab2f57f7afd7f0ff13804fa3d180293a8f5b5b6cf7d570166d5c2832bbf7071,train,keep,False
reddit_1llvpdb_n03ipva,train,keep,True
bluesky_b971cbbdd3c171dd0ef5d3d30d70ec7c46f62bed0e2aebe77d0b8ade67d7e25c,train,keep,False
bluesky_b6294457b5ac78dd3d827da5f00870fa20626c6a607293c39b58052b5340a1b9,train,keep,False
reddit_t1_mzdtkkz,train,keep,False
reddit_1u1fnvf_oqpm1vc,train,keep,False
reddit_1lh1k0s_mz0x3m7,train,keep,False
reddit_t1_mrrjmzt,train,keep,False
bluesky_3a2170b56686cc1e93e9f7fb0e4fc6f35c2bc9c9a52c81a9d0578de23ed85258,train,keep,False
twitter_2059425955051901050,train,keep,True
twitter_2061602223797547020,train,keep,False
twitter_2060983633197039688,train,keep,False
reddit_t1_myov8ok,train,keep,False
reddit_t1_mqoybz8,train,keep,False
reddit_t1_msspt9s,train,keep,False
reddit_t1_ms9msjz,train,keep,False
reddit_t1_mzm9y1l,train,keep,True
twitter_2060861488810598803,train,keep,False
reddit_1lkojym_mztjt1d,train,keep,False
reddit_t1_mwr7jxn,train,keep,True
bluesky_3ead215cceff61762ea150ecb6decb12ea21884000e4bd36f6d62c1d01b24cd1,train,keep,False
reddit_1tuly4n_opakjhi,train,keep,False
reddit_t1_mq1wo5v,train,keep,True
twitter_2097018187753631956,train,keep,False
reddit_t1_mufpatw,train,keep,True
bluesky_6fe4c57207dc2b1dc5bd2ea33f6196659188ed20550adb5957dbdff745f2f608,train,keep,False
reddit_t1_mtnpbpi,train,keep,False
reddit_t1_mxy9rno,train,keep,False
bluesky_d7fe76b8e954919b95eafc47893b71ba8f6fd9f4521be08441106b840ca094bc,train,keep,False
reddit_t1_mqcgmjp,train,keep,True
bluesky_24f90b93f3df36b0025532df17c087e31f29c61a59eafc7d050ea3f7efb2957a,train,keep,True
reddit_1tx0770_opvme5k,train,keep,True
reddit_1t9dxnw_ol60a9d,train,keep,True
reddit_1trbmne_oomy1jp,train,keep,False
reddit_t1_n04qn55,train,keep,True
bluesky_d2cfe70e07afaf45324028fee76db723193fb78bca21a8d9e7c655abb6a7937f,train,keep,False
reddit_1t6mb7v_okiv6sc,train,keep,True
bluesky_dc4e4df23e65844964f04797cda452d43ee788a3eec8a53ddac09dd5e5e91a35,train,keep,False
reddit_1krctyl_mtdwslb,train,keep,False
twitter_2061809524743291386,train,keep,True
reddit_t1_mwqj9dc,train,keep,False
bluesky_e02dd5c27bf0be172d0bd0ab28d4c945c8081d7786afb3b981d482f392a51f2c,train,keep,False
reddit_t1_msuzt8m,train,keep,True
reddit_1kh7zbd_mr587jh,train,keep,True
reddit_1tsd2hr_oouww6y,train,keep,False
twitter_2061484925778366888,train,keep,False
reddit_t1_n04be09,train,keep,False
reddit_1kouuvz_mstfzqj,train,keep,False
reddit_t1_mutvqk3,train,keep,True
twitter_2061110867987447965,train,keep,True
bluesky_ae61b639187380f77024291b60860a9fac82d6c293bd38ad30047a0c60a1c755,train,keep,False
reddit_t1_mtns2xb,train,keep,True
reddit_t1_mw2fdzs,train,keep,False
reddit_1tw6zcr_opmnhnz,train,keep,True
twitter_2061804972556075405,train,keep,False
reddit_t1_n06xdka,train,keep,False
reddit_1ti75h1_omto7wm,train,keep,True
reddit_t1_mwvzkr2,train,keep,False
reddit_1tuzkhw_opfmys1,train,keep,True
bluesky_962224f3c3228ee33ff95840ff1dc4eac7031e288b12101972784319ba9b21ad,train,keep,False
bluesky_9fdb049647bb225ed3a63eeef901c7f854ca7615c0d866c09e2f3bf34e1484ff,train,keep,True
reddit_1tvywom_opkwwuy,train,keep,False
reddit_t1_mxxbq3w,train,keep,True
bluesky_493c17efa98eb1bd2f7bc82a4b9e54679317f58347d055c5c5864530314d1efc,train,keep,False
reddit_t1_msyj8do,train,keep,True
bluesky_391c438dce996a0e30900403f965d7a299e16c15a865108cf4751938febc4201,train,keep,True
bluesky_c67fff94ee6c0202164fe2554c6e29d3ccde592c68131dd44b4728767456afee,train,keep,False
bluesky_0ab5e462e0b0459c78777cadad946d48bbd01547b7a0212c9d85486037e5f1fe,train,keep,True
reddit_t1_mqr0r24,train,keep,True
reddit_1kmm69e_msbbfe8,train,keep,False
reddit_t1_n0gfdgc,train,keep,False
bluesky_1770123c945adc7410f7001e9b0c405e2cc0b4e5b59bf76f672524f706d5d5e8,train,keep,False
reddit_t1_mvp318l,train,keep,False
reddit_1tql6ez_ooj8t37,train,keep,False
reddit_t1_mw2gaw9,train,keep,True
reddit_1u2nrer_oqzi158,train,keep,False
reddit_t1_mywdbfh,train,keep,True
reddit_t1_mqecl0y,train,keep,True
bluesky_966726fb2c4e6eb21469f2848dda1dc4877d68188c95065664270bd24e15605d,train,keep,True
reddit_t1_msv6q7k,train,keep,False
bluesky_51d71b38f604c3ecc950af40c2824073690f8b504a8194672830dcc218383615,train,keep,False
bluesky_d667391bdba976a0c971e9d54139b82fc9f02aac6c01225685af8f3ff9c0f044,train,keep,False
reddit_t1_mr7h64i,train,keep,True
reddit_t1_mwtkbz1,train,keep,False
reddit_t1_ms25omd,train,keep,True
reddit_t1_muougwm,train,keep,False
reddit_t1_mxgwptf,train,keep,False
reddit_t1_mrlu5kk,train,keep,True
reddit_t1_mrp9p11,train,keep,False
reddit_t1_mxy4emf,train,keep,True
twitter_2061831805230338244,train,keep,False
reddit_1txopv4_opxp3vh,train,keep,False
reddit_t1_mvjarqz,train,keep,False
reddit_1u1c4u6_oqpmwp7,train,keep,False
twitter_2061749087477940428,train,keep,False
twitter_2060006551788687450,train,keep,False
bluesky_9ef13b82c60f30e85238fc2449062cf48f4453f2657a8302355178ba74328f82,train,keep,True
twitter_2061803986655625708,train,keep,False
reddit_1ttcu5f_op1rlse,train,keep,True
reddit_1ttsfrd_op50nfa,train,keep,False
reddit_1tsgnti_opgif6g,train,keep,True
reddit_t1_mx9068b,train,keep,False
reddit_t1_myk1rva,train,keep,True
bluesky_bb3236b92f9115d160671b09f0cfa96bb0d7bf4bb9c12c7852994b020eea9dcc,train,keep,False
reddit_t1_mq948tk,train,keep,False
bluesky_b48cd597792c17d28be7c7c235b4cc76ad16e2369bdc1c4a3d8c8554eba1aa25,train,keep,False
reddit_t1_mpyje7i,train,keep,False
reddit_t1_mqvex58,train,keep,False
reddit_t1_mv69hhl,train,keep,True
reddit_t1_n0gnvkn,train,keep,True
bluesky_66c3fbfb234add019735bd22f7b851f98227eaaee52a40e8e54b2c513614946c,train,keep,False
reddit_1ttdpd3_op1v30d,train,keep,True
bluesky_763437b2a90a88d9d8b25c498cbda7eb82a3e099485e31cdfe4437c205b3ad87,train,keep,False
reddit_1u06twk_oqg1lnb,train,keep,False
reddit_t1_mrjzm2t,train,keep,True
reddit_t1_mwlwki9,train,keep,True
reddit_t1_mx8rhba,train,keep,True
bluesky_41a98071f6cf12132edab954426d54be5e880c58bc24207ad3bcf78af3902ece,train,keep,True
reddit_t1_mrlndct,train,keep,False
reddit_t1_myzjupm,train,keep,False
reddit_t1_mtcmhzg,train,keep,False
twitter_2061188597785502107,train,keep,False
twitter_2061501832480817221,train,keep,False
bluesky_239fbf95554c6179dcd272d62dadffee01e79f911a4a19c08b3c55bcd65d6f98,train,keep,True
twitter_2061200595600494975,train,keep,False
reddit_1u22dnh_oqwezw2,train,keep,False
reddit_t1_mz3dkpg,train,keep,False
twitter_2060496463017197909,train,keep,False
reddit_1tz4l7k_oq9ow4r,train,keep,False
reddit_t1_my3fcyp,train,keep,False
bluesky_35bf782a9d4eed72e58c78facd43bd7e1e0a71326dd8475191d64dd93a5b66b5,train,keep,False
reddit_1u21326_oqtv345,train,keep,False
reddit_t1_mtp9tk2,train,keep,True
reddit_1trhhqv_oooqakl,train,keep,False
reddit_t1_mytxhqb,train,keep,False
twitter_2095973388262998463,train,keep,True
reddit_1u2gx09_oqz5dnn,train,keep,False
bluesky_db75ab534de2fb76553242ce78c9922ebfba0de76acc98b7351706e897988292,train,keep,False
reddit_t1_mtpv30j,train,keep,False
twitter_2061404795454337029,train,keep,False
bluesky_44b62197f3d05c21ea1bb653bbf223cc46a653f3837337a0f25643cf895c917d,train,keep,False
reddit_t1_mujhguh,train,keep,True
bluesky_673fdc03eb08480b2ed5f38fc06596eeef34a19550536c3c0885c635880cb72d,train,keep,True
twitter_2060711670670897503,train,keep,False
reddit_t1_mqpvdho,train,keep,False
reddit_t1_mr4p77l,train,keep,False
twitter_2059737747825324084,train,keep,True
twitter_2061796235774763247,train,keep,True
bluesky_492c4ff9a5b92a4a3668096ead4bdab0edb08541a570aef3a7eb5d8a891ef0e2,train,keep,False
bluesky_2e765ea982b516b87b84a1e12024e5138ae4704e8d3f4edd2f93e34b3273d933,train,keep,False
twitter_2060145571181035996,train,keep,False
bluesky_eb7566bd210af6ca4ec52fbe732ae001c4c54fb7ebfeefcd177f123852fa3580,train,keep,True
reddit_t1_mu2jxck,train,keep,False
twitter_2061478691956224443,train,keep,False
bluesky_012fbd4e2985cdd2fb49d761823a521425229096ea7a8735b0186b26feb0297f,train,keep,False
reddit_1tzdiak_oqhw8la,train,keep,True
bluesky_0a533f7ea1f7602d729ea1550f9cf668ec90e6de5a2a3602c2becd2b7f741303,train,keep,False
twitter_2095459937954521353,train,keep,True
reddit_t1_mufe2v0,train,keep,True
reddit_t1_mx4hjyu,train,keep,False
reddit_1u16m18_oqnn53c,train,keep,False
reddit_1tuzwvu_opdlp56,train,keep,False
bluesky_c3b019e6e3b5113d7d1afbbb3c6f080748bfff4859d641aef9aae8d0c8d67324,train,keep,True
reddit_1tsj7e8_oowv4ez,train,keep,True
reddit_1u2cel1_oqwlu61,train,keep,False
reddit_1tvsp9t_opk4hyd,train,keep,False
reddit_1u0l8qh_oqj3g9r,train,keep,True
bluesky_b5b5a207d7fd129624372f7368ceb6c5a534f924376d11fefa5c3392734a642a,train,keep,True
reddit_t1_mugqfij,train,keep,True
reddit_1t6bfz8_okikdc3,train,keep,True
reddit_t1_mpzf1p5,train,keep,False
reddit_1tbxjhn_olm6lea,train,keep,True
bluesky_64b50aa952c5ccd3dd0bc080174b76d42a4129da742f485f920e39166615a50a,train,keep,False
bluesky_dca4a520565f2bedadeeeeeb2557eef060c9711d2441abbb78af22bcd3a13e11,train,keep,True
reddit_t1_mr1z614,train,keep,False
reddit_t1_mro6o66,train,keep,False
reddit_1ke6m2y_mqizg31,train,keep,False
reddit_1kvuvro_muo69pk,train,keep,False
reddit_1t7d5jc_ol1h9rs,train,keep,True
bluesky_88abf7d08062b03fb49f981545524fd9efe82ffdca01dd971556bb3420f2ab31,train,keep,False
twitter_2061270474215342178,train,keep,True
bluesky_17b7f8b4dc69703c39879798b2e98682f4a5296c03a0bfcb56d222933a25cd14,train,keep,False
reddit_1l6m75g_mwqil59,train,keep,False
reddit_t1_mr7aegp,train,keep,False
bluesky_d7afdb28248d0ad1490151717077c0e6a30708659c25ac7d4cd0b7e37aae16f8,train,keep,False
reddit_t1_mzxhwnq,train,keep,False
reddit_t1_mx144pc,train,keep,False
twitter_2060223322151948666,train,keep,False
bluesky_1b1f6bc45fece2b32789aa09d7e77c9451153fae0a69406dcd9526b96ad1b076,train,keep,False
reddit_t1_my6uxb2,train,keep,False
twitter_2061309386291613755,train,keep,False
reddit_1koplvt_mstig98,train,keep,False
twitter_2060783327376777321,train,keep,False
reddit_1u28e60_oqw9q05,train,keep,False
reddit_1tby338_olkufad,train,keep,False
reddit_t1_mrx95t9,train,keep,False
bluesky_f8f78960a23acf47767d445abe4f25c39417c4815d3392162f725aabd6539870,train,keep,True
reddit_1tzwh8s_oqjd30e,train,keep,True
twitter_2059332492885209384,train,keep,True
reddit_1tstlbr_ooy3r6j,train,keep,True
reddit_1lc3bu3_mxxjusf,train,keep,False
reddit_t1_mwp4z2e,train,keep,True
reddit_t1_n0hxbnw,train,keep,False
twitter_2059684534048915814,train,keep,True
bluesky_2f413515d55dea48883ef6ccb3e00b89d872bfe5e02ca08782ac61320ebef0d5,train,keep,False
reddit_t1_myi1ust,train,keep,False
reddit_t1_msn925c,train,keep,False
bluesky_989f5b43774235f7323607cd8b58855039f757fae6f910eb04edde838dcbabc9,train,keep,False
reddit_t1_mw24620,train,keep,False
reddit_t1_mxfdvdb,train,keep,True
bluesky_37e82b56be10b6e8f2cf7ab0ed5225654be5251ac32244ed377b01b41ebf1786,train,keep,False
reddit_t1_ms6ckka,train,keep,False
bluesky_b455f47325dcda9d6e7429647c0a551071a042399a7ffe6fc61e5846063f8ed1,train,keep,False
reddit_t1_myilv61,train,keep,True
twitter_2095491705914982596,train,keep,True
reddit_1tadlic_ol8tayb,train,keep,False
reddit_t1_mrxmtyu,train,keep,True
reddit_1kr5j8t_mtarkty,train,keep,False
reddit_t1_muntyvd,train,keep,False
reddit_t1_mtxacvl,train,keep,False
reddit_t1_n0371ft,train,keep,False
twitter_2097127637768458318,train,keep,False
reddit_t1_mwim2n4,train,keep,False
reddit_t1_mtuboe9,train,keep,False
twitter_2061768593964990489,train,keep,True
reddit_t1_mtnsgy6,train,keep,False
reddit_t1_n0fg8ze,train,keep,True
bluesky_81c65dee99e5b4ab96ce3c38f311dab046a27ec819608584b23272fb55d8229a,train,keep,False
bluesky_e33e77c87442bed068fac31f5ea7d6bafa6b245e7fe52329e4ee0969e85608f4,train,keep,True
twitter_2061825391375929358,train,keep,False
twitter_2061723850040398168,train,keep,False
reddit_t1_ms374oy,train,keep,False
reddit_1khn8d7_mr8pq7g,train,keep,False
twitter_2060578761922207858,train,keep,True
reddit_t1_mqznhiq,train,keep,False
bluesky_d589501f5a084341b8c1d85683ade94055ca040d557337fbdabd0296a724e8d6,train,keep,False
reddit_t1_mv3buvo,train,keep,False
twitter_2061563285221019714,train,keep,False
reddit_1tw3aly_oplzv9z,train,keep,False
reddit_t1_mzd1pwv,train,keep,True
twitter_2059512009230786717,train,keep,False
reddit_t1_mu0yh12,train,keep,True
twitter_2059446574892073169,train,keep,False
twitter_2061173178307600827,train,keep,False
reddit_t1_mt5940l,train,keep,False
bluesky_77207fa0e7f694981a644b51182d735a5781981d84b177d2eb7501c1c14ab28c,train,keep,False
reddit_1tsx0f1_ooy8fve,train,keep,True
reddit_1lgdkn9_myxcbvk,train,keep,False
reddit_t1_mxg6ur0,train,keep,False
reddit_t1_mpy4s30,train,keep,True
bluesky_4ef46b996b0ba2724ee4fc6f0b25276e60bf72e98fc9144ff8928a48e0a4c4ea,train,keep,False
twitter_2061471986811826307,train,keep,False
reddit_t1_msufgk7,train,keep,False
reddit_t1_mr8qkp6,train,keep,True
reddit_t1_mr51bem,train,keep,True
twitter_2061557423676989908,train,keep,False
reddit_1tj4vka_omzfgjb,train,keep,False
bluesky_f2ebf0b1b01d10a8d95967882b8384b70667f8a103aa90b6c024472a8c72beca,train,keep,True
twitter_2061805259127984364,train,keep,False
bluesky_64eb3045a227033ff44a83cf0dd7bf6b8eda713be25deb4dc9ec0797103db153,train,keep,False
reddit_t1_mwydfpz,train,keep,False
reddit_t1_muc27hz,train,keep,True
bluesky_f7d3a598708dea13963464cd38159f8c93e4adbe190ee8366c702e562d364eb5,train,keep,False
reddit_1kgh0vd_mr0i4m7,train,keep,False
reddit_t1_mx8rf5z,train,keep,False
bluesky_c6587652c326f61977b08b2b07b0b634242400bc646bc16783e7d8f340d472af,train,keep,False
bluesky_f655e83226638c244e6ec6cba75398debde73986b526c19a3373b85546120bd0,train,keep,False
reddit_t1_mpxyqtk,train,keep,False
reddit_1thqwmy_ompcrhv,train,keep,True
twitter_2061506095630127515,train,keep,False
bluesky_ebb422d56f15f4700eb542c27d6cd2ea708d7009454b830e881a6905d2f79953,train,keep,False
reddit_t1_mrtvjrj,train,keep,False
twitter_2061187028365008932,train,keep,True
reddit_t1_ms7xspa,train,keep,True
reddit_1t3hfnf_ojwb0xv,train,keep,False
reddit_t1_mqxerk8,train,keep,True
bluesky_8d370c093f41b899e23866fba62b2aeeb6780c8450da14c9b39620a997c5daad,train,keep,True
reddit_t1_mvme26e,train,keep,True
reddit_t1_mqsbb6g,train,keep,True
reddit_t1_mtaymzw,train,keep,False
bluesky_6f29c4d04c649cef6349412c34a725b1f3577d151144877a0f61f885d07689b7,train,keep,False
reddit_t1_mus1cfc,train,keep,False
twitter_2061608027871138044,train,keep,False
reddit_1tzs7nk_oqe8446,train,keep,False
twitter_2061721440584380803,train,keep,False
reddit_t1_mx2ryxg,train,keep,False
bluesky_5b09ce2745b3f113ba09290a6fcdd2ab04b901bb5468c484e4526582af2523c6,train,keep,False
reddit_1t9j11f_ol2epre,train,keep,True
bluesky_b5ea7551909d04c4d2142c6d7d68bb0cf815baba55a6c227172d36f0a73bfbbb,train,keep,True
twitter_2061816817643872271,train,keep,True
reddit_t1_mtkncwj,train,keep,False
reddit_t1_mwliqe6,train,keep,False
reddit_t1_myxrl64,train,keep,True
twitter_2060888409556832467,train,keep,False
reddit_t1_muvlqhk,train,keep,True
reddit_t1_mrfmhkd,train,keep,False
reddit_1kmdt1g_ms9l681,train,keep,False
bluesky_f3d775d44947cb840a89ddab99e13e578a70b8ab5a8f6210224b06954dc41edf,train,keep,True
reddit_1tzjirf_oqzkz1c,train,keep,True
reddit_t1_mqagew8,train,keep,False
reddit_t1_mw8byea,train,keep,False
reddit_t1_mz354av,train,keep,True
reddit_1tw6zcr_opo2i0o,train,keep,False
reddit_1u0gjyt_oqi3roe,train,keep,True
reddit_t1_mvkap3z,train,keep,False
reddit_t1_mu7d3i3,train,keep,True
twitter_2061616297029366234,train,keep,False
twitter_2060390711254454312,train,keep,True
reddit_1ttadso_op1ce7m,train,keep,False
twitter_2061782490277347832,train,keep,False
twitter_2061764569844834499,train,keep,True
reddit_1kfeyz1_mqrihlf,train,keep,False
twitter_2061804409886048349,train,keep,True
reddit_1tuwb8f_opdzrmf,train,keep,True
reddit_t1_myukyua,train,keep,False
reddit_t1_muiynyu,train,keep,False
bluesky_86c4be2428c7cc650850dcaaa6c9b51d0d3ab3f2042de928d58fe2804ee5ad52,train,keep,False
bluesky_fec21c50c5d43a9fa639c803fa0c3358341c6a3ac843538f2d1429feaa2f8c3c,train,keep,False
reddit_t1_n06nzs4,train,keep,False
reddit_t1_n07u6r6,train,keep,False
reddit_t1_mu9qnzc,train,keep,False
reddit_1tv4g76_opfu68f,train,keep,False
reddit_t1_mq2tvxt,train,keep,False
reddit_t1_mpxwbz1,train,keep,True
bluesky_50c05bc803ad762dba7bf8a146f2275b43fd587df5bbc40eb66e6a0b0bfa067c,train,keep,True
reddit_t1_mtqwju8,train,keep,True
reddit_t1_mzl4r3u,train,keep,True
twitter_2061830590203076760,train,keep,False
reddit_t1_mvtle08,train,keep,False
twitter_2061478021345726748,train,keep,True
bluesky_264dcb6a1c383d85f3cb3c97ac849c26b1209c774576d9038c237cfc31dcc35e,train,keep,False
reddit_1kblib4_mq148dh,train,keep,False
reddit_1u21326_oqwiqnj,train,keep,False
bluesky_5826847ae0efd8d786f35d4705cfbf3e37daa45b70b64ba3c9ec57ae78fbe20b,train,keep,False
bluesky_91d6b1abf2f0b8fd6f1b5f9c564a72beb1914a96c8963ec4735e1cb7a2d33358,train,keep,False
reddit_t1_myro1m2,train,keep,False
reddit_t1_mwk9lb6,train,keep,False
reddit_t1_mz8jwe0,train,keep,False
reddit_1t7d5jc_oko7imm,train,keep,True
reddit_1u31653_or1pzcm,train,keep,True
twitter_2096845729834934427,train,keep,True
bluesky_54b028861e36992102fe0d7f4517ab76680941e269c6bc8a3b3f306f03cb94e6,train,keep,False
twitter_2061664918357897719,train,keep,True
twitter_2061157605821542635,train,keep,False
bluesky_1017943b8e0d21d7d898f3889d243b67c7463670d6d7b4c102e5636d04cb9069,train,keep,False
reddit_t1_mqv6c7i,train,keep,True
reddit_t1_mssuxxe,train,keep,False
reddit_t1_mrozmks,train,keep,True
reddit_1tvp4r1_opl7pzl,train,keep,False
reddit_t1_mrhb2ex,train,keep,False
twitter_2061287090168438890,train,keep,False
bluesky_6ed5110f678aa4316ddac3c9232e54a75698528ff2c47c7e7da7bd5e096c3459,train,keep,True
reddit_t1_mx8qgxq,train,keep,False
twitter_2061794267694039371,train,keep,False
reddit_t1_mwvjirf,train,keep,False
reddit_t1_mtpsgnr,train,keep,True
reddit_t1_mt5vh7x,train,keep,True
reddit_1lefqqw_myg1eut,train,keep,False
reddit_t1_muvrpi1,train,keep,False
bluesky_3f68fdd57a8fcd43e6a8116d2e4236aeb482d2cedceff7f0123e145cc795bfba,train,keep,False
twitter_2061703577085808786,train,keep,False
reddit_1kgqsc9_mr2bfeo,train,keep,False
reddit_t1_mt0ktop,train,keep,False
twitter_2061806611941765195,train,keep,False
reddit_t1_my3wm2l,train,keep,True
bluesky_f02c6dbba972e61502eceaf2de7d915443c0d59cd8de05a9f8299c54a4c5f2f1,train,keep,False
bluesky_9daf6547cb4befb7dbb5d16c8224442bb3d7e6cec4fce8f610644ffa07c9a889,train,keep,False
twitter_2061654043273904508,train,keep,True
reddit_t1_n0kto17,train,keep,True
reddit_t1_mzp4tkh,train,keep,True
reddit_t1_mum16kx,train,keep,False
reddit_1ttcu5f_op28m4u,train,keep,False
reddit_t1_mz5iy43,train,keep,False
reddit_1tztcf9_oqfcr5t,train,keep,True
twitter_2060471189177323889,train,keep,True
reddit_t1_mwnwh2a,train,keep,False
reddit_t1_mt26vhn,train,keep,False
reddit_t1_mw4g8lo,train,keep,False
reddit_1u0qe3k_oqmhrye,train,keep,False
reddit_1t6g0j7_okhfviq,train,keep,True
reddit_t1_msco667,train,keep,False
twitter_2061826828830986588,train,keep,True
reddit_1tu503k_op7dwwg,train,keep,False
reddit_1tt99ox_op1ki5u,train,keep,False
bluesky_c9aa923dd29dde8bb29459e4418ae12984964e8119277ae3ec27880e37b19ad9,train,keep,False
bluesky_51e37a1691726b7c20561e514aec79e2003958f01032579336870700b360cf3c,train,keep,True
reddit_t1_mwqhmur,train,keep,False
twitter_2059794363232727256,train,keep,False
twitter_2060750488778522952,train,keep,False
reddit_t1_mvc6b7v,train,keep,False
bluesky_683ddea2b95109ee84f3f7d8be39821e409053fc7915181cc25678b547381375,train,keep,False
reddit_1t68wht_okgyps2,train,keep,True
reddit_1tt0mlj_op1zgxc,train,keep,False
reddit_1lg1s1y_mysxwru,train,keep,False
reddit_t1_mt5k7rc,train,keep,True
reddit_t1_mse3w5o,train,keep,False
reddit_1kpmzrc_mt4rho5,train,keep,False
reddit_t1_mzv7bec,train,keep,False
twitter_2061304064684498955,train,keep,True
reddit_t1_mricv6v,train,keep,False
bluesky_66fb4d9e71789a71208d23e6b35bbe2280f0b19df2f7e85ec8d180c3c6cf87a8,train,keep,True
reddit_1tnf5qd_onvv20i,train,keep,False
reddit_1tnf5qd_onvk5m9,train,keep,False
reddit_1tqhy93_oogw90g,train,keep,False
bluesky_4a86ced427af5c35cb820c03ff95d1b1a367e33ab708717381a64600c21dba4b,train,keep,False
reddit_1tuebh8_opbx2tj,train,keep,False
reddit_t1_mu19ldl,train,keep,False
twitter_2061103279451365545,train,keep,True
reddit_t1_mqlips4,train,keep,False
reddit_t1_mvinhgi,train,keep,True
reddit_1u08bq4_oqiee1j,train,keep,False
reddit_t1_mymtg1g,train,keep,False
reddit_t1_mu0t54c,train,keep,False
reddit_1t7hgak_okwn1n5,train,keep,False
reddit_1tzmjlz_oqca42o,train,keep,False
twitter_2060026156246602113,train,keep,True
reddit_t1_mvkv512,train,keep,False
reddit_1u0oc51_oqkdyjn,train,keep,False
reddit_t1_ms48w2q,train,keep,False
reddit_t1_mzqpy8q,train,keep,True
reddit_1tuwb8f_oq71vy3,train,keep,False
twitter_2061812568260296913,train,keep,False
twitter_2060351499243315342,train,keep,False
reddit_t1_ms6q02r,train,keep,False
twitter_2061791165561586087,train,keep,False
reddit_t1_mu29is4,train,keep,False
reddit_t1_msc7hzs,train,keep,False
reddit_t1_mwu0bs2,train,keep,True
reddit_t1_myi4u61,train,keep,False
twitter_2061812359954358565,train,keep,True
reddit_t1_mt88r9v,train,keep,False
reddit_t1_my1y2q8,train,keep,False
reddit_t1_mscq7h0,train,keep,True
reddit_t1_mwoi714,train,keep,False
twitter_2059296457694298555,train,keep,True
twitter_2061778806294106266,train,keep,False
reddit_t1_mz4v6fn,train,keep,False
reddit_t1_mw77wt9,train,keep,False
bluesky_13cdc5b9d59f9f886848b045f49407270509a109e1550f71aee9e312a84594ed,train,keep,True
reddit_t1_my3b3l6,train,keep,False
twitter_2061481354320019900,train,keep,False
reddit_t1_myflxuu,train,keep,False
reddit_t1_my342nw,train,keep,False
twitter_2096414977598869865,train,keep,False
twitter_2061612792185274469,train,keep,True
reddit_1kvhzkx_mu9y0tt,train,keep,False
reddit_1kxhi98_mupwkno,train,keep,False
twitter_2059359537673744708,train,keep,True
reddit_t1_msmc8ia,train,keep,True
reddit_t1_mw96jey,train,keep,False
bluesky_9eb4c5368a1f10f42fc306ead681173172f6972cfb8adcd33bdbfa14d7ad45c4,train,keep,True
twitter_2061720277906538778,train,keep,False
twitter_2061763898601013698,train,keep,True
twitter_2096665392613622199,train,keep,False
bluesky_97b096bddbe4fb5f2ccee6d8ba74ae6cbf7a2b24ada39437e0342628fa979c23,train,keep,False
twitter_2097093243561267296,train,keep,True
bluesky_47729da25b220fe209e80581e8d627c5ec0c8671ecf2ba15df39472265cbea58,train,keep,False
twitter_2061827567662022997,train,keep,True
twitter_2060801190426972559,train,keep,False
reddit_1tucjhu_op9bbfn,train,keep,True
reddit_1kh7zbd_mr4yr0g,train,keep,False
twitter_2061589379471266213,train,keep,False
reddit_1t4l69v_ok91x2x,train,keep,True
reddit_t1_ms8uj74,train,keep,False
reddit_1u08bq4_oqiplhe,train,keep,True
reddit_t1_msdfwjd,train,keep,False
reddit_1u0oc51_oql9wo4,train,keep,False
twitter_2061810286642737364,train,keep,False
twitter_2061511976220598360,train,keep,False
reddit_t1_mrs9zep,train,keep,True
reddit_1twr00b_opqv3zs,train,keep,False
reddit_1kjjpp3_mrn9t0b,train,keep,False
bluesky_2f9d557221fd0fb221f6d870c8c9143de4e1235d57b4ced44df91ebc722cf76d,train,keep,False
reddit_1t7d5jc_oksx3ev,train,keep,False
reddit_t1_mz346j0,train,keep,False
twitter_2060481412898148389,train,keep,False
twitter_2061622036321960094,train,keep,True
reddit_1ttadso_op1jy3t,train,keep,False
reddit_1tnf5qd_onvyes2,train,keep,False
bluesky_3e63f5eb3edb22cd8e08f8a64abc1cab8d03ffeed4551853c548810ded633db8,train,keep,True
twitter_2061442588457021813,train,keep,True
bluesky_8f5c5c358bfb8622e38bb9c3122a8b39f000c956ce86560054181b4a6e598fd6,train,keep,False
twitter_2061796922227113987,train,keep,True
reddit_t1_mrj2veo,train,keep,False
reddit_t1_n0313sk,train,keep,False
bluesky_2868c7410dfcaccebf1f8c877774fc1b75fbd83b73d0aaaf590d236ca8990f99,train,keep,False
bluesky_55d798ec1d27f93981a5c12f184b6542a295111539915fb2d35e7565faf76e42,train,keep,False
bluesky_225b1486994b08db03c7ff60f72316f47026cef5edfd71b22cfddcb1ad520616,train,keep,False
bluesky_d1cd20c3a3455a2b26abc3ab2824fdeef6afb83763772a34038a573a27a3fa45,train,keep,False
twitter_2061538966378340536,train,keep,False
twitter_2061160788186825056,train,keep,False
twitter_2061824942480531620,train,keep,True
twitter_2061088486397301203,train,keep,True
twitter_2060476578212057517,train,keep,False
twitter_2061804134316065026,train,keep,False
twitter_2061827764114665831,train,keep,False
reddit_1tpm3eb_ooc2jlx,train,keep,True
reddit_t1_mx7ne0b,train,keep,False
twitter_2061786128059883578,train,keep,True
reddit_t1_mq4k8mr,train,keep,False
bluesky_bd249c0417a31399aa53ae2c269679fb55fb7d0f195483d0923a5eda9570a4ea,train,keep,True
twitter_2060280045206221137,train,keep,False
bluesky_8c4774b1aeeddf007ca2da20d0fb40c49d7c0964b3aa014559f1d346aad267d4,train,keep,False
bluesky_afda05022fb8fdaf7509a61114c5ec235a8353fd2fc531773e6938db12833a06,train,keep,False
reddit_1tx0770_oqecl2d,train,keep,True
reddit_t1_mrh4wne,train,keep,False
bluesky_26e57b2290664d1f55b49428a9f6597e62a405e71db82186330d8431c04a55b4,train,keep,False
reddit_1tq9eou_oofq0kc,train,keep,True
reddit_1u2ek28_oqx9rpk,train,keep,True
bluesky_f1e734a0f386265e343d11adeeff0cdf1db6eac714a6eb2d74c56310784d8318,train,keep,True
reddit_t1_myut5zd,train,keep,False
twitter_2060450805560553743,train,keep,False
bluesky_53af27df0541cafb3860aeedb1ad55e018f127a9f305a85fb5e881461b313de8,train,keep,True
reddit_t1_n06diip,train,keep,False
twitter_2059384203444392213,train,keep,True
reddit_t1_mqdgk7r,train,keep,False
reddit_t1_mqmz36p,train,keep,True
reddit_1u2ipxp_oqyljt4,train,keep,True
reddit_t1_mq0g52b,train,keep,True
reddit_t1_mr4zuit,train,keep,True
twitter_2061726752091590993,train,keep,False
reddit_t1_mu9j2b5,train,keep,False
reddit_t1_mq012gg,train,keep,False
reddit_1two3nw_opqhxzu,train,keep,False
bluesky_7297ddf4e645da6b3f0011cc67e85804df1451387f0c6de1bcc53d2a00f155c5,train,keep,False
reddit_t1_myodsil,train,keep,False
reddit_1leu8hm_mykq15c,train,keep,False
reddit_1tta0q0_op11bt2,train,keep,True
reddit_1tt3m71_op0eww4,train,keep,False
reddit_t1_ms0efzu,train,keep,False
reddit_1ttx203_op9mr5y,train,keep,False
bluesky_338eea823afebc1f2756d9b0f99d47cfb8716d91529e8a2ab74523023af5528d,train,keep,False
reddit_t1_mwxbb1z,train,keep,False
reddit_t1_mv4ek7j,train,keep,False
reddit_1u29zb9_oqw9qey,train,keep,True
twitter_2061483850782609452,train,keep,False
bluesky_3495d97712f74c0f75e3380bdb6183ff5a2681e308eee830ea1fc1af8309fa31,train,keep,True
reddit_1tsyeyo_ooz7t13,train,keep,False
reddit_t1_mw2ryj9,train,keep,False
reddit_t1_mqrjbdr,train,keep,False
twitter_2060457580401455193,train,keep,True
bluesky_01e0c9f553f1882368aade6eb29c6beb1e91c0ad5cf410393ffd78b9ebd50327,train,keep,True
reddit_t1_n06ln18,train,keep,False
twitter_2060138385306689823,train,keep,True
twitter_2060406217378259167,train,keep,True
reddit_1tswg2c_op1kwyz,train,keep,False
reddit_t1_mx79ojl,train,keep,False
reddit_1tvmfag_opi5i2c,train,keep,True
reddit_t1_mxxh5rz,train,keep,True
reddit_t1_mt4eb83,train,keep,False
reddit_t1_mtlo2lm,train,keep,False
bluesky_857757e3957f83b690c8db27b9885ad5f173637521563810f14ebc08060a28c0,train,keep,True
reddit_t1_n0lm1md,train,keep,False
reddit_1l4ab8s_mw7dvk4,train,keep,True
reddit_1tobgfe_oo01ggd,train,keep,False
bluesky_7f06ddf735e27ab5e6c8c58320decbc9bce79f476af37abb077fbc0e8e2b7b3a,train,keep,False
reddit_1tfvn1i_omchsm5,train,keep,False
twitter_2061826217808953561,train,keep,False
twitter_2061751996466503859,train,keep,True
reddit_t1_mxe162u,train,keep,False
reddit_t1_mz8g3oa,train,keep,True
reddit_t1_n0l2nsc,train,keep,False
twitter_2061821101546627564,train,keep,False
reddit_t1_mqz2hs7,train,keep,False
reddit_t1_n03x57f,train,keep,True
reddit_t1_mt355ho,train,keep,True
reddit_t1_mrjzwip,train,keep,False
reddit_t1_n03qeii,train,keep,True
reddit_1krczb8_mtdubtd,train,keep,False
reddit_t1_mstjc1u,train,keep,False
twitter_2060984936295800934,train,keep,False
bluesky_f1e55ad91fac2746d1244e888e2cebd2d2c3bf2433d3584af0f5b6d05cfed500,train,keep,True
reddit_t1_msi720y,train,keep,False
reddit_1txsm52_oq0hj7m,train,keep,True
bluesky_6c45a356d2a36cfa0c9b75a3df7ebcc95c847e66470e38fc6eef54fce1b92f5a,train,keep,False
twitter_2061790209839177817,train,keep,False
bluesky_df64d2eb6c7d621ed6c17e5073b8043781a6fb4552c53e99597c2dc545fb9846,train,keep,False
reddit_t1_mzop2gy,train,keep,True
reddit_t1_mtao9dk,train,keep,False
twitter_2060575924484243964,train,keep,True
bluesky_912043623ff28c4d2bf3332fcb80b079c2d8983ffd123eb462512a0edab8c367,train,keep,False
twitter_2060758183694446694,train,keep,False
reddit_t1_mtvxtes,train,keep,True
reddit_t1_mtjih1s,train,keep,False
reddit_t1_mq7r4ba,train,keep,True
reddit_1tuue1j_opf9t9s,train,keep,False
reddit_t1_myzbmfs,train,keep,False
reddit_t1_mx3lsp9,train,keep,True
reddit_t1_mscwgrv,train,keep,False
bluesky_b9bfc1d02ac2dc212880876cf7dd2ac14cc635bca60f3863359f44471f4ed694,train,keep,False
reddit_t1_n03an1h,train,keep,False
bluesky_cec3014922ddf2e8339cfd646e35877be8182ff427acc359aeb953f70ccd27e7,train,keep,True
reddit_t1_mrygcsn,train,keep,False
reddit_1tt6meg_op185e4,train,keep,False
reddit_t1_mu9mvui,train,keep,False
reddit_1la5fmz_mxi08po,train,keep,False
bluesky_00dbd30404b30febf1168c1addf91751c381c375a453b679af3f9e733e2adb58,train,keep,False
twitter_2061001581940650349,train,keep,True
reddit_1kg5qlk_mqxenb4,train,keep,False
reddit_t1_mt6aj8f,train,keep,True
reddit_1t9dxnw_ol1outb,train,keep,False
bluesky_ab8046574910f0dadacf3ef3430f205edb608a11c6c555f7a0df779b69066958,train,keep,False
reddit_t1_mued0tm,train,keep,False
reddit_1kduyqe_mqefpvx,train,keep,False
bluesky_c2b33c8b2f9356dca617d8f451628bf4a6e5ec65114836cf8565b116083f26fa,train,keep,False
reddit_t1_mz8qy8y,train,keep,False
reddit_t1_mzep21b,train,keep,False
reddit_t1_n0129ye,train,keep,False
reddit_t1_mryx58b,train,keep,True
reddit_t1_mrgox29,train,keep,True
reddit_1tm8832_onn95jl,train,keep,True
reddit_t1_msai1rd,train,keep,True
reddit_t1_mzo1gu0,train,keep,False
twitter_2061824992929591420,train,keep,False
twitter_2060736713530761553,train,keep,True
bluesky_32fe7cfe9b50c5cc8330ad7b012e580cdb962094ae259f202714b6d38c769a29,train,keep,False
bluesky_88f99e0c3d2ca4d71bc3749a0929f738087c36d9189f3ecb60e90b981b8e8f0e,train,keep,True
bluesky_d9361efd06ff4ad48e719e80e8c7f1c59c382f82716ab9172edb4b92d62b703f,train,keep,True
reddit_1tgwl5y_onat4k8,train,keep,False
reddit_t1_mut9ofq,train,keep,True
bluesky_d7e5acabbb3bb5db5af368824365824be99cead6aa5353b26b24cc3022646492,train,keep,False
reddit_1ke0sk6_mr0i1v5,train,keep,False
bluesky_a2bede2a84e9167ebbb88b3c5631ccaddfad6179d354bd2208f715dd62dc7482,train,keep,False
reddit_t1_mznvbmn,train,keep,True
reddit_t1_mqptu91,train,keep,False
reddit_t1_mx82wwq,train,keep,True
reddit_t1_mx509nn,train,keep,False
bluesky_485d388f9e73f299453d61263062f3739da73f8cfb0215e9171f952967467c6f,train,keep,False
twitter_2095882895403471358,train,keep,False
twitter_2059072190193307746,train,keep,False
reddit_t1_mwq6dci,train,keep,True
reddit_1t5ekhn_ok9ho6r,train,keep,False
reddit_1tkvbmy_onddfue,train,keep,False
bluesky_1d996deef5619557c0907c9e25298c97fe06fce2ee34d8b8ebeffe79c467260e,train,keep,False
reddit_1tv4g76_opehkge,train,keep,False
reddit_1ldcmx4_myb5e6t,train,keep,False
reddit_t1_murgx8j,train,keep,False
reddit_t1_mv1u1oq,train,keep,False
bluesky_beaec3b7b5b8850f36cba92662e60b375a6cb318f41458d0f4e95da901b855fe,train,keep,False
reddit_t1_my1toq5,train,keep,True
bluesky_100ed8fd39ff38c98e0ae1c4cf9ae254e351839836293a65ccdcc9a7d248aac0,train,keep,False
reddit_t1_mxtffly,train,keep,False
reddit_1t1x818_ojlj4k1,train,keep,False
twitter_2060724541497000198,train,keep,True
bluesky_a56670ed9c254a4aae8847057e89d0d481ba4b931b38ffc543a3a947fbc7ebc8,train,keep,False
twitter_2060027271235182959,train,keep,False
reddit_t1_mtakumx,train,keep,False
reddit_t1_mujblwg,train,keep,False
bluesky_99dd22c92ad120b7327e5bd61f11d33edc7a688f2dad47c1cc1427657c519106,train,keep,False
reddit_t1_msy3uc7,train,keep,False
bluesky_e30d63bc166398e685a9d0dca61c8565b67c399ff1b7a5bb7ea9d83bd79724ab,train,keep,False
reddit_t1_mskrdxh,train,keep,True
reddit_t1_mq4buj4,train,keep,False
reddit_1kc5vjr_mq0onuk,train,keep,False
twitter_2061645295759319187,train,keep,False
reddit_t1_mtd1oo5,train,keep,False
reddit_1tnjwbi_ony7ksg,train,keep,False
bluesky_54d85d53c1f44acf107b8eca5c3d5cc90b3315450720f31cbf997d6542540f5d,train,keep,False
reddit_t1_mv294l3,train,keep,False
reddit_t1_mq0jjza,train,keep,True
bluesky_960f9eeaf95ae8d1d088bd9b7ff4c263d56324ec46851afa49e32bcc46e8cd15,train,keep,True
reddit_t1_ms75t4e,train,keep,True
reddit_1tzcqta_oqau6q2,train,keep,False
reddit_1ttbse9_op447am,train,keep,True
reddit_t1_mtowcua,train,keep,True
reddit_1tsx0f1_ooz0p78,train,keep,False
twitter_2061828409911861301,train,keep,True
bluesky_3d8c80515b4d48c643928f637b0a08ac4e57dd13d9c93c4b2e10d0639efb5a97,train,keep,False
bluesky_fca4e159fa6e244d675e57a0b914050c1f4196a93c4eb7cdcfe55df3d091ff71,train,keep,False
reddit_1krbubh_mtdpao3,train,keep,False
reddit_t1_myoxq6l,train,keep,True
twitter_2061806697362993281,train,keep,True
reddit_1l7i94s_mwxzjsj,train,keep,False
twitter_2061491664275780019,train,keep,False
reddit_1tiwm9n_omy5yei,train,keep,False
reddit_1tvr63e_opki9ge,train,keep,False
reddit_1txopv4_opyz632,train,keep,False
reddit_1tsx0f1_ooy8z8m,train,keep,True
reddit_t1_mq1ger5,train,keep,True
bluesky_85528a3b6842d49078dba0781d5f1ae63f8b4c8dbdf7e4e782a03ff14dcc8492,train,keep,False
bluesky_356fd4b753decfd46c245bcc3f91114ee0b9890b49788d0356fa7b0b4f6cc228,train,keep,False
reddit_t1_mqqe0dk,train,keep,False
twitter_2059815385524826412,train,keep,False
reddit_t1_mz3eue1,train,keep,True
twitter_2060076873887986112,train,keep,False
twitter_2059920251228164201,train,keep,True
reddit_t1_myg77vv,train,keep,False
reddit_t1_mwyr0ub,train,keep,False
bluesky_0beee8fb200891764c3b5e05364fa2e877d14ce6e6f2ee109bbed0d3625d2915,train,keep,True
twitter_2060020580078719483,train,keep,True
reddit_1lhexla_mz58jgy,train,keep,False
reddit_1tzfhxv_oqckr8n,train,keep,True
reddit_t1_mzpujev,train,keep,False
reddit_t1_mqttj6q,train,keep,False
bluesky_49e5e332a30b38c806baf4144909161107210f123bd8ba72d85143fdf00fc8c9,train,keep,False
reddit_t1_mq0yb1c,train,keep,False
bluesky_d3c4be3c94d79f75db69127e8aee4bf608750bb3635b71689035a6c7c233cb26,train,keep,False
bluesky_f59bc508b232015b6239cb9e21d8188c63a3fc8eb45c298cee57d733ebd19799,train,keep,False
twitter_2060757903754117210,train,keep,False
reddit_1tyojpm_oqa0qxm,train,keep,True
twitter_2061398279808499802,train,keep,True
reddit_t1_mv9paih,train,keep,False
reddit_1t3n2ml_ojw9vzz,train,keep,False
bluesky_e9c7ad74abe196e3ce8c2c62986383b4e3a6d1af641ff8a9f696cf2ab14a01dd,train,keep,False
reddit_t1_mqb5zdp,train,keep,False
reddit_t1_mzjeu19,train,keep,True
twitter_2060198501665910990,train,keep,False
reddit_t1_mx1xftz,train,keep,False
reddit_t1_mqj6q04,train,keep,False
reddit_1lhaiqa_mz56qxl,train,keep,False
reddit_1tzfhxv_oqcx6v0,train,keep,False
reddit_t1_myk9ydc,train,keep,True
bluesky_f70a078beac71e4352a4f9b3d0ae82afed0db21c8900a8c571f484edbfa8d7b8,train,keep,False
reddit_t1_n0ia4n7,train,keep,True
reddit_t1_mwnvp60,train,keep,True
bluesky_b709c00e4baa423050a3079f5513cbb37f80b5720a3e82b5d5dcf4c81fc21591,train,keep,False
reddit_t1_mu5t49w,train,keep,False
reddit_1t3verj_ojybb4x,train,keep,False
twitter_2061760504650235937,train,keep,False
reddit_t1_mxxf3nk,train,keep,True
bluesky_5a9f4b3e199acc35539ddae6912123ab05b423cb2accf44411821e05e6dd7d3e,train,keep,False
reddit_1tvll8k_ophzg67,train,keep,False
reddit_1l34a0n_mvykhcp,train,keep,False
reddit_t1_mqqzz19,train,keep,False
reddit_t1_mytmigr,train,keep,True
twitter_2061487002969645217,train,keep,False
reddit_t1_mrlzx30,train,keep,False
reddit_t1_mushxsu,train,keep,False
bluesky_4466feac385d402cbe4010212967f7a958c351c66c516288b21d2ec44f3eba0e,train,keep,False
twitter_2061761570565214564,train,keep,False
reddit_t1_mx0g1pr,train,keep,True
reddit_t1_mq1c8tu,train,keep,False
reddit_t1_mynl24a,train,keep,False
reddit_1tjuw8j_on63m2o,train,keep,False
reddit_t1_mxo4d4x,train,keep,True
reddit_1kdjdbr_mqbg7ah,train,keep,False
bluesky_74e0e9ce5f8dc0b446803bf7bdfdc0420cf095f28e276f1d20bbf7562d1407cc,train,keep,False
reddit_t1_mw7cu0l,train,keep,True
reddit_1tsj7e8_oovqrcf,train,keep,False
reddit_t1_mx4xmd7,train,keep,False
reddit_1lk3j2f_mzopvf1,train,keep,False
reddit_1ksyz7k_mtsdilq,train,keep,True
reddit_t1_mtgpy7x,train,keep,False
reddit_t1_mrurmh9,train,keep,False
bluesky_f50d90f6c87771691395ab838a482688f65851cb5c19d122dc77edf06f7295b0,train,keep,False
bluesky_470fc20512aabde62a9ebf23cd8d4026215820c98e80cabca3dc137c7212b687,train,keep,False
reddit_t1_mpxsrus,train,keep,False
reddit_1laawce_mxkqsp8,train,keep,False
reddit_t1_mr2w94m,train,keep,True
reddit_t1_myxezla,train,keep,False
bluesky_1b76f9d35281767459b2fa1d15b10f65da7a3d6887878cf351030acad736c759,train,keep,False
reddit_t1_mwblezh,train,keep,False
reddit_t1_muc0gi7,train,keep,True
reddit_1u05n1d_oqier1b,train,keep,True
reddit_t1_mvyjnjp,train,keep,False
reddit_1t7d5jc_oo1p6gy,train,keep,False
reddit_t1_mzrk4x0,train,keep,False
reddit_t1_n0i68k3,train,keep,False
twitter_2060977046382379067,train,keep,True
bluesky_c60b3c4a0f9f0668369fb2f262b1d65e60df1ead740a211889b9b1021881cc81,train,keep,False
bluesky_746f70678a24cbb408f70ae72ba77ab3928f17c30e74520f4ff659cdaea77d7b,train,keep,True
bluesky_a3f22595600c1842f36c6317269f0405cc21f888283bd34d561997b4ddae843f,train,keep,False
twitter_2060074381074694352,train,keep,True
reddit_1u2eldl_or2wf09,train,keep,False
reddit_1tqyx7p_oomq954,train,keep,True
reddit_t1_mz2lgf4,train,keep,False
reddit_t1_mus8i80,train,keep,True
reddit_t1_mvhupae,train,keep,False
reddit_t1_mpz3yv7,train,keep,True
twitter_2059711364042555543,train,keep,True
reddit_1tu5tml_op7zj4t,train,keep,False
reddit_t1_mrf29jm,train,keep,False
reddit_t1_mwx2rpw,train,keep,False
bluesky_978f0630ca534a9dfcaa41d2479f22c3c8af9eda11877308d58322a06dd833f9,train,keep,False
twitter_2096675187085254690,train,keep,True
reddit_t1_mzlr54k,train,keep,False
reddit_1lg3hjt_myte46c,train,keep,False
bluesky_ef6ffa817570c3ecfadd32b7f94a9fb658bee25799fc638e28e5e67b747f1b8f,train,keep,False
reddit_t1_mrguv29,train,keep,False
twitter_2061579013500600524,train,keep,False
reddit_t1_mrljcy0,train,keep,False
reddit_t1_msu26xa,train,keep,False
bluesky_e9b0171b6dc33182cf410cfefd6b241cdb2eb6c8fbecce436119bb880d2536de,train,keep,False
twitter_2061126836860715477,train,keep,True
bluesky_e52cefbf2585444b4cff67533076a398df6ea41ecbd1f93d9fcf9e655231e1d3,train,keep,False
reddit_t1_mtj6y6r,train,keep,False
reddit_1tu5tml_op7jx00,train,keep,False
twitter_2061827686733877659,train,keep,True
twitter_2061389845306479037,train,keep,False
bluesky_e2639622dc37f4a65dc2c18c1580b426133b30975c68bfee6494594903f1ba1c,train,keep,False
twitter_2061556988731900290,train,keep,False
twitter_2059672426011672738,train,keep,True
reddit_t1_msxmn7i,train,keep,True
reddit_t1_mx07yye,train,keep,False
reddit_1tkvbmy_ondfrl9,train,keep,True
reddit_1tsiloa_op978ez,train,keep,False
twitter_2061522371891393004,train,keep,False
reddit_t1_n06fz9f,train,keep,True
reddit_t1_mr48gu2,train,keep,False
reddit_1tx0770_opsaim3,train,keep,True
reddit_t1_mvs8qb9,train,keep,False
reddit_t1_mx8eqqo,train,keep,False
reddit_t1_mr20fk6,train,keep,False
reddit_1ksnzb8_mtnhi49,train,keep,False
reddit_1tklc7j_onc3fb1,train,keep,False
reddit_t1_my9bwa0,train,keep,False
reddit_t1_mzss15z,train,keep,True
reddit_t1_mqk7fed,train,keep,False
reddit_t1_ms81ht9,train,keep,False
reddit_t1_mwkyo2a,train,keep,False
reddit_t1_mu83bkh,train,keep,True
reddit_t1_mri71zi,train,keep,False
bluesky_1efdd6722d022974cff3260500bfc95cb34192b42cb3c48eda0cf5411103e9aa,train,keep,True
reddit_t1_mt4jjn1,train,keep,False
twitter_2061816888338825574,train,keep,True
reddit_1tws6al_opr0kf7,train,keep,False
reddit_1tbzoap_olnhwiz,train,keep,False
bluesky_cf9b44be10af9e69968b6169ba5c8c022a156958a90fbd7f4721f8c6f34886ab,train,keep,True
reddit_t1_mvsglpp,train,keep,True
reddit_1u28e60_oqwkxd5,train,keep,False
reddit_t1_mwn6ajo,train,keep,False
reddit_t1_mrjm2ma,train,keep,False
reddit_t1_msnjm7n,train,keep,False
twitter_2061383138245267470,train,keep,True
reddit_1u2almy_oqwefzh,train,keep,False
reddit_1tfyn7h_omf3eod,train,keep,True
bluesky_2a97c77131da524fa556a6f9520bf5a9679194193e4f6057d45a734a97b5039e,train,keep,False
reddit_1tx0jmc_opxpv6l,train,keep,True
twitter_2060709730717167859,train,keep,False
reddit_t1_mrmuxoh,train,keep,True
bluesky_bb46eeb55eb21544e08c238ab776a240f25b4c71152680d1ede4c4097585649f,train,keep,True
reddit_t1_mx8r3hl,train,keep,False
reddit_t1_mvduwdg,train,keep,False
reddit_t1_ms7h7f1,train,keep,False
reddit_t1_mt61dfe,train,keep,False
twitter_2061553552896483343,train,keep,False
reddit_t1_mu3q5fm,train,keep,False
reddit_t1_mw68ym4,train,keep,False
reddit_t1_mz6utnv,train,keep,True
reddit_1tycvfj_oqgqyhc,train,keep,False
reddit_1tqhy93_oohenv9,train,keep,False
reddit_t1_mugq4ts,train,keep,False
reddit_1klrtv5_ms5tngj,train,keep,False
reddit_t1_mxi7iqh,train,keep,False
reddit_t1_mx47fvt,train,keep,False
bluesky_263256497e4c1e4ae49004f004eb1b779d1422c6fc64ee83db7dc086912bd4bf,train,keep,False
reddit_1kclbrq_mqgbpxy,train,keep,False
twitter_2097092870133973216,train,keep,False
reddit_1rz67ht_obk2j88,train,keep,False
reddit_t1_mxkf5je,train,keep,False
reddit_t1_mq1prti,train,keep,False
twitter_2061314350929924446,train,keep,False
twitter_2097024850699120774,train,keep,False
reddit_t1_mse15a3,train,keep,False
reddit_t1_mww7mfv,train,keep,True
reddit_t1_mrao7cg,train,keep,False
twitter_2061421357628371228,train,keep,False
reddit_t1_mz5exkx,train,keep,False
reddit_1tbymrb_ollmjzr,train,keep,False
reddit_1u0gjyt_oqin086,train,keep,False
reddit_t1_mxcc6jg,train,keep,False
reddit_t1_mtitf43,train,keep,False
reddit_t1_mt5pl2g,train,keep,False
reddit_t1_mxiln8x,train,keep,False
reddit_1til7dr_omxx2tg,train,keep,True
bluesky_00a60cda611def7235d1ac6d87c60320703653e74fb39204a819ec86d6db680b,train,keep,True
reddit_t1_mrilxe0,train,keep,False
reddit_t1_mw9445d,train,keep,False
reddit_t1_mrqb8a3,train,keep,False
twitter_2096466411355074679,train,keep,False
bluesky_469224592ba723e911e83411a61df6b85dec6681277ed8a0a84fa2d92e056977,train,keep,False
bluesky_dac2b96ef246223ef35ab46a11e8113702f2b3d9e3c726bc77c21833ae21ff46,train,keep,True
reddit_1t6fu5g_okjlm6u,train,keep,True
bluesky_e144b5d3d89e2139fbd7dc2846659471eaf666f5951851012b283436db9fd4a8,train,keep,True
bluesky_97a47778c9ccf2eeacd8bbac9fa2a27eb8151011012937fd032ec10b68e76135,train,keep,False
twitter_2060094698455506989,train,keep,False
reddit_t1_mvgu5dt,train,keep,True
reddit_t1_mt2u668,train,keep,False
reddit_t1_n0536os,train,keep,False
reddit_1t54vlp_oka2zni,train,keep,False
bluesky_33c5dd897b5b694e01b7b6f8383f5e9f6661477c197af3ffd779992246c5d2f3,train,keep,False
reddit_1khn8d7_mrcnzwf,train,keep,False
reddit_1lcya8h_my434xo,train,keep,False
reddit_t1_mqxl7en,train,keep,False
reddit_t1_mzulbyk,train,keep,True
reddit_1tvaatt_opgjvhq,train,keep,False
reddit_t1_mveqlkx,train,keep,False
reddit_t1_mxnofcr,train,keep,True
twitter_2096188638967083491,train,keep,False
reddit_t1_mw0gf5j,train,keep,False
reddit_t1_mvyb6nc,train,keep,False
bluesky_a77e3a8777369ff6e2a999aa2706e05cee18ad836017d770a60f7d0461362b22,train,keep,False
reddit_1u0ljrd_oqjgebv,train,keep,False
reddit_1u18ir0_oqouihs,train,keep,False
twitter_2061576981276184946,train,keep,False
reddit_1tt99ox_op11npv,train,keep,False
reddit_t1_mxevcev,train,keep,False
reddit_t1_mw02zwt,train,keep,False
reddit_1tgxg10_omqgi7a,train,keep,False
reddit_t1_mzgna7m,train,keep,False
twitter_2060915629742235807,train,keep,False
reddit_t1_mzwtax6,train,keep,False
bluesky_b7081324ea06d685920c334f83a1524783eb79b05e2f600aa13b4cc9240a2504,train,keep,False
reddit_t1_mt3ddnr,train,keep,False
reddit_1u276eu_oqvalpj,train,keep,True
reddit_t1_mvaljo9,train,keep,False
bluesky_1c45eb8f1b62d72ccbd7897bd919e50718b0544e6f3c3c814d3bd9bd5f27b6f6,train,keep,True
reddit_1tnobm9_onvcgnz,train,keep,True
reddit_1likxua_mzcvfye,train,keep,False
twitter_2061783782911578209,train,keep,False
reddit_1l09372_mvchjvf,train,keep,False
reddit_t1_mvgrm62,train,keep,False
reddit_t1_mv4kwg6,train,keep,True
twitter_2061591871483179218,train,keep,True
reddit_t1_mtphgok,train,keep,False
twitter_2061132722844627058,train,keep,True
reddit_1ts5h38_ooz3btc,train,keep,True
bluesky_26af416ebd40ef155b742cfb9bccd9412f1b59b9cdfffba3de9131530c538949,train,keep,False
reddit_t1_muzsgis,train,keep,True
reddit_t1_mwl9wex,train,keep,False
reddit_t1_mrz3tm9,train,keep,False
bluesky_36fe02e455beecbe27f44514e6637b671ae912e5f11305e1e9dcf596afcd1e7b,train,keep,True
twitter_2060918428773539930,train,keep,False
reddit_1tw0vcu_opmak8n,train,keep,False
twitter_2059769779704246404,train,keep,False
reddit_t1_mtacf6l,train,keep,False
reddit_t1_mxlp7h0,train,keep,True
reddit_t1_mtr72o4,train,keep,False
reddit_1twgtct_oppe96d,train,keep,True
reddit_t1_mxxiidq,train,keep,True
reddit_t1_mr8u2ai,train,keep,False
bluesky_5a670f4d34cb131e9e8c582ea3d9ee71eaeb4e5f8310f8887f878946f8d78790,train,keep,False
bluesky_cb376a47df3d74ef39ded9a377ab27a07c6cf34b554354db66d583ba3a8e9fb2,train,keep,False
reddit_t1_msozyoc,train,keep,False
reddit_1tzjirf_oqjmd0s,train,keep,False
bluesky_aca261125a4332dd5d7709d5c836db0229af6ab1621b9a9de4bec8c33a1cdd21,train,keep,True
reddit_1u2eldl_or4cgw3,train,keep,True
twitter_2061749838325121308,train,keep,True
reddit_t1_mrwa6bl,train,keep,False
bluesky_625a763628d343873920c47e6191bc36e342a4d6304fff788752becb5daf3d8d,train,keep,False
bluesky_328e2128a524e23dd6f6ec262a22c3ced8ff1e284320342e5447a2d5a02caae6,train,keep,False
reddit_t1_mr9b96s,train,keep,False
bluesky_14374a030ae44622e73058da0dce9dae323d4fe974227f1f763cbc275a9d2f7b,train,keep,False
twitter_2061807663994794265,train,keep,False
reddit_t1_n08lo7m,train,keep,False
reddit_t1_n069cgy,train,keep,False
reddit_1kz0hj9_mv1qmsm,train,keep,False
reddit_t1_myw1a2l,train,keep,True
reddit_t1_mzrinzz,train,keep,False
reddit_t1_mt6c9aj,train,keep,False
reddit_t1_myft4a2,train,keep,False
twitter_2061656764240519202,train,keep,False
reddit_t1_mqmdp9p,train,keep,True
bluesky_7558da5d7289aea92b5ec09653ff0e2d428013f76953185278be6caff7f2341a,train,keep,False
reddit_t1_mwqfjg9,train,keep,False
reddit_t1_myeurwq,train,keep,False
reddit_t1_mtosh7k,train,keep,False
reddit_1ti151j_omrb113,train,keep,True
reddit_1txrvp0_opygk91,train,keep,True
reddit_t1_msfz9jq,train,keep,True
reddit_t1_mw0tg5p,train,keep,True
reddit_t1_mr9yksw,train,keep,False
reddit_1u185il_or1w7ex,train,keep,False
twitter_2061452847384801382,train,keep,False
reddit_t1_mqjgor1,train,keep,True
reddit_t1_mtncoha,train,keep,False
reddit_t1_mwde6b8,train,keep,True
reddit_1tsv1fn_ooygpkn,train,keep,True
reddit_1tb51jw_olehlak,train,keep,True
reddit_t1_munq6ap,train,keep,False
reddit_t1_n0jerhy,train,keep,False
twitter_2061624071800991999,train,keep,False
reddit_t1_mukmhs1,train,keep,False
bluesky_b9591167a548168e11a8f8be76f97b8393fee46d39aba18f2497ffdf28ffd26f,train,keep,False
twitter_2059459581743383008,train,keep,False
reddit_t1_mrbfru8,train,keep,False
reddit_t1_mrs7p99,train,keep,True
bluesky_f8c2f4317c87089ef00acc37ec334262494757fef2a4ee6d204a2f9cc79b1d3c,train,keep,False
reddit_t1_my5h5v8,train,keep,False
reddit_t1_mreq2tv,train,keep,False
reddit_1tw67am_opp0tc1,train,keep,False
twitter_2061654713381089756,train,keep,False
reddit_t1_mssy0hy,train,keep,False
bluesky_5acf903749eebb20e096aa46f4e852f5953e391e46415d53fdbc3313164b7ca1,train,keep,False
bluesky_e7f2b59806b965d9d00351c40f385155ade6a71148fb77c9bd5e38a2dd921c45,train,keep,False
twitter_2061755905616879746,train,keep,False
reddit_t1_mzo80ep,train,keep,True
reddit_1tnobm9_onvexio,train,keep,False
reddit_1txi7g6_opx9skk,train,keep,True
reddit_t1_mu6n34s,train,keep,False
twitter_2061770038386774287,train,keep,False
twitter_2061797689906381157,train,keep,True
twitter_2061813600319156642,train,keep,False
bluesky_c211d1d9d634166d2db04a0b2bb937d90d3526b6352b6885978dc5ce71f4b6dc,train,keep,False
bluesky_727c554a44f67b17e54c3c99381bfe057f5463cb04cf0613262d78f492589469,train,keep,True
twitter_2061757069703704847,train,keep,True
reddit_t1_msluplf,train,keep,False
reddit_t1_muwfi1n,train,keep,False
reddit_1t4fs97_ok5ovld,train,keep,False
twitter_2061536446180438205,train,keep,True
twitter_2061810099698507821,train,keep,False
twitter_2061420990245060984,train,keep,True
twitter_2061790514324656303,train,keep,False
reddit_t1_msu3xih,train,keep,False
reddit_t1_mtpqy2k,train,keep,False
twitter_2061632671692857689,train,keep,False
reddit_t1_mqkuuc9,train,keep,False
reddit_1thqwmy_omq5u7g,train,keep,False
bluesky_7c577c1d7fe9524a12c8c0f494642177e430c0e28bc944e85868cb7bc841099e,train,keep,False
bluesky_12d256e4689a79e101efd6d3318ff2400fa95bfc1f1ce535ecfd1c88728c3135,train,keep,True
reddit_t1_mvc3o6p,train,keep,False
bluesky_82b8593b1fa117d0687bdf4d3cebd085c54b25bc96b2fa0b417a742bbd39791d,train,keep,False
reddit_t1_mtyojbl,train,keep,False
reddit_1l6rn5d_mws9gpx,train,keep,False
twitter_2061568507087622370,train,keep,True
reddit_1u0gjyt_oqk5mob,train,keep,False
twitter_2061555055858516235,train,keep,True
twitter_2061827526276563319,train,keep,False
reddit_1tqyx7p_ookix63,train,keep,False
reddit_1lbzv5t_mxy3q1y,train,keep,False
twitter_2061604055169069146,train,keep,True
bluesky_96e3338d028d4469da6a24fab02ad57178a86d95f8394ed060a137483b7de8d0,train,keep,False
reddit_t1_mq7b2zy,train,keep,True
reddit_t1_mytmlpo,train,keep,True
reddit_1tg5jhb_omgcwul,train,keep,False
twitter_2060373206029275598,train,keep,False
bluesky_047c7af8f545cea20013081ab5ccc06c06ddc5aacf04318177df1bcbadc0f5f9,train,keep,True
bluesky_a9b0b1cc131070585ef96be04798122c18802d946a888fd05adaaa99aca6937b,train,keep,False
reddit_t1_mz7rrdy,train,keep,True
reddit_t1_myrnhcz,train,keep,False
twitter_2061567262448816477,train,keep,False
bluesky_49930e6db72d9b449068dec09e3e2a0a6332c3725c79c670b3d6ee7bd72a8e5c,train,keep,True
reddit_1tsvd1m_ooyh3np,train,keep,False
reddit_t1_mqdnuh6,train,keep,False
reddit_1ture29_opbopjf,train,keep,False
twitter_2061602483030372777,train,keep,True
bluesky_07b97f9bb04229f782a52cacd4626e62fe81cf39bb3924b26bbd02ee6c1035fe,train,keep,False
twitter_2061092945420509346,train,keep,False
reddit_1tv99t4_opkq9my,train,keep,True
reddit_1ktkmsp_mtuqerg,train,keep,False
twitter_2060394983622844778,train,keep,False
bluesky_2599a5aebaca0d174d1059b66ba480f97ca72b6f4b06b96b39627bc0ba7137c1,train,keep,False
reddit_t1_mwuwsn1,train,keep,False
reddit_t1_mra3qzc,train,keep,True
reddit_t1_mun8v7e,train,keep,False
reddit_1keojcj_mqlr5e2,train,keep,False
reddit_t1_mtdd8w7,train,keep,True
reddit_t1_mxxpsn5,train,keep,True
bluesky_eb10158971774343093e01ffc873d98e2e706ae7fb99c15c7ef9e98ee6bf1fbd,train,keep,False
bluesky_f2eee684da97bafe163015e629f23d26fd5b5ad57cce22914b877c67fda22cec,train,keep,True
bluesky_7a0c26439fe440d58c8409eaeda94c95330dffbeefeae536a2fee5e03cc41a99,train,keep,True
reddit_t1_mu2drit,train,keep,False
twitter_2061781978890764533,train,keep,False
reddit_t1_mudkvoh,train,keep,True
reddit_t1_mqwzbp0,train,keep,True
reddit_t1_n01622m,train,keep,True
reddit_t1_mydj2p6,train,keep,True
reddit_t1_mt24h8d,train,keep,False
reddit_t1_mq08jam,train,keep,False
reddit_1tv4jag_opgj3rh,train,keep,True
reddit_t1_n0kt76l,train,keep,False
reddit_t1_mvcmamw,train,keep,False
reddit_t1_mszvbic,train,keep,False
reddit_t1_mxfyx2a,train,keep,False
reddit_t1_ms1v4dw,train,keep,True
bluesky_8e548222d68962de1ebfeb36cf7ab74713fb90bc707eeb2ba682cdcc3c450f76,train,keep,False
bluesky_e2bcd65eb1dfbb33182a24b606b89afb97042c31f2b206aaec3612de39a05cf8,train,keep,False
bluesky_3725dd07c57bea72c42afb6f2697ad9407413cdcc5813d02d402f5d533a850c8,train,keep,False
twitter_2061472338156093872,train,keep,True
twitter_2060429485175115922,train,keep,True
reddit_t1_ms16lbm,train,keep,False
bluesky_0b3f5855e0a8b7ef8b128eed3fb1d2fb7da32278addd633e8000fbeb89ab683c,train,keep,False
reddit_t1_mryjxbi,train,keep,False
reddit_t1_mwvii9v,train,keep,True
reddit_1kiv79p_mrln0ed,train,keep,True
reddit_1tswg2c_ooyrg1c,train,keep,True
reddit_t1_mrbd3s6,train,keep,False
twitter_2061478133878894732,train,keep,True
bluesky_91108053f2efb73c5fb62a024ccd1dd94674ed6c0b071fe78931f4b9ade8ec60,train,keep,False
reddit_t1_n0fbrfa,train,keep,True
reddit_t1_mus3vvv,train,keep,False
reddit_t1_ms3q3hq,train,keep,False
reddit_1l62k9l_mwlm89s,train,keep,False
reddit_t1_msa4qfh,train,keep,False
reddit_1kl54ss_ms01bxj,train,keep,False
twitter_2060403488564113652,train,keep,False
twitter_2061825857568567750,train,keep,False
twitter_2061812407358398679,train,keep,False
reddit_t1_mycp2ky,train,keep,False
reddit_t1_mvs7p04,train,keep,False
reddit_t1_mv0io84,train,keep,False
reddit_t1_mxeayez,train,keep,True
reddit_t1_mq83obj,train,keep,True
reddit_t1_mv52l3d,train,keep,True
twitter_2061734348361957808,train,keep,False
reddit_t1_mqd40go,train,keep,True
twitter_2060578723766972554,train,keep,False
reddit_t1_ms3a9t3,train,keep,True
reddit_1tvaatt_oq86fhh,train,keep,True
bluesky_987a86e4c5e033285e73cdfc1a7c1f285ad10ab3f5f87302a981934699e478b2,train,keep,False
reddit_1tszxri_op42eik,train,keep,True
reddit_1t4l69v_okaqo4s,train,keep,False
reddit_t1_mr9vvwo,train,keep,False
twitter_2061736544096956873,train,keep,True
reddit_t1_mr0i9f8,train,keep,False
reddit_1tws6al_opquqs4,train,keep,False
bluesky_d99a16b9b43cb667a23e3305cd264eb6897535e5565dafde22b9b9b377c6d686,train,keep,True
twitter_2061795234657235094,train,keep,False
bluesky_650e7207b0b3c4c5159fba504cd90611997231fdf22d7a95e98dce1f7563578e,train,keep,True
bluesky_b61fccc4d538fb3a9112f96e1ad768b0d033470a6bd87d44b7909ecaa55218ab,train,keep,True
reddit_t1_msth1jg,train,keep,False
twitter_2096682277560549479,train,keep,False
reddit_1tyk8q9_oq513lq,train,keep,True
reddit_t1_msgv54o,train,keep,False
reddit_1tj4vka_on0ueqs,train,keep,False
twitter_2097131624534057073,train,keep,True
twitter_2061761462675103847,train,keep,False
reddit_t1_mqi9fn2,train,keep,False
reddit_1l4elhs_mw8e7rb,train,keep,False
reddit_t1_mspsqw7,train,keep,False
reddit_t1_mzpr0i9,train,keep,True
bluesky_7b508f2aaaede96f5c3f8630a0b81b75dc27718216a9a800c5c6e127cf26700c,train,keep,False
reddit_t1_myv5zfa,train,keep,True
reddit_t1_mt3liw4,train,keep,True
reddit_1t4l69v_ok4fqpl,train,keep,True
reddit_t1_mws17hs,train,keep,False
bluesky_18f9b3b5bf339bebccd061d56eacab0b70ef2f5d516db427435306e23ae3bf33,train,keep,False
reddit_1tnobm9_onvde6z,train,keep,False
bluesky_4f656fb312057813907c6109616c8cccd8413e08200458b90da020bea807bcd0,train,keep,True
reddit_1tvu9kc_opjkfdd,train,keep,True
bluesky_c0a88540a5d9c2bfde7c7ec268b58926c5388d1c571060ab37c271865e6ccc0a,train,keep,True
reddit_t1_n04cojd,train,keep,True
bluesky_da24165840b198d4adce76cc9efa3187be1838f79727ef43391fa6648a59f99f,train,keep,True
bluesky_ba90ece8528617a8cc106be0a3210b6145a357a6589f7adaac7d486c84acc8a1,train,keep,True
reddit_1tqyx7p_ookdo68,train,keep,False
reddit_t1_mz87ktl,train,keep,True
bluesky_7e9173b9ddc30df83be9f62e88393fd8c114edf03403670038970829524afaf0,train,keep,True
reddit_1koyv0d_msupssa,train,keep,False
bluesky_f2ece2781de8419bb2d94cbd2bcaf7c484e2356b2bbb1a9cb7786b2e678b32a5,train,keep,False
reddit_1tlwlyk_onlms1f,train,keep,False
reddit_t1_mqguc5j,train,keep,True
bluesky_8fa744bef1fa4c40d1854b6062a5847bc8a3cd23a28e4bbef72abb9f1c4481f9,train,keep,True
bluesky_bade2e3dafb6a0c66eb77dbc373ee448bd9c7d635ac17a330c16f678e55381b5,train,keep,False
bluesky_88f05de05ccb8753ed6f755dd54104dccb4f7e7b336bb6b4385cda807fe657ed,train,keep,False
reddit_1ti75h1_omskbai,train,keep,False
reddit_t1_mvfodt0,train,keep,False
reddit_t1_mq9e02q,train,keep,False
bluesky_7fcfce092f3ee8442e4bcbdc6124710a71b0bdd1660655fb2acbb431336ce410,train,keep,False
reddit_t1_mugbvyv,train,keep,False
reddit_t1_mrj91is,train,keep,False
twitter_2061598896032518595,train,keep,True
reddit_t1_mt4tsh9,train,keep,True
reddit_1kp0psp_msuspys,train,keep,False
reddit_t1_mzebaml,train,keep,False
reddit_t1_mwsgo3d,train,keep,True
bluesky_75ad3148514c4ef28125fe7c08a2f36602b9b6c45c9f811b0e25c215b44fc649,train,keep,True
reddit_t1_mt1dfwv,train,keep,False
reddit_t1_mrf7hwe,train,keep,False
twitter_2061818105316151531,train,keep,True
reddit_t1_mr7z0o0,train,keep,True
reddit_t1_mzrpib3,train,keep,True
reddit_t1_mxi6eih,train,keep,True
reddit_1tuttj1_opi5ske,train,keep,False
reddit_t1_mq1bry1,train,keep,True
reddit_t1_mvy9u5j,train,keep,False
bluesky_c354bb39210b84e7040f2019f432e9802ab32a092c4a857a6fadc3258fe7e0e7,train,keep,False
reddit_1tkxn2n_onbydkd,train,keep,False
twitter_2061802815899463988,train,keep,False
reddit_t1_mru139a,train,keep,False
bluesky_8fcc2b0304eb1749e5105c0235c5be9fd2dba47df66b3bf124865bbdba049f5b,train,keep,False
bluesky_cb3012ee9f1463a5399bdb713c3ce1b527dcaed1dcdc28fc06ef81c1683614ba,train,keep,False
reddit_t1_mzvl89s,train,keep,True
twitter_2060176610486051029,train,keep,False
twitter_2061809500420542872,train,keep,True
reddit_t1_mr3y147,train,keep,False
reddit_t1_mv5j16y,train,keep,False
reddit_t1_n0l0tpv,train,keep,False
reddit_t1_muzvscj,train,keep,False
twitter_2059690709729546399,train,keep,False
twitter_2061201144743952847,train,keep,False
reddit_1tws6al_opqxexl,train,keep,False
reddit_t1_mqaz2p7,train,keep,True
reddit_1lc6071_mxzprsj,train,keep,False
reddit_1ler0ab_myiggh9,train,keep,True
reddit_t1_muttfma,train,keep,True
reddit_t1_n075bho,train,keep,False
bluesky_f9bf2fcd51d018b840d7a10dad073844e8e1a010d40f2d046d3b6e34687bf39f,train,keep,True
reddit_t1_mtnmq7w,train,keep,False
reddit_t1_msvqpkm,train,keep,False
reddit_1kht3l0_mr9rhuv,train,keep,False
twitter_2095930072259801133,train,keep,False
bluesky_d11dc06768f3d9ed363a968f1372283b8554d0c1ffecf39262659eebfd1b21ca,train,keep,False
twitter_2060729413528871285,train,keep,False
reddit_1tutxzr_opc0guc,train,keep,False
reddit_t1_mzpe2od,train,keep,False
reddit_t1_mzmwhwr,train,keep,False
reddit_1tvpt28_opirhe5,train,keep,False
reddit_t1_mussxtp,train,keep,True
reddit_1s8znys_odm25zk,train,keep,False
bluesky_8ec0034537746d1d51f44839151768768b22233200c733210335db9ec0b180e5,train,keep,True
reddit_1klodyp_ms5s858,train,keep,False
twitter_2061336367808884817,train,keep,False
reddit_1tyu1q6_oq72jmf,train,keep,False
reddit_1tu3uj9_opbrp71,train,keep,True
reddit_t1_mwzkshm,train,keep,False
reddit_t1_mz76s50,train,keep,True
reddit_t1_mth271r,train,keep,False
reddit_t1_mxfqo04,train,keep,False
reddit_t1_mx0sv65,train,keep,True
reddit_t1_n0ibort,train,keep,False
bluesky_bf6ebe41705cfe8ed3270686a5649fed5cb06c120128c71114072b1330bf3779,train,keep,True
bluesky_2f8037be1518fc1eb4487119cb272fb4e7794fbeb543d7d821311a4559635d70,train,keep,False
reddit_1tr6mt1_oolu2ir,train,keep,True
reddit_t1_mr347ej,train,keep,False
reddit_t1_mqxi2di,train,keep,False
reddit_t1_muxqp0y,train,keep,True
twitter_2059393540883718360,train,keep,False
reddit_t1_mx8s7z5,train,keep,False
reddit_t1_mtb3d8k,train,keep,True
reddit_t1_mykldno,train,keep,True
reddit_1u2ek28_oqww40l,train,keep,False
reddit_t1_mvpanr9,train,keep,False
twitter_2061684007134249223,train,keep,True
reddit_t1_mq91u0w,train,keep,True
reddit_t1_mq7r2eb,train,keep,False
reddit_t1_mqxgfyj,train,keep,True
reddit_t1_mq1qina,train,keep,False
bluesky_4f053de9de93367a207dc1954a61e88c511b4ddfa41203c9022e344e702e0c94,train,keep,False
reddit_t1_n0l6wus,train,keep,True
reddit_1txsumx_opzxzlz,train,keep,False
bluesky_3f3f09aa3e4e573851fc54b7c5e5fe8f6c695f52660d0466fa1ce702f73b3604,train,keep,True
reddit_t1_mwda55r,train,keep,True
bluesky_d38c740c4590ad3d6c5dfd00ff07d38b79b5d5eb205845a2358f0b17760f2aa7,train,keep,True
reddit_t1_mqs6ngc,train,keep,False
reddit_t1_mwst7l6,train,keep,False
bluesky_292c78a30e5fd334da437e14707a5a459d3021b501b39489c33c9e47df64d2cd,train,keep,False
reddit_1l8oy4b_mx7zxx2,train,keep,False
reddit_t1_ms9dtwo,train,keep,True
bluesky_a49d354828ce4ac30b3300dfc24eb5cb76a5dfca10b4e7755218c438e7178bb1,train,keep,False
bluesky_1dde3faa493355194b37776eafb4389afbae05699fde64e382bd49b99747da1d,train,keep,False
reddit_1u2194a_oqwf5b0,train,keep,False
reddit_t1_mq0qpz5,train,keep,False
bluesky_6e7726ec65983ad9c84e12575306cbeb751da4feefbdec5eba2b29d423aaf422,train,keep,False
bluesky_1903069b604692d96f6a2bca0073ac0054388a2d132b908a3c64fc3f24294461,train,keep,True
reddit_t1_mqhuwo3,train,keep,False
twitter_2061828385857225195,train,keep,True
reddit_t1_n0g8v1o,train,keep,False
bluesky_072b5953585646047ec5978fbacb43e4c7815cea1dd4212742749ca310310008,train,keep,False
reddit_1t7sgwu_oks3iss,train,keep,True
reddit_t1_mwecjed,train,keep,True
bluesky_8bb59831ea4857bfff7dbb34275c7a8664b3b8bcd5631afc5089e0bb68c6e539,train,keep,False
twitter_2059966683909951776,train,keep,False
reddit_t1_mryi7ca,train,keep,False
reddit_1thqwmy_omros58,train,keep,False
twitter_2061810557900976368,train,keep,False
reddit_t1_myzkkjb,train,keep,True
reddit_t1_mrzm89u,train,keep,True
reddit_t1_mrpvzof,train,keep,False
twitter_2095313355871518929,train,keep,False
reddit_t1_mvl39om,train,keep,False
reddit_1rybeds_obikobk,train,keep,False
reddit_t1_muh0gm4,train,keep,False
reddit_t1_n0ff71r,train,keep,True
bluesky_4b1f46d7d7e851145f81e99a2fc361315700ef4f52ea3e6ceffbbd8adc23ace8,train,keep,False
bluesky_af8f5554f15d88b20a05104cd8066e2a7a05dade8a1903d195cf60062cf8dec2,train,keep,True
twitter_2061796500410097874,train,keep,True
twitter_2061569049780466016,train,keep,True
reddit_t1_mz24s1q,train,keep,True
reddit_t1_mxr0h52,train,keep,True
reddit_1txsm52_opzxy9p,train,keep,False
reddit_t1_mrgnd5b,train,keep,False
bluesky_133b5d3a3bdd18a6244f01e3d9e72eaad63a91615a7e45223278260b8649c586,train,keep,False
reddit_t1_mr7xid2,train,keep,False
bluesky_7a4e73b12ad406d6e6c669567c49b67e6d80ee1f2e44e79f4457104b9438f067,train,keep,False
reddit_t1_mxffcy5,train,keep,True
reddit_1kjj6u8_mrrkraf,train,keep,False
bluesky_23c651c96c181d00dd9f10f632e385b10d44a69377169e2cb660acde448e9954,train,keep,False
twitter_2060814701227868365,train,keep,False
twitter_2061618582048702523,train,keep,True
reddit_1kl6ssy_ms1kwmd,train,keep,False
reddit_t1_muu5cm2,train,keep,True
reddit_t1_n0l82o9,train,keep,False
reddit_1twd1b6_oppjzlg,train,keep,True
reddit_1tswg2c_ooyevus,train,keep,False
reddit_t1_mqcsfk1,train,keep,False
reddit_t1_mw60u93,train,keep,False
reddit_1tvll8k_opi06ko,train,keep,False
reddit_1u276eu_oqwja3u,train,keep,True
reddit_t1_mr5ohku,train,keep,False
reddit_1tztcf9_oqdh2dj,train,keep,False
bluesky_3e3a241ddabe0be42d4aeb8e85744d76da10422cce3e530c7e43a17a0090652c,train,keep,True
reddit_t1_msmt3yh,train,keep,True
reddit_1u1nsuy_oqsbrbf,train,keep,True
bluesky_d537de0bcf6d5ceae4b32f26530b53b52d7951e6b0107d627bd9a48a78120dfd,train,keep,True
reddit_1tuue1j_opj2o5r,train,keep,False
reddit_t1_mr8qfxp,train,keep,False
twitter_2061539303528759307,train,keep,True
reddit_t1_mvi74ab,train,keep,True
reddit_t1_mqxkaic,train,keep,True
reddit_t1_mybuboa,train,keep,False
bluesky_ad0a19100fde6c2a2ab790637d5e643d1bcac4d39d5df876c1a4847e4d739c56,train,keep,False
bluesky_f8f07a0d433f7186edcf9431b47bd237f38df65557b8c4ec69d2d3313c0ef32f,train,keep,True
reddit_t1_mwqiabb,train,keep,False
bluesky_1983191dea08c8e6e296261209648fd2782b9f40541d776a5f5dc9a768c14ebb,train,keep,True
twitter_2061817052759789785,train,keep,True
reddit_1u18ir0_oqpf8cf,train,keep,False
bluesky_25f9a487e7a207ee2700eac1b1d5851030f442d3c926b31cd4be1399d3f361ed,train,keep,True
reddit_t1_mr32ocn,train,keep,True
bluesky_2f14603991e7b6e746bfdc240c7c218d7e4ed9523c6fc20d98f12eaa35a153c3,train,keep,False
reddit_t1_mztutst,train,keep,True
reddit_t1_mwlm6p6,train,keep,False
bluesky_7aa6e8bb5a14fbd35bf89f38a2f13f84095fa1c8df8c817ed41df6d7ade88e7d,train,keep,False
bluesky_f43443447f5b4cc6e2b385555fe33a1aaeb5bcc59ac5465e4bed45c6f0d41930,train,keep,True
bluesky_a1c02474a07c6ece384979c1c56ae0726f8a85ceac70feb17f9a94f8442439fe,train,keep,False
bluesky_ba06664a3fd223aee62838f12792e98d41bb67911f1a000dc5a2a88c6b58ab05,train,keep,True
reddit_t1_mq4h3ri,train,keep,False
reddit_t1_ms4q9ut,train,keep,False
twitter_2059489614856101928,train,keep,False
bluesky_acf2b8d985a5e4b2a99b1f0018aaa171f2a289fdbcfeb35787e9c979633d6e1e,train,keep,False
bluesky_5b25a87650c70d908764eda336e458a8ddc3382439fab43d1447215ac07d766c,train,keep,False
reddit_t1_mutsdqg,train,keep,False
twitter_2060809646500434003,train,keep,False
twitter_2060812848994091457,train,keep,False
reddit_1t7d5jc_okv5gsh,train,keep,True
bluesky_945f185f1f54c7c4ce49f079e3fdddd09047c6076f55a2956a19a77ff2eb525e,train,keep,False
reddit_t1_mtg04wn,train,keep,False
twitter_2096675551419478286,train,keep,False
twitter_2061778830440956085,train,keep,False
reddit_t1_mwlien4,train,keep,False
reddit_t1_msi0ymc,train,keep,True
twitter_2061357188208079193,train,keep,False
bluesky_c80c7bb29062e3dee2ae37347b57e8870457ab267803d724b9e75e3ba4b25d26,train,keep,False
reddit_t1_mws2ul9,train,keep,True
reddit_1tzcqta_oqcdp56,train,keep,True
bluesky_3e9334a24771fbdc1a5c0e7c440b6ee49bc8299bc38ecc81786b56458e739c01,train,keep,False
reddit_t1_n02r5ad,train,keep,False
bluesky_5662cf9cfc126bee91bce636d9ac0af30cdfbca6fd2663c86dfeaa7f8e259624,train,keep,False
reddit_1tx0jmc_optkdlv,train,keep,False
reddit_t1_mz3l6bb,train,keep,False
reddit_1ttcu5f_opuvn1r,train,keep,False
reddit_t1_n0iqrdj,train,keep,True
reddit_1tucjhu_op8vidx,train,keep,False
reddit_1u1ngzk_oqr6q3k,train,keep,False
reddit_t1_mvuxeq4,train,keep,False
twitter_2061205562910532024,train,keep,True
reddit_1tznn66_oqctu84,train,keep,True
reddit_1l0z2b8_mvjla39,train,keep,False
reddit_t1_mw0sdl5,train,keep,True
reddit_1tsrnbn_ooykdto,train,keep,False
reddit_t1_mxdaojy,train,keep,True
reddit_t1_mt7a1kg,train,keep,False
reddit_t1_mwojzkq,train,keep,False
reddit_t1_ms3s786,train,keep,False
bluesky_1c1bc32998443d04f33b455893d00a6eb5985debf8a11c12aca4264d42225ad7,train,keep,False
reddit_1thox1m_ompbprv,train,keep,True
twitter_2060058606775521591,train,keep,False
twitter_2061539103053849020,train,keep,True
bluesky_d6e587a41c1e5dbd7673a168d32a552ec7a1ebbd888829f9788bd99da0f62fe5,train,keep,False
bluesky_1580f0c47dea003767c828b84658cad5b564ba65a9d2943b1a1aa8c7174ee602,train,keep,False
twitter_2061806982676287756,train,keep,False
reddit_1llrarw_n02a70u,train,keep,False
reddit_t1_mxqw1qe,train,keep,True
reddit_t1_mzjoxp9,train,keep,True
reddit_t1_mz9hlcq,train,keep,False
reddit_t1_mzmakkd,train,keep,False
twitter_2061537437902389681,train,keep,True
reddit_1t4fs97_ok2nzyi,train,keep,True
reddit_t1_mqjqgtv,train,keep,False
reddit_1ty956s_oq6s2wc,train,keep,False
reddit_t1_mu5shhx,train,keep,False
reddit_t1_mw4quey,train,keep,False
bluesky_3df4b6a4d4c425bcbfcc1ec890db72bc6f37272bef9ae3900fb3554b1503d078,train,keep,True
twitter_2061807389880258878,train,keep,False
twitter_2059433754033074233,train,keep,True
bluesky_3b5c909db5c8cdcdb5db6b66c11cd792fe7411baa895f7a913afe469ab9dc780,train,keep,False
reddit_t1_muo185v,train,keep,True
reddit_t1_mqnirac,train,keep,True
bluesky_cb55c21cefe7f6dbed3c4964af5008caf216d9a10f90df40af48283e59a8ca71,train,keep,False
reddit_t1_mtdji7x,train,keep,True
twitter_2061752244727423404,train,keep,False
reddit_t1_mtoj396,train,keep,True
reddit_1kxna55_murb5dd,train,keep,False
bluesky_eb7e63578b5ad56c77d66d943dc047bacfa1424536070975246a09ee572f0111,train,keep,False
reddit_t1_mtvioru,train,keep,True
reddit_t1_mzoli4l,train,keep,False
reddit_1tvro8z_opknelo,train,keep,False
reddit_1trdy16_oornuh3,train,keep,True
bluesky_a40eceb6a409898acb36cb53b9d48aecb1cfc1a9ce0f612feb945d2d9c883a18,train,keep,False
twitter_2060745619161936187,train,keep,True
twitter_2059829676298866903,train,keep,True
bluesky_683738e1b5877d4301b4fe9338b421cec1cb60e5dce046aa2e9f4d9fe040ba88,train,keep,True
bluesky_6132db3caae31402dd40b146efcac4601ffaad733c18c3b057e43316704d443a,train,keep,False
reddit_1ljgsrb_mzl9rjj,train,keep,False
reddit_t1_mqyip9m,train,keep,False
reddit_t1_msnio0i,train,keep,False
twitter_2061827988849574117,train,keep,True
bluesky_b56a251590cda8255d8928a7412415e5719725bca31f6f5f3b4a53136d80143b,train,keep,False
reddit_1u12ug8_oqmj5wy,train,keep,False
reddit_t1_mvl62jr,train,keep,False
reddit_t1_mtpnhva,train,keep,True
reddit_t1_mr4yiau,train,keep,False
reddit_1l3ey8b_mw25thg,train,keep,True
reddit_1u0y79a_oqu9qyq,train,keep,True
twitter_2061653217578983765,train,keep,False
reddit_1tig64l_omurknw,train,keep,False
bluesky_b7017daebe6d011d76b96953d5567c69abfbd8fc6c18e12107522f70a02f52e3,train,keep,False
bluesky_fb66acccd268ea732293cb0d5d0fea684b52f74e8e0df2d3cce51de56cdb98fe,train,keep,True
reddit_t1_mv6kjvj,train,keep,False
reddit_t1_myxqhy1,train,keep,True
twitter_2060677664751366492,train,keep,False
twitter_2061074248165183724,train,keep,False
reddit_t1_mtmii69,train,keep,True
reddit_t1_muiga7v,train,keep,False
bluesky_609b6f39ae35f6c6abf217083bc8d5a2562a9c810164f72f3d942ce3c7cf51a5,train,keep,True
bluesky_57755dc49dcc844f9bf77209c95ef2d8fc589ce9e256697012f5efccd738f192,train,keep,False
bluesky_1c81a248545a700ea810a74dc10458823639f8e84e0bff8a5ab264cea89d3e99,train,keep,True
reddit_t1_mzy6sa1,train,keep,False
bluesky_a72b2184cb4ab32c3829f05296432550719740c43d13c1f6a43d5e204a3ee4d4,train,keep,False
bluesky_f9eba77e707c9721da1a0d6d9a695f9555e0bc4c562b90febdc795c0ab527352,train,keep,True
reddit_1lhdd2s_mz3esf7,train,keep,False
twitter_2061761983561797641,train,keep,True
bluesky_ff18ee1059ec2ce9253a7349cc17635f9e520b8989aed182a6735f8fe70d1776,train,keep,False
reddit_t1_mtnemql,train,keep,True
twitter_2061516653746352187,train,keep,False
reddit_1tvyk2a_opxkiht,train,keep,True
reddit_t1_mz2r3sn,train,keep,False
twitter_2061799227198493051,train,keep,True
reddit_t1_mqu5uoz,train,keep,True
reddit_t1_mrj2f0n,train,keep,False
reddit_t1_muywsp3,train,keep,False
reddit_1thqwmy_omphptv,train,keep,True
reddit_t1_mxphyua,train,keep,True
twitter_2061593230068662605,train,keep,True
bluesky_d04ea4dcd2dbdda0c8625c4b82a9fc270a227886965cc71c71dd67f3852cef0f,train,keep,False
reddit_t1_mymyp8c,train,keep,True
reddit_t1_mx9wp5p,train,keep,True
twitter_2061801489547530278,train,keep,True
bluesky_42e10e6d41468c8dc161d91fdc1d6ffcaf5db46e1d940240f7f030535dffa997,train,keep,True
reddit_1t1zmb4_ojlznqu,train,keep,True
bluesky_f304fa236802d5f63b34ad3a292d2f398aea8644d098dc34b62b1a735533f15e,train,keep,True
reddit_1tr6mt1_oolswf5,train,keep,True
twitter_2060263201980256678,train,keep,False
reddit_t1_mz68eq7,train,keep,False
reddit_t1_msoeqr3,train,keep,False
reddit_1lexui1_myk5gux,train,keep,False
bluesky_5a9f797aa42de8315f2b99e9f52b2b0ba583fff4fc20c893fc97ac65a5f98275,train,keep,True
reddit_t1_mrzgbwl,train,keep,True
reddit_t1_mwy63sb,train,keep,False
reddit_1l89h4r_mx31mhe,train,keep,True
twitter_2059676897525563700,train,keep,True
bluesky_75b02ff9edfc598dba1adc4850d2a940f09e03848eeb5920d64dbcb46f10ab58,train,keep,False
reddit_t1_myd35kd,train,keep,False
bluesky_57e79c3f2462c205aad6ca63beacc02b3c5c37a4731e41c675a64028398ea120,train,keep,True
reddit_1tt6meg_op10gze,train,keep,False
reddit_t1_mwj720m,train,keep,False
reddit_t1_mtmdhgw,train,keep,False
bluesky_43f06155b22e9007bba58a593d4ce2a1f70b49c376cc1e465f3054aa712c6173,train,keep,False
reddit_t1_mucnxhx,train,keep,False
reddit_t1_n05rgk2,train,keep,True
twitter_2061453414978982337,train,keep,True
twitter_2061827909715701807,train,keep,True
reddit_1tt3m71_op0uns0,train,keep,False
reddit_1tafgbu_ol9w91x,train,keep,False
reddit_t1_mrzxara,train,keep,True
reddit_1twc57o_opnhuhz,train,keep,True
reddit_t1_mvi4l04,train,keep,True
reddit_t1_mt3xcah,train,keep,False
bluesky_8dc0a5384b7ca527f6bb4ae3aa43cd4506b0e229f62b526abbdc9f850579da0d,train,keep,False
reddit_1tbymrb_olokl5i,train,keep,False
twitter_2061621962615427515,train,keep,False
reddit_t1_mv3256g,train,keep,False
reddit_1t7d5jc_okvd13f,train,keep,True
bluesky_f96ed10dd59d615bd0283e3bbf27e186b826e76896dfb118efb4b5a04329235f,train,keep,False
reddit_t1_mtrbm9o,train,keep,True
reddit_t1_n0a1jwi,train,keep,True
reddit_1kfdf7z_mqqani1,train,keep,False
twitter_2060717033612878133,train,keep,True
reddit_t1_mwbnjwu,train,keep,False
reddit_t1_mz3d23u,train,keep,False
reddit_t1_mzj0wed,train,keep,False
twitter_2060406327273267367,train,keep,False
reddit_t1_mq91a0j,train,keep,False
reddit_1tuue1j_opiozsd,train,keep,True
reddit_t1_mwgefvc,train,keep,False
reddit_t1_mthsfg2,train,keep,False
reddit_t1_mqgnq8p,train,keep,False
reddit_t1_myr4g9z,train,keep,False
bluesky_fdba912540ff6082ba506ceaa46d89376ae53663ea92594d50a75add7c6f30f9,train,keep,True
bluesky_314bbe44b58f0d4fa1441754f43774baa97cdf27f3c48a581484762690433db0,train,keep,False
reddit_t1_mw91abp,train,keep,False
reddit_1t4fs97_ok46cux,train,keep,True
reddit_1kcy0mu_mqan3r2,train,keep,False
twitter_2060078471116685688,train,keep,False
reddit_1twc57o_oppg5mh,train,keep,True
reddit_t1_mzuign3,train,keep,False
bluesky_7265d82f9be94524ffaa55b4b5524040445d278f79dae3403dd084caa7710dad,train,keep,False
reddit_1tligjo_onmm59o,train,keep,False
bluesky_1393380d77bfc3fd4039339eec67cdb5c7e0494584f40307ee5183b07ef227d0,train,keep,True
reddit_t1_mrbovbw,train,keep,False
reddit_1tqhy93_oogobc7,train,keep,False
bluesky_28f6b9498ac4af7a088e32392a7ecdd02d9cf2d294cb124bf59057a798aeda22,train,keep,False
reddit_1t7d5jc_okofi1w,train,keep,False
reddit_1u0s0l8_oqkmype,train,keep,True
bluesky_48ad6a29c383b35e1ead1c2f723848ff7cb8bf9200e78fc92c787cb24cf0483f,train,keep,False
reddit_1u16m18_oqosojx,train,keep,False
reddit_t1_mrtpn9r,train,keep,False
twitter_2060717214781591644,train,keep,False
twitter_2061765852483965363,train,keep,False
reddit_t1_mq0fge9,train,keep,True
reddit_t1_mymhrtr,train,keep,False
bluesky_c10de58e93c094a59dedea849ab8bee0e4d56e7bee2b2f637dcb085992a3bc13,train,keep,False
reddit_t1_mzpyf4e,train,keep,True
reddit_1tsyeyo_op0zrbm,train,keep,False
bluesky_64ce4771a2982a5b4e6b238e60d5824e74bb97bdb222fbcbdc0b126b7465ea3d,train,keep,True
bluesky_47eef77706f224197a04ac91a6d9544d86fcb27e9f0fe66daaa3ae620c64a731,train,keep,True
reddit_t1_mv6lg10,train,keep,False
reddit_t1_muni5ie,train,keep,True
twitter_2096389699979866341,train,keep,True
bluesky_057a5c326ec36202fa592d4f499d89a7cb2894328f46b43f83cbb02d1e0ea995,train,keep,True
reddit_t1_mxu891i,train,keep,False
reddit_t1_my1repv,train,keep,False
twitter_2061816952742425036,train,keep,True
reddit_1th143w_ompft8a,train,keep,True
reddit_t1_msybdoi,train,keep,False
reddit_1tbymrb_olp7pl6,train,keep,True
twitter_2061806012001079748,train,keep,False
reddit_t1_mwvjzsp,train,keep,True
twitter_2059726891288756268,train,keep,True
reddit_t1_mzrwaq9,train,keep,True
reddit_t1_mz1m031,train,keep,True
twitter_2097061928699052121,train,keep,False
reddit_t1_mukobdb,train,keep,False
twitter_2096730297392062712,train,keep,True
reddit_t1_mq7b1ui,train,keep,False
reddit_t1_mvy2fge,train,keep,False
bluesky_67fd138b3de7c74076651c8050c2fa2432815841708797bfb2cb1fb505d98a7e,train,keep,False
reddit_t1_mqonzv4,train,keep,False
bluesky_bc65a68aee6111854611445c0ca6be66e76e7eff6f502aced58612e58b784cbe,train,keep,False
bluesky_ae78b4a4e652b9118254d6e0bcdc134ec75627e651f2a88fa6f8def7d566bab3,train,keep,False
reddit_1tsxfco_op084kb,train,keep,True
reddit_1tsvgs3_ooy8j12,train,keep,False
twitter_2061820258147590274,train,keep,True
reddit_1u26v2r_oqwhsvp,train,keep,False
reddit_1l47l5u_mw6tvoi,train,keep,False
reddit_t1_mqnk3vs,train,keep,False
reddit_t1_mv98ey3,train,keep,False
reddit_t1_msu616f,train,keep,False
bluesky_0cb73839c4eeea90c479fe1e3d9c65a8156241a29d0c8835c7f0be77559b9d6e,train,keep,True
bluesky_8b68b03ba5d7c0e5d023eef1f44ebc862d9fe11021516005d7749f8460275daf,train,keep,False
reddit_t1_mstgu65,train,keep,True
reddit_t1_mxhohdd,train,keep,False
reddit_1tt0mlj_oozvfcm,train,keep,False
reddit_1ttx203_op7pmte,train,keep,False
twitter_2061606356839178296,train,keep,True
reddit_t1_mqmu025,train,keep,False
reddit_t1_mv9rz68,train,keep,True
reddit_1tx0jmc_oq11psy,train,keep,False
reddit_t1_muznklm,train,keep,False
reddit_t1_mwytwy5,train,keep,False
twitter_2061780128418378209,train,keep,True
reddit_1tt2zbu_op18o09,train,keep,True
reddit_1kd2e74_mq7rldq,train,keep,False
reddit_t1_mte0p9n,train,keep,True
twitter_2060310645472469042,train,keep,False
reddit_t1_mqrxwib,train,keep,True
bluesky_a393856e3f75a0ed5c8d7e657a5a7759dc5f977dd0e47b3ee45a124da0d2e87d,train,keep,True
reddit_t1_mz09nh4,train,keep,False
bluesky_916f6e95dae8e77c735102e3a401bac7a4174eed62cff490d54327a964b9e33e,train,keep,False
reddit_t1_msksm15,train,keep,True
twitter_2061221429140414564,train,keep,False
bluesky_3d412804e3fe9e46da1253f92531b34a6d5f56430e69fb095bd9261dceed6c45,train,keep,True
bluesky_ac556e986acbc5e5276b3d51879b43e1108142bbfd0c4de851eabaf78b62ec4b,train,keep,True
reddit_1lh3h92_mz1uvqf,train,keep,False
twitter_2061825576583782671,train,keep,True
twitter_2095577304433127929,train,keep,False
reddit_t1_mwutl8f,train,keep,True
reddit_t1_mw6iay5,train,keep,True
bluesky_cb71482a782320bc073ea6584d5c0ff376e2cd0f78da5a95efc4f3723a68a023,train,keep,False
bluesky_cbbc707ac26d72a8afefa0ba5b6040b00f09ac40725f896f8da78cc1f02e18ed,train,keep,True
twitter_2059542444966842463,train,keep,True
reddit_t1_mx1fmlr,train,keep,False
twitter_2060180567316910171,train,keep,False
bluesky_d893999c4b51270c0ae4af2f8f8e27376fc308593918bd4895474d91606f8d1c,train,keep,False
reddit_1txi7g6_opxld1s,train,keep,True
twitter_2060510905251561828,train,keep,False
bluesky_881c36a33219402aa44ed70acf7ebf6e92f4536611f13dd830215c60000e69fe,train,keep,False
reddit_t1_mweyw4d,train,keep,True
twitter_2060397592891032007,train,keep,False
reddit_1u1c4u6_oqqv8v8,train,keep,True
bluesky_4d7581fa1aedc671b8413f9ae2f78b03feac9fa31909cde0322596418299b429,train,keep,False
twitter_2061344193252126967,train,keep,False
twitter_2061821927946084595,train,keep,False
reddit_t1_mwwyrm9,train,keep,True
twitter_2061806315110895812,train,keep,True
reddit_t1_mt2ta18,train,keep,False
reddit_1txsumx_opzmgf7,train,keep,False
reddit_t1_msniear,train,keep,False
reddit_t1_mzmao0v,train,keep,False
bluesky_d2379014e035997f8433346071e3d950b300d4748c093b61152c981fcdd4f539,train,keep,True
reddit_1tonmo5_oo2hgbz,train,keep,False
twitter_2096628535649579092,train,keep,False
bluesky_a70badff37e2b51c463474806fca3ac06aaaf2ed80485e688c57081e124d743e,train,keep,False
bluesky_6275de4e1766c82f08aeda691e25d33f1cbd068c991b60891b95f9ebd990eec2,train,keep,True
bluesky_5c56f6fba45d14a76231cb6886a5ef108241c27d0c8c33fae6be2cdf074d88cb,train,keep,False
bluesky_00aa79b92bef053dd31160dee2b6c7c3e955761c8f93e2fc9d3995a9c9385744,train,keep,True
twitter_2060221087796093307,train,keep,True
bluesky_8b5a6ba0f266236263a223307447088b4db964d57be5dbe763620c86363f84b6,train,keep,False
twitter_2061727189997937126,train,keep,True
reddit_1t7d5jc_ol63pij,train,keep,True
twitter_2096650343153353154,train,keep,False
reddit_1tzwh8s_oqg20gy,train,keep,False
reddit_1u12ug8_oqmnjbn,train,keep,False
reddit_t1_mwp4d72,train,keep,False
reddit_t1_n0brcna,train,keep,True
reddit_1kspe1b_mtqchpk,train,keep,False
twitter_2059404130087801256,train,keep,False
twitter_2096666707217481992,train,keep,False
reddit_1u22gzn_oquefor,train,keep,False
reddit_1tzmjlz_oqfhg0e,train,keep,True
bluesky_88a61e046aaf1487d297aa1ec5eba99311c1921c64924c8b81070e5b549d8855,train,keep,False
twitter_2061558913414144243,train,keep,True
twitter_2096565515749638176,train,keep,False
reddit_t1_ms5zxrm,train,keep,False
reddit_1l7ffo5_mwxwt0r,train,keep,False
bluesky_235afa7e3c476e64646218332ab1bbc858a9245808e2d95b4482de249e979c3c,train,keep,True
reddit_t1_mrwrxhc,train,keep,False
reddit_t1_mzgoc0f,train,keep,False
bluesky_d08ba1316c97f667510fd86b1eb4624f9f46133f5be37493df39a6d0bed11752,train,keep,False
reddit_t1_n0hwh79,train,keep,True
reddit_t1_mtt9x8p,train,keep,True
twitter_2061059285379866655,train,keep,False
reddit_1thox1m_omqkoiu,train,keep,False
reddit_1thjzsf_omo9ynk,train,keep,False
bluesky_d02341aa46653727c3e5e25f95a609850c61fee1dcd84a2e8bc8187a85c0f1d0,train,keep,False
reddit_t1_mqfmhyc,train,keep,True
reddit_1t1x818_ojoezsy,train,keep,False
bluesky_0e4dc6b540aeed17d267e4f7fd0a1c55bcc750876fad81addb3f0f1a652bc767,train,keep,False
reddit_1tug26y_oq3gfvx,train,keep,True
bluesky_7bdc002a069d2263801a3647e6bcabbbb2728f8b211ccf0d758a823bfe16ca0d,train,keep,False
reddit_t1_n02sp8c,train,keep,False
reddit_t1_mvxj6dx,train,keep,False
reddit_t1_mwpig3m,train,keep,False
reddit_t1_n0mjwdl,train,keep,False
twitter_2059676930635665431,train,keep,True
twitter_2059643606650986694,train,keep,True
bluesky_9c1225884e9d6bd990105e908deb87b778b4461706a1543b22b2c37bffe41587,train,keep,False
reddit_t1_mu4aemx,train,keep,True
twitter_2061666638177435940,train,keep,True
reddit_1tstwrk_ooym2bu,train,keep,False
reddit_t1_mzs4u4z,train,keep,False
reddit_1u2194a_oqu78ba,train,keep,True
reddit_t1_mwz5esn,train,keep,False
reddit_t1_mzijky7,train,keep,False
twitter_2059692395688534086,train,keep,False
reddit_t1_msnh12o,train,keep,False
reddit_1tsj7e8_ooy0olb,train,keep,False
twitter_2061827570971099461,train,keep,True
reddit_t1_n06qlqv,train,keep,False
bluesky_2c48ffd5f80c5d424f384bcac53f9034abee6c9f08e6d6df7b07f0967ae07218,train,keep,False
twitter_2059480677394116901,train,keep,True
twitter_2096646537652605128,train,keep,False
reddit_t1_mqfmwlt,train,keep,False
bluesky_db0e2e4a02b53915b19b5f84d9d3c3690e0adc42d977de546e29b3230a169da6,train,keep,False
reddit_t1_myzqdga,train,keep,True
twitter_2096259816096170360,train,keep,False
bluesky_de734bc474bc703ef18a57dd0912b0e59942c19e460a057eda0be98463c587dc,train,keep,False
reddit_t1_muixih1,train,keep,False
twitter_2061085029573304373,train,keep,False
reddit_1kkdxd2_mru351e,train,keep,False
reddit_t1_mv2oy0i,train,keep,True
twitter_2061706818146169058,train,keep,True
reddit_t1_mv3in47,train,keep,False
reddit_t1_mr4pxtq,train,keep,True
bluesky_755e790ffd6caacf6a21766726a5930e3d92dcef9d449e461fb9647cd9a2fb70,train,keep,False
reddit_t1_mql3sui,train,keep,True
bluesky_e920f71053cfaf8777f9f550c33255d311e0d4b225d1b3dc075aaaf9eebf03e6,train,keep,False
reddit_t1_mrwjwh0,train,keep,False
reddit_t1_mri3k0f,train,keep,False
reddit_t1_mvh5c6z,train,keep,False
reddit_t1_muhy6oi,train,keep,True
twitter_2095904714202189994,train,keep,False
bluesky_055abd5f560a2c68d6e0985de974419224b741500fb72952fc885d01de259be5,train,keep,False
reddit_t1_mqootiv,train,keep,False
bluesky_427407bf7a86a2969a77e06ebf8503d55e39b9c382e9b36e5cc93e2add711b4a,train,keep,False
twitter_2060911117820457172,train,keep,True
reddit_t1_mw111pn,train,keep,False
reddit_t1_n040tbb,train,keep,True
reddit_t1_my4skfa,train,keep,False
reddit_t1_mqnapjm,train,keep,False
reddit_1lhaiqa_mz2r0vg,train,keep,False
bluesky_c2fb8bd61171a613ec8b323ab0ecce023598ea5f2ec0d7f2f93361314bb00e6e,train,keep,True
bluesky_caa09a59610057bd3a52e3f82ea965dff6e37cd08159ccf7aef818ad7bdf4500,train,keep,False
twitter_2061808083987218435,train,keep,False
reddit_t1_n042n3k,train,keep,False
twitter_2059957460295729540,train,keep,False
bluesky_4c0ba2f57c9fedacbb0c5dfb694b8e39e3d6681cde0c21c0135848aa954cbfca,train,keep,False
reddit_t1_n0468v9,train,keep,True
reddit_1tz96fb_oqajcx2,train,keep,False
reddit_t1_mr8nvyk,train,keep,True
reddit_t1_my3leek,train,keep,False
twitter_2061767567073522093,train,keep,False
twitter_2061716145531433137,train,keep,False
bluesky_eb010dd2bbbfa26dafd6b225fb692012cd6569c783bd7233cd7db35217b9349a,train,keep,False
bluesky_5978f452b4598f9d100c9176ace92a51bd97702507e30484bf7a29c854dca69d,train,keep,True
reddit_1tbymrb_olrhvme,train,keep,False
reddit_1txnigx_opxm697,train,keep,False
reddit_t1_mrqkbv3,train,keep,False
bluesky_1355414517945c867f2806f25ce2a179f3c5472ecbf3db32e4a632ab108257e0,train,keep,False
reddit_t1_mtdaij7,train,keep,False
reddit_t1_mqvxu25,train,keep,True
reddit_t1_mwnbwk5,train,keep,False
twitter_2059696137011925054,train,keep,False
twitter_2096662933514207599,train,keep,True
reddit_t1_mqo4rk7,train,keep,True
reddit_t1_mrbph4a,train,keep,False
reddit_t1_mufv9n9,train,keep,True
bluesky_2f5092e9dc688285b1ca7483560174cdd0d0871c2d895bb19efc5bc98f872409,train,keep,False
twitter_2061227522092589408,train,keep,True
reddit_t1_mz2qqof,train,keep,False
reddit_1keheq3_mr8y0re,train,keep,False
reddit_1kh6ksi_mr4l91k,train,keep,False
reddit_1l9sza7_mxk0fzo,train,keep,False
bluesky_0c60fc409245c4c5a2af805a394d1f3baffd973a3601a5303e5f545240bd1605,train,keep,True
reddit_t1_mtp9e6a,train,keep,False
reddit_1lcwy1c_my3re8p,train,keep,False
reddit_1t77fqu_okmt59d,train,keep,False
reddit_1u22gzn_oqx32y6,train,keep,True
bluesky_fc7c0799666bb592fc9c96b7aee46964ef3f6d1e7d51b12dd1ceb7523162295f,train,keep,False
reddit_1t1x818_ojjsgmt,train,keep,False
reddit_1txvz2c_oq5uodn,train,keep,True
reddit_1thqwmy_omrnihs,train,keep,True
twitter_2060314832767709291,train,keep,True
twitter_2061830006373007780,train,keep,False
twitter_2097023599206862942,train,keep,False
reddit_t1_muy212m,train,keep,True
reddit_1tpf0kw_oo8pj6t,train,keep,False
reddit_1tiody8_omyyrp6,train,keep,False
reddit_t1_muyq6n4,train,keep,False
twitter_2060317061608513889,train,keep,False
bluesky_34eda5239fbddae3e8008331d9702610c69b967644a1f89c8150e249717b3659,train,keep,False
twitter_2096670702875111923,train,keep,False
reddit_t1_mzm6k3k,train,keep,False
reddit_t1_mul4tx8,train,keep,False
bluesky_12607eb83cda2e082c4e13f81e62deb9fbeb427aaa6108361f99db93cb481b20,train,keep,False
reddit_t1_mxqlyiu,train,keep,False
twitter_2061511616223445480,train,keep,True
twitter_2061673599929630872,train,keep,True
twitter_2061575130166563221,train,keep,False
reddit_1leg82y_mygl8mk,train,keep,True
reddit_t1_mrx9jh7,train,keep,False
twitter_2061781307756081632,train,keep,True
reddit_1ti151j_omrl789,train,keep,False
reddit_1two3nw_opql0kq,train,keep,False
reddit_1tnjwbi_onurzr4,train,keep,True
reddit_t1_msdodk5,train,keep,False
twitter_2061476384006967756,train,keep,False
reddit_t1_mzylz5r,train,keep,False
twitter_2096613327422034173,train,keep,False
twitter_2061581952411476383,train,keep,False
reddit_t1_mzwggoc,train,keep,False
twitter_2060937414600773891,train,keep,True
reddit_t1_mq4lcuy,train,keep,False
reddit_1u22gzn_or4y1se,train,keep,True
reddit_t1_mqf78az,train,keep,False
reddit_1krctyl_mtddr3o,train,keep,False
bluesky_965414f7daf71fea1a01be34046e8a0be02896c56c0c3008d38e88eda663090f,train,keep,False
reddit_t1_mrtc19z,train,keep,False
bluesky_c918b2404bac9985c0e1b612f356dcfef7e3d20d51707695c230d1a25e3f8fcb,train,keep,False
bluesky_f8013d8bab6a1edada0e4e2a48827d7a5a8de8e976eb853b41fe5b3040e0fa84,train,keep,False
bluesky_0dc3c840cb4fbf7c3728917fb01757a297af9affa51384328a583563ce600bee,train,keep,False
reddit_1u16h1f_oqp42t4,train,keep,False
reddit_t1_mvvckpz,train,keep,True
bluesky_038bb4fe0e6614fcaf63ada006aa37f2ba0a127357fbe2b123360a1977e43cbb,train,keep,False
reddit_1u2ek28_oqwwlut,train,keep,False
twitter_2061477646731493524,train,keep,True
reddit_t1_n0lq4mw,train,keep,False
reddit_t1_mvz68yh,train,keep,True
twitter_2060376049435791513,train,keep,True
bluesky_d6794ae1fdf557cc564a9a6635ce8fda2f8bf32a5ece5a72b0ec9dcf8be62bf1,train,keep,False
twitter_2061423520236638589,train,keep,True
reddit_t1_mw7oygu,train,keep,False
reddit_1tuzwvu_opdk2o6,train,keep,False
bluesky_b631b70b120193d2b2b3fb9e5d7da6165b161fea7dd370783d77f9c8ef605a17,train,keep,False
reddit_t1_muqm5pu,train,keep,False
twitter_2095950023163077063,train,keep,False
bluesky_74027309c8d578e3578d1c3d99454ab7a197b872bbe0116932d96f6601e35770,train,keep,False
reddit_t1_mqdpwh2,train,keep,False
twitter_2061570616172466284,train,keep,False
bluesky_ba81a970b968db8a8b2d421aa66f0a9febbc14b05cb9a2a8672049aeac090316,train,keep,True
reddit_t1_mx0ibr6,train,keep,False
reddit_1ttx203_op6192g,train,keep,False
bluesky_904ff272cc8543257f1b205fbbab87178dac111b7a873483c7bb66b15685dcd5,train,keep,False
reddit_1tstlbr_op0hcfp,train,keep,False
bluesky_a9075d9b83b6f3ce9d6f9446a0c0edf7d566db74127d3a7d2bd5610f0615708f,train,keep,False
reddit_1t1x818_ojn7brr,train,keep,False
bluesky_6d945d353793f2aeed04512344c6a8dc900a49223383fd1a86425a1e0de04593,train,keep,True
reddit_t1_ms7e821,train,keep,True
twitter_2061753217428414488,train,keep,True
reddit_t1_myvknhh,train,keep,True
reddit_1lnr12b_n0hgxk8,train,keep,False
twitter_2059603671919288537,train,keep,True
bluesky_8cef0d57e3aef76b250a6803e2987cc9d6e6a0e0e33fe87b0302654cabe30ad5,train,keep,True
twitter_2061588435840696551,train,keep,True
reddit_t1_mqxzulc,train,keep,True
reddit_1twr00b_ops828u,train,keep,True
reddit_t1_mvv8onz,train,keep,True
reddit_t1_n0ci04g,train,keep,True
reddit_t1_n04awlz,train,keep,False
bluesky_77224a7684a2b1e3514383ce1321195a8a7eeaee4c398a3c3a7635be5a87c5ae,train,keep,True
twitter_2059284672375406940,train,keep,True
reddit_t1_n0m5ga5,train,keep,True
reddit_t1_mtufgor,train,keep,True
twitter_2059628846094111205,train,keep,False
twitter_2061496609129848931,train,keep,False
bluesky_45bf7f59330ea1c6f9a8f960175a38b949c214622732a7959c0a494f2b3b4977,train,keep,False
reddit_t1_mtgln6i,train,keep,False
bluesky_9038b4a3dd27de01e4e3bc1049eb4dd18e092de20a138ddd348cea0a83e7807d,train,keep,False
reddit_1thqwmy_oms9fxc,train,keep,True
twitter_2059112774249132253,train,keep,True
reddit_1kl4k5p_ms4g6cx,train,keep,False
reddit_t1_mttanwb,train,keep,False
reddit_t1_n0aomyw,train,keep,True
twitter_2061562921373618283,train,keep,False
twitter_2061778251660317003,train,keep,False
reddit_t1_mxugwlg,train,keep,False
reddit_1t1zmb4_ojmumaa,train,keep,True
bluesky_3a2577a2735cfb25c71dd04bb44a34b65d58d6f2a5bbda3739b81e3831b62aec,train,keep,False
bluesky_f04eb8626e3bc606a8a34db1f8ead736788ac4a461e84f56ec731a8fe865e61c,train,keep,False
bluesky_2c3a7dc21e767f5342c8805ee5a5e0032466f7e779c83101daca5b0471e631b2,train,keep,False
reddit_t1_mtoor88,train,keep,False
reddit_t1_mx6t989,train,keep,True
twitter_2059602896631603419,train,keep,False
twitter_2060224349408264661,train,keep,False
reddit_t1_muv2pdk,train,keep,False
twitter_2061774937107378428,train,keep,True
reddit_t1_mxamycj,train,keep,False
reddit_t1_mr2v443,train,keep,False
reddit_t1_mspjob6,train,keep,False
reddit_t1_mt3mz0k,train,keep,False
reddit_1txnqc1_opy2g1c,train,keep,False
reddit_1ts91q8_ooxey73,train,keep,False
reddit_1l09l1b_mvhdyi2,train,keep,False
reddit_t1_msubbuz,train,keep,False
reddit_t1_mqdnibf,train,keep,False
bluesky_1b07a851f9f572392fdd731049c41bef865034c02b60378b40453516996f4275,train,keep,False
reddit_t1_mq8jbc7,train,keep,False
reddit_t1_mz334xp,train,keep,False
reddit_t1_mtxx56e,train,keep,False
reddit_t1_mts7oc0,train,keep,True
twitter_2095903478157611388,train,keep,False
reddit_t1_n075m89,train,keep,True
reddit_t1_mzvorwu,train,keep,False
bluesky_492f64f5120e1b7150050c43b0a8884b8c2c53aea2f615482f1bb7d9fa8d9a45,train,keep,True
bluesky_2fb2aa92232322453d114acd8e7784b1536891486150c25780320ee3117b5609,train,keep,False
reddit_t1_mzqa10u,train,keep,False
reddit_t1_mvas3lh,train,keep,True
bluesky_0e56fa67cd4928c3fe3a87d00a8fa6692e2504f0d19f7c5bbf0e3c8f9d1b8f31,train,keep,True
twitter_2061099606436413533,train,keep,False
reddit_t1_mya7th0,train,keep,False
reddit_t1_mse9jwq,train,keep,False
reddit_1kthr9g_mttuxg3,train,keep,False
reddit_t1_myda62y,train,keep,True
reddit_t1_mulehtf,train,keep,True
reddit_1tv1z4j_ope05co,train,keep,False
reddit_1tug26y_opbydy8,train,keep,False
reddit_1kwnre0_muj2w0t,train,keep,False
reddit_1txrv9p_oq1rcrc,train,keep,True
reddit_t1_n0klm2x,train,keep,False
twitter_2060879285808759266,train,keep,False
twitter_2095938002405232798,train,keep,False
reddit_t1_mzy4y3v,train,keep,False
bluesky_737d973206258809f9011834e2c25821b58102f39288719a1a8547c5bc919fb9,train,keep,True
reddit_t1_mwip780,train,keep,False
reddit_1tvll8k_opjj9fo,train,keep,True
bluesky_5052da8ed74b8703fa207e9f664992e2368fd727453cdfc83fbd3ca1845f9b20,train,keep,True
bluesky_8640e5f60ef99c6533782a6486c7d689954d0314325ce8d364b9aebbc3053024,train,keep,False
reddit_1talsg7_olahgmo,train,keep,False
reddit_t1_mtwvvcq,train,keep,False
bluesky_64d08713dc6041bacd9129c0e388ec2b7a1dcc2705242779d0cc8e384ed7adb7,train,keep,True
twitter_2060266891025743879,train,keep,True
reddit_t1_mtn9x8c,train,keep,True
bluesky_038f5db8cad8bb43e5a7d19a0535b78600c5d8fe668ea192df254a147dd1af9f,train,keep,False
reddit_t1_myqgs9e,train,keep,True
bluesky_e6d156dce5e751fb4cf4f28619da9a07ae55e33ab827cd47e77d9559132ec799,train,keep,False
bluesky_5e61d4f0e463acc30041c9a3b72091ebd8f9bc96a12639f5f43f65eb9fe96eca,train,keep,True
bluesky_902b7d60880487574b82b38d1671e52ecc9fe569eea4d2390563564656e1137b,train,keep,False
bluesky_3bc8ce4f78872eb55dbb668f1a1eeff4efa469bd9f3eaa4b8a1189b9572d7e90,train,keep,False
reddit_t1_mudgl65,train,keep,False
reddit_t1_mst7n5w,train,keep,False
twitter_2060914621188378894,train,keep,False
reddit_t1_mtw3i6m,train,keep,True
bluesky_935dd4148e59ffc752250f7effeef95b541c92abd3e708a4bbadace0e2a1d68b,train,keep,True
bluesky_411ab2b4aef524f55e186cd006f9ff2d2d2ea9bb8abd6d55aae3f108ba6fcce3,train,keep,True
twitter_2061826539444895801,train,keep,False
bluesky_ffc6692996da15563030d9c502ab9c083ee67fb9c2ae3ebf4e364c0032216ab0,train,keep,True
reddit_1tuebh8_op9v6nb,train,keep,False
twitter_2061270257478586738,train,keep,False
twitter_2096356682607763593,train,keep,False
reddit_t1_n0hxfqa,train,keep,False
reddit_t1_mz2exe3,train,keep,False
reddit_1ttp1d5_op48f8o,train,keep,False
reddit_t1_mqcjv01,train,keep,True
twitter_2061828544960098511,train,keep,False
reddit_1tsydyo_op0zvqr,train,keep,True
twitter_2059960054497907123,train,keep,True
bluesky_a62897328be1d5b9bfc5227e821feef844b38a0d4d549ea17ebec9dda1e0a118,train,keep,False
twitter_2059358541409079421,train,keep,True
reddit_t1_n07z541,train,keep,False
reddit_t1_mua06l3,train,keep,False
reddit_1ti509f_oms948i,train,keep,True
twitter_2059253236326940829,train,keep,True
bluesky_23db18bedde7a5528986e0dffa8f83d20aa6f4796acd356fa43edb26e8e3857d,train,keep,False
reddit_t1_mu5w9d5,train,keep,False
reddit_1tkvbmy_onh4qm8,train,keep,True
reddit_t1_mtbpzx7,train,keep,False
reddit_t1_mrgr5kl,train,keep,True
reddit_1l1m5pr_mvmunyw,train,keep,False
twitter_2060238548067119356,train,keep,True
bluesky_55cc8a41b8e5eaa9180846b7084ee765d4f84a7117c9625b4499ddccdc90ed78,train,keep,True
bluesky_de604fdeb4799a51c575a3ce291dc2429ff67f5e198dffa8ceef3a039a45b146,train,keep,False
reddit_1txvz2c_oq15e4f,train,keep,False
reddit_t1_mq0ipe9,train,keep,False
reddit_t1_mu79yev,train,keep,True
reddit_1u2ek28_or0xxc8,train,keep,True
reddit_t1_mvy0tno,train,keep,False
reddit_1kin2ua_mrk5n9g,train,keep,False
twitter_2061645609304834148,train,keep,True
reddit_t1_mz2qysr,train,keep,False
reddit_t1_mt9iq2p,train,keep,False
reddit_1koyety_msup5ul,train,keep,True
twitter_2096570499300016214,train,keep,False
reddit_t1_mzzv4je,train,keep,False
reddit_t1_mx0gcq2,train,keep,False
reddit_1kikfi4_mrgr92q,train,keep,False
reddit_t1_mzp4g4g,train,keep,False
reddit_1txopv4_opxne9n,train,keep,True
reddit_t1_mw93a7i,train,keep,False
reddit_t1_ms16g0m,train,keep,False
reddit_1tuue1j_opf84js,train,keep,False
reddit_1txopv4_opxd7j3,train,keep,False
reddit_t1_mtj8x19,train,keep,False
reddit_1tiody8_omxmdhs,train,keep,True
reddit_t1_mtro20e,train,keep,False
reddit_1tqhy93_ooiawvq,train,keep,True
reddit_t1_mvu19k4,train,keep,False
twitter_2060352574700605772,train,keep,False
bluesky_56bd86b948a48ee26203f27457eae4d6e8a87b409dedb067c39e1e128eeb6edb,train,keep,True
reddit_t1_mz2oytn,train,keep,False
reddit_t1_mzmnk1x,train,keep,False
twitter_2061091130499019150,train,keep,False
reddit_t1_mrwrfhm,train,keep,False
reddit_t1_mroi4f3,train,keep,False
twitter_2061825843878343084,train,keep,True
reddit_1tt6yir_op1touc,train,keep,True
twitter_2061121742911991965,train,keep,False
reddit_t1_mszppnp,train,keep,False
reddit_t1_mqdkvnb,train,keep,False
reddit_t1_n0je2ib,train,keep,False
reddit_t1_mqwflcj,train,keep,False
reddit_t1_mwwyvxt,train,keep,False
bluesky_bf0c43c69c77104b50fda49a5a267b19ed153e817a614231335715d64513ee9c,train,keep,False
reddit_1t6mb7v_okk1djo,train,keep,False
reddit_1tvyk2a_oqdkcy4,train,keep,False
reddit_t1_n03qgv6,train,keep,False
twitter_2060501300106678643,train,keep,False
twitter_2061798239901233373,train,keep,False
reddit_1kx7c8d_musgtn4,train,keep,False
reddit_t1_mz32xz0,train,keep,False
reddit_1tv1z4j_opex90l,train,keep,False
reddit_1tt6meg_op16wvg,train,keep,False
twitter_2061761740879089997,train,keep,True
reddit_t1_mrwcfgu,train,keep,False
reddit_1kc0109_mpz1fdv,train,keep,False
reddit_t1_mzylh6h,train,keep,False
twitter_2061470937342689436,train,keep,True
reddit_1tqcf7r_ooimfnr,train,keep,False
twitter_2061820040848998587,train,keep,True
reddit_t1_mwncf6l,train,keep,True
reddit_t1_mqg661p,train,keep,True
twitter_2061828323722838316,train,keep,False
reddit_t1_mpywqq7,train,keep,True
twitter_2096345739634856326,train,keep,True
reddit_1tv4g76_opf1fpv,train,keep,False
bluesky_c6680bd3c7578dd45fdef49c2732d81cd1db30c7fcd5438f3bc4f3666e436e3d,train,keep,True
reddit_1l6m75g_mwqy8ec,train,keep,False
reddit_t1_mzg47j5,train,keep,False
reddit_t1_mvl97w2,train,keep,True
reddit_t1_mtn7cop,train,keep,True
reddit_1l483ma_mw7b1bs,train,keep,False
reddit_t1_mxbq72i,train,keep,False
reddit_t1_mqsxlfl,train,keep,False
reddit_t1_mx78ajl,train,keep,True
reddit_t1_my2fqdo,train,keep,False
twitter_2061162473210679802,train,keep,True
reddit_t1_mta69zd,train,keep,False
reddit_t1_mqdc8c3,train,keep,False
reddit_1l2ic4a_mvtky4s,train,keep,False
reddit_t1_mwxlzt2,train,keep,False
reddit_1try6d7_oouyx1c,train,keep,True
reddit_t1_mtqb5ir,train,keep,False
reddit_t1_mt7s0tl,train,keep,False
reddit_t1_mspmy86,train,keep,False
reddit_t1_mr3d95m,train,keep,True
reddit_t1_mvoz08f,train,keep,True
reddit_t1_mxj9860,train,keep,False
bluesky_904fcf73b0f5a5ba3947d976a22ad725e5f513d3912c6eace81b5b4cd588e531,train,keep,False
twitter_2061824192136262143,train,keep,False
reddit_t1_myoi1eq,train,keep,True
twitter_2060727363814752560,train,keep,True
reddit_t1_mqjbxfh,train,keep,False
reddit_t1_n039z2i,train,keep,False
twitter_2061660858875580524,train,keep,False
reddit_1tnobm9_onysz1g,train,keep,False
reddit_t1_mwd1k4p,train,keep,False
reddit_1tgwl5y_omjy6ar,train,keep,True
reddit_1lb928e_mxs0a5l,train,keep,False
bluesky_83886ce4a4661abf08f3bbbdaec6e4ad6688ec05683c9cfef85092bb00b0adc9,train,keep,False
bluesky_71254efbc8028cc829768be718545b6307a27476722dfb2ea207c0de12e3de3c,train,keep,True
bluesky_e77aa72bc48bcd362cd196a85d28e6440cc45af36f3c8b1cb790df784d37ac97,train,keep,False
bluesky_99cc14ae2fd117596c3f15b2453696d747e1a9bdd563f8ab5be5616c9a610656,train,keep,False
reddit_t1_mtnyuxz,train,keep,True
reddit_1u237rb_oqupt22,train,keep,False
bluesky_0f6d6de11dae5914b54826369937bc9fe530fb121473f83ab1aeb234763c2ec1,train,keep,True
twitter_2059465323741397166,train,keep,False
bluesky_b34d0d7e9df6dc6547e7cb000f8810a268e3c90a300a0c8943fac6dc9cdde873,train,keep,True
reddit_t1_msnoaiw,train,keep,False
bluesky_e47f449ca615b63511739465168871f80ced3d729d85f6054fac5871e904e928,train,keep,False
twitter_2061560769095819511,train,keep,False
reddit_1llfet0_n002p7j,train,keep,False
reddit_t1_mt4ntm8,train,keep,True
reddit_1tvaatt_opfrae8,train,keep,True
reddit_t1_mrho8b0,train,keep,False
reddit_1u1z88l_oqtg4b2,train,keep,True
reddit_t1_msoofss,train,keep,True
twitter_2060789153428639967,train,keep,False
reddit_t1_mtsgwyt,train,keep,False
reddit_t1_ms573qs,train,keep,True
reddit_1ksrvka_mtq8044,train,keep,True
reddit_1l35vij_mw0ohzi,train,keep,False
reddit_1tt6meg_op1xnhw,train,keep,False
reddit_1t6bfz8_okhbme8,train,keep,True
reddit_t1_n0mloq6,train,keep,False
reddit_t1_mqf6o2c,train,keep,True
reddit_1kjpnep_mrqhn36,train,keep,False
reddit_t1_mzje68m,train,keep,False
twitter_2061583587875635586,train,keep,True
bluesky_0316ebbe50dfd1fc88ee57a54f960db2f5f2ec22e53c91712f7e2f9d45f369e4,train,keep,False
reddit_t1_mva6hkh,train,keep,True
reddit_t1_mx8rl0h,train,keep,False
reddit_1ttx203_op6hetp,train,keep,False
twitter_2096397550953599009,train,keep,False
twitter_2061464874677325928,train,keep,True
reddit_t1_mybt80a,train,keep,True
reddit_t1_myj6lg2,train,keep,True
twitter_2096485384851206642,train,keep,True
reddit_1l9jij3_mxdkkfq,train,keep,False
reddit_t1_mrl84d8,train,keep,False
reddit_t1_mss59eq,train,keep,True
reddit_1tswg2c_ooycjar,train,keep,False
bluesky_c2c4c546abe527fe4820b784168464d28593508cde96a21c173d8bf016f5d5b9,train,keep,True
bluesky_702167f15e890483b223391f38440cc954afea9d6812f255700f85ca6a5a5777,train,keep,True
reddit_t1_mr9a0ap,train,keep,True
reddit_1t84e9i_oktierd,train,keep,False
reddit_t1_ms71ofx,train,keep,False
twitter_2061509768963842440,train,keep,True
reddit_t1_mtl2el1,train,keep,False
reddit_1tvll8k_ophwbab,train,keep,True
bluesky_98991256136a152b4ff1fed99a2db6f1b5c3475fff9a022035e7b7f5f79e3d5a,train,keep,False
bluesky_6bdea9ecd36cfd6c05a861ab867c2090ee48f5d7a2ec211e6ef017fc93dbcdb7,train,keep,False
twitter_2061504236655989175,train,keep,True
reddit_t1_mztozze,train,keep,False
reddit_1tuzkhw_opdf6j5,train,keep,True
twitter_2061404017675108679,train,keep,False
bluesky_28ecf09af1b7782213dd98154418d14bacd9aeea87c90a79815a764a8921645d,train,keep,True
bluesky_927c39e3df38393690f5baed2be8f63283a0ae9bde22cf9ce358e78c897cd90f,train,keep,False
reddit_t1_mwrssmw,train,keep,False
reddit_t1_mubjym6,train,keep,False
twitter_2061774474630885866,train,keep,False
reddit_1u15vgg_oqnchyi,train,keep,False
reddit_t1_msnx21j,train,keep,False
reddit_t1_mry33gn,train,keep,True
reddit_t1_mxw1k7g,train,keep,False
reddit_t1_mu7vcf5,train,keep,False
reddit_t1_mu8wapc,train,keep,False
twitter_2061539866786005010,train,keep,True
reddit_1t94ew5_ol07b91,train,keep,False
reddit_t1_n0m4k8r,train,keep,False
reddit_1twq42a_opqu5uv,train,keep,False
twitter_2061523472766153009,train,keep,True
reddit_1tzwh8s_oqfd2ml,train,keep,False
bluesky_3e0c071ed37b8b0e157968f831407eca19dec3c9d0820f464c1d2ddc125eeb1f,train,keep,True
reddit_t1_mqacia6,train,keep,False
reddit_1tsyeyo_op14m5r,train,keep,False
reddit_t1_mqjxez9,train,keep,True
twitter_2061826807934976393,train,keep,False
reddit_t1_mvbag6h,train,keep,False
twitter_2061680543746470155,train,keep,False
twitter_2061824151367700914,train,keep,True
reddit_1lc6l57_my0bwfh,train,keep,True
twitter_2061547759233052852,train,keep,True
reddit_t1_my2qj67,train,keep,True
bluesky_67414dbc11eb614dc20f0d4c5514ae17453685d776988a0b990677cbdfd554da,train,keep,False
twitter_2060496270519603406,train,keep,False
reddit_t1_mt7ok6g,train,keep,False
bluesky_529068b4610b2644d9a074cb2561bc64360a3751ce76290b2464868b03c96816,train,keep,False
bluesky_ce5065fdd1f827bd90e7fcb55b562fc855b4cdd63913160405ab7d76a3105799,train,keep,True
bluesky_7510b1ef3e805132a1d316e66627cf7bd0fcef69ff0f497e1510613702fe471a,train,keep,False
twitter_2059645479269392628,train,keep,True
reddit_t1_mtil9l2,train,keep,True
reddit_1ktr626_mtvwoe4,train,keep,False
reddit_t1_mx42lgk,train,keep,False
bluesky_d7a60b9919205bcfbae619d560511aa642b8534221d9b5f0ba03bfbb7de6d1ba,train,keep,False
reddit_t1_mwbczxh,train,keep,False
twitter_2060758270881701904,train,keep,True
reddit_t1_mz6bwlm,train,keep,False
reddit_t1_mu5mobj,train,keep,True
reddit_1tsx0f1_ooygdr1,train,keep,False
reddit_1ksecvh_mtlnef1,train,keep,False
twitter_2061543837730832512,train,keep,False
twitter_2061477629312516163,train,keep,False
bluesky_70ca64e2dc87592962e8aaa280c47d4545053fcebd523877c47695c7080f0038,train,keep,False
reddit_t1_mr031s1,train,keep,True
reddit_1kd99ys_mqbvbbv,train,keep,True
reddit_1tpf0kw_oo9nk20,train,keep,True
bluesky_b77b22cf3496cd1d1a4c821a3055395b24102c13204e039d1ac907fd5b561d5e,train,keep,True
bluesky_27e28645af07470d31c571921eeee8c430bee6bf4bdbd65ee3b71e82113654d7,train,keep,False
reddit_1twq42a_opqu0ra,train,keep,False
reddit_1tb0kz2_olf8kgy,train,keep,False
bluesky_2a922a7ea8bde778c691fe60011cac520de750b592c0e0a6da737f53d631682c,train,keep,False
twitter_2061786183705722902,train,keep,True
reddit_t1_mzxsgjx,train,keep,False
twitter_2059756068943659423,train,keep,False
reddit_t1_n049mad,train,keep,False
reddit_1tn4kot_ooj4708,train,keep,False
twitter_2061783944991854600,train,keep,True
reddit_t1_n0d234u,train,keep,True
reddit_t1_mv590du,train,keep,False
reddit_t1_mzko67g,train,keep,False
reddit_1u237rb_oqulsf5,train,keep,True
reddit_t1_mvbgafq,train,keep,False
reddit_t1_mtvf04m,train,keep,False
twitter_2061806367367717277,train,keep,False
reddit_t1_mvza4z2,train,keep,True
reddit_1ktmbbx_mtuzk3d,train,keep,False
bluesky_b66a5f9a560b10c259a0cc3b2a76e82e70280fb72d495e8dd034ff21ca5c7b66,train,keep,False
reddit_t1_mqr2jgg,train,keep,True
twitter_2061138122872631604,train,keep,False
twitter_2060345418026811519,train,keep,False
reddit_t1_mv260hn,train,keep,False
reddit_t1_mzpxydt,train,keep,False
reddit_t1_mt0et61,train,keep,False
reddit_t1_mzm5oi5,train,keep,False
reddit_t1_mzmb26j,train,keep,True
reddit_t1_mr43yci,train,keep,True
reddit_t1_mwa7zha,train,keep,False
reddit_1tt8k9j_op11orb,train,keep,True
bluesky_f285cebbad63e0d99e74b705fb6f71c8f6a2d5e51ee8e81ab71682c76e0b27d4,train,keep,True
reddit_t1_ms212hz,train,keep,True
reddit_t1_myp8hao,train,keep,True
bluesky_5fb89c0de5cdb5c7b74f283bd45a892b7a325c01c1464f2346773847fdb6ac71,train,keep,False
reddit_t1_mq0lkqt,train,keep,False
reddit_t1_mqzxsk9,train,keep,False
reddit_t1_my0u4fj,train,keep,False
reddit_1tzs7nk_oqdxaiy,train,keep,True
reddit_t1_mz51n60,train,keep,False
reddit_t1_mwzjw36,train,keep,False
reddit_1tp5g11_oo68eji,train,keep,True
reddit_1tnobm9_onvowr1,train,keep,True
reddit_t1_n0haylj,train,keep,False
twitter_2061548393453834431,train,keep,False
reddit_t1_mrhyjmt,train,keep,True
reddit_1l3aflb_mvzr06r,train,keep,False
reddit_t1_mz32r19,train,keep,True
reddit_1ko3yf3_msqit66,train,keep,False
reddit_1t6icvj_okiff3g,train,keep,True
bluesky_b9dd938c5a2252eef62be8b5701f7eff661d93b8095ef9ced3e8817ea1a2707b,train,keep,True
reddit_t1_msd1czm,train,keep,False
reddit_t1_mvpkm44,train,keep,False
twitter_2061824087224472008,train,keep,False
twitter_2061824717078540707,train,keep,False
reddit_t1_mxmsvtc,train,keep,False
bluesky_87e472a9ed62e33b3df62b2dec7f78ff0425666fd61e99ff1b3f4ff0b8094377,train,keep,True
reddit_1kpgf6p_msyfy3k,train,keep,False
reddit_t1_myh1woi,train,keep,False
twitter_2061689270902153329,train,keep,False
reddit_t1_mw96dx5,train,keep,True
reddit_t1_mqpnchd,train,keep,False
reddit_1tp6tgh_oo6l8bs,train,keep,False
twitter_2060050973079269417,train,keep,True
reddit_t1_msw14fo,train,keep,True
reddit_t1_mrd0346,train,keep,False
reddit_t1_mshli2m,train,keep,False
twitter_2061240670526853406,train,keep,False
bluesky_386dc688dbaf40161ce585257e58685e348974683ca7bb42071ee19a2afb5685,train,keep,True
reddit_t1_mrzlz0o,train,keep,False
reddit_1knep98_msjkx4l,train,keep,True
twitter_2061799183078609351,train,keep,True
reddit_1l9x4u6_mxg3w58,train,keep,True
twitter_2061556995572776993,train,keep,True
reddit_1tzs7nk_oqd3ylo,train,keep,False
twitter_2059639324375720012,train,keep,True
reddit_1txrvp0_opy4rgh,train,keep,False
bluesky_88d8f27ff7484895600622a8d9211313641feec68b06aec362acedbd934eb58c,train,keep,False
reddit_t1_mv2m84m,train,keep,True
reddit_1t4dzcm_ok32jfm,train,keep,False
reddit_t1_n06c1h8,train,keep,True
twitter_2060391239422193675,train,keep,True
bluesky_78861ae440c508cfca9c85cb1a7d6aa735db605ebec6e094c77558368260db43,train,keep,False
twitter_2059692645220282431,train,keep,True
reddit_1u2194a_oqu4835,train,keep,True
bluesky_6baeee59cba51c9036e3bad2f047c8c1864ff063c00296ec8dd4a82d55e44aa0,train,keep,False
twitter_2059303444901454196,train,keep,True
reddit_t1_muj64vj,train,keep,False
twitter_2059311112953200661,train,keep,False
reddit_t1_mt8f338,train,keep,False
reddit_t1_mykhdhs,train,keep,False
reddit_t1_muejiaw,train,keep,False
reddit_t1_mz2szbd,train,keep,True
reddit_t1_mrglakd,train,keep,False
reddit_t1_mwypakh,train,keep,False
bluesky_49bdc150e48d44055aa3691aafa96f4e7af393d8219b7d7569d04fb3669fc031,train,keep,False
reddit_t1_n0f3bdr,train,keep,False
twitter_2061763204410229146,train,keep,True
reddit_1tn7lg4_onu4d7k,train,keep,True
reddit_t1_mqt2h7m,train,keep,True
reddit_1l0z9lm_mvid43d,train,keep,False
reddit_1l0z2b8_mvip3t1,train,keep,True
reddit_t1_mrnyng7,train,keep,True
reddit_t1_mspmegd,train,keep,False
reddit_t1_mx0ecd8,train,keep,False
reddit_1llpslt_n03galz,train,keep,False
bluesky_395b570c04001fe971de808fe8ab4a4ef5a08210719c7f0731e34b8e01d1c196,train,keep,True
reddit_t1_n0b8rw7,train,keep,False
bluesky_30109776f0c2e0df58b5a3ae3d233d222d36cd8f7239a4fd98bd7a046a605272,train,keep,False
reddit_1twgtct_oppujke,train,keep,False
bluesky_d7d57ab0cdebb43b07ae2497c6c46c2de5ac114fdcebc42162621a812b3233ee,train,keep,False
reddit_1t4dzcm_ok2gz77,train,keep,False
twitter_2061466289613541635,train,keep,False
twitter_2061609390323450319,train,keep,True
twitter_2061778561745223782,train,keep,True
bluesky_204aed1335f741903d9f0d165ed46d1b41251a62bbfdeadd38797ed3f4e1d7d1,train,keep,False
twitter_2061259839897227548,train,keep,False
reddit_t1_mzssjqh,train,keep,True
twitter_2060249532940579284,train,keep,False
reddit_1txi7g6_opwoj7r,train,keep,True
twitter_2061513404695638193,train,keep,True
twitter_2061800144719532348,train,keep,False
reddit_1tuly4n_opbbt0y,train,keep,False
twitter_2061558904975217053,train,keep,True
twitter_2060544855038709988,train,keep,True
reddit_t1_mx7yaf1,train,keep,True
reddit_t1_n0avw24,train,keep,False
reddit_t1_mxb4ri8,train,keep,False
reddit_t1_mr3zvgi,train,keep,False
reddit_t1_msirj7o,train,keep,False
reddit_t1_mw8n53y,train,keep,True
reddit_1txme1m_oqi0bwm,train,keep,False
reddit_1t77zwb_okn8n37,train,keep,False
reddit_t1_mrmt1bx,train,keep,True
reddit_1u23s25_oqy10l0,train,keep,True
bluesky_835422aab01170533eb23c4b47c04ebf511561b6292dc93698480eb5cfffac26,train,keep,False
reddit_1tuqjld_opbhucx,train,keep,False
reddit_t1_msounim,train,keep,False
reddit_1tv7vfu_opg8z19,train,keep,True
reddit_t1_mw56y9i,train,keep,False
reddit_t1_mx2swye,train,keep,False
bluesky_fd1b2a9c2ed5071ab9d923815da273b2ee4e6d45516e498bdebadfbe3053331e,train,keep,False
bluesky_9321f5fbb63696c8e2bcc0fb230849cbd7a479cf2538a53dc04b5f4cfb669953,train,keep,False
reddit_t1_mq6gkhu,train,keep,False
reddit_t1_mqp80eg,train,keep,True
reddit_t1_mxl6ou8,train,keep,False
bluesky_291177513667380b216e18b003d8a1c88211764d844492f048b94241cdd1e49d,train,keep,False
reddit_1lb7j2l_mxqcwtt,train,keep,False
reddit_t1_mrp4eia,train,keep,True
reddit_1tbymrb_olokih9,train,keep,True
reddit_t1_myoi240,train,keep,True
bluesky_721efb908a881f29189500484a52d5b80de95bb26a35d32b462de3629b59fe47,train,keep,True
bluesky_4133a59b37ffac5d048f2d63d766344cd25b51d5654d237bea5892eaf80043cf,train,keep,False
reddit_1tv99t4_opj87qw,train,keep,True
reddit_1ksr6ho_mtnu98t,train,keep,False
reddit_t1_mqfeno0,train,keep,False
reddit_1tn7lg4_ont1ure,train,keep,True
reddit_1td4d2o_oltnu9v,train,keep,False
twitter_2061541440388243817,train,keep,False
twitter_2061815897514270750,train,keep,True
reddit_t1_mtync6i,train,keep,False
reddit_1tx0770_opzw67y,train,keep,False
twitter_2061831076033569057,train,keep,True
reddit_t1_mv52whu,train,keep,False
reddit_t1_n01nrnv,train,keep,False
twitter_2060715792807743954,train,keep,False
reddit_1tyqb64_oq5hq28,train,keep,True
reddit_1tsgnti_oow86pq,train,keep,False
bluesky_121a03a0faff16a7ddcec656aeef5b60771df48a5c9a5a9ef22b4e346f4f6195,train,keep,True
reddit_t1_mqx5dm7,train,keep,False
bluesky_ffeb2aba50fe1682ae8ef8e6368fe0a30fed629ccfd7ea87decccdba4c0e2f5c,train,keep,True
bluesky_fca4c043c834a1ce7005f437c9fa3347171582bd7f2da381af2abb68b939c6b1,train,keep,True
reddit_t1_msnuuak,train,keep,False
reddit_1u15vgg_oqnvhra,train,keep,False
reddit_t1_mtjyhf8,train,keep,True
reddit_1tw81gp_opmkf0q,train,keep,False
reddit_t1_mxzo6uh,train,keep,False
bluesky_e0550a916d071ad1ab5946317ffde0f7c35fce94c0924599dcb82b5e345e92b7,train,keep,False
twitter_2097047546632020339,train,keep,True
reddit_t1_myygci5,train,keep,True
reddit_t1_mq2v53g,train,keep,True
bluesky_8ea2c04120ea894b24da328fbaeb12fa0fcabf03742194c703d988c676c3b448,train,keep,True
reddit_1tuue1j_opdmiro,train,keep,False
bluesky_77c74b4a98f858b6746f40d5231d246393dc57283f092972e37f312765426e00,train,keep,True
reddit_t1_mucrvuv,train,keep,False
reddit_1tlgx2b_onh0q3b,train,keep,True
reddit_t1_msoy1d7,train,keep,False
reddit_1u2ekz6_oqxivff,train,keep,True
reddit_t1_n09argz,train,keep,True
reddit_1u08yl1_oqibp3m,train,keep,False
bluesky_4ed9b058983e2984d1022bd64151c53dd0a9e35d063c422452760689981ea797,train,keep,False
reddit_1kze0f3_mv5kldc,train,keep,False
bluesky_2cf861cf565dbdbbd799809df4849852af2c3f856bb66e92f412fc724265fbd7,train,keep,False
reddit_t1_mrh5p2j,train,keep,False
twitter_2097053437330342084,train,keep,False
twitter_2061189475862974955,train,keep,True
twitter_2097000450205585773,train,keep,False
bluesky_72fc1b724ce75e2d6c1bb02c81fbf1d4ae51dcc977fc0e6138f2a3643f6ae44f,train,keep,False
bluesky_ee361e0e26909981e2ddffce20d16057fb26b54488614f61aba2fffc8e62e94d,train,keep,False
reddit_1klrtv5_ms4wvfw,train,keep,False
reddit_t1_mtv2iv2,train,keep,False
reddit_t1_mst8g32,train,keep,True
reddit_t1_mqwdmag,train,keep,False
reddit_t1_mvtr12c,train,keep,False
reddit_t1_mrcwvjl,train,keep,False
bluesky_6b52019552e95d53cc3ef144270b41ded3534fb55d9f4f40e6d954990ce83d22,train,keep,True
reddit_1tkvbmy_ondf200,train,keep,True
twitter_2059643295228146142,train,keep,False
twitter_2061546086007705601,train,keep,True
reddit_1tqhy93_oogvcmv,train,keep,True
reddit_1ti75h1_omsznur,train,keep,True
reddit_t1_mtiavk9,train,keep,True
reddit_1u1ngzk_oqubyxv,train,keep,True
twitter_2061524380115464597,train,keep,True
reddit_1tqrtho_oopjgsz,train,keep,False
bluesky_99c518ad2f3af1340167e391e4944efeafc44a202f2c5845a4bc7540becc8290,train,keep,False
reddit_t1_mxs6rjv,train,keep,False
twitter_2060369757598076962,train,keep,True
reddit_t1_mtg4x5i,train,keep,False
reddit_t1_msusfvd,train,keep,False
reddit_1u1nsuy_oqrisid,train,keep,False
reddit_t1_mq0xfxw,train,keep,True
reddit_t1_mr5luvj,train,keep,False
reddit_1tpf0kw_oo8mlvl,train,keep,True
reddit_t1_mz3jinf,train,keep,True
twitter_2060170282426351957,train,keep,False
bluesky_f907606f4e5710eb7a578ec6a7154fb5b3a45cbfd724fa8aa8f4635c91c1a04d,train,keep,False
reddit_1ti151j_omreu3n,train,keep,True
reddit_t1_ms05i77,train,keep,True
reddit_t1_mtk4xy4,train,keep,False
reddit_t1_myd7kfo,train,keep,False
bluesky_14bbea72684749b612eabaac1fe7259ef50106ae7db8ca601ea8b16800c7d7d0,train,keep,True
twitter_2061655416501674110,train,keep,True
reddit_1tzwh8s_oqfe6nv,train,keep,False
bluesky_77a988cdaeb8a4ec5becd7ac4bc333aae0d4b4ce0e2b7bb1f9c1e316ce548ef5,train,keep,False
twitter_2061437370470129700,train,keep,False
twitter_2061781054898184661,train,keep,True
bluesky_3f42053cc432bd58bb63a9ffbeb1c7bacc98b6c387dd0d6bcbe6ed358dd071e4,train,keep,False
reddit_t1_mw6kbw7,train,keep,False
reddit_t1_mt8hmzg,train,keep,True
reddit_t1_mqduo6s,train,keep,True
reddit_1kj1005_mrmt0d5,train,keep,True
bluesky_37868b2a0ee3079dfc560393d097d398af130c70df16f746b68d02b4309a11da,train,keep,False
bluesky_481f4c1cd39971e44b03483d3bd0e804250d74d6c1249ca4f392cd759241408d,train,keep,True
reddit_t1_mv1kj3b,train,keep,False
twitter_2061812598803255649,train,keep,False
reddit_t1_my6fdva,train,keep,False
bluesky_6f2dbce0485cdf7320dbe972323d828a73fe4fe1a2f6b82c495ce9ec69401ed5,train,keep,False
reddit_1u0k7q8_oqkevst,train,keep,False
reddit_1tlu4l3_onitj4j,train,keep,True
bluesky_8472cd7480597f14ce600feb6e55004043623bd7353896b9ea20e3dec7bf092e,train,keep,True
bluesky_9b99ba7c1bd4a6e62b87f68446244163fbb47cab53f546eef1eb8156bcba1a34,train,keep,False
bluesky_af14b9cfa65ed57322062786ef830ca5e56874b24c47b45f75fb7b24f3ddc8a5,train,keep,False
twitter_2096659697566646490,train,keep,True
bluesky_e571d8f207eb4406464cb173c50e0311ae93d2341ef6b5652d60d27d955d7903,train,keep,False
reddit_t1_mtz87au,train,keep,False
reddit_1tqer7a_oohq6i2,train,keep,False
reddit_t1_n0h0vy2,train,keep,True
reddit_1txsm52_opza6de,train,keep,False
reddit_1u20knn_oqx44iq,train,keep,False
twitter_2060431342266097846,train,keep,False
bluesky_32f85cca4a13c5e4ecc7307e577ff0d6d9414a5f571cd7cb5ecf7a39e39ebdb2,train,keep,True
reddit_t1_mztf3xp,train,keep,False
reddit_1trb2js_ooo1j99,train,keep,True
bluesky_36f245f35f146f5991458cabf315543cd736a1223c9f069300d46fe69288b171,train,keep,False
twitter_2097069851848372477,train,keep,False
reddit_t1_mrfr9bh,train,keep,False
twitter_2061099750779187582,train,keep,False
reddit_t1_mq0bfog,train,keep,False
reddit_1kgcayc_mr1ppss,train,keep,False
reddit_t1_my8ly4b,train,keep,True
bluesky_37d6459e782384b66c310223628ea260070890566cc64b1c9b707730b88303c3,train,keep,True
reddit_t1_mxajblk,train,keep,True
reddit_1t4l69v_omzbreb,train,keep,False
twitter_2061529386159927499,train,keep,False
reddit_1tdeeum_olvcq3u,train,keep,True
reddit_t1_mw90a99,train,keep,False
reddit_t1_mzf3zf7,train,keep,True
reddit_1u0l8qh_oql1592,train,keep,True
twitter_2061731997160993092,train,keep,False
bluesky_8653929634cff1093bd9475639835f7d0cbc42fb56cf4c6f71ee4031ea97d297,train,keep,False
twitter_2061175974834647257,train,keep,True
reddit_1ts2hnv_oovh9us,train,keep,False
reddit_1tnobm9_onvnqez,train,keep,False
twitter_2095965371375169835,train,keep,True
reddit_t1_my5sn1e,train,keep,False
bluesky_8042da227e0559db2f33aace2d654dce3f71fcffeb32a471b5cfc539ff6049cd,train,keep,False
twitter_2061802858849144984,train,keep,False
twitter_2061531052519342210,train,keep,False
reddit_t1_msu3z8o,train,keep,False
bluesky_6d71301dbf8162a0afa9c436ef6d751cb28535ade58485a5801a32cc0022bca2,train,keep,False
reddit_t1_mrf8ig4,train,keep,True
bluesky_462f090b4b4bd06dc91f52b4435e84ba1afda156fe1444a341390b0e48b792b2,train,keep,True
twitter_2061824896850882746,train,keep,False
bluesky_e5d085943b7104b4abfa8c04161818038e68b94b681c7a4dde8c4d337ee25f8d,train,keep,True
twitter_2096396975553831276,train,keep,True
twitter_2096232917961777582,train,keep,True
bluesky_49a1dfceed955c4311aedc1b530da300068b9971d4db5e89f13cdf28a994337b,train,keep,True
bluesky_8f741123b94a69b9ac2022cad73ff70ee96b052dc016476b16cc173bc40cf6ec,train,keep,False
reddit_1tezk4y_om6t3b3,train,keep,True
reddit_t1_mq9jh4j,train,keep,False
twitter_2097117372796580180,train,keep,False
reddit_1txopv4_opxh0dd,train,keep,False
reddit_1u1z88l_oqulkan,train,keep,True
bluesky_00efc34ac2738154e7f93b9e110637107b810be4ae2173e8657241f3d1fdd206,train,keep,True
reddit_t1_mt46142,train,keep,True
reddit_t1_msnm63z,train,keep,True
reddit_t1_ms9nnlz,train,keep,True
reddit_t1_mq7gl1w,train,keep,True
reddit_t1_mrp452a,train,keep,False
reddit_1tzjirf_oqbu2p3,train,keep,True
twitter_2059249692026794085,train,keep,True
reddit_t1_mzzdoy6,train,keep,False
reddit_t1_mrdt1qm,train,keep,False
twitter_2061822122570166292,train,keep,False
reddit_t1_ms55jti,train,keep,True
reddit_1twq42a_opr32cc,train,keep,False
reddit_t1_mxsr1tk,train,keep,True
bluesky_437603cc80a3b83f4d6f087c835849919eece8d89e4cde05caa704eaa4723f64,train,keep,True
twitter_2095960242748043720,train,keep,False
bluesky_8d8be37583049b1632fce92be7f2fa4a5145b2a8648d724fe0adc147da080e21,train,keep,True
reddit_1tdva8i_om04w8w,train,keep,False
reddit_t1_mv51brz,train,keep,False
reddit_t1_myjun88,train,keep,False
reddit_t1_mz2mv7d,train,keep,False
reddit_t1_mv6njve,train,keep,False
reddit_t1_mzx1uk6,train,keep,False
twitter_2060161164961857562,train,keep,False
bluesky_613b9c04e09699cf63befc9ee6449012944a0b2c38e926f574b133d8782dc89c,train,keep,False
reddit_t1_mxxkaqb,train,keep,False
reddit_t1_n0410dw,train,keep,False
bluesky_8a71f55fad26ea17088d2f478fd62ded4b9bfb72a9f803ad219c7d3af0b96d9d,train,keep,False
twitter_2060778264029782163,train,keep,False
bluesky_cb7d9a66e5b1ee0c25e55f2f36a739b19078fc7c3dacafc4e8e75ed3eebb2359,train,keep,False
reddit_t1_n0iddcw,train,keep,False
reddit_t1_msxbcfq,train,keep,False
twitter_2061150270600389017,train,keep,False
reddit_t1_mqryeku,train,keep,True
reddit_1u2almy_oqw7hcj,train,keep,False
reddit_1tim947_omyeiul,train,keep,False
reddit_t1_mtpiqxo,train,keep,False
reddit_t1_mt6t6ym,train,keep,False
twitter_2096454415133643115,train,keep,True
reddit_t1_mz873gs,train,keep,False
reddit_1tnf5qd_onvwhit,train,keep,True
reddit_t1_mxzeoiw,train,keep,False
bluesky_c94d3164687596d7e91647ad960ebf964c119a2f917f6db883cd9813a47ca69a,train,keep,False
bluesky_ba2a2406cca828ede6ccdafef1eb6df2a1868e22b158ddaa2c2be9844d994fe3,train,keep,True
bluesky_9feac9293bec5b2f8deb2aa41c60e38756d444cb705d2d1932be3c5b81b9dc81,train,keep,False
bluesky_e75ba727bdb4dcd84bd5b3992fbf8d15eeb44757511fa20160ed9155205b4020,train,keep,False
reddit_t1_mzz35eu,train,keep,False
bluesky_4c347d1b1002d13d1dc7145f4160ca0efb5c95a8b86884f2e6e054cd50e474ce,train,keep,True
reddit_t1_mrf25qm,train,keep,True
reddit_t1_mqy2crg,train,keep,False
reddit_1u0y79a_oqnwqwe,train,keep,False
bluesky_7828419c48fc0121af59e53d12bd126d094fd204348bdd0a38f204d6a4373e45,train,keep,False
reddit_t1_mwnhfn0,train,keep,True
reddit_t1_n0ijmpc,train,keep,True
bluesky_5732665b6eb5c2acdf29f22e5cd19ad466abd57f8622e139ac876733b265a049,train,keep,False
reddit_t1_mx1b95h,train,keep,False
twitter_2059852379067916547,train,keep,False
reddit_t1_my00uif,train,keep,True
reddit_t1_my1sf1o,train,keep,False
reddit_t1_n0gqgan,train,keep,True
twitter_2061537841998381347,train,keep,True
bluesky_e7f5decd909450ba6a5ff2f1db86b0c729716b6c891fed737d4df66570cf34c2,train,keep,False
reddit_t1_mtqdzjo,train,keep,True
reddit_t1_mwnlk6p,train,keep,False
reddit_t1_mto43xv,train,keep,False
bluesky_6e70d1e5c0148e8ca74c2f7149f44aa7623e34ce15746238ed14e9a52287c55a,train,keep,False
reddit_1ttx203_op6dyix,train,keep,False
reddit_t1_mts3lhd,train,keep,True
twitter_2060013479810007088,train,keep,False
reddit_1kiip7v_mrf22ag,train,keep,False
reddit_t1_mzvti9e,train,keep,False
reddit_1u2ek28_oqx054h,train,keep,False
reddit_1u276eu_oqw2945,train,keep,True
bluesky_da56d102b50a2a2d07c2f71a59a387b1aad456f71a0189d656d984db93acf06f,train,keep,False
twitter_2095968908323045689,train,keep,False
twitter_2061819938440888488,train,keep,False
reddit_t1_mz6sgx2,train,keep,True
reddit_1u2gx09_oqxj3xk,train,keep,False
twitter_2061220016868229615,train,keep,False
reddit_t1_mscadlc,train,keep,True
twitter_2061509187604005350,train,keep,True
reddit_t1_mv4inb6,train,keep,False
reddit_t1_my3q9gl,train,keep,False
reddit_1tqcf7r_ooh4i13,train,keep,False
reddit_1ljlipu_mzkp8uz,train,keep,False
reddit_t1_mwffgaf,train,keep,False
reddit_1l5piym_mwj0nwu,train,keep,False
reddit_1tw6zcr_opn8bfp,train,keep,False
reddit_1tt99ox_op19p6g,train,keep,False
reddit_t1_mtd2bwc,train,keep,False
twitter_2061804353774555529,train,keep,True
reddit_t1_mvufhtd,train,keep,False
twitter_2060860010494845089,train,keep,False
reddit_t1_msxjvlm,train,keep,True
reddit_t1_n05mxkn,train,keep,True
bluesky_899b66bb6a95ca339630c292181c8fd4ba1aeee331a9c11ae75080017da23830,train,keep,False
reddit_1trb2js_oow2xvn,train,keep,False
twitter_2061828050602332457,train,keep,False
bluesky_0d0774fb4709ffd21fffa6d0be781a9833e42ddf80c35ad4f2d41feb186eb695,train,keep,False
reddit_t1_n06nb0m,train,keep,False
twitter_2060891809526558981,train,keep,True
reddit_t1_mspkrue,train,keep,False
bluesky_db162beb15b4ffca2316d426506e692caad6053be23b2b8edb9fb602a1eda8f7,train,keep,False
bluesky_7d9514368ecff99a5bb5bc31dc4cba02d372ea7b6178893106d2b6793a6111e2,train,keep,False
reddit_t1_mq1lvlp,train,keep,False
twitter_2061779954530931176,train,keep,True
twitter_2061001468119814605,train,keep,True
reddit_1u18ir0_oqoxnpt,train,keep,True
reddit_t1_msvue0z,train,keep,False
reddit_t1_mywnx31,train,keep,True
bluesky_b66bf8c886f34176c55a1cdae12456a1c6c9d8a9cc385041967a6b61ce46d04e,train,keep,False
bluesky_b19099eb6419f4223ea05227c5a79d3fb35ec53d412dc44f51059a1e9805f3aa,train,keep,False
reddit_t1_n0bvxv5,train,keep,False
reddit_1til7dr_omxdgtk,train,keep,True
reddit_t1_mxw9a0g,train,keep,False
reddit_t1_mwyklpl,train,keep,False
reddit_t1_mrs8ong,train,keep,True
reddit_t1_mq3l94s,train,keep,False
reddit_t1_mq1sk7m,train,keep,False
twitter_2061824115540156814,train,remove,False
reddit_t1_mv965bq,train,remove,False
reddit_1ti509f_oms79tg,train,remove,False
reddit_t1_my03kw7,train,remove,False
reddit_1t3183a_ojsd0ci,train,remove,False
twitter_2060390403933905135,train,remove,False
reddit_t1_mx0y4ki,train,remove,False
reddit_1kw2jxy_mufd0ok,train,remove,False
bluesky_6cae732877ce9f0011b451934fa0d939a4fe65aef83b9b8524551f9f1d5e414c,train,remove,True
reddit_t1_muqy600,train,remove,False
twitter_2061106504758157770,train,remove,False
reddit_t1_mwxgul3,train,remove,False
reddit_1kmahx0_ms9gt18,train,remove,False
reddit_t1_mt1781m,train,remove,False
reddit_t1_msxudnk,train,remove,False
reddit_t1_mwk5lnn,train,remove,False
bluesky_bd41fc53ca3ef2e038feeb4ff76a65f82b3c1c47579e8399dec668d9872cacdf,train,remove,False
reddit_1ttsfrd_op4sqdu,train,remove,False
bluesky_5e39d74dc3c44766119bda6f9b8ad7de128a1106422e0216f863b3bc9a1a4455,train,remove,False
bluesky_bd98a3f284c916c30be0b81f79c3ce101be7cf685e22abb9cdd386e96dddd3ad,train,remove,False
twitter_2061826143138009262,train,remove,False
reddit_1l2nx8d_mvwfy4p,train,remove,False
reddit_1tt6o9m_op0prr6,train,remove,True
reddit_t1_mqeuqwz,train,remove,False
twitter_2060708070758416550,train,remove,True
reddit_1lenyao_myhvqsg,train,remove,True
reddit_1tvll8k_opicflf,train,remove,False
reddit_t1_mtxq3gy,train,remove,False
reddit_t1_mw9azlq,train,remove,False
reddit_t1_myc0n5b,train,remove,False
reddit_t1_mzqeunx,train,remove,False
twitter_2061786442943111613,train,remove,False
reddit_t1_mr0ikqa,train,remove,False
reddit_1tqhy93_oohwbaj,train,remove,False
reddit_t1_mq6l35i,train,remove,False
reddit_1lcjsg0_my23btf,train,remove,False
reddit_1tuttj1_opr6bav,train,remove,False
twitter_2061823850740842603,train,remove,False
reddit_t1_mr1fe9p,train,remove,False
reddit_t1_mt8bdzh,train,remove,False
reddit_1tyk8q9_oq3v7yw,train,remove,False
reddit_t1_ms73z3o,train,remove,False
reddit_t1_mysjuso,train,remove,False
reddit_1lhm3be_mz6g2eh,train,remove,True
reddit_1tig64l_omv1r3l,train,remove,False
reddit_t1_mzp9su2,train,remove,False
reddit_1lgg7uy_myw40xj,train,remove,False
reddit_t1_n0352sd,train,remove,False
reddit_t1_mxm9lmy,train,remove,False
reddit_1kqi7y6_mt766jk,train,remove,False
twitter_2061347714630078885,train,remove,False
reddit_t1_mwqeoue,train,remove,False
twitter_2096062577277374750,train,remove,False
reddit_t1_mw7eycs,train,remove,False
reddit_t1_mrlv4sc,train,remove,False
reddit_1td5imr_olsyam9,train,remove,False
reddit_t1_mqg6t9t,train,remove,False
bluesky_64c3282b47d30242b4cbfc3f5458c595b738839570ca2f9465e649f99ec3f243,train,remove,False
reddit_t1_mq5hecm,train,remove,False
reddit_t1_mrhfsag,train,remove,False
reddit_1tu26w6_op8j1pp,train,remove,False
reddit_t1_mvv7fx7,train,remove,False
reddit_t1_mwq94is,train,remove,False
reddit_1kq8hfn_mt5k3ol,train,remove,False
reddit_t1_mqk2ton,train,remove,False
reddit_1l5qes8_mwn7xhp,train,remove,False
reddit_t1_mwltzte,train,remove,False
reddit_t1_mupph41,train,remove,False
reddit_1kbr26e_mpzxdzc,train,remove,False
reddit_t1_mthwglw,train,remove,False
reddit_t1_mum9oat,train,remove,False
reddit_t1_mrjqbtc,train,remove,False
reddit_t1_mwvotb6,train,remove,False
reddit_t1_mxacbm9,train,remove,False
reddit_1lacsv8_mxjv5cd,train,remove,False
reddit_t1_mwpt2dg,train,remove,False
reddit_t1_mzte4kf,train,remove,True
reddit_1lfncw1_mypnvr1,train,remove,True
reddit_t1_n0gdflv,train,remove,True
twitter_2061583692640686146,train,remove,True
reddit_t1_mv5qfd4,train,remove,False
bluesky_3fe81976430e210b3dabed6e8049bc9978973bc75b8c4624f203b7a6a3f7a4ee,train,remove,False
reddit_1lh7g4h_mz44qni,train,remove,True
reddit_1ko3jfj_mso6y2r,train,remove,False
reddit_1td5imr_oltobq6,train,remove,False
reddit_1kbtl03_mpyu8h0,train,remove,False
reddit_1tvumlg_opjoyge,train,remove,False
bluesky_a84a6ad74235b96316def141f0afa584d656575c8d696702b3de0c89c0f66afd,train,remove,False
reddit_t1_murrxj0,train,remove,False
reddit_t1_mzk5mm5,train,remove,False
reddit_1u07sud_oqjux4f,train,remove,False
reddit_t1_mu2t7zc,train,remove,False
reddit_1u08yl1_oqhah8d,train,remove,False
reddit_t1_myo1enk,train,remove,False
reddit_1l55wkp_mwevaw2,train,remove,False
reddit_1u0y79a_oqo0he3,train,remove,False
reddit_t1_msait9w,train,remove,False
twitter_2061470326392066189,train,remove,False
reddit_1kikfi4_mrgyfwl,train,remove,False
bluesky_16777c2b3e06c8e780d16cc58a8a1cf12aaa0333fdbf37b77f8c17571981c68a,train,remove,False
reddit_1kyuc74_mv10eua,train,remove,False
reddit_1kw78m9_mui4iza,train,remove,True
reddit_1kc4qta_mq0uym3,train,remove,False
reddit_1kdkguy_mqdbhtr,train,remove,True
reddit_1tuly4n_opbnx7u,train,remove,False
reddit_1tjno36_on2o77a,train,remove,False
reddit_1kd3ieg_mq8l2ng,train,remove,False
reddit_t1_mrjeczn,train,remove,False
reddit_1kj3p9z_mrmylsx,train,remove,False
reddit_1l5piym_mwjc6mr,train,remove,False
twitter_2059335230952018175,train,remove,False
twitter_2061592861825437927,train,remove,False
reddit_t1_mu2fe6g,train,remove,False
bluesky_66b7b638487b283342ff5aa9239439859c46977d66d55db302e35d4d27358738,train,remove,False
reddit_1l5yq6s_mwlfwnl,train,remove,False
twitter_2097052531914371113,train,remove,False
bluesky_fc740897d4c58ebc57e11de194314f5e9c50a54e24929f199cdb8c59de2772ab,train,remove,False
reddit_1tbl33j_oli2t4e,train,remove,False
reddit_t1_mul14ac,train,remove,False
reddit_t1_mrd64eb,train,remove,False
bluesky_6f9ba3ca2a1822f070efd88c1b6dd6251712da126980aaecd582869241725f1e,train,remove,False
reddit_1t7mvy6_okqb3wn,train,remove,True
reddit_1ks3br8_mtin319,train,remove,False
bluesky_ba2a39bf608e09e022f1b1b488e331799fcb5320fb01d01e6a554e58679907d9,train,remove,False
reddit_1l4toqc_mwbvrr7,train,remove,False
reddit_1ll80f6_mzxrqf9,train,remove,False
reddit_t1_mtjz4bg,train,remove,False
reddit_1tstlbr_ooz08t6,train,remove,False
reddit_1th143w_omkcrg4,train,remove,False
reddit_t1_n0aabn5,train,remove,False
reddit_t1_mtbhq0w,train,remove,False
reddit_1lefckr_myg6570,train,remove,False
reddit_1lhovep_mz5mk8q,train,remove,False
reddit_t1_mrovs89,train,remove,False
reddit_1tvll8k_opi4wgl,train,remove,False
reddit_t1_mut6d15,train,remove,False
reddit_1lah4yw_mxmb885,train,remove,False
reddit_1lk4crl_mzpo02d,train,remove,False
twitter_2061668444253081954,train,remove,True
reddit_1kt8kyk_mtsnl5i,train,remove,False
twitter_2061818570565103849,train,remove,False
bluesky_cd7f5ef7163a06934f444a679af36ad9207466b326e5f7bbad8be78199527a30,train,remove,False
reddit_1ru2z7c_oatzyik,train,remove,False
reddit_1u1z88l_oqtmg09,train,remove,False
reddit_t1_muw4dbe,train,remove,False
reddit_1kwl270_mv8kebl,train,remove,False
bluesky_6923617401913939b3ec186e699bc19b173ab90eb776b0f43ebef890709ec85a,train,remove,False
reddit_t1_mz6eyyq,train,remove,False
reddit_1ljgaqj_mzjljqj,train,remove,False
reddit_t1_msp7php,train,remove,False
reddit_t1_mwb3m7l,train,remove,False
reddit_t1_mvpzbb2,train,remove,False
reddit_t1_mvcdavc,train,remove,True
reddit_t1_mxkww3c,train,remove,False
reddit_t1_mx537vu,train,remove,False
reddit_t1_mtvv8mp,train,remove,False
reddit_1ti6ied_omsbfee,train,remove,False
reddit_1kk1lg6_mru2vmt,train,remove,False
reddit_1lm10zl_n049yc3,train,remove,True
reddit_1liejsg_mzdmc4p,train,remove,True
reddit_1kkq6f9_mrx9c37,train,remove,False
reddit_1lkisll_mzrznv0,train,remove,False
reddit_1l3df7r_mw02wym,train,remove,False
bluesky_82ddf9268037b4c3b08c6deffb13cd1b1a72bf5a13ebe29458c1084b382361f9,train,remove,False
reddit_t1_my31j7o,train,remove,False
bluesky_0c486188a7fd0d0284513b373054984f4cd132028c144427f3f95557db8ba9cc,train,remove,False
reddit_1lis6px_mzelmnk,train,remove,False
reddit_1lge9ni_mywjmbh,train,remove,False
bluesky_07ed5cdebdf14cb04866e2dad61dcd6b088cbd8ef1b2d4c0969cf4cc85d09252,train,remove,False
reddit_1kth04w_mtudepw,train,remove,False
reddit_1txrv9p_opypogo,train,remove,False
reddit_1u2ek28_oqwulr4,train,remove,False
reddit_1lbol1g_mxuoti2,train,remove,False
reddit_t1_mx231lj,train,remove,False
twitter_2061739648871796826,train,remove,False
reddit_t1_mw26oh2,train,remove,True
reddit_t1_mq0jqce,train,remove,False
reddit_1l4w3d1_mwd735w,train,remove,False
reddit_t1_mqwiw6u,train,remove,False
reddit_t1_mzlyn1e,train,remove,False
twitter_2061594906594791853,train,remove,False
reddit_1kouuvz_msu3nql,train,remove,False
reddit_1tzhbpv_oqay57u,train,remove,False
reddit_t1_myg08oa,train,remove,False
reddit_1kdu3ja_mqdt8oa,train,remove,False
reddit_1l29vo2_mvrlh0x,train,remove,False
reddit_t1_mr0x595,train,remove,False
bluesky_c7eb9a488dee43ed47937e977500496ddfefd22e5d9d65ce7f0b859635645c50,train,remove,False
reddit_t1_mtpw3tb,train,remove,False
reddit_1tv1z4j_opdrsoq,train,remove,False
reddit_t1_mxeit2c,train,remove,False
reddit_1tzwh8s_oqfrfus,train,remove,False
bluesky_500ffee515fb0cb885e236b4c57572f8ab3f67cc9eaa2fa0851af50bfd873286,train,remove,False
reddit_1kn5i1j_msfy17r,train,remove,True
reddit_t1_mv4gnrx,train,remove,False
reddit_t1_n08q1m1,train,remove,False
twitter_2061491376949260383,train,remove,False
reddit_t1_ms1ib73,train,remove,False
reddit_1ti5cqx_omvmh7g,train,remove,False
reddit_1lk9fco_mzqzk0i,train,remove,False
reddit_1kuqyux_mu5f62r,train,remove,False
reddit_1kfohcu_mqtbh7e,train,remove,False
bluesky_c0b49d963112c0e01f9aca56cb780df67feeff912f7ee89c2364acf92d6841f9,train,remove,False
twitter_2061242589756494191,train,remove,False
reddit_t1_mus1rnk,train,remove,False
reddit_t1_mww09s8,train,remove,False
reddit_t1_mu1f0tn,train,remove,False
reddit_1lfbzhs_myp2wet,train,remove,False
twitter_2061818203622314275,train,remove,False
bluesky_56ae179fff66c6e1c287f55acf8e0abed9064002f0962e2b2fab1151b8d331bf,train,remove,False
reddit_1lc77jc_mxz4v16,train,remove,False
reddit_t1_mzue04i,train,remove,False
reddit_t1_mqmjt98,train,remove,False
reddit_1l6sri1_mwt4jbd,train,remove,False
reddit_1l5y6fx_mwku2i6,train,remove,False
reddit_t1_mrzgg37,train,remove,False
reddit_1lj8oo7_mzjygq7,train,remove,False
reddit_t1_myh7jmu,train,remove,False
bluesky_7a733fd5cdd1247cea8a57efca5fba51db862949ca231d5b8dfa9ef94804db5d,train,remove,False
reddit_t1_myfd6ax,train,remove,False
reddit_1lb0ja7_mxp0lwi,train,remove,False
reddit_1u08yl1_oqgr65k,train,remove,False
reddit_1lm2oc6_n07u8ju,train,remove,False
bluesky_9a34d5776d1b5e898bae7a30f919b223a80b6ef9bd9b55ec5a2d27b9067e42f6,train,remove,False
reddit_t1_msw483c,train,remove,False
reddit_t1_n0hymig,train,remove,False
reddit_t1_mqf9ffa,train,remove,False
twitter_2061791550372286589,train,remove,False
bluesky_1f618eb22c2517e63f0a9f3b1316090c10646898191d3772ff8b3755f98af925,train,remove,False
reddit_1kdhcse_mqd48za,train,remove,False
twitter_2061781946678595662,train,remove,False
reddit_t1_mue2gej,train,remove,False
reddit_1l9jweg_mxds70k,train,remove,False
reddit_t1_mrp30x3,train,remove,False
reddit_1twc1po_opsc36p,train,remove,False
bluesky_3bc6d99f062cddea4d79fcc3afd31ca69751ef0ef08d98b0319c3f4444e03372,train,remove,False
reddit_1lbi6xc_mxtdusn,train,remove,False
reddit_t1_mx4ysfm,train,remove,False
bluesky_70c53f5688b7b6c5c27121d202972bfc56de3306e3d50e45382614087dc8b204,train,remove,False
reddit_1knq26w_msm8lau,train,remove,True
reddit_t1_mtrznlp,train,remove,False
bluesky_7d5a4589131069e4aff42d46726452cfd887debb47730d0e5364a903de365206,train,remove,False
twitter_2061800321374978463,train,remove,False
reddit_1tt8acb_op97aqo,train,remove,False
reddit_t1_myp2dvj,train,remove,False
reddit_t1_mqats1d,train,remove,False
reddit_1l94fh5_mxanzgv,train,remove,False
reddit_t1_mumz14t,train,remove,False
reddit_1ttbse9_op1gwco,train,remove,False
reddit_t1_mtnnop4,train,remove,False
reddit_t1_n0a4bhi,train,remove,False
reddit_1kkmvb6_mrxrv5u,train,remove,False
bluesky_70c3e02de654ddbcfe063fcf243c3ac663b72fa93a7d48511f32f22fab7db0e5,train,remove,False
reddit_1ktqf9l_mu8c2yu,train,remove,False
reddit_1td83n8_olu1gik,train,remove,False
reddit_1knep98_msmbjen,train,remove,False
reddit_t1_mx03jjt,train,remove,False
reddit_1twjfmj_oppm5xk,train,remove,False
reddit_t1_mvumfv8,train,remove,False
bluesky_59309b675fbb53bb494f46bcf12b4b9d5e1383c1d9def6b8eb4892325b2cf824,train,remove,False
reddit_t1_ms4czew,train,remove,False
bluesky_4359735d3927eacfd6e328ed98ecf07bbb5ec7548c3e28565a93dc194a8e2b43,train,remove,False
reddit_1l61a20_mwmfmre,train,remove,False
reddit_t1_mubn3td,train,remove,False
reddit_t1_mtuxffi,train,remove,False
reddit_t1_n08mdbq,train,remove,False
twitter_2061596946373189772,train,remove,False
reddit_t1_mttnqdv,train,remove,False
reddit_t1_mv5p4rz,train,remove,False
reddit_1tz96fb_oqaaj45,train,remove,True
reddit_t1_myaant9,train,remove,False
reddit_t1_mrf9znh,train,remove,True
reddit_1kwnre0_muldhf6,train,remove,False
reddit_1l4q8g7_mwbh1y4,train,remove,False
reddit_t1_mqa9t8o,train,remove,False
reddit_1lb2bgh_mxpeq2f,train,remove,False
reddit_1kxna55_mur1g74,train,remove,True
reddit_t1_my0qqim,train,remove,False
bluesky_25f978fe7b131c6939b9616e5600f3faea725b5e0e933e0e5be3b68997c96715,train,remove,False
reddit_t1_mz30g0j,train,remove,False
reddit_t1_muhx1yk,train,remove,False
twitter_2061801524234465316,train,remove,False
reddit_t1_mv04y91,train,remove,False
bluesky_c88b5a3d8fae7bebc2e5a8eca9554045b7aab4650d539e9c98fe16b2a73d3b29,train,remove,False
bluesky_22f87857db1e89b7a92ccb37a97c51e845390c9930938b82484a78b3365b9f23,train,remove,False
reddit_1tzfhxv_oqb0fae,train,remove,False
reddit_1ttui2j_op62iyb,train,remove,False
bluesky_d3e76502ab487398f2bc2e48efd3f85e244c3f743f60044a18e14422a173c7b1,train,remove,False
twitter_2059754183843020917,train,remove,False
reddit_t1_myrtu5s,train,remove,False
reddit_1la8q8e_mxipw65,train,remove,False
reddit_t1_mz669ju,train,remove,False
reddit_1tstlbr_ooz7jyy,train,remove,False
bluesky_bd602a7c98b9dce404754febfbe3eb5f9a586a6da327d831d3e9a7e18da702f2,train,remove,False
bluesky_f4fd7a7463dca4c1ca1471a9d41e4ee9510886f29eec4b5759abab9b64e488a4,train,remove,False
reddit_t1_mui4poq,train,remove,False
reddit_t1_mvzksqr,train,remove,False
reddit_t1_mxrpzrv,train,remove,False
reddit_t1_n0kgqj4,train,remove,False
reddit_1kxdqqn_mup77cq,train,remove,False
twitter_2061562690959815165,train,remove,False
reddit_t1_mtoe3kc,train,remove,False
bluesky_c2f374b6576db5694404592e709af6eae69fddc6f9d9d73bb0792c65f35ae8eb,train,remove,False
reddit_t1_msayyba,train,remove,False
reddit_t1_mrwtxp6,train,remove,False
twitter_2060751535869681774,train,remove,False
twitter_2061805629807665644,train,remove,False
reddit_t1_mur6zyg,train,remove,False
reddit_t1_mv8mrmi,train,remove,False
reddit_1tztcf9_oqdysgf,train,remove,False
reddit_1tnf5qd_ontlz5o,train,remove,False
reddit_1tqixq7_ooqfxsz,train,remove,False
reddit_t1_mvpop65,train,remove,False
reddit_t1_mumwcmt,train,remove,False
reddit_1ld36t6_my5guug,train,remove,False
reddit_t1_msyv4k1,train,remove,False
reddit_1lhacy4_mz3owf1,train,remove,False
reddit_1lnjf58_n0fpnpt,train,remove,False
reddit_1kdsslc_mqe2hx8,train,remove,False
bluesky_892d8ee1a228413052be7da22983d5341b6cdf849e3d9e3eec5b365e5002a9c8,train,remove,False
bluesky_0e7dd5fd8edd61a65c503013af66953ad9ad1ab4cb9920698ad0c349c0e677a0,train,remove,False
reddit_t1_mvbghxe,train,remove,False
reddit_t1_mvskyli,train,remove,False
reddit_1kk3rr8_mrsuisy,train,remove,False
bluesky_243ed1a9d9cfd5f380724742319eaf52005c784cb46631b3b2b8f23254efc6a0,train,remove,False
bluesky_cd5a7db86b6e1c67b421d7a03e5d1aefb2816b2f5f97fc56933cfd5324768c8c,train,remove,False
reddit_t1_mqy8bp2,train,remove,False
reddit_t1_mzlxphz,train,remove,False
bluesky_5586d946388eec4b9bc8911a21218d309d8434522069d274af482ab2ed8b8504,train,remove,False
reddit_1tj4vka_on4454l,train,remove,False
reddit_1kq0xhf_mt5binu,train,remove,False
reddit_t1_mzrtf0e,train,remove,False
reddit_1kshnlo_mtlpt4n,train,remove,False
reddit_t1_mti6o3v,train,remove,False
bluesky_31c97136b5370656663626e5c2a44045d308550e4fa7a1f643de520febecc4af,train,remove,False
reddit_t1_muja855,train,remove,False
reddit_1kw78m9_mufekp3,train,remove,False
reddit_1l6qvvm_mwvvgt8,train,remove,False
bluesky_30c933879d7420a2a036056fb2cbbd3ce737105c17dc051767f128423e63d313,train,remove,False
reddit_1tdva8i_olynv9k,train,remove,False
reddit_t1_mydw0fx,train,remove,False
reddit_1kigsq6_mrgdbva,train,remove,True
reddit_1ki553n_mrf43g8,train,remove,True
reddit_t1_mvw7r0q,train,remove,False
reddit_1li24by_mz8nqy3,train,remove,True
reddit_t1_mu89u38,train,remove,False
reddit_1kfdthr_mqpv89z,train,remove,False
reddit_t1_mz2l712,train,remove,False
reddit_t1_mvyx3ne,train,remove,False
reddit_t1_mrf7rh5,train,remove,False
bluesky_1ce6207bddc4294d3bf7d162973dd86240743aece44c847be6d9b001656550b0,train,remove,False
reddit_t1_mw8ju35,train,remove,False
reddit_t1_mzdjopr,train,remove,False
reddit_t1_myd9zii,train,remove,False
reddit_t1_mww52p4,train,remove,False
twitter_2061596969961697390,train,remove,True
bluesky_4b1f8a3140d47e330e011925b7dde7470f044af2e6cfa8c11ec77848fefe20e2,train,remove,True
reddit_1lhl7ax_mz5kpu7,train,remove,False
reddit_1ldv50r_mydbssk,train,remove,False
reddit_t1_mvss3m1,train,remove,False
bluesky_20922a9b2444779a03e2b1e5db52d3fc24564ab270d1ec6a4a73c82b082ebc3d,train,remove,False
reddit_t1_mx8bjsx,train,remove,False
reddit_t1_mto1oq4,train,remove,True
reddit_1scqdpt_oeincsg,train,remove,False
reddit_t1_mw26v4f,train,remove,True
reddit_1kinrnc_mrh0e5f,train,remove,False
bluesky_e683842760ed3d397802586259918be46894ec2e74e3840e03a575a0c589f4a1,train,remove,False
reddit_1kzbtoc_mv78rvv,train,remove,False
reddit_1l2qje1_mvye3dh,train,remove,False
twitter_2061761871007400280,train,remove,False
bluesky_809ce58468bbfad7e2d44cd0c2d4d3b8ccc2a9c93a79110606f8909d6c71690c,train,remove,False
reddit_t1_mzlmu09,train,remove,True
reddit_t1_mr0lshr,train,remove,False
reddit_t1_msbottu,train,remove,False
reddit_1tvll8k_opi2xxy,train,remove,False
bluesky_55b977a1712ca9415b8218ef0128478892598b72c8cad1226723c852b8afff70,train,remove,False
bluesky_f276715b1b6340196622928bd10c1d5769fd760afdfc1375cf29afad3be0ba68,train,remove,True
bluesky_e6d58ee5da5680c450f5797856c0f456e3d9daceed847f2fcb49269e7b9a7abd,train,remove,False
bluesky_c2535335c37370515fc7484ab0e90cf1896829df1a75d87329bc82d6f0fd2a47,train,remove,False
reddit_t1_mt6dlzz,train,remove,False
bluesky_5e77bf62df6d2e51c6d27d2124ad3e032b4efd75d5a4f358fdeee3bbb74a626f,train,remove,False
reddit_t1_mzz46cr,train,remove,False
reddit_t1_mvlm8e1,train,remove,False
reddit_t1_mynovi1,train,remove,True
bluesky_7d2095a9733bfbe69ad1f33872253cf5de18c26a111e010150753246b0898dc2,train,remove,False
reddit_1lefqqw_myic0ie,train,remove,True
reddit_t1_mx07qhl,train,remove,False
reddit_1ksydrn_mtp9ubw,train,remove,False
twitter_2061802274503229943,train,remove,False
reddit_1kbupwy_mpyyj9a,train,remove,True
reddit_t1_mqmqnpg,train,remove,False
reddit_1l1kycy_mvlvrt8,train,remove,False
bluesky_bda8860a05bbe2930af752c1619f89383f09a7da76c929f8188d5f9305a037fa,train,remove,False
reddit_t1_mx77wfz,train,remove,False
reddit_t1_ms6303v,train,remove,False
reddit_1krzun3_mtiiq8o,train,remove,False
reddit_t1_mu66t0c,train,remove,False
bluesky_9d07ccb185ae7432e1eeadcf20b7456a3e53dd503df05407e3dc16be5cc25963,train,remove,False
reddit_1tst7uo_ooxmlcu,train,remove,False
reddit_1ks0a0d_mtjtgqi,train,remove,False
twitter_2060028364023300572,train,remove,False
reddit_1kszqwu_mtq7ij8,train,remove,False
reddit_t1_mwxmcx9,train,remove,False
reddit_1kxwr2g_mussllb,train,remove,False
bluesky_4f68531ac76c8d118f690c3cd4bbe1f1d6505f72e46f9b7dff4bdda28e27a32e,train,remove,False
twitter_2061507757019480256,train,remove,False
reddit_t1_mrmm44l,train,remove,False
reddit_t1_n0n4zqa,train,remove,False
reddit_t1_mxyrgxc,train,remove,False
bluesky_e8fb09b98b658acf62f98d10a4e88c65dd8566f5bf135dce7568796f582258d3,train,remove,True
reddit_t1_mrh4eff,train,remove,False
reddit_t1_muyxev8,train,remove,False
reddit_1kp8xoi_msxxzt1,train,remove,False
reddit_1kripan_mtf0eaq,train,remove,False
reddit_1lb8wyo_mxr2wwj,train,remove,False
bluesky_d6d9a7679e2faf61f67ebf8328ef3e88dcf1df975403e739fe9d087ad44033d0,train,remove,False
reddit_t1_mzxnctk,train,remove,False
reddit_1tzgcp8_oqcgmpc,train,remove,False
bluesky_2ca3b949d6fcb407be2b714098d127c399bf0aac94248795d1abe4cbcae30bd3,train,remove,False
twitter_2061614035125325876,train,remove,False
bluesky_5e2b05a8aeba30ff5999d6acb725767cdf7fa0b659d670f311c5f4a5addf9a25,train,remove,False
twitter_2061803109886595490,train,remove,True
bluesky_d69270b23e1d6e1954f87e2d4af35b2940c96c58f534815f52f596ae286a5d39,train,remove,False
reddit_1u2ekz6_or0gyu6,train,remove,False
reddit_1kohwmm_mssecom,train,remove,False
twitter_2061688963459424446,train,remove,False
bluesky_04f2eabe5e416de118bfd3131661ddbaef5d163028419a5393f97d7d9caf43e7,train,remove,False
twitter_2060630131480088657,train,remove,False
reddit_1u0gjyt_oqie3m9,train,remove,False
reddit_1tzwh8s_oqg9nee,train,remove,False
twitter_2060752268169748645,train,remove,False
reddit_1ksao9m_mtkw6w0,train,remove,True
bluesky_77186a6b9c01829bed918158d05e6bd6d96855400418605d5c7157bb5178f38a,train,remove,False
reddit_t1_mutsfrm,train,remove,False
reddit_1kr91iq_mtvd2fh,train,remove,True
reddit_1u29zb9_oqydcpn,train,remove,False
reddit_1kl4k5p_ms375an,train,remove,False
bluesky_1475a33737aa92e13fc1b7443962df41981dcb0d51a7930efc1ab554bed18319,train,remove,False
reddit_t1_mzdiyey,train,remove,False
reddit_1khseqm_mr9bzti,train,remove,False
reddit_t1_msmfgry,train,remove,False
reddit_t1_mwb5fhf,train,remove,False
reddit_t1_mxj95zs,train,remove,False
bluesky_644446286cd3f4c39d999090a2486c465a76c5a43ad7510b2b5993a2a13b8355,train,remove,False
reddit_1ln69bk_n0ds8x5,train,remove,True
reddit_t1_mzwu88y,train,remove,False
reddit_1u0qe3k_oqkrwdb,train,remove,False
reddit_t1_n052rxo,train,remove,False
twitter_2061061081322127627,train,remove,False
reddit_1tcdabj_oln7ygu,train,remove,False
bluesky_233df2f402d4fa0d109182a8258e9082c25c56f3ce085805113d74d55bb574ae,train,remove,False
reddit_t1_myi1fj2,train,remove,False
reddit_t1_mrzrjs7,train,remove,False
twitter_2061175752758882339,train,remove,False
reddit_t1_n02rvdw,train,remove,False
reddit_t1_mxdnko4,train,remove,True
reddit_t1_mrsdf8c,train,remove,False
reddit_t1_mz40erv,train,remove,False
bluesky_0cc1f549d629bd00755832f1328730027303c8165658644e05c640731f633c01,train,remove,False
reddit_t1_my5p8td,train,remove,False
reddit_t1_mzvwtef,train,remove,False
reddit_t1_mxgcjzm,train,remove,False
reddit_1lh2v5u_mz149gm,train,remove,False
reddit_t1_muxv826,train,remove,False
reddit_t1_mzfkkwu,train,remove,False
reddit_1tzcqta_oqendj8,train,remove,False
reddit_t1_mus0u90,train,remove,False
reddit_1trb2js_opmihcr,train,remove,False
reddit_1kifgaq_mrha99k,train,remove,False
bluesky_07783d1c56a2dfe4a5cf008d727a05e3074a1af5ee77c23cee60485867b57570,train,remove,False
reddit_1kchkiv_mq2wx9v,train,remove,False
reddit_1ksgxcl_mtncubw,train,remove,False
bluesky_b23c44964a1b8f847ca5a54bafdf707f97b5b85eb59873522f1d4cb1fdb1b3d8,train,remove,False
reddit_t1_mrnh8ym,train,remove,False
twitter_2060188646091743524,train,remove,False
reddit_t1_mwttqdq,train,remove,False
twitter_2097110644244033743,train,remove,True
reddit_1knx7j9_msm9ncy,train,remove,False
bluesky_4e3143a2149e722b18debf90ab5769c75112a9b5526ac16ce47ecf6e0163355e,train,remove,False
reddit_1tyo9kl_oq4sclc,train,remove,False
reddit_1klx12p_ms7kcw6,train,remove,False
reddit_t1_mqydkj8,train,remove,False
bluesky_23995952a65f0f11e719fed6a7f1a1900726fd9309800ebe5ac6705d5eb5b703,train,remove,True
reddit_1kqgibz_mt62oxn,train,remove,False
reddit_1koplvt_msyly0i,train,remove,False
reddit_t1_mqfr1qh,train,remove,False
reddit_1lh7ndf_mz2um9o,train,remove,False
reddit_t1_mtb2ujr,train,remove,False
reddit_t1_mqx5b0y,train,remove,False
reddit_t1_mzl4m3j,train,remove,False
bluesky_6059cb8322f684660b2d3e4ce1f65540fd13637baa448eb59a4f1d6660592d67,train,remove,False
reddit_1l5i73v_mwh6jzs,train,remove,False
bluesky_fed8eba491ab664d110613e6fd4c89c2d178e84f7c6f39bf6ed1781ff9ae86c5,train,remove,False
bluesky_adc8d61512430999f81e29897990447e84dee0c54e4718cc70225aced6d7dd29,train,remove,False
reddit_t1_mpxynhb,train,remove,False
bluesky_06d7b8cc08ae3bd46971b8dbb611a4bd4a2cccfc2c161c0026ac01ce525d509c,train,remove,False
bluesky_3e24658de8543cf4a1fe5b453b4e1b773928c4921272adaba568c650dc603b3d,train,remove,False
bluesky_ebcd880cc48fd66357d1583630bcdd358a27aa4b20554acb58e0074b1188f13d,train,remove,True
bluesky_49b75ae7b02bb8245a100bef3b908d4ab590d3dffc6bb38f054f50af42092e4a,train,remove,False
reddit_1tv1z4j_opfcmo9,train,remove,False
reddit_1kcm2gn_mq6bfl7,train,remove,False
reddit_1km298z_ms7oju6,train,remove,False
reddit_1tklc7j_ona90am,train,remove,False
reddit_t1_n03nyk2,train,remove,False
twitter_2060418622149779570,train,remove,False
bluesky_aa396c5de906c758e04ed5f57cd86ed32941e4409067057cd8253d161ebb3344,train,remove,False
bluesky_4c4cd47dcc2f9c90d8d94679c1ad3074dce41bd8ab50b2c3533d08af1e208e5d,train,remove,False
reddit_t1_mu3mzog,train,remove,False
reddit_1lju5uj_mznktok,train,remove,False
reddit_t1_mznal52,train,remove,False
reddit_t1_mw1e7sp,train,remove,False
bluesky_caca755d4d30ef0b58c8c0312116e61fa852b60e725ddcdbc36c2030ab637106,train,remove,False
reddit_1legu6v_mygt2si,train,remove,False
reddit_t1_n0iag6s,train,remove,False
reddit_t1_my51iok,train,remove,False
reddit_1tiwm9n_ond63mw,train,remove,False
bluesky_c5b8f3235f7413b81e4f3622c451f1596dec409da4b62892bf82e3c412794a6d,train,remove,False
reddit_t1_muqmg9y,train,remove,False
reddit_1tznn66_oqhmdpf,train,remove,False
reddit_t1_mszms9t,train,remove,False
twitter_2061009608307511761,train,remove,False
reddit_1tgafkf_omhmrw3,train,remove,False
reddit_1kwgcua_muh89j9,train,remove,True
reddit_t1_mz3wfnw,train,remove,False
reddit_1kmmv93_msbgczk,train,remove,False
bluesky_724374ef60d152064b7918e54c8d9e15909c3895d97df0c85014923bd00bbba3,train,remove,False
reddit_t1_mtibjwx,train,remove,False
reddit_1ttbse9_op2waon,train,remove,False
reddit_1l8xciv_mx8iozo,train,remove,False
reddit_1kcy0mu_mq9vkrt,train,remove,True
bluesky_72215679ec45ef3ee06cd3b0c6b4b3860202f7f8eb92fd20e79ccc962d8bb201,train,remove,False
reddit_t1_mrlx3xn,train,remove,False
bluesky_de7120f4cae9fde470ffa6f70859c8400971626f7de0673fe7e1c7341ffe0892,train,remove,True
bluesky_0adac9c81c5ee37086c700c57c942ad0d3a5d5d18e78288abd66c01bf9e7f753,train,remove,False
bluesky_d010b92f8526cad0bf5a2e112fc1c0872370fdc8d5fddd685af419adab868680,train,remove,False
reddit_t1_myufh34,train,remove,False
reddit_1kr91iq_mtcq2gl,train,remove,False
reddit_t1_mre2y9g,train,remove,False
twitter_2061586780835512463,train,remove,False
reddit_t1_n05j9kt,train,remove,False
reddit_t1_mzxmdwe,train,remove,False
reddit_t1_mr2tmmp,train,remove,False
reddit_t1_mxuh7os,train,remove,False
reddit_1ttbse9_op2ejq5,train,remove,False
reddit_1lcbits_mxzaauh,train,remove,False
reddit_1lf8jgq_mym70ib,train,remove,True
bluesky_56add5586a74139b34e1141510ca12bf6da40649073b109685216a9ab1575769,train,remove,False
reddit_1ktzjih_mu9569m,train,remove,False
twitter_2061619273458401654,train,remove,False
reddit_t1_mt4ap68,train,remove,False
reddit_t1_mtd1u80,train,remove,False
reddit_t1_mrf9dan,train,remove,False
reddit_t1_mwjucpn,train,remove,False
reddit_t1_mscpbe6,train,remove,False
reddit_t1_mpysbqj,train,remove,False
reddit_t1_mzq9p1j,train,remove,False
reddit_t1_msnqnyu,train,remove,True
reddit_t1_msjl1v6,train,remove,False
twitter_2097098028968448213,train,remove,False
reddit_t1_mri9za7,train,remove,False
reddit_1kx5lfe_mun2hlu,train,remove,True
reddit_t1_myeddnk,train,remove,False
reddit_t1_mpxz1si,train,remove,True
reddit_t1_mwllsrr,train,remove,False
reddit_t1_mrsg159,train,remove,False
twitter_2096616354056998923,train,remove,False
reddit_t1_mxdwywe,train,remove,False
twitter_2096257279808950402,train,remove,False
twitter_2059731351373496538,train,remove,False
reddit_1kr7qlc_mtd52nu,train,remove,False
reddit_1lgcokh_myvf1zx,train,remove,False
reddit_1tztcf9_oqddunx,train,remove,True
reddit_1khsmnt_mrcpn78,train,remove,False
reddit_t1_mt3cetc,train,remove,False
reddit_t1_mu4bkku,train,remove,False
twitter_2096672970605216025,train,remove,True
twitter_2059337884260581864,train,remove,False
twitter_2061489183818952834,train,remove,False
reddit_1kmcfwr_ms92wr5,train,remove,False
reddit_1lbge70_mxstzrs,train,remove,False
reddit_t1_mxal4u7,train,remove,False
reddit_t1_myaq2qe,train,remove,False
reddit_1tvll8k_opixjd6,train,remove,False
reddit_t1_mxn1j8g,train,remove,False
twitter_2060546455195328611,train,remove,False
bluesky_8cc280a5d1eed91e419056d877db07bec700c870eb70bd801bf0a3cc7f3e5153,train,remove,False
bluesky_318846042d780d3cecf68913a8b023f557d279c147d4fab40410ff1ce75b5761,train,remove,False
reddit_1tw1yjv_opmg1dj,train,remove,False
reddit_1ks1asj_mtimebv,train,remove,True
reddit_t1_mtpepf0,train,remove,False
reddit_1lkewtg_mzr53kr,train,remove,False
reddit_t1_mx73de4,train,remove,False
reddit_1tztcf5_oqdb757,train,remove,False
reddit_1kjj6u8_mrqd29v,train,remove,False
reddit_t1_mzqz42g,train,remove,False
reddit_t1_mszqy4h,train,remove,False
reddit_1u05n1d_oqizq8e,train,remove,False
reddit_t1_mzopenu,train,remove,False
reddit_1lgsfzz_myzv9u6,train,remove,False
twitter_2061551820212723789,train,remove,False
twitter_2061373271572897968,train,remove,False
reddit_1kfev9t_mqq9yu6,train,remove,True
bluesky_d703e55a9cf3f6b6a5a51ad3e19fc96563fecfb757525a0618f5b2970b560671,train,remove,False
reddit_1koadeo_mspxjqx,train,remove,False
reddit_t1_mvrv9gn,train,remove,False
bluesky_095f79c7492d4dbc4650bf2312ff6816825472759b9961798f1ce254851727a9,train,remove,False
reddit_t1_myc7uh8,train,remove,False
twitter_2059800924608999451,train,remove,False
reddit_t1_mu6zee8,train,remove,False
reddit_1l1l5qf_mvopl57,train,remove,False
reddit_1lm8c5i_n07oi3s,train,remove,False
reddit_1kh51l8_mr56htp,train,remove,True
reddit_t1_mxtbb7w,train,remove,False
reddit_1kinrnc_mrirkf6,train,remove,False
reddit_1krenw1_mtcyejg,train,remove,False
bluesky_2e9191e2f00ceeeb256917cf7d982009662bc76e93dafed845ee939aea11157b,train,remove,False
reddit_1ljaw16_mzj47n4,train,remove,False
reddit_1tzb8pt_oqfx5xw,train,remove,False
bluesky_6a0375f7784beecfa551a99f17cd9a5771480613df582dcca2510ba502af4fc5,train,remove,True
reddit_t1_mxdzu4w,train,remove,False
reddit_t1_mrznv8s,train,remove,False
reddit_1l5krue_mwk22sw,train,remove,False
bluesky_71cb505c9c7b64a12fa38209cbb56fc5a8134eab28e48f499fd07cddd0d214c8,train,remove,False
reddit_t1_mxx6p7n,train,remove,False
reddit_t1_mrylg00,train,remove,False
reddit_t1_mxh8ruv,train,remove,True
reddit_1lnoh6c_n0grmjx,train,remove,False
reddit_1twtynd_opr82ep,train,remove,False
twitter_2059500635372798443,train,remove,False
bluesky_25ec40047d7fc3e7e108ea7e4db2a1be263bfdef8fcd1143440493aacf320f56,train,remove,False
reddit_t1_mud5cc1,train,remove,False
twitter_2061807082345746733,train,remove,False
bluesky_2cf56fa1e6d0cb0317b5b3d98db9ec1ac3d7b02b29982b378bbab994597686f9,train,remove,False
reddit_1kn6cu1_msgygl1,train,remove,False
bluesky_7fac9221b3388f78f48dd898adf6790ad308c353ebae5ee7863168b6bd561e96,train,remove,True
reddit_1tqdpjl_oogtmar,train,remove,False
reddit_1u18ir0_oqotr09,train,remove,False
reddit_t1_muczhe3,train,remove,False
reddit_t1_mw7qadl,train,remove,False
reddit_1liejsg_mzd5b40,train,remove,False
reddit_t1_mrrcwh4,train,remove,False
reddit_t1_mt1gmrh,train,remove,False
reddit_t1_mvyq3sr,train,remove,False
reddit_t1_mre9tny,train,remove,True
reddit_t1_mxkqv78,train,remove,False
reddit_t1_msojzv0,train,remove,False
twitter_2059991028162044034,train,remove,False
reddit_1u03hbz_oqylf7r,train,remove,False
reddit_1tv7vfu_opf40lj,train,remove,False
bluesky_33b3f08c7694f078ee816f22752bc3965ad24a6e30f7c698a6096a1b240e11c1,train,remove,False
reddit_t1_ms71nhi,train,remove,False
reddit_1tt3vbp_op0184y,train,remove,False
reddit_t1_mvnuj0f,train,remove,False
reddit_t1_mt79ndx,train,remove,False
reddit_t1_mz583ck,train,remove,False
reddit_t1_msj6xmk,train,remove,False
bluesky_f03913b9014e27e96e39afccecaa7fe94be9c45e645761e946ab512e80595839,train,remove,False
reddit_1lc4tz7_mxywa8h,train,remove,False
reddit_t1_mwycpa2,train,remove,False
reddit_t1_mr5btzh,train,remove,False
reddit_1kpgf6p_mt1cir7,train,remove,False
reddit_t1_mv4d1zj,train,remove,False
reddit_1l6m7xp_mwtp2ij,train,remove,False
reddit_1ti509f_omrvw42,train,remove,False
reddit_t1_mry2hgz,train,remove,False
reddit_1t7d5jc_okoah4l,train,remove,False
reddit_t1_mzj432g,train,remove,False
reddit_t1_myxn8wt,train,remove,False
reddit_1tzgcp8_oqajozd,train,remove,False
reddit_t1_n07zop8,train,remove,False
reddit_t1_mz5n7ua,train,remove,False
bluesky_2b143c0138375b933a231c65c7c94e0a03996b85de95cd49f35ec6c9175cdf85,train,remove,False
reddit_1u0oc51_oqk0lui,train,remove,False
reddit_t1_myhubw9,train,remove,False
reddit_1u16h1f_oqqeac8,train,remove,False
reddit_t1_mrgdq0w,train,remove,False
reddit_1ldv50r_mychu6v,train,remove,True
reddit_1kp0psp_msv33qs,train,remove,False
reddit_1lhd25r_mz3c86o,train,remove,False
bluesky_698c50e2109af20fffd3c7b1687c98e967eace7409d6559f64e04ac3e0380993,train,remove,False
twitter_2059691692756722113,train,remove,False
reddit_1l92tzd_mxb4dac,train,remove,False
bluesky_be584ff3b2e5078263247a2c9a0e594bfb8d743b0468b7559b8a6257a174d8b1,train,remove,False
reddit_1tzs7nk_oqdlazd,train,remove,False
reddit_1kr256c_mtbcu7k,train,remove,False
reddit_1kwnre0_muknvjt,train,remove,False
twitter_2061796696422490175,train,remove,False
reddit_t1_mx0pwfz,train,remove,False
reddit_1kdkguy_mqhsux7,train,remove,False
bluesky_1e5af2b0884cbcf605ae7ed2298042265e14b795ab3cfdfb1276099c8819d026,train,remove,False
reddit_1tu5tul_opbdau3,train,remove,False
reddit_t1_mzticbf,train,remove,False
reddit_t1_n0a787k,train,remove,False
reddit_1l2fhnt_mvtixkc,train,remove,False
reddit_1u16m18_oqrx77f,train,remove,False
reddit_1kxvj4m_muu6zmh,train,remove,False
reddit_1l67snm_mwmwgzn,train,remove,False
bluesky_495437ea52cf43482b897acd2576443215b01f7f9f9e0ac3ae7bd831a0501cbb,train,remove,False
reddit_1kh8frb_mr6li7n,train,remove,True
reddit_1l0rot8_mvfrk9n,train,remove,False
reddit_t1_ms2logt,train,remove,False
twitter_2095936934304460987,train,remove,False
reddit_t1_mvfplpk,train,remove,False
reddit_t1_msv6gnx,train,remove,False
reddit_1u2gx09_oqxs9tz,train,remove,False
reddit_1lc8ktm_mxzb60n,train,remove,False
twitter_2061560226629714094,train,remove,False
bluesky_2fc83a8d63ac41d7372dfb5d8b3a3b7fed85f8039578338974849f0756c15254,train,remove,False
reddit_1ke1hwf_mqgdw4n,train,remove,False
reddit_t1_mxdegqt,train,remove,False
twitter_2060437696473137155,train,remove,False
reddit_1kevmuh_mqmezzs,train,remove,False
bluesky_7841f11c60eebfc004e3a42b77f8f7e0886d4f7e4a3d21f7f599198e928d1a67,train,remove,False
reddit_t1_mr7n2jc,train,remove,False
reddit_t1_mz2w0zb,train,remove,False
reddit_1tbymrb_olo64ln,train,remove,False
reddit_t1_n034h90,train,remove,False
bluesky_5bb9394d0d27d1c77a763a8ff0a907c03c0271b442facf440a72554a45380852,train,remove,False
reddit_t1_mr5suve,train,remove,False
reddit_1llzlg3_n05gmpa,train,remove,False
twitter_2096636592576159992,train,remove,False
bluesky_9d53972ec4ae36229e6355e8336d03bad3c4803fb726774237c510655343ddf5,train,remove,False
reddit_t1_msyf8fu,train,remove,True
reddit_t1_mrfyop0,train,remove,False
reddit_1kh7zbd_mr5d7p4,train,remove,True
reddit_t1_myvnhfz,train,remove,False
reddit_t1_mwk66qy,train,remove,False
reddit_t1_mznbraj,train,remove,False
reddit_t1_mq9qw5j,train,remove,False
bluesky_4fec7c63cea5cf334e5efbfecd1b220e837846f93fe1c8f5d4342923403f7d83,train,remove,False
reddit_t1_mso9p80,train,remove,False
reddit_1ljua60_mzmvtwd,train,remove,False
bluesky_cd478323546362bfe900ecc7e545353f282a457387ad17d862ba32d444a292f2,train,remove,False
bluesky_92f96bd53afd112ba47a3b877e9344610d25fc188ef0269dc7d4834dc00b0c9e,train,remove,False
reddit_t1_msk0h7k,train,remove,False
reddit_t1_muh9cvw,train,remove,False
reddit_1li5i8q_mz9juvy,train,remove,True
reddit_t1_n08huvq,train,remove,False
reddit_1kohwmm_msrzdqm,train,remove,False
reddit_t1_mun72yu,train,remove,False
reddit_1tlu4l3_onj8ys4,train,remove,False
reddit_1lobsyw_n0nlrzv,train,remove,False
reddit_t1_mym4ur2,train,remove,False
reddit_t1_mufww3s,train,remove,False
bluesky_65a03e20931df2255915b1328b9ce7377e1ae06530ce9c886f1acf2fa5b8b69e,train,remove,False
bluesky_bfc06c8cb03b8092f0e892553b9ea5f3415a7d062fea3d9ba1bd60ac76e8b5f1,train,remove,False
reddit_t1_mx1ekpn,train,remove,False
bluesky_92bd7b015db41054f87c6818460f6cc16949b37c22618f7b516e48737f91c88f,train,remove,False
reddit_t1_my3kt91,train,remove,False
bluesky_e44530499d39d118ad50d622198c56dcf1d12f17a65477038855cc7bf568978d,train,remove,False
reddit_t1_mx1d6r7,train,remove,False
reddit_t1_mx7b6qz,train,remove,True
reddit_1lhdd2s_mz5yqxo,train,remove,False
reddit_t1_mql4yjo,train,remove,False
twitter_2060013075667796070,train,remove,False
reddit_1kd99ys_mq93r79,train,remove,False
reddit_1tql6ez_oohme4o,train,remove,False
bluesky_9ff860a4e2c24a19205ee3b7cf1859a75b7cda8c06ce11cf64f4525bde610a41,train,remove,False
reddit_t1_mz1b02j,train,remove,False
reddit_1lhskj9_mz74jq8,train,remove,False
reddit_t1_n058hxy,train,remove,False
twitter_2061117135586287757,train,remove,False
reddit_t1_mzquxxs,train,remove,False
reddit_1l5xii5_mwojwpc,train,remove,False
reddit_1l9kcqg_mxeo5r0,train,remove,False
reddit_t1_mx8pe88,train,remove,False
reddit_t1_mt94dp4,train,remove,False
reddit_t1_n0b611l,train,remove,False
reddit_1lc3k19_mxxd9rj,train,remove,False
bluesky_b74b7ded91aba6bdd805409b3c5902b0826043ca6eb33319b000abb9d157b98a,train,remove,False
reddit_1l4b1r2_mw7pc8l,train,remove,False
reddit_1ttadso_op1tte0,train,remove,False
reddit_1kcz108_mq6rhn0,train,remove,True
reddit_t1_mwfif0w,train,remove,False
bluesky_9e7e4ed739b20bb04482321e016339e3903814d1888b314b7102f72d1d9675c5,train,remove,False
reddit_t1_mxg3an9,train,remove,False
reddit_t1_ms9snzp,train,remove,False
bluesky_87fe4e15e7a73c403cedb1d5b2d6dc5469792d2c523cb0c6ba974b70f9b5da7a,train,remove,True
reddit_t1_muircgf,train,remove,False
reddit_1ll9i06_mzy1dsk,train,remove,True
reddit_t1_mwpxy7n,train,remove,False
reddit_t1_mwon0gc,train,remove,False
reddit_1lng8gi_n0f1htn,train,remove,False
reddit_1lm66nu_n08cznl,train,remove,True
reddit_t1_mrazred,train,remove,False
reddit_1liz1et_mzgg47e,train,remove,False
reddit_1l3pmp0_mw373ex,train,remove,False
reddit_1km0iur_ms73gcu,train,remove,False
twitter_2059499684482392456,train,remove,True
reddit_t1_mzawo8m,train,remove,False
twitter_2059431088900931851,train,remove,False
bluesky_b258123e759fac493b57d94cd262af900730bc01e3c6e19a5f519fc2c6993e72,train,remove,False
reddit_t1_mvxwt8d,train,remove,False
reddit_1lg595e_mytznyj,train,remove,False
reddit_t1_mq0q4au,train,remove,False
reddit_t1_mqua2lz,train,remove,False
reddit_t1_mr3rygx,train,remove,False
reddit_1t1x818_ojopqrn,train,remove,False
reddit_t1_mrxdum2,train,remove,False
reddit_1l6h0fc_mwonavm,train,remove,True
reddit_1ll2jq0_mzwd15s,train,remove,False
reddit_1lhw3kn_mz9k6n0,train,remove,False
reddit_t1_mzqa761,train,remove,False
reddit_1lklm5u_mzstq21,train,remove,False
reddit_t1_mzmh2mf,train,remove,False
reddit_t1_n0my0a8,train,remove,False
reddit_t1_ms7zqu7,train,remove,False
bluesky_8158bfc92395255ba704950b541bebf6ebcd074450d38e5d8d7bac2f14b110a9,train,remove,False
reddit_1kigdcc_mrgsnzz,train,remove,False
reddit_t1_myv6no0,train,remove,False
twitter_2061811713671155976,train,remove,False
reddit_t1_mujh1zp,train,remove,False
bluesky_0e8a5a0e2e218f117502ba8bb6c697977992905462970a1c2c0773a22ea2888c,train,remove,True
reddit_t1_mqx3yx4,train,remove,False
reddit_1ty27wv_oq177tn,train,remove,True
reddit_t1_mtr2m6s,train,remove,False
reddit_1lb7id2_mxqqr1a,train,remove,False
reddit_t1_mtknvww,train,remove,False
reddit_1l47zl2_mw6u62s,train,remove,True
reddit_1l5icdu_mwizdiw,train,remove,False
bluesky_553be3ea7597cc4cdf182ec9236fa0015af6d7782a73603f39048658015b6e09,train,remove,False
reddit_1tnobm9_onw8w8h,train,remove,False
reddit_t1_mypjxzn,train,remove,False
reddit_1ktzjih_mty0omi,train,remove,False
reddit_t1_mx6ykyj,train,remove,False
reddit_t1_n0co1ov,train,remove,True
reddit_1tnf5qd_onvatug,train,remove,True
reddit_t1_mzoffhy,train,remove,False
reddit_t1_mzxiohp,train,remove,False
reddit_t1_myatp6l,train,remove,False
reddit_t1_mwv0sp0,train,remove,False
reddit_1km18ir_ms8yoji,train,remove,False
reddit_t1_mr2t5km,train,remove,True
bluesky_eb52c1e7c2264d7004a08c4781925eeaf7f19e28ba0308756bd6143cd3e8f9d6,train,remove,False
twitter_2061825182994432173,train,remove,False
reddit_1kihiny_mrhca5v,train,remove,False
bluesky_281331cee0110b3a11ead68a2a7f3f732694787e4034a2907a33ab93200eac74,train,remove,False
reddit_1kjkqpn_mrpim0o,train,remove,False
reddit_t1_mxt6mnd,train,remove,False
reddit_1knq4cs_mskcgrk,train,remove,False
reddit_1kna992_msjyyfa,train,remove,False
reddit_1t4cq1d_ok1vmax,train,remove,False
reddit_t1_mybey96,train,remove,False
reddit_t1_mqytu6y,train,remove,False
reddit_1kccd08_mq25puz,train,remove,False
reddit_t1_mru1ery,train,remove,False
reddit_t1_mu93is9,train,remove,False
reddit_t1_mssngsl,train,remove,False
bluesky_14d8029e10df6416eedf3fd293b61206a16607b5954b4b19078227935d5b5e09,train,remove,False
reddit_t1_mq9w794,train,remove,False
reddit_t1_mxglgux,train,remove,False
reddit_t1_mvvay0k,train,remove,False
reddit_t1_mxawfx1,train,remove,False
reddit_1kfnhqe_mqvar4o,train,remove,False
reddit_t1_mwlavdh,train,remove,False
bluesky_64ad4ca8cbc6851ba4ef7d2e40bc977de7810b6d27206305a257dceebe59f18d,train,remove,False
bluesky_00ec0adc0eaab8070cdb2b7218266684393edff48214af655a6abc77025c0360,train,remove,False
reddit_1l4fllf_mw9k1sd,train,remove,False
reddit_1kvrj63_muc5ul7,train,remove,False
reddit_t1_n03c951,train,remove,False
reddit_t1_ms3uxou,train,remove,False
twitter_2096674852681719967,train,remove,True
reddit_1ti509f_oms2ca2,train,remove,False
reddit_t1_mz9bclu,train,remove,False
reddit_1kos17d_mssozcy,train,remove,False
bluesky_5179355f98bdb756cb13db3e17bedaa02d4123093a0955198dea7db673af80de,train,remove,False
bluesky_e25f42f132d96175124860439a888d4708eede46d3e14a49993c9d0ad075ea01,train,remove,False
reddit_1u2ek28_oqxzss9,train,remove,True
reddit_t1_n0bk74z,train,remove,False
bluesky_98fef08c5f642ed38f26bdb9f75882b9ed9ca634cdf453ea84da611a5ed69c38,train,remove,False
reddit_1l5piym_mwis511,train,remove,False
reddit_t1_mu0jgvu,train,remove,False
bluesky_1bc31651d9e6d5590f12970a6cf302a67df0b20eafe059770a073c0066cef89e,train,remove,False
reddit_1ln07iw_n0e6lhe,train,remove,True
reddit_t1_msa4a6s,train,remove,False
reddit_1lmagph_n07r0kt,train,remove,True
bluesky_4b59cb08afa38436386e6645883e2f8d49fa54e72de8c108db78c895f9f05688,train,remove,False
reddit_1l6eybs_mwo7oj6,train,remove,False
reddit_t1_mx23q01,train,remove,False
reddit_1kc5vjr_mq49xzz,train,remove,False
reddit_1u2391z_oqvahem,train,remove,False
reddit_t1_mtal1do,train,remove,False
reddit_1u2pvqp_oqzzqt9,train,remove,False
twitter_2060685469222842710,train,remove,True
reddit_t1_mqfcnu4,train,remove,False
reddit_1kjewx6_mrms2mi,train,remove,False
reddit_t1_mupvo9n,train,remove,False
twitter_2095798887130788339,train,remove,False
twitter_2061133134976938150,train,remove,False
reddit_t1_n0cieio,train,remove,False
twitter_2060350329024127107,train,remove,False
twitter_2094964031006118390,train,remove,False
reddit_1kxvo0q_muspobr,train,remove,True
bluesky_8553706d2e7fcaaf6e6ea3697053cf2a80cbc132a231225dd719d2e14c359836,train,remove,False
reddit_t1_mufxgkc,train,remove,False
reddit_t1_mxbmx00,train,remove,False
twitter_2061499198877601826,train,remove,False
reddit_t1_mvskjyf,train,remove,False
reddit_1tjno36_on43yo4,train,remove,False
bluesky_c77f49f6b3ebf1b49873df05afef73644dbb19cbbbf686c4524494de26fc7e06,train,remove,False
reddit_t1_mr35kz0,train,remove,False
reddit_1tyet91_oq3uqlm,train,remove,False
reddit_t1_mvs8lfk,train,remove,False
reddit_1lhc9kv_mz33uv9,train,remove,False
reddit_1kub3v4_mu15m2i,train,remove,False
bluesky_6a55e7b566c6ac92b118d826303663cd285984dc3afecc692ab4b40d7b236cd7,train,remove,False
reddit_1ko5g2h_msohrnq,train,remove,False
reddit_t1_mqalgpj,train,remove,True
reddit_1u0qe3k_oqk4pae,train,remove,False
reddit_t1_mwi17hk,train,remove,False
reddit_t1_mqkwam6,train,remove,False
reddit_t1_mufzrph,train,remove,False
reddit_t1_muy0cho,train,remove,False
reddit_1ttbse9_op1u31p,train,remove,False
reddit_t1_mqt9qaz,train,remove,False
reddit_t1_mv9q8c3,train,remove,False
reddit_1tlwrxj_onjn9jc,train,remove,False
reddit_t1_mtqd33r,train,remove,False
twitter_2060052812759969934,train,remove,False
bluesky_2f5da293527584372ad59d6fdb60783382ce80411147cb36f63dff959e34bb33,train,remove,False
reddit_t1_mwie1ck,train,remove,False
reddit_1kz6zu2_mv8k6hs,train,remove,False
twitter_2097109349852156050,train,remove,True
reddit_1kouuvz_msu1l8l,train,remove,False
reddit_1lfh7py_myoznyd,train,remove,False
reddit_t1_mx3ajga,train,remove,False
reddit_1tv1z4j_opf7jvm,train,remove,True
reddit_1txekxo_opvvon0,train,remove,False
reddit_t1_mtbg5gw,train,remove,False
reddit_t1_mygxikh,train,remove,False
twitter_2059415623524831503,train,remove,False
reddit_t1_mwu3qmg,train,remove,False
reddit_1kgcayc_mqyakjb,train,remove,False
bluesky_d675741841b9da18c16d4263f4ff10628a948fe5b755ac3bc8267f5c21a50db4,train,remove,False
reddit_t1_mzs698q,train,remove,False
reddit_t1_n0d884j,train,remove,False
reddit_1t7hgak_okpjbob,train,remove,False
reddit_1lm2lff_n080m4i,train,remove,False
reddit_1kx56bi_mun3bxv,train,remove,False
reddit_t1_mte4f9d,train,remove,False
reddit_t1_mqqhggo,train,remove,False
bluesky_ce4ca7e2c32574b2489c761efc4d76a68d172e14d12c6458a5a9594cf8d420f2,train,remove,False
bluesky_67de3db0f0c8dcbaf307ece4295c0504a5c5e63a86da612d3e7d92e5927d8bfe,train,remove,False
reddit_1tb5vg7_olf8pnx,train,remove,False
reddit_1lhzhcf_mz832zz,train,remove,True
reddit_t1_mz664kk,train,remove,False
reddit_1tzoxl1_oqd0e4k,train,remove,False
reddit_1tzhbpv_oqawgsz,train,remove,True
reddit_t1_ms4m1fr,train,remove,False
reddit_1li4v26_mz9djxy,train,remove,True
reddit_t1_mtunhig,train,remove,True
reddit_t1_ms07al5,train,remove,False
reddit_1kwloj9_mui5dvl,train,remove,False
reddit_t1_n026zcw,train,remove,False
reddit_t1_mt503sf,train,remove,False
reddit_t1_mzmh3cp,train,remove,False
bluesky_d8bc9bb150ca4216bffea11dc5c8e7d7792ff2fe1172099dead1207f3eed6a13,train,remove,False
reddit_1ktm5vi_mtvc1y0,train,remove,False
reddit_1lhaiqa_mz5r5l2,train,remove,False
reddit_t1_mw7qabi,train,remove,False
reddit_t1_my3leqf,train,remove,False
reddit_1l50ui0_mwdbf03,train,remove,False
reddit_1tws6al_opqvflp,train,remove,False
reddit_1lntb5c_n0j2p0p,train,remove,False
reddit_1kxdabt_muomvwh,train,remove,True
bluesky_fd54a8c9d6a1bc79e70a3beb4dee70073564e68e0595d46852615ecce27b01d0,train,remove,True
reddit_t1_mt08nu5,train,remove,False
reddit_1l5aqoh_mwfyga9,train,remove,False
reddit_t1_mvhexul,train,remove,False
reddit_1lbebmn_mxs2ki0,train,remove,False
bluesky_7937549c4ba02086402b3437c1d00662cea94ab142ad5fd713e2829c86f5fd27,train,remove,False
reddit_1ljlipu_mzmmk5w,train,remove,False
reddit_1ksokkt_mtncll0,train,remove,False
reddit_t1_mus3ze6,train,remove,False
bluesky_bdb46716208916ec5d7a1732fa8e2b4b4fd914f2d6bc72a1c0e7d34393b2d815,train,remove,False
reddit_t1_mto0ag6,train,remove,False
reddit_t1_mv5qgs2,train,remove,False
reddit_t1_mxsfx2b,train,remove,False
reddit_1twgtct_opo9ehl,train,remove,False
reddit_t1_mtdalzc,train,remove,False
reddit_1u276eu_oqvesy1,train,remove,False
twitter_2061798330263314773,train,remove,False
reddit_t1_mxgbjq5,train,remove,False
reddit_t1_msfggpb,train,remove,False
reddit_t1_mshsh1c,train,remove,False
reddit_1kiqxkn_mrh6nxb,train,remove,False
reddit_1l5rpaw_mwj7ggo,train,remove,False
reddit_1kdjsrv_mqbgose,train,remove,False
reddit_1kkunfu_ms0z06s,train,remove,False
reddit_t1_n044rz8,train,remove,False
reddit_t1_myjer59,train,remove,False
twitter_2061819373229093244,train,remove,True
bluesky_62909cc0fb3f76db10ad3b7ed19892533e25e62532ec7bd4aae541ce75768bca,train,remove,False
reddit_t1_mxtvwbb,train,remove,False
bluesky_7670cca9b1e7e003f31e17bcba24587cdb56b5c892bc8487cb6a073467e3016b,train,remove,True
reddit_1kwuk1t_muo2pg6,train,remove,True
reddit_t1_muf758t,train,remove,False
reddit_t1_muzsukg,train,remove,False
bluesky_6d27c0f3d429748dcedfb4d2e7912b1f782b00d904a6ec0bd164b6f143d2d9c5,train,remove,False
reddit_t1_mz8bywo,train,remove,False
reddit_1l7cg1o_mwwvttg,train,remove,False
reddit_t1_mt0bzhm,train,remove,False
reddit_t1_mxbcta6,train,remove,False
reddit_1ljghmw_mzjw07z,train,remove,True
bluesky_959e3fad6df34edb85b8a07a43eda1a3d1f4230aca4582dc883b8ad524ba0930,train,remove,False
reddit_t1_mxb4f0u,train,remove,False
reddit_t1_mqqfltv,train,remove,False
reddit_1ki6uqt_mrcnw90,train,remove,False
bluesky_e944fc91f352878f7f3bc028983fce9f39fd4840e84cb626eb41cec0a2278979,train,remove,False
reddit_1kwkajn_muhzon9,train,remove,False
bluesky_47fc9828ee77adc9e43e89e21121d97ffe2cf3309171c679eacb33657d43c9c0,train,remove,True
reddit_1tstwrk_ooxklt6,train,remove,False
twitter_2060753103583150325,train,remove,False
reddit_1t1zmb4_ojkqmr3,train,remove,False
bluesky_4bcbe6ff6379ec76a366d8942b87c879a7452fd79c6a25b079917483ba264bc5,train,remove,True
bluesky_6c9a1d28215e6d2e4c090136d3e7358ce7f93463045e868c30a33479f80e017e,train,remove,False
twitter_2059465649630699930,train,remove,False
bluesky_ad4630fb01cad3367b3fb0d4bf8b7348d393c39877ed452d674370a3a7520dbe,train,remove,False
bluesky_9b754cab643595d9480357ad5f5f5b5541de2b0e28c5736f89087b0aab341e47,train,remove,False
reddit_1u16m18_oqnt22u,train,remove,False
reddit_t1_mwxih86,train,remove,False
reddit_t1_mtymemz,train,remove,False
reddit_t1_mx5eywo,train,remove,False
bluesky_04b7f0b6bc4598605ef9497a7d478f8a8569f5f90f5a257fd76858c8ce0ae336,train,remove,False
reddit_1l6pbmq_mwqo5j8,train,remove,False
reddit_t1_mr397ab,train,remove,False
twitter_2061786497049600406,train,remove,False
reddit_t1_mwqv5za,train,remove,False
reddit_1tbymrb_olxlwh2,train,remove,False
bluesky_ab3eb7ceffd5197151d8697b723817c3253331dc13e6003b9a91e2f552454ae4,train,remove,True
reddit_1tp5g11_oo6atkk,train,remove,False
reddit_t1_mymvp93,train,remove,False
reddit_1l5qzp8_mwjjeiu,train,remove,False
reddit_t1_mszeufd,train,remove,False
reddit_1lis6px_mzecxrj,train,remove,False
bluesky_12c490ba1efe472d8a28445fad7a460529864af2049724c3bb2801687824dd63,train,remove,False
reddit_1tx4xmh_optv7mo,train,remove,False
reddit_t1_mv5ui74,train,remove,False
reddit_1u1c4u6_oqoocvh,train,remove,False
reddit_t1_my71xf8,train,remove,False
reddit_t1_mvyi0r2,train,remove,False
reddit_t1_mt2gusj,train,remove,False
reddit_t1_muw5wh1,train,remove,False
bluesky_d21b7cd76d0ec039efcf00c8fd62826f9d9db317285dd00fa97fb38c8b0d1258,train,remove,False
bluesky_c45b0c79657b9b0aec7eb023605c3f07da70b5d215acb52a2f0bbcb2269646a4,train,remove,False
reddit_1tuwb8f_opd0nfr,train,remove,True
reddit_1lojll9_n0o6r5f,train,remove,False
reddit_1kd68tv_mqdvza2,train,remove,False
reddit_t1_mz4wwti,train,remove,False
bluesky_5b15286551ecc47b8c1d8db616cb5c8bc80eeda206148554db006073e01bd38a,train,remove,False
reddit_1tswg2c_ooy4cq5,train,remove,False
reddit_t1_mxqralz,train,remove,True
reddit_1u1z88l_oqtt4t0,train,remove,True
reddit_t1_mvy9ilz,train,remove,False
twitter_2060533942894141756,train,remove,False
reddit_t1_mqatmih,train,remove,False
reddit_1kd52rx_mq82d4x,train,remove,False
twitter_2096644596470251639,train,remove,False
reddit_t1_mxqcfue,train,remove,False
reddit_t1_mwm1kua,train,remove,False
reddit_1kd63h5_mqawmhf,train,remove,False
bluesky_b5e05c24f7a7b5acf737553da5a6874f04039d462b137d552fb46cd11a8c199c,train,remove,False
reddit_t1_mxkyua8,train,remove,False
reddit_t1_n06vkyq,train,remove,False
reddit_t1_mwyye85,train,remove,False
reddit_1llpslt_n04eyup,train,remove,False
reddit_t1_n04lkry,train,remove,False
reddit_1kgkc38_mr0jbhl,train,remove,False
reddit_1ktjhl8_mtuln0r,train,remove,False
bluesky_681c4e063875d3adb0f7cedba17c3c2f7f42681de9e2819325b5394289bea7b6,train,remove,False
reddit_t1_msu9z7w,train,remove,False
bluesky_beca2a2806848f0f83452fb50e43a6ddaaa6e3303b6c31049a6134a58862ed06,train,remove,False
reddit_1tuebh8_op9twf0,train,remove,False
bluesky_203c193e675a3428b176e655f90c9be3f6ecb72b2b8590bcfb5f0a8f775377e2,train,remove,False
bluesky_de2c84af641bc7a4aa86b13e1e261712787de2910a4cc20923702163d2f21e93,train,remove,True
reddit_t1_mtjt6pd,train,remove,False
reddit_1kpermm_msysx4o,train,remove,False
reddit_t1_mx3m66t,train,remove,False
reddit_t1_mrmophn,train,remove,False
reddit_t1_mwl52dn,train,remove,False
reddit_1u2almy_oqxyac4,train,remove,False
bluesky_dcb3fa3598e797e4eefbb550095646cd2fa1c3c5a31cac3f285d7c7aef1ce20b,train,remove,False
twitter_2061593170475966537,train,remove,False
reddit_t1_mq5ym3s,train,remove,True
bluesky_864e073f9e64d242ace62bcddc8bd0d14fa4639ac3f38f4d978a417d20ceb071,train,remove,False
bluesky_23b294014c614d03e5b74f0391547eda47c42fc49d7e5be255083715bf030b6d,train,remove,False
reddit_t1_mut2k59,train,remove,False
reddit_t1_mqmqutu,train,remove,False
twitter_2061518744178844056,train,remove,False
reddit_1ttbse9_op1p0we,train,remove,False
reddit_t1_msik5s0,train,remove,False
bluesky_023882649a704704553f6ae6ff1d0560b1f381a747fdf556ef241f7d5fd07653,train,remove,False
reddit_1kpgf6p_mszxhm8,train,remove,False
reddit_1lat5d5_mxncuis,train,remove,True
reddit_1l9uc86_mxfm8mw,train,remove,False
bluesky_5734f1053b298433924c7012772dbb26b3bc54005ff65861c762361d2e1425ae,train,remove,False
reddit_1kksj7c_mrygic0,train,remove,True
reddit_1t4itkt_ok2rou5,train,remove,False
bluesky_978398f1215f2c3a3776df8b4d0a039768bc39162c84cb6c8e20556d0f55ca96,train,remove,False
reddit_1l4k9ap_mwahaee,train,remove,False
reddit_1komqeu_mss9zls,train,remove,False
reddit_1ksxbeq_mtp3f8w,train,remove,False
reddit_t1_mtnvs35,train,remove,False
reddit_1lfdjpb_myo2m0w,train,remove,False
reddit_1llal0x_mzyu85r,train,remove,False
reddit_t1_myy0ree,train,remove,True
reddit_1l81bsw_mx1gdzt,train,remove,False
reddit_t1_n0czg6w,train,remove,False
reddit_t1_mvs3odd,train,remove,False
reddit_t1_msugq1v,train,remove,True
reddit_1llxy9h_n03may5,train,remove,False
bluesky_bb91ab3da2f5ba879edabb5441e8e9fd7037b1a5a1917a9310b93ec4a3a9f7b4,train,remove,False
reddit_1tz4l7k_oqa0hhl,train,remove,True
reddit_t1_myg4p5e,train,remove,True
reddit_1u237rb_oqvo47u,train,remove,False
reddit_1kwl270_mukh8bx,train,remove,True
reddit_t1_myvn8c0,train,remove,False
reddit_t1_mtrkcfx,train,remove,False
reddit_1l97k96_mxahatf,train,remove,False
reddit_1tswg2c_ooyviiy,train,remove,False
twitter_2060218650779357269,train,remove,False
reddit_1lhfkqj_mz4mrik,train,remove,False
bluesky_a1ca8fce42888b260550f1654b19f9bac63c309f555f82f1531f71bea568d1da,train,remove,False
reddit_1lo4shk_n0l77d9,train,remove,False
reddit_t1_mwn9qzw,train,remove,False
reddit_t1_mtauje9,train,remove,False
reddit_1tkkoy6_onctmds,train,remove,False
reddit_1kjz233_mrr0n2d,train,remove,False
reddit_t1_mv3lnhw,train,remove,False
bluesky_59bf96c0932de96fd60cfb39abf91b54a0b64efe9b1d9cccbf2e4e9903afe4df,train,remove,False
reddit_1u08bq4_oqih6rb,train,remove,False
reddit_t1_mw7cgdj,train,remove,False
reddit_1l32lt4_mw47x7d,train,remove,True
reddit_1lojll9_n0nydr8,train,remove,True
reddit_t1_mqn7jzs,train,remove,False
twitter_2061470710275387697,train,remove,False
reddit_t1_mt8jhf9,train,remove,False
reddit_t1_mvgl2bi,train,remove,False
twitter_2060385736776438054,train,remove,False
reddit_t1_mvuwtzx,train,remove,False
reddit_t1_n02qo4m,train,remove,False
reddit_t1_msmgpy5,train,remove,False
reddit_t1_mqabfwn,train,remove,False
reddit_t1_mvto74g,train,remove,True
reddit_1kcqkoy_mq5biu3,train,remove,False
reddit_t1_mxsufzn,train,remove,False
reddit_1leau17_myeyt0t,train,remove,False
reddit_1u0y1yy_oqo6zd5,train,remove,False
bluesky_4f37dcb049a162e350f51838649eeb38bf3a23c96f3eb92317960d11939a2087,train,remove,False
reddit_1tux6at_opdam72,train,remove,False
reddit_t1_msp4n7f,train,remove,False
bluesky_9189f5afb7423a4a8ce004466f92985f7d3a178028e167bde0a3ddba983c70d2,train,remove,False
twitter_2061818911658578418,train,remove,False
reddit_t1_mz327tn,train,remove,False
reddit_t1_munx8x9,train,remove,False
reddit_t1_mvl18nr,train,remove,False
bluesky_748c83b78b6f86e94ad36ae21ca79879c9bfed42b1b80fe577f1dbdbcbb1d596,train,remove,False
bluesky_6116ca67ec236ee8348cfdee79c223a314259a294abdf5acdc8b1537f2b2e5ef,train,remove,False
reddit_t1_mtva6s4,train,remove,False
bluesky_f11f60567acd59e568591926e2865e0f1c8d0362874757ba0092748288a1294e,train,remove,False
reddit_1larmmc_mxufr69,train,remove,False
bluesky_c0d887e7a0f2ae51575fd7f6c923123a8ba8e2e25523e062c8d2c8eccfe9e9de,train,remove,False
reddit_1ti151j_omwg795,train,remove,False
twitter_2060135380196741294,train,remove,False
reddit_t1_mxrulak,train,remove,False
reddit_1ljgaqj_mzl1a7g,train,remove,False
twitter_2096668103530725785,train,remove,False
reddit_t1_mxs8rz3,train,remove,False
bluesky_ccc5d6765e5744d4b0e41f6f940d481015799dba0708ad03fb01d7721518989f,train,remove,False
reddit_1l9jweg_mxe2nw5,train,remove,False
reddit_t1_mrx2jb9,train,remove,True
reddit_1l2o4z4_mvy1ofo,train,remove,False
reddit_t1_msv342f,train,remove,False
bluesky_69962d7d8ff5f70a83c6d432967699a507ea57a5a805c12f45f747f02a2d782a,train,remove,False
reddit_t1_mxxw3d3,train,remove,True
reddit_1limvt3_mzd5l97,train,remove,False
reddit_1lnlo8f_n0heiu2,train,remove,True
reddit_1l4xvti_mwdfs6c,train,remove,False
reddit_1tswg2c_oozr7zm,train,remove,False
bluesky_7e3fd2770be424ff0d32aa1db483aa58e8db8580dcacf5027465ae7b7763e378,train,remove,False
reddit_t1_mzn3rpa,train,remove,False
reddit_t1_msk1s7f,train,remove,False
twitter_2061821076015898773,train,remove,False
reddit_1u0gjyt_oqis9q8,train,remove,False
reddit_1kkiq63_mrv46ht,train,remove,False
bluesky_a5fa475580ff0a266c1c9645db7063e2a17983cda5fea977207329552ed7e8d8,train,remove,False
reddit_1tw739j_opmohp4,train,remove,False
reddit_t1_mwpr8f9,train,remove,False
twitter_2060820195287941303,train,remove,False
bluesky_edb0a9fd42bc5615831b12afef41f9bf599b5b5aed270fa8423114ffb53f6cf5,train,remove,False
twitter_2095836342315843932,train,remove,False
reddit_1u2ipxp_oqxqovw,train,remove,False
reddit_t1_mv2e2pc,train,remove,False
bluesky_eda5210bb6b2fbaf98aeb6eb8b250a841e29371442435ec487293636e4b0aaef,train,remove,False
reddit_t1_mtjm7ib,train,remove,False
reddit_t1_mu6pk2a,train,remove,False
reddit_t1_mqdfgy8,train,remove,False
reddit_1keewl2_mqihtox,train,remove,False
reddit_t1_mvur0px,train,remove,False
reddit_1l9jlvs_mxept97,train,remove,False
reddit_1kz6zu2_mv35fwk,train,remove,False
reddit_t1_mw9rweh,train,remove,False
bluesky_a9d4421c6a2495caeb19012b16e7c60aca4f7aa216d1b2390f397aca9d27b55b,train,remove,False
reddit_1lblqhx_mxtltpb,train,remove,False
reddit_1lam6be_mxlt4mz,train,remove,False
reddit_1lb6xkk_mxtik5a,train,remove,True
bluesky_7a8ba11198b0f7282950562c90541f2f51bcb12de8fbbfdbb1bc1a96bbd68780,train,remove,False
bluesky_494e1244c486c8b676e9cf8cfa8d6c9b0a200f9ab8fc96c9f33a65b865837d91,train,remove,False
reddit_t1_mxjommt,train,remove,False
reddit_1kxq41x_mus9lve,train,remove,False
reddit_t1_n07ajen,train,remove,True
bluesky_89fa87c62b0ecba13c5ace11103bd36174c0134515c816710f00dcf48e22a1b8,train,remove,False
reddit_t1_my1od69,train,remove,False
reddit_t1_mwwugd5,train,remove,False
reddit_1tz4ira_oqaclrf,train,remove,False
reddit_1kot8wr_msyu3db,train,remove,True
reddit_1kr82xj_mtcnus7,train,remove,True
twitter_2096807962388136280,train,remove,False
twitter_2061400163101389222,train,remove,False
reddit_t1_mto66eg,train,remove,False
reddit_1lk9r75_mzq7ul4,train,remove,False
reddit_t1_mxdxj0n,train,remove,False
bluesky_93053d6b6594485f6267be75c7b451957dcf7470500b2b3cff2a0070d821f336,train,remove,False
reddit_t1_mqbt4e1,train,remove,False
reddit_1ts7wt8_oot9gi9,train,remove,False
reddit_1kl0ksq_mrzdxf5,train,remove,False
reddit_1l8ha5n_mx5ng9w,train,remove,False
reddit_1ktjhl8_mtv34zz,train,remove,True
reddit_t1_mw7k27f,train,remove,False
reddit_1tpc37g_ooevdf7,train,remove,False
reddit_t1_mtpqake,train,remove,False
bluesky_a8948b980343f42936bd5f82fb6f0a2d22173cfde4fb9fd20f7c137e522759cb,train,remove,False
reddit_t1_ms3cc01,train,remove,False
bluesky_973945a8fee2e65149db8c2dc9f2b2802cc0686f6276347a3ba4715f24175e54,train,remove,False
reddit_t1_ms8ns4h,train,remove,False
bluesky_602e3e9b54dd1a95af6b73dca3890b171111a1b8662fb8d3fc6b8d77e7b95d19,train,remove,False
reddit_1l5sulo_mwjxh5s,train,remove,False
reddit_1kf2hgg_mqpouu3,train,remove,False
reddit_1kd68tv_mqe5vy3,train,remove,False
twitter_2096370033815400556,train,remove,False
reddit_t1_mz8a6cz,train,remove,True
reddit_1lhaiqa_mz38zhj,train,remove,True
bluesky_9fa266e31c5dc61ba34fdde7342e1b8faa3bb58ad01bb023f57d3f069fea61b6,train,remove,False
reddit_t1_mx0ygnf,train,remove,False
reddit_t1_mrnr1mf,train,remove,False
reddit_1knbc3l_mshft4i,train,remove,False
reddit_1ks6iff_mtk4uv6,train,remove,False
reddit_t1_n0k6zck,train,remove,False
reddit_1kra90f_mtcq7j6,train,remove,False
reddit_t1_mrr9jwd,train,remove,False
bluesky_89d82f9f0f9d9cbbcecb6a24c7b8d051d10b51e5175de02c84039d287e5f8aa6,train,remove,False
twitter_2059500334813515902,train,remove,False
reddit_t1_mvfb2i6,train,remove,False
reddit_1l4b2as_mw889er,train,remove,False
reddit_t1_mujmuuc,train,remove,False
reddit_t1_mrbnhv0,train,remove,False
reddit_t1_mta3809,train,remove,False
reddit_t1_n0c0d97,train,remove,False
twitter_2061816295189082196,train,remove,False
reddit_1l8ha5n_mx5kn9b,train,remove,False
reddit_1ti5ovh_omtae4r,train,remove,False
bluesky_467c407c5c2edef70ff4558a9b121a1f889bf8f1461b2bd1f9935cad8f1c8bcf,train,remove,False
reddit_t1_myn2qdt,train,remove,False
reddit_1le9b7h_myew0mj,train,remove,False
reddit_t1_mxw8ssi,train,remove,False
reddit_t1_mrf3ajv,train,remove,False
bluesky_b5f47ec8fc6631f68d0a570c3d5b0e36b485e26b674fb956b17e764cb7466539,train,remove,False
reddit_t1_mugzgn4,train,remove,False
reddit_1kxft14_muqcd7b,train,remove,False
reddit_t1_mwpp1hf,train,remove,False
reddit_1kspe1b_mto7c5g,train,remove,False
reddit_1lhvap3_mz7b303,train,remove,False
bluesky_6f990d7f67d1d9622d527dfd3094202e3a97f232491a9ee093372b673c3abb3c,train,remove,False
bluesky_df56e2acf537e65ce4a9eefffce7b3c48aa76e95526717a20200c2fe4ebf30c5,train,remove,False
reddit_1ldtib2_myauyz1,train,remove,False
reddit_1tonmo5_oo2kva9,train,remove,False
reddit_1llvpdb_n03bb5g,train,remove,False
reddit_t1_mv67wfq,train,remove,False
reddit_1tsr4st_ooxxdjt,train,remove,False
bluesky_73ac2a2686cb6f9f2acaade52a5bff51d3d47191cf3a4c243a1f2f224d88ab01,train,remove,True
reddit_t1_mrz7lwr,train,remove,False
reddit_t1_mqr1tbe,train,remove,False
reddit_1l51cng_mwfm55o,train,remove,False
reddit_1l06djr_mvbe5w1,train,remove,False
bluesky_ca46fb4bbaac62dcf7715720a3e63fef97ebdc1b8e710980011d8bb36884eb06,train,remove,False
twitter_2059275663299785194,train,remove,False
bluesky_855924f1e3276234677169b325aaf6d890afec2416de964baf470036f2d9328e,train,remove,False
reddit_1t7d5jc_okowd02,train,remove,False
reddit_1lbey93_mxue78n,train,remove,True
reddit_t1_mrz9t1k,train,remove,False
reddit_1l903ab_mxa9ess,train,remove,True
bluesky_58cd398e06ed9d56c4730b59a475746380b8b868be018ee34f427b301c1e6f8b,train,remove,False
reddit_1ko2gif_msn8euz,train,remove,False
reddit_1ln6hln_n0dy6pu,train,remove,False
bluesky_ac16d0fa5793a48fbb219324948822c2e51b531c9c7ccee8716ac53c7ddf52a0,train,remove,False
reddit_1l4ab8s_mw7e0n4,train,remove,False
reddit_1kii35x_mrh90p0,train,remove,True
bluesky_eb8da94b7c6284f3b3815d65a649650d55add0fb281a4ecf0c884cc5d8f5c009,train,remove,False
twitter_2096273096495743188,train,remove,False
reddit_1tvp4r1_oplsp77,train,remove,False
reddit_t1_mu7uqz7,train,remove,False
twitter_2061550311534104833,train,remove,False
reddit_t1_mrcw5of,train,remove,False
reddit_t1_mzq04sl,train,remove,False
reddit_1kwohy5_muu2dbj,train,remove,False
reddit_1l44r75_mw7l726,train,remove,False
reddit_1kwqre2_mum12c6,train,remove,False
reddit_t1_ms21usi,train,remove,False
reddit_1lit6k8_mzf865r,train,remove,False
reddit_t1_mwlevpl,train,remove,False
reddit_t1_mqc605s,train,remove,True
reddit_1lh60xh_mz1mexh,train,remove,False
reddit_t1_mzx38g2,train,remove,False
twitter_2059448478955143285,train,remove,False
reddit_1ldl42u_my98vf2,train,remove,False
reddit_t1_mvke1an,train,remove,False
bluesky_3267100d8e9518c7b80b2ebfb25f9192d2677b8b8a7daf4489f44d35a6bf174d,train,remove,False
reddit_t1_mx25o3c,train,remove,False
reddit_t1_mstpqqz,train,remove,True
reddit_t1_mx0yfje,train,remove,False
reddit_t1_mwk6swn,train,remove,False
reddit_t1_mrcbn58,train,remove,False
reddit_t1_n083gh5,train,remove,False
reddit_1la5fmz_mxit2c1,train,remove,False
bluesky_c5c7e593e8c6a84614421a158607856c1ecd79afa1fb760133bf4c2135690f7b,train,remove,False
reddit_t1_n0aw2co,train,remove,False
reddit_1liixas_mzckz1d,train,remove,False
bluesky_80b68c368ad1c8155301da50b372c7c10788a208229d971b5d803a849bf3b792,train,remove,False
reddit_1l83szj_mx1zerl,train,remove,False
reddit_t1_mthnqbc,train,remove,False
twitter_2060733361740530166,train,remove,False
reddit_t1_mwrcemg,train,remove,False
twitter_2061557003822956603,train,remove,False
reddit_1lhnhbh_mz5eo6w,train,remove,True
reddit_1tv7vfu_opi6inm,train,remove,False
bluesky_26baef4bc11f0897ee7198381df4ccb785a92f7c100c411f1be4c42938640efe,train,remove,False
twitter_2061806004216672627,train,remove,False
reddit_1tztcf9_oqdpklj,train,remove,False
reddit_1kqpvya_mt7rjm2,train,remove,True
reddit_1kjj6u8_mrodo7t,train,remove,False
twitter_2061828320023695631,train,remove,False
reddit_1trb2js_ooy6f38,train,remove,False
twitter_2061594648863269126,train,remove,True
reddit_1kjndle_mrp2vs3,train,remove,False
reddit_t1_muc7yrh,train,remove,False
reddit_t1_mxv2tj3,train,remove,True
reddit_t1_mr12ode,train,remove,False
reddit_t1_mz4ik82,train,remove,False
reddit_t1_mw0dn28,train,remove,False
twitter_2061440299638141369,train,remove,False
reddit_t1_mqv2cn7,train,remove,False
twitter_2095609962009354341,train,remove,False
reddit_1tw6zcr_opo4gz2,train,remove,False
reddit_t1_msljvyl,train,remove,False
reddit_t1_mscz4nj,train,remove,False
bluesky_ebed3c8bd7aac2e71d6caa2d7b5065eda6f235a1ce3f748937104bb74aff6843,train,remove,False
reddit_1kuz8mm_mu5fyyi,train,remove,True
reddit_1lgvmqa_mz15b89,train,remove,False
reddit_t1_mwun1ol,train,remove,True
reddit_t1_mrquhkx,train,remove,False
twitter_2059792063470923899,train,remove,True
reddit_1u0gjyt_oqi8kyn,train,remove,False
bluesky_8508a193dccdb8a37416c4323e6f81bbfef51080cb1b2c6066daf10cf929302b,train,remove,False
reddit_1ti5ovh_omshrq3,train,remove,False
reddit_t1_mriey1e,train,remove,False
twitter_2097135149762658640,train,remove,False
reddit_t1_mvquj95,train,remove,False
reddit_t1_mru2qz8,train,remove,False
reddit_1t1zmb4_ojozog1,train,remove,False
bluesky_f87525497f51c08e2cd2adefa8ffe72232bc10593693639dfdb7a27abaf8b02e,train,remove,False
twitter_2096778642936197519,train,remove,False
reddit_t1_ms6qtb2,train,remove,False
reddit_1lnv2o6_n0ln0ig,train,remove,False
reddit_t1_mtugnkb,train,remove,False
reddit_t1_mx9ysj3,train,remove,False
reddit_t1_myuvtlg,train,remove,False
bluesky_0116d3fab48cfd279a59400e4cfdd858d78b3f3682d5e83d7e9f89d0282e1835,train,remove,False
twitter_2059160026942779727,train,remove,False
reddit_t1_mtpxoft,train,remove,False
bluesky_0270ee46e70d4af158ea736781b28107aa501bd1d8fc783ee9a3e9ffae77fc9e,train,remove,False
reddit_1ldv50r_mydfs2z,train,remove,False
reddit_t1_ms71cgl,train,remove,False
bluesky_8bf6776d897d9c3e9c12b78bf1fae2852ea69369cf81a444729f122448b3a6b7,train,remove,False
twitter_2060889027948011995,train,remove,False
bluesky_10bf6f0c6e3207fb2222fed395c81adb06f70727de5ea481ce598d3e7cd5590c,train,remove,False
reddit_1tv7vfu_opfmqei,train,remove,False
reddit_1llfs3d_mzzonlu,train,remove,False
reddit_t1_n06cnxf,train,remove,False
bluesky_bdd43731e2cb7c56e43005b7901558bf76ea749c1f6a060093f02cd3451424d7,train,remove,False
bluesky_f314fb6f2dd0a9632fa4e67b40579263ecdb0bbd3930f1882045273dda50ca14,train,remove,False
reddit_1tklc7j_onj3366,train,remove,False
reddit_1tklc7j_onbcbkp,train,remove,True
reddit_1ksy3bs_mtsl605,train,remove,False
reddit_t1_mxdiscc,train,remove,True
reddit_1l6owby_mwqjfvf,train,remove,False
bluesky_ba6b984dbcff479c50dbb7a891633b7ef89364f5aacd884b401d03f078c391bc,train,remove,False
reddit_t1_mxayhq0,train,remove,False
reddit_t1_ms1ze4c,train,remove,False
reddit_1kpwu8r_mt36qxh,train,remove,False
bluesky_ef6adbfeecce99d434805d53e3da07b90b50a5c964b4b2e940d3ad8502fa33f0,train,remove,False
twitter_2059681315583127708,train,remove,False
twitter_2096033831342260708,train,remove,False
reddit_1l4tpmm_mwds8su,train,remove,False
reddit_t1_mzl5ftv,train,remove,False
reddit_t1_muk6z6n,train,remove,False
reddit_t1_mzmejld,train,remove,False
bluesky_6e4adc1c3472f3882939580f515b46d8dae45d1f48774b31f710ad569aaac801,train,remove,False
reddit_t1_mtldviq,train,remove,False
reddit_t1_mrr5sc8,train,remove,False
bluesky_95711ddbcb49dee7703a67821301ccc6089ead6ec0e17deadf1752b44cff4bef,train,remove,False
twitter_2061826508642038254,train,remove,False
reddit_t1_mui64k3,train,remove,False
bluesky_a51028e279ca9a3f012cb6b7ace0f2cb8f90eff218c9b37e27e7179787d232d9,train,remove,False
reddit_1lm38hz_n07pupw,train,remove,False
bluesky_baa1454a53a1d20f4c3a2d7441fbd69f4a87c81f2a6495688ef70cae01201fca,train,remove,True
reddit_t1_myi3v1e,train,remove,False
bluesky_618d1266f50be16feb06c6cf3626a3f60fc67b50903a7d164babc997399d70a0,train,remove,False
reddit_t1_mzzu3wy,train,remove,False
reddit_t1_ms1llz7,train,remove,False
reddit_t1_myp256c,train,remove,False
bluesky_e040cf8ebf533c75ff7010c08a02ac50bc0246840b3ae9ca55a91ce43711da66,train,remove,False
bluesky_443f3ba3ffa757d892d10a02e28a29aa0ec4b4529350e8027b82894138b17c71,train,remove,False
reddit_1ktwzfn_mtxjm0l,train,remove,False
reddit_1kq66l8_mt41ijg,train,remove,False
reddit_t1_mz8i5ov,train,remove,False
bluesky_e709f6c1eff3950734a4818942fb024c50500afd19b83527d0ad9f9db454c9ce,train,remove,False
twitter_2059717976601907391,train,remove,False
reddit_1lku9rd_mzwvvea,train,remove,False
bluesky_e8d32e9f2ec9f1a9ca042ad1ea7ebc1119cbe7b3a90cebb85e867b138b42aacd,train,remove,False
reddit_1trf9va_oonb3tq,train,remove,False
reddit_t1_mzwty52,train,remove,False
reddit_1tx0jmc_opxjod8,train,remove,False
twitter_2061583583710756947,train,remove,False
reddit_t1_mt5z4g2,train,remove,False
reddit_1u1apqh_oqrseyf,train,remove,False
reddit_t1_mqs1v0m,train,remove,False
reddit_t1_mrh9d9d,train,remove,False
reddit_t1_mumplc6,train,remove,False
reddit_t1_mtbzmsg,train,remove,True
twitter_2096332501610356957,train,remove,False
reddit_1kd0y99_mq7cxbn,train,remove,False
twitter_2060759674803142709,train,remove,False
reddit_t1_mrkg8k3,train,remove,False
bluesky_b8709d6aaf756dbdc1671557d686ebe05068654408cfc998a4fbfb0104234da9,train,remove,False
bluesky_edfcbcee9e1e552fc7de1f563125262c3f8f4cb192fb4f15ab63aeaa3f02f3ae,train,remove,False
reddit_t1_mryjt7c,train,remove,False
reddit_t1_mw5fda3,train,remove,False
reddit_1lh1k0s_mz1punt,train,remove,False
bluesky_d195e00a2fc92abb5ef3ae31d5233607c043599e2197e34eadaa1767295b380b,train,remove,False
bluesky_5f51a969f4897b49fdd0bd76e951c3eb16e322f3e5df15233a8cd18b81b22ba6,train,remove,False
reddit_1llv1mo_n02jnqx,train,remove,True
reddit_t1_muu310s,train,remove,False
reddit_t1_n043lfq,train,remove,False
reddit_1tt39gf_oozrdk1,train,remove,False
reddit_t1_mz3q2ca,train,remove,False
reddit_t1_mxjst25,train,remove,False
twitter_2061641614448333300,train,remove,False
twitter_2096371102104875098,train,remove,False
reddit_1kttbwx_mtwhc8j,train,remove,True
reddit_t1_mxnfzi8,train,remove,True
twitter_2096949781998268805,train,remove,False
reddit_1ttun3g_op5tlyf,train,remove,True
reddit_t1_mq98nab,train,remove,False
twitter_2061827844309717462,train,remove,False
bluesky_c7c2c4e3de429497e6625108ca15c79d3bfe227485a7aef74b40f0c24ddf541c,train,remove,False
reddit_1kd8gaz_mqaf7bv,train,remove,True
reddit_t1_mszwzu7,train,remove,False
reddit_1kspe1b_mtnc080,train,remove,False
reddit_1l0vp16_mvnvy67,train,remove,False
twitter_2061816441158947196,train,remove,False
reddit_t1_mu085ed,train,remove,False
reddit_t1_ms7poa1,train,remove,False
bluesky_1a9488392e8036f3a171ffea31e86d57b4429dbb84a26880017f35e2dd1fe306,train,remove,False
twitter_2061273075174293756,train,remove,False
twitter_2060720133773934924,train,remove,False
reddit_1tsw0fg_ooy7cgz,train,remove,False
reddit_t1_myojxxk,train,remove,False
reddit_t1_myxs8f4,train,remove,False
reddit_1l73lx6_mwu3idm,train,remove,False
reddit_t1_mxeu42n,train,remove,False
reddit_t1_mynmdom,train,remove,False
reddit_t1_mqlbg3l,train,remove,False
reddit_t1_mvrw2rh,train,remove,False
reddit_1tlgx2b_ongakh7,train,remove,False
reddit_1kk6e4o_mrszapg,train,remove,True
reddit_1tyet91_oq2w3bk,train,remove,False
reddit_1kfo0ut_mqti2c9,train,remove,False
reddit_1td83n8_olufnjm,train,remove,False
reddit_t1_mxlov62,train,remove,False
reddit_t1_mrl75z3,train,remove,False
reddit_1t1zmb4_ojn1dyj,train,remove,False
reddit_t1_mz2wj70,train,remove,False
reddit_t1_mtpbpd3,train,remove,False
reddit_1kl5u9e_mrzqmkr,train,remove,False
twitter_2061824153011798333,train,remove,False
reddit_1kyi0c1_mv8k91p,train,remove,True
bluesky_57708c7fc1a377e212ef0c69946747caeb1ab6ff5147c09e3a8c706900615c3f,train,remove,False
twitter_2060043856477892788,train,remove,False
reddit_1kbqve2_mpywr4u,train,remove,True
twitter_2061477727329296411,train,remove,False
reddit_t1_mwzav0x,train,remove,False
reddit_1tswff0_op1kzsj,train,remove,False
reddit_t1_muwh0vp,train,remove,False
reddit_t1_mwbqjrv,train,remove,False
reddit_1kfohcu_mqtajaq,train,remove,False
reddit_t1_myju8dg,train,remove,False
reddit_t1_mw6erhw,train,remove,False
reddit_t1_mtgby97,train,remove,False
reddit_t1_mxmuu0q,train,remove,False
reddit_1ks874b_mtjis94,train,remove,False
reddit_t1_muytchr,train,remove,False
reddit_t1_mx15oh7,train,remove,False
bluesky_3b657dbeb461600ab58bf884dc163e0fe580671dc916dac36fcbe4292d5eddbb,train,remove,False
bluesky_a3731d1a65ff0908528dcb49dcfc644633abe36b92f4567560082fc048df28bb,train,remove,True
reddit_t1_mxudhpr,train,remove,False
bluesky_1ca07d766d8c38ac1b24a06cc414ed333a78a64db014b672e014a57958695184,train,remove,True
reddit_1kofs64_msps0xs,train,remove,False
reddit_t1_mx4t32f,train,remove,False
reddit_t1_mq7h2mq,train,remove,False
bluesky_bcb3f46e97773f8a1c06839aceabfcd86195a132afd526e1c0dec851b157d3fd,train,remove,False
reddit_t1_mt7phxy,train,remove,False
reddit_t1_mxdmixm,train,remove,False
reddit_1kqoorx_mt7kcjj,train,remove,False
twitter_2061088218507084104,train,remove,False
bluesky_84b7655e6b445108fbc799c263fa8ff4f6ddd428a220941af774823ed0a376ad,train,remove,False
reddit_1kr82xj_mtcmm3d,train,remove,False
reddit_1tpf0kw_ooa4h3o,train,remove,False
reddit_t1_ms10nne,train,remove,False
reddit_t1_mz5wzsl,train,remove,False
twitter_2061203428051657111,train,remove,False
reddit_1ttbse9_op1nx3c,train,remove,False
reddit_t1_mx7tyzi,train,remove,False
reddit_1tgwl5y_omj5a8g,train,remove,False
reddit_t1_mreyhd3,train,remove,False
reddit_1kiw6qi_mrjc5gp,train,remove,False
reddit_1klw27m_ms5h6km,train,remove,False
reddit_t1_msmhvkt,train,remove,False
bluesky_a341757d4ea503097da663a47451c16916a61dd5e6d9c5e0e4bbcaffbeaf78f6,train,remove,False
reddit_1u18ir0_oqplup4,train,remove,False
reddit_1krvdml_mti6yfp,train,remove,False
reddit_t1_mvs6zax,train,remove,True
twitter_2096666712800465080,train,remove,False
bluesky_1f5abde65163a68707798c86b22413581ce1f0d45a9ae28aecf82d9e9ac66112,train,remove,False
reddit_1kg5qlk_mqwn2q5,train,remove,False
reddit_1tzgcp8_oqbaiv7,train,remove,True
reddit_1tt1cw0_op0kv5f,train,remove,False
bluesky_68ccd0770701034e2f8cc29e70c594fdbd168702083d9259d34134f2338509d0,train,remove,False
reddit_t1_mqvkmwy,train,remove,False
bluesky_b62231a74bfb7d9b6befeebcdf79c2eca95cbccada7a7ea2b4b5344eaed5176d,train,remove,False
bluesky_9b3b806226c2bcd6b4846c38b3804300d385bc6e2c32c72f25a5acd8ddf92b28,train,remove,False
bluesky_192555729feb9b768413eb960aa272fe0a06fe9eeacb13d5aa29427d2c5d70f6,train,remove,False
reddit_1tnobm9_onvpjmn,train,remove,False
reddit_1tt1r86_oozqpn6,train,remove,True
reddit_1ksgxcl_mtlwxo6,train,remove,False
reddit_1tux6at_opewrvr,train,remove,False
reddit_1lcqi6x_myakrzf,train,remove,False
twitter_2061499345443209343,train,remove,False
reddit_1kn5i1j_msgoaf7,train,remove,False
twitter_2061758335276154948,train,remove,False
reddit_t1_mzjlnsp,train,remove,False
reddit_1l7bsx2_mwvs6i3,train,remove,False
bluesky_1cf903bd394040f1072b1709caeb4ac93b68524db3f3760da23b6e8d73083747,train,remove,False
reddit_1tsvkbx_ooyxnun,train,remove,False
twitter_2061805705623941630,train,remove,False
reddit_t1_msol3br,train,remove,False
reddit_t1_mzbye7a,train,remove,False
reddit_t1_mwihmxt,train,remove,False
twitter_2095127750994485409,train,remove,False
twitter_2061807436701515839,train,remove,False
bluesky_0f4e73603ff2d79bd636843288ed41fbc7a6acb8ec402aa18ca49aae1718ea77,train,remove,False
reddit_1tle2vc_onfo1tr,train,remove,False
bluesky_89cef5f9caf7bcb1959f13cf9705002842982b033c6b9f866c617cc4b4ad400a,train,remove,False
reddit_1l8v112_mx9plf8,train,remove,False
reddit_1tzb8pt_oqajssr,train,remove,False
reddit_t1_mx1t6wg,train,remove,False
twitter_2061824967441076337,train,remove,False
twitter_2060592337840160809,train,remove,False
reddit_1klx12p_ms6g66p,train,remove,False
reddit_t1_msod185,train,remove,False
reddit_t1_mskiod7,train,remove,False
bluesky_a7e50bc0936b443dc54ade76fec5e810ccc9883e3b788814681c911afb33a389,train,remove,True
reddit_t1_mzbr3n0,train,remove,False
reddit_t1_mtvvg06,train,remove,False
reddit_t1_mrivhgy,train,remove,False
reddit_t1_my2pqjp,train,remove,False
reddit_t1_mqu89bs,train,remove,False
reddit_1kr9sar_mtbrqrk,train,remove,False
reddit_1kdsslc_mqn7ysp,train,remove,True
twitter_2095652344897683597,train,remove,False
twitter_2061727951675105323,train,remove,False
reddit_1u1baux_oqqx9ca,train,remove,False
twitter_2096671408457986355,train,remove,False
twitter_2060060431402623014,train,remove,False
bluesky_25264b8c8a12c97c77852ef9a37004f0251755753c4cd684703ae39e02e17b8b,train,remove,False
reddit_t1_msjcg7z,train,remove,False
reddit_1txm3lk_opx361b,train,remove,False
reddit_t1_mupnxwx,train,remove,True
reddit_1let2t2_myki9oj,train,remove,True
reddit_t1_mtl9m1n,train,remove,False
reddit_t1_mwt696k,train,remove,False
bluesky_4d2df404776d82ffeacc42108296ea823ddb5cc760e8d4e6170cd2f088ab2fbc,train,remove,False
twitter_2061628320987443413,train,remove,True
reddit_1lhu966_mz77e1e,train,remove,False
reddit_1tzb8pt_oqvf045,train,remove,False
reddit_t1_mzvt52l,train,remove,False
reddit_1kel7tj_mqjsbfp,train,remove,True
bluesky_c01f4801f686a99e84dc292b96acf5f4d9d6ceeb27864cc9909d88bf8ff8f63a,train,remove,False
reddit_1tr2x1s_ookpm7h,train,remove,True
reddit_t1_mxfydo6,train,remove,False
reddit_t1_my3rv1f,train,remove,False
reddit_1kgdkyr_mqxxehy,train,remove,False
bluesky_6b5fc948b9969f31634da80c5fd88c5c4637ab5b93606385f4efd47b42379446,train,remove,False
reddit_t1_mz6siu2,train,remove,False
reddit_1tsx0f1_op056o1,train,remove,True
reddit_1lj8oo7_mzkc1ag,train,remove,False
reddit_1t77zwb_okrmtr1,train,remove,False
reddit_1u276eu_oqvh3is,train,remove,False
reddit_1lel8xy_myheqlj,train,remove,False
reddit_t1_mu5afjf,train,remove,False
twitter_2060498460197966324,train,remove,False
reddit_t1_mywqk04,train,remove,False
bluesky_f157095d7f4ab134422865d8a43b9e739a8a014751fe4e2d933472ba745358e0,train,remove,False
bluesky_67e825d4565ff0ff94ff8f0f25fa280934f6d366ec861b5a10b69923a2e05e24,train,remove,False
reddit_1llzlg3_n07adq5,train,remove,False
bluesky_b83edcd0c2c542d20a50874006dbd47335dc4b6ca951db47a224cc6bc50079b7,train,remove,False
reddit_1tsvgs3_op1282q,train,remove,False
reddit_1llj404_n00271o,train,remove,False
reddit_1ko5jgm_msomp21,train,remove,False
reddit_1txsumx_oq0td6x,train,remove,False
reddit_1kos60m_msuro0y,train,remove,False
reddit_1liz1et_mzgct01,train,remove,True
reddit_1ti5ovh_oms3hug,train,remove,False
bluesky_62864dfbbdedec6ec3d2efc110ab51e719eddddbf35c7637df1ea31dabd86164,train,remove,False
reddit_t1_mwfwl8h,train,remove,False
bluesky_e798616a8d7ed1b3c4c0c85b5a1580bf0d6350e174dfc951733ccd41a7fd074a,train,remove,False
bluesky_164fd904491d2c4b379c0af6cf8f3d5106ecaa6db7cc3e1372b0bb0d3bea892e,train,remove,False
reddit_t1_mtnjdkd,train,remove,False
twitter_2096987668877840682,train,remove,False
reddit_1kubmyy_mu16zs3,train,remove,False
reddit_1l7q48a_mwyui7q,train,remove,False
reddit_t1_mrmlbsm,train,remove,False
reddit_t1_mzcw8b1,train,remove,False
reddit_t1_mzzy6ny,train,remove,False
reddit_1ll3v4q_mzx6skb,train,remove,False
bluesky_019fa32e4ac2765762e9f7221a24cc4b4f3458dfb10eb57d85005cc1cb313a6c,train,remove,False
reddit_t1_mxkdc83,train,remove,False
reddit_1lhb1xc_mz34ou1,train,remove,False
reddit_1t4itkt_ok2xftp,train,remove,False
bluesky_b7a4b909c372f45b16a5a0294a1ea20003730781118ef15e2d73160089a2d0b3,train,remove,False
reddit_t1_mw5msqt,train,remove,False
reddit_t1_mrjj1b2,train,remove,False
reddit_t1_mtocm0y,train,remove,True
reddit_t1_mwzodzx,train,remove,False
bluesky_cbb4cabdba103e48351ce549483c8e74675c5d52bcf710b2848901ec63530bf8,train,remove,False
reddit_t1_mqzhktu,train,remove,False
bluesky_c607cda4b693f5df77c305c1560c7c25ff16f3e78e0cb17d46ba1ebf98e5ac13,train,remove,False
reddit_t1_mzb6o42,train,remove,False
bluesky_4c454815daf61ad6c31fb31e3c3faaf28d75bc19053b556f6aa1c25da6168741,train,remove,False
reddit_1kxmwug_musc18t,train,remove,False
bluesky_4472b41dca8d02683dfadf3c5a34e024a79d8e00009af93f10f36939de062808,train,remove,False
reddit_t1_msfvmja,train,remove,False
reddit_t1_mxpjgoq,train,remove,False
reddit_t1_mtz2cnl,train,remove,False
reddit_1l55wkp_mwivbcd,train,remove,True
reddit_1tqcltq_oog6rp4,train,remove,False
reddit_t1_mu1udwa,train,remove,False
reddit_1kjb9o9_mroj1xz,train,remove,False
bluesky_ebbc01e1707e54ec9f18ed7d41f3159375f90c5070637df7b4b9ccf139dd7f42,train,remove,False
reddit_1kndcmn_msik13u,train,remove,False
reddit_t1_mu1ro29,train,remove,True
reddit_t1_mtxergi,train,remove,False
reddit_1ktuzvj_mty41j0,train,remove,False
reddit_1lbhpft_mxt2vuw,train,remove,False
reddit_t1_mr9i5tz,train,remove,False
reddit_1l6ga62_mwqncbd,train,remove,False
reddit_1let2t2_myk0hxt,train,remove,False
twitter_2061632880334578116,train,remove,False
reddit_1kzbtyp_mv4geii,train,remove,False
bluesky_d65363a320e798416aa9698d0b1deb08b07530217c504743467b54b4f3041f34,train,remove,False
reddit_t1_mqr0lxt,train,remove,False
reddit_t1_n02knlo,train,remove,False
reddit_t1_mvb37a9,train,remove,False
reddit_t1_mqimdb4,train,remove,False
reddit_t1_mx00671,train,remove,False
reddit_1lismsn_mzeq0nl,train,remove,False
reddit_1tvll8k_opi7iq7,train,remove,False
reddit_1u18ir0_oqnujto,train,remove,False
reddit_1kwrc53_muljhyp,train,remove,True
reddit_t1_myr8wps,train,remove,False
bluesky_90f4fb0e3dbcf9bd499a8f7689de8004baa714b41827eaf1211963f68e602226,train,remove,False
reddit_t1_n0jkq9f,train,remove,True
reddit_1lkbe9q_mzqlmdz,train,remove,True
reddit_1tsydyo_op1pp9w,train,remove,False
reddit_1klsag2_ms7qf7z,train,remove,False
reddit_1ktlf42_mtvetrl,train,remove,False
reddit_1lokvuo_n0ntzlu,train,remove,True
twitter_2059695378497511596,train,remove,False
reddit_t1_n0cnu8j,train,remove,False
reddit_t1_mwemd2f,train,remove,False
bluesky_c69eacac10bfcbb675a45266da843d1299b877dae388126e3f400f7ed434ea22,train,remove,False
bluesky_c9837c1f2a0cbd65ed258c7c3b2618d0f27032ee5e731d428f52afc0653527d8,train,remove,False
reddit_1kea4ww_mqhf6as,train,remove,False
reddit_1kpwu8r_mt1x16q,train,remove,False
reddit_1ktnbyj_mtyylbw,train,remove,False
reddit_1tlwrxj_onjz538,train,remove,False
reddit_t1_mtcu7vi,train,remove,False
reddit_t1_msm0fcg,train,remove,False
reddit_1tstlbr_op0jeay,train,remove,False
reddit_t1_mzrg2tw,train,remove,False
reddit_1kplv65_msywwms,train,remove,False
bluesky_a1aa9829b876c7aa29c56de7440c4577bb97d9d0181ee61d9d4c12d99ab49d93,train,remove,False
reddit_1lhaiqa_mz2powi,train,remove,False
reddit_t1_mq2sj2w,train,remove,True
reddit_1liejsg_mzbgwyp,train,remove,False
reddit_t1_mufve73,train,remove,False
reddit_1kziugd_mv6eprv,train,remove,False
reddit_1kcx4ed_mq6555e,train,remove,False
reddit_1l1roga_mvoo01l,train,remove,True
bluesky_6a48599905dc14f2dcd9088f24a4289cf827e43ede48075990825695dd81626e,train,remove,False
reddit_1l8rkw8_mx8z5ur,train,remove,False
reddit_1kiobtd_mrgi9qu,train,remove,False
bluesky_99d81a3311b940056921a0b5f11e7d11c20f17630c961ab2f8c6166d57220c0b,train,remove,False
bluesky_ee346f1ea506d42e2ef65e446e25d53688cbff7211e964729c67528be1df0034,train,remove,False
twitter_2060329747281015171,train,remove,False
reddit_t1_my9f1fn,train,remove,False
reddit_1lnlo8f_n0hmsuk,train,remove,False
reddit_1l8ny9t_mx7mgcu,train,remove,True
reddit_t1_mzy8pdv,train,remove,False
reddit_1ko0wls_msq2iki,train,remove,True
reddit_t1_msmzkd1,train,remove,False
reddit_1kqiazw_mt8md78,train,remove,False
reddit_1u0gjyt_oqhz7lw,train,remove,False
reddit_1twr00b_opqc8tg,train,remove,False
reddit_1ttun3g_op7uile,train,remove,False
bluesky_f74c9f754b2dafd2c5e4f7134f8ba93ca0daa9a7f02c65ac139cebab662eccbe,train,remove,False
reddit_1lge9ni_mz2sl1x,train,remove,False
reddit_t1_mv4u1k6,train,remove,False
reddit_t1_mthgwwo,train,remove,False
reddit_t1_mwlry7o,train,remove,False
reddit_1kq3ifd_mt3o197,train,remove,False
reddit_t1_mu9gbft,train,remove,False
reddit_1tx4xmh_opupzoc,train,remove,False
reddit_1l147g5_mvibg3w,train,remove,False
reddit_t1_mzzfxxv,train,remove,False
reddit_t1_mtqukj3,train,remove,False
reddit_t1_mzkcj7k,train,remove,False
bluesky_170f88e6002ca2e27b55f654967bfa783b563eb8781d0e0cbf152c8b4940df46,train,remove,False
reddit_1tnobm9_onvfrtk,train,remove,False
twitter_2061587563891114388,train,remove,False
twitter_2096868015379710179,train,remove,False
reddit_1levqjx_mynwtf2,train,remove,False
reddit_t1_mxrxize,train,remove,False
reddit_1kwc0b8_muhma0e,train,remove,False
reddit_1ldol6t_my9ueql,train,remove,False
bluesky_7cc649033c8902973f9ca856dcb4522d8070a3dfae64382356cbba11cef197e3,train,remove,False
reddit_t1_mt87yb1,train,remove,False
bluesky_b65ea6b6b1604c4e14f670e12521503f678e5e24dc80b2fe8b66689bd3cdee55,train,remove,False
reddit_1tu7mub_op8ids4,train,remove,False
reddit_1ljw59m_mznpm4l,train,remove,False
twitter_2097093444535513463,train,remove,False
reddit_1kr256c_mtaqzzq,train,remove,False
reddit_t1_n04bsi0,train,remove,False
twitter_2061800871885709496,train,remove,False
reddit_t1_mx7deiz,train,remove,False
twitter_2061801064085520442,train,remove,False
reddit_1l489cq_mw6yxsn,train,remove,False
reddit_t1_myk4k85,train,remove,False
bluesky_89a07d525cfb96840feeb26069cd70804909350b3d9d6022b37772e3f4ac5084,train,remove,False
reddit_1kyd2rc_muwkgst,train,remove,True
reddit_1klws0f_ms6djbd,train,remove,False
reddit_1kh7zbd_mr5g4y6,train,remove,False
reddit_1kjl2by_mrrph92,train,remove,False
reddit_t1_mt4d2r4,train,remove,False
twitter_2059383299424899104,train,remove,False
reddit_1u276eu_oqwa947,train,remove,False
reddit_t1_mut0mt0,train,remove,False
twitter_2061380158574182813,train,remove,False
reddit_1ln4vc3_n0f5jof,train,remove,True
reddit_1tvywom_opkm0t5,train,remove,False
twitter_2061737852749406424,train,remove,False
reddit_1tsefdg_oouk61z,train,remove,False
reddit_1l8dk3l_mx48pxs,train,remove,False
reddit_t1_mv2n10r,train,remove,False
reddit_1u21326_oqwenzk,train,remove,False
reddit_1tle2vc_onf49sq,train,remove,False
twitter_2061789530978722258,train,remove,False
reddit_1tibt7g_omud8bt,train,remove,False
reddit_t1_msw17fk,train,remove,False
reddit_t1_myvj8tv,train,remove,False
reddit_1kypna1_muzu682,train,remove,False
reddit_t1_my3l3wz,train,remove,False
reddit_t1_mv7y4aa,train,remove,False
reddit_t1_mwyo5ov,train,remove,False
bluesky_31e6c8fcf2118409a511e0ccbd5d2b552bc37181702d46057a134841633fa71a,train,remove,False
reddit_1klm8z1_ms68e86,train,remove,False
reddit_1kdq5jl_mqdtbff,train,remove,False
reddit_t1_mwvw987,train,remove,False
reddit_t1_mq1b4sq,train,remove,False
reddit_1lf72hp_myqqb2x,train,remove,False
reddit_t1_mtwo5o6,train,remove,False
reddit_t1_mxdnvka,train,remove,False
bluesky_ceb14d8c12969fe0dc39ffdb4486b4271a59c39a1ad188246552002ea83c0aa9,train,remove,False
reddit_t1_mtmqy7s,train,remove,False
reddit_t1_mso6y97,train,remove,False
bluesky_b22455a8c86f1576749475acf3bf26680d25176d0d3a810bfda4dfab96e42b91,train,remove,False
reddit_t1_mzfdw4f,train,remove,False
reddit_t1_mrxi44d,train,remove,False
reddit_t1_mwuecic,train,remove,False
bluesky_5619d4418fbe9e93829c179a365c648d8a6178b4b789c375dfb4769e7d2cba3e,train,remove,False
twitter_2061821665906938253,train,remove,False
twitter_2061798451466444940,train,remove,False
bluesky_83ca6dc1a3d1cf8f3fd1b2fff54d7d8b8efbbed18bd0080151d59b55d76192f5,train,remove,False
twitter_2095375059166888413,train,remove,False
reddit_t1_mt23xpc,train,remove,False
reddit_t1_mudgdb7,train,remove,False
twitter_2061080912943542313,train,remove,False
reddit_1l3x8es_mw4kgvw,train,remove,False
bluesky_90f0c52abcad4d5cfaa5da91881aeb4b0fa910817dcc4778a8b7bd14156cceb5,train,remove,False
bluesky_f2e28fc96e899d7c0de8591945ec8d0d40cca429f92dba8d0cbbcb309cc3e2e9,train,remove,False
reddit_1u0qe3k_oqkl9on,train,remove,False
reddit_t1_mwgmhez,train,remove,False
bluesky_65e504dd9bbbfa0119314a4bbcb11cf264ad8aefdde05706b701227cae1310bc,train,remove,False
reddit_1la5sat_mxif8c2,train,remove,False
reddit_t1_myge2tf,train,remove,False
reddit_t1_mxap9gq,train,remove,False
reddit_t1_mqtu3jm,train,remove,False
reddit_t1_mw01w1c,train,remove,False
reddit_1u18ir0_oqoljvk,train,remove,False
reddit_t1_mta93kc,train,remove,False
reddit_1koh9jq_mssga4a,train,remove,False
bluesky_a2e1bc682c7f201e7278db33e8cf762091209d1240ef588bf6a8a5bdc43da5b5,train,remove,False
reddit_1tb7nve_olhj9ij,train,remove,False
reddit_t1_mz2sxix,train,remove,False
twitter_2061471278343819431,train,remove,False
bluesky_048979809e66569e3efdc00b6805081a05fdaaf70551deb9dfb41f9aad85364a,train,remove,False
reddit_t1_mzsmtae,train,remove,True
reddit_1twgtct_oppt13l,train,remove,False
reddit_t1_n034wt2,train,remove,False
reddit_t1_mrj8s8e,train,remove,False
reddit_1khug51_mrcoad8,train,remove,False
reddit_t1_myz9rh4,train,remove,False
reddit_t1_msjc6ib,train,remove,False
reddit_1ljtesa_mzmksrn,train,remove,False
reddit_t1_mx4hjuo,train,remove,False
reddit_t1_mze4o7b,train,remove,False
twitter_2097079270883385603,train,remove,False
reddit_t1_n0adn3s,train,remove,False
reddit_1kk7hs1_mrupo13,train,remove,True
reddit_1twq42a_oqbw8wp,train,remove,False
twitter_2061774628343951679,train,remove,False
reddit_t1_mv6rn7p,train,remove,False
reddit_1ko29fy_msx439h,train,remove,False
reddit_t1_msnjl77,train,remove,False
reddit_t1_mt7pvy6,train,remove,False
bluesky_b9aeb422fe3d9b1b5c1e295406febd5ec2ca46daa76de35cfda2b3b9b45af5a9,train,remove,False
reddit_t1_mz3d7tl,train,remove,False
bluesky_56d0ac646c86bb2b49ace87cf31f021a7a73aa751346dfc0dfd54bdc7cf82b12,train,remove,False
reddit_1lenyao_myl7gku,train,remove,False
reddit_t1_mxstyxz,train,remove,False
twitter_2061561579037159919,train,remove,False
reddit_1l4xvti_mwdvz4v,train,remove,False
reddit_1kccelo_mq29bcc,train,remove,True
reddit_t1_mq8lyy8,train,remove,False
reddit_t1_mu4omqc,train,remove,False
bluesky_47e8b2c23ac714e50b1deb48b7451ef7fc17a7aeff835ac2598dbb950631c14a,train,remove,False
reddit_1t4w5i9_ok6c56k,train,remove,False
bluesky_2efc6dc36604c1fe36b091e686994857fc83dfd62c930380875ae2a6ba28ba93,train,remove,False
reddit_t1_my08ukm,train,remove,False
bluesky_f59aaca3af80bbe94efb61b8b3529c6891fbff5cb23746888260465c0abde484,train,remove,False
bluesky_ceb4cba4269659eba2b467c2019127aa8552114985e1ba72fbb5eb5877740e9a,train,remove,False
reddit_1llvo5s_n02ozmh,train,remove,False
reddit_t1_mtk0fzf,train,remove,False
reddit_1l0782v_mvbvs4s,train,remove,False
reddit_1ksecvh_mtn8b20,train,remove,False
bluesky_0bd32b5cb97fddccc1185d0086be28753a0bbcc3971faa00ef052c8009bf8dfd,train,remove,False
reddit_1lm4j5s_n0at958,train,remove,True
reddit_t1_mr65den,train,remove,False
reddit_t1_mr5d85u,train,remove,False
bluesky_b81affcbcec17e2c9bdb32a9d9a0c28498479499bbeb4451a9e8a7099ece915a,train,remove,False
reddit_t1_mtgyh6y,train,remove,False
reddit_1tn7lg4_ont3abq,train,remove,False
reddit_1l4vovt_mwdqn0x,train,remove,False
bluesky_67d69330b8ec57f22060ccce18fea831eafbd453a300f8cc4ca6fad22f9bdbb8,train,remove,False
reddit_t1_mwcbwch,train,remove,False
reddit_1l9jij3_mxd83e1,train,remove,False
twitter_2060090341471211911,train,remove,False
reddit_1klo83a_ms3tuo1,train,remove,False
reddit_t1_mtw37su,train,remove,False
reddit_t1_mqwwgo1,train,remove,False
bluesky_afd268fcdfcabeb8503b7ff989c01e912259eb0d822de2028e16b477733e9f76,train,remove,False
reddit_1kwl270_mukli7f,train,remove,True
reddit_1lnjntp_n0ft1kz,train,remove,False
reddit_t1_mrhy9co,train,remove,False
bluesky_0d49276dde11fd674b3c2673d9d03d6e3c28c502248a087c8bafccd16702029a,train,remove,False
reddit_t1_mrlff6v,train,remove,False
reddit_t1_n060ei6,train,remove,False
bluesky_5a94d597eef779e76cbc182343a3dcf40698f1eb08b3f36b7a0ca3148d85efcf,train,remove,False
reddit_t1_mw2etu9,train,remove,False
twitter_2061616629902168547,train,remove,False
reddit_t1_mtwhzu3,train,remove,False
reddit_t1_mz832mk,train,remove,False
reddit_1lg0ws3_myu5put,train,remove,False
reddit_1khto5j_mrayepc,train,remove,False
reddit_t1_mzm7514,train,remove,False
reddit_t1_mw4f2jg,train,remove,False
twitter_2060388862514335939,train,remove,True
reddit_1twgtct_opo5fuq,train,remove,False
reddit_1lnnslo_n0i9g3z,train,remove,False
reddit_t1_n0i7q4y,train,remove,False
reddit_1khbe58_mr5j9h9,train,remove,False
bluesky_73f2027325098335b7083ef0bd00cb08b05b21ab5a169adcbb0897f151e92a8f,train,remove,False
reddit_1l4pezl_mwb9t91,train,remove,False
reddit_t1_msouhlh,train,remove,False
bluesky_af08f63c1ea25c6f78df476e0df78619a39e83bfef672b2cbad5efff4c908e48,train,remove,False
reddit_t1_mtpwuq8,train,remove,False
reddit_1lcovdy_my2cglp,train,remove,False
reddit_t1_mxwstsw,train,remove,False
bluesky_7a0436c5cf7239ead84e65b2d06763e83ef526000a0074dc31689be85e4764c6,train,remove,False
bluesky_85dd76d2808a4253de9bb1fda2d4253ca4157707ccca236bb2b46e871a7fbe1a,train,remove,True
reddit_t1_mzpyq7i,train,remove,False
bluesky_6ab584d6cb50a6ff3636aa7beebf3a634a81fd585d9e6fa27268ffa5bd16e207,train,remove,False
reddit_1l1roga_mvopi6x,train,remove,False
reddit_1lmdum5_n0akldg,train,remove,False
reddit_t1_ms0eqik,train,remove,False
reddit_t1_mzkrhxk,train,remove,True
bluesky_96381052c6162ab9fabcae9cfada80d7a794f0573c4d7cfd366337bd024f60e6,train,remove,False
reddit_1kxhi98_mupmoz4,train,remove,False
reddit_1l1z4jm_mvpr1tg,train,remove,False
reddit_t1_mx6ghxm,train,remove,False
bluesky_762530441c44235caf1c7e47dd4e7771a5c9fa86406a49fff6f2cce31a0db59b,train,remove,False
reddit_1lkijf3_mzssp6c,train,remove,False
twitter_2060732891835892191,train,remove,False
twitter_2059708545470263644,train,remove,False
reddit_t1_mquizm7,train,remove,False
reddit_1lmjifa_n093462,train,remove,False
reddit_1ttbe3e_op1i798,train,remove,False
reddit_t1_n0i958i,train,remove,False
bluesky_bb310a9fc8563053ea7a958747de544161a5292dc0944c05b861ccefd3471007,train,remove,False
bluesky_fd3b5915793135abfc44946247a75da280751b7ae3cd83cdbb512bafa6efacb7,train,remove,False
twitter_2095883996328595590,train,remove,False
twitter_2061097433224863953,train,remove,False
reddit_t1_mxr0mc0,train,remove,False
bluesky_0204bfc65cf57154aa5b3cb1227b4246a1f63f58b98d71f2965646575fa2f6c6,train,remove,False
reddit_1txnqc1_opxj9am,train,remove,False
reddit_1l8r8dm_mx853ic,train,remove,False
reddit_1ldv2n6_mybpggj,train,remove,False
reddit_t1_my592ua,train,remove,False
reddit_1u28e60_oqvhlyv,train,remove,True
reddit_1ljlipu_mznx4ff,train,remove,False
reddit_1tw6zcr_opm8fx5,train,remove,False
reddit_1kca9zl_mq1uhu1,train,remove,False
bluesky_96eaad10586163802dd27352d704f1cff0427bc1b755422f57bc71611f38d4f3,train,remove,False
reddit_1lmshjn_n0abpg2,train,remove,False
reddit_1kjbrqd_mrpjj4l,train,remove,False
reddit_1kgfdzs_mqzt9cw,train,remove,False
bluesky_c2344ba2e03fc0c235e0829e480dfc772386a45da1e527877e4a1fcde0f3c61e,train,remove,False
twitter_2061820338451681538,train,remove,False
reddit_1kxuoz3_muujmdf,train,remove,False
reddit_t1_my4v7uk,train,remove,False
reddit_t1_ms3tt21,train,remove,False
reddit_1krenw1_mtdjzcl,train,remove,False
twitter_2061531894299369582,train,remove,False
reddit_t1_mskaaxf,train,remove,False
reddit_1lf93pu_mymjlmm,train,remove,False
reddit_1iv52hs_mzvwpva,train,remove,False
reddit_1ko5jgm_mso2gje,train,remove,True
reddit_t1_mvht0md,train,remove,False
reddit_t1_mybb44n,train,remove,False
reddit_t1_mstyuxz,train,remove,False
reddit_t1_mxdnznc,train,remove,False
bluesky_3a4f496a27062c3dbd718d0074efa71ec0934954d615e8992b4f1f012aaeeb99,train,remove,False
reddit_1ko4jsf_msnh959,train,remove,False
bluesky_a177ac321cb2b38c1b45bc1783cefd6c0e0bf3cc1947d7202d6bd42c3f58c7dc,train,remove,False
reddit_t1_mz572nt,train,remove,False
reddit_t1_mq5vg0s,train,remove,False
reddit_t1_mq97xx2,train,remove,False
bluesky_79703fa57559f87b2e91e13302befe9ff5f06ae7d91c84da86abdce5e2548a79,train,remove,False
reddit_1l5piym_mwjvfm6,train,remove,False
bluesky_30380014db9b0fe2ba571667506650f295c9a112ad779eec29db0d37e46245c2,train,remove,False
bluesky_c61ff2f186dc4c2945bd05927603dd75d02d82e46659c6971fc9a883e2a46b12,train,remove,False
reddit_1lg595e_mywp1ub,train,remove,False
reddit_t1_mtgoito,train,remove,False
reddit_1tsrnbn_op11wih,train,remove,False
reddit_t1_mzg81zo,train,remove,False
twitter_2097066067017314311,train,remove,False
bluesky_ec0a60b99595b1753a2b972551e1046c64bd31023dddb182d465ee566c25ef8e,train,remove,False
reddit_t1_mtpsurf,train,remove,False
reddit_1ljy33e_mznmxyp,train,remove,False
reddit_t1_mrnorbt,train,remove,False
twitter_2060987474864746738,train,remove,False
reddit_t1_mqz0gxj,train,remove,False
reddit_1ttui2j_op5uf9q,train,remove,False
reddit_1l4jbh5_mwaljz2,train,remove,False
reddit_t1_mu6dft3,train,remove,False
reddit_1kn9voz_msgo8mb,train,remove,False
twitter_2060979229282402770,train,remove,False
reddit_1l4x0wo_mwd3ttj,train,remove,True
reddit_1knjsle_msjle7q,train,remove,False
reddit_1kfhkcj_mqu4rxz,train,remove,False
reddit_t1_ms0u7ti,train,remove,False
reddit_1ttbe3e_op1kbis,train,remove,True
reddit_1lf7hkx_mylzxwu,train,remove,False
bluesky_4b9b035e4eacf04a2e755194bdf3c5bd966b726f576c0d72ba35b3279acd6ea3,train,remove,False
twitter_2060166997472931971,train,remove,False
reddit_1l8r8dm_mx83g4q,train,remove,False
reddit_t1_mqu7nd8,train,remove,False
reddit_1u0l8qh_oqj2k1p,train,remove,False
reddit_1kzdllm_mv77owa,train,remove,True
reddit_t1_n0kvxay,train,remove,False
bluesky_b40bbcded0995c4edd809ea347cdb7542f18e4605ba3bcffbffff6b64bf7eb73,train,remove,False
reddit_1lismsn_mzeqghs,train,remove,False
twitter_2059436271701737867,train,remove,False
reddit_1lbaya0_mxr5tj5,train,remove,True
reddit_t1_mxgve3c,train,remove,False
reddit_t1_mrg0dyk,train,remove,False
reddit_1tvr63e_opk9cb4,train,remove,True
reddit_t1_mtcrpv6,train,remove,False
bluesky_cb1dc0f0975d6dffdc89602e3b14a92553ce66b0f84b9752d80dba730b7b3cc2,train,remove,False
reddit_1tnf5qd_onvkvic,train,remove,False
reddit_1l6yeqx_mwur7xm,train,remove,False
reddit_1kva068_mu87ioc,train,remove,False
reddit_1l5ve6e_mwlu3ze,train,remove,False
bluesky_1e7320c13141dc8795d51d58963d048e876242da2ae689f5922dae9ae9cb9b39,train,remove,False
twitter_2061532971732263114,train,remove,False
reddit_1ttbse9_op2rm7k,train,remove,False
twitter_2060912746674164023,train,remove,False
reddit_1u276eu_oqvxhfy,train,remove,False
reddit_t1_mwu6btk,train,remove,False
reddit_t1_mxk6sse,train,remove,False
reddit_t1_mua3c0i,train,remove,True
bluesky_e77b049a7ee8310e089a8e01ec5a3426bb715d4feb47e771b3d64545652b3101,train,remove,False
reddit_1tjs35z_on5nh4x,train,remove,False
reddit_1kwdve7_muglb0y,train,remove,False
reddit_t1_mrs8k7a,train,remove,False
reddit_1ksmur4_mtnigsy,train,remove,False
reddit_t1_mzkhv9w,train,remove,False
bluesky_0465f95cf9fa17e67bcf8f74e612c536fcfb50d002f40f330aab4df75c348a47,train,remove,False
reddit_t1_muc8hsz,train,remove,False
reddit_t1_mrsyvoq,train,remove,True
reddit_t1_n0nixtv,train,remove,False
reddit_1tucjhu_opatcp2,train,remove,False
reddit_t1_mts827k,train,remove,True
reddit_t1_ms9jnvy,train,remove,False
reddit_t1_ms9j1s3,train,remove,False
reddit_t1_mq7ujwp,train,remove,False
reddit_t1_mrgs52s,train,remove,False
reddit_1kksj7c_mrx8q52,train,remove,False
reddit_1kgqsc9_mr54alo,train,remove,False
reddit_t1_msjlxxp,train,remove,False
reddit_t1_mxll645,train,remove,False
reddit_1llzlg3_n04uwaw,train,remove,False
bluesky_c14c945bda715994b918c134116f0d965ff972482b9af6121bbd4df76825c237,train,remove,False
reddit_t1_mva0d67,train,remove,False
reddit_t1_myooe4i,train,remove,False
reddit_1l55wkp_mwfemk5,train,remove,False
reddit_t1_mtys4gj,train,remove,False
twitter_2061805763392143813,train,remove,False
reddit_t1_msa2tcg,train,remove,False
reddit_t1_muyqnn7,train,remove,False
reddit_t1_mse2jys,train,remove,False
reddit_1l1e80m_mvktw5y,train,remove,False
reddit_1lf2x6s_mymcjw9,train,remove,False
reddit_1ttadso_op15y1u,train,remove,True
bluesky_e797ae6c4eb463bbf2114a35e45782c456dc0c02310f2d35575e1225ef5e046a,train,remove,False
reddit_1keulbs_mqmbk37,train,remove,False
reddit_1tstlbr_ooxuk4b,train,remove,False
reddit_t1_mspnz9u,train,remove,False
reddit_t1_myi26p5,train,remove,False
reddit_1lgkon2_myziyi9,train,remove,False
reddit_1ksy3bs_mts37am,train,remove,False
twitter_2059368699971162295,train,remove,False
reddit_t1_mzzswy4,train,remove,False
twitter_2061823735917916434,train,remove,False
reddit_t1_myfdgdd,train,remove,False
twitter_2061528144314601497,train,remove,False
reddit_t1_mwnjblw,train,remove,False
reddit_1u18ir0_oqop1fg,train,remove,False
reddit_1kiv79p_mrqloy5,train,remove,False
reddit_t1_mta6oef,train,remove,False
reddit_t1_mts9upz,train,remove,False
reddit_1tx0uiq_opsor33,train,remove,False
bluesky_be3b6e503f94c8f1f5a1fbcd4b699c938b6956c5dbf01885ba7531dd7371afe2,train,remove,False
bluesky_ec7d08647fc82ecd4665450fe1b5470f5c15c14b1a28ea1b6f212eb721c26219,train,remove,False
reddit_t1_n0elale,train,remove,False
bluesky_c62cf068a2f4a927e9d5d372c976f8b990464fd983278560a4ca6fceb9e2ea8e,train,remove,False
reddit_1kvw690_mue2ynj,train,remove,False
reddit_t1_mwqti7z,train,remove,False
bluesky_93d923d8a208e419fd3f74f426170e1fdfe8cfb20604713060afd94b38a7311a,train,remove,False
twitter_2061540376897302767,train,remove,False
reddit_1khawky_mr6pg9g,train,remove,False
reddit_t1_n0jw58r,train,remove,False
reddit_t1_mq1p0ju,train,remove,False
reddit_t1_ms4xeor,train,remove,False
reddit_1lbu9k4_mxvg3ds,train,remove,False
reddit_t1_mtygqav,train,remove,False
bluesky_5893a67a7fff4ddff4d02cbb922be558b532a15ff3bbdd32d16254e6b9fce09b,train,remove,False
reddit_t1_myz11ai,train,remove,False
twitter_2061507833602928803,train,remove,False
reddit_1lenyao_myiryrv,train,remove,False
twitter_2060771481735540945,train,remove,False
reddit_1tv4g76_opfj4ak,train,remove,False
reddit_1kuc34s_mu1xhln,train,remove,True
twitter_2061803063724171489,train,remove,False
reddit_t1_mw76nur,train,remove,False
reddit_1lbzykw_mxzr0nz,train,remove,False
reddit_t1_mr4sm0f,train,remove,False
reddit_1lkpphk_n0kppwf,train,remove,False
reddit_1keyd1l_mqn3glq,train,remove,False
bluesky_ac89462c56af386b01ec58733a0d7051f538c0b90876893cd0252541be3acb01,train,remove,False
reddit_t1_mzp97y5,train,remove,False
reddit_t1_mtdlin4,train,remove,True
reddit_1kejgoy_mqkdyi8,train,remove,False
reddit_1kzqfvt_mv8ka52,train,remove,False
reddit_t1_mrahdy4,train,remove,False
bluesky_afdd3b910f3031e032417c8e234c615d0b370c44c29cb678fd4716f4f0f56b13,train,remove,False
bluesky_374e3801a34017565188a48b5eb31828936f7b40a7c6e5c0f941f16ed38bb766,train,remove,False
twitter_2061286246219931800,train,remove,False
twitter_2096949993252987366,train,remove,False
reddit_1labe73_mxl36hd,train,remove,True
twitter_2061769432805023859,train,remove,False
reddit_1kuxsho_mu6iqrj,train,remove,False
reddit_t1_mx5ihbz,train,remove,False
bluesky_a2d9cc6eaca2603c08b69e0b2f69be05827f07d3d194c707b35ba089cec9cec0,train,remove,False
reddit_t1_mtheuug,train,remove,False
reddit_1twgtct_opp2rdu,train,remove,False
reddit_1lk26lv_mzpdks8,train,remove,True
reddit_t1_mxwbosj,train,remove,False
bluesky_4f68f3cb9ec7e6f3074c5db568eae52cef22b3cb6503eceec080eba1a3e89bc8,train,remove,True
reddit_1tin8qq_omwo6nq,train,remove,False
twitter_2060938389461827850,train,remove,False
reddit_t1_my2znqb,train,remove,False
reddit_1liu803_mzf01tv,train,remove,False
reddit_1kw5zd9_mugnts2,train,remove,False
reddit_t1_mqucdt1,train,remove,False
reddit_t1_n075skr,train,remove,False
reddit_t1_mwyh2jd,train,remove,False
reddit_1l6jnqp_mwpbia3,train,remove,True
reddit_1txsumx_oq2khj1,train,remove,False
reddit_1lnr12b_n0je2jn,train,remove,False
reddit_1klqg58_ms9lpot,train,remove,False
bluesky_bbfb833e1ddb7e5357fb1851ceda0b227a9caf7da8345db816124cacdd1fc636,train,remove,True
twitter_2061683408233734288,train,remove,False
reddit_t1_mvahszc,train,remove,False
reddit_t1_ms6ja5d,train,remove,True
reddit_1l5roe2_mwjuk0t,train,remove,False
reddit_t1_mt48i70,train,remove,False
bluesky_c44ee9c76a458d06a15ddfe8077657e3a0c8b7f824a4135a7d6c25d88e3902e5,train,remove,False
reddit_1l6m75g_mwqmu8w,train,remove,True
reddit_t1_mskev9q,train,remove,False
bluesky_9bc5c61f1b003d2c1d66249aecfa3abaf097def11b9deb71a5390ec23b2c1032,train,remove,False
reddit_t1_mr2nkcf,train,remove,True
reddit_t1_mwszdrh,train,remove,False
bluesky_d0e99dc743110f131ff47843e245b9345fdce5756b4fe460a71659cd338852d3,train,remove,True
bluesky_79944c35d67e1b3ce486c0712f63ed86498ef58a8fe1103b2f91d59589e8e76f,train,remove,False
bluesky_7640c06a44f8fd0924c8aa8d8502e9ab241a587f305b6a6e53fc8df4e175f0de,train,remove,False
reddit_t1_mwn4iwy,train,remove,False
twitter_2061801007072338414,train,remove,False
reddit_1kcy0mu_mq82a1n,train,remove,False
reddit_t1_mqpbre1,train,remove,False
reddit_t1_mydg06s,train,remove,False
bluesky_69a450e3f033587b4270b2f73738f1d33b142502e113cc8f4173a74c42b81857,train,remove,False
reddit_1kjdep4_mrlz3tz,train,remove,False
reddit_t1_mrxowzy,train,remove,False
bluesky_e34dd9040ef0d71f3e12f77d9dc79fa5091c18a3aed8a1712ba0493bf67434a5,train,remove,False
reddit_t1_mydv01c,train,remove,False
bluesky_c6641ca1d9873b37dd0d0b982b57799a364dd9534cdf771f0d69a986fd69ef88,train,remove,False
reddit_1tjno36_on2q4tq,train,remove,False
twitter_2097101283627004291,train,remove,False
twitter_2060491051282972988,train,remove,True
reddit_t1_mrzr7bv,train,remove,False
bluesky_5cebb5a0d9271c7bd1b3a30068f1bbc5eb5d6df224033f9c4c5c466113c26b4a,train,remove,False
reddit_1lmcwk0_n07wnvm,train,remove,False
reddit_1l7cu2s_mww9spb,train,remove,False
reddit_t1_mww5z52,train,remove,False
twitter_2061674554888736872,train,remove,False
twitter_2061196779509469462,train,remove,False
reddit_1u16m18_oqnqf5m,train,remove,False
reddit_t1_myxzwe6,train,remove,False
reddit_t1_mqwipj9,train,remove,False
reddit_1kifvs5_mrgave1,train,remove,False
twitter_2061825762584654286,train,remove,False
reddit_1l4871w_mw743t1,train,remove,False
reddit_t1_mt2dftn,train,remove,True
reddit_t1_mrabapg,train,remove,False
reddit_t1_mrlpe2o,train,remove,False
reddit_t1_msuz703,train,remove,False
bluesky_a414b62e9f6aa3df174494900a8c9c48381d48d226375ef0e50b93892f6aad55,train,remove,True
reddit_t1_mxdli8x,train,remove,False
bluesky_742279f6c8c3f5f0f75588dcaef65d38ef8831dcf8290d5fa3fd85b25bbc9b3f,train,remove,False
reddit_1lnkvvz_n0i9er9,train,remove,False
reddit_t1_mz7qm2h,train,remove,False
reddit_1tszmoe_ooz9wa1,train,remove,False
reddit_t1_mtnvznd,train,remove,False
bluesky_d35534158cac969f5b6e12672285a1cbc2236930f288ae1fe59237b8d2ee1744,train,remove,False
bluesky_cf806dcc2e81e20b18efa569fdc8b052ba15b9d0fb0cbca0cf800bb0e92a3dbc,train,remove,False
reddit_t1_mt0n06m,train,remove,False
twitter_2061807709813408099,train,remove,False
reddit_1lfkced_myp19he,train,remove,False
reddit_1tstlbr_ooy9ret,train,remove,False
reddit_1tztcf5_oqdcufi,train,remove,False
reddit_t1_mvjjjb3,train,remove,False
reddit_t1_msvtfia,train,remove,False
reddit_t1_mpziwc8,train,remove,False
reddit_t1_mr9euis,train,remove,False
twitter_2061559756838318425,train,remove,False
reddit_t1_mur7mvl,train,remove,False
bluesky_e603d584fe92320092eaa9780404cffe4f7e4ce36ece56b740a8b33d33d735b4,train,remove,False
reddit_t1_my8thcx,train,remove,False
reddit_t1_mv5hfiz,train,remove,False
reddit_1kxmwn9_muqijw0,train,remove,False
twitter_2059787114942775587,train,remove,False
twitter_2096660663225503901,train,remove,False
reddit_1tbxjhn_olk59rm,train,remove,False
reddit_t1_n037e3s,train,remove,False
reddit_t1_mt3uq5d,train,remove,False
reddit_t1_mv6ogex,train,remove,True
bluesky_f757d8cc72b01e4be729f88b412a6e8a7070bf581e004a7e893b24612b2c3b81,train,remove,False
bluesky_b7c698937250ce372d5303ec4185d83135bf37c897fbf9c522a34303bb555f24,train,remove,False
reddit_1u27ivx_oqwycac,train,remove,False
reddit_t1_mvkzlmy,train,remove,False
reddit_1l2ndoc_mvvjvie,train,remove,True
reddit_1kgy2af_mr2x6x7,train,remove,False
reddit_t1_mywv2pv,train,remove,False
twitter_2061823657962320240,train,remove,False
bluesky_2d9ab343f7478c64633c4ecbad70d6061daceb5c31f8f9cf55d0782766230a1f,train,remove,False
twitter_2060700348235321425,train,remove,False
reddit_1lj9y8i_mzilt6u,train,remove,False
twitter_2061784493464093013,train,remove,False
reddit_t1_mt68pb9,train,remove,False
reddit_1ldsaaf_myb6jib,train,remove,True
reddit_1tsptkj_oox6dd9,train,remove,False
reddit_t1_mzsuazi,train,remove,False
reddit_t1_mrnr9z0,train,remove,False
reddit_t1_mzbs4ly,train,remove,False
reddit_t1_mqddl3k,train,remove,False
reddit_1l8v112_mx99mc2,train,remove,False
reddit_t1_myccmwb,train,remove,False
twitter_2061486632432197643,train,remove,False
reddit_t1_mtt0kam,train,remove,False
reddit_1kuqyux_mu3r8wr,train,remove,False
reddit_1kwd6yi_mugvstf,train,remove,True
reddit_1kuqyux_mu41d3v,train,remove,False
reddit_t1_mxeu7o4,train,remove,False
reddit_1lhaiqa_mz3a95k,train,remove,False
reddit_1u1z88l_oqtmh7z,train,remove,False
reddit_t1_mz3e584,train,remove,False
reddit_1tu4roc_op951dd,train,remove,True
bluesky_81ceeb2d44f707be4c42a772e990165362ba3baaaee241cdc49cd3bc571fb045,train,remove,False
bluesky_a7fdf42d653a78bd9bb883128965ad07571e0817928abe0ed04581aec09732a0,train,remove,False
reddit_t1_mx249pm,train,remove,False
bluesky_b3d6ff1cdc60ae53a2e15ee1522a59bdd92615505b833a55b337ab0f1b8fd69f,train,remove,False
bluesky_c1be63d161232b79d83c837a67ded6a938f5f4cc9f647ef3134bc2620a9ad671,train,remove,False
reddit_1t84e9i_ol091vj,train,remove,False
reddit_1kk7yq6_mrsryq8,train,remove,False
twitter_2060407590849216584,train,remove,False
reddit_1l7rii5_mwz7sym,train,remove,False
reddit_t1_mtpdtp7,train,remove,False
twitter_2061819647175876945,train,remove,False
reddit_1kr4vzz_mtcdeud,train,remove,False
reddit_1tsxfco_oozujd2,train,remove,False
reddit_t1_msj556c,train,remove,False
reddit_t1_mulcou5,train,remove,False
bluesky_b0486dda9f68017fa82f392072dbd170a9558303da98467dbf5d8b55acc537d5,train,remove,False
reddit_t1_mwdsx6s,train,remove,True
reddit_t1_mqnncvf,train,remove,False
reddit_1l36mv7_mvyk253,train,remove,False
reddit_1krctyl_mtcn5zl,train,remove,False
bluesky_b7044b616226346df263dfaaaf61d4367c69759fe8783eb2679c6bc335fab9fc,train,remove,False
reddit_1u0gjyt_oqibjyk,train,remove,False
reddit_1ttbse9_op2yyg0,train,remove,False
reddit_t1_mt4n425,train,remove,False
twitter_2061804769539228124,train,remove,False
reddit_t1_mtsid9o,train,remove,False
twitter_2061758519041479162,train,remove,False
reddit_1txopv4_opxnfmd,train,remove,False
reddit_1lhzpsa_mz8bx3c,train,remove,False
twitter_2061656608740925833,train,remove,False
reddit_1kn4pwm_msfq5dd,train,remove,False
reddit_t1_my2trhf,train,remove,False
reddit_t1_mustlm1,train,remove,False
reddit_t1_mvlr3de,train,remove,False
reddit_1khto5j_mrcs8yk,train,remove,False
reddit_1lh7w45_mz3u3fu,train,remove,True
reddit_1l2jmnx_mvvheu5,train,remove,False
reddit_t1_mqgs4ul,train,remove,False
reddit_1lhc9kv_mz347fn,train,remove,False
reddit_t1_mqka6fr,train,remove,False
reddit_t1_mxkxnwz,train,remove,False
bluesky_e23486211051c8770fc3da6ec37efd6b9229634ebbed2369d94ac70afdb3af77,train,remove,False
reddit_1kxq41x_murapcs,train,remove,False
reddit_t1_mxum24g,train,remove,False
reddit_1lb7id2_mxql6zl,train,remove,False
reddit_t1_n0khadk,train,remove,False
twitter_2061591508717822167,train,remove,False
reddit_t1_muas35i,train,remove,False
twitter_2059652753534693586,train,remove,False
reddit_t1_mq97r8z,train,remove,False
reddit_t1_ms5faes,train,remove,False
reddit_1l3qclh_mw36huv,train,remove,False
reddit_1tv1z4j_operx9a,train,remove,False
reddit_t1_mz4pv7z,train,remove,False
reddit_1tzmvf4_oqfrtny,train,remove,False
bluesky_7f5b068c0f19a9f04eef96eaadc6ddee2bca352f0fb34b24220e469ae7e26cc6,train,remove,False
reddit_t1_mu6dd4r,train,remove,False
reddit_t1_myztgq3,train,remove,False
bluesky_ce8515af5ee42773e7c739cb30134636547ee033fd5c985e95bf02329f86aae8,train,remove,False
reddit_1liz1et_mzghw2p,train,remove,False
bluesky_1f7720c8e9e82f16f9894d208530678d723c1a779a4fefa22edb83f0e0dc5c82,train,remove,False
reddit_1lf1k51_mykyymd,train,remove,False
reddit_t1_my6g5tp,train,remove,False
reddit_1tdz1jj_olz45jt,train,remove,False
reddit_t1_mtq6tne,train,remove,False
reddit_t1_mye8i2d,train,remove,False
reddit_t1_mtte0yp,train,remove,False
reddit_t1_mzw1ugk,train,remove,False
reddit_t1_ms4pxkj,train,remove,False
reddit_1lfq7q5_myqtdfx,train,remove,False
reddit_t1_n0hwlrq,train,remove,True
reddit_t1_mv6d7l6,train,remove,False
reddit_t1_mrg1394,train,remove,False
bluesky_60d78b70a8282fa3ccc834b80563d95e6a2813cc1e559c6ef7c3380df9a25ef4,train,remove,False
reddit_1l8ae64_mx3967d,train,remove,False
reddit_1ldiwwz_my8qy1h,train,remove,False
reddit_t1_mz38rb0,train,remove,False
reddit_t1_mx89ono,train,remove,False
reddit_1tytmjd_oqaixqi,train,remove,False
reddit_t1_my6wwy7,train,remove,False
reddit_1kl7318_ms043un,train,remove,False
reddit_1u0oc51_oqmacus,train,remove,False
reddit_1kze0f3_mv5nr9m,train,remove,False
reddit_t1_mydwlg5,train,remove,False
reddit_1twr00b_opqoeu9,train,remove,False
reddit_1lju5uj_mzmyjps,train,remove,False
reddit_1l3n2sj_mw2chd1,train,remove,False
reddit_1l74253_mwv1kww,train,remove,False
reddit_1tay1l3_olckboz,train,remove,False
reddit_t1_mzfixee,train,remove,False
reddit_t1_mwjzlmy,train,remove,False
bluesky_633afe093b4d6fe87c07fd56e6c51f610cc264872934f9a3a8bebb3fbc851929,train,remove,False
twitter_2096450690243506460,train,remove,True
twitter_2059731702574936330,train,remove,False
reddit_1lhaiqa_mz2uzqf,train,remove,True
reddit_t1_n0133ar,train,remove,False
reddit_1lo9qaa_n0lzu1w,train,remove,False
reddit_t1_mr9x37y,train,remove,False
reddit_1ll6sj4_n0ndlat,train,remove,False
bluesky_8cb4329e7c7890c452fcd41dc23ae03570cabd0c8be705ced540a230ab056efb,train,remove,False
reddit_1lkj9on_mzu7g7e,train,remove,False
reddit_1u08yl1_oqgf8jy,train,remove,False
twitter_2061267297096835097,train,remove,False
reddit_t1_mz1aeou,train,remove,False
reddit_t1_n0b4dcn,train,remove,False
twitter_2060953765268553808,train,remove,False
reddit_t1_muyduix,train,remove,False
reddit_1laoyyl_mxs5gwk,train,remove,False
bluesky_a1c4ce0b3005e706fb95285819c4a911d0378d7a9d6f0b4204b18644554bc57a,train,remove,False
reddit_1kwecer_mugti91,train,remove,False
reddit_t1_mzvppq1,train,remove,False
reddit_t1_mwr4mff,train,remove,False
reddit_1kqtkiz_mt8br96,train,remove,False
bluesky_e7ea19befe88babc664285fc88f0cf5f91550f54e512f98873fe6ba89cbb8ffe,train,remove,False
reddit_1kwtvrv_mukg6ou,train,remove,False
bluesky_25022111eeaba405060325acb01a95e1a3bb77d403620a463205dd3804716708,train,remove,False
reddit_t1_mvzapl5,train,remove,False
reddit_1lel8xy_mykb0o9,train,remove,False
reddit_t1_mrwgppz,train,remove,False
bluesky_e6582bf479975a6cd10f9e5ee65683a05410043059db89a14fc06b73a3c22426,train,remove,True
reddit_t1_mrhq1nw,train,remove,False
reddit_t1_msghh0y,train,remove,False
reddit_t1_mz4qnbx,train,remove,False
reddit_t1_muazyo5,train,remove,False
reddit_t1_n0le1ii,train,remove,False
reddit_t1_myvi6p5,train,remove,False
reddit_1trbmne_oonv7iy,train,remove,True
bluesky_4d9ff7dcf3afb54022b67ecc53c967ae2d173ee54e260f9c78482246928c8303,train,remove,False
reddit_t1_mqis32p,train,remove,False
reddit_t1_munuhzm,train,remove,False
reddit_1tswg2c_op1aht0,train,remove,False
reddit_t1_mw7xlab,train,remove,False
reddit_1ll1vt1_n0krdsp,train,remove,False
reddit_1tznn66_oqcpa1l,train,remove,False
bluesky_0ca84aa348e1f5c629637f810bb750c4b9fe45b43fc6f1711acf78e817a13628,train,remove,False
bluesky_17902fcc120525204a60f76bca2a0ce1baefdf486d85fc03ee5c3a00624624df,train,remove,False
reddit_1ttui2j_op636xx,train,remove,False
reddit_t1_mr8d1ny,train,remove,False
bluesky_e571074eaca7bf9795a27cc7c688641de115799bab05d53574983cc3d59e187f,train,remove,False
reddit_t1_n053784,train,remove,False
reddit_t1_mx83vls,train,remove,False
reddit_t1_mwk1vfo,train,remove,False
bluesky_807bbf401eaff12a60ec664be8b609b33464a20213e2bd8821a03b6fb45c6076,train,remove,False
bluesky_f6f8f36a40bc49d5a889a08816f170bafe89b3fab409b349cfa825fa180b64cd,train,remove,False
twitter_2060178094024262116,train,remove,False
reddit_1tzgcp8_oqaqw3q,train,remove,False
reddit_1tql6ez_ooh9unr,train,remove,False
reddit_1kkiq63_mrvc7lh,train,remove,False
bluesky_67bf62e507cbe02378f133d36d64a6e8dd0f9f54f5d2212fbb2c27621f6c8ef7,train,remove,False
twitter_2095918890559701335,train,remove,False
reddit_1ttbse9_op2y7p0,train,remove,True
reddit_t1_mshkqod,train,remove,False
reddit_1lccvte_my24lz6,train,remove,False
reddit_1tlszb9_onlyjlf,train,remove,False
reddit_1tqcf7r_ooh4o8k,train,remove,False
reddit_t1_mt1ayuk,train,remove,True
reddit_t1_mwu7i5d,train,remove,False
reddit_1txsumx_opyjwk8,train,remove,False
twitter_2061141772357484740,train,remove,False
reddit_t1_mzjt8nm,train,remove,False
reddit_1tqfpwr_oog28zn,train,remove,False
reddit_t1_mz38tgl,train,remove,False
reddit_1kdhcse_mqgyjuv,train,remove,False
reddit_t1_mqxll7i,train,remove,False
reddit_t1_mzc31xy,train,remove,False
reddit_1li1vg1_mz9ck7x,train,remove,True
twitter_2061603457094610947,train,remove,False
reddit_1kr6c12_mtbjtw5,train,remove,False
reddit_1ld36t6_my5v4f2,train,remove,False
reddit_1kz175l_mv38efs,train,remove,False
reddit_t1_mx480l5,train,remove,False
reddit_t1_my9f7oa,train,remove,False
reddit_t1_mv5s6r3,train,remove,False
reddit_t1_mtsiq7p,train,remove,False
reddit_1tpm2mc_oo9qw4x,train,remove,False
reddit_1tt0mlj_op0j7fh,train,remove,True
twitter_2061823876783325433,train,remove,False
reddit_1kf02u7_mqn6zxu,train,remove,False
twitter_2061384779895841130,train,remove,False
reddit_t1_mtsj11y,train,remove,False
twitter_2061650254127079723,train,remove,False
twitter_2061823787960557939,train,remove,False
twitter_2061507754666189157,train,remove,False
reddit_1ld16hb_my4xjqa,train,remove,False
reddit_t1_mz2la7d,train,remove,True
reddit_t1_mz3dfl2,train,remove,False
reddit_1kc6k0f_mq18gfp,train,remove,False
reddit_t1_mxgfbhq,train,remove,False
reddit_1lcw1or_my5zj61,train,remove,False
reddit_t1_mt7ujsb,train,remove,False
reddit_1l5piym_mwl4160,train,remove,False
bluesky_db62e2dca6d24744248a963ac0908ebfe9f19b59a245ccc9e4b424c0f15530cc,train,remove,False
reddit_1u2ek28_oqxnkii,train,remove,False
bluesky_6603e3f219cf0f44c9b84912e6c9fd3378172b93fa269798a8e9c8aca24db927,train,remove,False
reddit_t1_mxww319,train,remove,False
reddit_t1_mx9zyl3,train,remove,False
reddit_1tvywom_opm3ctw,train,remove,False
reddit_1tle2vc_ongetmy,train,remove,False
twitter_2061826634819178659,train,remove,True
reddit_t1_mxvun78,train,remove,False
twitter_2097085576973590897,train,remove,False
reddit_1l6eybs_mwrhi9t,train,remove,False
reddit_1klrtv5_msgj7zr,train,remove,True
twitter_2060846007953310102,train,remove,True
reddit_1ksybvd_mtq31td,train,remove,False
twitter_2061320426848968738,train,remove,False
bluesky_e3195cbc52d766d812dfc6ca6a0eaf0cd38fef5ae34baaa0a779a0b72dccd048,train,remove,True
bluesky_a270804fad7d77e8955c90c3b0e3662b5c9c5d5244687bb5137828cd13af1939,train,remove,False
reddit_t1_mufdx2m,train,remove,False
reddit_t1_mriuzww,train,remove,True
bluesky_95ad22ebe375fadbf7a41caefb348cd1c6336bc3485ee0713ff2ec004aadb024,train,remove,False
reddit_t1_msei2yx,train,remove,False
reddit_1lb928e_mxu20tb,train,remove,False
reddit_1ks6iff_mtli554,train,remove,True
reddit_1kvxd8w_mudzc3o,train,remove,False
reddit_1kiv79p_mrkvytt,train,remove,False
bluesky_40098eecce51c89703999067aefabe1154e69585e84fad7af2ea66ea3f174a27,train,remove,False
reddit_t1_ms41gj8,train,remove,False
reddit_t1_ms5nqbl,train,remove,False
reddit_1kmxf5t_msfzprc,train,remove,False
reddit_1ktzjih_mu2ed32,train,remove,False
bluesky_139786ff112907fc25b0b8fc557b7b8dba47523eb978c09f4786449da986959f,train,remove,False
bluesky_50bb7a57ce70dae2c01e4bc2f4ea50a43c8b859220e1321cc2f85db594d7262e,train,remove,False
reddit_1tsv1fn_ooydio7,train,remove,False
reddit_t1_msy8ujr,train,remove,False
reddit_1kziugd_mv62o2a,train,remove,False
reddit_t1_mxp4eo0,train,remove,False
bluesky_94c34f7af41d08a71131802f9b35585f62cfb614402e010eeadc08e00d8b71da,train,remove,False
bluesky_e9551e864da5b6feeed4bb973346e626a22057f70e62e5489d9beb326c442509,train,remove,False
reddit_1kxo6er_mur3l3w,train,remove,False
reddit_t1_n011hwt,train,remove,False
twitter_2061549368008737230,train,remove,False
reddit_1lcw1w7_mya5g4j,train,remove,True
reddit_1txme1m_opxckpr,train,remove,False
bluesky_a9ffbdb98620e5d11ea3b484460767070c0160dc87e007d530fec13371f96f43,train,remove,False
reddit_1kkvadr_ms2g7eo,train,remove,False
reddit_1lmagph_n089ea2,train,remove,False
reddit_t1_mqyx8ii,train,remove,False
reddit_t1_n0b6cur,train,remove,False
reddit_1klqcva_ms49m57,train,remove,False
reddit_t1_msdti9w,train,remove,False
reddit_t1_my75tlx,train,remove,False
reddit_1lld3xy_mzz7n1c,train,remove,True
reddit_t1_mv5dn97,train,remove,False
twitter_2061588894705918334,train,remove,False
reddit_1l73m4e_mwv6zqn,train,remove,False
reddit_t1_mz2d84h,train,remove,False
bluesky_cfcfa57f7de479f3e2c51f8caee9d430021c7fb6ec4657be3495d3c2ad1525a2,train,remove,False
reddit_t1_mt8ka35,train,remove,False
reddit_t1_mu6x0xe,train,remove,False
reddit_1ljlipu_mzmxvco,train,remove,False
reddit_t1_mr9g556,train,remove,False
bluesky_73f6f7b79ca71d7349c3b475f9298e606df428dd1c96b690ce514329da2ef03b,train,remove,False
reddit_1kqkn0y_mt6orzx,train,remove,False
bluesky_8758e628bf670c8771893cabafdf5f9fbec919625a2f814828056aeb6e7f64dc,train,remove,False
bluesky_f7977e0736c98c015cfa5f71a68f80e613e0ec72644b371a6b157cd500ead569,train,remove,False
bluesky_2a806e227d19e93147b30061b0a01123b39bdb8d668865faf360c93ed984a443,train,remove,False
reddit_1kpmzrc_mt4yvx1,train,remove,False
reddit_1kjndle_mrpq85i,train,remove,False
reddit_1txekxo_opx52qb,train,remove,False
reddit_1lmpk2r_n09ox4m,train,remove,False
twitter_2061501762754756943,train,remove,False
reddit_1knep98_msipgrk,train,remove,False
bluesky_60b5f687e2fe83c9473bac8869ed22eef3fdb386a746494073a132a7e5bfcdb9,train,remove,False
reddit_t1_mrxvx04,train,remove,False
reddit_1l21657_mvpo3tm,train,remove,False
reddit_1ksy3bs_mttjace,train,remove,False
reddit_1tw6zcr_opmz0j4,train,remove,False
reddit_1km298z_ms74es8,train,remove,False
reddit_t1_mrix7w0,train,remove,False
reddit_1kn6sqy_msmwbkg,train,remove,False
reddit_t1_mrn2fnt,train,remove,False
reddit_t1_mqti86w,train,remove,False
bluesky_b6055e4ebaadbcd1ff402e6f8601f02bb19166feec13bf0182f1831f2deea08e,train,remove,False
reddit_t1_mtj4ms8,train,remove,False
bluesky_30c0cfeecf108de306c6cd8653eee8507e4267437aff181052ff51f27f991537,train,remove,False
reddit_1u28e60_oqvh7p6,train,remove,False
bluesky_0c0c7813069df2d5ec8c01898fe071c9dba16343457dcf933b25dbdfda25146f,train,remove,False
bluesky_9ae8a3f5c9fa2da3cf2067c73d4939ed30be1568fa922c287e11f23629013f5e,train,remove,False
bluesky_16ae9e85e9eacb490a349b163c714dacc0e2494c4f1bd1ce0d864339be924d89,train,remove,False
reddit_1tlu4l3_onibp6r,train,remove,False
reddit_1lg595e_mytx4wi,train,remove,False
reddit_t1_n0ezhjl,train,remove,False
reddit_1kyiyst_muydlmh,train,remove,False
reddit_1tttfo9_op645dc,train,remove,False
bluesky_d42993adc79e2daec482a7df5fb929e0b81ed7009db8757fc95abf16ec9b55f2,train,remove,False
reddit_t1_mvr522j,train,remove,False
reddit_1kwekl1_mujud1q,train,remove,False
reddit_t1_msjgssm,train,remove,False
reddit_t1_my0lrfh,train,remove,False
reddit_1kwbqpu_mug7ezj,train,remove,False
reddit_1ld36t6_my63jj5,train,remove,False
reddit_t1_muccssi,train,remove,False
reddit_t1_mvj0tjy,train,remove,False
reddit_1kcb4gq_mq1i66i,train,remove,False
reddit_t1_mymjsgp,train,remove,False
reddit_1kz1pw8_mv206st,train,remove,False
reddit_t1_msw0zjy,train,remove,False
reddit_1krctyl_mtcrgi2,train,remove,False
reddit_1lfkced_myqv77f,train,remove,False
reddit_1limsav_mzdef15,train,remove,False
reddit_1kyd2rc_muww4k6,train,remove,False
reddit_t1_mtcz3co,train,remove,False
reddit_t1_mz4vcr7,train,remove,False
bluesky_2fdc1daa6e8947abbf6bfc3316c2a05e2b4b3bec72a4946c9f0f0fe5b108bdcd,train,remove,False
reddit_t1_mzbqwse,train,remove,False
reddit_t1_mwlims4,train,remove,False
twitter_2096869984471294357,train,remove,False
reddit_t1_myu2iir,train,remove,False
reddit_t1_msztx46,train,remove,False
bluesky_9e1b89ead67f41254caa0e8e05ba528c86c145c70292a82891a12503dfd83db3,train,remove,False
reddit_1kwnre0_mujt2td,train,remove,False
reddit_t1_n0n019p,train,remove,False
reddit_1lhn8be_mz6n9ob,train,remove,True
twitter_2061638560374026701,train,remove,False
reddit_t1_mrloz0w,train,remove,False
bluesky_a033aa69284bfc55e7d67f7165fac602c3698be18fb59b954cda24644a23f1f7,train,remove,False
reddit_t1_mwy567k,train,remove,False
bluesky_e5ee01cd4d898f060e69fac54c80bdcdc3dcd94a93eb37dc7b40526369d63a5c,train,remove,False
reddit_1tj016u_omzvm8i,train,remove,False
reddit_1u28e60_oqvp1zb,train,remove,False
reddit_1liq07j_mze55tk,train,remove,False
reddit_t1_mzvwyku,train,remove,False
reddit_t1_mz4n8ul,train,remove,False
bluesky_7e3bea5d83afb0b4db73e4f9453ad94850450f2b786e25ece573ea5a0894c433,train,remove,False
reddit_1lkj9on_mzss677,train,remove,False
reddit_t1_mupws6t,train,remove,False
reddit_t1_mrv1ta2,train,remove,False
bluesky_4f4ca7a12e93d79ccc3535602f926b4ebdbdecf81dff49642d3bbe3c5b8f91f3,train,remove,True
reddit_1kjndle_mro4f9e,train,remove,True
twitter_2059996002669494581,train,remove,False
twitter_2061513964308345235,train,remove,False
reddit_t1_mx1h8as,train,remove,False
bluesky_2ed3f30e63b4d6f15be88e77a483f60834d68df7d544caf9438174ec1076721d,train,remove,False
reddit_t1_n0o326y,train,remove,False
twitter_2061578869702901913,train,remove,False
reddit_1te3cn8_om0gy26,train,remove,False
reddit_t1_mq6c95c,train,remove,False
reddit_t1_mxl34vn,train,remove,True
bluesky_9c9bfb898718b4856908e56c4cd28aab0ed02dabc22a7fd19524b5f0336157a2,train,remove,False
reddit_t1_mwxuaeo,train,remove,False
reddit_t1_mx3oijp,train,remove,False
reddit_t1_mwmdi6f,train,remove,False
reddit_t1_mwwb5q5,train,remove,True
reddit_t1_mspitm3,train,remove,False
reddit_t1_mxliz3j,train,remove,False
reddit_1lcrv72_my3bpm6,train,remove,False
reddit_1kjndle_mrodv47,train,remove,False
reddit_1l6j7rv_mwr08h2,train,remove,False
reddit_t1_myvs35j,train,remove,False
reddit_t1_mz2ogai,train,remove,False
reddit_1l2pqlb_mvv270j,train,remove,False
reddit_t1_mqu6npf,train,remove,False
reddit_1kubmyy_mu0ffzi,train,remove,False
bluesky_554c298f3df16dc4bc0210f62a9ecac9d204913607159a30d013fbc3d0124990,train,remove,False
reddit_1l5piym_mwirct5,train,remove,False
reddit_t1_mx4egx7,train,remove,False
reddit_t1_mzyv2on,train,remove,False
reddit_1khfdka_mr6u1xt,train,remove,False
reddit_t1_msoo6iu,train,remove,False
reddit_1tl3tai_oneuzql,train,remove,False
bluesky_171eb60ff131d4a920d0fc1644f5cb0fbefcbaacec23057ceac34d23e57746ab,train,remove,False
reddit_t1_mshaua7,train,remove,False
reddit_1l7dv89_mwwns7l,train,remove,False
reddit_t1_n0frs27,train,remove,False
bluesky_f75e33d000b2e52b9625e7825a0d3469590f37e6129152b8a16b76502d96c2c5,train,remove,False
reddit_1llzlg3_n04uxu7,train,remove,False
bluesky_63f41943a3d9902d8c3c68ccc1f0ac51035cda3b10ec890c3e6c359300e9f59d,train,remove,False
reddit_1l7uxh4_mx0f024,train,remove,False
reddit_t1_mtv9y00,train,remove,False
reddit_t1_mzc3dv4,train,remove,False
reddit_1t9du8y_ol24ex4,train,remove,False
bluesky_dd8da5056f83f22ff8dacbdb0c9f528d7bb1d11e96a1b90c99a8f17f1190cae7,train,remove,False
reddit_1l6eybs_mx533ze,train,remove,False
reddit_t1_mra6fmg,train,remove,False
bluesky_67ccf4cc04f74186d3d5f0c8846550a5ace6c235970af4855b2f1cd1327064df,train,remove,False
reddit_1ljlipu_mzm21t9,train,remove,False
reddit_1l331fv_mw0t68s,train,remove,False
reddit_t1_mv4szmi,train,remove,False
twitter_2060475945568604489,train,remove,False
reddit_t1_msgdh8f,train,remove,False
reddit_t1_mwjtyjb,train,remove,False
reddit_t1_mrpbcii,train,remove,False
bluesky_58748ca67844cf25a910fb3b3689d6c2181be7f8d6b55c9b1f60e82e88f5db67,train,remove,False
reddit_1kc4k1c_mq0gh41,train,remove,False
bluesky_b13101e71a2f591375e03ed04163f346f4dc9c02aa6d026e4842d4288ef6c67c,train,remove,True
reddit_t1_mwgyj9g,train,remove,False
reddit_1ldrkkb_mydptyj,train,remove,False
twitter_2061823329384714375,train,remove,False
reddit_t1_mzly1xt,train,remove,False
reddit_t1_mx479zz,train,remove,False
reddit_1kdsslc_mqh5xvm,train,remove,True
reddit_1kcc20a_mq1cm4h,train,remove,False
bluesky_4bc7ae0e31d49f1445557f91d17d44138634a4098e7eef4ab57a5dd347653e49,train,remove,True
reddit_t1_n0di7ds,train,remove,False
twitter_2060511986048225354,train,remove,False
reddit_t1_mr87xic,train,remove,False
reddit_1l6nq5i_mwqcjgb,train,remove,True
bluesky_ce118bdb17ffc046e185e5caae7d88b8e59772b28e5909eaf8283e27017262df,train,remove,False
reddit_1lmnrt2_n0aryep,train,remove,False
reddit_t1_musocuk,train,remove,False
bluesky_8a2697b0757d752249a23f2e3bd4eb7000f972071642847eb0a10f7a4dbdbf12,train,remove,False
reddit_t1_n0hyirk,train,remove,False
reddit_1kg5azy_mx9k2fg,train,remove,False
reddit_t1_mvugdcj,train,remove,True
reddit_1lhxoum_mz9ob1s,train,remove,False
bluesky_8366aca6e4ae613f4bf4cd0eff8bdcf7cad3983154ae0119e06f2fcd6e974805,train,remove,False
bluesky_b7e6951d2a93b5fdb9703b2ce7220424f7932cd7598f8f3fdea624d52a77f370,train,remove,False
reddit_t1_mzf4xnu,train,remove,False
reddit_t1_mtyox7v,train,remove,False
reddit_1kn5i1j_mshg0kw,train,remove,True
twitter_2061721147872563408,train,remove,False
reddit_t1_mw3pyp4,train,remove,False
reddit_t1_mtdsu6g,train,remove,False
bluesky_c472ddeab29266e06c92355b62053602293d3e843b9266f487ae70c46c23346e,train,remove,True
bluesky_e8cda7d689b2391e90874bd6e3ccb6e421a1105844c175aaa51f0081e0160a00,train,remove,False
reddit_1ldv50r_mybaffg,train,remove,False
twitter_2061826317688111468,train,remove,False
reddit_t1_myakbud,train,remove,False
bluesky_dc4dcae4f1145096ad525dd66dc4700b85ed0f0d0653085f734388386268bddd,train,remove,False
bluesky_9bac267b4cb8faeb2f0e37d54cddb03b02a4dc44e3d31b5d38b17586c6571119,train,remove,False
reddit_1lljkw6_n011wut,train,remove,False
reddit_t1_mrzuub1,train,remove,False
reddit_1kwkajn_mui3bt4,train,remove,False
reddit_t1_mtp1mpi,train,remove,False
reddit_t1_mw7ja3h,train,remove,False
reddit_t1_mr9e4x4,train,remove,False
bluesky_c820402d2930561f1d98c13702c749c03ca2956bb83165d8acf62615f60b97dd,train,remove,False
reddit_1lc6l57_mxy9u43,train,remove,True
bluesky_a4204b496aa5969633da26b20426e2b004a6a509ffec4ed513751334ea34c5bd,train,remove,False
reddit_t1_n04inb1,train,remove,False
reddit_t1_mr36y5o,train,remove,False
reddit_1u0l8qh_oqjt80v,train,remove,False
reddit_t1_my4lapb,train,remove,False
twitter_2061078361015980285,train,remove,False
reddit_t1_mr3lfva,train,remove,False
reddit_1lmnrt2_n0k7rc2,train,remove,False
twitter_2096642082324496449,train,remove,False
reddit_t1_mqwul4b,train,remove,False
bluesky_a20063f49a99029dab5316a2cf49ef54796fcffadfdcccda746c7681d6b446ef,train,remove,False
bluesky_fad2b82f474682f623976ebaca30b9bde8991bd12f4e35cf6a7017a085e43379,train,remove,False
reddit_t1_mwwxylh,train,remove,False
bluesky_482a9a395c5bd6e1b23ac97917dbc39f479f37f618666f77ccca12c04f30fb55,train,remove,False
bluesky_5d5d2ec8197b3f7d9553fbd7279c9e15425dfe9609c9d7376e4042f653130e95,train,remove,False
reddit_1l4rk05_mwbvmj2,train,remove,False
reddit_1kovqhj_msta036,train,remove,False
reddit_t1_mrk3q4p,train,remove,False
bluesky_db446d5659f592cd2fecc4a76b030711219b0c3b0b63126313c0a4ace7548e34,train,remove,False
bluesky_39c361a5a4bd477dfab1b6adf62c8b49703c4924c53aa717c3ed93dd3345c3e5,train,remove,False
bluesky_ed34c73c2226aff98908ffdff59fcc4f8303267b6017a8931ad0554fc8f054f8,train,remove,False
reddit_t1_mtl0h4g,train,remove,False
bluesky_088fb7129a2c8c39b541ac6bda42418349a65bd911a02181a3e0f25af904ea88,train,remove,False
reddit_1kyojif_muzm02o,train,remove,False
reddit_1tc5bjg_olpcz7g,train,remove,False
reddit_1tvywom_oporx5y,train,remove,False
reddit_1la3kfl_mxhj79p,train,remove,False
reddit_1l60dkx_mwl4h1p,train,remove,False
reddit_1kix4ml_mrm7kcs,train,remove,False
reddit_t1_mzey2vp,train,remove,False
reddit_1tux6at_opdfnuc,train,remove,False
twitter_2059602636265943550,train,remove,False
bluesky_a2b2c89785953a364b0834a23b9adbe200444f5bd3e311396fcd684c8f4ca174,train,remove,False
twitter_2061793183730749817,train,remove,False
reddit_t1_mta7xnv,train,remove,False
reddit_t1_myqsp32,train,remove,False
reddit_1l7fyn5_mwy322x,train,remove,False
reddit_t1_mxjr5ge,train,remove,False
bluesky_7a7e369317987393bff86cdd70c89723411bdd0e3854c2d5cc6ecd87c248c391,train,remove,False
reddit_1l8xciv_mxf3t1m,train,remove,False
reddit_1kxjv91_muq3s0s,train,remove,False
bluesky_0f7a783dd84728d1f34bc61d4b79d7160f03095666025faeff590a2c3445a0be,train,remove,False
bluesky_5c6641fbf63fbf81932cfe9207470316aabe253d64db478c8b4296a6e49d0a8c,train,remove,False
bluesky_ee25c4467c9ccac38f646a73f7a10df55b7ff17201d7f93f316b227371d1e76f,train,remove,False
reddit_1l6bawz_mwnj36d,train,remove,True
twitter_2060992060434309180,train,remove,False
twitter_2096296816413159628,train,remove,False
reddit_t1_myqbz7q,train,remove,False
reddit_t1_mvpqpay,train,remove,False
reddit_t1_mr4g4i2,train,remove,False
reddit_t1_mrhas9y,train,remove,False
reddit_t1_mqvgxvn,train,remove,False
reddit_t1_mzfdlyw,train,remove,False
reddit_t1_mq5bsdn,train,remove,False
reddit_1kigsq6_mri9gdh,train,remove,False
reddit_t1_mtcqlrs,train,remove,False
reddit_1t4l69v_ok5up8p,train,remove,False
twitter_2061467569052110866,train,remove,False
reddit_t1_mx4l7iv,train,remove,False
reddit_t1_mtnd5l9,train,remove,False
twitter_2061778762514244019,train,remove,False
reddit_t1_msk40y8,train,remove,False
reddit_t1_ms4x8lo,train,remove,False
reddit_1tvumlg_opjqfam,train,remove,False
reddit_1tsycwk_ooyhp4n,train,remove,True
bluesky_0a2b9004052bdafe88f229a9058c9d3fb514d3a54bea1ea830a2a1b4341c727d,train,remove,False
reddit_1txrgkr_oq0zyly,train,remove,False
reddit_1kwjws0_mui9c5p,train,remove,False
reddit_t1_msqfrq5,train,remove,False
reddit_1tzb8pt_oqa3usp,train,remove,False
bluesky_44ccf4ed57edb13de5bcffa131fcd0130536546ca85979225a1a7bf46bb088dd,train,remove,False
reddit_t1_mr8fpwz,train,remove,True
reddit_t1_mvurmp3,train,remove,True
twitter_2060477468457234795,train,remove,False
reddit_1kgs9fz_mr383ul,train,remove,False
reddit_t1_mxzidmb,train,remove,False
reddit_1rqd674_o9rfscl,train,remove,False
reddit_t1_mzvkxdq,train,remove,False
reddit_t1_mrs7kxy,train,remove,False
reddit_t1_mv2dcz4,train,remove,False
reddit_t1_mpyws2v,train,remove,False
twitter_2061824388471595469,train,remove,False
reddit_1kdx1l3_mqf2tsb,train,remove,False
reddit_1l79rdv_mwxanrr,train,remove,False
reddit_1tin8qq_omxr3vh,train,remove,False
reddit_t1_msfyw5c,train,remove,False
reddit_t1_mshsqve,train,remove,False
bluesky_aa24f4320b4b9dd76a5d53f8996e36b7efaaf6de4456e47d00941792d5f25d9f,train,remove,False
reddit_1ledflx_myfnre8,train,remove,False
reddit_t1_mr2rben,train,remove,False
reddit_t1_n04ifek,train,remove,False
reddit_1kn4li2_msla97q,train,remove,False
reddit_1ty27wv_oq2c3b0,train,remove,False
reddit_1tbxjhn_olkleyx,train,remove,False
reddit_t1_mwn8yhe,train,remove,False
reddit_t1_mxd4sjf,train,remove,False
reddit_1klec3p_ms227re,train,remove,True
reddit_1kziugd_mv6bp6p,train,remove,False
reddit_t1_myswoaf,train,remove,False
reddit_t1_mpy3u9k,train,remove,True
reddit_t1_n04iii5,train,remove,False
reddit_t1_mxeonhp,train,remove,False
reddit_t1_mtvf8g2,train,remove,False
reddit_t1_mzt94gu,train,remove,False
twitter_2061488125231140917,train,remove,False
reddit_t1_mt7nrh8,train,remove,False
twitter_2060364929887031694,train,remove,False
reddit_t1_n0o26r0,train,remove,True
reddit_t1_mr0p72t,train,remove,False
reddit_1lfq7q5_myr99xl,train,remove,False
reddit_1lhaiqa_mz5dk9g,train,remove,False
bluesky_06bc0e261ae5737e90e03d229791ad411d9e51a8140f72f4677b56e452c5ef18,train,remove,False
reddit_t1_mthjdex,train,remove,False
reddit_1kp4a6b_msvk9fe,train,remove,False
bluesky_d5717f9d69734356da83ef16ade970e6afcb896a8ffd83d3669ab206782370f4,train,remove,False
reddit_t1_mr3hfnc,train,remove,False
reddit_1ttbse9_op4rgor,train,remove,False
reddit_t1_mydlons,train,remove,False
twitter_2061486685993803848,train,remove,False
reddit_1kub81u_mu95qkv,train,remove,False
reddit_t1_mr47wwz,train,remove,False
reddit_t1_my8ie5l,train,remove,False
reddit_t1_muep8fw,train,remove,False
reddit_1lhij8x_mz4ffa8,train,remove,False
reddit_1u28e60_oqy31sc,train,remove,False
reddit_1te3o84_om5qriu,train,remove,False
reddit_1svtp7t_oicxrjn,train,remove,False
reddit_t1_n0ddyyw,train,remove,False
reddit_t1_mwff7o6,train,remove,False
bluesky_c681136674cf8e3a73d4eaebc1a9828763a8f3704f30c6da57be421be395ae73,train,remove,False
bluesky_0c217135b6a10ab9487524c94e50d03d11284381129f246e56ffe4bc82c2dc86,train,remove,False
reddit_1kpxd21_mt2b10m,train,remove,False
bluesky_1af3b6fbc2ee7eda8df377fd998d6138605eb187527992ae12b19d0e74f62b96,train,remove,False
reddit_1tvll8k_ophnthh,train,remove,False
twitter_2097121817374675405,train,remove,False
reddit_1kml9cd_msc4qgn,train,remove,False
reddit_t1_mtidhfl,train,remove,True
reddit_1tzwh8s_oqg8zd1,train,remove,False
reddit_t1_muksee4,train,remove,False
reddit_t1_msx7riq,train,remove,False
reddit_1toqwtm_oo3egv7,train,remove,False
reddit_1l55wkp_mwey0m7,train,remove,False
reddit_1lntb5c_n0ilays,train,remove,False
bluesky_d435be234763df3e2167fb13a1b9915781b1d576c79e6d70c949f24b4da77c85,train,remove,False
bluesky_83c2ba49fed4622986eee0e8e90ccfd07120b5980aeaf5fe4b09f84bc00513b9,train,remove,False
reddit_t1_mum43cm,train,remove,False
reddit_1ttbse9_op6hde3,train,remove,False
reddit_t1_mx51ml7,train,remove,False
reddit_1l0pfk7_mvhqy2c,train,remove,False
reddit_t1_mru4krb,train,remove,False
reddit_t1_mrv17mb,train,remove,False
twitter_2061803959527133482,train,remove,True
reddit_1l4cgw6_mw8644d,train,remove,False
bluesky_4af5d67b25e6eedc985c593ad237ebd8cfeb944388f1e7e3fb9a3069082d98d2,train,remove,False
reddit_1l90b35_mx9a2nz,train,remove,False
twitter_2061779962810483200,train,remove,False
twitter_2095279160637915185,train,remove,False
reddit_1tq62gs_ooe1j96,train,remove,False
bluesky_7ae5af46280a651fdbce46e518ee3464a43fbafa91b3cf1663a8c74954685d8e,train,remove,False
reddit_t1_mx5okvt,train,remove,False
reddit_t1_mti2tmp,train,remove,False
reddit_1tvr63e_opj0mkf,train,remove,False
reddit_t1_mw125ri,train,remove,False
reddit_1l4c1gs_mwdmpiy,train,remove,True
reddit_1lehy84_myiusp4,train,remove,False
reddit_t1_mvs8fi6,train,remove,False
reddit_t1_ms56k0d,train,remove,False
reddit_t1_mpzyuci,train,remove,False
reddit_t1_mxhaz7g,train,remove,False
reddit_1tz4l7k_oq8vh4j,train,remove,False
reddit_t1_mwqi6il,train,remove,False
reddit_t1_mxdk1ne,train,remove,False
reddit_1l7ac0n_mwwsdou,train,remove,True
reddit_1llwd8t_n04a4ag,train,remove,False
reddit_t1_mw89gjl,train,remove,False
bluesky_5cca1658cb56e3bb4edd5d61e647604cfeeea86625455c4a4a876e3f7fcd0a34,train,remove,False
reddit_1l92tzd_mxawoy5,train,remove,False
reddit_1ttbse9_op26fyk,train,remove,False
bluesky_e3a9b5c8e84a30af1e92576b920594bb33809356e5eb897b11609bd5eaa73785,train,remove,False
reddit_t1_mx43maa,train,remove,True
twitter_2061273054240518531,train,remove,False
reddit_t1_ms9l6jp,train,remove,False
reddit_t1_mx0z100,train,remove,False
reddit_1l4c1gs_mw8qpy9,train,remove,True
reddit_1kvhzkx_mub0wd1,train,remove,False
reddit_1u24ryn_oqurh7c,train,remove,False
reddit_t1_mtikntx,train,remove,False
reddit_1ko29fy_msx4s2p,train,remove,False
reddit_1knm4f5_msk2m4f,train,remove,False
reddit_1ll5toz_mzxdcix,train,remove,False
reddit_t1_mx5s3sh,train,remove,False
reddit_t1_mu8kveb,train,remove,False
reddit_t1_n03zlvt,train,remove,False
reddit_t1_ms0u4po,train,remove,False
reddit_t1_msua4v2,train,remove,False
reddit_1u0gjyt_oqjkp1r,train,remove,False
reddit_1l7fyn5_mwxvbim,train,remove,False
reddit_t1_msh8kxa,train,remove,False
reddit_1u05n1d_oqg3r80,train,remove,True
reddit_1tzwh8s_oqg1v8g,train,remove,False
reddit_t1_mwrcfdw,train,remove,False
reddit_t1_mqx20bu,train,remove,False
reddit_1kyumic_mv13vmh,train,remove,False
reddit_1kg5qlk_mr1z9om,train,remove,False
reddit_t1_mrz7394,train,remove,False
reddit_t1_msjpeaz,train,remove,False
reddit_1le53mq_myfenvc,train,remove,False
reddit_t1_ms0gygl,train,remove,False
reddit_t1_mqvi7aj,train,remove,True
twitter_2060838954748838037,train,remove,False
twitter_2060125019284382195,train,remove,False
reddit_t1_ms6iu6s,train,remove,False
twitter_2059990727803715772,train,remove,False
reddit_t1_mzolduh,train,remove,True
twitter_2096623950247653755,train,remove,False
bluesky_3331a3aab6f3da4cda57bb71826039c54163babbd20d3694c5743e0a9bdd797e,train,remove,False
reddit_1lcrv72_my47tis,train,remove,False
reddit_t1_mu6ra34,train,remove,False
reddit_t1_mw6yt2v,train,remove,False
reddit_1u1ngzk_oqr5va2,train,remove,False
twitter_2096191757289480282,train,remove,False
reddit_1kerfht_mqljaxk,train,remove,False
reddit_t1_mzd2mkh,train,remove,False
reddit_t1_mrm3ubf,train,remove,False
reddit_t1_n0hrcnf,train,remove,False
reddit_t1_msn4srb,train,remove,False
reddit_t1_mq9qm89,train,remove,True
reddit_1ksedw6_mtlfvfi,train,remove,False
reddit_1ll64cx_mzy3xsw,train,remove,False
bluesky_590036e2966dc0de9ec1698968ab43c2aeb8a4aa65f3dab96d49b15bfe69e72a,train,remove,False
reddit_1kmpro3_msce3gz,train,remove,True
reddit_t1_mrh1tdf,train,remove,False
reddit_t1_mu6armk,train,remove,False
reddit_t1_mqmm5xc,train,remove,False
reddit_t1_mxfj1e4,train,remove,False
bluesky_0895ee29b53e4cc4551eeba4a970b66080191d4a5490e8825f2eed06a9e6a1bd,train,remove,False
reddit_1krncfs_mthsjmt,train,remove,False
reddit_1ttadso_op1phzo,train,remove,False
bluesky_d0f1ba02248d97b7dc46f56acda77c0a5eb0a84153ff9635eb8cf2c6804b93e5,train,remove,False
reddit_1l7ae5z_mwwdffa,train,remove,False
bluesky_6145e53b424c08b99aa402ee37b7d8105d4d15973e05977068a0cb30f8d63d45,train,remove,True
reddit_1l4lkyu_mwafvap,train,remove,False
reddit_t1_mqee0v5,train,remove,False
reddit_1u18ir0_oqo1kan,train,remove,False
reddit_1lhaiqa_mz2uzd2,train,remove,False
bluesky_02918b2ebeafefd3979407673c84c072a3b9507674b1e40d5736766742fc1917,train,remove,False
reddit_1lds96a_myaky7n,train,remove,False
reddit_1kpmzrc_mszvn5s,train,remove,False
reddit_1lnoxka_n0iiuh1,train,remove,False
reddit_1u0y79a_oqunv81,train,remove,False
twitter_2061828008646676862,train,remove,True
reddit_1lhdd2s_mz5gsye,train,remove,False
bluesky_8a0602f4e85dae1f682defa8eea93bccccccf3bdb8aed3239ad8aa9ec1d7c599,train,remove,False
reddit_t1_mzl3ec4,train,remove,True
reddit_1ti5ovh_omxvwta,train,remove,False
reddit_1lah4yw_mxlfca5,train,remove,False
reddit_t1_mtqwo60,train,remove,False
twitter_2061656325793239305,train,remove,False
reddit_t1_n05ndvm,train,remove,True
bluesky_0c9f29d23545c3c04a73478601e73f611f6a6ee6918df5f8d29770374af37edb,train,remove,False
reddit_1tx0jmc_opukxsw,train,remove,False
reddit_t1_mssce3z,train,remove,False
reddit_1kgxgox_mr41sej,train,remove,False
twitter_2061782112412340373,train,remove,False
reddit_t1_mzcqf1x,train,remove,False
reddit_t1_muf5ynx,train,remove,False
reddit_1l5yq1x_mwl22kb,train,remove,False
reddit_1u1nsuy_oqrhiqe,train,remove,False
reddit_1u1fnvf_oqph5rz,train,remove,False
reddit_1u06twk_oqhnnp6,train,remove,False
twitter_2096073752610038097,train,remove,False
reddit_t1_mzxtuug,train,remove,False
bluesky_505b9a03731021eff1c771a43edb274fad85987a776eed2f189bcb2a2a151041,train,remove,False
reddit_t1_mxp21hq,train,remove,True
reddit_1kpvbpj_mt0v0r7,train,remove,True
reddit_t1_mx2sixt,train,remove,False
reddit_1tsr4st_ooxcgkd,train,remove,False
reddit_t1_mzy995i,train,remove,False
bluesky_e1ade2224fbd8613bb44a7dfe824e2fe5bab3fb26d56b394de52854a12c7b509,train,remove,False
reddit_1kg5qlk_mr0fmi6,train,remove,False
reddit_t1_mwjuu0n,train,remove,False
reddit_1lfdjpb_myoz07b,train,remove,False
bluesky_ea877d94b832014788472c614a61d072e2e2c4312af9b22acf96e583605e555b,train,remove,False
twitter_2061518499395056001,train,remove,False
bluesky_685028e095ea95d201c344c48988e6156f28054669fb828d9f6224dc2948bf4d,train,remove,False
twitter_2061594098172346658,train,remove,False
reddit_1ki8nwd_mrihw1c,train,remove,True
reddit_t1_mxrcx7g,train,remove,False
reddit_1l09l1b_mvd33f9,train,remove,False
reddit_1tx4xmh_opwejkz,train,remove,False
reddit_1klsovz_ms4saw0,train,remove,False
reddit_1krctyl_mtdpcgy,train,remove,False
bluesky_d1dc8e573bd84d7dc4daa6afac5b923f88bef705ba2360c41f22b1a0cbff8177,train,remove,False
reddit_1tenhje_om40jif,train,remove,False
reddit_t1_my01992,train,remove,False
bluesky_5216a43688f89e7c8a39be7ef4af7b52bceec6ebb4a421fc843be63ffa0f16de,train,remove,False
twitter_2060218496236335141,train,remove,False
reddit_1ldtozo_myavtib,train,remove,False
twitter_2061825341098967288,train,remove,False
reddit_1kyosf3_muzfu6y,train,remove,False
reddit_t1_mtb3h05,train,remove,False
reddit_1u07sud_oqhvztx,train,remove,True
bluesky_4d7ea98cbd4db454a432d136fce6dd242733929eb965c63c0bd8f4e1ca184dd8,train,remove,False
reddit_t1_mzl7frc,train,remove,False
reddit_t1_myifxp3,train,remove,False
reddit_t1_mwd5hz0,train,remove,False
reddit_t1_mv512fd,train,remove,False
reddit_t1_mr558gk,train,remove,False
twitter_2095815259311243772,train,remove,False
reddit_1l69oke_mwn0mg0,train,remove,False
reddit_1twc57o_opnv8ia,train,remove,False
reddit_t1_mt42jyx,train,remove,False
bluesky_b587535dd6752abfb734ea588f96e3bef118aff088849b5b4d122d51bdd2746b,train,remove,True
twitter_2061781811408031927,train,remove,False
reddit_1t54vlp_ok98lxw,train,remove,False
reddit_t1_mx7q166,train,remove,False
twitter_2061718789616538052,train,remove,False
twitter_2059281394795221037,train,remove,False
twitter_2061469583102353612,train,remove,False
reddit_t1_mqyctuv,train,remove,False
twitter_2061801714139697578,train,remove,False
reddit_t1_ms797ak,train,remove,False
reddit_t1_mtjndk2,train,remove,False
reddit_t1_mumr3kh,train,remove,False
twitter_2097073295006863834,train,remove,False
reddit_t1_myc56h8,train,remove,False
reddit_1ket3j5_mqm494c,train,remove,False
reddit_1kvhel9_mubmgpe,train,remove,False
twitter_2061212501954502755,train,remove,False
reddit_t1_mw0r03y,train,remove,False
reddit_1u1z88l_oqu55d1,train,remove,False
reddit_t1_mswfede,train,remove,False
reddit_1lfwhpi_myu1ie6,train,remove,False
reddit_1u1npgu_oqsh6jo,train,remove,False
reddit_t1_msk5l9v,train,remove,True
twitter_2059663523161215406,train,remove,False
reddit_t1_mtybu02,train,remove,False
reddit_t1_mwys1js,train,remove,False
reddit_1trf9va_ooofvrv,train,remove,False
reddit_t1_mq4vq4x,train,remove,False
reddit_1txrgkr_oq3usg0,train,remove,False
reddit_t1_musonpj,train,remove,False
reddit_1lf1k51_myljmte,train,remove,True
reddit_t1_mx8htvi,train,remove,False
reddit_t1_mwfeujq,train,remove,False
reddit_t1_n05r8rb,train,remove,True
bluesky_fee9a931d4b9727322d657fbc598b46459d00eb495f3e99bcb459e8ff06c4b28,train,remove,False
reddit_1u185il_oqrqen9,train,remove,False
reddit_1ktjhl8_mtufvql,train,remove,False
reddit_t1_mqr1cy5,train,remove,False
reddit_t1_ms99ae4,train,remove,False
reddit_t1_mqje7d5,train,remove,True
twitter_2060722916195500455,train,remove,False
reddit_1tqpaom_ooii0hd,train,remove,False
bluesky_6508a938aa75c2109ac620803d1b47dbaddae29618fadf7bcf0d4ebd1f54368f,train,remove,False
bluesky_3c7b3c589ef1221b33a4a2b5e730c4d828a526d1e9785b9755c3409e58f88aaa,train,remove,False
reddit_1kspe1b_mtpfbe5,train,remove,False
bluesky_6874a9b37f3991c62825ef1a56be5bbe0ceff60cff72fa62ff9434932577f55e,train,remove,False
reddit_t1_mw5mb1m,train,remove,False
reddit_1klowfr_ms6bkfd,train,remove,False
bluesky_60dcd8b30723d34145a4e5546384d53f073f98c1108c0ae406d67f6ea91f5229,train,remove,False
reddit_1tupifu_opfjibl,train,remove,False
reddit_1liz1et_mzho7rb,train,remove,False
reddit_t1_mszsx36,train,remove,False
reddit_t1_mr0cid6,train,remove,False
reddit_1ktpom5_mtxg7px,train,remove,False
reddit_1txtwqc_opz5fwi,train,remove,False
reddit_t1_msa8hur,train,remove,False
bluesky_90dee67a033bfae1d053ad61cd7fabba4c2cc678c711806a0de5d5069a6a28f6,train,remove,True
reddit_t1_mui5ybz,train,remove,False
twitter_2061220081300869583,train,remove,True
reddit_1l41b06_mw6qacx,train,remove,False
reddit_t1_mwjim1u,train,remove,False
reddit_1kikfi4_mrfsmn1,train,remove,False
reddit_t1_mq9a8w3,train,remove,True
bluesky_b10bbe125057664ab098dd07150c051e7bbd4c66431a0e27788ab1ae593d3725,train,remove,False
bluesky_174d5f2c03974257091dbddaf59a0dec92a4919188329568f05393c980624d1a,train,remove,False
reddit_t1_mqnljyq,train,remove,False
reddit_t1_mwre4li,train,remove,False
reddit_t1_mx2edql,train,remove,False
reddit_t1_mteamek,train,remove,False
reddit_1lhvap3_mz7c0ln,train,remove,False
reddit_1tzs7nk_oqg13cp,train,remove,False
reddit_t1_n091l57,train,remove,False
reddit_1lk2jrt_mzpuz8e,train,remove,False
twitter_2061792434456068391,train,remove,False
reddit_t1_mvs02cb,train,remove,False
reddit_t1_n043s5y,train,remove,False
twitter_2060455875827880118,train,remove,False
reddit_1ttsfrd_op4rbtm,train,remove,False
reddit_1t5lm0a_ol5fy3h,train,remove,False
reddit_1tsw127_ooy9nl9,train,remove,False
reddit_t1_muhclpu,train,remove,False
reddit_1l4uuac_mxnhu9w,train,remove,False
reddit_1kwwjil_mul74w0,train,remove,False
reddit_t1_mw7zv53,train,remove,False
bluesky_3a0872025cb6fcaea3dfa2f7b0b5a17a3a093448f28a159b6afa7bd019a6ebab,train,remove,False
reddit_1kttbwx_mtztpr9,train,remove,False
reddit_1tzmjlz_oqdqlwu,train,remove,False
reddit_1kujlxi_mu26l6r,train,remove,False
bluesky_4944e3136807ccea4ae9eeb4e19f44e731eed3890ee230a72ce32e111e2a8994,train,remove,False
reddit_1khzecb_mrfrdup,train,remove,False
reddit_1kj2bux_mrlzetf,train,remove,False
reddit_1ll6sj4_n0d0udd,train,remove,False
reddit_1l7oroe_mwz0vvx,train,remove,False
reddit_t1_msj6hc7,train,remove,False
reddit_t1_myowog6,train,remove,False
reddit_t1_my64upx,train,remove,False
reddit_1lmon84_n090uep,train,remove,True
twitter_2061817588683075880,train,remove,False
reddit_t1_mznfe8e,train,remove,False
bluesky_e0b743655108086e1acf026a4d64821cdef7e88d8f6a461b38bd0ddb4937dc94,train,remove,False
reddit_t1_msbm5im,train,remove,False
bluesky_e28ca4ec1126febbf57bcaa5699e51c4c1b270930466b6ec1b25471696618fb4,train,remove,False
reddit_1lo3h0t_n0klm8j,train,remove,False
reddit_1tstwrk_ooxkooh,train,remove,False
reddit_1lf2x6s_mylgblv,train,remove,False
reddit_1tmich2_onpb1q1,train,remove,False
reddit_1lgxjda_mz0ft3r,train,remove,False
reddit_1tv4jag_opfnpg5,train,remove,False
bluesky_61e5b69dba9f192064c54977fba8c50116e515d49b7ef02ccd03585f4bd4047e,train,remove,False
reddit_1l0782v_mvc5zdy,train,remove,False
reddit_t1_mq28ve0,train,remove,False
bluesky_c9cd520cce3cb86592dcb28411f05836fc0a12c062919883aa2f2db039153ace,train,remove,False
bluesky_1fe808cb6945dfb34bc1a4d0453a2d4a4b8d40d20c2bd39e537fdbff409fac0c,train,remove,False
reddit_1l5aqoh_mwlj38l,train,remove,False
twitter_2061236773062168821,train,remove,False
reddit_t1_mt21y6y,train,remove,False
reddit_t1_mww2fwl,train,remove,False
reddit_1lhaiqa_mz2n60h,train,remove,True
bluesky_50be306b47717ea20589200293d3473a78de6d18ca69a1c43602cb3efd721c24,train,remove,False
reddit_t1_mwarayi,train,remove,False
reddit_t1_mrdgpfs,train,remove,False
reddit_1tvro8z_opjy30q,train,remove,False
reddit_1u0l8qh_oqjl7hi,train,remove,False
reddit_t1_mvtsu99,train,remove,False
reddit_1l8llx0_mx69gyc,train,remove,False
reddit_t1_mwviv6v,train,remove,False
reddit_t1_mwf2cgr,train,remove,True
reddit_1kqlad9_mt6ne68,train,remove,True
reddit_1kxq41x_muru7ck,train,remove,False
reddit_1krctyl_mtd0yib,train,remove,False
reddit_t1_mrmnzqe,train,remove,False
reddit_t1_mssx15b,train,remove,False
bluesky_d294a6ad57741538e3b81c1ae9d690f591eec21c36284e530809032fbc16df29,train,remove,False
twitter_2061047979562397886,train,remove,False
reddit_t1_ms83o2q,train,remove,False
twitter_2059970491381887077,train,remove,False
reddit_1ty27wv_oq0gqcf,train,remove,True
reddit_1tv6efo_opeq3be,train,remove,False
reddit_1ttbse9_op210yj,train,remove,False
reddit_t1_mteaabx,train,remove,False
reddit_1ke1hwf_mqiwyr3,train,remove,False
reddit_t1_mt1r1in,train,remove,False
reddit_t1_ms77vzt,train,remove,False
reddit_t1_myosc4b,train,remove,False
twitter_2061823413996716099,train,remove,False
twitter_2060745836909216012,train,remove,False
reddit_t1_mwbl4eo,train,remove,False
bluesky_10e1f56989b7ecba07d64091e7dcc9d289a56895d66c49efa588dcd5bbffcb51,train,remove,False
reddit_1tzs7nk_oqd6e2l,train,remove,False
twitter_2061578267455356977,train,remove,False
reddit_1tsyeyo_ooyu5si,train,remove,False
reddit_t1_mxz3083,train,remove,False
reddit_1koadeo_mspwnel,train,remove,False
twitter_2061479139207442913,train,remove,False
reddit_t1_mrs50si,train,remove,False
bluesky_8194db57d66764c924245641a3d169beef8cf525757bc59654ee72b22681e22f,train,remove,False
reddit_1teq2vf_om4mgk4,train,remove,False
reddit_t1_mrgt7fn,train,remove,False
reddit_1l7fyn5_mwxh1h4,train,remove,False
reddit_1l3l919_mw1v190,train,remove,False
reddit_1l903ab_mxfty7v,train,remove,False
reddit_1ttbe3e_op1dm94,train,remove,False
bluesky_290b591a63c47786941f4944ecbd1a116cc8f118fd02b22a61abe8b9343b0ebc,train,remove,False
bluesky_4256663d93232b5d689f211851b2a7b8ab83d385bb22f26a693015ffad47ee91,train,remove,False
reddit_1tyojpm_oq8kv5m,train,remove,False
reddit_t1_mweshdr,train,remove,False
reddit_1ld36t6_my66a1a,train,remove,False
bluesky_c3b65395caedf6f492bb54eeba9f4a1c80d52528bc77b960acb8f7110e62e0e1,train,remove,False
reddit_t1_mu7uoou,train,remove,False
reddit_t1_mzwzqbj,train,remove,False
twitter_2060601929433280962,train,remove,False
reddit_t1_mxdv6wz,train,remove,False
reddit_t1_mqtdu09,train,remove,False
bluesky_3d8aa2d5f44ac0dfd032e6e9d199ceabf5bb2f9d85085c63822e5696d1087007,train,remove,False
reddit_1kwzesq_mulq60v,train,remove,False
reddit_1l2qdt0_mvvvgld,train,remove,False
reddit_1kyqlbd_mv05t1i,train,remove,False
reddit_t1_mtkmzks,train,remove,False
bluesky_32ec9d3a800025e5fd14580ccff16e48c3faeb312e9d366387b71b32bbf22bd9,train,remove,False
reddit_1kt5ftp_mtromzp,train,remove,True
reddit_t1_mzikoak,train,remove,False
twitter_2096644692985147472,train,remove,False
reddit_1krggew_mtesu18,train,remove,False
reddit_1u31653_or1to0f,train,remove,False
reddit_1kgbe88_mqy4bhu,train,remove,False
reddit_t1_mu83ont,train,remove,False
reddit_t1_n06mjoc,train,remove,False
reddit_1u1k8nd_oqrfonh,train,remove,False
twitter_2060036837654016373,train,remove,False
reddit_t1_mzpzqwl,train,remove,False
reddit_1tvywom_opl1sz9,train,remove,False
bluesky_118a664628ad3e10dee7a2398c0e71163f238b0f4bced0ffb9d6a57b4960974f,train,remove,False
reddit_t1_ms0jbfl,train,remove,False
reddit_1l7yeq9_mx54w50,train,remove,False
reddit_t1_mrfljsj,train,remove,False
reddit_1u1fnvf_oqq7ju0,train,remove,False
reddit_t1_n0kfbb2,train,remove,False
reddit_1ttui2j_op5lov2,train,remove,False
reddit_1tu7mub_op8q8sf,train,remove,False
reddit_t1_n0n05c2,train,remove,False
twitter_2059371448205013440,train,remove,False
bluesky_cf7da53802867a0cada786711ecb29f2ec7f83d4c12ae49f427214ec4adda690,train,remove,False
reddit_1kmcd7t_ms97na5,train,remove,False
reddit_t1_muah4z8,train,remove,False
twitter_2061821689126658378,train,remove,True
reddit_1ldfp3f_my9la2q,train,remove,True
reddit_t1_ms2gu64,train,remove,False
reddit_t1_mypyqd9,train,remove,False
reddit_1kvybmh_mudlog0,train,remove,False
reddit_t1_mwrscmu,train,remove,False
bluesky_415e38639e937a5d9df50fdd90c9612efb721b18db70ef985f96f79e09f817de,train,remove,True
reddit_t1_mwwvn3h,train,remove,False
reddit_1tig64l_omvxcrw,train,remove,False
reddit_t1_mz54fl6,train,remove,False
reddit_t1_mvwj4sx,train,remove,False
reddit_t1_n04yj3t,train,remove,False
twitter_2061562237613953238,train,remove,False
twitter_2061826825228362207,train,remove,False
twitter_2061519977262231706,train,remove,False
reddit_t1_mrpg402,train,remove,True
reddit_t1_ms0jvrs,train,remove,False
reddit_t1_mxsijhs,train,remove,False
bluesky_b15961eab5c75d9cd11b498ada3bfb6a5ef92625313bafe6e976652b0ddc5684,train,remove,False
twitter_2061786319039439111,train,remove,False
reddit_t1_mrg5vao,train,remove,False
bluesky_7c45f07a406b95cc9b8108754c3138876dc5217a40878fee199ac11d61751c18,train,remove,False
reddit_t1_ms68to0,train,remove,False
reddit_t1_mz303bc,train,remove,False
twitter_2059978803204559057,train,remove,False
reddit_t1_mrgaf68,train,remove,False
reddit_t1_mv28wp3,train,remove,False
bluesky_b636bd2f73f711f9505f77940b5c49862db82168acebe7ee0ba6e1fb8780c17b,train,remove,False
reddit_t1_mx5w3tn,train,remove,False
bluesky_15c0967edb3343cdb3a8b0f36c66ce505fc38418e8bf924cede4679afc9b5f65,train,remove,False
reddit_1kk7yq6_mrtpewu,train,remove,False
reddit_t1_n05xp2v,train,remove,False
reddit_t1_murz451,train,remove,False
bluesky_65baf7831adba5a8bb183c20e977990bd6bdf085a9cb1d5caa3ba3968219297f,train,remove,False
reddit_1ku5bsi_mu1sb39,train,remove,False
reddit_1lejf7b_myhffjv,train,remove,False
reddit_t1_mrtpkhv,train,remove,False
reddit_t1_mzqv3jl,train,remove,False
twitter_2061520951783637484,train,remove,False
reddit_t1_mulqove,train,remove,False
reddit_t1_mzc72jx,train,remove,False
reddit_t1_mww8wbo,train,remove,False
bluesky_9dd75ecd3894e2b5b66e84f08d7d37e43b577d6544d9ca20befffa432a898391,train,remove,False
reddit_1l0ih8b_mvhhscv,train,remove,False
reddit_t1_mtyp1s1,train,remove,False
reddit_t1_mrjpsry,train,remove,False
reddit_t1_msbslp5,train,remove,False
reddit_1kybr30_muy1wde,train,remove,False
reddit_1kyldtm_muysgif,train,remove,False
twitter_2061423942544338990,train,remove,False
reddit_1la2fkf_mxhe7o1,train,remove,False
reddit_t1_mwlh4te,train,remove,False
reddit_1kduyqe_mqdsy72,train,remove,False
twitter_2061554055978311844,train,remove,False
reddit_1l9v88v_mxhaa83,train,remove,False
reddit_t1_mqeslo7,train,remove,False
reddit_t1_n04jzm1,train,remove,False
reddit_t1_mvzcul0,train,remove,False
bluesky_1004c5c51b5b654263dd9f02d2c4b807eae809811f1ee4da4d73638dd0d39768,train,remove,False
reddit_1lc2f6x_mxx5rqu,train,remove,False
reddit_t1_mrbrhwp,train,remove,False
reddit_1lbazeb_mxry6ty,train,remove,False
reddit_t1_mt6a9sb,train,remove,False
reddit_t1_myjq5nr,train,remove,False
reddit_1kdsslc_mqirfnz,train,remove,False
reddit_t1_n02snii,train,remove,False
reddit_t1_mxs1nqu,train,remove,False
reddit_1kzjrzz_mv6diq4,train,remove,False
reddit_t1_myx063b,train,remove,False
reddit_t1_msb9w6m,train,remove,False
bluesky_9437c6b50eb4aab3f991705280418499b1c1d01b5b1784f91d55992334825703,train,remove,False
twitter_2096657972764045746,train,remove,False
bluesky_002eaa517e7af0d595febeab38ffb3c75e3bd04f05d024c3317172f41c8bc7e1,train,remove,False
reddit_t1_mvani8u,train,remove,False
reddit_t1_mzw9xg0,train,remove,False
reddit_t1_n04cfhu,train,remove,False
reddit_1klodyp_ms3wln1,train,remove,False
reddit_1tmbx9f_ono5rye,train,remove,False
reddit_1kxscmn_mus05mf,train,remove,False
bluesky_465956d06685bae3d72e8f868dd3e3604a7bc4bd493b3229d57aee01b5630233,train,remove,False
reddit_t1_n0g6ow4,train,remove,False
reddit_t1_mup6qdy,train,remove,False
bluesky_b0dd33573dcc9f99bee0dd33ee055f7c1df454b6bf54f299adc62b1f2f373975,train,remove,False
reddit_t1_mqnh6pq,train,remove,True
reddit_1kyojif_mv0wzlq,train,remove,False
reddit_t1_msov6r6,train,remove,False
reddit_1l6yeqx_mwu6voo,train,remove,True
reddit_1u0y1yy_oqociw1,train,remove,False
reddit_1ll1vt1_mzxv2xy,train,remove,True
reddit_1ksgxcl_mtmqg7q,train,remove,False
reddit_t1_mvbowpn,train,remove,False
reddit_1lm4eau_n04x3yz,train,remove,False
reddit_t1_mvt2a8h,train,remove,False
reddit_1u09w82_oqgnapq,train,remove,False
reddit_1kcakj6_mq10jtq,train,remove,False
reddit_1l2kwly_mvxizj3,train,remove,False
reddit_1u2pvqp_or0stbb,train,remove,False
reddit_t1_mx8vzy7,train,remove,False
reddit_1kozgom_msu0brq,train,remove,False
reddit_1kzwnbt_mv9seko,train,remove,False
bluesky_47b03e5282d8f12656a9cbeca9a834bff823fae5b59581d43778346ceb3191ee,train,remove,False
reddit_t1_mujpgca,train,remove,False
reddit_t1_mqm8nb5,train,remove,False
reddit_1u24ryn_oqxbsew,train,remove,False
reddit_1kxmwug_muqtuua,train,remove,False
reddit_1tzs7nk_oqefhsd,train,remove,False
reddit_1tzgcp8_oqbku4u,train,remove,False
bluesky_b695c425a688d75449c915d65a952e057616b2133a099357c481167ae5146734,train,remove,False
reddit_t1_n0a415b,train,remove,False
reddit_t1_n0lga9e,train,remove,False
bluesky_843b9ba1536c1bfab6e3d37a53736a90fc26492aed8448f185107be00633504f,train,remove,False
reddit_1lmjifa_n0aodhc,train,remove,False
twitter_2059322403784630719,train,remove,False
reddit_t1_mt3df7u,train,remove,False
reddit_t1_mr9j5b5,train,remove,False
reddit_t1_mz4gzly,train,remove,False
reddit_1kjj6u8_mrpmn9w,train,remove,False
reddit_t1_mqxkgft,train,remove,False
reddit_t1_mq8txtb,train,remove,True
reddit_t1_mul2k6q,train,remove,False
twitter_2096596357020586476,train,remove,True
twitter_2097107799977189713,train,remove,False
reddit_t1_mv32qgd,train,remove,False
bluesky_92dc77da7b7f1812bf36c1f86e138c5597126ce4529cf0daa5e6d68f5aa94a03,train,remove,False
bluesky_d0b4645570adf9496e108d030fd4f5334583f2d754591eac1e1c1f06ad922f19,train,remove,False
reddit_1ts5npc_ooux6qc,train,remove,False
reddit_t1_mtwl6gv,train,remove,False
reddit_1l7d3zs_mwvqiui,train,remove,False
twitter_2060502725146583305,train,remove,False
reddit_1kp51f1_msv7kg7,train,remove,False
reddit_1tfqx0n_omcxb9h,train,remove,False
bluesky_1c40014780b1f29f45a3648b278fcc167d7ec77e50dd7f1fbcc8cc36ab0763e6,train,remove,False
twitter_2060832854930788579,train,remove,False
bluesky_194524917f9074841312c883ae16192ccf4665130f5c11b32f8aaa7d90fe35c6,train,remove,False
reddit_t1_muw8s91,train,remove,False
reddit_t1_mtpfrcw,train,remove,False
reddit_t1_mqtl4nl,train,remove,False
reddit_t1_mz49syr,train,remove,True
reddit_t1_ms7xrpp,train,remove,True
reddit_1kxdqqn_murpuxp,train,remove,False
reddit_t1_mw0cwdr,train,remove,False
reddit_t1_mv5uez1,train,remove,False
reddit_t1_mv63ps6,train,remove,False
reddit_t1_muv7htz,train,remove,False
reddit_1lnkmn7_n0g02e1,train,remove,False
reddit_t1_myavrkc,train,remove,False
reddit_t1_mqpdyad,train,remove,False
reddit_1lmiumo_n08xupb,train,remove,False
reddit_1l6xik4_mwt5gdw,train,remove,False
bluesky_af248eeb3119f80de7b68600bdb07ec7f32116832608099461fab1a831a64809,train,remove,False
reddit_1ku2jf2_mu2xl4j,train,remove,False
bluesky_5445dda843bcb2b25a3f0af20fc467dc7cbd7e05d84998507a182ea5ca8cc1aa,train,remove,False
bluesky_a89a2f80198d5d375519d0fb1c2b41c15d66fe1ca028d843784543e9ec45d410,train,remove,False
reddit_1ks0x2e_mthp44p,train,remove,False
reddit_1kxhjol_muqkzkj,train,remove,False
reddit_1lak3sm_mxljydv,train,remove,False
bluesky_85fe4081f41b602d22bef0d914bd153008ccd01ed8ef5d2917765e193f5f340b,train,remove,False
reddit_1tw6zcr_opn1r2a,train,remove,False
reddit_t1_mt81a9p,train,remove,False
reddit_t1_mufrjlk,train,remove,False
reddit_t1_mvyox34,train,remove,False
reddit_1tutxzr_opcuwvg,train,remove,False
reddit_1kytcyt_mv1nj9m,train,remove,False
reddit_t1_mq4zj7z,train,remove,False
reddit_1u237rb_oquoapw,train,remove,False
reddit_t1_msvmdxd,train,remove,False
reddit_1kgvslf_mr35zv5,train,remove,False
twitter_2061639918997438722,train,remove,False
reddit_t1_mqe5wwz,train,remove,True
bluesky_9f3c82469d6b32bf43e3fa98e5569a58e53dffc90e15e287f30ae53b19475e3b,train,remove,False
reddit_1tzb8pt_oqb8nn8,train,remove,True
reddit_1kejg4y_mqle4ey,train,remove,False
reddit_1kqljts_mt8u0aj,train,remove,False
reddit_t1_msic9b7,train,remove,False
reddit_t1_mqznevv,train,remove,True
reddit_t1_myameze,train,remove,False
reddit_1lc77jc_mxye3dv,train,remove,False
reddit_1tsv1fn_op1lwul,train,remove,False
reddit_t1_mtip64g,train,remove,True
twitter_2061823439556452765,train,remove,True
bluesky_cde6bedea569d059b640e7120d7d9193683e8aa9df09d71edc7731c8c5a02891,train,remove,False
reddit_1kyhobv_muxfjy9,train,remove,False
bluesky_ccc30e4c9b83ea7e4b9468153bee98b65a496940b7f26816ba65389b3be9619f,train,remove,False
reddit_t1_mwjoib4,train,remove,False
reddit_t1_mrs9v72,train,remove,False
reddit_1tuzwvu_opg2nl5,train,remove,False
bluesky_7ad1968428b2006fe3920a844df4a655e12855fb147cd2a8f493fd8b399f7954,train,remove,False
reddit_t1_mswguqw,train,remove,False
bluesky_70bbb021c971f987728a0e9a5d041b890c74eeb61038ee2b2ecce2828052e9b6,train,remove,True
twitter_2060812355185836090,train,remove,False
reddit_t1_mzg0fco,train,remove,False
reddit_1ti6ied_on1o0a6,train,remove,False
reddit_1lff9d2_mypophh,train,remove,True
reddit_1tuebh8_op8ytk5,train,remove,False
reddit_1trdy16_op0sdu2,train,remove,False
reddit_t1_mw7fp56,train,remove,False
reddit_1l51cng_mwg7vxa,train,remove,False
bluesky_08b02b159ef2f1a517bde4d0a07e48e67b9e41aaa6f35f19b6c301cabef44ef8,train,remove,False
reddit_1lhaiqa_mz3b2fj,train,remove,False
reddit_1lhc2z7_mz3clbl,train,remove,False
reddit_t1_msh5nby,train,remove,False
reddit_1tqh975_ooo4mwe,train,remove,True
bluesky_cffa1164f9427eff8a4f4644d5f1855797c9011ac1c2b1d107858dede6f47156,train,remove,False
reddit_t1_msv5t5w,train,remove,False
twitter_2060599494396223854,train,remove,True
reddit_t1_mxt8zg9,train,remove,False
reddit_1kd3aor_mq9ok4n,train,remove,False
reddit_1llpslt_n03dyf9,train,remove,False
reddit_1kxxbt5_muve8j6,train,remove,False
reddit_1tupifu_opgm1tc,train,remove,False
reddit_t1_mtimny4,train,remove,False
bluesky_3f5ef3d3f32db0583ebd592a6c8d10233c06d4e350bb8636020b6e8133f5d2d6,train,remove,False
reddit_1litvkr_mzf63vu,train,remove,False
reddit_1tobgfe_oo06d9v,train,remove,False
reddit_t1_mwu83g7,train,remove,False
reddit_t1_mty2tmn,train,remove,False
reddit_t1_ms6s0wl,train,remove,False
reddit_1tvp4r1_opk3apc,train,remove,False
reddit_t1_mucm0k0,train,remove,False
reddit_t1_mutlz6j,train,remove,False
reddit_1kv8gr9_mubpqyi,train,remove,True
bluesky_8e9d96ca48571f0d66f33a595556d5682d6c896db26ad94a70f477fe810737cd,train,remove,False
bluesky_33cc4f5ea7df0282b90b4b7d9ab3777ed736eda7160a5f07df48f4bdabd62d10,train,remove,False
bluesky_085552c75fa6c00905f8eef97f337e8615b72d6f13bdd0e9486551dacaf314fd,train,remove,False
reddit_1tvsp9t_opllsqf,train,remove,False
reddit_t1_mxy0h1x,train,remove,False
reddit_1ljd0io_mzko2sw,train,remove,False
reddit_t1_mzdo9j4,train,remove,False
reddit_1kn5i1j_msg9p2k,train,remove,False
bluesky_d61fcd43d2e7f6c7adae1306a6118fe5191723d0f24ef230f04b6bd2e89962b6,train,remove,False
reddit_t1_mwfhdeg,train,remove,False
reddit_t1_mr2wzlc,train,remove,False
reddit_1l29vo2_mvrp8qz,train,remove,False
bluesky_8547b69af7f4e175e715537e9c7ae7905a4303c4e7749c5490fa6d65eb32903e,train,remove,False
reddit_1khzmrt_mrycp7t,train,remove,False
reddit_1lbaya0_mxrwz1u,train,remove,False
reddit_1kqlad9_mt8awge,train,remove,False
reddit_t1_mzssds7,train,remove,False
bluesky_b680ee7d69c6c71a130e426e5d719801801223e79932680b4428051e4f26e9d2,train,remove,False
reddit_t1_mvvu6x4,train,remove,False
reddit_1lm38hz_n05eb4h,train,remove,False
reddit_1t5ip7p_okmz79v,train,remove,True
reddit_t1_mv1zjge,train,remove,False
reddit_t1_mtnhcdm,train,remove,False
reddit_1u21326_oqu4prn,train,remove,False
reddit_1kq3ifd_mt3ygvp,train,remove,False
twitter_2095890380881354951,train,remove,True
reddit_t1_mrb5y9s,train,remove,False
twitter_2060744347042078755,train,remove,False
reddit_1t4ruex_ok6zcgl,train,remove,False
reddit_t1_mrq9kq4,train,remove,False
reddit_1lg8nfc_myxocy2,train,remove,False
reddit_1u1ngzk_oqrx5xt,train,remove,False
reddit_t1_msu9u65,train,remove,False
reddit_1tstwrk_ooxuyaj,train,remove,False
reddit_1ttun3g_op8nwr1,train,remove,True
reddit_1ksy3bs_mtr84o5,train,remove,False
reddit_1kd654m_mqaj4t9,train,remove,False
reddit_1lco4ck_my3ukmu,train,remove,False
reddit_t1_mtoydm8,train,remove,False
bluesky_6242eb35cfb25d9a4b5afd7387a2749aa894e9feee41da1e8ee035b525b05be0,train,remove,True
twitter_2061819641253580996,train,remove,True
bluesky_7d96c2e21f7170b352bda8f0aac62708cacaf94f8678ae577615fcc162b6790a,train,remove,False
reddit_1l6uie7_mwrq8pe,train,remove,False
reddit_t1_mv9dvzu,train,remove,True
reddit_1kkehok_mru0swm,train,remove,False
reddit_1ttbse9_op1roms,train,remove,False
twitter_2060417305813610523,train,remove,False
twitter_2095349827961856298,train,remove,False
reddit_t1_mu2njht,train,remove,False
reddit_t1_muwg322,train,remove,True
reddit_t1_mreefia,train,remove,False
reddit_1lc59py_mxy7efz,train,remove,True
reddit_t1_myycy64,train,remove,False
reddit_1tbymrb_olri52p,train,remove,False
reddit_t1_myx3jwa,train,remove,False
reddit_t1_mupqk9f,train,remove,False
reddit_1ttui2j_op56nhi,train,remove,True
reddit_1kzpmpd_mv9yp3h,train,remove,True
reddit_t1_mzpwj29,train,remove,False
reddit_1l1e80m_mvkquw6,train,remove,True
reddit_1lly0w7_n04n7v3,train,remove,False
reddit_1turb7q_opbpzge,train,remove,False
reddit_t1_mst0xaz,train,remove,True
reddit_t1_mvewgla,train,remove,False
reddit_t1_my68gzq,train,remove,False
reddit_1kbpq3k_mq06cwm,train,remove,False
reddit_t1_mwpicd6,train,remove,False
reddit_1l48h1m_mw71clk,train,remove,False
twitter_2061816663650271311,train,remove,False
reddit_1klrtv5_ms4tu8u,train,remove,True
reddit_1tstha7_op2czlm,train,remove,False
bluesky_67663731aab7502b2d1fb0d5abd900eb3d953696d997db70464140212b5dfc8a,train,remove,False
reddit_t1_mxsig8g,train,remove,False
reddit_t1_mtc2u0d,train,remove,True
reddit_t1_n0kbujl,train,remove,False
reddit_t1_mzduz48,train,remove,False
reddit_1ksydgu_mtp9msm,train,remove,False
reddit_1kqc1ix_mt6osyo,train,remove,True
reddit_t1_msyva6j,train,remove,False
reddit_1l8ytx1_mx8ot0s,train,remove,False
reddit_1ki5ekl_mrkyjx8,train,remove,False
bluesky_319c9c9a8b5a19d414e963369566449aa0d3dc836ab38c4c1272636e70829def,train,remove,False
reddit_t1_mxyjasx,train,remove,False
reddit_t1_mwjbvnt,train,remove,True
reddit_1tu5tml_op9o023,train,remove,False
bluesky_519497f6e11b01daecc48834cd5736893b356d7c355b53c3f867c9a6762de4a4,train,remove,False
bluesky_96a1dc441af6005be659cc5289903117711e99db6142fe32ad129f04616e9aa7,train,remove,False
reddit_t1_mtoe0cp,train,remove,False
bluesky_646783655a55f992667fd239c783b32586b52df352f7f5fd6b51f7153c7681cf,train,remove,False
reddit_t1_myg3c1d,train,remove,False
bluesky_1e8d9ff1a9be963b9902a212bcdea672ef3d4b442ad19d253443519ecc636ff3,train,remove,False
reddit_t1_mrwkzr7,train,remove,False
reddit_1tyvzoz_oqk72sd,train,remove,False
bluesky_690eee229ca795868f470d729eb4b53bcc832a4cce534fa7a81c0a4c53abf38f,train,remove,False
reddit_t1_mqcwvm4,train,remove,False
bluesky_c0d23e62ec09092d543544482f95bb36cda2751706f1363bedfc9a95580acfa5,train,remove,False
twitter_2059955969816223872,train,remove,False
bluesky_6d02a122dee8d8958e5ed9cf61b455188912b432d7e1625a037ca4b5740ebb26,train,remove,False
reddit_t1_n0drrxu,train,remove,False
reddit_1ttadso_op226g0,train,remove,False
reddit_t1_mueukf7,train,remove,False
reddit_t1_mthg9ah,train,remove,False
bluesky_b4a49ef5d1db994dc04064d48a596950185402849d48fa05b71e5bf0265dc41e,train,remove,True
reddit_1tklc7j_ooga5f1,train,remove,False
reddit_t1_mzsz9cd,train,remove,False
reddit_t1_msqtfpz,train,remove,False
reddit_1ky8zlr_muythwq,train,remove,False
reddit_t1_mtpyx9a,train,remove,False
reddit_1u14w1m_oqpu36v,train,remove,False
reddit_t1_mrn9z2r,train,remove,False
bluesky_b6244ed86348c0e70eb3f94b96ecc6ed310c221edecb63a6a3e5c443353df0b2,train,remove,False
twitter_2061799904914088329,train,remove,False
bluesky_6b205706a7d3b40c66476bb66f9a6dda3139e9712cf09ad9dde2d8cb3036559a,train,remove,False
reddit_1l8uhae_mx9n972,train,remove,False
reddit_t1_mq0ar28,train,remove,False
reddit_1l45bof_mw6h05z,train,remove,False
reddit_t1_mqwmhh2,train,remove,False
reddit_1ksecvh_mtlaw7n,train,remove,False
reddit_1kvhdqb_mua0okz,train,remove,False
reddit_t1_mtxqbxg,train,remove,False
reddit_1kzy1gr_mviydf9,train,remove,False
reddit_t1_mr20f05,train,remove,False
reddit_1tzb8pt_oqce0oe,train,remove,False
reddit_t1_mztdqh7,train,remove,False
reddit_1kfdjk7_mqqkfiu,train,remove,False
reddit_t1_msuo2q5,train,remove,False
reddit_1tsurmm_ooya1ym,train,remove,False
reddit_1lgz4id_mz17zrt,train,remove,True
reddit_t1_mt31lsf,train,remove,True
reddit_1tws6al_opqnjwq,train,remove,False
reddit_1u08yl1_oqgh0lv,train,remove,False
twitter_2061468963679146154,train,remove,False
reddit_1til7dr_omzmcn6,train,remove,False
twitter_2059811113898840419,train,remove,True
reddit_t1_mwyr47t,train,remove,False
reddit_t1_mqw6s7s,train,remove,False
reddit_1ktm5vi_mtwxkwf,train,remove,True
bluesky_d0f76b02206266204346b99e3ab9300ad32c9b0b474b5b248457d0415825d191,train,remove,False
reddit_t1_mwx85l4,train,remove,False
twitter_2060100192901181677,train,remove,False
reddit_t1_n0h89e7,train,remove,False
bluesky_f3e5b2a9daf55463be9c9a968e55c13079b887cf9c0d8673c0ee160c9db12ae1,train,remove,False
bluesky_7b750b915554181f23700e604c6ed1e5ed1b4efecab65d91b41f9541beb64eee,train,remove,False
reddit_1tt6o9m_op1412z,train,remove,False
reddit_t1_ms713it,train,remove,False
reddit_1lmagph_n09pghr,train,remove,False
reddit_1kwe83q_mugvnkq,train,remove,False
twitter_2061809031912587421,train,remove,False
reddit_t1_mzfp43f,train,remove,False
reddit_t1_mq4mh9q,train,remove,False
reddit_t1_mwthr0j,train,remove,False
bluesky_3d051703936538ab71ce47841a0a6250d2427a1345847e76b3a55f3af00736f5,train,remove,False
reddit_t1_mrucgbp,train,remove,False
reddit_1thox1m_ompd8zn,train,remove,False
reddit_t1_mzj08vr,train,remove,False
reddit_1tstlbr_ooyhrgv,train,remove,False
bluesky_82ca727fbe0d6376761040c496f99b45edd0eb8f7c422556105144d8a652d247,train,remove,False
reddit_t1_mvu6vhu,train,remove,False
reddit_t1_mspand2,train,remove,False
reddit_1tt1cw0_oozkp11,train,remove,False
reddit_t1_mv7z7ud,train,remove,False
reddit_t1_mvagscq,train,remove,False
reddit_1ladra4_mxkks2w,train,remove,False
reddit_t1_mwd7rc4,train,remove,False
twitter_2061805523763155441,train,remove,False
reddit_1u2ekz6_oqx7iaq,train,remove,False
reddit_1tzfhxv_oqadx03,train,remove,False
reddit_t1_mrlydq3,train,remove,True
reddit_1lb7id2_mxrtobd,train,remove,False
bluesky_5cbc97b6bf43bdda10ab27e00a1472e400146c5c360a8de57748af37cb27da93,train,remove,False
reddit_1l5ve6e_mwkcox3,train,remove,True
reddit_1th143w_omljdea,train,remove,True
reddit_t1_mu38wbt,train,remove,False
reddit_t1_mrzgcfv,train,remove,False
reddit_1u22dnh_oqu3rkv,train,remove,False
reddit_1tuebh8_opbo80p,train,remove,False
bluesky_ced65b5e27295c1cae182eae46c2325e52d8d73d6017e593840245da0cd3d837,train,remove,True
reddit_1u08yl1_oqgk4fk,train,remove,False
reddit_1kqruic_mt844zs,train,remove,False
bluesky_687bf8d8f81cf95b38b5afb3e7e3e6d4301aa0e68bf1f7b8b07f9d48191b6172,train,remove,False
bluesky_95d24c33f715b3a9c910bf5a5e91aff03484f4439d4ea2e3a3cd2c7e68bdd9b3,train,remove,False
bluesky_655e1e093afba0dd31b2eeb974f12ca313dce40e2f1dc6bff42b7b6c6d40bca8,train,remove,True
reddit_t1_mw6an9i,train,remove,False
reddit_t1_mqxym53,train,remove,False
reddit_1kk8c0e_mrso832,train,remove,False
reddit_t1_mushyv1,train,remove,False
bluesky_0911962dad685aaf8c793099abd1ce0cca1c49f474fa2bcc55517b5f56b690a2,train,remove,False
bluesky_2bc3a3e4b2acc46c17c92b424382a6583e262ab9e4136e6658a84109c5a194e9,train,remove,False
reddit_t1_mszdpmq,train,remove,False
reddit_t1_mrq98ep,train,remove,False
reddit_t1_mx0t62i,train,remove,False
reddit_1lfgbf3_mypxafx,train,remove,False
bluesky_f215b1535d42111e0241b20bbcf29764949c14fbb16d6e3b6ba6d27547f43a1b,train,remove,False
twitter_2096291223975641421,train,remove,False
reddit_1kl7318_ms031t0,train,remove,False
reddit_t1_mx9794j,train,remove,False
reddit_t1_mrm7d0o,train,remove,False
reddit_t1_mt0tj6p,train,remove,False
reddit_t1_mtn4vpy,train,remove,False
reddit_1ljj4rs_mzmtr90,train,remove,False
reddit_t1_mv0kgjf,train,remove,False
reddit_t1_mzwca9c,train,remove,False
reddit_1kk8n9c_mrsljjk,train,remove,False
reddit_1kvxd8w_mue9q6c,train,remove,False
reddit_1l5ve6e_mwk5zxm,train,remove,False
bluesky_94cb0e1686d79ae2b832df5d6ac6bcebc3ffdc1441078db65b4310fe7485e0d3,train,remove,False
twitter_2095784620126261539,train,remove,False
bluesky_45ace91579969953473274c53bd65e4f0a010e09a4144d1d5ae67bcc119ad2c1,train,remove,False
reddit_1t1zmb4_ojm5xyc,train,remove,False
twitter_2061780913541759425,train,remove,False
bluesky_c90fbdf2644fd973b478f5d2bdd9f2dd1418759fe855d2ecc531e55d470463d0,train,remove,False
reddit_t1_mv3o4uf,train,remove,False
twitter_2061532873908511090,train,remove,False
reddit_t1_mwksc1q,train,remove,False
twitter_2061795226943992111,train,remove,False
bluesky_8c381761555f8607842bbf23469d03af6836df9280c97d8ab02ca0961fa38998,train,remove,False
bluesky_a9e4cac439b30eb21e118dd7281bda33dff23e425ac839817a30cf0a4687dc09,train,remove,False
twitter_2060263715518259359,train,remove,True
reddit_t1_mvxlbta,train,remove,False
reddit_1trdy16_oonakj4,train,remove,False
reddit_t1_mz87b4r,train,remove,False
reddit_1kexd68_mqmczz7,train,remove,False
reddit_t1_mqbap15,train,remove,False
reddit_t1_ms3ho24,train,remove,False
twitter_2096998849533337812,train,remove,False
reddit_1kfrwpx_mqtzonj,train,remove,False
reddit_t1_mruio0j,train,remove,False
reddit_t1_my1rz5d,train,remove,False
reddit_t1_mw30koc,train,remove,False
reddit_t1_mzz8ukm,train,remove,False
reddit_t1_msjwh3r,train,remove,False
twitter_2061811503104245987,train,remove,False
reddit_1lhd2jf_mz399q1,train,remove,False
twitter_2060465604407038441,train,remove,False
reddit_1ljy33e_mzp8b9t,train,remove,False
twitter_2059337512703918474,train,remove,False
reddit_t1_mtica6i,train,remove,False
reddit_1twzt8u_opseh9b,train,remove,False
reddit_t1_mwxdjbx,train,remove,False
reddit_1l41df6_mw91wnw,train,remove,False
reddit_t1_mz3n175,train,remove,False
reddit_t1_mug2qyu,train,remove,False
reddit_1tt8k9j_op1eyny,train,remove,False
bluesky_8ead17865fd129dc925ac6e5826fc6d8262677a78abe9ed38c2a234ae01a640c,train,remove,False
reddit_1tq7ea2_ooga8pp,train,remove,False
reddit_t1_mx298zs,train,remove,False
reddit_t1_mzg4hmj,train,remove,False
reddit_1u2391z_oqutsom,train,remove,False
reddit_t1_mu3ct3u,train,remove,False
reddit_t1_mtlbt55,train,remove,False
reddit_t1_mu8l3eg,train,remove,False
reddit_t1_mvscdsu,train,remove,False
twitter_2060707868316213282,train,remove,False
reddit_t1_muyo12d,train,remove,False
reddit_1llxy9h_n056uf6,train,remove,False
reddit_1kk9eft_mru8igc,train,remove,False
reddit_1kze0f3_mv5mtqv,train,remove,False
reddit_1kvw690_muewa77,train,remove,False
reddit_1u0gjyt_oqj0n27,train,remove,False
reddit_1klncl9_ms4j93p,train,remove,False
bluesky_a3642701815b09569563e94d716f05242ee2f81a9dbbea53ac8ea9c7b2035472,train,remove,False
reddit_t1_mx5inqb,train,remove,False
bluesky_54b540c3b9ed693d08cf8c231dd43cb62a668b2be63252818ec614fd840751bc,train,remove,False
bluesky_dc8493e3e097cebec893138366b9ee5c72470d2e20eaf1c98b26533d7e9de0a3,train,remove,False
bluesky_aca295da213219e43b20cc56eeca1a4bc7ce02908e934b5b1802e32411728186,train,remove,True
reddit_t1_mu0q0d7,train,remove,False
reddit_t1_mwef4sw,train,remove,False
reddit_t1_mq7faa1,train,remove,False
reddit_1lcgig0_my0eaf5,train,remove,False
reddit_1twr00b_opqqhu2,train,remove,False
reddit_1lenxv4_myhwg1c,train,remove,False
reddit_1tmseux_onpq2ap,train,remove,False
bluesky_b7eeff3130ea709941baee33ffb2201071469ea316055067e9f81b97bb073ba4,train,remove,False
reddit_t1_n0lyuz0,train,remove,False
reddit_1ks8292_mtkx5hv,train,remove,False
reddit_t1_mwujtgg,train,remove,False
reddit_t1_mt3ngt1,train,remove,False
reddit_t1_musnr3y,train,remove,False
reddit_1tqcf7r_oohc1uf,train,remove,False
reddit_t1_mt74la5,train,remove,False
reddit_1kl4k5p_ms07nuf,train,remove,True
reddit_t1_msikveq,train,remove,False
bluesky_ab512a1d9fe437ea36524b9cf81f40b12ab0477edec015ce638d3d2132ffae96,train,remove,False
bluesky_6c5d416ee4317a5d3e4d569abdcd2efc5b6b6190e44cfb0a20d58f1b4d5efedf,train,remove,False
bluesky_309fa0f6709e7befcb8d38d68c38cc5ea2cebf9330c0605ce2b94a9a384628c1,train,remove,False
bluesky_5eff7716e0c8534639d31c3f1123474216e46ab074133572de91b60411472507,train,remove,False
reddit_1tjs35z_on41ada,train,remove,False
reddit_1kzpnb8_mv7pmya,train,remove,False
reddit_t1_mwf2rah,train,remove,True
reddit_t1_mtd0omh,train,remove,False
reddit_t1_mzvupxs,train,remove,False
reddit_1ttun3g_op5v3en,train,remove,False
bluesky_d7558e85523abf0e831c864facf65f1271dfdaf4afbe27d084af7674602ffd5d,train,remove,False
bluesky_c933160d17f81e871ac2b67a8114e09aca2020031da5ce7c7887e9505e9b8e76,train,remove,False
reddit_1kimxir_mrgbexv,train,remove,False
twitter_2059703070380970358,train,remove,False
reddit_t1_mqyd2hn,train,remove,False
reddit_1ke2vut_mqheoer,train,remove,False
bluesky_5e38aa4929668a8773fa4b83c0c8328a3b01d6ad8fdd59d70e182d0555dafccd,train,remove,False
reddit_t1_my7o6yi,train,remove,False
bluesky_655b043674f8a00ca263d274423aee1ecb5abe0dcfaf72675e784a1628ee7a4c,train,remove,False
reddit_1u0y1yy_oqnvv99,train,remove,False
bluesky_09bd6bc8c0074bbabb2a974a91d85a2b24a6aedba4ce22a53354708a94dc3331,train,remove,False
reddit_1kru0zk_mtj80e9,train,remove,False
reddit_t1_muu4evs,train,remove,False
reddit_t1_mt826cu,train,remove,False
reddit_1li1cpo_mz90x1h,train,remove,True
reddit_t1_mvspz98,train,remove,False
reddit_t1_mujhsdc,train,remove,True
reddit_1u0oc51_oqjnn5s,train,remove,False
reddit_t1_mvtdds6,train,remove,False
reddit_t1_mym5p1l,train,remove,False
reddit_1twr00b_opvix1y,train,remove,False
reddit_t1_mruwkrn,train,remove,False
reddit_t1_mtp7369,train,remove,False
reddit_1tqpaom_oomkokl,train,remove,False
reddit_1lmvvxe_n0e89yr,train,remove,False
bluesky_381f0c5af5b7aead156fe2a59e23e4825cf3cec4592fc4cbc3a192414320f55e,train,remove,False
bluesky_dd8705e69f6f0c89af4aa54d68dfdc1de58327ca4d574371f2fd7fa604f8d512,train,remove,False
reddit_t1_mzlw12a,train,remove,False
reddit_1tgwl5y_omjx5l7,train,remove,False
reddit_t1_myqq2wl,train,remove,False
bluesky_c1a5745a0786b1ba4246e2e2021f4dcbb5f346e118d08aefa0563c0a02b44d59,train,remove,True
reddit_t1_mxlqjhs,train,remove,False
bluesky_0ea95efdf552d4c777795b80f4ff0cfd65c248a42e284435d45a3a13ca57f5a1,train,remove,False
reddit_t1_n0i7bif,train,remove,False
bluesky_d838782f65415c6d696cc2b36ffef8401906a9add0f79bc35b2bceab9f7752cd,train,remove,False
reddit_1lncl3o_n0fj009,train,remove,False
reddit_t1_mzo6fhb,train,remove,False
reddit_1kgy2af_mr45hnl,train,remove,True
reddit_t1_mxbu57g,train,remove,False
reddit_1ki3k0w_mrbvh1p,train,remove,False
reddit_1l04ga0_mvar13k,train,remove,False
reddit_t1_mxbco7k,train,remove,False
reddit_t1_mtd9wv6,train,remove,False
reddit_t1_n04pchy,train,remove,False
reddit_1keyd1l_mqoe5av,train,remove,True
reddit_t1_mt8cjrh,train,remove,False
reddit_t1_mz7870d,train,remove,False
reddit_t1_mw456as,train,remove,False
reddit_1kgy2af_mr39jux,train,remove,False
reddit_1lfq7q5_myqwppm,train,remove,False
reddit_1tle2vc_onf0wb4,train,remove,False
bluesky_0bd24d995926c0a58ee7129aa11cb44919170f35e9d51c137745334333c17cd7,train,remove,True
reddit_1llzlg3_n041pmy,train,remove,False
reddit_t1_mwe06oa,train,remove,False
reddit_1l5piym_mwis0ng,train,remove,False
reddit_t1_n03s6dz,train,remove,True
reddit_t1_mq23i9d,train,remove,False
reddit_1kp0psp_msvo5nr,train,remove,False
reddit_t1_mwf4o5p,train,remove,False
bluesky_c9e7ccf150a949017b0e43508f7f0440f4006922c8fec71ef29a593e421be044,train,remove,True
reddit_t1_mt79qs7,train,remove,False
reddit_1kgs9fz_mr3bvx9,train,remove,False
reddit_t1_mx13g0v,train,remove,False
bluesky_0460ae546c89b9b810ea16eb618ec094a0c0a49024ce4f677a0be33060c3202f,train,remove,False
reddit_1tt6meg_op10am4,train,remove,False
twitter_2061813855907631224,train,remove,False
reddit_1thqwmy_omw5bhl,train,remove,False
reddit_1kd8ane_mq9hpla,train,remove,False
reddit_1txsumx_opyf364,train,remove,False
reddit_t1_mrolet9,train,remove,False
reddit_t1_mq9hbio,train,remove,False
reddit_t1_ms7sa1m,train,remove,False
reddit_t1_mty190h,train,remove,False
reddit_1tucjhu_opapfna,train,remove,False
reddit_1kg0w37_mqwf8av,train,remove,False
reddit_1kwwbcc_mukm3v1,train,remove,False
twitter_2097093482007474659,train,remove,False
twitter_2061694886001225919,train,remove,False
bluesky_1b77425dec0b9d0aa699c39e3413ed6720a3e8fe3c93f9e0cbaaac27b041715e,train,remove,False
twitter_2096762580026974357,train,remove,False
twitter_2061786344926355689,train,remove,False
reddit_1u0y1yy_oqnrjsm,train,remove,False
reddit_t1_mt4t160,train,remove,False
reddit_1trf9va_oon7csb,train,remove,False
reddit_t1_n055lcp,train,remove,False
reddit_t1_mvqa2wz,train,remove,False
bluesky_5b5b74414d59fe627796590ce0b0d0e53ae544d8f79e240c9b0ea10bca5f3abe,train,remove,False
reddit_t1_mybn0p9,train,remove,False
reddit_1u008ep_oqrewbg,train,remove,False
bluesky_010db5165987dd9317e61c459675b5073e8c4a537d3650b783029b417b80c8d9,train,remove,False
reddit_t1_mtapk91,train,remove,False
twitter_2061819990773268961,train,remove,False
bluesky_d287b849ff0fc40e4f9d2be18236a74441553e5b0847e7f995897859bd394737,train,remove,False
reddit_1liwnnw_mzfdw9h,train,remove,False
reddit_1l7cg1o_mwwab94,train,remove,False
reddit_t1_mulr20l,train,remove,False
reddit_t1_ms5qhu4,train,remove,False
reddit_1koso7s_mst1kyu,train,remove,False
reddit_1kwrc53_muootri,train,remove,False
reddit_1l5piym_mwj3psy,train,remove,False
reddit_1kjndle_mrqjw7c,train,remove,False
bluesky_89474a106b4759325145d37df45ef1932cb32c35562edcba84c0a4dffa1bdeae,train,remove,False
twitter_2061546054416576910,train,remove,False
reddit_1kgvslf_mr3asvc,train,remove,False
twitter_2061785687804850513,train,remove,False
bluesky_ee86e1270f765d8e1f2545491392e8d7d191a9b3a8d8c3c41591268eb6bef77c,train,remove,False
reddit_t1_mqdnzmq,train,remove,False
reddit_1lixx1v_mzh7xu7,train,remove,False
twitter_2096381073814904930,train,remove,True
reddit_1u1c4u6_oqoxb2x,train,remove,False
reddit_t1_mximl4a,train,remove,False
bluesky_6bcd755e0f609ccf841f11fd355f1eaa5b3a8a7eb7ece65822668cda33980755,train,remove,False
reddit_1le8acl_myel7tl,train,remove,False
reddit_1kqvbhm_mta42fu,train,remove,False
reddit_1t7d5jc_ol0cq4w,train,remove,False
reddit_t1_msnko9o,train,remove,False
reddit_t1_mqinowf,train,remove,True
reddit_t1_mz39p7g,train,remove,True
reddit_t1_mx86fjh,train,remove,False
reddit_1ljlipu_mzn5grv,train,remove,False
reddit_t1_n062ytk,train,remove,False
reddit_t1_mvduvho,train,remove,False
reddit_1kwl270_muiq2wv,train,remove,False
reddit_t1_n05a50t,train,remove,False
reddit_t1_mriqtsk,train,remove,False
reddit_1kbxodi_mpzx5e9,train,remove,False
reddit_1ll1dyl_n00mlu2,train,remove,False
twitter_2061544960726303109,train,remove,False
reddit_1l3yavl_mw5gmvg,train,remove,False
reddit_1tv7vfu_opiimgu,train,remove,False
reddit_1li1vg1_mza6ond,train,remove,False
twitter_2097049613949981079,train,remove,False
bluesky_decc2b4f65cc4c2bec3a30f6367e1a835308a987f6701880f99e0b618b580ab7,train,remove,True
reddit_t1_mxajmo7,train,remove,False
reddit_t1_mt7qncp,train,remove,False
twitter_2061199043771224117,train,remove,False
reddit_t1_mqx1nl6,train,remove,False
reddit_1l4qdqs_mway7ln,train,remove,False
bluesky_3266413449705192d76258d22c6a8f0677739dc85903f01b1af0fe2f8f51fd0c,test,keep,False
reddit_1tbfpk8_olishgv,test,keep,False
reddit_1txrvp0_opy2oas,test,keep,False
reddit_1liz1et_mzgwvwp,test,keep,False
twitter_2061591155607756926,test,keep,True
reddit_1t1zmb4_ojljoj8,test,keep,False
reddit_1u0o8sa_oqk71nx,test,keep,False
twitter_2061435660431401156,test,keep,False
reddit_t1_mwuolmc,test,keep,False
reddit_t1_mxsl9j8,test,keep,False
twitter_2061204039056965880,test,keep,True
reddit_t1_mr57zi2,test,keep,True
reddit_1tpf0kw_ood5abs,test,keep,False
reddit_t1_mwafj87,test,keep,False
reddit_t1_mq6t64h,test,keep,False
twitter_2096609501117849775,test,keep,True
reddit_t1_mt7hoo2,test,keep,True
reddit_t1_msxodw0,test,keep,False
bluesky_15b6b87de926a0902498d3dc89f10cf2f464c5c88a788231294f23b00cc846f8,test,keep,False
bluesky_7895c965a78891481b757836ba67c5702160b10ab962cae5135ec8918db09d5d,test,keep,True
reddit_t1_msn0t9u,test,keep,False
reddit_t1_mw6wp06,test,keep,False
reddit_t1_mq051dn,test,keep,False
reddit_t1_my4994p,test,keep,False
reddit_t1_mq4rsvf,test,keep,False
reddit_t1_mu06d0z,test,keep,True
bluesky_bdabb6a328a3623f6081b5d99d2dec7688677c855c6839a4cb4aeaf134a52734,test,keep,False
reddit_t1_mzwxew2,test,keep,False
reddit_t1_mupkrwg,test,keep,False
twitter_2061272489318027656,test,keep,False
reddit_t1_mrc9ejb,test,keep,False
reddit_t1_msd5n01,test,keep,True
bluesky_f5e32a644fbffe7d820cc214b1269e12e364372ce34cbdd29bd291e9935008c9,test,keep,True
reddit_t1_mrfbw2v,test,keep,True
reddit_t1_ms3q4u8,test,keep,False
twitter_2061134589851226423,test,keep,False
reddit_t1_mxn21ap,test,keep,False
bluesky_6e96864f22b8918f356be59103f39b61f4961f3f933d86dd4a2e0729189a1b89,test,keep,False
reddit_1twd1b6_opsdppc,test,keep,False
bluesky_f9c04dd9a4f368c4214ed823dcd47143e5a59be0d4f78e74ca17f2ab74f86698,test,keep,False
reddit_1u0l8qh_oqjwmae,test,keep,False
reddit_1tt6o9m_op0mg7h,test,keep,True
reddit_1thqwmy_omptxn2,test,keep,False
bluesky_861282598b83a30c258136af1ecf9b3f28083a2a864d255a485d839e9b0c7653,test,keep,False
bluesky_b97cb1a56d1fdfd383452a0bd3ab84a401de8a410ed597b9dc833d77d3545f34,test,keep,True
bluesky_8a54925a25ca846de2e115b92255e55c459d3f8fb6b52a6b8bc8ab96b311ece7,test,keep,False
reddit_t1_mtphnyt,test,keep,False
bluesky_c849cfcf38114e2cce56ced89508990c842b1658a28666aa60b7b290f0ff5f05,test,keep,False
reddit_t1_mwpomm2,test,keep,False
reddit_t1_mtn237e,test,keep,False
reddit_1tznn66_oqcnd17,test,keep,False
reddit_t1_mtmwya4,test,keep,False
bluesky_92e47df9984b27b6c737ec5040e665c350721beb0f156ab6fea94ac48c6ced04,test,keep,False
reddit_t1_mwle3cm,test,keep,False
reddit_t1_mrm94qv,test,keep,False
reddit_t1_myjec2i,test,keep,True
reddit_1tsvd1m_op0md45,test,keep,False
reddit_1u1z88l_oqukher,test,keep,False
twitter_2061626206831640965,test,keep,True
reddit_1ti5cqx_omsiifj,test,keep,True
reddit_t1_mrhuz3u,test,keep,False
reddit_t1_mzkrz0n,test,keep,True
bluesky_25db5a590abde10bb715a22f0ddc0293c1a9b5f370909af562cb9d6409443cea,test,keep,True
bluesky_640821e3e9bc7d5a825c9fe26cd6044b97403a52225836705d318e7a2ff5d5ea,test,keep,False
twitter_2061421524041576864,test,keep,True
reddit_t1_ms46ufx,test,keep,False
reddit_t1_mrlnbwo,test,keep,True
reddit_1ttui2j_op5wba1,test,keep,True
reddit_1trbmne_oon0g6z,test,keep,False
reddit_1t3n2ml_ojy9mt4,test,keep,False
reddit_1tbxjhn_olk19j7,test,keep,True
reddit_1thqwmy_oms2rhn,test,keep,True
reddit_t1_mw8gmv8,test,keep,False
reddit_1trbmne_oon2mtx,test,keep,False
reddit_t1_mu33wke,test,keep,False
twitter_2061530700633833774,test,keep,False
reddit_t1_myb0rvj,test,keep,False
reddit_t1_msmgzch,test,keep,False
twitter_2059791652609577184,test,keep,False
bluesky_59cd529db256c1bf8c59ff1fdedf72748a759788fea4b8030c9d110470e9e376,test,keep,False
twitter_2061477601760469165,test,keep,False
reddit_t1_mzj7lf2,test,keep,False
reddit_t1_mxugar1,test,keep,True
reddit_1tt8k9j_op16b1r,test,keep,True
twitter_2061227114670719275,test,keep,True
reddit_t1_mqpcca3,test,keep,False
reddit_1u0y79a_oqqy4my,test,keep,True
reddit_t1_n05yfq5,test,keep,False
reddit_1kml9cd_msdoef6,test,keep,False
reddit_1u1nsuy_oqsepu7,test,keep,False
bluesky_117b409f5d2bbd4b98bd9f8952b512b050c0d92ea454ae485461c38a1acd817f,test,keep,False
reddit_1tux6at_opg3iqs,test,keep,False
bluesky_ae8eee208e92a69338f7c1fe8a9291adc146c5add8b783c90900d4255f9cf1c8,test,keep,True
reddit_1ti5cqx_omwdeb4,test,keep,False
reddit_1tzmvf4_oqc9css,test,keep,False
reddit_t1_mxdd9ge,test,keep,True
reddit_t1_mqnml8u,test,keep,False
reddit_t1_mxgeuwx,test,keep,True
reddit_t1_mw5pgc3,test,keep,True
reddit_1trb2js_oov3o3x,test,keep,False
reddit_1tsydyo_op0mchi,test,keep,False
reddit_t1_mxqwujs,test,keep,False
twitter_2061427131968520243,test,keep,True
reddit_t1_mtjqlj6,test,keep,False
reddit_1ttrygw_op6ddg4,test,keep,False
reddit_t1_mq29n69,test,keep,False
bluesky_aa4f8b5723be0cffc04e34b4b7da66aa06f5a640d4d595e24eb4b11962ab5231,test,keep,True
reddit_t1_mz2uqyp,test,keep,False
reddit_t1_mqnrr2m,test,keep,False
reddit_1kgy2af_mr2wg1d,test,keep,False
bluesky_f815781d2d594919b5eb6b51b9fbff33a6026cae4d76ad90fddeb2179ee6e1b7,test,keep,True
reddit_t1_myuhr3g,test,keep,False
reddit_t1_mxs8opa,test,keep,True
reddit_1u276eu_oqvv3pd,test,keep,False
reddit_t1_mvnw3ob,test,keep,False
reddit_t1_mqrqbr2,test,keep,True
reddit_t1_mq7p0hy,test,keep,False
reddit_t1_mw5x4i7,test,keep,False
reddit_t1_mqxghjt,test,keep,True
bluesky_a994801abd1b7b66aa638688ca18a177db4ad5893a58ac742a62954a7f5ff11e,test,keep,False
bluesky_47808f8a1cac209ba999bdcbedfbb39d5038aea6d587d70a488f3da5811ac09d,test,keep,False
bluesky_d65c756acbd5905d1c9a24a45e1be3382359f1e3868d87de707ecfbfb7e2ff85,test,keep,False
reddit_t1_mt29vew,test,keep,False
bluesky_f1f8e8f4e6f966a6eb022fb6ab2629a9cfc2a3b388fae7dae56f7795cf9d18e7,test,keep,False
reddit_t1_n05mtde,test,keep,False
reddit_t1_mxsocw0,test,keep,False
reddit_t1_mr9ok1f,test,keep,False
twitter_2096644932501147801,test,keep,True
reddit_1kjp8gp_mroq5h3,test,keep,False
reddit_1tsv1fn_ooxtdwv,test,keep,False
bluesky_db7c6849dd2c1943a4ddf48c9054e6b520695b9489fc49562921860b167c36a6,test,keep,False
twitter_2061801013078643016,test,keep,False
reddit_1u1k8nd_oqsqd61,test,keep,False
bluesky_548dd9902c5792f2a9a63ca942d90587108f4a5e98e63946f8b6c0c27799c029,test,keep,False
reddit_1tstha7_ooxs5i0,test,keep,True
twitter_2060326285314797840,test,keep,False
twitter_2061570902219760095,test,keep,False
reddit_1tyqb64_oq66kwv,test,keep,False
reddit_t1_muypl61,test,keep,True
reddit_1let4k0_myiuia2,test,keep,False
twitter_2061409237025067480,test,keep,False
bluesky_77575305aa5b1d57dd9488170493ba28ee829129ef6940948bb1114401ee5a68,test,keep,True
bluesky_6647c9ab26be6ed3159470e71c073288f43f269f9940ad81987441fa1bd0f097,test,keep,True
reddit_1ll4zo9_mzwzocn,test,keep,False
reddit_t1_mto9h52,test,keep,False
twitter_2059953200862552239,test,keep,True
reddit_1u22gzn_oqxdp64,test,keep,True
bluesky_42d06d84493639d37d44a848b27c464fde1aab50573fabdfaeb91dc28d5ddec2,test,keep,False
twitter_2061816307134210410,test,keep,False
reddit_t1_myjpzuq,test,keep,False
twitter_2060822710117147133,test,keep,False
twitter_2061820565887779245,test,keep,False
bluesky_3a7ca7bbfb6b7dabbda7b9a39c33de2e0714480cba2fa97a1cf5ceb771853419,test,keep,False
reddit_t1_mwwdhm6,test,keep,False
reddit_t1_mryhwkz,test,keep,False
reddit_t1_ms64olb,test,keep,True
reddit_t1_mx4itva,test,keep,True
reddit_t1_myfhjga,test,keep,False
reddit_t1_mw6jny4,test,keep,False
reddit_t1_mqz900l,test,keep,True
reddit_1tzwh8s_oqgw8lk,test,keep,False
reddit_1tsgnti_oowk09e,test,keep,True
twitter_2061483491800317980,test,keep,False
twitter_2061538553151230251,test,keep,True
reddit_t1_n09894u,test,keep,True
reddit_t1_mywnde6,test,keep,False
reddit_t1_mzww96g,test,keep,False
reddit_1ti5ovh_omt7uld,test,keep,False
reddit_1tqyx7p_ooklywp,test,keep,True
reddit_t1_mvswycz,test,keep,True
reddit_t1_n0g0egb,test,keep,True
bluesky_1d2391e6da756d5153c5425cf68b4a1116ee6b6dbd083df5784eec880cd8be0b,test,keep,True
reddit_1tw739j_opocr3o,test,keep,False
twitter_2060726765065023839,test,keep,False
bluesky_b9192bfd3b29a783bcede0f1952d0c096310369a5b581b04c8ad8d638c8ba281,test,keep,False
reddit_t1_msb3x1z,test,keep,False
bluesky_a7470e7ce332230cb00b668c0093f65b87e5241eb8079415331dd4740b991742,test,keep,False
twitter_2096566531500941320,test,keep,False
reddit_1knep98_mshtabs,test,keep,False
reddit_t1_mxi6d5m,test,keep,False
twitter_2061805447569711265,test,keep,True
bluesky_755e6207e17c3d4eeb9fa249b439fdf1291584646b93b4196dac3cc1a278037a,test,keep,True
twitter_2060099205159338204,test,keep,True
reddit_1tucjhu_op8vg2i,test,keep,True
reddit_t1_ms7f2c4,test,keep,False
reddit_t1_n0o3jd3,test,keep,False
twitter_2097061888337010891,test,keep,True
reddit_1tle2vc_onfn1k0,test,keep,False
reddit_1tv99t4_opjcoir,test,keep,True
bluesky_83e8fb7af5313c59f6774ccabe75b6fedecc28477471fd4f32503e81c69a9fb6,test,keep,True
bluesky_23745a1aa08797cba61ae4d43ff9b6a4b7a3155a9a6dfea0b89b90edd4fd3946,test,keep,True
reddit_1t1vs4b_ojkx5ee,test,keep,False
reddit_1tx4xmh_opuc9mc,test,keep,True
reddit_1tu3uj9_opbwqbw,test,keep,True
reddit_t1_ms6ovrv,test,keep,False
bluesky_628a00524995446ecbd91cd46294e22d54e9139cc17ec75392a28425d86720b8,test,keep,False
reddit_t1_mukxt45,test,keep,False
reddit_1tdva8i_om00wwf,test,keep,True
twitter_2096634039004242349,test,keep,False
reddit_t1_mq8y1z2,test,keep,True
reddit_t1_mxwwtxr,test,keep,True
bluesky_cd2227f4033fc059a855bf6026e114465b4679a01c143edaddd05dd56182f0bc,test,keep,False
reddit_t1_murm59a,test,keep,False
reddit_1tuly4n_opagbmv,test,keep,False
bluesky_041f1cb54203eb2a0138eaa9bb625b3fb01870a5c902496e946c0c0fd1b57e11,test,keep,False
bluesky_f6c10a90f9c9b849dea52ab02d5f942b27a6cec030fe483b94858105ab1b2fd6,test,keep,False
reddit_t1_n0f4kw2,test,keep,False
bluesky_127cf4141c1a327d4d0daf65f8ba6a6f373201a6cd816dc065a58dcbf14655f1,test,keep,False
bluesky_ad9850226ed134209d0255a55e25259ca9e416326bad9ad5412cabfd6eecea35,test,keep,False
reddit_1tv69vk_opw9cot,test,keep,False
bluesky_74d92f80acd36e5d1e89a699326bda7572cef0425d4b5d4a2cb6bf0fad6cd9c6,test,keep,True
bluesky_232cc02c922bc3733c2225af4e4f4c1ff02e2d25b8537190e6c69d7223eda88f,test,keep,True
reddit_t1_mst3pmw,test,keep,True
reddit_t1_mu4u7id,test,keep,True
reddit_t1_mvat8en,test,keep,False
bluesky_84e780d038cf030dcec4cc2c40184adb94d03df64b7cf1ab259f53d56be347a0,test,keep,True
reddit_1ts2hnv_oowrza0,test,keep,False
reddit_t1_ms4cy74,test,keep,False
bluesky_81b005b696a2965a0d61b97073d967b9ad0fde424de28320f36f9fccb5a21441,test,keep,False
bluesky_bbbbf4940619494012b6ddb52b54e049857a0906fb6c9347612d239227024a27,test,keep,False
reddit_1tm8832_onocm29,test,keep,True
reddit_1tt3fgk_op0f6tn,test,keep,True
reddit_1tztcf9_oqgb8bj,test,keep,False
twitter_2061767700309774440,test,keep,True
reddit_t1_mr9cymd,test,keep,False
twitter_2061207630811402269,test,keep,False
reddit_t1_mupxgcg,test,keep,True
twitter_2061802959533494660,test,keep,False
reddit_t1_mudp5lh,test,keep,False
reddit_1tzoooj_oqk5qmn,test,keep,False
reddit_t1_ms34g8h,test,keep,True
twitter_2061804522725368305,test,keep,False
twitter_2097136116071534748,test,keep,False
reddit_t1_mvv0mka,test,keep,True
twitter_2061495233393631526,test,keep,True
reddit_t1_mt4xa5t,test,keep,False
reddit_t1_mty3ya4,test,keep,False
reddit_t1_muewolz,test,keep,False
reddit_1tvro8z_opjz1we,test,keep,False
reddit_t1_msd3746,test,keep,True
reddit_t1_n0atwzf,test,keep,False
reddit_t1_mytkghf,test,keep,False
bluesky_9011cf92368d46f05d99b661293bba2f86223ef7c13906e273451ea44dba9e2d,test,keep,False
reddit_t1_n0fg9x7,test,keep,False
bluesky_1c0f99135067b1644ed96886ebf749f0efbbde030f4369e66289a08cfac508fe,test,keep,False
bluesky_d876299d7b9da45759522aa04a17d253b46c957cbc2fb8b60665a461053c78d1,test,keep,True
reddit_t1_mrh4ov1,test,keep,False
reddit_t1_muxwiov,test,keep,True
reddit_t1_mrujivf,test,keep,False
bluesky_d625ca3409a1c108fa1322d050398e99bdc2f2289711c78ef1d87b593a56c777,test,keep,False
reddit_t1_mqyo9eo,test,keep,True
reddit_t1_mzorv49,test,keep,True
reddit_1t4l69v_ok670wx,test,keep,False
twitter_2060386367092203934,test,keep,True
reddit_t1_mtlcf4a,test,keep,False
bluesky_3bc29a31f7a5e5113750b7ba3085d975959d5bc3ea2c3fe69fe65c7b9c59d7f8,test,keep,False
bluesky_09538db8ba26aa439a1286c04291415b424a96c4d131fdc6365ca08a427646d9,test,keep,True
bluesky_55317935990f53571e7a33dc54c1b7dcae6dd41d32932f983352e21f0d95da19,test,keep,False
reddit_t1_n05wluz,test,keep,True
bluesky_4b16e2835cb18a323154e4f1fce0e5ea7a6c463903b0dbdad226074a88415987,test,keep,False
bluesky_bb935e21f7c8982123b22a617b5bb0f9a6a69383f5c86a58d32afb979c97f657,test,keep,False
twitter_2061803748050297091,test,keep,False
reddit_t1_msaizfb,test,keep,True
reddit_t1_mqzrb9o,test,keep,False
bluesky_15ad6f6b3568de5991b4e69304b64fcfb23d8d4cbeec84536dcf9c9c25b32451,test,keep,False
bluesky_b746087c433200f2ec23e5d9694761d0e983c9911024f77749380ba51794bed1,test,keep,False
bluesky_6c99f0cd674b12b95cbb1c857acf53b8a50d41948b28626c8a29b9c06b31146c,test,keep,True
reddit_t1_mv2xud3,test,keep,True
twitter_2061755701848907780,test,keep,False
bluesky_4f9bdb1c6e82d8d48f2e66a934e664190f419306dc5e4a381fddbcb9985ca947,test,keep,False
bluesky_9757c6d4449a71c72a2e8c668c7a95e90006f35f6b0ee505ef9b61ca8ac27194,test,keep,False
reddit_t1_mxsun5t,test,keep,False
reddit_1ttadso_op1b296,test,keep,False
reddit_t1_mwslslz,test,keep,True
reddit_t1_mzsihrb,test,keep,False
reddit_1kqlad9_mt7rw30,test,keep,False
reddit_t1_mq7raf1,test,keep,True
bluesky_0aab9fbd9aca6c8449a27fe565d6a49e0343b82fdf4521ce0a219bb1772d18d1,test,keep,False
reddit_t1_mxk8tdq,test,keep,False
reddit_1t7hgak_okp6ert,test,keep,True
bluesky_2442df7e41587c5ebb83337bcaa9ac24642e3933c4c14ca5775085d3076722c7,test,keep,False
reddit_1t9j11f_ol2l806,test,keep,True
reddit_t1_mww5mg6,test,keep,True
reddit_t1_mwb3ang,test,keep,False
reddit_1tzdiak_oqa5sxo,test,keep,False
reddit_1tv1z4j_opdvsat,test,keep,False
reddit_t1_ms4gjfo,test,keep,False
reddit_t1_mx3y7ci,test,keep,False
reddit_1tqj8np_oohk7vv,test,keep,True
reddit_1tv1z4j_opegjqx,test,keep,False
reddit_1tuue1j_opj3508,test,keep,False
twitter_2060352577141657787,test,keep,False
twitter_2061807868504908006,test,keep,False
reddit_t1_mrzs8f1,test,keep,False
reddit_1tuue1j_opf76fn,test,keep,True
reddit_t1_mw6nhll,test,keep,False
bluesky_de47843aeeccc9c9561468ad35065e17b623c90a39eea5679d2aec2165d82355,test,keep,True
twitter_2095748914481668574,test,keep,True
twitter_2061011318816034890,test,keep,True
reddit_1tsgnti_ooz0m6g,test,keep,True
reddit_t1_mxtyt0f,test,keep,False
twitter_2061590545890177136,test,keep,True
bluesky_693aa9318ff66f65cdb4bd0253feaf156b824a184b52aac5f285c89ca1f644ae,test,keep,False
reddit_t1_mt700nb,test,keep,True
twitter_2060317516669636857,test,keep,False
bluesky_877ae21658dd789e7146cb06ca87468136a3623d0ba2031fb84d4d3c4683996a,test,keep,True
reddit_t1_mwgqa5x,test,keep,False
reddit_t1_mvbp1uq,test,keep,False
twitter_2060662503726551301,test,keep,False
reddit_t1_mr4y0tb,test,keep,False
reddit_1ks5fgq_mtisp1b,test,keep,False
reddit_1l1gs66_mvmo1wm,test,keep,True
twitter_2061566407058337905,test,keep,False
reddit_t1_n0ewbt0,test,keep,True
reddit_t1_mt6lem0,test,keep,True
reddit_t1_my2ma1r,test,keep,False
bluesky_01e3ccf4879a25601e165b9eaeff63cb297d58becae158037e396fcdc292b898,test,keep,False
reddit_1u2ek28_oqxz5cg,test,keep,False
bluesky_2837374f667bc357f79f8764f1ca742e7aa0be75e1e545558524d75ce1639735,test,keep,True
reddit_t1_msm8byt,test,keep,False
reddit_t1_mv8ehi6,test,keep,False
twitter_2061781645611459027,test,keep,True
reddit_t1_mt7i5mt,test,keep,False
reddit_t1_mzq1u00,test,keep,False
reddit_1t54vlp_ok9k88k,test,keep,True
twitter_2060778578095280238,test,keep,False
bluesky_aedecd93c927d2f3007e94ebe9246581850b6c0efbf627e3c500546a8b1a8b0a,test,keep,True
reddit_t1_mtohlps,test,keep,False
reddit_t1_mzo3gps,test,keep,True
reddit_t1_mxfigii,test,keep,False
reddit_t1_mwv60t7,test,keep,False
reddit_t1_mywl960,test,keep,False
bluesky_cb1225ee14c5c03a17cdda0399e583c889886e17258ddc122cc2c847d58dbfad,test,keep,True
twitter_2095069158513758341,test,keep,False
reddit_1tz4l7k_oq8ukc8,test,keep,False
reddit_1u0l8qh_oqncysl,test,keep,False
reddit_1til7dr_omwz4jz,test,keep,True
reddit_t1_mwl3agf,test,keep,False
reddit_t1_mtav82r,test,keep,False
reddit_1tt0mlj_oozoji8,test,keep,True
reddit_t1_ms1b93q,test,keep,False
bluesky_1c390ce1a47fcac3cb568180d3de1cf62a2e164b73ddabc9358bb2251704c483,test,keep,False
reddit_1tbxjhn_oll5tzy,test,keep,False
reddit_t1_mswqaap,test,keep,False
reddit_1l8ha5n_mx5bjq9,test,keep,False
reddit_t1_mup59mq,test,keep,True
bluesky_0a5aa1c140242c4d4308e86dba9cef9f3d7f7ed06676839904145e5338c367fb,test,keep,True
reddit_t1_mqejglm,test,keep,True
bluesky_f789031a94e689dba3d0d451823fa0f3b72164b288f75d23bfa4303ff35fbfd0,test,keep,False
bluesky_c2eaa1b6992f961838930d05399e93fcde8704dd4b12430aa5868a23d62c5c30,test,keep,True
bluesky_a1d0672f70c54f7ae37722f3de777d6bd984d8e060d89de4080fcc01afb1edb8,test,keep,True
reddit_t1_myn0kf4,test,keep,False
bluesky_f24dfa7939aa20e88ad44fba71f9117b1456dda41a107a8c814ae0b5478c1d6c,test,keep,False
reddit_t1_mrgwhxr,test,keep,False
reddit_t1_mv5v0mj,test,keep,False
reddit_t1_myon5fh,test,keep,False
reddit_t1_mu03r5w,test,keep,True
bluesky_4dd531206e29a32ef6389cbf8d466aed5214e711ea5a15afddd2aad72eeba470,test,keep,False
reddit_t1_mz7riwc,test,keep,True
reddit_1tg5jhb_omg7e5j,test,keep,False
reddit_t1_mwii3iw,test,keep,True
twitter_2060424756877230481,test,keep,False
bluesky_80b75e0211cb6463190bf05368f05bfd5814a95c53ba44bff7e484af95eaac63,test,keep,False
bluesky_4b00de60f6cdc5979a8c8a553f4903fedfd75e121aaac396541779bc6913464f,test,keep,True
reddit_t1_mvtoy5r,test,keep,False
reddit_t1_mq9m3zb,test,keep,True
bluesky_2ab7172606381a1044207d660ded6ab22485bb2702bed8676c73fbfbc8f68689,test,keep,False
bluesky_6dca4e3801c2ad3f17eb4d1c256a0b3e41cb4218066ad2de0328d99f5ed42861,test,keep,True
reddit_t1_mq0m13y,test,keep,False
reddit_1kc6dti_mq103lq,test,keep,False
bluesky_6071424ec819227fa2eac227024f6dcc18989dff5d8ec32b9ed20b50f4b48fba,test,keep,False
reddit_t1_msps9lg,test,keep,True
twitter_2059379114868625494,test,keep,True
reddit_t1_ms5vldf,test,keep,False
reddit_t1_mqlwbih,test,keep,False
reddit_t1_mtqklbd,test,keep,False
reddit_t1_mzhafzr,test,keep,False
twitter_2061690931548487964,test,keep,True
bluesky_46ffe564afaf6fba7e5eb917cda084af917dca939f0143d113c9b2660913745c,test,keep,False
reddit_1kkr1xi_mrwsw3n,test,keep,False
reddit_t1_mwvts2o,test,keep,True
reddit_t1_msy6cjo,test,keep,False
twitter_2095876690975109126,test,keep,False
reddit_t1_mt3xe11,test,keep,False
reddit_t1_mzu4p6x,test,keep,False
reddit_t1_mvxf94l,test,keep,True
reddit_t1_mtcnxhr,test,keep,False
reddit_t1_n04gqw7,test,keep,False
reddit_1ts2hnv_oow4a6z,test,keep,False
reddit_1tzs7nk_oqe6hi1,test,keep,False
reddit_1ks0ce2_mtim37u,test,keep,True
reddit_t1_mqtsvft,test,keep,False
reddit_t1_msfiz4m,test,keep,False
reddit_1u2ek28_oqx0jwn,test,keep,True
reddit_t1_my5bcp1,test,keep,True
reddit_t1_mwr9g96,test,keep,False
reddit_1tqyx7p_oom8ud8,test,keep,False
twitter_2061787952746012842,test,keep,False
reddit_t1_mqvrfd6,test,keep,False
twitter_2060674540938682563,test,keep,True
reddit_t1_n067x37,test,keep,True
reddit_1thqwmy_omvx9p2,test,keep,True
reddit_1l13og2_mvm3cwj,test,keep,False
reddit_1tzdiak_oqbc597,test,keep,False
twitter_2060534967302836606,test,keep,False
bluesky_3f06a5aa10a940eb49d986af802596d3420b213e76dbf3cc10c2ba7c80b47cb8,test,keep,False
bluesky_b22b4b392daa6d67398658987dc43fdf3ce748e8d8a1f38eec605821c9ed5225,test,keep,True
reddit_t1_n0hi1ui,test,keep,False
reddit_1txrgkr_oq1eq1h,test,keep,False
reddit_t1_mtbt1bv,test,keep,False
bluesky_3d9d8dc8a6563fae067928142acfbe3a4873c35112ae1006ed3555a065b56233,test,keep,True
twitter_2061543605030760840,test,keep,True
bluesky_2a31feb484a02a3c2861bc983f9cea52b6c99852720dc33de8fa87a9ca895ee3,test,keep,False
bluesky_8316f95888cdaeae0eca9055d94b29b50b2c9755155c753eb839b1fc45bab13d,test,keep,False
reddit_1te3o84_om2by07,test,keep,False
reddit_t1_mr2qx09,test,keep,False
bluesky_ecc68634ed25cd279519102571b41f5555eac6b699b1ef113d113b9fd393b4ac,test,keep,False
reddit_1rqd674_o9rk2ac,test,keep,False
bluesky_b18ea452dcfc068ab1a757156fb08d8ce447eb4a28eb06336433e66258c94df0,test,keep,False
reddit_t1_mukkyx2,test,keep,True
bluesky_106e8e3e5661828f297ba1d18a916c5c8a62795561b9f53b94ed2a2696c301c4,test,keep,False
bluesky_3bf4d7e4cf988a76b995a3697c911f6f948f11b67ed86c2de10ce1ceb02d3849,test,keep,False
twitter_2059692344920961417,test,keep,False
reddit_t1_mtxh21g,test,keep,False
reddit_t1_mydwdim,test,keep,False
bluesky_99902e2603d732c3b55cc68308171941059b7d3d0dd6b2ee7396fa72302854fd,test,keep,False
bluesky_b5954a9ed6ca57bee0d4a4b96c269e9e00e6f3faf49535e3b5efd96da3168ebb,test,keep,False
reddit_t1_msc64pr,test,keep,False
reddit_1l7fyn5_mwxbldl,test,keep,False
reddit_t1_mtmn98f,test,keep,True
reddit_t1_mzn3a5g,test,keep,False
reddit_1tt18h4_op0w0gg,test,keep,True
reddit_t1_mug462q,test,keep,False
reddit_1u20knn_oqu2m7v,test,keep,False
reddit_1kg0w37_mr03d3s,test,keep,False
reddit_t1_mwfd8mq,test,keep,False
reddit_t1_mtk1sfz,test,keep,False
twitter_2061181848881938710,test,keep,True
reddit_t1_myjkodb,test,keep,False
reddit_1u0gjyt_oqjg8oj,test,keep,False
reddit_t1_mus38oz,test,keep,True
twitter_2061828055736230093,test,keep,False
twitter_2061284896661016580,test,keep,False
bluesky_21a071763be739b53a9b6a7defb264ae764112b812dd9e7ff34c30c99ab9ac17,test,keep,True
bluesky_2f86c59f43e2d2c74f3f58f436a782cc9a8eff1d127569100b0e69a0e29e6440,test,keep,True
bluesky_38c104053c0127ba304011922a5ae718d76ea032f8a80bfdba1e3faaaf1ce51c,test,keep,False
reddit_t1_mw7cdz6,test,keep,False
reddit_t1_my436xg,test,keep,False
reddit_1u28e60_oqvutlc,test,keep,False
twitter_2060041296824140275,test,keep,False
reddit_1tsvd1m_ooyw3jx,test,keep,False
reddit_t1_mu0f66q,test,keep,False
reddit_1tzrws1_oqd4mzd,test,keep,True
twitter_2060077674094104650,test,keep,True
reddit_t1_n035h1b,test,keep,True
twitter_2060910542185726371,test,keep,True
bluesky_5d134f00a7ea95e74fc0d4337e739c3b3e3432b22930326054fa0ea21b819319,test,keep,True
reddit_t1_mrtxwb0,test,keep,True
twitter_2060564211822887352,test,keep,True
reddit_1kc4qta_mq2o6wf,test,keep,False
bluesky_30aef9a85a55a68d804e8792482ce3dfb3f4af2aa0b1788d6f31443487ca388b,test,keep,False
reddit_t1_mygsnw7,test,keep,True
bluesky_7f81d071407daaddf711d20bcdfbac078c21a62c6da0c5cbc59d67540825369d,test,keep,False
reddit_1tlu4l3_onkm5j3,test,keep,False
reddit_1kbwwc5_mpy1tq7,test,keep,False
twitter_2061826896699211899,test,keep,False
reddit_1u24ryn_oqwjt7j,test,keep,False
reddit_t1_mqmgj77,test,keep,False
bluesky_c3f510d0a06abe2343808c311fd2d87bb31d56de96939d0c64a567d8b2be6b85,test,keep,False
twitter_2061334155334451432,test,keep,True
reddit_1kblib4_mpyomtz,test,keep,False
reddit_1tt1cw0_op09g9e,test,keep,True
reddit_t1_my0ciuz,test,keep,False
reddit_t1_mwo2ry5,test,keep,False
bluesky_3bf8a4820b6613bcfd66c712a78dc36836f843f07b3d6287aafda743a381e8de,test,keep,False
bluesky_a03952105c4ad3db2ba9ac64b3a653558ed3af26e44bc3ae957b7bd7696a2910,test,keep,True
bluesky_0f6fd134a9962b8e34bf1207d6d1e8ec36ac0f9d0c1c4af706d5646e3dc09ea9,test,keep,False
reddit_1l1jhna_mvlee3c,test,keep,False
reddit_1th143w_omkko0y,test,keep,False
bluesky_dd8bf96d559fb0c3c1aa2f4affc0dd73ae07a651f80efb605434968b4730ff6d,test,keep,True
reddit_1tvyk2a_opq1rk6,test,keep,False
bluesky_54102eee419ba065547161152ec85cb06eaba665ccd97a887d6e91169596e96f,test,keep,False
twitter_2061543781774868909,test,keep,True
bluesky_3570aa60df3cf21fd4cfa20f4b80674bcacae0dc6618b91ffae226d64a0a455a,test,keep,True
bluesky_0b980e1a4c16cc2924224fd3d87c62331cc81098df7f36ed8ce12d44e149baed,test,keep,False
bluesky_396ad4e2c1e9f437648b27dc9584b38fcbd563a5e84af34518dcf4fbd6711389,test,keep,False
bluesky_1e78f70d23474958b9698edb18f1fc7598792c58eef9d301e3736486986f6723,test,keep,False
bluesky_019de9fa96e57b2d0331926a143211e6428143ba235c73b3cc84cc56109744e7,test,keep,True
reddit_t1_mz6m9lr,test,keep,True
bluesky_685a61bb1b6be541a679c2b294c2283430f5d6a75b55a4acf2a9483069550c19,test,keep,False
bluesky_a12bccd63ac774bd320f0314535c9aaaae56f50130c716145d58163c695a892b,test,keep,False
reddit_t1_mspz0ma,test,keep,False
bluesky_b922cab5cc730e8d3aa39c04183ec1a0084a22d88ed6666da1c8f081801777b9,test,keep,False
reddit_1twzt8u_opwbm1g,test,keep,False
bluesky_61d5ae3d028ebf40852a53a9f298c64ab4d91aa6b904bb0b83a5fb1267001a57,test,keep,False
reddit_1tjs35z_on5jogp,test,keep,False
reddit_t1_mtosq7v,test,keep,False
bluesky_ba4bb28afa789953daefea36fb0b622b73f9b493f26a28ef4bc573a79a086624,test,keep,False
bluesky_60fed440bc2e822553256ea7a92fc9603a6d24f926924bac0f5d729558a91341,test,keep,True
reddit_t1_mt5nhx0,test,keep,False
reddit_t1_mvxwgth,test,keep,False
twitter_2061486946799452187,test,keep,False
reddit_t1_mtiozgh,test,keep,False
reddit_t1_mskku1t,test,keep,True
reddit_t1_n0btb9f,test,keep,False
reddit_1twr00b_opqs8ro,test,keep,False
reddit_t1_mvaatfx,test,keep,True
reddit_t1_mt2st2u,test,keep,True
twitter_2059419372054254032,test,keep,True
reddit_t1_ms97grq,test,keep,False
reddit_1trhqed_ooowdk4,test,keep,True
reddit_t1_mvt4rpy,test,keep,True
bluesky_dc0cce22c25702cae9400ef10026131ffa7d8d36709037f181f7360135f3b532,test,keep,True
reddit_1td5imr_olu1i5y,test,keep,True
twitter_2060750299707457957,test,keep,False
bluesky_e5bef58101753b31862967efcd732e150d4a6b1afc2f91d365acb318ba66db40,test,keep,False
twitter_2061529464471691371,test,keep,False
bluesky_ce968bf233bb46747bb2995bfc95ceb5c3332bbdc4f38f02e4f9807267375eae,test,keep,False
twitter_2060383994576093588,test,keep,True
bluesky_9ce325ae071828ae8d4cceb9ac6aa028dbcfc534d6df9c68e12d407ca700c276,test,keep,True
reddit_t1_msdpye1,test,keep,False
reddit_t1_mzq72zs,test,keep,True
reddit_t1_mstcri3,test,keep,False
bluesky_8b53699f40f40a0efdfd07983e2a8987a35643eaacd7c94d2572fb0ea929d491,test,keep,True
bluesky_77165ac60550c7386545a50ce60eb63eec25ef1590d2f7b62437c52c1edcb586,test,keep,True
reddit_1lhbkf7_mz3pk17,test,keep,False
bluesky_f838fb0970841034bc1d5a3218584c61735de0ce94a458245d768861b88d960a,test,keep,False
bluesky_e3aab6e7482febf5e1d18a28737740104a60c80577d3847384c6a061563f3104,test,keep,True
reddit_t1_mq1hkhv,test,keep,True
twitter_2094183985198870567,test,keep,False
reddit_t1_muhjtuq,test,keep,False
twitter_2061815117885456540,test,keep,False
reddit_t1_mx1blm7,test,keep,False
bluesky_020894350e42852fb34ec32025417a7abb5cce7317a5346be664c9b48e75d1c4,test,keep,True
bluesky_bc388a6d42e9e01b369cff2cdcc067d85811a6eb6acff31e56f86b1f4ef9a388,test,keep,True
reddit_t1_mrivhh3,test,keep,True
bluesky_64267977b3c45b60a8374792a20b4c5574fce1e255f60069601bd89b4e90b6ac,test,keep,False
bluesky_be8c4271e18ef604a485f20686fe85fda750ee23d6805a1b732236a33ef2414c,test,keep,False
reddit_1kr91iq_mtbm1p2,test,keep,False
twitter_2061495821007229121,test,keep,False
bluesky_0e748d01a2b0acb6244580447817eef6fa7152d116e84dcc81d2bebb8e180f65,test,keep,False
reddit_t1_my16fk2,test,keep,False
twitter_2061801477405036950,test,keep,False
reddit_1khoe2q_mr9psfp,test,keep,True
reddit_1tsw127_oozo72a,test,keep,True
reddit_t1_mzukbaf,test,keep,True
reddit_1u0qe3k_oqjz106,test,keep,False
reddit_1lel8xy_myhpdo5,test,keep,False
reddit_1tzoooj_oqfv1qw,test,keep,False
twitter_2060015080993919108,test,keep,True
twitter_2061152409163071909,test,keep,False
reddit_t1_mstavit,test,keep,False
twitter_2096474289147167224,test,keep,False
bluesky_4089e331470344950626ad7e3f4decca7accda6ddfc983c692a2c6ee7b897263,test,keep,True
bluesky_7745ef0b996ffc2fc306e6331ac72aec3962e870568cef343da72263750491b2,test,keep,False
reddit_1lm0gxt_n04na5a,test,keep,False
twitter_2061480093810385341,test,keep,True
twitter_2061501409065894136,test,keep,False
twitter_2060340786328109279,test,keep,True
reddit_t1_mrfg91p,test,keep,False
reddit_t1_mz2tm4j,test,keep,True
bluesky_285f93b00624594348a06cdc6c92e27d177f041f4cbb98ffe57a918314426975,test,keep,False
reddit_t1_mqm465m,test,keep,False
bluesky_506700610f6a88443c2ab11b47d448a5c98d9f2f2b3253f22364f97bb76ddcbb,test,keep,False
bluesky_bd1b3f38423daff93782ebb93af34115574ee8669c2cee232d678a1605079ea8,test,keep,False
twitter_2060885668096622808,test,keep,False
twitter_2061401310780686810,test,keep,False
reddit_t1_mxdiqa5,test,keep,False
bluesky_4e6907a43b348b36b04baa2ebece3fe1ebde286d011d52420ce9fd3e79a11501,test,keep,False
reddit_1tv7vfu_opfgd51,test,keep,True
bluesky_c29a3a0422881f21ecda681599c5d2a83e6dd00e73280ce527d2b26eea224284,test,keep,True
reddit_t1_msbpj3j,test,keep,False
reddit_t1_mqauyjz,test,keep,True
reddit_1txxvde_or1wb84,test,keep,False
reddit_1tqcf7r_oog0ky7,test,keep,False
reddit_t1_mqsbcbb,test,keep,False
twitter_2096233949311983676,test,keep,False
reddit_t1_msjfbid,test,keep,False
reddit_t1_my9o7w9,test,keep,True
reddit_t1_mtkx29t,test,keep,False
reddit_1t7d5jc_okqahbj,test,keep,False
reddit_t1_mqlckpm,test,keep,False
bluesky_87b53d0770c1d54e03385c8874baf9bbf15891dc7359fc94577de1c215f4878f,test,keep,False
reddit_t1_mrl3mq2,test,keep,False
reddit_1kmvei7_msecflr,test,keep,False
reddit_t1_mwdc0f9,test,keep,True
reddit_t1_n0h4iz9,test,keep,True
bluesky_115c013fea974628086341470dcfb354e055717f462d6e8f7e96302d2c5f7128,test,keep,True
bluesky_5497d336a3a3da8b2bb52cb6301d02f3deb926e53560f9eddb7c7475ef97f350,test,keep,False
bluesky_34b052b56489f4ad9395dad5e566d271b39a777464750f0e52711d29c640fa54,test,keep,False
reddit_t1_mypntww,test,keep,False
reddit_t1_mrj6zj5,test,keep,False
reddit_t1_my9u8zm,test,keep,False
reddit_t1_mviuoej,test,keep,False
bluesky_1a78a6c6e128fa256b5206c0acd5c8ba37bd0b504021c6dce6c71f11b3ac7e63,test,keep,False
reddit_t1_mv4aswc,test,keep,False
reddit_t1_mrr2xhz,test,keep,False
bluesky_da01a9f9769eb8f62033a72b12c91d0e69c89ea5d0696121524e155318df993e,test,keep,True
twitter_2061662676418220309,test,keep,True
reddit_t1_mv063gs,test,keep,True
reddit_t1_mweh3lc,test,keep,False
reddit_t1_mxknyhy,test,keep,False
twitter_2061377063567688185,test,keep,True
bluesky_9e5e554a57aba1c349db21fc2849b16ba0aa29919b5637417b62b48ddb431aa1,test,keep,False
reddit_t1_mz0cg6r,test,keep,False
bluesky_a0977eba9f7adcdbec02520f9ed8dd8a2a421b83bd003894abbf34d087e8bddc,test,keep,False
bluesky_1ea97a98edcf315323e0a52015ce0fd3e86e8ae9e856d4a36dfcadacc8552ad6,test,keep,False
bluesky_305de9aa397e31277364a5120b73613f63f71e302b7c22ddf11a28b557fcd85c,test,keep,False
bluesky_e8964356c5eac3130698d5e7c03a96a4311d124c7149a23cbc159e0b22fbadf0,test,keep,False
reddit_t1_ms6t61a,test,keep,True
twitter_2061823662215385125,test,keep,False
twitter_2095932326027133103,test,keep,True
bluesky_055f53182d705b94e0b101d9ca4716102833a64d55eb5e6571046b03d2c4bb2d,test,keep,False
reddit_1u31653_or1r4q3,test,keep,False
reddit_t1_mqsbdmq,test,keep,True
reddit_1tt8k9j_op1q4q2,test,keep,False
bluesky_c147a23ebf52eaa876ffac2dbb4b356b245fc4e2439f603624ff80424ed2eb07,test,keep,True
reddit_t1_mtydyds,test,keep,True
reddit_t1_ms34slt,test,keep,True
reddit_1u1c4u6_oqpu98e,test,keep,False
reddit_t1_mzenmyi,test,keep,False
reddit_t1_mzvhb86,test,keep,False
reddit_t1_mvpivod,test,keep,False
reddit_t1_mwpgqu5,test,keep,False
reddit_1tql6ez_ooha8vq,test,keep,False
bluesky_1ecdf48b924914dd13238687267e606dd1eef8b10cc9098668a4f59eb2d38a28,test,keep,False
bluesky_059e8d3f7f11aba937372583e37686555fb515e406a63ccff7ce23928c75da66,test,keep,False
reddit_t1_ms3bczd,test,keep,False
reddit_t1_msqiqlh,test,keep,False
bluesky_b327e97097ecd4b5b81d3fa0a48139ff4eac7dbb56b23b8b82667f36ecf0559e,test,keep,False
reddit_t1_n0hqk28,test,keep,False
twitter_2096229736141746422,test,keep,False
bluesky_e4f27fa3a140d5d771bce6c13793da43bb020db3c7f03d801e77745fe90bc177,test,keep,True
reddit_t1_my8e1gd,test,keep,True
reddit_t1_mrnsug9,test,keep,False
bluesky_ed531782a23d90fdf1beb88291017db9b786ce60b3220f3a6c6e276bee481ca1,test,keep,False
reddit_t1_mrzbahp,test,keep,False
reddit_t1_mqp6t31,test,keep,False
reddit_1tvumlg_opk3jd9,test,keep,True
bluesky_10142dee5c37ebe8996f2c394c9c70f6c571ca64517822fc7b2257efed69dca0,test,keep,False
reddit_1twr00b_oprzjjt,test,keep,True
twitter_2094768756681576643,test,keep,False
bluesky_ecd0b9c1586920c4aad1a467e9634a29c583d3d96576518ed8b13e349390d4cd,test,keep,False
twitter_2096647562564411901,test,keep,False
twitter_2061049431148183667,test,keep,True
reddit_1ke0sk6_mqfvz1j,test,keep,False
bluesky_a983b7ef75c994f3acaf4f5388f8a5d29d9909813723e52247e89af0a97dcc94,test,keep,False
reddit_1tig64l_omva1bv,test,keep,True
reddit_t1_mrbu8j8,test,keep,True
bluesky_4c384f3b41ba7aba10275a3c810c4ec0cc69abd9966eddf2c29587f980156864,test,keep,False
reddit_t1_mx7nuji,test,keep,False
reddit_t1_mvn6itw,test,keep,False
reddit_1txrk7b_oq6sn0s,test,keep,False
twitter_2061801087896887380,test,keep,False
reddit_t1_mszvf9i,test,keep,False
twitter_2061828028947141030,test,keep,True
reddit_1u237rb_oquyzks,test,keep,True
reddit_t1_mzkndyq,test,keep,True
twitter_2061682746439655760,test,keep,True
reddit_t1_msoz3v6,test,keep,False
bluesky_fe7a35d6454e38e2d275827f88724220ef7ae600b2df808a194386a9caf11711,test,keep,True
reddit_1twgtct_opogji5,test,keep,True
reddit_t1_mrxpqnx,test,keep,False
bluesky_ad7f2816df348baec7aeda72c470aadf08ea6b0185a0a6bd59b7d48a19bf3d1a,test,keep,False
reddit_t1_mtcgoe5,test,keep,True
bluesky_79db2588c3377742b4f7359c500a80b8bbdf7790b577fa7e3106bd327d85e79d,test,keep,False
reddit_t1_mrr18cy,test,keep,False
twitter_2061225129435128063,test,keep,False
reddit_t1_mu26ipm,test,keep,True
reddit_1lccvte_my22llo,test,keep,True
twitter_2061456465110655167,test,keep,False
reddit_1u06twk_oqh1fti,test,keep,True
twitter_2061792631328321963,test,keep,True
bluesky_4694799758ecfe9d2e56e924e82a87ec417ecbf153d5b337a0e22af35f1ad362,test,keep,False
reddit_t1_mvmt5vx,test,keep,False
bluesky_6261391a38bc0e17c9341cdb6b34e26937da5e7ef2f6bd9cbd202db1032a69bd,test,keep,False
reddit_t1_mxjn27y,test,keep,False
reddit_t1_mr2tqyq,test,keep,False
bluesky_40ac21506e60c1857d69f9d933c8936d16de4332547f88683591cfd862ae4591,test,keep,True
reddit_t1_mut62wc,test,keep,True
reddit_1ttadso_op2ur4s,test,keep,True
bluesky_93db738b15f35100b15ec6841354353bbeb5e92e5dd379e1a03c14b63937d19a,test,keep,True
reddit_t1_mrddhsg,test,keep,False
reddit_t1_mu7urvb,test,keep,True
twitter_2061665122377150804,test,keep,True
reddit_t1_mzg6bod,test,keep,False
reddit_1trbmne_ooov2ov,test,keep,False
reddit_t1_myatuwn,test,keep,False
reddit_1t1zmb4_ojklvwl,test,keep,False
reddit_t1_mytuoh0,test,keep,False
reddit_1twgtct_opr78va,test,keep,False
reddit_t1_mtyj1vs,test,keep,True
reddit_t1_mxefy3d,test,keep,False
twitter_2061544617795801480,test,keep,False
bluesky_fb10e1cbaf9fecd2f83f72ce86d6fafbc9cc6e8b8112ad713269355bc5558fb4,test,keep,False
reddit_t1_mxe2ygx,test,keep,False
reddit_t1_mrgagkt,test,keep,True
twitter_2061236286933885018,test,keep,True
reddit_t1_mqk1kes,test,keep,False
reddit_t1_mvcqpu5,test,keep,False
twitter_2061563689665200505,test,keep,True
reddit_t1_my9ut3d,test,keep,True
reddit_1kcx4ed_mqhjkzd,test,keep,False
reddit_1txopv4_opy0bv4,test,keep,True
bluesky_e83568166f8574ae9f9d074d93dc5bc835e2b523ac066c586dd41b7efe4fdf45,test,keep,False
reddit_1ljgaqj_mzlatfu,test,keep,False
bluesky_d6c64afd044aaaf9a88a2b6e87de52ebe84e0518815f77806a7fdb24c7c0fd07,test,keep,False
reddit_t1_n0ebjdp,test,keep,True
twitter_2061796206565638328,test,keep,True
reddit_t1_mqyt88a,test,keep,False
reddit_1l6j2st_mwph4x0,test,keep,False
reddit_t1_mw8hnjo,test,keep,False
reddit_t1_mw9oxqz,test,keep,False
reddit_1tvp4r1_opm5iur,test,keep,False
reddit_t1_mt7bure,test,keep,False
reddit_t1_ms0g8rt,test,keep,False
reddit_t1_mw6egv3,test,keep,False
reddit_t1_mqakke1,test,keep,False
bluesky_cd494da14cb102e8360c45b5978512e09b7d13e9384b3b45518516030eaf9a7f,test,keep,False
reddit_t1_mrktiqb,test,keep,False
reddit_t1_mq89jvf,test,keep,True
reddit_t1_mrn8lmw,test,keep,True
reddit_1t54vlp_ok86egt,test,keep,False
twitter_2096670797402145138,test,keep,False
reddit_1tsv1fn_ooyzqin,test,keep,True
bluesky_5593b7dc89447b82c986f7c0d77d4e75316def83e193949ccabeaf50dc8886ad,test,keep,False
twitter_2061581682403320203,test,keep,True
bluesky_5540e64eba270aadc029e00eeaf23a64c840d6430f8d8d02f784502a55bfc519,test,keep,False
twitter_2061686318191841410,test,keep,False
bluesky_5acf743c92e20cdb08871b237ab2c3ae0ec41c914bf6695f0f313f97288a5e81,test,keep,True
twitter_2059401214572290503,test,keep,False
bluesky_504f0357ecf1451c8af3831cfe8cdd8d37de3f6a85ead4475933ad637a7b2e73,test,keep,True
bluesky_dd70b19cb94d6b943c5790168665235884b9b14aa6858447fa6ad69566dc7404,test,keep,False
twitter_2060936235594498483,test,keep,False
reddit_t1_mz2v5j9,test,keep,False
reddit_t1_mrcd2z1,test,keep,True
reddit_t1_mqh9ejk,test,keep,True
twitter_2061820175523922260,test,keep,False
reddit_t1_mt179gs,test,keep,False
reddit_t1_mx2ega5,test,keep,False
bluesky_15df33387f5fed7ea3d15b357e18c5eb12b83c8b0b5a8e1ea3927333e9bd2ea5,test,keep,False
reddit_1lmma9x_n08u6ql,test,keep,False
reddit_t1_myt26bd,test,keep,True
reddit_1kksjs7_mryisbi,test,keep,False
twitter_2061564080792494417,test,keep,False
reddit_t1_mqeu382,test,keep,False
reddit_t1_mxhe0oz,test,keep,True
reddit_t1_mzlh20u,test,keep,True
reddit_t1_mzq7r8b,test,keep,False
bluesky_8a2ca1572e42be1a6924327868e179c489814bb6a854da9d8253f53299e13b47,test,keep,True
reddit_t1_mt0at55,test,keep,False
reddit_t1_muwfx2h,test,keep,True
reddit_t1_mwpeeyz,test,keep,True
reddit_t1_mq75ocw,test,keep,True
bluesky_8bc8a8e58202639dc47b5fecb9c99a098d891f35ec20beb58482d20b0b844717,test,keep,False
bluesky_fa06ef8bf33cc8eb08d3114d0ea616f3f01e12db011718506e21be9fb08f2a74,test,keep,True
bluesky_213e718f264f8ecc495909ccca097e1b49b68d2de273b27381f547ffa68c00d8,test,keep,False
reddit_t1_mtwojlx,test,keep,False
reddit_1ki6xuj_mrqxa53,test,keep,False
reddit_t1_mwubyof,test,keep,False
reddit_t1_mw1ngku,test,keep,False
reddit_t1_mz67hj6,test,keep,True
reddit_1tuly4n_opavurz,test,keep,False
reddit_1twzt8u_opsfk08,test,keep,False
reddit_1t7hgak_okpt242,test,keep,True
reddit_t1_mq0i3fr,test,keep,True
bluesky_460329e0f94c11da3309dc290acec6039641d0d9ede9403664d6214df615e7a6,test,keep,False
bluesky_94a9e3054a0ff001fe01deb00ef8f7d174e663371fcc137b8b7a1210753bad3e,test,keep,False
reddit_t1_mq6h3jk,test,keep,False
twitter_2061038624087433709,test,keep,False
reddit_1tw57mx_opmq8md,test,keep,False
bluesky_c6eef90c134e9f26abb3d1d1571efbebb160d62223b521972a57e5a2c1074954,test,keep,True
reddit_t1_mszk0nu,test,keep,False
twitter_2061687250916618306,test,keep,False
reddit_1tfqx0n_omdgisc,test,keep,False
reddit_1klx12p_ms745iv,test,keep,False
reddit_t1_mywriaj,test,keep,True
reddit_1ko1wue_msmyenj,test,keep,False
reddit_t1_mxtnw28,test,keep,False
reddit_1ttsfrd_op4otwt,test,keep,False
twitter_2060664075378368776,test,keep,True
bluesky_47aa4ccccb232849ca4fc0c5ad06ce138fdc807336c4d3a289b9c6c3d75ae7b1,test,keep,True
reddit_t1_mya1rsv,test,keep,False
reddit_1txrvp0_oq1wzf3,test,keep,False
reddit_t1_mu4v5y2,test,keep,True
reddit_t1_n0icra6,test,keep,False
reddit_t1_mrygnet,test,keep,False
reddit_t1_mtelj1u,test,keep,True
twitter_2059996794193395995,test,keep,False
reddit_1t5po5r_okm6qpt,test,keep,False
reddit_1tsx0f1_ooycfn8,test,keep,False
reddit_t1_my3k3mh,test,keep,False
bluesky_bb82d662efea4a5e19f09404a8d7f7ee58b9c89e4c1bfdf04930cb19cd7740b4,test,keep,False
reddit_1tt6s61_op21xtt,test,keep,True
reddit_t1_mzzjer9,test,keep,False
reddit_1t54vlp_ok974kf,test,keep,True
bluesky_590a70541cef3a8ce53477f93059cc5eb9929b045e147592d7df6853f0e3ba6e,test,keep,False
bluesky_33f192c5f68913bfd0ea20f0c9b99cdff52bf8662dda5dc4e7c2835687b33b7c,test,keep,False
reddit_t1_mr2ku6q,test,keep,False
reddit_t1_mtb8nxh,test,keep,False
reddit_1t5po5r_okfusb5,test,keep,True
bluesky_96608b50ec042cc188f08491b8b713df5a1caf9774258f799f8f10d195c1a835,test,keep,False
reddit_t1_mw7bp5l,test,keep,False
reddit_1u05n1d_oqgmvj0,test,keep,True
reddit_t1_mr7ow3l,test,keep,True
reddit_1tv1z4j_opeu0xm,test,keep,False
reddit_t1_mzeyzp8,test,keep,True
reddit_t1_mr6qaoe,test,keep,False
twitter_2060428459189645746,test,keep,False
reddit_t1_mxemrd5,test,keep,False
reddit_t1_mtarwjw,test,keep,True
twitter_2061784226157011204,test,keep,False
reddit_t1_mpy9nfv,test,keep,False
reddit_1tuzwvu_ope50bl,test,keep,True
reddit_1lh4m8j_mz1b8bj,test,keep,False
reddit_t1_mqnc7pe,test,keep,False
twitter_2096651504237068345,test,keep,False
reddit_1tw6zcr_opo7uws,test,keep,True
reddit_t1_ms3sdsk,test,keep,False
reddit_1keniyy_mqk37z5,test,keep,False
reddit_1tnf5qd_onyanhw,test,keep,False
reddit_t1_mpzuyv5,test,keep,True
twitter_2097131459580690530,test,keep,True
twitter_2061592620527194248,test,keep,False
reddit_t1_n06yzqz,test,keep,False
bluesky_9f43d5f412939a2c541aec7de12a2ff1d5c4fe9151f8d8739bf36709f88d8875,test,keep,False
reddit_1l09l1b_mvckpyk,test,keep,False
reddit_t1_msayp5x,test,keep,False
reddit_t1_mtupu8z,test,keep,False
twitter_2060416127692669014,test,keep,False
reddit_t1_msysmqq,test,keep,False
reddit_1kcc3ao_mq4t6sz,test,keep,False
reddit_t1_mzw64f0,test,keep,False
reddit_1tzjirf_oqe9ymk,test,keep,False
bluesky_d7aa1802abda26992b69149b717a6956634d276342575cd14bcd92242f766709,test,keep,False
bluesky_193034947c45222c0f79e31a0b729b21b6c5c63133788887f8f31c8b4f6f2c36,test,keep,False
twitter_2061824179142267392,test,keep,False
reddit_t1_mz29yuc,test,keep,True
bluesky_eb4f2e663b9669cc867ef9fb73f5504b346ba91cee2988eb7881d3f69f5e8bb9,test,keep,False
reddit_t1_mz7uius,test,keep,True
twitter_2061323601731793390,test,keep,True
twitter_2060961842864767339,test,keep,False
reddit_1th143w_omr9foo,test,keep,True
reddit_1u0v89b_oql1inv,test,keep,True
reddit_t1_mz6ixin,test,keep,False
reddit_t1_mrnxtti,test,keep,False
reddit_t1_mv5j0im,test,keep,False
twitter_2061334893863551242,test,keep,True
reddit_t1_mtukza5,test,keep,False
bluesky_c7fd2212de057f8d429f68311db7d4109489fc5bb5b0a40cb2055e37a6c22b94,test,keep,False
reddit_t1_myowd1d,test,keep,False
reddit_t1_ms06ee4,test,keep,False
bluesky_c77010bfdda731862a5af73f54d2c0518750ecffe4944abcd3c80df1450776a0,test,keep,False
reddit_t1_msnsl4c,test,keep,False
reddit_t1_mr3ory1,test,keep,False
twitter_2060877322337558564,test,keep,False
bluesky_35aaac022091e7dc7148f0f5d56aee4fdde5b6dd2681e83e3061316f44fb12c7,test,keep,False
bluesky_ab9003711e75ed8d0a722afb8f99355c2e593f73df74fa940a525199991381f6,test,keep,True
bluesky_ce6824e6283639a9e057c514c39b68c210fb11d4a5e152b80943d205b38d070b,test,keep,True
reddit_t1_mzqunvk,test,keep,False
reddit_t1_mq0uzb8,test,keep,False
reddit_t1_mskbou1,test,keep,False
twitter_2061109641459777764,test,keep,False
twitter_2061538619769172171,test,keep,True
reddit_t1_mw961sf,test,keep,True
twitter_2060075157578752225,test,keep,False
reddit_1u20knn_or139c1,test,keep,False
reddit_t1_n01n07g,test,keep,False
twitter_2061757026028372051,test,keep,True
reddit_t1_mu84dtr,test,keep,False
reddit_t1_mv34dzv,test,keep,True
reddit_1t3verj_ojzz55k,test,keep,True
reddit_1u08bq4_oqgsbzj,test,keep,True
bluesky_aa66207d84ce83b7b6f63e1948242bd0b342f0896faa494fd70c9f4af02c253c,test,keep,False
bluesky_17daac0aebc5b2c33e2642a0ae26aa207fb4b70e7dd36ba3ecc9ac9f76827a3b,test,keep,False
reddit_1td5imr_olve4ww,test,keep,True
twitter_2061811824794710441,test,keep,True
reddit_t1_mrg0bl3,test,keep,True
reddit_t1_mv2bv4m,test,keep,False
bluesky_192df6683e0309e1019d1e36fed9217c84ce7cbc0c54c59be8c176406b1974d3,test,keep,True
reddit_t1_mqrwfgs,test,keep,False
reddit_t1_mupuf2m,test,keep,True
twitter_2059472183483613589,test,keep,False
reddit_1u2ek28_oqxaevq,test,keep,True
reddit_t1_mwipnp2,test,keep,True
twitter_2061266843248312503,test,keep,False
reddit_t1_myqcvz9,test,keep,False
reddit_t1_mql8zq1,test,keep,True
reddit_t1_mv3c0lf,test,keep,True
reddit_1kybr30_muwm8oy,test,keep,False
reddit_t1_mxalxyg,test,keep,False
reddit_t1_mr17fpm,test,keep,True
reddit_1klsgwq_ms4thit,test,keep,False
reddit_1l1ezgi_mvkmxku,test,keep,False
twitter_2059967541829664900,test,keep,False
reddit_t1_my1nzlf,test,keep,False
reddit_t1_mqxq278,test,keep,False
bluesky_6ec8c897e95b10fdd0c3b20c99979231ce57cb766bc6a7653a5d9d9a83d33928,test,keep,False
twitter_2061368575575658979,test,keep,True
reddit_t1_muk9z5a,test,keep,False
reddit_1tn7lg4_opt8k50,test,keep,True
reddit_1t9j11f_ol40aj5,test,keep,False
reddit_t1_mxus31v,test,keep,True
twitter_2061543962910089583,test,keep,False
twitter_2061455567621701992,test,keep,False
twitter_2061424654628294661,test,keep,False
bluesky_6a8ae80bcfb27af3f8c5e41ddb6fe925f3e12bc288bc46524823cf78f2543595,test,keep,False
reddit_1t774fv_oky0elj,test,keep,False
reddit_t1_n05j4tx,test,keep,False
bluesky_8c619dd16ddd224b761959e827960005538e56318a6bd1c61321f60b038ff9ab,test,keep,False
bluesky_c0495a09d0165b0245349d21a1e0c5c1909ff6a5c60d33bf330e2e8bb8d2486a,test,keep,False
reddit_1kpvy1j_mt11hv0,test,keep,False
reddit_t1_mybxukv,test,keep,True
reddit_t1_ms7ifrd,test,keep,False
reddit_t1_mrov0r8,test,keep,False
reddit_1tzfhxv_oqcnegd,test,keep,True
reddit_t1_mvg47yz,test,keep,True
reddit_1u0l8qh_oqneesd,test,keep,False
twitter_2061366217600807160,test,keep,False
twitter_2061538317842157780,test,keep,True
twitter_2059696168670580835,test,keep,False
reddit_1u27ivx_oqx0nlm,test,keep,False
twitter_2061766369222242743,test,keep,True
twitter_2061055759266250850,test,keep,False
bluesky_709319ec1c80dce4be77c3debcf9d2ebc270b683e37f2608ec2296dd5624ed9e,test,keep,False
bluesky_6575ac3b3a050fe4c6f32b75d7967367ea1ffef0de794bd313a96af05283e760,test,keep,True
reddit_t1_ms1a48l,test,keep,True
bluesky_4364f63a2f1717f89db01011cdf959d0e8b92b0b3fb8ea72cd6b1dd3c1c9b0b7,test,keep,True
bluesky_0bbbce0a684006e23c8ca9717acbc2acd15b8131d1d54c07fe6f303ed0aeb653,test,keep,False
reddit_1l89k64_mx3618x,test,keep,False
reddit_1tuebh8_opcgqmz,test,keep,True
reddit_t1_mxdcax8,test,keep,True
twitter_2061500625360142703,test,keep,True
bluesky_0fb505b0d0ee13154c43213e0051b77cf66375c662b417c8f42799289d91ac1d,test,keep,False
reddit_t1_muj1nmj,test,keep,True
bluesky_49ff9c5ca57b77af6d2ef386e4667f9362e1794af5f8692bb0626a59c7825f1b,test,keep,False
bluesky_78198d860f14755e972da795c69f568964ace51774742187cb64e357d3fdd89a,test,keep,True
bluesky_efae9af558ee5173a183334b7d74c5497d03d30a1351b72a31260ee62b4c6e80,test,keep,True
reddit_1twr00b_oprqesu,test,keep,False
reddit_1u008ep_oqfxy73,test,keep,False
reddit_1l7et4r_mwwqspu,test,keep,False
reddit_t1_mxliv32,test,keep,False
twitter_2061601463101530262,test,keep,True
twitter_2060395378873414000,test,keep,False
reddit_t1_mu1tjv8,test,keep,False
reddit_t1_mwpjprm,test,keep,False
reddit_t1_mx0e3rc,test,keep,True
reddit_1txrvp0_opyb7pa,test,keep,False
bluesky_a7ad68fab04a491c4b67157eeab0b09d29fbdade520ae3a9e3d003e9b94ab093,test,keep,True
reddit_1txvogh_oq0ab79,test,keep,True
reddit_t1_mx6shz7,test,keep,False
bluesky_163257e5b48f2c0f1076f550bd8f5b8f83e7f54dc0c34120c40848d0ea6ca93a,test,keep,True
reddit_1kkux28_mrz2xr5,test,keep,True
reddit_1tvaatt_opgcqsc,test,keep,False
bluesky_ce04f4455cd02508677e0ad39d0c43347c2f01540fdc382e3897a7781e2a2dc4,test,keep,False
reddit_1tpf0kw_ool5zg6,test,keep,False
twitter_2061777278963482802,test,keep,True
reddit_t1_mvq46y8,test,keep,True
reddit_t1_mrytq7n,test,keep,True
twitter_2061813602169082322,test,keep,False
bluesky_f80a8aeb1970ae525cf7b6219069aedc7a1fafbdc18137e1e2b28c2a821b8c69,test,keep,False
reddit_1tjqo6g_on3lub6,test,keep,False
reddit_t1_mtb57it,test,keep,False
twitter_2061819367768375596,test,keep,False
reddit_t1_mqpeio1,test,keep,False
bluesky_b87f8c907367fe9b06150f2bf398769c1cc25f8a885a6f07e14b30a2d816da18,test,keep,True
bluesky_c3e99a12bbf37bb9954a771c290765d802cc145b8170cdad930893b1a63810c3,test,keep,True
bluesky_6f5444f15a59e7e6e050f2ebd3bce134d4b9ad60cbc099e7e2ada96f339213b2,test,keep,False
bluesky_78d53487b579716d6bcc17edc055421da4508ee846666b1ed3cd7038d62ccfae,test,keep,False
bluesky_bae44f42badf767f2c78ef204b5ffe02bb43aed4900b1dcec2e2d3669f0ef250,test,keep,True
twitter_2096995404835373450,test,keep,False
reddit_t1_muxwpfd,test,keep,False
reddit_t1_mvb466o,test,keep,True
reddit_t1_muzq8ye,test,keep,True
reddit_t1_mzn7til,test,keep,False
reddit_t1_my4s9wr,test,keep,False
reddit_t1_mr5zgxj,test,keep,True
reddit_1kt5ftp_mtt0dtp,test,keep,True
twitter_2060361246713536894,test,keep,False
reddit_t1_ms95004,test,keep,False
twitter_2060858879253037291,test,keep,True
reddit_t1_myekpuz,test,keep,True
reddit_1ksnboe_mtqa6ci,test,keep,False
reddit_t1_mz7mjyu,test,keep,False
reddit_1t1zmb4_ojkvlnx,test,keep,True
reddit_t1_mrdfu8g,test,keep,False
reddit_t1_mud99zg,test,keep,False
reddit_t1_mz26m13,test,keep,True
reddit_t1_myqsmi3,test,keep,True
reddit_t1_mydvz78,test,keep,False
reddit_1kijebe_mrj4maw,test,keep,False
reddit_t1_n09es05,test,keep,True
reddit_t1_mrqspdf,test,keep,True
reddit_t1_myqt9ew,test,keep,False
twitter_2096380461073207492,test,keep,False
twitter_2061804919917867365,test,keep,True
bluesky_03ae0fc878f9c9c72236161a2dcddeee426ffa4456f354404f9050f67f44c230,test,keep,True
reddit_t1_mq2yst8,test,keep,True
reddit_t1_msaqbzr,test,keep,True
twitter_2061825169077760121,test,keep,True
reddit_t1_ms2u6ff,test,keep,False
reddit_t1_mske9mu,test,keep,False
twitter_2061468816266117314,test,keep,True
reddit_t1_mqt0d3l,test,keep,False
twitter_2059766444510855427,test,keep,True
reddit_t1_mz16zpi,test,keep,False
bluesky_a26f8d7c7d7e22975d5f6a6683e208eb11712e53c83fb050eb4db56542bd84f3,test,keep,False
bluesky_dd61429b20eccd75462eeb98f5a7aceed0d00cf0279830f601f366cec02a69d3,test,keep,True
reddit_t1_msfn6zm,test,keep,True
reddit_1twgtct_opql2aq,test,keep,True
reddit_t1_mvkyw34,test,keep,True
bluesky_799323aa93d7d831105caf232c2f98729f2374882ead6f445638261159a439f4,test,keep,True
reddit_t1_mx2g7nf,test,keep,False
reddit_t1_ms2j8b9,test,keep,False
twitter_2061699069035081974,test,keep,False
reddit_t1_mt62bf2,test,keep,False
reddit_1kmchko_ms98lqu,test,keep,False
bluesky_0dd5f87e9abb9ea416711f9a102c38935706ecfc5c099c11e55ae1b7b4c47f7d,test,keep,True
bluesky_bd8608344c654d06521b2c029233776372ebc50752e0fcfacb3b0be09c82683d,test,keep,True
twitter_2059068640725815703,test,keep,True
reddit_1tp6tgh_oo6k0aq,test,keep,False
bluesky_230201ec327e104dcf97e26ea0a2c8beee78786311bd6c0fa2e3b5f8cd3166a4,test,keep,False
twitter_2061672171467108367,test,keep,True
bluesky_d592e2265dc5940081704baed7721947234fd38ac6239c07d0c97692539ea97d,test,keep,False
reddit_1kwl270_muoj8d8,test,keep,True
reddit_1td5imr_olzf967,test,keep,False
reddit_t1_mv9jkqm,test,keep,False
bluesky_6e0bbfbe0ee69a141895695e1baa8bac61f49881f78b622a611a5867bac46301,test,keep,True
reddit_1lfks4q_myp7m3r,test,keep,False
reddit_t1_mrg4baf,test,keep,False
reddit_t1_n0nb3gn,test,keep,True
reddit_t1_mv30szg,test,keep,True
reddit_1l0qzn0_mvhr3a4,test,keep,False
reddit_t1_msixm9j,test,keep,False
reddit_1kd3ieg_mqbxhrm,test,keep,False
reddit_1klws0f_ms6jbdq,test,keep,False
reddit_1t3verj_ojyi2g3,test,keep,False
twitter_2096908800921932153,test,keep,False
reddit_t1_mv05cnf,test,keep,False
reddit_t1_mxldy9s,test,keep,True
bluesky_45799aa7e1acf3ed8e6125f924152515b6658a48229d259a6889f2c70a353945,test,keep,True
reddit_t1_mszupar,test,keep,False
twitter_2059705764898341254,test,keep,False
twitter_2061794872613568878,test,keep,True
reddit_t1_mrbvtfe,test,keep,True
bluesky_b8f093039c91e7ff8e4f63325e7e47084540c985c73b4a33168b5302c304912d,test,keep,False
reddit_t1_n04ke4c,test,keep,False
bluesky_03cfe8cbdbc602446951762ffb2cd229db45141b7148bd1422d075511812fe21,test,keep,False
reddit_t1_n0fcqah,test,keep,False
reddit_t1_mqxde1t,test,keep,True
twitter_2061779028202107043,test,keep,False
bluesky_b3753bb0a9d6473ea11e09b9b94587c6417de3340dc8ea8440c5245691cf827a,test,keep,False
reddit_1u2bp73_oqw9f5z,test,keep,True
reddit_t1_mqegffi,test,keep,False
twitter_2061785030670549435,test,keep,True
reddit_1t3n2ml_ojx4req,test,keep,True
reddit_1tqdpjl_oohvxuf,test,keep,False
reddit_1lc6l57_my0ytub,test,keep,False
reddit_1tt8k9j_op1k1s6,test,keep,False
reddit_t1_mxsit8r,test,keep,False
twitter_2061605868894908929,test,keep,True
reddit_1txnqc1_opydi81,test,keep,True
bluesky_e95f209e403bcf56257ca36221fab2897127f72d87efac97d125c3f1ffd3aaa6,test,keep,False
reddit_t1_msb206j,test,keep,False
bluesky_62aca9dfb0af92b9a1392d0f4247b92277de8352e9ac9948ba0d0b2277d70e61,test,keep,True
twitter_2060675338879877603,test,keep,False
twitter_2059101070354252018,test,keep,False
reddit_t1_mz0ek8e,test,keep,False
reddit_t1_ms9difq,test,keep,False
twitter_2059735427892777236,test,keep,True
twitter_2061235876802228636,test,keep,True
twitter_2061754518128193786,test,keep,False
reddit_1lj9y8i_mzi4xzf,test,keep,False
reddit_1t3n2ml_ojwhla1,test,keep,False
twitter_2061825106498707574,test,keep,False
twitter_2061440234181500977,test,keep,True
twitter_2060072476055351712,test,keep,False
reddit_1l4b2as_mw8zv2b,test,keep,True
reddit_t1_my9k1bf,test,keep,False
reddit_t1_my5ncf4,test,keep,False
reddit_t1_mssnnyi,test,keep,False
reddit_t1_mqxefjx,test,keep,False
twitter_2061499626788991052,test,keep,True
bluesky_2a41d3415787f98af8edc88c5771f633667499e528883050a640c8a62335d901,test,keep,False
reddit_t1_mt43uey,test,keep,False
bluesky_dd012ec4b5934e5100405f2a7315b9346f216e43ab8523cefbb47d6c6b00a303,test,keep,False
bluesky_1d66ca3a04d204df5dc494159adc6cca658cd82627cb62f2380fc5ac625489b1,test,keep,False
reddit_t1_mqypwli,test,keep,True
twitter_2061792628048375945,test,keep,True
reddit_t1_mswazhn,test,keep,False
reddit_t1_my334om,test,keep,False
reddit_1tvyw6x_opsd4ze,test,keep,False
reddit_t1_mtrkyqp,test,keep,False
reddit_1klrtv5_ms540uz,test,keep,False
bluesky_0437e0af9cdf64d0748196bfc34aea0958a14752192d1e5bcd15b41d7a1394c1,test,keep,False
reddit_t1_munaubf,test,keep,False
reddit_1tvll8k_opi8cbm,test,keep,True
twitter_2061100837783339205,test,keep,False
bluesky_1854fa86fad056257eccd6e3ec3aca52581c96fc3dd3f73937c4f2f0d40b9b7f,test,keep,True
twitter_2061808066878656521,test,keep,True
reddit_1kn5i1j_msfxhnx,test,keep,False
bluesky_85320eb551ffe14c623c45b0dde5121cf116122398aced18086de6d86efe1e26,test,keep,False
bluesky_e4cff671825cb99db2c4a4a13a62fd04ab112adda63eae33612b69cc50bba735,test,keep,False
reddit_t1_n0kvo9v,test,keep,True
twitter_2061057940455329895,test,keep,False
reddit_1ttcu5f_op43e38,test,keep,False
twitter_2061576358862655705,test,keep,True
reddit_t1_mto79dv,test,keep,False
reddit_1l3fqcb_mw34xff,test,keep,False
reddit_t1_mrkhwif,test,keep,False
reddit_t1_my3s4d5,test,keep,True
twitter_2061724845998584165,test,keep,True
reddit_t1_mzbjoy8,test,keep,False
bluesky_675e81ddff3c5ceb34ba8cccb884602e47d7bc939ac7eaf0063a37dd9c80dfa8,test,keep,False
reddit_t1_mvbxphd,test,keep,False
reddit_1t54vlp_okb29ke,test,keep,False
reddit_t1_mxtn5t3,test,keep,False
bluesky_7b026705282616110a3f8243e34577e25030c958925b2385447f42749ff6bf71,test,keep,True
reddit_t1_n0cltft,test,keep,True
reddit_t1_mr1m4ko,test,keep,False
bluesky_4075505e7ef0eb99a956b72995a1311892e3576d233f9fb013f0fd5211659bc4,test,keep,False
twitter_2061824813635600554,test,keep,True
bluesky_7aea87204580f058acd4b53cb607ab6596aa7e5e38a607450fff14c494db0a1d,test,keep,False
reddit_t1_mxsmdu5,test,keep,False
reddit_t1_mzwwx9f,test,keep,False
reddit_t1_mqs0xbi,test,keep,False
twitter_2061256666373562703,test,keep,False
reddit_t1_mt2su17,test,keep,False
reddit_1txi7g6_opwtx4g,test,keep,True
bluesky_dbfc54ad41dea4bcd8c560fa6b910af9513e46eac7869e41ee8fb2986c8303f1,test,keep,True
reddit_1txekxo_opvfomc,test,keep,False
bluesky_f994a46e9d1cbea010a58c881b40b18575d89ef8f0e6f16eea2a93355b9454cc,test,keep,False
reddit_t1_mucvub4,test,keep,True
reddit_t1_mxlklea,test,keep,False
bluesky_6eaa390fe7ecd23ed6ccc14921b481745a676cea6df1121b0df12ed17d8116e9,test,keep,False
reddit_1tv7vfu_opg8cfp,test,keep,True
reddit_t1_mtnhpj1,test,keep,False
bluesky_cac40acaeec39c39473771bfe028b6ff5f4a2633da63cdf666f597c68d0cb8eb,test,keep,False
bluesky_0039bfdef7e3339ed792bb349972019915d3c67838b6fde84efda8aa19b08a35,test,keep,False
twitter_2061707100527718614,test,keep,True
reddit_1tle5je_onf502s,test,keep,True
reddit_1u0l8qh_oqkt0tn,test,keep,True
reddit_1tt6o9m_op0i7s6,test,keep,True
reddit_t1_mwwfnrt,test,keep,False
reddit_t1_mvbabnu,test,keep,True
bluesky_0f08c1feb8abaa37b3ee3a785dc0bd9f76c7ff45ea81a2468385d4ab928b1345,test,keep,False
bluesky_51e7d91cd2d97f4b9c693a79594f858cb63f7e3624466294676c96e0b9a1be70,test,keep,True
twitter_2061092819528237097,test,keep,False
reddit_t1_mtqgrvv,test,keep,False
bluesky_68796507b371f96467e1b1f224b987cc0f99fe78e2a3081a4a61db49f429a83a,test,keep,False
reddit_t1_mr58zwz,test,keep,True
reddit_t1_mvuhn2k,test,keep,False
bluesky_c5802b75bd6779787b6edc0be894a72ac36c252c584a66a7d7d90ec3613136aa,test,keep,False
reddit_1tzmvf4_oqby16e,test,keep,True
bluesky_f5f37d2e1f8745b5dde9495ec30394d325a512afe9c28e0580f20c0b21b7f131,test,keep,False
reddit_1tztcf9_oqe3kmi,test,keep,False
reddit_t1_mq8n0vp,test,keep,True
bluesky_c2c4d00aeeb83539760bf577bfdbd271c6e1184b0c5b45cbea8b20fbf0b84923,test,keep,True
reddit_t1_mu95whc,test,keep,False
bluesky_6d58be935c1aa50e9fd8a0bbaab1935581e3c0857dc1cc302b73f21e2eb3626c,test,keep,False
reddit_t1_mzz9u4a,test,keep,False
reddit_t1_mxl9gl7,test,keep,True
reddit_1tv99t4_opleinc,test,keep,True
reddit_t1_muvmm4b,test,keep,True
twitter_2061797003072307407,test,keep,True
reddit_1tdz1jj_om2o3mg,test,keep,False
reddit_t1_mqh7cvf,test,keep,True
reddit_t1_mxjovvs,test,keep,False
reddit_t1_mq2c7f4,test,keep,False
bluesky_2b71ae67511d55784cb338ad1068638d9c4f38d12eca660a72f90faaec5cbdf7,test,keep,True
twitter_2061749675368313042,test,keep,True
twitter_2061764949408391497,test,keep,True
twitter_2061781388961989046,test,keep,True
bluesky_1f54e43818260582f357963cdca573287b786f9edc937d310d8b74f00cbe5135,test,keep,False
reddit_t1_mwnv65m,test,keep,False
twitter_2061783898267275490,test,keep,True
reddit_1kn4pwm_msi79sp,test,keep,False
reddit_t1_mr9e7a0,test,keep,False
bluesky_db384628ec30533eb2048b41625974b586d9fc818137d88d9dcaa23739a05f05,test,keep,False
reddit_t1_mwuru8h,test,keep,False
bluesky_4ae658ca16ac49754ca330408a68c65ceb674722ee47f4f54edebe679d95cb75,test,keep,False
bluesky_d75824d64aa1b444ebc2cf1dfd8e439826a69b9b1e31bc3ad31dcf2b6b644ce0,test,keep,False
bluesky_cfc083c49c3e760d8112a2dfe1760f762bdb13d724337828a6f84e078e2a3702,test,keep,True
twitter_2096762722406838362,test,keep,False
twitter_2097118925062348894,test,keep,False
reddit_t1_mtnd1h9,test,keep,False
twitter_2060352216263688664,test,keep,True
reddit_t1_mzviyrv,test,keep,True
reddit_t1_mvxdxlx,test,keep,True
bluesky_54a1c2060b7fda8f099e3887af93dbc5e5a816efc24ae98d1ffafe02ce74e0cc,test,keep,False
reddit_t1_mwsjl3p,test,keep,False
reddit_1tb0cvn_olfomp1,test,keep,False
reddit_t1_mr6xsil,test,keep,False
bluesky_04f8890fad83cbf85d83b0bba0b2ad7cdb66ce41d1a58962d9efe3495ad6a7b6,test,keep,True
reddit_1u05n1d_oqi1uo1,test,keep,True
reddit_1ke2vut_mqgh7id,test,keep,False
bluesky_d5b56b882384b050ed2b706f3e3b01186eb50f973931244c61f5766b164154aa,test,keep,False
reddit_t1_mrg1zcd,test,keep,True
reddit_t1_myedhol,test,keep,False
bluesky_65b91b59a49d4cea8e8acfa29964a82e63286825fe1837c726c44995c66fb11c,test,keep,True
reddit_1ti151j_omrlwdv,test,keep,True
twitter_2061113457739522118,test,keep,True
reddit_t1_mwp1k8z,test,keep,True
reddit_t1_mxw5b2a,test,keep,False
bluesky_989c2ad99a2806b4c31f89d83f0b088bc8d627bf350e08683ebb661e87312563,test,keep,False
reddit_t1_mvugvkz,test,keep,False
reddit_1tn7lg4_onspfw4,test,keep,False
reddit_t1_mv42zkw,test,keep,True
twitter_2059370022644953565,test,keep,True
reddit_t1_mtplvo3,test,keep,False
reddit_t1_mv19w9u,test,keep,False
reddit_t1_mva4wtl,test,keep,True
reddit_t1_mw1qmt1,test,keep,False
reddit_t1_mtl69vf,test,keep,False
twitter_2061608066441691404,test,keep,False
reddit_t1_myuht1j,test,keep,False
reddit_t1_n05ouvh,test,keep,False
twitter_2061691046149644785,test,keep,False
reddit_t1_mx5ce0h,test,keep,False
bluesky_68d2738fa22a5db2e86180bdd8b65d71cb8f93cec840e88e4e45b9f892debe16,test,keep,False
reddit_t1_mxotofl,test,keep,False
bluesky_f50729b2d7f29f7a6343cf5baf744945f451593690069ea5fab55a6937aa53e5,test,keep,False
reddit_1tswff0_ooyanex,test,keep,False
twitter_2061827170360864800,test,keep,True
reddit_t1_mqeswf1,test,keep,True
bluesky_253f6730359b7eda8fa229a1de968acc54181c606669499dea2d62c5a5ce2d1e,test,keep,False
reddit_t1_mq1s2cj,test,keep,True
bluesky_4123f12919da5206a38c4e78f713366d853c5f40bde0c25ff93e012ea8eb9a7b,test,keep,False
reddit_t1_ms0uj9e,test,keep,False
reddit_t1_muy0h9v,test,keep,True
bluesky_ef3f908c226b66cf3dfe75f9316778736578301b18f828c71cf96947e4cbbd40,test,keep,True
bluesky_d8086bf6967e27d778e07fbecc9c7f88a25f3e003190420f735ac71010d4d4ae,test,keep,False
twitter_2061533290360647769,test,keep,False
reddit_1txi7g6_opybsec,test,keep,False
reddit_1kbza1m_mpzb0wf,test,keep,False
twitter_2096387024110727291,test,keep,True
reddit_t1_msqtjwr,test,keep,False
twitter_2061804194487791704,test,keep,True
reddit_t1_mvbrl8f,test,keep,False
reddit_1tq615u_oohd1oe,test,keep,True
reddit_t1_mvsd1b4,test,keep,True
bluesky_e47e3775c47ba15a6c5facce01dfb2a64b234c235e6433a548d7f2b24c50fa06,test,keep,False
bluesky_b637797cb730c2405a06865e5d5a84d0701f79c5e05ad5048007fc74fcff5db4,test,keep,False
reddit_t1_mtiq68y,test,keep,False
reddit_t1_mr7dkwa,test,keep,False
reddit_t1_mrxns1p,test,keep,False
reddit_t1_msykwha,test,keep,False
twitter_2059689756142026917,test,keep,False
reddit_1tupifu_opb41qi,test,keep,False
reddit_1ld36t6_my6879e,test,keep,True
twitter_2061620937611424249,test,keep,True
reddit_t1_mzdu5a2,test,keep,False
reddit_t1_mrwzg8x,test,keep,True
reddit_1txrvp0_oq7etrb,test,keep,True
reddit_1lkj9on_mztd4nb,test,keep,False
reddit_t1_mwyl3gn,test,keep,True
bluesky_62595db61e0a64aa294b77c2de4cdca6a2c1e33dac1de87f755dd9958d1205e0,test,keep,False
bluesky_714e85c45132aa909a18fd199627c1e839a2c42ee2d8f1f30ab4277c6e0202fd,test,keep,False
twitter_2061618986031235557,test,keep,False
bluesky_8a933b7f95ad66078e1c12a738ee3bcc25d7f1d29f4b901b45b6a4450b0419ee,test,keep,False
reddit_t1_mwdll38,test,keep,False
reddit_t1_myhnnxm,test,keep,True
reddit_t1_msdegqs,test,keep,False
reddit_1u1k8nd_oqtkb8g,test,keep,True
reddit_1tqf4v3_ooh3bzk,test,keep,False
twitter_2061798214181744763,test,keep,True
reddit_1tsptkj_ooy8afq,test,keep,True
reddit_1tzrws1_oqdkor3,test,keep,True
reddit_t1_mvbfmuw,test,keep,False
reddit_t1_mx58pcz,test,keep,True
bluesky_0d62698c7e468970a288e1c65944d1cf964822b242a747160c04421cf89d05b8,test,keep,False
bluesky_a8e0167b705f19d82bb86e93c40c49abc56a4f1ca86207c538bf2e34f5879f41,test,keep,False
reddit_t1_mvxwi5k,test,keep,False
reddit_t1_mqz0ird,test,keep,False
reddit_t1_mpxomya,test,keep,True
reddit_t1_mz5gdq8,test,keep,True
reddit_1knx7j9_msmuvaq,test,keep,False
reddit_t1_mztv58a,test,keep,True
reddit_t1_n01z75v,test,keep,True
reddit_1tuttj1_opdgwgc,test,keep,False
reddit_t1_mtn15fl,test,keep,True
reddit_t1_n0nieqx,test,keep,False
reddit_1t7d5jc_oktwy16,test,keep,True
reddit_1tzdiak_oqa6u46,test,keep,False
reddit_1kr82xj_mtch67s,test,keep,False
reddit_1tta0q0_op18ei8,test,keep,False
bluesky_34b658a8e21fd10ac5f3cc434eea02d135b12d0671e29715955ae86cb3eba64d,test,keep,False
twitter_2061230326945317175,test,keep,False
reddit_t1_mqma0re,test,keep,False
bluesky_6d0693a157f17a6a3dd2537b86146c6fc9b5ece8bba6dfe56ebf99cfa2bdcd45,test,keep,False
reddit_1tis5zu_omxtdlz,test,keep,True
bluesky_47a3dbc8797d241824663c95400b7c2ffb36f566cb3ecc89b2c5835c3861fc5f,test,keep,False
reddit_t1_mw45qls,test,keep,False
reddit_t1_muy0bmu,test,keep,False
reddit_1loaept_n0m95hp,test,keep,False
bluesky_2b54682d9352d825336b1dcb116f1af0edd986bbc2b158f3a46371442291a16b,test,keep,False
reddit_t1_mypejsc,test,keep,True
reddit_1u0l8qh_oqiyiu2,test,keep,True
reddit_t1_msopzan,test,keep,False
reddit_t1_mrtzyam,test,keep,False
reddit_t1_mrgooe1,test,keep,False
reddit_t1_mshd1ub,test,keep,False
reddit_t1_mxj7o19,test,keep,False
twitter_2061098987197694209,test,keep,True
bluesky_91acd674aada12934a7cd5f45ca3a9fa16bebc7e7b71d2b6d8fff53a8dbafbb9,test,keep,True
reddit_t1_mqp01tm,test,keep,False
twitter_2061562692519829925,test,keep,False
reddit_1u0k7q8_oqitqz6,test,keep,False
reddit_t1_my5r0ne,test,keep,False
reddit_t1_mwbd3xj,test,keep,True
bluesky_ad4e1431de4a8f0378cc30061888f93abc394002d3901ebdd1e0a9d4867446b7,test,keep,True
reddit_t1_mv2jbf6,test,keep,False
twitter_2060560627761090975,test,keep,False
reddit_1txme1m_opxq0yl,test,keep,False
reddit_1kdrrap_mqdth5b,test,keep,False
bluesky_16c29b6d9bf8b2fdd9293fabed35a9f3a565d7ae418f53735ba819118bcf1f7d,test,keep,False
reddit_1lfq7q5_myrxob6,test,keep,True
bluesky_40f160fa859036558d58e093978dae80a4ab1190b913eadc304d66dcb98fc0a2,test,keep,False
reddit_t1_mzwij0z,test,keep,True
bluesky_1db731b21f747b5666c1e485eb58b7be5d225d3faa64cff1b9ce62314ca2311f,test,keep,True
bluesky_764b2be562c19958d4f9c7588ff7f2345084fe9208bc7ba18a2cdd9309416d1a,test,keep,True
reddit_t1_mzfcsv5,test,keep,False
bluesky_4c8da8c3a58c0030cf34a89d17bf5411348c073de9ae7fb50eee43d04ccadf17,test,keep,True
bluesky_b2122e612520385b52ba2305a9996dee9ecff30d768e0a92b403323c96ec2d32,test,keep,False
bluesky_925ea2ec8fb24ff85c688f63c1045ea41f9d43eaf179cddaaaa554a6657de657,test,keep,True
reddit_t1_mrtagrk,test,keep,False
reddit_t1_mw5ip5l,test,keep,False
reddit_t1_mswp4bs,test,keep,False
reddit_t1_mr25jna,test,keep,True
reddit_t1_mw4ya9m,test,keep,True
reddit_1kmfk40_msafe2b,test,keep,False
twitter_2061814344174780703,test,keep,False
twitter_2061036743785123973,test,keep,False
reddit_1tvbekk_opfvgf9,test,keep,True
reddit_t1_mwmhvme,test,keep,False
reddit_t1_mx5a8wu,test,keep,False
reddit_t1_mynpgwk,test,keep,True
reddit_t1_mzh1jm7,test,keep,False
reddit_t1_ms5uvl1,test,keep,False
reddit_t1_mu7kezx,test,keep,True
reddit_t1_mu8en2r,test,keep,False
reddit_t1_mvmhm69,test,keep,False
reddit_t1_mq9pone,test,keep,False
reddit_t1_muqbgd2,test,keep,False
bluesky_acd1e6702921bcbc2cdd069407f7ccfa81cbe2a4c7da48acd7a41062cc0acf3a,test,keep,False
reddit_t1_mte421g,test,keep,True
reddit_t1_mqkgnr3,test,keep,False
reddit_t1_mzmw4aw,test,keep,True
reddit_t1_myw3zcd,test,keep,False
reddit_t1_mv2z138,test,keep,True
reddit_1tttfo9_op4ud6k,test,keep,False
reddit_t1_mvzef8d,test,keep,False
twitter_2061583664790569246,test,keep,True
reddit_1tc212o_oll9ory,test,keep,False
reddit_t1_mz46pwh,test,keep,False
twitter_2061366679288816126,test,keep,False
bluesky_b45fe425ef8f8d644c70ebdc8afad2c08efa96ef3407969157af42adbf32347f,test,keep,False
reddit_t1_mtb5plp,test,keep,False
twitter_2060007174764462425,test,keep,False
reddit_1kdqb0w_mqee6sj,test,keep,False
reddit_t1_mtdkkzl,test,keep,False
twitter_2061539132615098504,test,keep,True
bluesky_068449492e57131d0f9f1f05274946672dae10ffac79074942b8c766b977ac77,test,keep,False
reddit_t1_my8wo2n,test,keep,False
bluesky_be04d3f8306a37949cc2f3a0b85f66797f5cbc43ad10bb8d61f019778f9b7e00,test,keep,False
reddit_t1_mtfh1hl,test,keep,True
twitter_2060213813811806386,test,keep,False
reddit_t1_mspeevg,test,keep,True
reddit_t1_mzt6j6a,test,keep,False
twitter_2061791771646976095,test,keep,False
reddit_1lgvuze_mz04mzj,test,keep,False
twitter_2061535233371947449,test,keep,False
bluesky_1a43eb8c795bbe01de2d8c9c3db4da7068693d8476af50a6fcc759aa33d186bc,test,keep,False
twitter_2061772011584577724,test,keep,False
reddit_t1_mx2fm09,test,keep,False
reddit_t1_ms8zlm5,test,keep,True
reddit_t1_mz5qs7x,test,keep,True
bluesky_ff7741b33607c9d93fbc8e8f552f4c0be4ce76455859caf01a67e98f54c421c6,test,keep,True
reddit_1tnf5qd_onx85se,test,keep,False
bluesky_a6ebd433e7c72230ae952158250804dc95daf60185fc870c7ad018b8bef7c3c6,test,keep,False
bluesky_a50d0aa0e659e2408c624551e39485a3e0f3fc483614051dfbcdffba7ffda5f5,test,keep,False
bluesky_f35ae04a7c1afb7f3dde4569c956c34be460774fbc3a806f5798c9cf0f733ea0,test,keep,False
bluesky_67512f8d9465f28a3899606b603a5f199d15845cfdbf5663f549fc842cb548be,test,keep,False
reddit_t1_mrhjrr9,test,keep,True
reddit_t1_mxgrts1,test,keep,True
bluesky_2af7725e21d93850bd5a27b394cbd53bb71bd0a56d28fbe9be7d098ff0abb8a6,test,keep,False
reddit_1u1z88l_oqu3wg4,test,keep,True
reddit_1ti5cqx_oms3iij,test,keep,False
reddit_t1_mvyunj1,test,keep,False
reddit_1l4xvti_mx7bvxv,test,keep,False
reddit_1tu4gub_op706g4,test,keep,False
twitter_2061223699097743384,test,keep,False
reddit_1laslnz_mxo28k0,test,keep,False
bluesky_6b1840ca5d2a5716bcd09fbc294dc03fa4a20e9bb38a4177256c4b920589148a,test,keep,False
reddit_t1_mqljzke,test,keep,True
reddit_t1_mzdir6w,test,keep,False
twitter_2060696475210781165,test,keep,False
reddit_t1_mr6jvym,test,keep,False
reddit_1txvz2c_opzctlm,test,keep,True
bluesky_f84d9fa3b56ce3525af61a19548ba1e309f11051b24fd1d37ab6cde86441e407,test,keep,True
reddit_t1_mq0f68f,test,keep,False
reddit_t1_mxet9l6,test,keep,False
reddit_1trnhrp_oopsxyl,test,keep,False
twitter_2061639488481247628,test,keep,False
twitter_2059370125636276307,test,keep,True
reddit_t1_mxx6f7u,test,keep,True
bluesky_5e7b621124f3f52dec66f5a1a5a31df4fab0e04ad0f00af116150acf61279e07,test,keep,True
reddit_1tqhy93_ooh8isa,test,keep,False
reddit_t1_mzjtdr7,test,keep,False
twitter_2061553988965675358,test,keep,True
twitter_2061775895925289288,test,keep,True
twitter_2061826176314905022,test,keep,False
twitter_2061654798852575620,test,keep,False
reddit_1u237rb_oqv96uw,test,keep,False
reddit_t1_mydcijb,test,keep,True
bluesky_63e2cfbd4bfbda999ac09e589b12deadb7bd0e172c783d2c8e73530643e94b9e,test,keep,False
twitter_2061576208563708203,test,keep,False
reddit_t1_mqcbwyr,test,keep,True
reddit_1tsvrr2_ooy2v3i,test,keep,False
reddit_1td5imr_olvzmsy,test,keep,False
reddit_t1_mqu1wht,test,keep,False
bluesky_a3f93e747c98f00788de889005756369a480025e50d23b7b6d0ecd9881990bda,test,keep,True
twitter_2061651431116177426,test,keep,True
reddit_1t4fs97_okdu8ik,test,keep,False
reddit_t1_mtjvsqp,test,keep,False
reddit_1kvg1gw_mu97d3w,test,keep,False
reddit_t1_mr5cpl6,test,keep,False
reddit_t1_mx1gt6r,test,keep,True
reddit_t1_mzf6uh2,test,keep,False
reddit_t1_mzfnu1o,test,keep,True
bluesky_7babf9a71ce98ac5da826afd825027b56d1d43ffb53b639debb7ce9c37f1bda8,test,keep,False
twitter_2095965122506424661,test,keep,False
bluesky_dfb448c217cc25cfef08e02ec93ce5bbb6a193c04e10abb08b55a238b79959c4,test,keep,True
bluesky_7da842d7645eb9f58ecb56560763cf129d341a790614dcf2a41081aa0eba9e74,test,keep,False
twitter_2059422227028729983,test,keep,False
reddit_t1_mrlk5zb,test,keep,True
bluesky_e7732cc74f040d8d6eb6f0e3a900fd597c3b012d55abf6551d949c1e0e6f96d8,test,keep,False
twitter_2061558314257789112,test,keep,True
reddit_t1_msmta70,test,keep,True
reddit_t1_mty2dmv,test,keep,False
bluesky_c2a15383999d06e370fa0f6c24e99f3a11a00872896371bb4c01004a9f1fa95c,test,keep,True
reddit_1ttui2j_op5mbg3,test,keep,False
twitter_2059635906747752459,test,keep,False
reddit_1tklc7j_onaikho,test,keep,True
twitter_2059565321174827210,test,keep,True
reddit_1kz175l_mv20sdn,test,keep,False
bluesky_d78b35f3f6fddbf83f1a994cbfc122897e5fe1f990c1f7a40a52af08095935c4,test,keep,False
twitter_2095960205448159554,test,keep,False
reddit_t1_mrs05vc,test,keep,False
reddit_1t7d5jc_okwsv3o,test,keep,False
twitter_2061776266710196661,test,keep,False
bluesky_e38c35a520d9e12df133debe8771dd5c77e53cdcce9df275a4cb5adf2face54f,test,keep,False
reddit_t1_n04hqom,test,keep,False
bluesky_8744f58302a1ba8b87fdd0db29b20423164f9e3df20cb312ca74d4219e61da18,test,keep,True
reddit_1trqwm4_oos4ttw,test,keep,False
reddit_t1_msigmox,test,keep,False
reddit_t1_mupjazo,test,keep,False
reddit_t1_ms7shqc,test,keep,True
bluesky_971024c74e8fb13524775b997ab9ab4af596b8267f846af5abacb0c394a13d97,test,keep,False
reddit_t1_mqrrftk,test,keep,True
reddit_t1_myqk1d5,test,keep,False
reddit_1kcy0mu_mq6vss4,test,keep,False
twitter_2061826566750130456,test,keep,False
reddit_1kpgf6p_msy66uq,test,keep,False
twitter_2061769619782668482,test,keep,False
reddit_1tt1nt4_oozquzi,test,keep,True
reddit_t1_mv60kv1,test,keep,False
reddit_1t4l69v_ok7tlhk,test,keep,True
reddit_t1_mvs8t4n,test,keep,False
twitter_2061804645329027526,test,keep,True
bluesky_2350cb49bff4e67c64cdff37c8a7617d7fb8c60e6d81873feda17df30c66bc0f,test,keep,False
reddit_1t79fp1_oknz90t,test,keep,True
reddit_1twgtct_oppkrkm,test,keep,False
twitter_2059249459930808580,test,keep,False
bluesky_9e9cebe568fe59055592458bbab2843ab94018b932b94dc55bdbad593b8803db,test,keep,False
reddit_1u22gzn_oqv6pem,test,keep,True
twitter_2060286563771093152,test,keep,True
reddit_t1_mze6t5y,test,keep,False
twitter_2097075067146711372,test,keep,False
reddit_t1_mr4s5d6,test,keep,False
reddit_t1_mtmq8jz,test,keep,False
reddit_t1_mtpq5q1,test,keep,False
reddit_t1_mysojls,test,keep,True
reddit_t1_mzlmrgv,test,keep,False
reddit_1u1nsuy_oqudhy5,test,keep,False
reddit_t1_mqvtvl6,test,keep,False
reddit_t1_mue1zig,test,keep,True
bluesky_d11a9024f770b990a5dfbcdde71e6279a4c48d42e3b661ac00a197f3d4f11282,test,keep,True
reddit_t1_mzt2l98,test,keep,True
twitter_2060723388566696402,test,keep,True
reddit_t1_mszmu3l,test,keep,False
reddit_t1_my81y7n,test,keep,True
reddit_t1_muqx0pd,test,keep,False
reddit_1ky63uj_muvo7gk,test,keep,False
twitter_2061698567161749832,test,keep,True
reddit_t1_mr3i09x,test,keep,False
twitter_2096226018394591459,test,keep,False
reddit_1tyet91_oq516sz,test,keep,True
reddit_1tswg2c_ooy9ang,test,keep,False
reddit_t1_mwkhdeq,test,keep,False
reddit_t1_mr30b69,test,keep,False
reddit_t1_mq0hp8h,test,keep,False
twitter_2061435112214925391,test,keep,True
reddit_t1_mx4c1qz,test,keep,False
reddit_t1_mx24nkr,test,keep,False
twitter_2059959157013541270,test,keep,True
reddit_1u1fnvf_oqr54cm,test,keep,False
twitter_2061686535548707007,test,keep,True
reddit_t1_mq8rr51,test,keep,True
reddit_t1_mz3ptb7,test,keep,False
reddit_t1_mrgc88b,test,keep,True
reddit_t1_mrmmx72,test,keep,False
reddit_t1_mrtrffl,test,keep,True
bluesky_9691dfc8614af4ab1f3f66c0f2737ddb5c4cb1fe8035a83d4a1154e660fbfabf,test,keep,False
twitter_2060857810779349171,test,keep,True
reddit_1tv4jag_opixq4s,test,keep,False
bluesky_62861f319f80c8f37e4e9d36b8a538b598c9617c9d2e9bd6ba9c98df11dafeaf,test,keep,False
reddit_t1_mupr0ei,test,keep,True
bluesky_26ab9ff3d3dc03b4d3a86cc67fcc63ad8efb5d6d6cb920cf95ad34ce9bbb68e7,test,keep,True
reddit_1kliwyt_ms5nj5b,test,keep,True
reddit_t1_mtbhaac,test,keep,True
reddit_t1_mu0skza,test,keep,True
reddit_1tn78mh_onsjcwo,test,keep,True
reddit_1kh7zbd_mr5qg9y,test,keep,False
reddit_t1_ms3n0wt,test,keep,True
reddit_t1_mxqgje8,test,keep,False
reddit_t1_mw63vf7,test,keep,True
twitter_2060148111683785114,test,keep,False
twitter_2061738700287946859,test,keep,True
reddit_t1_mv1sx7x,test,keep,False
reddit_t1_mysutj1,test,keep,False
reddit_t1_mrs0s23,test,keep,True
reddit_t1_mwxpvtv,test,keep,True
reddit_1tt3m71_op0654w,test,keep,False
twitter_2060077624706109460,test,keep,False
reddit_1ti5cqx_omsgcr2,test,keep,False
bluesky_0a9d7a58cf1916fc6c323ea9ecc542011c61920ef342762c5c017a8c01b68662,test,keep,False
twitter_2059446702692560958,test,keep,False
reddit_1tv99t4_opfvlzk,test,keep,False
reddit_t1_mzonigw,test,keep,False
bluesky_6cb537b41e53c223d2dc6598a117e7973d9a44ba6a7d9a74f61bec329e3941c0,test,keep,False
bluesky_b410b2949dd2d4da67168fabe5b5f171a0afcbef976d45868caa54d232a74527,test,keep,False
twitter_2061592847598657962,test,keep,False
twitter_2060375106296193446,test,keep,False
reddit_t1_mtvyjh5,test,keep,False
twitter_2060800749739651505,test,keep,True
reddit_t1_mzqm4pa,test,keep,False
reddit_t1_mqkm09o,test,keep,False
reddit_t1_muddkz5,test,keep,False
reddit_t1_msm6erk,test,keep,False
bluesky_15352ba2e768178ed178d8507b586e539c7f3e3dde806f72dd9f3cb977f1bfb8,test,keep,False
twitter_2061529349250253260,test,keep,True
twitter_2059553896557617307,test,keep,False
bluesky_01eef667ed35c5cdcec0bdf3a22bd49c8f1f9ff4f59a661dd7bd8b9745a51d74,test,keep,True
bluesky_59d0a186fcd8269e0080c3843dd7371fd2a1bf619e6cb8a7d08239df20d19933,test,keep,False
reddit_t1_mzbutyq,test,keep,False
reddit_1tyqb64_oq5tq5j,test,keep,False
reddit_t1_mrz1qih,test,keep,False
reddit_t1_mroyscu,test,keep,True
reddit_t1_mrz90fp,test,keep,False
reddit_1ts8q7t_ootut5j,test,keep,True
reddit_t1_my8a0zk,test,keep,False
reddit_1u1npgu_oqu2do7,test,keep,True
reddit_1u05n1d_oqi5581,test,keep,False
reddit_t1_n0nqv59,test,keep,True
twitter_2060390848269844706,test,keep,True
twitter_2061591651210887216,test,keep,False
reddit_t1_mwswimn,test,keep,False
twitter_2096244462305313269,test,keep,True
reddit_1tp5g11_oo69myf,test,keep,True
bluesky_3435611aadb773f37ad87bc6c9cd6a8c79776e36ef71d33f0fde296de2faac40,test,keep,False
reddit_t1_mt2pqct,test,keep,False
reddit_t1_msyc13h,test,keep,False
twitter_2095908442439614689,test,keep,False
reddit_1tqyx7p_ook8j6h,test,keep,True
twitter_2061601576985510174,test,keep,False
bluesky_46683e049dacafa9c6f7e6b96514d22410e8c57a0436b0d0037ca211ec7d1a6b,test,keep,True
twitter_2060771935982666140,test,keep,True
reddit_t1_mvg4e9h,test,keep,False
reddit_t1_mvtlkau,test,keep,False
reddit_1tsvd1m_ooxx5s8,test,keep,True
reddit_t1_mrbg09j,test,keep,False
reddit_t1_mw1wlb1,test,keep,False
reddit_t1_ms0u93f,test,keep,True
twitter_2061784584543510743,test,keep,True
reddit_1u18ir0_oqnxcjw,test,keep,True
reddit_1t7hgak_okp3r8d,test,keep,False
reddit_1l2lyx4_mvwfjh5,test,keep,False
twitter_2061457724374687787,test,keep,False
reddit_t1_n0mff43,test,keep,False
bluesky_cdfb43291e81775bd2cdae5fe7dd8e294174b1801d928a55b6122c4dc1224747,test,keep,False
twitter_2061084798127329581,test,keep,False
reddit_1l34a0n_mw0pt72,test,keep,False
reddit_1tpf0kw_ooqvmls,test,keep,True
reddit_t1_myu583u,test,keep,True
bluesky_45ebe8813e7709d6f59c2c174beeae166243c8a59b0c09e48a75db4ea097f3e3,test,keep,False
reddit_t1_msa97ry,test,keep,False
reddit_1t7d5jc_okpg6u8,test,keep,True
reddit_t1_mx1o5cm,test,keep,True
reddit_t1_mrf2prv,test,keep,True
reddit_t1_mwtwxax,test,keep,True
reddit_1tsrnbn_ooy9ccb,test,keep,True
bluesky_bc95c635c8ffcaad29b0420a22571211e7d2b921f30667b7a34d2f0d0957835a,test,keep,False
bluesky_e286349507ab9491a29251b7fc8fae17fcbf4f21fc68fbc28fcb1547a58354d2,test,keep,True
reddit_t1_mxr11tk,test,keep,True
reddit_t1_mqzi0kr,test,keep,False
bluesky_44e48da5b9fb3d655017e28c6085d3e5aab2ce5b2b75017b393ae825a861ceb1,test,keep,False
bluesky_6571ebd0e422034b26ed9f89a41a96a8c0b956b1fe25948a9d711e7b4eda0920,test,keep,False
reddit_1tqcltq_oofryhp,test,keep,True
reddit_t1_n0kse2b,test,keep,False
twitter_2059238678199926908,test,keep,False
reddit_1tuwb8f_opd3wgi,test,keep,False
reddit_t1_mq6zj63,test,keep,False
reddit_t1_myths9z,test,keep,True
reddit_1u1z88l_oqtgsyt,test,keep,False
bluesky_5f9adce227e8fb1ab0e404654da264f44e8de1bd5f479b681a8ff0382d462519,test,keep,True
reddit_1kti7d3_mttzeo9,test,keep,False
twitter_2059406900933087367,test,keep,False
reddit_t1_mq6qflp,test,keep,False
bluesky_c1cfcb0bd8803519eb86bca34f2eb97696634617006ea5fb711bbe7289241969,test,keep,False
bluesky_00627d49ea1498f0fab3e0f3a2b1caf677064b7d76c8d1154d353446a2500bf5,test,keep,False
reddit_t1_mrbpkdr,test,keep,True
reddit_t1_mx4goor,test,keep,False
twitter_2096980579141186018,test,keep,False
reddit_t1_mwieimh,test,keep,False
reddit_1t4fs97_ok3xved,test,keep,True
reddit_1twgtct_oppcncs,test,keep,False
reddit_t1_mqynpd0,test,keep,False
bluesky_53cabc6596a517a2ad7b3df13a29bc2b9df7c9e126d0709f85dc9f2336469d4e,test,keep,False
twitter_2061271914635805025,test,keep,False
reddit_t1_mvrc4y3,test,keep,False
reddit_1tt0mlj_op0ghjy,test,keep,True
reddit_1tj4vka_on0ackt,test,keep,True
twitter_2061824538585743703,test,keep,True
reddit_t1_muh89c0,test,keep,False
reddit_1lk2jrt_mzphy2n,test,keep,False
reddit_t1_mz1vhm6,test,keep,True
reddit_1trnhrp_ooppz7k,test,keep,False
bluesky_d221018be96ce6d3846d1124fdbd656185ab633de13722954e0ab6c12a8558ad,test,keep,True
twitter_2096694604250722452,test,keep,True
bluesky_c6d7ba158ac2177df758301a66f165ccf2fc9390cb5f4c171cc97448c6a56f41,test,keep,True
reddit_1lhasp2_mz2qd3m,test,keep,False
reddit_t1_mszmfon,test,keep,True
bluesky_19d078f7c2d31ca691aef98751c83f2a236b229adc16f3c767339d0fb63d7c92,test,keep,False
bluesky_84b12cde22479d5238ef06a114e08d0fc9891bc31a4b53050752b87d09a745a5,test,keep,True
bluesky_56b3eadd3f1a6af29a710dc81be60027ca22cf05d51f2410ff976cb926d2e825,test,keep,True
bluesky_9fc33df6704ac895eeae6ece2a416cb36d2c3015232c9b3b2e8c8c0ee6ce9e89,test,keep,True
reddit_t1_mqgjs7z,test,keep,True
twitter_2061470388702376129,test,keep,True
reddit_1lijqz0_mzcgtda,test,keep,False
reddit_1tzdiak_oqc3v51,test,keep,True
bluesky_645d48f340d7610594532483a60a6c14e0b6602f36f48c583bb149cf81a7f61d,test,keep,False
reddit_t1_mqqotjt,test,keep,False
reddit_1tsfgd5_oourqnp,test,keep,False
bluesky_7767d2b8b04cb1f6a95186b806d8565998cef5c6b592f359c54a88f15499c424,test,keep,True
twitter_2061433479535997100,test,keep,True
bluesky_8cbb5b75639928a183f612910fd5d7af8da9e5d5b089dd27f6de67d8ae56da3a,test,keep,False
bluesky_d77e69aec8e28c535d84a7afb01a2593fa2bb86f95a4f7ca5983faa48bef70db,test,keep,True
twitter_2060393140100767757,test,keep,False
reddit_t1_mzwwxzi,test,keep,False
reddit_t1_myufvmz,test,keep,True
twitter_2061497414872162683,test,keep,False
bluesky_d73a57f060b6672f8ea023c9dfbdd764944eec3d8765a8abcddaca87b5a6ed99,test,keep,False
reddit_t1_mvogitq,test,keep,False
reddit_t1_msb0egf,test,keep,False
reddit_t1_mq3scoc,test,keep,False
twitter_2060476075034206458,test,keep,True
reddit_1tle2vc_onfh5nc,test,keep,True
reddit_1th7kwt_omo23ln,test,keep,False
twitter_2061795454069940518,test,keep,False
bluesky_e8b1eea352df650265841b727bbc61a273c6ade2888eea33cffc8c37ef71a912,test,keep,False
twitter_2061493566430482496,test,keep,False
reddit_t1_mxgbcow,test,keep,False
bluesky_f61aadcbd84439a5abdd717d9ab345aabbe6ac232ae594c44cb851e9995e70cf,test,keep,True
reddit_t1_n0hki0x,test,keep,False
bluesky_3de4cf3a349364bef2ed980ab3ce50b8ff7b6fbf78275c73bc127f5834581dc2,test,keep,False
reddit_t1_mrru7ax,test,keep,True
reddit_1ttadso_op1k4ps,test,keep,False
reddit_1llpslt_n04c3in,test,keep,False
reddit_t1_mqq3ozo,test,keep,False
twitter_2061732061648678929,test,keep,True
twitter_2061761301081141331,test,keep,True
reddit_t1_mupbxsn,test,keep,False
reddit_1klo8c8_ms3ugqn,test,keep,False
reddit_1kso68x_mtncait,test,keep,False
reddit_t1_mu2ne96,test,keep,False
reddit_t1_mqr8mmp,test,keep,False
reddit_1tswff0_ooz68s4,test,keep,True
reddit_t1_mxs53dp,test,keep,False
bluesky_4f7ab190f26761384f8b173d9ce50fdb8e5a1f15189ba49e26486858258aff87,test,keep,False
bluesky_49a1a81a24585232eb277d76e5e95f2ac73d980c65227a4f238789017c2f68c5,test,keep,False
twitter_2061523949066850567,test,keep,True
twitter_2061478671794212979,test,keep,True
twitter_2061543743266906414,test,keep,False
reddit_t1_mta8j52,test,keep,False
reddit_t1_mulan7s,test,keep,True
reddit_1l8r8dm_mx6vshw,test,keep,False
reddit_t1_n0kp5zt,test,keep,True
reddit_t1_mzo1le3,test,keep,True
twitter_2061827701716271215,test,keep,True
reddit_t1_mqsisix,test,keep,False
reddit_t1_mw7pe28,test,keep,False
reddit_t1_mwm28k9,test,keep,False
reddit_t1_mrpjx0s,test,keep,False
bluesky_cc3d83a7c9aad1c7170262ab953a8a46e7033f9818b1483804ce50ad2c953456,test,keep,True
reddit_1kcn9uw_mq42gce,test,keep,False
bluesky_3bdd1a948d2167b3d0178c222ab612c7df3f16e58d0a6a6a7d59c7941d97f8e1,test,keep,True
bluesky_020d26d0b2a34bd12b171a46d3d8c1847d9d11f4ab425bc715032fbcc332a630,test,keep,True
bluesky_4e60a985bfdef76f8f12ef53948ba622ba4abbe046bb83e28ed412065303a6ea,test,keep,True
reddit_1tyu1q6_oqc9or9,test,keep,True
reddit_t1_mxtmxhs,test,keep,False
twitter_2060664283910840680,test,keep,True
reddit_1t1zmb4_ojkaria,test,keep,False
reddit_1twd1b6_opqcvuz,test,keep,True
bluesky_598358370479cd388a4fa73cc6ba3305791da5a778c2ce12cf2cf1b3e6ac9e3c,test,keep,False
reddit_1tyet91_oq41f9h,test,keep,False
bluesky_0c8d90936997c90a1ac1a39199c76a7da2ea6ea41c6b6f10e050d9b540d809eb,test,keep,True
reddit_t1_ms0n02v,test,keep,True
bluesky_cb1b0aff03c89885528615801e5cff73b242af7146bbd9b555b99533614d9c47,test,keep,False
reddit_t1_n03q90p,test,keep,False
bluesky_4350062add82fd9b3187a35becbd70043aa091cf0a25a97c11461d0709f4131a,test,keep,False
reddit_1tvp4r1_opkx4m3,test,keep,True
reddit_t1_muf0oh0,test,keep,False
bluesky_e81b02f5b73c2eda595362945610fa1a174b1a38e3915cafe9882fce352a7aba,test,keep,True
reddit_t1_mtq6lvd,test,keep,False
twitter_2061813838413283357,test,keep,False
reddit_t1_mq3vnp4,test,keep,False
reddit_t1_mqj1m4s,test,keep,False
reddit_t1_muquan0,test,keep,False
reddit_t1_n06jzl6,test,keep,False
reddit_t1_mulavp8,test,keep,False
reddit_t1_mrmwmqt,test,keep,True
bluesky_a85353765691d431150167b38051fa5e984254d178582408bc0a0034f92bfc99,test,keep,False
bluesky_a3c0cde542023cb37ab3f51a52cfd6f47aa82d1ece855d5a0114f6da59f0f879,test,keep,False
reddit_t1_mtcqfem,test,keep,True
reddit_t1_n05ecie,test,keep,False
twitter_2061081222676205849,test,keep,True
bluesky_db5a486d9637a79df2c403e3b6085e2ff74028e4c7b95cf855a6a2f170f0e5aa,test,keep,True
bluesky_6d4209adde2c725ae2ea74152566539d9aec3d0839e1f12842697d84f89ff029,test,keep,False
bluesky_aab272516db6bf1fbc5d9cb346ccd843b171995a0d617f24827f442d664404a6,test,keep,False
twitter_2061584001094070764,test,keep,True
reddit_t1_mqipq1n,test,keep,False
reddit_1l8qyw6_mx6tqmg,test,keep,False
bluesky_1d55947f8c1b3823caa0ef17c6177a8abea05a32ca9c52e4081e002f8f78e52d,test,keep,True
bluesky_3c05fbfbe40be892837f39fc03cf7b9d94692b7e7209fba6fe72a07010532a75,test,keep,True
reddit_t1_mrclc3c,test,keep,False
twitter_2096924834068341131,test,keep,False
reddit_t1_mufrvzb,test,keep,False
bluesky_3a89e287af1046a6903a87cb019387e88f91363453c04e47bf3c54202e596808,test,keep,True
bluesky_a38161c918480fc9b77e16d3fd1672f177450a7c95e31b8ca72205286931d920,test,keep,True
bluesky_f21c0380f4503b13e766c3aec36e3c85057ebcf2cfc3e2c73e7c35092f6a2108,test,keep,True
reddit_1th143w_omkt5z7,test,keep,True
bluesky_b5c540d45fcdfe437d7cbbdcf9e488b1c1665e596e9a6f6e2065ceebb31ce3e1,test,keep,False
reddit_1tv4g76_opg6evi,test,keep,False
twitter_2061827037187146230,test,keep,True
reddit_t1_mzrygge,test,keep,True
reddit_1lk9lo4_mzrv40p,test,keep,False
twitter_2059843040454549908,test,keep,True
reddit_1tz4l7k_oq8q7ve,test,keep,False
reddit_t1_mz60vp9,test,keep,False
reddit_t1_myueopo,test,keep,False
bluesky_664919bbcaf125b63a54644580282bfb30f604ba71ac30a83a93d5f8381437d0,test,keep,False
reddit_t1_myoa1k8,test,keep,True
reddit_t1_mt4lbsg,test,keep,True
bluesky_3c4bfc36248930a826b425d44a1992b5d02c45e6668f47fafdd08394804abd25,test,keep,False
reddit_1tuly4n_opamfz1,test,keep,False
bluesky_993786a43e3fecc30508f658027ebb9ad4e726c51aa2e9e822adc35e5c194cd6,test,keep,False
reddit_t1_mvfv7fu,test,keep,False
reddit_1u1z88l_oqtw2zo,test,keep,True
twitter_2061125819653672990,test,keep,True
reddit_t1_n04jpri,test,keep,False
twitter_2060805025644028059,test,keep,True
reddit_t1_muoy279,test,keep,False
twitter_2060184201257689103,test,keep,True
bluesky_16637f3b2aca460b78353003488cb2a83f2b026534f80fc5b9a5cbe295754bf8,test,keep,True
twitter_2061826699898007687,test,keep,True
bluesky_c6bbf54375681e029ae1dd21dc6ce6f93deb69fab59fc40e398615b55829ff29,test,keep,True
reddit_t1_n0hf414,test,keep,False
reddit_t1_myw0wud,test,keep,True
reddit_1kc6k0f_mq2rhmp,test,keep,False
reddit_t1_mwxze8f,test,keep,False
reddit_t1_n0lly84,test,keep,False
reddit_t1_ms5cf2k,test,keep,False
reddit_1tkt56y_onbbwov,test,keep,False
reddit_t1_mwkvvlu,test,keep,False
reddit_t1_mx6y4hf,test,keep,False
reddit_t1_mzn4xw6,test,keep,False
bluesky_fa2b8e152513445da8528c13ee01279067f9d6bc9f41649dd36ab92df8287372,test,keep,False
reddit_t1_mx5gk62,test,keep,False
twitter_2096268423793877084,test,keep,False
twitter_2059171286371422679,test,keep,True
bluesky_12bf5007e428e33636e67ea54a991993a3002704ca3f4ae7b735594cecfb0000,test,keep,False
reddit_t1_mwtz3i5,test,keep,False
reddit_t1_mvlztiq,test,keep,True
reddit_t1_mx163v3,test,keep,False
reddit_t1_msdjrrc,test,keep,True
reddit_t1_n050hob,test,keep,False
twitter_2061831043632525418,test,keep,True
twitter_2061189131783250079,test,keep,False
reddit_1tu3uj9_opbgwo9,test,keep,False
reddit_t1_mwxgwxx,test,keep,False
reddit_t1_mzoy90t,test,keep,False
twitter_2061523174458540210,test,keep,True
reddit_1svtp7t_oiavnw2,test,keep,False
bluesky_a97f6f611fca42037b2afaf4f0d7618358125bd83f265f5e3632ce05746c6dc6,test,keep,True
reddit_t1_msu7ndk,test,keep,False
reddit_t1_mq351k2,test,keep,False
reddit_1lcx3m2_my4id82,test,keep,False
bluesky_edfe5f03e41ddfaaa5ce4554bb803b2eb58625996cafbe68d9dcf94facfe031d,test,keep,True
reddit_1tsvd1m_ooxudnt,test,keep,True
reddit_1liz1et_mzgy881,test,keep,True
reddit_t1_mrnfh5u,test,keep,True
reddit_t1_mt63t6z,test,keep,True
reddit_1kc5vjr_mq0d69m,test,keep,False
bluesky_1893bd398dee3bffd1deda784c088a6033d2e7ca6137ef928589390906a3d20f,test,keep,False
bluesky_074baa02ad594a69802c1c0a3d4efe4e5c441463a1975abac484221a0177096b,test,keep,True
bluesky_9a7bb4ac81c87ef697d4a81c197da431ff4af96d76bbb05c64dccf2323e53f37,test,keep,False
reddit_t1_my0m88k,test,keep,False
reddit_t1_n07iqrp,test,keep,False
reddit_t1_mzhk105,test,keep,True
twitter_2061570429266083857,test,keep,False
reddit_t1_muwl2pb,test,keep,True
reddit_t1_mxzmeeb,test,keep,False
reddit_t1_mr3bat2,test,keep,False
twitter_2061810414711697713,test,keep,True
reddit_t1_msfp4l7,test,keep,False
reddit_t1_msgbfi8,test,keep,False
bluesky_ba0ff9ef7ad008ff3425161f589f755979fc7ad286b01af87130538229590f14,test,keep,True
reddit_1tw6zcr_opnzbsm,test,keep,False
bluesky_cf845deac0e0c1d5522e8e4f42b52219084f5e0407ec9dae4e1d85fb3c35f09c,test,keep,False
reddit_1l688nd_mwnzma0,test,keep,False
reddit_t1_mvc13ww,test,keep,False
reddit_t1_n0by19q,test,keep,True
reddit_t1_mrl2dug,test,keep,False
twitter_2061803908792733952,test,keep,False
bluesky_a534409fb3d91355c7a0e15397de45e5c38e1bdc059440f06e1207eae0cae22c,test,keep,True
reddit_1tux6at_ope1snv,test,keep,False
reddit_t1_mx2g9h2,test,keep,True
reddit_t1_mzxm5qr,test,keep,False
reddit_t1_mx76dbd,test,keep,False
reddit_1rt4yft_oag9d6k,test,keep,True
twitter_2061588167363350641,test,keep,False
twitter_2061302972982636676,test,keep,False
reddit_t1_n0j48ae,test,keep,False
reddit_1tlur1u_onla01n,test,keep,False
reddit_t1_mt2ncak,test,keep,False
reddit_t1_n07iynh,test,keep,False
reddit_1tznn66_oqda6wt,test,keep,True
twitter_2061507553222107277,test,keep,False
reddit_1ti5cqx_omu0snk,test,keep,True
twitter_2061418049232658554,test,keep,False
reddit_t1_my9bfe0,test,keep,False
reddit_t1_myw8i0s,test,keep,True
twitter_2061040872733503871,test,keep,True
reddit_t1_mpy10e9,test,keep,True
reddit_1kgj7n3_mr0h2cg,test,keep,False
twitter_2061468948592460204,test,keep,False
reddit_t1_mx9vlvn,test,keep,False
twitter_2061797073624654019,test,keep,True
reddit_1tgxg10_omvq49e,test,keep,True
reddit_t1_mwl96pi,test,keep,False
bluesky_508dee6b4ae859fbcc908b02c32e4cb72dcca01ebdaabea01a299816efd14a91,test,keep,True
reddit_t1_n03lz7u,test,keep,False
twitter_2061072962426409445,test,keep,True
reddit_t1_mxfplx4,test,keep,False
reddit_t1_mqrzng6,test,keep,True
reddit_t1_muxh24a,test,keep,True
twitter_2061689000214044840,test,keep,False
reddit_t1_n03ji3l,test,keep,False
reddit_t1_mzf376o,test,keep,True
reddit_t1_mxqp65s,test,keep,True
reddit_t1_mqbztjg,test,keep,True
reddit_1tuttj1_opf3fiy,test,keep,False
reddit_t1_mtfo5ve,test,keep,True
reddit_t1_myg2n6m,test,keep,True
bluesky_ce38fa1313549dc5b903ffc29a8f160609c4998afa1464d30ad2e3107b0f84eb,test,keep,True
reddit_t1_mumwbak,test,keep,False
bluesky_60245a74b467bb0cb40226294cc94e8c3740c241c7f8a9a0da17771930696568,test,keep,False
reddit_t1_mxeb3qh,test,keep,False
bluesky_666674660e30c8969b62b462e3c4e7cff284a93acc6ffef3e545c22bd8162b2b,test,keep,False
reddit_t1_mwxdxt6,test,keep,False
bluesky_cf95a7276f543e4b18a94511a7b4d518583f97434933e515f935e0a22760fa28,test,keep,False
reddit_t1_mrd899d,test,keep,False
twitter_2061622945496371351,test,keep,False
reddit_t1_mz1kbz9,test,keep,False
reddit_1tle2vc_onf4l21,test,keep,False
reddit_1t7d5jc_oko9cmd,test,keep,True
reddit_t1_mufl2rg,test,keep,False
reddit_t1_mwnw1ng,test,keep,False
reddit_t1_mthfc37,test,keep,False
bluesky_c71e672f08639f18ff32f1d5394bf1434baa9170ab5c6476c677c9c757fd1372,test,keep,False
twitter_2061673390692315427,test,keep,False
reddit_t1_mz30xr6,test,keep,False
twitter_2061806794683355150,test,keep,False
reddit_t1_mvuljjk,test,keep,False
reddit_1tsx0f1_ooy9c0m,test,keep,True
reddit_t1_myzij4g,test,keep,False
reddit_t1_mwxoll9,test,keep,False
reddit_t1_mriijxm,test,keep,False
reddit_1trbmne_oon44yp,test,keep,False
reddit_1tiu061_omxart6,test,keep,True
reddit_t1_mxty5cu,test,keep,True
bluesky_fdcb4a7abdab33b0d1a9fd367b2fdaccd16e549877b27830b544b8d7670adb34,test,keep,False
reddit_t1_mrcmzxv,test,keep,False
reddit_t1_mz8dtew,test,keep,True
bluesky_31964bf7b866e44c68964dba89b5596e8090083aa8de43ddb589f1841ce9d590,test,keep,False
twitter_2060717062062793151,test,keep,False
reddit_1ti5cqx_omvuygi,test,keep,False
reddit_1tzwh8s_oqg971z,test,keep,False
reddit_t1_muhkjsx,test,keep,True
reddit_t1_mwosydf,test,keep,True
reddit_1t54vlp_ok9aj26,test,keep,False
twitter_2061799984152838157,test,keep,True
twitter_2061787684796764391,test,keep,False
reddit_1twd1b6_opqi9d0,test,keep,False
reddit_t1_mqg4vfx,test,keep,False
reddit_1ko5jgm_msplpkc,test,keep,True
bluesky_67cd6dc0e292f4ec281474f238b9ffe1bfe84d0514daa8513ac42813cef139e0,test,keep,False
reddit_t1_ms6r7a6,test,keep,False
reddit_t1_mueqn56,test,keep,False
reddit_1kcovn4_mq4xlmm,test,keep,False
reddit_1lhbkf7_mz2wjgh,test,keep,True
reddit_t1_mwpfutg,test,keep,False
twitter_2060028651735826768,test,keep,True
twitter_2059665053507555466,test,keep,True
reddit_1u225u5_oqvbe3g,test,keep,True
reddit_t1_mq0ttq1,test,keep,False
reddit_t1_mpyhlom,test,keep,True
reddit_t1_mwx4cbp,test,keep,False
reddit_t1_mve0hkq,test,keep,True
bluesky_1b13ca0f75d3f2f2a363e94aa2848db1c720da5709ea0b29d01ab2272339c23d,test,keep,False
twitter_2060482104081989639,test,keep,False
bluesky_8b45b9eef364a2bbdca8add8872498b5bae0fc79d13c579131b5ecdee737de39,test,keep,False
bluesky_cd098f5c12400658a8d285e377b760730c4b07d426443196cc327e9859f79906,test,keep,True
twitter_2096736106209329599,test,keep,False
reddit_t1_n0bzz6f,test,keep,True
twitter_2061568649367023949,test,keep,True
reddit_t1_mr5ppu1,test,keep,False
reddit_t1_mtpd99a,test,keep,False
reddit_1l76x11_mx0cxkp,test,keep,True
reddit_t1_mv3u2mx,test,keep,True
twitter_2061796837221351432,test,keep,True
reddit_t1_mym0c24,test,keep,True
reddit_1t4fs97_ok3i5l0,test,keep,False
twitter_2061825518828450001,test,keep,True
reddit_t1_mt65tt5,test,keep,False
reddit_1u0oc51_oqp3qhu,test,keep,False
twitter_2061517421941326091,test,keep,False
reddit_t1_myd1hsz,test,keep,True
reddit_t1_muirorb,test,keep,False
reddit_t1_mut8woh,test,keep,False
reddit_t1_mtor7qd,test,keep,False
reddit_t1_mpyp3ia,test,keep,False
twitter_2061434544780095931,test,keep,True
bluesky_b4f833c3b9fa53478768ef028790c99641b4342176ba5a07409b50cd15901202,test,keep,True
reddit_t1_msp4nj2,test,keep,True
reddit_t1_mqb436y,test,keep,False
twitter_2095903288243720493,test,keep,False
bluesky_fc30d5390c1ebccd11f7754208b303ce58c2f323bb80fb0bd7718f8b817961e9,test,keep,False
reddit_1u0oc51_oqlgwrv,test,keep,True
twitter_2061219723778380164,test,keep,True
reddit_1tvmfag_opiwe2j,test,keep,False
bluesky_9c25a1499921b9489a647ab3af381253a4979b95f10b45fa3c4990c0641c8726,test,keep,False
reddit_t1_mwt5olq,test,keep,False
reddit_t1_muaa5u3,test,keep,False
reddit_1tp5g11_oo64hdy,test,keep,False
bluesky_90ff3f7cda8edbaba2c370f976ba14123e5367eafd3e12b1c22b04c1698b6bc7,test,keep,True
twitter_2061775665439887400,test,keep,False
twitter_2061661447411933268,test,keep,True
twitter_2096744351749837100,test,keep,False
reddit_1ttui2j_op5wnwg,test,keep,True
reddit_1tuzkhw_opdgv6s,test,keep,True
reddit_1u12ug8_oqnrtpe,test,keep,True
bluesky_062e3dc9b3b74ea7fa1b18d7e9e185ee3fdcdc3aea039400ab9ef963ecfcea6a,test,keep,True
reddit_t1_mwavi23,test,keep,False
reddit_1kvre70_mubmqv9,test,keep,True
twitter_2061109829217775771,test,keep,False
bluesky_e533f6be85acf73d9ae5fe32edb92372d7df7c1b193a988184c249d7a093b3cc,test,keep,False
reddit_t1_mrm2zs9,test,keep,False
twitter_2060488501456461831,test,keep,True
reddit_t1_mx24hid,test,keep,False
reddit_t1_mx4sc0e,test,keep,True
bluesky_29f282aa918e99746ff0a1c5aca30f51d705112315be599081f2e30b64d48543,test,keep,False
twitter_2096641862711054697,test,keep,False
reddit_t1_mq88bqr,test,keep,False
reddit_t1_mz31q6v,test,keep,False
bluesky_3b4420f527f7df52d445b99213ca618221fd66d118db178a4d114eb658c38943,test,keep,False
reddit_t1_mx5samj,test,keep,False
reddit_1trbfkm_oowv2gb,test,keep,False
twitter_2060134828335321560,test,keep,False
twitter_2059951411949912289,test,keep,True
reddit_1tsgnti_oox806k,test,keep,True
twitter_2061480209233158383,test,keep,True
reddit_t1_my6zo92,test,keep,False
reddit_t1_mwup79a,test,keep,False
twitter_2061429755770273986,test,keep,True
reddit_t1_my45p6d,test,keep,False
reddit_t1_mzso7kf,test,keep,False
twitter_2061792877794009325,test,keep,False
reddit_1tiody8_omwwf7v,test,keep,True
reddit_t1_mw8hxzy,test,keep,False
twitter_2061776357445566791,test,keep,True
bluesky_e24047be0fa79d44ed022b7663fadf8f4d0c36bec9c615c74ffb77c422610c49,test,keep,False
bluesky_ea3f60ad14d362c3f7294cd1435dc454fea9401641251a30b87d1e82b37158d0,test,keep,True
reddit_t1_mv4883v,test,keep,False
twitter_2061807252458135712,test,keep,False
twitter_2061568181806723538,test,keep,True
bluesky_fff4f5de08bb09ed6b1579733970adebd5e8c1349a650f363f6329e52feadeca,test,keep,False
reddit_1kepnk3_mqkuv2r,test,keep,True
bluesky_a9783e55eda3748da37362976eb57e626a43fef76687f38ab08413979b4ac841,test,keep,False
reddit_t1_mqqcbcw,test,keep,False
twitter_2061594643284791751,test,keep,False
reddit_1th143w_omk9l50,test,keep,False
reddit_t1_n0g763s,test,keep,False
bluesky_0a6898dcf2e94f7d0f9a984ab634ab4f1405bcd1b02d6299d7580404ac77ebf5,test,keep,False
reddit_1tig64l_omvav6s,test,keep,False
bluesky_0d7020ddee0f1448a07209aa5d80c8ca5ab99c134e88000d0c27e46637702ce7,test,keep,True
twitter_2061825162258100264,test,keep,True
reddit_t1_mvzdo9x,test,keep,True
reddit_t1_mrso5gj,test,keep,False
reddit_t1_mq1frez,test,keep,False
reddit_1kfz5qd_mqwat9g,test,keep,False
reddit_1u08bq4_oqhayw3,test,keep,False
bluesky_6b29c482ea78b819e0376a340dd3df52b9c61d65577600396d4cf64eee6f073b,test,keep,True
reddit_1two3nw_opql2mh,test,keep,False
reddit_t1_ms340u7,test,keep,True
reddit_t1_mxrpm0i,test,keep,False
bluesky_265989c226f15adc392d904c714059c7fb2781178612d87d923d088ba188326c,test,keep,False
bluesky_a4c1a505c80a4cc27d2741d04c99d7c35f91edc6c66baff6f95f476ce31f04a1,test,keep,True
bluesky_0124cf953eceb26614c7a5439a94d734a5e9ba3378b3dae5b4b9debc827b8aa9,test,keep,False
reddit_t1_n078ieo,test,keep,False
reddit_t1_mylzis3,test,keep,False
reddit_t1_mwwo9i3,test,keep,False
reddit_1ttmc22_op663s9,test,keep,False
bluesky_afb83dc49ea03fa8dd393e7e10110236755ed716a772f57d6f716c4b3530f316,test,keep,False
bluesky_5217bb1fcb9fafb438c355e358a6835ca021388438550707fc11d8799432460b,test,keep,False
reddit_t1_mt51n3n,test,keep,False
twitter_2061778139169132810,test,keep,True
reddit_1tzs7nk_oqd99fs,test,keep,True
bluesky_ff54abd776df2607f09178261edc732621fe35238aee219c1567ee4b46407d77,test,keep,True
twitter_2061025922933772734,test,keep,True
reddit_t1_ms7vnij,test,keep,False
reddit_1u16m18_oqot296,test,keep,True
reddit_t1_myb5qb0,test,keep,False
reddit_1kddmh1_mqan713,test,keep,False
reddit_1tzs7nk_oqdwasa,test,keep,False
twitter_2061822794435060138,test,keep,True
reddit_t1_mshw5yw,test,keep,True
bluesky_24f77bed10d4cf9408b03a978ff14e31e0828b97f6fbf498fa0d9e6b16cd7853,test,keep,False
reddit_t1_mttlgoq,test,keep,False
twitter_2061825438020747300,test,keep,True
reddit_1thqwmy_omriwtu,test,keep,True
reddit_t1_mpyq5g3,test,keep,False
reddit_1lems1m_myhngjl,test,keep,False
bluesky_0f126cde9352dcf2a8cc53be22619baf99f3012503e40381c68952e3d26be8ab,test,keep,False
reddit_1tklc7j_onfewyg,test,keep,True
reddit_t1_mzs4nq4,test,keep,True
bluesky_6cac6dbb8114bfba673c4043f9bde7c692c3d414e5bd66460700feb783a8510a,test,keep,True
twitter_2096244050756092170,test,keep,True
reddit_1l1l5gi_mvndgnt,test,keep,False
twitter_2061559005034479762,test,keep,True
reddit_t1_mzmeupa,test,keep,False
bluesky_816d15def235ef603346cef95479c4516aa6f14a3565951d0ecf7c403b92ffc6,test,keep,True
twitter_2061548552619192428,test,keep,True
twitter_2061824121835860307,test,keep,False
reddit_t1_mvzx2pg,test,keep,False
reddit_t1_mry3o45,test,keep,True
reddit_t1_mu7lq5k,test,keep,False
twitter_2060748379836063996,test,keep,False
bluesky_8f7c15208ff671968ff96da0d62003e739d83223e579f5b9f2a9e2b8689e13d4,test,keep,False
reddit_1l4xvti_mwdbcuu,test,keep,False
bluesky_274a4c7271fe779d8de12d9c551fd9a80d64de3d1929c9a90ea13aa43b67c70c,test,keep,False
reddit_1t1zmb4_ojl7x06,test,keep,True
reddit_t1_my9o4p2,test,keep,False
reddit_t1_mwvs0a9,test,keep,False
reddit_t1_mr1x7b1,test,keep,True
twitter_2096714869403787605,test,keep,True
reddit_t1_mwpoapy,test,keep,False
bluesky_cc59a63453d44efcf9148040120e9cde6d7423470ada17acfe48864f57bf3c25,test,keep,False
twitter_2061809290281619509,test,keep,True
bluesky_3ef4942a6dc0c4017ac0897bf0cfd1640bad9aeef08cd430e5a7e367691d7c9a,test,keep,False
reddit_1tnobm9_oobievf,test,keep,True
reddit_t1_mr1zvvx,test,keep,False
reddit_t1_mrfmwt0,test,keep,False
reddit_1u0o8sa_oqjpn78,test,keep,True
bluesky_05788deba29ff129a408688e0151b9e79d22c0b6083603090105e81e81088825,test,keep,False
twitter_2060547735053361344,test,keep,False
reddit_t1_mqiwnnp,test,keep,False
reddit_t1_mr4jmym,test,keep,False
reddit_t1_mwos9ur,test,keep,False
twitter_2060968801567678581,test,keep,False
twitter_2060819591928889562,test,keep,False
twitter_2061803843483287608,test,keep,True
reddit_t1_ms82h9y,test,keep,False
reddit_t1_mu1xq93,test,keep,False
bluesky_b5305c80bcf5106d9c96ca1dc04a43981bbb32592aaab85bee6a33877987486b,test,keep,False
twitter_2060407479054602699,test,keep,False
twitter_2060752436785303888,test,keep,False
reddit_t1_mtogmn4,test,keep,False
reddit_t1_myd3rh6,test,keep,True
reddit_1u0y79a_oqtgzr8,test,keep,False
reddit_1u0ffqm_oqhr9o4,test,keep,True
twitter_2061315883415556564,test,keep,True
bluesky_3d22242d118ba4157861a4f64bf6114bf2ebaa872fec4dc6ea98b8e6b1b4d2c4,test,keep,True
reddit_t1_mt6at0v,test,keep,True
reddit_1l7fyn5_mwx674y,test,keep,True
bluesky_39110601a53f8ff333c4f6b32224b37088e333149631b79316cb11da7d70acd1,test,keep,True
reddit_t1_myie01t,test,keep,True
reddit_t1_msy527o,test,keep,True
twitter_2061758605569733096,test,keep,True
reddit_t1_mqxu41f,test,keep,True
reddit_t1_mrc8kug,test,keep,False
bluesky_788363cc2cb7cd9884e7ec3b126636857bea5263e635fca019ec7e362e6bb64a,test,keep,False
twitter_2096669466050650347,test,keep,True
twitter_2061471721769615564,test,keep,True
reddit_t1_mwrf9dg,test,keep,True
reddit_1u2pvqp_or13k7z,test,keep,False
bluesky_ab91a0af7b35599204e6a84e4fef773516eb2a5ced70086a991a9a79a842fc01,test,keep,True
reddit_1ko3yf3_mspaxuq,test,keep,True
reddit_t1_mt1r5le,test,keep,False
reddit_t1_mre7hf8,test,keep,True
bluesky_b1a7afe05e21448dcb98be1eb83402aeed09e0e553cb6ae1234387d8b912b127,test,keep,True
twitter_2061578316692222341,test,keep,False
reddit_t1_my5728l,test,keep,False
bluesky_04a6d08b014e228e972ebe258a6204b83dcb9c8ec0b853f01ca6b4b9dde67076,test,keep,False
bluesky_75a009392f501379ee0f32673b918aa9982669f99809915a570433fc923125dc,test,keep,False
twitter_2061148360015553013,test,keep,False
twitter_2096550384978341970,test,keep,False
reddit_1kea73w_mqhl5e2,test,keep,False
reddit_t1_mzqyut4,test,keep,False
reddit_1ll25sk_mzwnxnr,test,keep,False
twitter_2061213441721876988,test,keep,False
reddit_1t1x818_ojndtg6,test,keep,False
twitter_2061825687313383644,test,keep,True
reddit_1kgrze0_mr2cyk5,test,keep,False
reddit_t1_mz0ev87,test,keep,True
bluesky_7b0f58fc076e578c1ee8c69790db1cbbc2ee2af5895b9ad8a26701cd55dc6565,test,keep,False
reddit_1tjno36_on3vycj,test,keep,False
twitter_2061273316531573203,test,keep,True
reddit_t1_mxhw9k4,test,keep,True
twitter_2059491408978039239,test,keep,True
reddit_t1_mzp2ah8,test,keep,False
twitter_2061476603465478202,test,keep,True
reddit_t1_mz2nlif,test,keep,False
reddit_t1_ms4g64f,test,keep,False
reddit_t1_mwpoxch,test,keep,False
reddit_t1_mregnbt,test,keep,False
bluesky_29871430e09d36907fee515d41fb38e8bfa5a8b1443d5e84692e98fbf3f16226,test,keep,True
reddit_t1_mqy9qjo,test,keep,False
reddit_t1_mti1nnm,test,keep,True
twitter_2060655212033937558,test,keep,True
reddit_1l40r8e_mw5j60y,test,keep,False
reddit_t1_mr6ud52,test,keep,False
twitter_2061819829414203531,test,keep,False
reddit_1u2pvqp_or18dsl,test,keep,False
bluesky_3fecf553ee1e02d0305d4a7ce1624cfae9e029b4a92b735e66a4afe1c5110bce,test,keep,False
twitter_2060820792959545423,test,keep,True
twitter_2061501689811873905,test,keep,False
reddit_1ts8q7t_ootph1v,test,keep,False
reddit_1tt6o9m_op0j3gt,test,keep,False
reddit_t1_mw6iqvl,test,keep,False
twitter_2096345032462627004,test,keep,False
reddit_1lhaiqa_mz6eag8,test,keep,False
bluesky_04525dd6fbbab1605d1e5296866566f7320f9c42ee6da2dd39b19e14f944f9dd,test,keep,False
bluesky_8fd053324b2b80ba565b5aca7ed33a28587bdea2f5f041af53e8794c7061aee2,test,keep,False
reddit_1txnqc1_oq0hn26,test,keep,False
reddit_t1_mybsty7,test,keep,False
twitter_2096668928864883044,test,keep,False
bluesky_ca363e3591404cd00c2bbac7d4f45aeb7174feb5abe6bcd527d49bb0633ec611,test,keep,False
reddit_1tvywom_opkrf4h,test,keep,False
twitter_2061825171644686783,test,keep,True
reddit_t1_n0nhf56,test,keep,True
twitter_2061324018263720219,test,keep,False
reddit_t1_mq8eifd,test,keep,False
bluesky_7f22728ed08a9d19c390575db8bc82fad52f666860f3752737e29bdf5d029e76,test,keep,False
twitter_2059301074125644151,test,keep,True
reddit_1tqrtho_ooorn5g,test,keep,False
reddit_1til7dr_omw78x3,test,keep,False
bluesky_e9b903c9328d2747a850af973749a2e679d1990ec2daa791517135b048835497,test,keep,False
reddit_t1_mwcrhmf,test,keep,False
reddit_t1_n0j5qh1,test,keep,False
bluesky_f405ddf36d8b65c2eb2f5987eb51c5f5f1aa3af2b86940f828cb61283a9218e3,test,keep,False
reddit_t1_mxh5eb8,test,keep,False
reddit_1tikf90_omwt7f6,test,keep,False
reddit_t1_mreuxqb,test,keep,False
twitter_2059446194892378588,test,keep,True
bluesky_7f22d735a50b5f08a4b2086601afc3a515afc243dd64241ebfbee619ea67edfd,test,keep,False
reddit_t1_n08tddy,test,keep,False
twitter_2061766701021081758,test,keep,False
reddit_1u2194a_oquyos3,test,keep,True
reddit_t1_mru55cl,test,keep,False
reddit_t1_mxd0b46,test,keep,False
reddit_t1_mwz0snp,test,keep,False
reddit_1tsyeyo_oozyo2c,test,keep,False
reddit_t1_mwwo8d0,test,keep,False
reddit_1thqwmy_omrlbbj,test,keep,True
reddit_t1_mx4ux7x,test,keep,False
twitter_2096804179134001624,test,keep,False
reddit_t1_mx8pior,test,keep,False
bluesky_1f8613052a03b0077eabad599140a03c6a1f363d18f9263b8d0972bf0dcdf759,test,keep,True
reddit_1u2almy_oqwt336,test,keep,False
reddit_t1_n03rm03,test,keep,False
bluesky_c5ab83f6a76473fe5502528875374998dc1e5c51385d2edd295bc05a3d8b9818,test,keep,False
twitter_2061473448946250097,test,keep,False
reddit_1ln4vc3_n0dcvf2,test,keep,True
reddit_t1_mvo15iv,test,keep,False
reddit_1ttbe3e_op1bk2m,test,keep,True
bluesky_4aaa5617ba8d8f23cccee6f95b3bbcb381c1781e2720f8c9588212bc953d8def,test,keep,False
reddit_t1_n05g8cy,test,keep,True
reddit_t1_mwrodoh,test,keep,False
reddit_1t9j11f_ol2slt0,test,keep,False
twitter_2061079336824811591,test,keep,False
reddit_t1_myhpmsx,test,keep,False
twitter_2061773943711945058,test,keep,False
twitter_2061574701646856430,test,keep,False
reddit_1u1nsuy_oqr9qkb,test,keep,False
reddit_t1_mxd7e5p,test,keep,False
reddit_t1_msaxiqr,test,keep,False
reddit_t1_n0lsfsn,test,keep,False
bluesky_14f42613d43595e9f30c47cd7d9991cf73621c5ee2b4aea11ff6f92a32e075dc,test,keep,True
bluesky_74d83f9eb65c0d52c049138785bfa4f87f8c45aa9eb8d81653d6fbf9b5fba04c,test,keep,False
reddit_t1_musyr28,test,keep,False
reddit_t1_msks3dv,test,keep,False
reddit_t1_mz3f6c3,test,keep,False
twitter_2060898053775589600,test,keep,False
reddit_t1_msfjg7l,test,keep,False
reddit_t1_mtn53p4,test,keep,False
reddit_t1_mx88t79,test,keep,True
reddit_t1_muw83jd,test,keep,False
reddit_1tbymrb_olo9q6f,test,keep,True
reddit_t1_mtdfewe,test,keep,False
reddit_1ttbe3e_op1kep3,test,keep,True
reddit_1th143w_omm015k,test,keep,False
reddit_1l2ndoc_mvw0v7t,test,keep,False
reddit_t1_mu1aupb,test,keep,True
twitter_2096667353442373809,test,keep,False
reddit_t1_mu71imc,test,keep,True
reddit_t1_n0l4rfs,test,keep,False
twitter_2096675314218999995,test,keep,False
bluesky_0957c1b9f8d6fa2f6e8f8f5beb2402abeb6cf0d39ab03fac58647733e807b2a4,test,keep,False
reddit_t1_n0a26h3,test,keep,False
twitter_2061437621268877549,test,keep,True
bluesky_bbf86ecd25c26c90b4ea4044c18375c1888bcd1f385a5d74c48b6d33d96f7658,test,keep,False
reddit_t1_mxl2d04,test,keep,False
reddit_t1_mz3uowb,test,keep,False
reddit_t1_mt66es6,test,keep,False
reddit_t1_mwtskls,test,keep,True
bluesky_b3b0ef2891530ba090ae88f31a4fecd81093b2b732b9a0cc83f2e3c8db40bc6a,test,keep,False
reddit_t1_mt84n6k,test,keep,False
reddit_t1_mtd6blz,test,keep,False
twitter_2061534578276261990,test,keep,False
reddit_1tv7vfu_opidykx,test,keep,False
twitter_2059442958579999162,test,keep,True
bluesky_3e9d5c602d2c9419e3ff95596b7aa0abb34fa08370530593d35c26b35d1f6374,test,keep,True
reddit_1tsj7e8_oovsa9y,test,keep,False
twitter_2060183092183339183,test,keep,False
twitter_2061137893171642857,test,keep,False
reddit_t1_mrma797,test,keep,True
twitter_2061788979091890436,test,keep,False
reddit_1tpehvg_oo8ftr6,test,keep,False
twitter_2060720358706086127,test,keep,False
twitter_2061477488312881622,test,keep,False
twitter_2059787257481978068,test,keep,False
reddit_t1_mu0bdm5,test,keep,True
reddit_t1_mzvyzj0,test,keep,False
twitter_2061783615575413245,test,keep,True
reddit_t1_mv3eas1,test,keep,False
reddit_t1_mri0873,test,keep,True
reddit_1lflf8j_myrcho3,test,keep,False
reddit_t1_myppc1f,test,keep,False
twitter_2096753689578934332,test,keep,True
reddit_t1_mqhkh8e,test,keep,False
reddit_t1_mr2gqol,test,keep,False
reddit_1lkj9on_mztpjxk,test,keep,False
reddit_t1_muuyggw,test,keep,False
bluesky_6ec563c1fa8e709068c754272671fabb1f15a582cd22dd713a3b0a6b6536ffda,test,keep,True
reddit_t1_mujlw78,test,keep,False
reddit_t1_mulq7kb,test,keep,True
twitter_2060403946406150432,test,keep,False
reddit_t1_mt0ot7g,test,keep,False
reddit_t1_mxs8gd1,test,keep,False
reddit_t1_mupd9wn,test,keep,False
reddit_t1_mssu7jm,test,keep,False
bluesky_5801c3981d9ef0b0ea39ba0ffc3dd813b819761ef715d3164b1599cfbcfb4a38,test,keep,False
reddit_1krncfs_mtlhica,test,keep,False
reddit_1th143w_omkfs3u,test,keep,False
reddit_1t1zmb4_ojl8680,test,keep,False
bluesky_6614ab804624e094dbf6c019ba8f6a3ca54481cdc8bbf66ffd4747094c017046,test,keep,True
bluesky_d8b4292e2340bbefcad4fca6440422c5aad8a1f4420ca6da9249116bb0ffbc41,test,keep,False
bluesky_ef595919d0d73cf9fca931bc173521fccbf0e0094afaa64e8cff862c8ec7daf3,test,keep,False
twitter_2061711514198003928,test,keep,True
reddit_1trbfkm_oosawny,test,keep,False
twitter_2059101549196955978,test,keep,False
twitter_2096766432113475855,test,keep,False
bluesky_86096e9ce0ad2b62ae0df5c98513bd00ccec514fba59282c45bc2796435978a2,test,keep,True
bluesky_5abb00d9c158713b55c2d97d043d9c2ec331f0c2a258198d067091ff8ebe5737,test,keep,False
reddit_t1_mzwf3lb,test,keep,False
reddit_1kyhh4p_mv0g3dg,test,keep,False
reddit_t1_mq7eawe,test,keep,False
reddit_t1_ms6qdtv,test,keep,False
reddit_t1_mwo8yhx,test,keep,False
twitter_2061568324186632424,test,keep,True
bluesky_17830d12e46355cc01add6f71013a329be6703eb1556c56ec29d7d20f0795dec,test,keep,False
reddit_t1_mvvfxns,test,keep,True
reddit_1tux6at_opgsno5,test,keep,False
bluesky_7ce98312ac5c87f1278d52e5f6dc1c2065816007f7fe4a5ba51b5cd457d2a98e,test,keep,True
reddit_1tgafkf_omg68yj,test,keep,False
bluesky_51be12f039519740ad32f0e369e1e0d99b6f79fa6b4ced7bb900a0f4401c3936,test,keep,True
reddit_1ti75h1_omsi2rp,test,keep,True
reddit_t1_muf9m7w,test,keep,True
reddit_1txopv4_opxyx4i,test,keep,False
reddit_t1_mx4ngl2,test,keep,False
reddit_t1_mwm6z28,test,keep,False
reddit_1tstha7_oozu5q8,test,keep,True
reddit_t1_msi2ilu,test,keep,False
reddit_t1_mtn5le2,test,keep,False
reddit_t1_mwe2txo,test,keep,True
reddit_1ti6ied_omuzlen,test,keep,False
twitter_2060847867166605378,test,keep,False
reddit_t1_my8pba1,test,keep,True
reddit_t1_mx60agf,test,keep,False
twitter_2061580924731744377,test,keep,True
reddit_t1_mtkctgq,test,keep,True
bluesky_787ac3daf20103cba0779d2f3d57222a9a316bc263b5fe821f5311ad12c19c02,test,keep,True
reddit_t1_mu7iwm0,test,keep,False
reddit_t1_mzd5bpo,test,keep,False
reddit_1l6g0yr_mwoztq7,test,keep,False
twitter_2061802575922639275,test,keep,False
bluesky_03bc53c909bf8b8cc26e1dedbcfde52a826709dbb589eb26721ee1d682a2cce4,test,keep,True
reddit_t1_n0h8f5r,test,keep,False
reddit_1tv7vfu_opfq77z,test,keep,False
reddit_t1_mx8izwl,test,keep,False
reddit_1tt99ox_op0w5hn,test,keep,False
bluesky_fd233a14f4cbccc81f600180d70740b62967ea558a01c5335fb2ec853b0769aa,test,keep,False
bluesky_7008386db8e05bcc9afe8f8361aedac4fd403218789547458a9b9da74ac2981d,test,keep,True
reddit_t1_mz2pu8e,test,keep,False
reddit_t1_mshoti7,test,keep,False
reddit_1kv518g_mu8leqr,test,keep,False
reddit_t1_mzgjdi2,test,keep,True
reddit_1tbfpk8_olllx7a,test,keep,True
reddit_1twq42a_opqjqgl,test,keep,True
reddit_t1_mxah4f0,test,keep,False
reddit_1kgvslf_mr287e2,test,keep,False
reddit_t1_mxvnpx6,test,keep,False
bluesky_85554f83e087321ce6af054612cefd2e8d988dd6385cfaf64f80b7b1562e91ae,test,keep,True
twitter_2059267134241280444,test,keep,False
reddit_t1_mz2dt08,test,keep,False
reddit_1txnqc1_opxmj4l,test,keep,False
twitter_2060440109841821962,test,keep,True
reddit_t1_myniuhy,test,keep,False
reddit_t1_ms71qwm,test,keep,False
twitter_2059284417420698037,test,keep,True
bluesky_260dfd5077024a4ab90170447389d8094a953f146c028b7d32e72d902d32eeb8,test,keep,False
twitter_2097107700568240471,test,keep,False
reddit_t1_muk3t98,test,keep,True
twitter_2061825883611218336,test,keep,True
bluesky_04deee2d1adb38d7a097ba56c40478506fea06c0928b760a4b912fc0fd63ec18,test,keep,False
reddit_t1_mz33o6f,test,keep,False
twitter_2061806410602615017,test,keep,True
reddit_t1_mwp951l,test,keep,False
reddit_1tt31k9_op069do,test,keep,False
reddit_t1_n0ad6zz,test,keep,True
twitter_2061442434744160701,test,keep,True
bluesky_62684316dee0fb8866aab1bad467fd231cac683146a69d185c4e44fb3e948e53,test,keep,True
reddit_t1_mwycrzt,test,keep,False
bluesky_810f8fa05b84b6610485cf862935d243a850693559871a591d35e308b6e5bc38,test,keep,False
reddit_t1_mybntfo,test,keep,True
reddit_1ttnjf7_op4ug94,test,keep,False
reddit_1tws6al_optiqie,test,keep,False
reddit_t1_mx55xq4,test,keep,True
reddit_t1_mynq7k0,test,keep,False
bluesky_36010f60ba4bcf05d4f816e13d4bd02bf523d2e54170cbce541f75037a8c449f,test,keep,True
reddit_t1_msiknvi,test,keep,False
reddit_t1_mt3wcjq,test,keep,True
reddit_t1_mwmc7qf,test,keep,False
reddit_t1_n0ahjmw,test,keep,False
reddit_t1_mq8hsup,test,keep,True
reddit_1ttsfrd_op62708,test,keep,False
bluesky_f89d7bc0875f6da5011f96a998f9faa78113b83e4606f66e69e3f005197419be,test,keep,False
reddit_t1_mtocy8t,test,keep,True
reddit_1tvumlg_opjyiw2,test,keep,False
reddit_t1_mq53quf,test,keep,True
bluesky_216b1331b73a561f097a46a67a800d815f6f330135588c1b00dd81021a77bd22,test,keep,True
reddit_1tt8k9j_op0sd3q,test,keep,False
reddit_1tw6zcr_oppbi90,test,keep,False
bluesky_7760121a0abf527bbc315cc3df53be46804b95cc041acd5523c2912e74e5269f,test,keep,False
reddit_t1_mu28srz,test,keep,False
reddit_1knep98_msnqjhj,test,keep,False
reddit_t1_mw7mvw1,test,keep,False
reddit_t1_mv9xuv0,test,keep,False
bluesky_a3fff55f331d7429e1644acf45dca2d9b1885299dfff5aca3f76748ce55aacf4,test,keep,True
reddit_t1_mzfr5my,test,keep,False
reddit_1tsv1fn_oozdi95,test,keep,False
reddit_1tt3m71_oozuigz,test,keep,False
reddit_1lj8oo7_mzirbde,test,keep,False
twitter_2060708592177623356,test,keep,False
bluesky_52b13dd3b9494d153d1a2dfaace31dec5c3871a78c9f0a93b71b710b1033a63e,test,keep,True
bluesky_0e9c9a8b821c873337c71fceb028449ebc108ce56c008a98f80fdd2f244ac659,test,keep,True
reddit_t1_mumruiq,test,keep,False
bluesky_fdc81aee2a6b76b05b9db704f9f9cbe4c58ee554e7838d679f3f9d0f5d5a2a57,test,keep,True
twitter_2060419436650086518,test,keep,False
reddit_t1_mxvd0iv,test,keep,True
reddit_t1_ms5vpul,test,keep,False
reddit_t1_mthuzx2,test,keep,False
reddit_t1_muifrps,test,keep,True
bluesky_e9d98d5629ce4e32be320c9bbba2a333532af67533fec89c5de397a6c4f02abd,test,keep,False
bluesky_7811e623d87a1d1975cbc6f6b7ba99bed4292d82d0a5298874cb139abe6f1328,test,keep,False
reddit_1u1fnvf_oqptj4q,test,keep,False
reddit_1teskmx_om9c5b3,test,keep,False
reddit_t1_mtf7h5d,test,keep,False
reddit_t1_mryi64x,test,keep,False
twitter_2061806609043542114,test,keep,False
reddit_t1_mx8g6ql,test,keep,True
twitter_2061828063453651221,test,keep,True
reddit_1twtvqy_opwadp1,test,keep,False
reddit_1lj8oo7_mzjbbsq,test,keep,False
reddit_1tz4l7k_oq8pi8w,test,keep,False
reddit_t1_n0mgusj,test,keep,True
reddit_t1_mzxazpf,test,keep,False
reddit_t1_mtkfodw,test,keep,False
bluesky_fecca7ff2779998bfcc78c8c8c9219bc3ff4176d95e703eade55acf7f358b3bb,test,keep,False
reddit_t1_my5sye2,test,keep,False
reddit_1lnjf58_n0jxmcx,test,keep,False
reddit_1t7hgak_okrgjpn,test,keep,False
reddit_t1_mx5brr1,test,keep,False
bluesky_b335a8ab4674dc9cb2accc2348e56a08e7b8231c0a8f5ce815e4def053b14ed3,test,keep,False
bluesky_d56d4c5bc73ee8c1e514de6b09ae9fe3996dc8653cd74a4797e57648de8fc12d,test,keep,False
reddit_t1_mwx6bmt,test,keep,False
reddit_t1_mspighb,test,keep,False
reddit_t1_mukva3t,test,keep,False
reddit_1u008ep_oqfed75,test,keep,True
twitter_2096920185244389785,test,keep,False
twitter_2061827930733363514,test,keep,True
twitter_2060336361178087728,test,keep,True
reddit_1tzdiak_oqabfye,test,keep,True
reddit_t1_mxcq7v4,test,keep,False
reddit_1li1vg1_mzb512z,test,keep,False
reddit_t1_muol9yu,test,keep,False
twitter_2061545662307561682,test,keep,True
bluesky_9b1ccc2138afc1218d6de1414712e9bd2516700486d347d6522fc9fa1bd09b54,test,keep,True
reddit_t1_mt7i6f6,test,keep,False
reddit_1ld36t6_my5zoeb,test,keep,False
reddit_t1_n0c734a,test,keep,True
bluesky_5ffa21c24dad5e44f167e709f7de974d49b1e8c0acee82d075442ced7580b42c,test,keep,False
twitter_2097081944605388838,test,keep,True
reddit_1tsxfco_ooyzye9,test,keep,False
reddit_1tn7lg4_onsowag,test,keep,True
twitter_2059743706303832512,test,keep,False
reddit_t1_mvs04iq,test,keep,False
twitter_2097040861582540975,test,keep,False
reddit_t1_mxg222l,test,keep,False
reddit_t1_myfomr3,test,keep,False
twitter_2061186409046663457,test,keep,True
reddit_t1_mzpqz3j,test,keep,True
bluesky_8c3c5c7b2fdd8b4504f526c1c2ca1dd79202d3a1a3645f08714c8516ec766d90,test,keep,False
reddit_t1_mway74z,test,keep,False
bluesky_ec13ad9ea1c2ffb77b4d288db8d42d1c87eb6fcd7a02900ce0fdd6bf3df6a68c,test,keep,False
bluesky_f4e6b6ab5a437dbc372137838d9534b895a1c30de509aec27181c8f733005b31,test,keep,False
reddit_1tr0y3m_oomn4t3,test,keep,False
reddit_t1_muj0r7m,test,keep,False
reddit_1t68wht_okfqxg6,test,keep,False
reddit_1tv1z4j_opegbsl,test,keep,True
reddit_t1_myawoyo,test,keep,False
reddit_t1_mthskbx,test,keep,True
reddit_t1_mt7pj4d,test,keep,False
reddit_1tw0vcu_opky6he,test,keep,False
reddit_t1_mqek6xp,test,keep,False
reddit_1tzs7nk_oqda87x,test,keep,False
reddit_t1_mshlaqe,test,keep,False
bluesky_3a5b36b6b30a347cfb4503b37bfcc0ac5b39c89c9ad8ca654dee670959cc729f,test,keep,False
bluesky_1eb48d78d1e72a5d140eb184c4584fe528e5acbb7c60e2b871af2f811edf6502,test,keep,False
reddit_t1_mszo40d,test,keep,True
reddit_t1_mspxmv0,test,keep,False
reddit_t1_mql4dhq,test,keep,False
bluesky_1a0c1db4b2031fa0561213d58eb39dfaa2e9a979b6fd382733279e49a464b9e1,test,keep,False
reddit_t1_mwn00xg,test,keep,False
reddit_t1_msw2ont,test,keep,False
reddit_t1_mw7w90t,test,keep,False
bluesky_033611acb308bde69c5c01affce5d1eba4cee01eff290d3f94a4622cdd0e83e4,test,keep,False
reddit_t1_mr3kbm9,test,keep,False
reddit_t1_my29kh8,test,keep,False
reddit_t1_mr4adit,test,keep,False
twitter_2060887377241919654,test,keep,True
twitter_2061760078865109447,test,keep,True
reddit_t1_mrcz7ot,test,keep,True
twitter_2060122353573527583,test,keep,False
reddit_t1_mtnby0a,test,keep,False
twitter_2060503526501949938,test,keep,False
reddit_1tqyx7p_ool0owy,test,keep,False
reddit_t1_mz32i08,test,keep,True
bluesky_e5548cf45f42b65b38ce24e27016c7c2d68be36d56b0b11d8e2b58a063c70a4f,test,keep,True
reddit_t1_mu5a7uz,test,keep,False
bluesky_3b52dcb4911cf2a07832bf9fd56ca9b77beb2db8491dc5908707d35da1160321,test,keep,False
reddit_t1_mqbaohw,test,keep,False
twitter_2061827663967240611,test,keep,False
bluesky_4b818c345eae2bf93fbfa202789df8647148c998aa0cae4736a7cb480125b34f,test,keep,False
twitter_2061793897936728567,test,keep,False
reddit_1tucjhu_op9fq08,test,keep,False
reddit_t1_mzqjioq,test,keep,False
reddit_t1_mwl76d1,test,keep,False
reddit_t1_musv1hk,test,keep,False
reddit_t1_mszp3ql,test,keep,False
reddit_1twd1b6_oq0su2p,test,keep,False
reddit_t1_muki4v8,test,keep,True
bluesky_8a01f62390b9607b43feb2bc1779ac049d6f3820e37619b27ed053a765e61226,test,keep,False
reddit_t1_my82pvz,test,keep,True
twitter_2059527883165708722,test,keep,True
twitter_2061485833425973669,test,keep,False
bluesky_2a62da77346b341f2e6dabda1d81ab8f3442d56a8410263dfc76214ae2ec5e15,test,keep,False
bluesky_411e961cfcfabec58983727e019d863ea700a2b9eaf94da0225792bb9d8f0364,test,keep,False
bluesky_418f5187f4c7c8f2bf7f87a72d417e6797e97c2800f50b9a37b249159ae77472,test,keep,True
reddit_t1_mzigrnp,test,keep,False
reddit_1ts0dh7_oosdukg,test,keep,True
reddit_t1_mw0bsdn,test,keep,False
reddit_t1_mw8wi7m,test,keep,False
twitter_2096651161801478354,test,keep,False
reddit_t1_mzo1yca,test,keep,False
twitter_2061821642498838576,test,keep,False
reddit_t1_mr500nc,test,keep,True
reddit_t1_mwdaoaf,test,keep,False
reddit_t1_mzmoh8l,test,keep,True
reddit_1ttxj3b_op6nzrn,test,keep,True
reddit_1le2smi_myd1osy,test,keep,True
reddit_1u28e60_oqvnua7,test,keep,True
reddit_1u0gjyt_oqhz86r,test,keep,True
reddit_t1_mytjw8o,test,keep,True
reddit_t1_mqr8p0n,test,keep,False
reddit_t1_mwogtt8,test,keep,False
reddit_t1_msaisbl,test,keep,True
bluesky_d4bbd52fbbd004d8f371aa4808b7d0ae169acc98023ac977cfa9f42836bdf084,test,keep,False
bluesky_1f34264a989dcfef7a778915c43ce4d78e1a39e4f35d0de89bc11be2b649fecc,test,keep,False
reddit_t1_mzyht3k,test,keep,True
reddit_t1_n0al20h,test,keep,True
bluesky_b8ae03a0d4d2202a7da489506dfda4da4184f9e6c120c17e3090448fc0e4023f,test,keep,True
reddit_1ti6ied_omvt302,test,keep,True
bluesky_b0fe44e5559ae2e28ebcd9c991a1fe55e0e2c6840f9fa71b78746e217424191f,test,keep,True
reddit_1ldq1ws_mybc7ws,test,keep,False
reddit_t1_mx24ieo,test,keep,True
bluesky_d2dc9d31ea9c0652f04bd909fd6bcbe0cc7829954106bfa36549bb0ae3cc6ef2,test,keep,False
reddit_1u0l8qh_oqjpkg5,test,keep,False
bluesky_92dcfbd012dc9cba4368bf07352124fb2c360a5df0345ac41f18e4f9a2574174,test,keep,False
twitter_2096064205208121395,test,keep,False
twitter_2061308236062409050,test,keep,True
reddit_t1_mra69ji,test,keep,False
reddit_1l6o4p3_mwqc5vc,test,keep,False
reddit_1u16m18_oqo8wfk,test,keep,False
twitter_2061462709095330190,test,keep,False
reddit_t1_n08un7n,test,keep,False
bluesky_81bf37de0fb916b21241cc8752aa8572aa7877ac73796a584f88fd78e67a3c6c,test,keep,False
reddit_t1_mr52s16,test,keep,True
twitter_2059403706752516368,test,keep,True
reddit_1tstha7_oozj6px,test,keep,False
reddit_t1_mwdocke,test,keep,True
reddit_t1_ms0pxrm,test,keep,False
reddit_t1_mu60w39,test,keep,False
reddit_t1_mzzp8yc,test,keep,False
reddit_t1_mwlsgzm,test,keep,True
reddit_t1_mxtfdnl,test,keep,False
twitter_2061816601062580470,test,keep,True
bluesky_d2551c31f1c39931ba3718a2e9c51a9cddd7d355e95dda13def5c17e5cc03f17,test,keep,True
reddit_1tbymrb_olk9ohj,test,keep,False
reddit_1tt99ox_op0yaon,test,keep,False
twitter_2061799738073075802,test,keep,True
reddit_t1_mrx1t3m,test,keep,False
bluesky_7fd1a4c7912cd37ede2f52a3310532c0132743b9d811c655acbe86aa8c375cb8,test,keep,False
bluesky_d1c9969e7332c3208f4a367936e8a63c4bc458dcdb71bfe42d16055368ea9ea4,test,keep,True
reddit_t1_mtgyrmp,test,keep,True
reddit_t1_mr66396,test,keep,False
reddit_1tgwl5y_omrjga7,test,keep,False
reddit_1ttcu5f_op24l7g,test,keep,False
twitter_2061214671701692785,test,keep,False
reddit_t1_mqu1zpd,test,keep,False
reddit_t1_mzbuwls,test,keep,False
twitter_2061472760719614146,test,keep,False
reddit_t1_mq8lqnz,test,keep,True
bluesky_8f4340875027dac9e45034843d3c164f90c62218dea2fe86fa09369ca623ae8c,test,keep,False
twitter_2061555333537865844,test,keep,False
reddit_t1_mqie860,test,keep,False
reddit_t1_mq4x9fd,test,keep,False
bluesky_e989015f35c1985e813b1c237dfebd170905cae92e1d033ea8de1829f92bc5d1,test,keep,False
reddit_1tsvrr2_ooyslxr,test,keep,False
twitter_2060350748353810873,test,keep,False
reddit_t1_mz3gfdz,test,keep,False
reddit_t1_mx22nsl,test,keep,False
reddit_t1_mtbd7e4,test,keep,False
twitter_2060520804614303872,test,keep,False
reddit_1ti5ovh_omwy065,test,keep,False
reddit_t1_mzlp84i,test,keep,False
reddit_t1_mucw1v2,test,keep,True
reddit_t1_mswdmrn,test,keep,False
reddit_t1_mpy5e76,test,keep,True
reddit_1tuly4n_opaxhnw,test,keep,True
twitter_2061195374455341234,test,keep,False
reddit_t1_mrhp3cv,test,keep,True
reddit_1t7hgak_okpeleq,test,keep,False
bluesky_08ae480f19a447c0b55c5f68cb5ec7d05bc150dde483e62fbfead002eff16593,test,keep,False
twitter_2059755508941168899,test,keep,False
reddit_1tsvrr2_ooyz7z0,test,keep,True
twitter_2061574786443001991,test,keep,True
reddit_t1_n00hul9,test,keep,True
bluesky_e690acb05cd3e7c4ea66dea3e0f5d35808192308f3a5572685bb35b863713235,test,keep,False
reddit_t1_mq7a2og,test,keep,False
twitter_2060733136359891196,test,keep,False
reddit_t1_mvusvz9,test,keep,True
reddit_t1_mqqvu20,test,keep,False
bluesky_f206aaa3c7be0400e795c24e3b446d635b4b15de7044d5f4533ac2487bab8a6f,test,keep,False
reddit_t1_mtuhph6,test,keep,True
reddit_t1_mrwpksg,test,keep,False
reddit_t1_mzocrhe,test,keep,True
reddit_1th143w_omofznr,test,keep,False
reddit_t1_mxqvbre,test,keep,False
reddit_t1_msbfx7c,test,keep,False
reddit_t1_mvvh2ru,test,keep,True
reddit_1kh7zbd_mr5y675,test,keep,False
bluesky_e8455ba43c0a2215ae0e4ed47969f0864902aa0d878eb3bc4a58a36bcdfa755d,test,keep,True
bluesky_cdf883d6d283616320213af03884e1bf2c563b3215da0b3fd640d34aa11a4dfe,test,keep,True
bluesky_1a572c1303240aca613ba1ddbf280e4867efc53e415b29a2f76aa2d649397966,test,keep,True
bluesky_61e793eb3bcfc92dc5a96abd03284e0943ffd82030b3029ccf911946b3cfd496,test,keep,True
reddit_t1_msjzk85,test,keep,False
twitter_2061133406998573091,test,keep,True
bluesky_b9fe102b6514d7dcb8d6ae6abefe0cfaa2061960bf811d39999693629a24cb25,test,keep,True
reddit_t1_mrswr2a,test,keep,False
reddit_t1_mu0dycu,test,keep,True
reddit_t1_mt43tqj,test,keep,True
twitter_2061555941875601534,test,keep,True
reddit_t1_msnxw3u,test,keep,True
bluesky_d9761d369d0672df1e7b8b3539d48ade2437c9ec99cf325f19913dbe059d3789,test,keep,False
bluesky_5f2967a51859fb2c1835096d16d079023a09682c23d6f2e21a283e51fc606279,test,keep,False
bluesky_5692fa61131bbb86845d632a3eaa6c63f49327668b04c7254c568c5c76062da0,test,keep,True
reddit_t1_mtst3gn,test,keep,False
reddit_t1_mspq73f,test,keep,False
reddit_t1_mtn431g,test,keep,False
reddit_1t6fu5g_okhkpoq,test,keep,True
twitter_2096573312247742962,test,keep,False
reddit_t1_mriffyd,test,keep,False
reddit_t1_mxfdd0w,test,keep,False
twitter_2061027534343635453,test,keep,True
bluesky_ac125e195c7d3dc447667bc80d5aed687ef87be8cd28756bd6bb05391a3e86db,test,keep,False
reddit_1tnobm9_onvzhss,test,keep,False
bluesky_3158f1b1905e7fa2b0aa5492d932dd554d9c8ec315d372832aa403d73c6caaea,test,keep,False
reddit_1tvc3um_oplw2g7,test,keep,False
reddit_t1_ms8lvca,test,keep,True
reddit_t1_myptz5m,test,keep,True
twitter_2060427431278743814,test,keep,True
twitter_2061467814037275002,test,keep,True
bluesky_b628076c9aad7c8a5b586685f1f6f1cbfa958ac581f94e2e8b2529b6aea7a5b0,test,keep,True
reddit_t1_mxki9pr,test,keep,False
reddit_1tzcqta_oqa9e7t,test,keep,False
reddit_t1_muf7ypv,test,keep,False
reddit_t1_mz7tv8j,test,keep,False
bluesky_33101c2f27d17db01f9fdf915ebafa007ead54ec177a79203553bae982932bdb,test,keep,False
reddit_t1_mw877ys,test,keep,False
reddit_t1_mud4da1,test,keep,True
reddit_1tswg2c_oozf558,test,keep,True
reddit_1twgtct_opthdhs,test,keep,False
bluesky_ff58d1051f51803b4d2f8494a40a1de213a873946de85c91494a14e0ac751cc3,test,keep,False
reddit_t1_mtzg51w,test,keep,True
reddit_t1_mtnhhge,test,keep,False
reddit_1try6d7_oorvw2d,test,keep,False
reddit_t1_mr8kvhg,test,keep,True
bluesky_a4acf91b37fcd2100aced45716725c96abdb72bc8569fc4d3391300b9bb27bdc,test,keep,False
reddit_t1_msucow3,test,keep,True
reddit_1tiody8_omxi28x,test,keep,True
twitter_2060127270593765512,test,keep,True
twitter_2096638557615968465,test,keep,False
bluesky_cc6badc99983f3d66ce78ca3bd3a08ab5b3934611494555390e71753485c6ba9,test,keep,False
twitter_2061826036413690006,test,keep,False
reddit_t1_mt7oii1,test,keep,False
reddit_t1_myxj2ds,test,keep,False
bluesky_7fb4eee48a002fb51f58d4b2f3179e55b3d88952b45d6fc45e6f1970209a19c2,test,keep,True
reddit_1u0l8qh_oqkx4ad,test,keep,False
reddit_1tzdiak_oqb120e,test,keep,True
reddit_t1_mtyf0wk,test,keep,False
reddit_t1_mr98q0j,test,keep,True
bluesky_f592364f5febb4ccf4bd37a4a59b75f50785ed45b1aa226369f41912fb8e6145,test,keep,False
reddit_1tn7lg4_onskzbl,test,keep,True
reddit_t1_mzztofc,test,keep,True
twitter_2061622658089791820,test,keep,False
reddit_t1_mzkshqj,test,keep,False
bluesky_0b7a0c0c3e5d42d297fb798271916d56fe643feca084a86e8e94bc626e6e15c5,test,keep,False
reddit_1trnhrp_oostcnq,test,keep,True
reddit_t1_mxu5qjd,test,keep,False
reddit_t1_mqkk449,test,keep,True
twitter_2060213695603712464,test,keep,True
reddit_t1_n0bdbz4,test,keep,False
reddit_t1_mwoagdk,test,keep,True
twitter_2061824752604368951,test,keep,False
reddit_1tucjhu_op8xne1,test,keep,False
reddit_1kszj2q_mtpo6vj,test,keep,False
twitter_2061794965622329757,test,keep,False
reddit_1l5y6fx_mwl7dlh,test,keep,False
reddit_t1_msgzp98,test,keep,False
reddit_t1_mz8st59,test,keep,False
twitter_2061465581363044508,test,keep,False
reddit_1ti5cqx_omwkvpd,test,keep,True
bluesky_b32e09d9f601988c6f6fcee50b098b60fc050e03ed1ae90542344541ec01004b,test,keep,True
twitter_2061788654050345139,test,keep,False
reddit_1tswg2c_ooyr3bz,test,keep,True
reddit_1ttsfrd_op53qsr,test,keep,False
reddit_t1_my6u2c7,test,keep,False
reddit_1tqf4v3_ookgp9z,test,keep,True
twitter_2096700730870464662,test,keep,False
bluesky_e8aebddb92a046ea08601f126b5857fa4edbf8660f4c28e8111a254ec3b6aa74,test,keep,True
bluesky_7ad33f5b42c1f96a3557ae403a23a58dd668fc422327b2ca7b129c8fdec3b216,test,keep,False
twitter_2061432778659381721,test,keep,True
reddit_t1_mrqjhkx,test,keep,False
reddit_t1_mx6s022,test,keep,False
reddit_t1_mty1s1k,test,keep,False
reddit_t1_mvgqqaz,test,keep,True
reddit_1u0y79a_oqnvv57,test,keep,False
bluesky_38aa068c23789e3430e3c655e6556053efca1bc377e9d9a373a48db183c9c8c5,test,keep,False
twitter_2061096734437097642,test,keep,False
bluesky_baad0f4eef7fde60b8f26f981ab6de3504e2fee153e7e3e857a257ead0dd9591,test,keep,False
reddit_1kl0dah_mryjg9b,test,keep,False
reddit_1txvz2c_oq5ts20,test,keep,False
reddit_t1_mvj2t0d,test,keep,False
twitter_2061575086948163600,test,keep,True
reddit_t1_mqbzwqy,test,keep,False
reddit_t1_my3ojgf,test,keep,False
twitter_2061615084833485016,test,keep,True
reddit_1txvz2c_oq0e8fv,test,keep,False
reddit_1txvz2c_oq961sb,test,keep,False
reddit_1tle2vc_onfbbf5,test,keep,True
bluesky_60575a532d4ef44a466c4069ebc046c26d722375dfa891bed828d39b118e2b16,test,keep,True
bluesky_60c958f3b32efe79721643f40d9d6675cd4e6e3235632857249915fb5ec2c186,test,keep,True
reddit_t1_mt7iadd,test,keep,False
reddit_t1_mpxy0h9,test,keep,True
reddit_1l38xof_mvzc1kk,test,keep,False
reddit_t1_mqzl77k,test,keep,False
twitter_2059690357613310374,test,keep,True
reddit_t1_mzwn53m,test,keep,True
reddit_t1_mwiqsp8,test,keep,False
reddit_t1_n000ngl,test,keep,True
twitter_2060434995484008602,test,keep,True
twitter_2060438195809276396,test,keep,False
bluesky_9638fc5f3c379fec6f82b6b167ec105dc9fa7c7b4e96ac269e0d5e716641a34c,test,keep,True
twitter_2096579865600221352,test,keep,False
reddit_t1_muztmu5,test,keep,False
reddit_t1_mx1dbkj,test,keep,False
twitter_2060791852853530849,test,keep,False
reddit_t1_mro6p8t,test,keep,False
twitter_2060408678520365104,test,keep,True
twitter_2061793028319085007,test,keep,True
reddit_1txrv9p_opy7rk2,test,keep,True
reddit_t1_mx8rbkv,test,keep,False
reddit_t1_mzzsdix,test,keep,True
bluesky_cd976cbd80f977bd33d200f805001b429a7cd7da372fad10250fc26e7d910e25,test,keep,True
reddit_1u0l8qh_oqjibai,test,keep,True
reddit_t1_mwlunfg,test,keep,True
reddit_t1_my7i0hb,test,keep,True
reddit_1tbl33j_olrfc5d,test,keep,True
twitter_2059627645424341261,test,keep,False
reddit_1lilme7_mzdrczv,test,keep,False
reddit_t1_mxmbao0,test,keep,True
bluesky_47051750ad96d623a2d8b010516f7e0ae3914f6ab733d21660ca551f9d433256,test,keep,True
bluesky_762b8063ded8ec072519ca1b696471677e0f41f88789554f044883cf172d3e9a,test,keep,False
reddit_t1_mtlkcr2,test,keep,False
reddit_t1_n0kwhz5,test,keep,False
reddit_t1_mx8xtsg,test,keep,False
reddit_t1_my391ua,test,keep,False
reddit_1tuzwvu_ope6wba,test,keep,False
reddit_t1_msmir8h,test,keep,False
twitter_2061497774936637814,test,keep,False
reddit_t1_mym5gs4,test,keep,False
reddit_t1_mtp90wo,test,keep,False
bluesky_8a1ff0bdb86138c6e1cb8383210697641a5da7b6ed59f71eac7fd37600452d8f,test,keep,True
reddit_t1_mvd28ph,test,keep,True
bluesky_ac3ce878b107b8857557e60a0d487ea05eeac4f73d38d847aca1556d6c8249fc,test,keep,True
reddit_t1_mqxjwlz,test,keep,False
reddit_t1_mytll39,test,keep,False
reddit_t1_mv21gli,test,keep,False
reddit_t1_mwy4cda,test,keep,False
reddit_1tuwb8f_opf408q,test,keep,False
reddit_t1_msaepjy,test,keep,True
bluesky_435f7af55c2f4efaddec285cd7277319ba219b1b11d6cc030145069223acafb4,test,keep,False
reddit_t1_mrlb3d1,test,keep,False
bluesky_30b08f9b11402599b364e6bb15fc2781c6424d9e8e5ba26abcb0ec4862d08dd7,test,keep,False
twitter_2060201534009295259,test,keep,False
reddit_1txopv4_opypi0w,test,keep,False
reddit_t1_mzpm9zc,test,keep,False
reddit_1txrv9p_opympoa,test,keep,False
bluesky_08e548ad607d0a87c8312bfeacc9cd322f2838941f1377cde28a8456cac62336,test,keep,False
twitter_2061189884946075943,test,keep,True
reddit_t1_mruom6f,test,keep,False
twitter_2059383687771525628,test,keep,True
bluesky_540f5da7330cf26f0244585938bb9a54058c60df40df6e2a5e2c451728476bd7,test,keep,True
bluesky_6a3f96655bc2b44147995ff784e645b20d5b1691ff6a067c15b4da8d6a835346,test,keep,False
twitter_2061776874708099503,test,keep,True
bluesky_36e862b1775b3c1c2b79b65dcbb932e216f22e22957f6de17bed935a75431e29,test,keep,True
reddit_t1_mtczo68,test,keep,False
reddit_t1_mrsd6d4,test,keep,True
reddit_1ttsfrd_op4w6al,test,keep,True
twitter_2061540479850721692,test,keep,False
reddit_1two3nw_opqy5h2,test,keep,False
reddit_t1_my22lmq,test,keep,False
twitter_2060163283869413523,test,keep,False
twitter_2061826161966190753,test,keep,True
twitter_2060850243411886468,test,keep,True
twitter_2061523963071864965,test,keep,False
bluesky_448d4a85a70efd6bbd5c4c39f69eaa9187100ec112c7ab344832b8492b2dbd86,test,keep,False
reddit_t1_n0jkjb2,test,keep,True
reddit_1tjs35z_on5ohxz,test,keep,True
twitter_2061820394021982272,test,keep,True
reddit_t1_mzcsbxj,test,keep,False
reddit_t1_mze32tz,test,keep,False
reddit_t1_muiydy4,test,keep,False
reddit_1tkvbmy_ongjer4,test,keep,True
reddit_1tuzkhw_opdm4hb,test,keep,True
reddit_t1_n0ae0m2,test,keep,False
reddit_1tqyx7p_ooky1hc,test,keep,False
reddit_t1_mwo9v8d,test,keep,False
reddit_1txm3lk_opxazs6,test,keep,False
reddit_1twmfn2_opyx93i,test,keep,True
bluesky_78042843b2990e9adaca00607bb4851608c975ca0cf881cef87c04934bd4044f,test,keep,False
reddit_1tvaatt_opj5q8n,test,keep,False
reddit_t1_mxgy26r,test,keep,False
bluesky_df5aa21f474f6471e8e91e3742767a71119e536c9adfd5fc1f8bc8d3c85bb021,test,keep,False
bluesky_b96c39ad2f8aee8790489ac44b10c0698de14d959990cb6824ece87a55842d5b,test,keep,True
reddit_t1_n0kr50c,test,keep,False
reddit_t1_mzc66zt,test,keep,False
reddit_1u1ngzk_oqr6529,test,keep,False
bluesky_e6ae97c17600b004de26c5452b110135e7d8f8ce2c6150dbd0df43d0905d3eac,test,keep,False
bluesky_467fd376103a1f8044f3067a6d02629070087174d99b1e9ef568e0ff047bc5fb,test,keep,False
bluesky_cb2dd33dd5bc110605cef98d5424fb4ccfeab18cd826f99452c960992c530a39,test,keep,False
reddit_t1_mruh1ww,test,keep,False
reddit_t1_n04h7sm,test,keep,False
twitter_2061797208547029144,test,keep,False
reddit_t1_mto71gc,test,keep,False
twitter_2061010866779103506,test,keep,True
reddit_1txekxo_opvx1c1,test,keep,True
bluesky_a3be66a43900ec9b1337550cc57d2a357816ecc599edd2f4bc1a8313a827fb59,test,keep,False
bluesky_38e0d1cf71cdda3337f55cb7546efb75f3594e56b1ea349da070e865a4611a68,test,keep,False
bluesky_8d2f0a420302d882a51adf45ce984b4430db1b74d20735c7a6f9ed4608d02978,test,keep,False
reddit_1ld36t6_my67u9p,test,keep,False
reddit_t1_mudfd30,test,keep,False
reddit_t1_msb03f2,test,keep,False
reddit_t1_mz5i2up,test,keep,False
bluesky_b454b5d228017358bdc96beab2e64f296f2683f375d94b27c9926319b8f806bd,test,keep,False
reddit_1tsxfco_op04ypq,test,keep,False
reddit_1tws6al_opqtk43,test,keep,True
reddit_1ttcu5f_op2qasi,test,keep,True
reddit_t1_msy84pe,test,keep,False
bluesky_299806d317d72b584ab053007ae5ae8a81776118149fbf2f47800e22381ce76c,test,keep,False
twitter_2096379239285059699,test,keep,True
reddit_1kl233e_ms01rn6,test,keep,False
reddit_t1_mtmvr1o,test,keep,False
reddit_t1_msih0fi,test,keep,False
reddit_1l7h1uv_mwwn2fa,test,keep,False
reddit_t1_mq3zsae,test,keep,True
bluesky_0f82e89bd3bc52847900dcac818a520bd4f13752de096d4d312e33e5c11a14b9,test,keep,False
reddit_t1_mrh646p,test,keep,False
bluesky_fc074398251abba5813ebe49f247c1674d7df50b95fed495751785011d7f961a,test,keep,False
bluesky_9a08a0116bae75886323d47f200cbf19377ef1022fd5fbdf7a2599ee13561dae,test,keep,True
reddit_1tyk2vf_oq3vh7t,test,keep,True
bluesky_31fcb6ecef6555a4a3b7e06c774cc736e8fa398897ef7b3501fe597191840d36,test,keep,False
reddit_t1_my130nr,test,keep,False
bluesky_a79bdfdfdabc86170e45182df493bfd9820a195572b912964fa3cf6c2b07ecb2,test,keep,True
reddit_1t2jsvf_ojqae8h,test,keep,True
reddit_t1_mqds7hb,test,keep,True
reddit_t1_mq1m0qd,test,keep,True
bluesky_a2462bbc58cee51ba274ee886955a194f274461e0ad9567173c55177632104ba,test,keep,False
reddit_t1_mqo88nl,test,keep,False
bluesky_017e92a2d42069ba23b344a5c0837107e534828361a0d0395a4c7778549a9332,test,keep,False
reddit_t1_mx5qgx9,test,keep,False
twitter_2061462777286508568,test,keep,True
reddit_t1_mrc5t7y,test,keep,False
twitter_2061533340621025685,test,keep,False
reddit_t1_mx6gukm,test,keep,True
reddit_t1_mthfliv,test,keep,True
reddit_1kj79wd_mrn3gwb,test,keep,False
bluesky_cf3c30e87a47d8cb0825adac3e35c3bd5856a46569e327ebb1d8db195385daaa,test,keep,False
reddit_t1_mwo5sqd,test,keep,False
twitter_2061826527566663765,test,keep,True
reddit_1u08bq4_oqgxsek,test,keep,True
reddit_t1_msgdq99,test,keep,True
twitter_2059499847951188152,test,keep,True
twitter_2061659902485876949,test,keep,False
twitter_2095945484804206997,test,keep,True
reddit_t1_mwigstu,test,keep,False
bluesky_b37b0dec6fbeb1f5774549e12d238a0de034f1d2dfd3dfad125fbb5196afba22,test,keep,False
twitter_2060747854801756448,test,keep,True
reddit_1tswg2c_op0700e,test,keep,True
reddit_1kr7751_mtd0eni,test,keep,False
twitter_2096584773120459212,test,keep,False
bluesky_27fbcb8144ba703e71945009fd0636197c6b99ecc391c8d303df8838e603cff8,test,keep,False
reddit_t1_ms7hgxp,test,keep,False
reddit_t1_mtwy49g,test,keep,True
reddit_1kg97ka_mqwvjha,test,keep,False
reddit_t1_mxkgojn,test,keep,True
reddit_t1_mwg8iki,test,keep,False
bluesky_0c0c8fe880b22cc36e08ea9f1bcfbc83148f2147c203a20d56bccd30e0d94e19,test,keep,False
bluesky_47a8b684e55ea48b56f29ac89aaeaf72a6d5ab08a0b86c3fe4afecb8dea9f223,test,keep,False
twitter_2096717409289699359,test,keep,False
reddit_t1_mq1m5wv,test,keep,False
reddit_t1_myvhj21,test,keep,False
bluesky_176d3017b1eb7cd74f27724c5deb65ae295aeece2a4acbb825382698a56f5ef7,test,keep,False
bluesky_07b2d317c029f621a06f80ec157051a7eff445addefc32b227672c5a99ee9f3d,test,keep,False
twitter_2061799000789938349,test,keep,True
reddit_t1_ms4df6b,test,keep,False
reddit_t1_n024v3l,test,keep,True
reddit_t1_mqjorfo,test,keep,True
twitter_2060868911416115228,test,keep,True
reddit_1llhla8_mzzudo3,test,keep,False
reddit_t1_mwkuz3g,test,keep,False
twitter_2060750477227139175,test,keep,True
reddit_t1_mw5af9p,test,keep,False
reddit_t1_ms5uen9,test,keep,True
twitter_2060136751725773182,test,keep,False
bluesky_551acfaaf8d9977eadd4e3c7991beea63f61e239377c742e0b972c293c0d88e8,test,keep,False
reddit_t1_mruv1ie,test,keep,True
reddit_1ttv5xp_op5iog7,test,keep,False
bluesky_e293e0b6dc2343a15db676796bf85993c6afcb2428c7914e6e1264a00a83f4fb,test,keep,False
reddit_1u22gzn_oquux8n,test,keep,True
reddit_t1_mq0zz6e,test,keep,False
bluesky_3a065195e7cbead358ebb7b62833d9f21cc331d34f110abd52110a037d39805a,test,keep,True
twitter_2061790167292100692,test,keep,False
reddit_1t6aimf_okg0529,test,keep,False
twitter_2061539084825207005,test,keep,True
twitter_2061504991550931364,test,keep,False
twitter_2096948002317631578,test,keep,True
reddit_1tle2vc_onfso9a,test,keep,False
twitter_2060204797265862750,test,keep,False
bluesky_9231d9cb6cd7f6ec86e71f7559cf7d58818278a0ba2b7e590285054b5d16b553,test,keep,False
bluesky_259f72e691cc57c3b130c50cbc2cebc6d828b29b0ef44acc450bd24441ceace8,test,keep,True
reddit_1tuzwvu_opeseng,test,keep,False
bluesky_f12981f06ea78e00b9ca247fc984488ab541f33cb53c0470d9f03a3d7ed30f66,test,keep,False
reddit_t1_mwkpudy,test,keep,False
reddit_t1_mwnw9xa,test,keep,False
twitter_2061447842632196607,test,keep,True
reddit_t1_mviqe83,test,keep,True
reddit_1trbmne_ooo5eey,test,keep,False
reddit_1tug26y_opfgrn0,test,keep,False
reddit_1tz4l7k_oq9s7ca,test,keep,False
reddit_1tszxri_oozc420,test,keep,False
reddit_t1_mrtcgh1,test,keep,True
bluesky_62bbdedace0d6a263a7239662e2ecda796486152a980fc365623aa0d946d24fc,test,keep,False
twitter_2095676826609737981,test,keep,True
bluesky_6f030db0650298fa8ec2fa360abba4b1599f0dc6f6e492cd85a85d5e6dd1f394,test,keep,False
bluesky_14e9819171983c1700187a36e8583ab567e16bb33f085b872eeb6f09a784ab70,test,keep,False
reddit_1t54vlp_ok8v3ls,test,keep,True
reddit_t1_msmwizy,test,keep,False
reddit_t1_mrgsw0s,test,keep,False
reddit_t1_my95dxi,test,keep,False
bluesky_88f1e99def0160bad67d47de81bead6c4f250101a56418999a252cbf2028c212,test,keep,True
reddit_t1_n03dzw9,test,keep,False
reddit_t1_mrzu26q,test,keep,False
reddit_t1_mvfkdii,test,keep,True
bluesky_34eea0235fd3683c3b64bec0ff0a28c3523332d708f05ed0879e103766cc04b7,test,keep,False
reddit_t1_mz3hkdv,test,keep,True
reddit_t1_mxz67v3,test,keep,False
reddit_1ti5cqx_omsl0xd,test,keep,False
bluesky_0c758190605f2268c3af997395719b45f11879b1d38db29c041cac8b428f3deb,test,keep,False
reddit_1kryk8o_mthg1mq,test,keep,False
reddit_t1_mzirxze,test,keep,False
reddit_t1_mvenzc1,test,keep,True
bluesky_5c46476ecd06618cf425c77863552cb74b05686c59642321ba3c89d22322795c,test,keep,False
bluesky_f91356d501780e177522507ab70ceed19b7b0205737e3d27c0c3c22f90a51a41,test,keep,False
twitter_2061598758425465032,test,keep,True
bluesky_53b8755e3a7d218ff4f3cdb23e148f9e263c8e2206f5ac31aacc804a0d3d42d3,test,keep,False
reddit_t1_mw9113j,test,keep,False
bluesky_69ddd12fc7b011e5c23a067518533e2da30bd920a96d838d78c490c31aeb9b47,test,keep,False
reddit_t1_mwqf60i,test,keep,False
twitter_2061486778654097672,test,keep,False
reddit_t1_msiuln0,test,keep,False
reddit_t1_mzh8vi7,test,keep,True
reddit_t1_n0hjlap,test,keep,False
bluesky_b82a0b3ac91aa1db994985981a4ad1e305bc023df80c4a19f71adf2ac6f5869a,test,keep,False
reddit_t1_myzt0es,test,keep,True
bluesky_00f62e3624dd12dc1813222a7e960907f8c1c45be70c50a0e7454419ae7250e7,test,keep,True
reddit_t1_mzmyz6n,test,keep,False
twitter_2061395427451170943,test,keep,False
twitter_2060759224032931975,test,keep,False
bluesky_da7e2bf51bbc882a5c51677cd3b12b1667981ae18e6fd66e1cd33b097351e94c,test,keep,True
reddit_t1_mvkufi3,test,keep,True
bluesky_972f4948c1b0ddf2d1af5dadbd27f7aa25eba2e5a289fe1b330f52e41cc131c9,test,keep,True
bluesky_fd47e503d4057cc666da2dd9248eb1996f1e26f19baf39d584460980afadab7b,test,keep,False
bluesky_83f373adfe5343c69ce5c2b1c1bbe767702d25c39ac80fb437cd88dba07accb0,test,keep,False
reddit_t1_mtpvhbl,test,keep,False
reddit_t1_mybdzqk,test,keep,True
reddit_t1_mr87xot,test,keep,False
twitter_2060103043576709566,test,keep,True
bluesky_6c65dd69a000c5103d59142deb356474d6be3e9cacfd47e5d58a5d29f2ac16c8,test,keep,True
reddit_t1_mzrgkt5,test,keep,False
bluesky_77a3c53703139e31f4b3e6cc451766d8be097718e03a97c4da7ffd118f7f5826,test,keep,False
twitter_2061456414149918760,test,keep,True
reddit_t1_muymfqb,test,keep,True
bluesky_2c4ba6fc6e477bdb85768cb02abe1d8d7e8574662337c096c1ee4435f97aa251,test,keep,False
twitter_2061825289647218982,test,keep,False
twitter_2060360909478907996,test,keep,False
reddit_1t6mb7v_okizhyq,test,keep,True
bluesky_238406b972e6c47a062dd42704c1c1179677c9c0d8aa0a98d35823732e404118,test,keep,False
reddit_t1_mqnv85j,test,keep,False
reddit_t1_mu6wxgr,test,keep,True
twitter_2061343176817005008,test,keep,True
twitter_2061798923698684273,test,keep,False
twitter_2059677758876168595,test,keep,True
twitter_2061689815423230088,test,keep,True
bluesky_d2744d820baf5aae0f22ef10242cd732b47ff300984f148a3418a03cb9180010,test,keep,False
reddit_t1_mviadw7,test,keep,False
reddit_1l5y6fx_mwlwm45,test,keep,False
bluesky_eb6290bf3afc2b26db2b66d681661117d01515ce1f3ec9d9dc376049d33b12fe,test,keep,False
reddit_1ti5cqx_omtu29r,test,keep,True
bluesky_528ca584de7e58cfea94aa924be52e8056ac21f038e61a3f82725aa86dd2f373,test,keep,False
reddit_1u18ir0_oqojlm9,test,keep,True
reddit_1u2almy_oqw3e3w,test,keep,False
bluesky_58efd7437e0a010d5984b5c895d25367b78588641aca94a6fc46c5668d04affe,test,keep,True
bluesky_9b3419fd90264e14b44f4a372bbf21787fd75cc8d8ba93215f5dcbf8c132b15d,test,keep,False
reddit_t1_mznqi1w,test,keep,False
reddit_t1_mw0qmuf,test,keep,True
bluesky_3d3646eef11aa1f5fea434a07e09323d7b6cae4d5542570d39779f42eb973a16,test,keep,True
bluesky_f919f69d1011ffcc09cbe422a0fb3509c0047bef01d6d49d035dde06e97d152e,test,keep,False
reddit_t1_msybq1r,test,keep,False
reddit_t1_mxxm9u2,test,keep,False
bluesky_2e5b0f7f11f8daa7bfbecffc672af0f90de8b6b1a0436cb7bb8fbdb0d8bde030,test,keep,False
reddit_t1_mq8ls2w,test,keep,True
reddit_t1_msuh5z8,test,keep,False
reddit_1tr4gbg_oonmnd6,test,keep,False
reddit_1l2o4z4_mvxplbw,test,keep,False
reddit_t1_mtcz7pz,test,keep,False
bluesky_cee87cdefd10b14f3467cead4bb0c720cb6faeffd3c163c9fb2e58b01ebc135f,test,keep,True
bluesky_f269ab42bf5ef060397909cdcd773111e1720e2e8671bdd95d6a98428c3a8724,test,keep,True
twitter_2059743786218008919,test,keep,False
reddit_1tv1z4j_opdsa0h,test,keep,False
reddit_1tv4g76_oplyift,test,keep,False
reddit_t1_mv5acb9,test,keep,False
reddit_1ktjhl8_mtw3iir,test,keep,True
twitter_2061827497181032588,test,keep,False
reddit_t1_my8spux,test,keep,False
reddit_t1_ms8deki,test,keep,True
reddit_1tbzoap_olnkun7,test,keep,False
bluesky_0b7c5f162b72e37f968d9c82f66507205d610d95048437b8a0071f469362e281,test,keep,False
reddit_1tt3fgk_op00xkk,test,keep,False
bluesky_ed1cb20fa7336192c73d7b4b54cf2ac075a75ec77db7d2925247d12cadeb2c5a,test,keep,False
reddit_t1_mscselx,test,keep,False
reddit_t1_my5l3sw,test,keep,False
bluesky_48cd8d50d5d005f1dc9af55c783da6d17aced6a48c5c976a2fddbf650a7f71fd,test,keep,False
reddit_1ttun3g_op53azi,test,keep,False
reddit_t1_n09na30,test,keep,False
bluesky_142f7e756ee3c518e908c8590121818b765f3fcac3c8be13025b5a6eaca409ef,test,keep,False
twitter_2061089093115625527,test,keep,False
reddit_t1_mx2k3gq,test,remove,True
reddit_1tztcf9_oqfz6s0,test,remove,False
bluesky_fa33fc5267ab51d3d7d31003717c99d9e9213356ed23eacacd7a0cea49b3f226,test,remove,False
reddit_t1_mzpxf6v,test,remove,False
twitter_2061803330658337075,test,remove,False
twitter_2060722914962370889,test,remove,False
reddit_t1_ms14qnk,test,remove,False
reddit_1l8zw7s_mx9pgle,test,remove,False
reddit_1u0uj6d_oqu330j,test,remove,False
reddit_t1_msyy0ce,test,remove,False
bluesky_08c6be77cb0d6fa981c6363ded156e4755e04ee95513c42eeb2ebb0a2e55001e,test,remove,False
reddit_1kc5vjr_mq2f25m,test,remove,False
reddit_t1_mus1oa1,test,remove,False
reddit_1kne9uw_msjd7ua,test,remove,False
twitter_2095501495412167023,test,remove,False
reddit_1txopv4_opxi6i2,test,remove,False
reddit_t1_n039nvb,test,remove,False
reddit_t1_mtp4oi8,test,remove,False
reddit_t1_mvf5g4u,test,remove,True
reddit_t1_mu738ik,test,remove,False
reddit_t1_mu7serr,test,remove,False
reddit_1kl504v_ms23dzu,test,remove,True
reddit_1lda148_my9albn,test,remove,False
twitter_2059406630861803999,test,remove,False
reddit_1tgtqpq_omknbec,test,remove,False
reddit_t1_mujvo2b,test,remove,False
reddit_t1_mvgemvw,test,remove,False
bluesky_e64f8f7d661ba3950c8d305f38f337c55ab469f875b447970cb105669c86dfe9,test,remove,False
reddit_t1_mrkmok6,test,remove,False
twitter_2060967434576953751,test,remove,False
reddit_1kgvslf_mr3zcnu,test,remove,False
reddit_t1_mqczzng,test,remove,False
reddit_1ts7wt8_oou1zwn,test,remove,False
reddit_1km18ir_msb3huv,test,remove,False
reddit_1kisfrq_mrke2fa,test,remove,False
reddit_t1_my5oim9,test,remove,False
twitter_2060359887339630874,test,remove,False
reddit_1ttadso_op1djtn,test,remove,False
reddit_t1_myj2od6,test,remove,True
bluesky_494acbaaa2a31838fd4681adcd7d6e690a5f79fe23210a6c16a5f35e64393817,test,remove,False
reddit_1lj8oo7_mzi1id9,test,remove,True
reddit_1kj6zrh_mrsdegg,test,remove,False
reddit_t1_mzyyzrl,test,remove,False
bluesky_1a4a4c1f558dfa6e1101a2050005617d269ef4da476cdca31f3eef7c0b4db39c,test,remove,False
reddit_t1_mwd95xy,test,remove,False
reddit_t1_mzpr8u8,test,remove,False
reddit_t1_mrqfgxu,test,remove,False
reddit_1le8n6y_myfo5qw,test,remove,False
reddit_1llkodo_n00qp4w,test,remove,False
reddit_t1_mulroz7,test,remove,False
reddit_1u3bvdh_or4x7tv,test,remove,False
reddit_t1_mtlzamc,test,remove,False
bluesky_f8bdddc3e8ec1758c74e766465ce28d19f9b8a75362ba4c6ab2d440d62dd76f6,test,remove,False
reddit_t1_n08s0jr,test,remove,False
reddit_1kl7318_ms04qgm,test,remove,False
reddit_1likd35_mzcrrvf,test,remove,False
reddit_t1_mqgiwvd,test,remove,False
reddit_1keqjfd_mqkupq0,test,remove,False
reddit_t1_mzkee3j,test,remove,False
reddit_1krgk27_mtgzlm8,test,remove,False
reddit_1lhc9kv_mz3t618,test,remove,False
bluesky_3bab37f46dd87c2993410b0cd3e31991ddd1509ab076c96d64f4374bf64c1f25,test,remove,False
reddit_t1_mrx6uvu,test,remove,False
reddit_t1_mw1r3a8,test,remove,False
reddit_1u28e60_oqvyd0j,test,remove,False
reddit_t1_n0hrkbg,test,remove,False
reddit_1kf9rji_mqqckbr,test,remove,False
reddit_1l34a0n_mvyf04o,test,remove,False
reddit_1kfef9j_mqqmxru,test,remove,True
reddit_t1_ms0gf4p,test,remove,False
bluesky_ad557fba11cbd118d07adeb28b5b3fef86380b91d2e9cda2cfb512ea24bf95bf,test,remove,False
reddit_1krwr67_mthcm3v,test,remove,False
reddit_1tzwh8s_oqeauc3,test,remove,False
reddit_t1_mqr9cph,test,remove,False
reddit_t1_mtk962t,test,remove,False
reddit_1km0iur_ms7p7fc,test,remove,False
reddit_1kj7rrs_mrow327,test,remove,False
reddit_t1_mua7ey1,test,remove,False
reddit_1u0o8sa_oquz8f5,test,remove,False
reddit_1tnobm9_onvjxxf,test,remove,False
reddit_1thl0gz_omp2u3f,test,remove,False
bluesky_5e5f2525db85cd3eee210817b57eda15b0d6cba12bc926bc778aea75f84d6b9d,test,remove,False
reddit_t1_myandpa,test,remove,False
reddit_1kp0psp_msv921k,test,remove,False
reddit_t1_mr9yfvb,test,remove,False
reddit_1l2ic4a_mvtnul3,test,remove,False
twitter_2060132304178078119,test,remove,False
reddit_1tzwh8s_oqfvgpw,test,remove,False
reddit_t1_mzkg64t,test,remove,False
reddit_t1_mqpsr0n,test,remove,False
reddit_t1_mwvx56u,test,remove,False
bluesky_7c10924429e041fd6c8ffab8c262ce20b5987e9a316c09026c90f53085b51858,test,remove,False
bluesky_fb5e78b48d778b3d383f9bd35a5a397230fc33de09e62455f2450e776ac2fb49,test,remove,False
reddit_t1_mtd6g2k,test,remove,False
reddit_t1_mqb2nz7,test,remove,False
reddit_t1_msz6rbn,test,remove,False
reddit_1kfohcu_mqt90f3,test,remove,False
bluesky_f2696c54a5983281022aebbd757cbfaba77b5534f69c390be9ae14c9a55a6079,test,remove,False
reddit_1tv4g76_opelkgi,test,remove,False
reddit_1th143w_omkcgfr,test,remove,False
reddit_t1_msnsl4u,test,remove,False
bluesky_5dc648aa42f11d2bb546362de078359b8c7415b2e6e206d1152d12dd2780297e,test,remove,False
reddit_1tux6at_opd7skd,test,remove,False
reddit_1kz9k8f_mv5s2v4,test,remove,True
bluesky_efdeb639834e8573272f33838e050bfa22cb47e73a8fca7e9077ba5b0e888fc9,test,remove,False
reddit_t1_mwut2gw,test,remove,False
reddit_t1_my0580o,test,remove,False
bluesky_8797a2fb57c757a41b1103c457aa485a9af3f736422a8cee1f01ef0471d8649e,test,remove,False
reddit_1lioyxa_mze2ujl,test,remove,False
reddit_t1_muflhcd,test,remove,False
reddit_t1_mytsp88,test,remove,False
reddit_1kxhygt_muq46qq,test,remove,False
reddit_t1_msum1ij,test,remove,False
reddit_t1_mte5t0d,test,remove,False
bluesky_1e48a6b6e48c011f7cdf6066ca96b25a8768b498636f92bd1580cc98243ecdde,test,remove,False
bluesky_fd009008b64fcd30e69e9544921340f2ac32b509d8b798f793ebbef798d810b5,test,remove,False
reddit_1ku0t3s_mty3ki7,test,remove,True
reddit_1lmkfga_n09d7eo,test,remove,False
reddit_1kzpnb8_mv7vdw7,test,remove,False
reddit_1ts7wt8_oouryyx,test,remove,False
reddit_1kr82xj_mtge5yd,test,remove,False
reddit_t1_my712iq,test,remove,False
reddit_1kiobtd_mrgjf13,test,remove,False
reddit_t1_mve1tzn,test,remove,False
reddit_t1_mxxu4b0,test,remove,False
reddit_1kl063a_mryvy3i,test,remove,False
bluesky_bd94ce81b27221d3330502120c9109483327b248687803ad7a8c2ebcf05cab67,test,remove,False
bluesky_620b4a558ca0c1d60a35a80a6010f3f708fadeeb2a09a262d882ea617f190555,test,remove,False
reddit_t1_mt20mgy,test,remove,False
reddit_1u1baux_oqojo40,test,remove,True
reddit_t1_mt5m1uh,test,remove,False
twitter_2061824026234790380,test,remove,False
reddit_t1_mtboah4,test,remove,False
reddit_t1_mqfaa15,test,remove,False
reddit_t1_mtk6us4,test,remove,False
reddit_1tqhy93_ooigm3v,test,remove,False
bluesky_2588e3c9e3bea7fc7b89df53b3e3416e18cd4422c705eac4f5d128e7dd30e7c8,test,remove,False
reddit_t1_mwltnm5,test,remove,False
reddit_1tiweup_opzn4fj,test,remove,False
bluesky_97d87e6d9fb2306d0afa7c3d2878106e872ffd25d189c85aeed9b11ba704b801,test,remove,False
reddit_1lkicqn_mzsqimb,test,remove,False
reddit_1tv7vfu_ophvt4q,test,remove,False
reddit_t1_mwai9fa,test,remove,False
reddit_t1_mt7q7du,test,remove,False
reddit_1tutxzr_opebu0l,test,remove,False
reddit_1u1ntzl_oqryaz1,test,remove,False
twitter_2061819484415893848,test,remove,False
bluesky_435caf5b984d4f60000362ea571ea706ee1ba873a87e2c0ad93ad0b198fcfb07,test,remove,False
reddit_t1_n03t680,test,remove,False
twitter_2061500657115549955,test,remove,False
reddit_1ti151j_omrce6d,test,remove,False
reddit_1l44grv_mwaojjo,test,remove,False
reddit_1tsx0f1_ooyhgjl,test,remove,False
reddit_t1_mv543xd,test,remove,True
reddit_1lghpnj_myx3yt1,test,remove,False
reddit_t1_mx7570z,test,remove,False
reddit_t1_my9ha3v,test,remove,False
twitter_2061768888707060215,test,remove,False
reddit_1kt6p36_mtswsp7,test,remove,False
reddit_1ks5r8b_mtkw5wd,test,remove,False
reddit_1tptswd_op00c7g,test,remove,True
twitter_2061764640099479902,test,remove,False
reddit_t1_n08z3k4,test,remove,False
reddit_t1_myi9qdg,test,remove,False
reddit_1tpy3la_ood1p6z,test,remove,False
reddit_t1_myuuwe2,test,remove,False
reddit_1tzs7nk_oqdzxx3,test,remove,False
reddit_t1_mx4ii83,test,remove,False
reddit_t1_msd6zt9,test,remove,False
reddit_1keyd1l_mqnab4n,test,remove,False
reddit_t1_mxsjr2i,test,remove,True
reddit_t1_mue70b2,test,remove,False
reddit_t1_n0ijhho,test,remove,False
twitter_2096592633560744040,test,remove,False
bluesky_662cb9fbfde08f9eea18145845ee5077da60ac8fa964e152bc6541fe65a5f647,test,remove,False
bluesky_211c8882c6f373d203aa8d27d2bf16200482b8fe81f177efbde17428472e0bfc,test,remove,False
twitter_2061641702121599271,test,remove,False
reddit_t1_mr4m9ke,test,remove,False
reddit_t1_myk8wk5,test,remove,False
reddit_t1_mvgg41u,test,remove,False
reddit_t1_mzbdwol,test,remove,False
twitter_2095531139830059493,test,remove,False
reddit_t1_mr2hz8r,test,remove,False
reddit_t1_mtsmecm,test,remove,True
reddit_t1_msjj3uu,test,remove,False
reddit_1l5vi3g_mwmc7fm,test,remove,False
reddit_t1_mxay1hn,test,remove,True
reddit_t1_mxcdq3u,test,remove,False
reddit_1two3nw_opsa16w,test,remove,False
reddit_t1_mxc138v,test,remove,False
reddit_1l61pe2_mwlmryl,test,remove,True
reddit_t1_mq7kw9f,test,remove,False
reddit_t1_mzjjgff,test,remove,False
reddit_t1_mwozhgb,test,remove,False
reddit_1ttx203_op5rjl1,test,remove,False
reddit_t1_mzlhjdj,test,remove,False
reddit_1kym5zv_muydhms,test,remove,False
reddit_t1_mz2p4kr,test,remove,False
reddit_t1_mwaucdt,test,remove,False
reddit_t1_mu15k05,test,remove,False
reddit_t1_myavvyd,test,remove,False
reddit_1tig64l_omzp21h,test,remove,False
reddit_1kxdqqn_mupkh9q,test,remove,False
reddit_1tbymrb_olqz9cv,test,remove,False
reddit_1ttbe3e_op1eyqv,test,remove,False
reddit_t1_mxcssh6,test,remove,False
reddit_1tvll8k_ophzc2o,test,remove,False
reddit_t1_mye4vma,test,remove,False
reddit_t1_muy8u1t,test,remove,False
reddit_t1_mzl2fov,test,remove,False
reddit_1kxhjol_mupe0ei,test,remove,True
bluesky_1383519c26b38f1762cdc7ad27a9a06cb33809ab01ea8af717d528291b7f2ac3,test,remove,True
bluesky_a621dfc006783d773d8b3c9dd95f5d730494e3ce93616f8e36d65e7a1c42643b,test,remove,False
bluesky_0e2b250b7296b6665553ddf1e062f4c9f74fa6d2022a67e57bdcb02ede10f4c6,test,remove,True
reddit_t1_mwd8t2s,test,remove,False
reddit_t1_myl4omc,test,remove,False
twitter_2060149644953272762,test,remove,False
reddit_t1_mxdi10b,test,remove,False
reddit_1ll7qvq_mzz5mod,test,remove,False
reddit_1langqb_mxm7u9u,test,remove,False
bluesky_6f26412705a75dd872e690c0208bb33d9b41eeb5840eec82402df9c7753c4f34,test,remove,False
reddit_1l284mf_mvqtl3b,test,remove,False
reddit_1tt1r86_op1cbnl,test,remove,False
reddit_t1_mrx4prk,test,remove,False
reddit_t1_mtcg7fl,test,remove,False
twitter_2096931744947622350,test,remove,False
reddit_1u2ekz6_or1qxth,test,remove,False
reddit_1tvywom_opkqwt8,test,remove,False
twitter_2060089242911674462,test,remove,False
reddit_1l60dkx_mwl5ler,test,remove,False
reddit_t1_n0izskc,test,remove,True
reddit_1u1z88l_oqtf2w3,test,remove,False
reddit_1tvumlg_opkfakk,test,remove,False
bluesky_5bce719ddf39ef9f4b7b75729d10f8f83ab3f50b6053553d3d92438fcaabe363,test,remove,False
reddit_1lkfuae_mzt91vl,test,remove,False
reddit_1lkrt15_mzujlb2,test,remove,False
reddit_1kn4pwm_msgxlhw,test,remove,False
reddit_t1_mxx7gqe,test,remove,True
twitter_2061803057050964165,test,remove,False
reddit_1u0k7q8_oqj7zgm,test,remove,False
reddit_t1_msz3n43,test,remove,False
reddit_t1_mztg10w,test,remove,False
reddit_1kq44b8_mt4eh2d,test,remove,False
reddit_t1_mzy5ljp,test,remove,False
reddit_t1_mxwn9kx,test,remove,False
reddit_t1_mv6538d,test,remove,False
reddit_t1_mzgxxt7,test,remove,False
reddit_t1_mq2ginj,test,remove,False
reddit_1kv9g6t_mu7w4de,test,remove,False
twitter_2061448605962043668,test,remove,False
reddit_t1_my8yrb2,test,remove,False
bluesky_694f888ec1ad7a04bb8a1db8d4526baed0db9e215f02090c21e8401c4b87584b,test,remove,False
reddit_t1_msbcjir,test,remove,False
reddit_t1_mq44q4v,test,remove,False
reddit_1kk3rr8_mrrv7gb,test,remove,False
reddit_t1_mztw133,test,remove,True
reddit_1u008ep_oqh79iv,test,remove,False
reddit_1kxif9q_mupln2i,test,remove,False
reddit_t1_mzv4ieq,test,remove,False
reddit_t1_mq7sipg,test,remove,False
reddit_t1_mtnqi9j,test,remove,False
reddit_t1_mzgbs71,test,remove,False
reddit_1kfo0ut_mqsfs33,test,remove,False
reddit_1lmnl6g_n09b34i,test,remove,True
bluesky_70fbf644fd1b8c87cd689c3ad236542c8abfae8ea3666be7a3a77d868ebd0d29,test,remove,False
reddit_1u1ngzk_oqr47a3,test,remove,False
reddit_t1_mtvmdjd,test,remove,False
twitter_2060937553214075379,test,remove,False
reddit_1l6z3u2_mwux0zr,test,remove,False
reddit_t1_mtisa33,test,remove,False
reddit_1tqcf7r_oog2o63,test,remove,True
reddit_t1_mqjkt58,test,remove,False
reddit_t1_mtds1o6,test,remove,False
reddit_t1_mup5dkv,test,remove,False
bluesky_ccba1edb1ab67aa9969929f212fbafd31cf3a8bcda0b28dd5c728fb3dc78f75a,test,remove,False
reddit_1kgy2af_mr2g5mf,test,remove,False
reddit_1lnehz0_n0fdb49,test,remove,False
reddit_t1_mz46k7z,test,remove,False
twitter_2060424465364746267,test,remove,False
twitter_2059530868683678006,test,remove,False
reddit_t1_muvjzhj,test,remove,False
reddit_1kyi0c1_muxssb5,test,remove,False
reddit_1kf99b1_mqpqeu7,test,remove,False
reddit_t1_mtmf1ia,test,remove,False
reddit_t1_mxj9odr,test,remove,False
reddit_1lntb5c_n0i3evd,test,remove,False
reddit_1toup3n_oo46nhh,test,remove,False
reddit_1kze0f3_mv4slqa,test,remove,False
bluesky_71accbc061bcda7d83b2e652fe57c803a49725248571e70d54a62d3af13e95d8,test,remove,False
reddit_1lhbh5p_mz2toqw,test,remove,False
reddit_t1_mpz3h1k,test,remove,False
twitter_2096576494873248040,test,remove,False
reddit_t1_mz2wahb,test,remove,False
bluesky_a4e060b6865f5fdd4250c0ab1ebfc934daccdead1128205400775647ac7281b4,test,remove,False
reddit_t1_mwrbrk2,test,remove,False
reddit_1ktwzfn_mtx4alt,test,remove,False
twitter_2060179094478979438,test,remove,False
reddit_t1_msnwpv8,test,remove,False
reddit_t1_myy6uti,test,remove,False
bluesky_2bca62d8496d201404993aa02255972e3fc8d2cd44f1dfb24771415ad21e5964,test,remove,False
reddit_t1_ms5pz2r,test,remove,False
reddit_1khn8d7_mr8ymee,test,remove,False
reddit_1ko2gif_msnyvp2,test,remove,False
bluesky_a21cd73981bf6925e44b7c6a7c6a8f0090b51ff42cccfe5ce9214fb036a6dc97,test,remove,False
reddit_t1_mzs3e9r,test,remove,False
reddit_t1_mtb8jw0,test,remove,False
reddit_1lnoh6c_n0h0jtj,test,remove,True
reddit_1tgwl5y_omjzf52,test,remove,False
reddit_1kcy0mu_mq6vxp3,test,remove,False
reddit_1ljwjpn_mzpfcg5,test,remove,False
reddit_t1_n0h09pz,test,remove,False
twitter_2096583814424220140,test,remove,False
bluesky_1e2b6af262ab494d4372d4f5b5e7fbc8d8ba6d194262479aad04d435f628d39e,test,remove,False
reddit_1lg0jx2_myslgv3,test,remove,False
reddit_t1_mvusrpl,test,remove,True
reddit_t1_mrug9kr,test,remove,False
reddit_1tt8k9j_op0vg9c,test,remove,False
reddit_1tuebh8_op919im,test,remove,False
bluesky_b0beee7fb323c39d33f4ad11403a62874a9d3493edc5aecf9c519f5e44005030,test,remove,False
reddit_t1_mtvuqx0,test,remove,False
bluesky_f5f9be0cc432843fd7b8c6a78189d8a62a33c8999508a4cdf92fd151e5a41f44,test,remove,False
reddit_1tuzwvu_opdu3o8,test,remove,True
reddit_t1_mrtycwc,test,remove,False
reddit_1tig64l_omy09dk,test,remove,True
twitter_2061812360021528890,test,remove,False
reddit_t1_mwxfqsl,test,remove,False
reddit_1lenivv_myhm9xr,test,remove,False
reddit_t1_mrnvirn,test,remove,False
reddit_t1_ms5cqq8,test,remove,False
reddit_1kub3v4_mu0vdmq,test,remove,False
reddit_t1_mthxadg,test,remove,True
reddit_t1_mtqbbok,test,remove,False
reddit_1tpltp7_ooa8qgq,test,remove,False
reddit_t1_mzcsm0y,test,remove,False
bluesky_2f99be5412e875cb98d2294d59ce3d310eebdd8d88d26013986763f28c439a92,test,remove,False
bluesky_3f881c29bcd3e75a7c237ceb2becf41198684178c4c8e4dd48a275a9013ee004,test,remove,False
twitter_2061566583906939185,test,remove,False
reddit_1l8yg4o_mx8f8ij,test,remove,False
reddit_t1_mtt4j3k,test,remove,False
reddit_1kzy1gr_mvo9ffu,test,remove,True
reddit_t1_mqatv7p,test,remove,False
bluesky_a31e33d161477480fb49dcff96b2f6991b6e08299aeaaab806b0393b4d3094e3,test,remove,True
reddit_1ti6ied_omtce2r,test,remove,False
bluesky_06f9283546e7deff90460e24cd2acd58bfbe04a53ceb579930f457eb3e36da48,test,remove,False
reddit_t1_myjsyku,test,remove,False
reddit_t1_msnuvq2,test,remove,False
reddit_1tnl317_onurqk5,test,remove,False
reddit_1tt4n7i_op1e2kp,test,remove,False
reddit_1ko22o4_msnjqp4,test,remove,False
bluesky_21ca9f8e95e4761bcda4934b79674c0602a32af87648a0e96c459b3ac8862642,test,remove,False
reddit_t1_n0iovov,test,remove,False
reddit_t1_mth5ebn,test,remove,False
reddit_t1_ms18d74,test,remove,False
reddit_t1_mto4ees,test,remove,False
bluesky_9d6638fead971c195d137538faa8e07fb12e9fdd68bd5e492aae8fb4fac61096,test,remove,False
bluesky_bc150b493adf4cb2f25677c68c728ddcb152e2f827fa036d022a43cb64d57569,test,remove,False
reddit_t1_mx8qyj9,test,remove,False
bluesky_4768a1f36c78c1bddc20d403befb5f72c79a50416514a06868ebe7b9b0352ce2,test,remove,False
reddit_t1_mwvz94t,test,remove,False
reddit_1l21lr7_mvtwcrc,test,remove,True
twitter_2061816204491198746,test,remove,False
reddit_t1_mwbdvjq,test,remove,False
reddit_t1_mw5c2hw,test,remove,False
reddit_1lctt8i_my41h2v,test,remove,False
reddit_1l90e05_mx94ch3,test,remove,False
bluesky_f92f7e5792d03f6900cd39615381f28f040f813a311f870dee0fbadbce7887fb,test,remove,False
reddit_1ljb096_mzjaiub,test,remove,True
twitter_2060779532764721533,test,remove,False
bluesky_a7681feab8055d78565148621cea6a3ea78351f6d5949b2a0d2e6118788fc2db,test,remove,False
twitter_2061450223457853604,test,remove,False
reddit_t1_mrxzcjq,test,remove,False
reddit_1tkr9ah_onbu1qk,test,remove,False
twitter_2096454749436461382,test,remove,False
reddit_1lo6alt_n0kpc74,test,remove,False
reddit_t1_mpxs02l,test,remove,True
reddit_1kd0xyv_mq8ih8c,test,remove,False
bluesky_1b343f2aaab17e992cc8be819ef63fad4df81d361a02a5c116f14a7378044818,test,remove,False
reddit_1lndmw8_n0f2u35,test,remove,False
twitter_2060678412109283705,test,remove,False
bluesky_e2c88d6d9ac11e25de6e4f5fb57fc2a51139ad15fd1259d9d5ef177161289b43,test,remove,False
reddit_1tuly4n_opb61dz,test,remove,False
bluesky_a031d8f5968f51cc65c90c10996d1ae36a96cba357d2615e742163f03dac6df0,test,remove,False
reddit_t1_ms63bro,test,remove,False
reddit_1ivhii3_mtm3tcv,test,remove,False
bluesky_2d55edacb587a086878af3a69dd096eb399003173d3d2a8d2f2a2c8d88e93015,test,remove,False
reddit_t1_mwtb988,test,remove,False
bluesky_eb2bf68649ca128eee8ac1b8ff19bebbd88a1307222c576127ccc73178f5ecc3,test,remove,False
reddit_t1_msj0z5x,test,remove,False
reddit_t1_n06rm2u,test,remove,False
reddit_1l7y8hu_mxa7ugu,test,remove,False
twitter_2096176217019818461,test,remove,False
reddit_1tbcpqz_olg14md,test,remove,False
reddit_1ts0dh7_oosjnk1,test,remove,False
reddit_t1_muu8djp,test,remove,False
bluesky_0a4e6cd1bb74635748cceb204ea32293b19ca56fd42d767f5225fdb3c5c0eb38,test,remove,False
reddit_1ttbe3e_op1fr75,test,remove,False
reddit_t1_mro330f,test,remove,False
bluesky_17c099e1c18f25bf4c401a3760064a2e3ee5941cf7095eee7fdae947e9d1cba9,test,remove,False
reddit_1l6i2i2_mwp30xg,test,remove,False
reddit_t1_mtpo6f7,test,remove,False
reddit_t1_mwqzc57,test,remove,False
reddit_t1_my1zayn,test,remove,False
reddit_t1_mymgwb8,test,remove,False
twitter_2061587490465616110,test,remove,False
reddit_t1_mtxwud5,test,remove,False
reddit_t1_mtlcesq,test,remove,False
reddit_1la39e8_mxhpzjp,test,remove,False
reddit_1u1c4u6_oqpzqip,test,remove,False
reddit_t1_mwgcyau,test,remove,False
reddit_t1_mtq12zr,test,remove,True
reddit_1loay02_n0lih5f,test,remove,False
bluesky_adea02b2197f4228f40914ff7042330eed34040aa810ddd41a12fdd4e437cb2b,test,remove,False
bluesky_75e16bd3f80f29f6ef0825cb790d077bfd2ea0ed8336453d0b6b3ee82062673d,test,remove,False
reddit_t1_mwj0kgf,test,remove,False
twitter_2061401867750379644,test,remove,False
reddit_1kdq5jl_mqenqo7,test,remove,False
twitter_2061452521760055351,test,remove,False
twitter_2061781885701734492,test,remove,False
bluesky_1668b76d077c4eef5dba7a8be29f8974f1c14ada0486ef47000abbc2317bfbe0,test,remove,False
reddit_1ljleqn_mzlwcvl,test,remove,True
reddit_t1_ms30g8b,test,remove,False
twitter_2096175843131244972,test,remove,False
reddit_1u27ivx_oqw77nb,test,remove,False
reddit_t1_n04il3h,test,remove,False
reddit_1lbu9k4_mxwb8c9,test,remove,False
reddit_t1_ms3tljt,test,remove,False
reddit_1lh7wks_mz321f4,test,remove,False
reddit_t1_mzqkyav,test,remove,False
reddit_t1_msuczx8,test,remove,False
reddit_1u17p37_oqnlndp,test,remove,False
reddit_1lbyhcq_mxw9m3t,test,remove,True
reddit_t1_mynyfhm,test,remove,False
reddit_1tzfhxv_oqbc9hg,test,remove,False
reddit_1tsj7e8_oow2ha4,test,remove,False
reddit_1tnf5qd_onyb8ao,test,remove,False
reddit_1tuebh8_op9k150,test,remove,False
reddit_1twd1b6_opvlh0u,test,remove,False
bluesky_8479ee8c42a6043233af35adf03fdf54304dee4cf963d08eb4fe2d02945e4c30,test,remove,False
reddit_t1_mxyovad,test,remove,True
reddit_1u0y79a_oqunvpe,test,remove,False
reddit_t1_myanyxv,test,remove,False
reddit_1l4o91d_mwba6rj,test,remove,False
reddit_t1_n0nj6wo,test,remove,False
reddit_t1_myaq8d9,test,remove,False
reddit_1tbymrb_olkwqrw,test,remove,False
reddit_t1_mzsitc4,test,remove,True
reddit_t1_msh9tj9,test,remove,False
reddit_1tzgcp8_oqb4jxf,test,remove,False
reddit_t1_n00yzyg,test,remove,False
bluesky_5e22018a122fd73d39cadcf20657d77662aa35df46f052c8a5f4e9c379ac3ce3,test,remove,False
reddit_1l61ha1_mwnbj18,test,remove,False
reddit_1knx7j9_mslzwad,test,remove,False
reddit_t1_mu089sz,test,remove,False
bluesky_8f88c7e9608c31fc3287bdfaf968999ad5f7fe1f305686f7061edb069c8973c2,test,remove,False
reddit_1tvzdk2_opkleum,test,remove,False
reddit_1kpgf6p_msz825b,test,remove,False
reddit_t1_n023b9u,test,remove,False
twitter_2061831193654345754,test,remove,False
reddit_t1_mwehq6o,test,remove,False
bluesky_dfc9ccbc2b8d90f37b8d5f017da82ef1fd6755d3b904a86ae4876d470e05d97a,test,remove,False
twitter_2096142783044051098,test,remove,True
twitter_2061069128522215768,test,remove,False
reddit_t1_mzwzmrl,test,remove,False
twitter_2096361853647487194,test,remove,False
bluesky_2ab1c908423923c6f0a57f83ad21ae934451ff73c19bef896564de482c7ed76f,test,remove,False
reddit_t1_myuke2l,test,remove,False
reddit_1txme1m_opzds45,test,remove,False
reddit_1u2ekz6_or1f18w,test,remove,True
reddit_t1_mu4petq,test,remove,False
bluesky_2c053efc5c7730eb79ebcc0145213115b759ac2f7a8dba05279ca8dc05bb31b9,test,remove,True
reddit_1thox1m_omongox,test,remove,False
reddit_1ttui2j_op5xvkf,test,remove,False
bluesky_3e936e763ff99918a80c544851d1faa80c34ef66325afd55c44ddd3c7a48c54f,test,remove,False
bluesky_61b89c81306b12b4695330a873ad93314babb7deec46284c0a00cf9b90dde9cf,test,remove,False
reddit_1kcxplk_mq8lhvh,test,remove,False
twitter_2059679003493949913,test,remove,False
bluesky_d9c6c0af926c148ca844499dabdf6bd2e94f5cd34ab7fa91177551402de7655d,test,remove,False
reddit_t1_mx5pcqs,test,remove,False
twitter_2059279074258715042,test,remove,False
reddit_1ktrw7u_mtwpptb,test,remove,False
twitter_2060525706883309757,test,remove,False
reddit_t1_msz66j6,test,remove,False
twitter_2096587684814713336,test,remove,False
reddit_t1_my13f5y,test,remove,False
twitter_2096416366391652705,test,remove,False
reddit_1l3yavl_mw5u1nu,test,remove,False
reddit_1kifvs5_mrgonpm,test,remove,False
reddit_1kjj6u8_mro7how,test,remove,False
bluesky_0526b09ee380a2cbb228e907286a57729adbc3e6776efbc9608ea2a2063c3130,test,remove,False
reddit_t1_mqd744c,test,remove,False
reddit_1kl5fk8_ms13yvj,test,remove,True
reddit_1krctyl_mtchpfy,test,remove,False
twitter_2096293689706328480,test,remove,False
reddit_t1_myocz6e,test,remove,False
reddit_1kxft14_muryvjh,test,remove,False
reddit_t1_mr2fjr7,test,remove,True
reddit_t1_msipgqz,test,remove,False
reddit_t1_n08o1rg,test,remove,False
twitter_2096611205674885505,test,remove,False
reddit_1leqcgj_mykd9al,test,remove,False
reddit_1ksao9m_mtl1mlp,test,remove,False
twitter_2061254253843530192,test,remove,False
reddit_t1_mw4xklg,test,remove,False
reddit_1lmypcv_n0c92da,test,remove,False
bluesky_6357abd0fd5c4db678fc41e0ec0472197fe51b5f475055d3a4f48d17739c4a7b,test,remove,False
reddit_1l7atc5_mwwhkkp,test,remove,True
reddit_1lauyl0_mxq44dy,test,remove,False
reddit_t1_n0j9hib,test,remove,False
twitter_2061097407211839651,test,remove,False
reddit_1kfhkcj_mqsprce,test,remove,False
reddit_1tucjhu_op8mx9l,test,remove,False
reddit_1llvimx_n04o8kr,test,remove,False
bluesky_8fc8031c21f02f5af829c30036691d393dfda798938bc6f567c00246491165bb,test,remove,False
reddit_1lhdd2s_mz3d6k5,test,remove,False
reddit_t1_mrvyom5,test,remove,True
reddit_1tuzwvu_ope43jk,test,remove,False
bluesky_840beaed2b75b9639ec5d8c1ba245636bdaaa9be916a16f9a5e085d1285cd45f,test,remove,False
reddit_1l7xya6_mx0cmts,test,remove,False
bluesky_f79b91f3069d55d5272f6173c2bd65969ee169140652f02b8c6a2df72a0f14f8,test,remove,False
reddit_t1_muy386k,test,remove,False
reddit_t1_mwpfqw9,test,remove,False
twitter_2060521783934226926,test,remove,False
bluesky_114ee7f4300678b008df26be9acec408061a791e142f3a178cc9ac1b352ca388,test,remove,False
reddit_t1_mzkl7up,test,remove,False
reddit_1tw739j_opn5yej,test,remove,False
reddit_t1_mtczn6m,test,remove,False
reddit_1l4m5l4_mwb0jov,test,remove,False
reddit_t1_mtqwpvj,test,remove,False
reddit_t1_mvtnucw,test,remove,False
reddit_t1_mvdhary,test,remove,False
reddit_t1_mzxf0j0,test,remove,False
reddit_1txsm52_oq1k93m,test,remove,False
reddit_t1_mtxycdb,test,remove,False
reddit_t1_mqpogzg,test,remove,False
reddit_1lel8xy_myl6ln3,test,remove,False
reddit_t1_n0b3d3l,test,remove,False
reddit_t1_mtpjion,test,remove,False
reddit_t1_mssjnr7,test,remove,False
reddit_t1_n0bozd9,test,remove,False
bluesky_a23775712571ed501d4a9e6a8fd60d6ddf8c2c2c609ee589ed29ec6a0588f2da,test,remove,False
twitter_2061646415571321326,test,remove,False
reddit_1kik1os_mrfrlcc,test,remove,True
twitter_2061590295935066530,test,remove,False
bluesky_191c2e983b15e4ddba62d92344e7b9b5f3dcc527912c0510076a03b405b2ac75,test,remove,False
reddit_t1_mtwrouz,test,remove,False
reddit_1lnlu9b_n0gzjih,test,remove,False
reddit_t1_myvjftz,test,remove,False
reddit_1kvup4n_mucfqvh,test,remove,False
reddit_1tr6mt1_oolg76y,test,remove,False
reddit_1lctt8i_my394sl,test,remove,True
reddit_t1_ms2rnye,test,remove,False
reddit_1tuly4n_opbr0ie,test,remove,False
reddit_t1_mstksxw,test,remove,False
bluesky_dd82bf5f5948f44969e3460c00c5f7d8f481167bd03be0438f08c11987197875,test,remove,False
bluesky_169dfc1706cd0c6e559b4f67994172e6b13b5c4ef3ef1fda4b07cf1ddeb2410a,test,remove,False
reddit_1llvt1s_n03wmyo,test,remove,False
reddit_t1_myw8eeq,test,remove,False
reddit_t1_mt3cj9t,test,remove,False
bluesky_9eef24b458eaee57c32f49139433182d1afa375009bacffc05db06c125edd05e,test,remove,False
bluesky_8b56dff2bd71e1cc74b569bcc037b73d30faf6598e010d2cc0611a0f65000462,test,remove,False
reddit_1l7ae5z_mwwztvj,test,remove,False
bluesky_e3aa1bb9009684dc2704f09b53fb985b112dd7ddcdb60e923dac1604b668ef38,test,remove,False
reddit_t1_musufjh,test,remove,False
reddit_1ldvssa_mybyikv,test,remove,True
reddit_1kxdqqn_muq616o,test,remove,False
reddit_1thqwmy_ompj0m7,test,remove,False
reddit_t1_mvahfrt,test,remove,False
reddit_t1_mxt9704,test,remove,False
reddit_1ko4jsf_mssto77,test,remove,False
bluesky_4576fa4636b51c4537aa198ce65531b40d6e6261d11116ecf8dc993c12fcfe35,test,remove,True
reddit_1kjrbwj_mrp2c9k,test,remove,False
reddit_t1_mtdmoua,test,remove,False
reddit_t1_mqnqcdx,test,remove,False
bluesky_73ec241b048c0c84498667e5eb092b2276167f886c06df80684502a2a3dcfea1,test,remove,False
reddit_1kh7zbd_mr7ajcn,test,remove,True
reddit_t1_ms4guaz,test,remove,False
reddit_1l7lxcv_mwynfqx,test,remove,False
reddit_t1_n0g3i06,test,remove,False
bluesky_68ba2c62a072efcb3c266284c1ccb4156c7d9d9f871631d121d36ad7bbf872a7,test,remove,False
twitter_2095813532331688386,test,remove,False
twitter_2061725024814342629,test,remove,False
reddit_t1_mxtutlk,test,remove,False
reddit_t1_n02u74g,test,remove,False
reddit_t1_mxbtsu3,test,remove,False
bluesky_8416dbdf6bf70fc9d8c7f0213b99b040f74d9522fef449d82e9b9d055b8add22,test,remove,False
reddit_t1_mtf7n8p,test,remove,False
reddit_t1_mrqyptp,test,remove,False
reddit_t1_myb6oeh,test,remove,False
reddit_t1_mzoeuin,test,remove,False
reddit_1tutxzr_opctx4z,test,remove,False
reddit_1ttcu5f_op47gh9,test,remove,False
reddit_t1_mqro5rt,test,remove,False
reddit_1tp6tgh_oo6fpok,test,remove,False
reddit_1kiuxmp_mrl2o0d,test,remove,False
twitter_2096646906504233416,test,remove,False
twitter_2061696816643760222,test,remove,False
reddit_1tzcqta_oq9pejq,test,remove,False
reddit_t1_mxozk0o,test,remove,False
reddit_1kkortc_mrw58ri,test,remove,False
reddit_1lnd3kr_n0f0wo6,test,remove,False
twitter_2097106539358085551,test,remove,False
reddit_t1_mx5906h,test,remove,False
reddit_t1_mz2x7o7,test,remove,False
reddit_1ku5bsi_mu07mz0,test,remove,True
twitter_2097080290376364419,test,remove,False
reddit_1l5qzp8_mwj3dvp,test,remove,False
twitter_2096949969659846718,test,remove,False
reddit_1u0oc51_oqlcsuw,test,remove,False
reddit_t1_msa4rip,test,remove,False
reddit_t1_mwlc3e2,test,remove,False
reddit_1lhrgof_mz6vo58,test,remove,False
reddit_1lg1iv5_myw2w3x,test,remove,False
reddit_t1_ms91pk3,test,remove,False
reddit_t1_msvg4ma,test,remove,False
reddit_1khx7jq_mrb9wxw,test,remove,False
reddit_t1_mz63ypt,test,remove,False
twitter_2061676831338549420,test,remove,True
bluesky_73e1888b9f66e61ebabc99f7cfa427146c4c7f2802fa251a850a56d5eb36eae2,test,remove,False
bluesky_3b28d6c19fcea2344e461d1afd31b02d29c590518ee1aae58e23d188d22a2d58,test,remove,False
bluesky_f1e4a1895a81d3d2ed782c6e9f1d7c56d1ec855699086590e66686abe20f2255,test,remove,False
bluesky_8323c306829c22c7b979c73b2941d4bb44add0609119209fc7ffbd104f76f2dd,test,remove,False
bluesky_6c8288a01f82d3999a38482ee7e5257380a421aae010971191b952bc827ad14f,test,remove,False
reddit_1lm039e_n05uolq,test,remove,False
reddit_1ledflx_myflb5i,test,remove,False
bluesky_0db78372e357f55538d5d733210247f59b7cb83ef5336fa7e178ec0b52f44a91,test,remove,False
reddit_t1_mrchfzv,test,remove,False
bluesky_91f3b121609c0eaf8a558d760ad2d87440ab9850840737074d0096b2be927e99,test,remove,False
twitter_2061827497746923621,test,remove,False
twitter_2061111044475605133,test,remove,False
bluesky_ebe1bac9d7a9764fc78e58a986c1f2174514a149d896438a9d3bdbc868a73f32,test,remove,False
bluesky_f657489e1c1e6e98dde6d40bd10592fa614cccd2bb7d01d90259f9593c4f4c85,test,remove,False
reddit_1kk3rr8_mru1p91,test,remove,False
reddit_t1_mwp6454,test,remove,False
reddit_1lkkruo_mzstgzs,test,remove,False
reddit_1knkb0i_msjhtgl,test,remove,True
reddit_1kimqa4_mrjpvhb,test,remove,True
reddit_1lhaiqa_mz2sx83,test,remove,False
reddit_t1_mruukdc,test,remove,False
twitter_2059733422369607894,test,remove,False
bluesky_b3d04f1e5c7e41de657a98972142ca8b9b6f32d59ca58bbd20a6afa481efe862,test,remove,False
reddit_1kej1h4_mqjhsi8,test,remove,False
reddit_1keltha_mqjof04,test,remove,False
reddit_t1_mvkykoa,test,remove,False
reddit_1l9jij3_mxetx1q,test,remove,False
reddit_1lepsty_myi7ndx,test,remove,True
reddit_t1_mwdavsa,test,remove,False
twitter_2061498615227625951,test,remove,False
reddit_1lhaiqa_mz3l0ob,test,remove,False
reddit_t1_mw6w1xs,test,remove,False
reddit_t1_mx7jwod,test,remove,False
reddit_t1_mt4ueig,test,remove,False
reddit_1ln4xz0_n0cojlk,test,remove,False
reddit_t1_mqq1q70,test,remove,False
bluesky_8432b0f464515f05af2b01585300f9dd8ecc5bd65ba1789b8451989a8cf97938,test,remove,False
reddit_t1_mxduul6,test,remove,False
reddit_t1_mywxmd5,test,remove,False
reddit_1tvsp9t_opjfejq,test,remove,True
twitter_2060719948302004294,test,remove,False
reddit_1ttadso_op1ex9w,test,remove,False
reddit_t1_mx6a4h8,test,remove,False
reddit_1tt8k9j_op1a3h7,test,remove,False
reddit_t1_mqii4ul,test,remove,False
reddit_1lkiugc_mzsqqwz,test,remove,False
reddit_t1_mwq5ao5,test,remove,False
reddit_t1_myobhwi,test,remove,False
reddit_1lcws41_my4gi3t,test,remove,True
reddit_t1_n0nib84,test,remove,False
reddit_1lhc9kv_mz32ep2,test,remove,False
twitter_2095623052273111500,test,remove,False
reddit_t1_mxgjgmc,test,remove,False
reddit_1ll7ev6_n0avox8,test,remove,False
reddit_t1_mqg4xoo,test,remove,False
reddit_t1_mqffqns,test,remove,False
reddit_t1_n008ezs,test,remove,False
reddit_1lccvte_myopelc,test,remove,False
reddit_t1_mqd0dyk,test,remove,False
bluesky_6ee509cdfb1b0cde0637ccd84e00863f7505c612e0726fba8256f66d49cecc6e,test,remove,False
reddit_t1_n0lg5c9,test,remove,False
reddit_t1_muu4vp9,test,remove,False
reddit_1lj78qb_mzxg2uy,test,remove,False
reddit_t1_ms2ra02,test,remove,False
twitter_2061545155941781791,test,remove,False
reddit_1tt6s61_op123zh,test,remove,False
bluesky_5443c61d503c0c18dcce903ef2b99a1b4b0bde361e974ff9c7512a36a919ef20,test,remove,False
twitter_2060673758700970116,test,remove,True
reddit_t1_mvyev5u,test,remove,True
reddit_1kdtw54_mqdqgjd,test,remove,False
reddit_t1_mzmnk3d,test,remove,False
bluesky_2579a29408e2d7e98ebc4d1ead332515f9ebc2e74666c0eefa468abaee49d96a,test,remove,False
twitter_2060840641832059258,test,remove,False
reddit_t1_mxk8tf7,test,remove,False
reddit_t1_mrxjgg1,test,remove,False
reddit_1l728he_mwx77g8,test,remove,True
reddit_t1_msnn76f,test,remove,False
bluesky_c067f3402e33defff6d22d3aebd147bf2003a1bd61bcff0208561c2a2ba7b0d2,test,remove,True
twitter_2097070545812496580,test,remove,True
twitter_2059414135176045034,test,remove,False
reddit_t1_mq8gkjb,test,remove,False
reddit_1l7atc5_mwwsnap,test,remove,False
reddit_t1_mu0yuqn,test,remove,False
reddit_t1_ms0q15d,test,remove,True
reddit_t1_mq1szpm,test,remove,False
bluesky_6e2ed2a31d572fb05b551cde078845ffeb27fe369df7553011cb532f47c43189,test,remove,False
reddit_1kv9g6t_mucd99u,test,remove,False
reddit_1twgtct_oprp41i,test,remove,True
bluesky_da4343612799afde10761c81683943e125d6f9b99cd24da6127350d7f6c6d501,test,remove,True
bluesky_180c1437756cf77e8853d9de024025c0dbedbc24849fd2cccc3a8feef5a1fde7,test,remove,False
reddit_t1_mr3b3ki,test,remove,False
reddit_1ktwgrg_mtx6flx,test,remove,True
reddit_1kqpl00_mt7bz9h,test,remove,False
twitter_2096667228234240038,test,remove,False
bluesky_8ed1697a3d1b30607cf23e3446d6341994482ba1bcfe6ac56f25e7ce2c1efe39,test,remove,False
reddit_t1_mz7y8g7,test,remove,False
twitter_2061827140375441506,test,remove,False
reddit_1u0gjyt_oqi3psa,test,remove,False
reddit_1ts7wt8_oox36yg,test,remove,False
bluesky_cb869d49d9870b824a136cff030c945fbe7b2bc4505828ddb57fff6b85c32b75,test,remove,False
reddit_t1_mszbw2y,test,remove,False
reddit_1tuzwvu_opdeyrk,test,remove,False
reddit_1u28e60_oqvltum,test,remove,False
reddit_1kfeyz1_mqrah4i,test,remove,False
reddit_t1_mumc6gw,test,remove,False
bluesky_d07547db8a3fd657945ab1ab4327387aad3deba04598378e137c562d7d2dd8a9,test,remove,False
reddit_1legu6v_myhek0e,test,remove,False
reddit_1kdvxy1_mqfqddi,test,remove,False
reddit_t1_mth8f1u,test,remove,False
bluesky_d40bb497a5d55258456199abd43a8b795d10cec5942c30301359a744058beb04,test,remove,False
bluesky_93e8b611fa80d8a3125e94d151f4c2a8fa6925d3b941271fa4d01224cbc4ea29,test,remove,False
reddit_1ti6ied_omshkha,test,remove,False
twitter_2061065266629411201,test,remove,False
reddit_t1_mpxst3n,test,remove,False
bluesky_3a30a01ee9179cc6aaa7dd1f9e10cbced537e31beacd680a69d6fb521230be7b,test,remove,True
reddit_t1_mterit6,test,remove,False
reddit_1lccvte_my0kqnb,test,remove,False
bluesky_d0d13ff3d85488b4675c5e8092c0f64256c745faa986eed97c149446c00439ca,test,remove,False
reddit_t1_mswkvfz,test,remove,False
reddit_t1_mxic5b1,test,remove,False
reddit_t1_mvu54he,test,remove,False
bluesky_34e140c3da7274c244ab0661160efa4001f95ca0b8de79149ca6caacb22ccb05,test,remove,False
reddit_t1_mqkkz6n,test,remove,False
reddit_t1_myzoc8a,test,remove,False
reddit_1lmzz33_n0ez7ts,test,remove,False
reddit_t1_mvl674t,test,remove,False
reddit_t1_mwmblo4,test,remove,False
reddit_t1_muqybzo,test,remove,False
twitter_2061767095587619275,test,remove,False
reddit_1ttca9v_op1jeaj,test,remove,False
reddit_t1_mrsoccs,test,remove,False
reddit_t1_ms10b2l,test,remove,False
twitter_2096966900488065483,test,remove,False
reddit_1tv4g76_oplojgb,test,remove,False
bluesky_cec8d5d71dd04e94032d680b4e2800813fc6d8b811e0edcde4406ac2c96677e3,test,remove,False
reddit_1l0782v_mvjq391,test,remove,False
bluesky_e7e7224edd290ba730922818dfaf1e299c52cb16baf578b8eab3983c33d979bb,test,remove,False
reddit_1tws6al_opqsqmv,test,remove,False
reddit_t1_muhgjq9,test,remove,False
reddit_1l2ndoc_mvxx1f3,test,remove,False
reddit_t1_mrjaz6q,test,remove,False
twitter_2061587113901191589,test,remove,False
reddit_1kubmkz_mu0czv7,test,remove,False
reddit_1kufmez_mu4t0yd,test,remove,False
bluesky_3717a9d795eb2241a8208077b476b98ad49de956cd488b4a6270700d559690e9,test,remove,False
reddit_t1_mwfr246,test,remove,False
twitter_2060481006088401231,test,remove,False
reddit_t1_mx8orxl,test,remove,False
reddit_1lj2q80_mzkh3dv,test,remove,False
reddit_t1_mxjga6w,test,remove,False
reddit_1llvimx_n03kocw,test,remove,False
twitter_2061827523000856721,test,remove,False
reddit_1krctyl_mtdgvtg,test,remove,False
reddit_1tsyeyo_ooyp301,test,remove,False
reddit_1twgtct_opqvx2o,test,remove,False
reddit_t1_mxhs45w,test,remove,False
reddit_t1_mq0stzu,test,remove,False
reddit_1ll9l4x_n013h7b,test,remove,True
reddit_t1_mrud9lr,test,remove,False
reddit_t1_mzy10af,test,remove,False
twitter_2060070589088387347,test,remove,False
reddit_t1_mxqrk2s,test,remove,False
reddit_t1_mpz0goq,test,remove,False
reddit_1khn8d7_mr8q22e,test,remove,False
reddit_1l6op5v_mwqpjxm,test,remove,False
bluesky_877d1adc8760464804d8ffe552d11d598b9652e6dc82833d4fd378b561d7ed52,test,remove,False
reddit_t1_mzvz3ze,test,remove,False
reddit_1twr00b_opqdwt3,test,remove,False
reddit_t1_mrh1ah3,test,remove,False
reddit_t1_mso1d7a,test,remove,False
bluesky_a36b6a1a017be95a661353b9586656a86db54f2caa68463f492aabf6981ebbae,test,remove,True
reddit_1lhaiqa_mz2ulah,test,remove,False
reddit_1kz5s0r_mv6dhqc,test,remove,False
reddit_1ts91q8_oouzxky,test,remove,False
reddit_t1_mt5lcx2,test,remove,False
reddit_1ksedw6_mtls5k7,test,remove,False
reddit_1tql6ez_oohb1bp,test,remove,False
reddit_1kfc5yi_mqpmayg,test,remove,False
bluesky_c83250fc5233acc569f8c769e2619ece18d85193a19a85a06edd5f805054a9cb,test,remove,False
reddit_t1_mwkiru6,test,remove,False
bluesky_26a43189310b30b3c8a523ec3f5e0fa80dcb69ac7398f62d720e81854243b34b,test,remove,False
reddit_t1_n0kpnr3,test,remove,False
reddit_1kouuvz_msudg9g,test,remove,False
reddit_1kzlzd8_mv8ezi4,test,remove,False
bluesky_e1ab7cd099708faf35f511ff0bf245d010af99624c681d81cf453536c4ed9c7a,test,remove,False
bluesky_5f1890f57fca0a08343fcb272e244e1c4533e657dd3d5286e17f96eff16b9739,test,remove,True
reddit_t1_mrbocfy,test,remove,True
twitter_2061802548437074115,test,remove,False
reddit_1kfohcu_mqsgvmv,test,remove,True
reddit_t1_mzrxnfa,test,remove,False
twitter_2061456479270453264,test,remove,False
reddit_t1_muxr8bv,test,remove,False
reddit_t1_mv3o1jq,test,remove,False
reddit_1khug51_mrad843,test,remove,False
twitter_2061552537124135008,test,remove,False
reddit_t1_myvjksk,test,remove,False
reddit_1lmzz33_n0bzgm1,test,remove,False
reddit_1l7izlo_mwzst0q,test,remove,False
reddit_1u16m18_oqpzrds,test,remove,False
reddit_t1_mrl3c7i,test,remove,False
reddit_1tw739j_opmhaiq,test,remove,False
reddit_t1_mztzug6,test,remove,False
reddit_t1_muvz4y3,test,remove,False
reddit_t1_mrxro4g,test,remove,False
reddit_1kh06sk_mr364el,test,remove,True
reddit_1u28e60_oqw7kwm,test,remove,False
reddit_t1_my5s2mt,test,remove,False
bluesky_9d9a59628197eb0d5909e7d9c3e21a9fbdc97065c86fb5559cd976e9e4aa2be9,test,remove,False
reddit_1th143w_omlnamo,test,remove,False
bluesky_e948c2ba7dc733aa395ba9bb6bbaaf603b56b6404d91e4edbaf7c3aeca5b1c92,test,remove,False
reddit_1lihh6h_mzcpoe8,test,remove,False
reddit_t1_mx5aqkt,test,remove,False
reddit_1ke2vut_mqlccsr,test,remove,False
reddit_t1_mue1uuy,test,remove,False
reddit_1tu4gub_op6ys8w,test,remove,False
bluesky_aea6a71178aa726b21cd6c1f6575225a2c8be6a01fc4a7892e207ec872cd54ec,test,remove,False
reddit_t1_muhqas5,test,remove,False
bluesky_8c9591c424f26bccb2a57b1534295c7d9921c54f420f34111a4c91c28d388e9c,test,remove,False
reddit_t1_mwtu6su,test,remove,False
bluesky_491982e4242258dcab9603c3ef82e857f51e1aed22c2278f1b4082ea3e75727b,test,remove,False
twitter_2061829085198995947,test,remove,False
reddit_1lmuz5v_n0agbvg,test,remove,False
bluesky_cd6a5aad134d7b514be63ec65cbcb3f7c64e9d9958c472d919731effbb70d2af,test,remove,False
reddit_t1_mr8brfd,test,remove,False
reddit_1tlwwof_onjd4ww,test,remove,False
reddit_t1_myr1j74,test,remove,False
reddit_1tenhje_om4ni2g,test,remove,False
bluesky_07a570fe0db5b608dba9ed0e5bf41b30c505002a8278446d9a9d4c1c0e4a6e30,test,remove,False
reddit_1tuzwvu_opdbosa,test,remove,True
reddit_1tv1z4j_ope1gmz,test,remove,False
bluesky_717c87f35fb64ac710112804235ffebbeef4ee3fd26ef9335ee3a0b01451ffcb,test,remove,False
reddit_t1_mu9stjb,test,remove,False
reddit_t1_mq77h1x,test,remove,False
reddit_1lmpk2r_n0gr90l,test,remove,False
twitter_2059698416410648951,test,remove,True
reddit_1lix9pz_mzfgwiz,test,remove,False
reddit_1ttui2j_op5rbxk,test,remove,False
reddit_t1_mv5v1wl,test,remove,False
twitter_2061828007690383675,test,remove,False
bluesky_a9612bdf0eb4d87945f04b155c2e954051d19b16ee2ada85590708cd0ff72d38,test,remove,False
bluesky_cd1729a309622dac0c1563d7b598a89b98e813bfa1db737155624c1879fc4b89,test,remove,False
reddit_t1_mtw00uu,test,remove,False
reddit_1u28e60_oqvksow,test,remove,False
reddit_1liejsg_mzbuz0j,test,remove,False
bluesky_3ab295ab40187b982342aff02cad1d6f52d0e8cfb21480fc3fc0b3f0debb3387,test,remove,True
reddit_1ki18ju_mrcbaob,test,remove,False
twitter_2096505814865592807,test,remove,False
reddit_t1_mtb4ugd,test,remove,False
bluesky_6306a4ee4df3a2fd1f3e42d6200ae3d8c8e5d44ad128dc42e1601e9d03c8050b,test,remove,False
bluesky_212203f919beea6f275a586800b1bffdd67acbe9e44f93f7a631c7137faa8496,test,remove,True
reddit_t1_mxq1o06,test,remove,False
reddit_t1_my3po6f,test,remove,False
reddit_1lkgr2z_mzrjj0q,test,remove,False
reddit_1lc4tz7_mxxy2z2,test,remove,False
twitter_2061794190493622706,test,remove,False
reddit_1kpmzrc_mt1p5wd,test,remove,False
reddit_t1_mrotkc9,test,remove,False
bluesky_eef8f858c92cebadc02a2ee8057cffd9ec57e0c4d56bcd0a3a2a14c3e2fdf66a,test,remove,False
reddit_t1_mz66ztr,test,remove,False
twitter_2096662230439989442,test,remove,False
twitter_2061589330217648469,test,remove,False
twitter_2061813078899990652,test,remove,False
reddit_1lkgbz2_mzreqqp,test,remove,True
bluesky_a17fa4a42c323d13877685d5b66ac78e5b8195b81f00eda1fd5ba31cd3705396,test,remove,False
reddit_t1_msm098d,test,remove,False
reddit_1lkbvgo_mzqh5dc,test,remove,False
reddit_1lmnrt2_n0932k7,test,remove,False
reddit_1l2fhnt_mvvy8m8,test,remove,False
reddit_1kw5zd9_mug892j,test,remove,False
reddit_1l44r75_mw6w0a8,test,remove,False
bluesky_5dc3bb3454e19856d757871816532c86a9024dfb81fef0bd3a92c3ea4f67a316,test,remove,False
reddit_t1_mz3ryie,test,remove,False
reddit_t1_mrwowwt,test,remove,False
reddit_1lguvx4_myz2vk0,test,remove,False
reddit_t1_mxuugan,test,remove,False
reddit_1kzmbqs_mv74jcn,test,remove,False
bluesky_d77091101d37e6c13bf0ac3834c48d49473c6e3ff35ed3584e38bc2dc7a86bb4,test,remove,False
reddit_t1_mu1cadt,test,remove,False
reddit_t1_mr0sv0x,test,remove,False
twitter_2060414073435467948,test,remove,False
bluesky_3b77529d71e15dcaccabac61f945597cde950f75e02730ec06592ee33e88dfee,test,remove,False
reddit_t1_mvaunjd,test,remove,True
reddit_t1_mvljvbc,test,remove,False
reddit_1kze0f3_mv57a0t,test,remove,False
reddit_1ksy3bs_mts852l,test,remove,False
reddit_t1_mt4xxjl,test,remove,False
reddit_1kos17d_msuwjvg,test,remove,False
reddit_1let2t2_myjhkwv,test,remove,False
reddit_1kze0f3_mvcu6hf,test,remove,False
reddit_1t3yh0u_ojyuwfn,test,remove,False
reddit_t1_mvfnn0z,test,remove,False
reddit_t1_mzlfrj9,test,remove,False
reddit_1tvll8k_opii54u,test,remove,False
reddit_t1_mtjui66,test,remove,False
bluesky_06942b8a322fe345f19cf2e996397310309f0fea816b57edf59b9285cd33344c,test,remove,True
reddit_t1_mw81ynr,test,remove,False
reddit_t1_mr5g17r,test,remove,False
reddit_1l3arb8_mvzfer7,test,remove,False
reddit_1llzlg3_n045fi5,test,remove,True
reddit_t1_mtd8uk3,test,remove,False
reddit_1ldv50r_mybdwbo,test,remove,False
bluesky_abf12d9c0bee51432897bea0b455304cda703325044eded14b3706f235a60d29,test,remove,False
reddit_t1_ms2eepv,test,remove,False
twitter_2061779352631619647,test,remove,False
twitter_2096795148206375127,test,remove,True
reddit_t1_mwrlnn7,test,remove,False
reddit_1l7cg1o_mx04lgf,test,remove,False
reddit_1kr2bpy_mtaf2mv,test,remove,False
bluesky_b8ddcd3cd874a1b5de98d726a2c442685065c82a86fcb61c508c6afd0a7fac74,test,remove,False
twitter_2096040715973198233,test,remove,False
reddit_t1_mzbnmb3,test,remove,False
bluesky_95fa06ec0e6f6bbf40f1d7ca865ec8c22c80c41a61899e048bb38bded7f6c73e,test,remove,False
bluesky_f4c524d82edebb43ac92a4afda1c3466a2fdff643d1f649dad29b050f4439e7e,test,remove,False
twitter_2060418944947904948,test,remove,False
reddit_t1_mqfz0e2,test,remove,False
reddit_1l1sj44_mvnhq1x,test,remove,False
reddit_t1_mwmcrv1,test,remove,False
reddit_t1_ms7nd88,test,remove,False
twitter_2060451056837108220,test,remove,False
reddit_1ko3yf3_msok7uj,test,remove,False
reddit_1krctyl_mtd9bfd,test,remove,False
reddit_1lnd62d_n0h89fl,test,remove,True
reddit_t1_mwbo6e1,test,remove,False
reddit_1l9ls51_mxewag4,test,remove,False
reddit_1kbioxf_mpz7wuw,test,remove,False
reddit_t1_mt52dpq,test,remove,False
reddit_t1_mqxlwo6,test,remove,False
bluesky_bedcc6596a0dd3fd44408d45ee56a86c4731ffa8664424c3a27f1cf378076041,test,remove,False
twitter_2096660320425005082,test,remove,False
reddit_t1_mwel601,test,remove,False
bluesky_5f11611b4c33c1f6751cb0d547cf12d1e4d01d63942e4c9d8c5ec9be66de35fb,test,remove,False
reddit_t1_mq6i5jv,test,remove,False
reddit_t1_msogiy8,test,remove,False
twitter_2060809950843007247,test,remove,False
reddit_1kvew7i_mu9c3rs,test,remove,True
reddit_t1_mvr2e9b,test,remove,False
reddit_t1_mrwhhs7,test,remove,False
reddit_t1_n03gsta,test,remove,False
bluesky_35412897d7e862784b383f22b69e7351670865221ff3edf90c32239a8b01c7ad,test,remove,False
reddit_t1_msak3zp,test,remove,False
reddit_t1_mrp6l2f,test,remove,False
reddit_1kikfi4_mrgpkjn,test,remove,False
reddit_t1_myqsw2s,test,remove,False
bluesky_5ba0c3c077c00987c51a246eaf031ed24a1688d0c965a3e513ea2339b46e4050,test,remove,False
