participant_id,prolific_id,phase1_pair_reflection_text,phase1_pair_influence_rating
P_1781988206397_r47qmmgw2,69416f4716fda7b2fb54b6d9,"I wanted to make sure that it was reasonable to people to post even if I didn't agree with it, and it wasn't just a call for violence.",7.0
P_1781988186011_2bpgzspes,6a24a3c7bb2875af8415927e,I went off my gut feelings,4.0
P_1781988246441_hmmeuaa2a,67a3fe65c126e0d3ad68db96,"I was trying to see if anything was truly offensive, inflammatory, and dangerous. Not many were, and I would prefer as little moderation as possible.",6.0
P_1781988245307_lov7c04bf,6a1b2b7de4d37dd151c26be4,I was considering language and threat. any perceieved threat should be moderated.,5.0
P_1781988220999_1kwkf00j8,69517812a9042b183ebc818f,"The one I removed was implying a call to violence. The others, while controversial, weren't bad enough to justify removal in my opinion.",4.0
P_1781988212469_e2hzca3e1,6a0b8afdda75553a15ade809,I believe in free speech and as long as it’s not outwardly dangerous I think you should be able to speak your mind. I didn’t necessarily agree with the posts and wouldn’t post either myself but if people feel that way I think they should be able to express their mind and their feelings.,5.0
P_1781988240483_g85adfvjr,69c1579cb863ab3456bd3f68,"If there was abusive language, they should absolutely not be allowed.",7.0
P_1781988240902_au9ko2la8,5b8588fdec7fa30001d6103b,"for the most part everyone should talk but when its just stupid insults and short, why have it.",7.0
P_1781988255163_he4kg0j8w,6431c58ce5be91cd5c2c5d8f,"If the post was slanderous against the other side I removed it.  If it included obscenities, I removed it as well.",7.0
P_1781988325842_mnczczy1k,665b242b9fe0782e4e8d2f0f,"Honestly, none of these posts struck me as anything that would need to be removed. Seeing both posts was helpful because I could see both sides, even if I did not agree.",6.0
P_1781988253057_espnjwuom,69b0bb074b7e2c1a42cc1a00,"For the most part I considered whether or not the post or topic in question was too offensive to have a proper discussion on it, or if the post was simply an attack on the other user. I generally tried to be more open to allowing posts even if the other opposing view was one I felt strongly about.",5.0
P_1781988246771_yhwgim22w,5ac5a9a9f69e940001d984b5,"if you ban one, you have to ban the other out of fairness.  So,  they should all be allowed.",4.0
P_1781988379249_lri41xkxb,6a1bb59404878e3c069a7dce,I was thinking about the severity of the posts. Did they attack someone unnecessarily? Or was it simply two different positions stating the same thing their own way?,2.0
P_1781988210659_74wuipr92,6a0e24dc9563561507623d39,"I would say if they actually aided in the overall discussion of a certain topic or not. If they're just name-calling or cursing, they likely need to be removed from the platform. I let people have disagreements, even strong ones, as I felt that they at least kept things civil and seemed to progress the conversation in some way.",7.0
P_1781988180304_vwbxx2ano,5dd86784dcec8782b85cb5bb,"The level of vulgarity or the inappropriate writing style (e.g., ALL CAPS).",7.0
P_1781988235069_ub2lj8vpd,630981b0f861918e8174a43e,"What seemed to extreme or over the top and what used offensive language, I blocked.",4.0
P_1781988246801_owiddf2uk,5c1ffe5295f978000173df84,Nothing I saw violated any safety issues or promulgated anything other than sadly-current mainstream beliefs.,2.0
P_1781988389030_dpt0l5565,69fd20d07c7a3a4fcc67ab00,I reflected mostly on the moderation side of it and if there were any curse words or very offensive statements,2.0
P_1781988273834_s71ubqez7,69bca1dd3256738225a8a125,I was making sure to allow people to speak their mind and voice their beliefs but not use racial slurs or bad words. Also if one seemed really off putting I wouldn’t approve the pair.,6.0
P_1781988154941_4dtx1cmlk,6a16127e1bb6b66d3000cdc3,"Both political parties were bashing the other. Sometimes calmly,but other times extremely aggressive and aggressive.",5.0
P_1781988181059_dz3gsm5e0,67150f3d635cc5bb06809e9a,I was seeing if one was more extreme than the other.,6.0
P_1781988249533_2h2rjqbwu,69b1c04fab2f9a249444c3d4,"I'm all for free speech but anything that was overly hostile, sensationalistic, or insulting is not needed. Opinions are fine, being a tool is not.",4.0
P_1781988458422_kuiiwzsv3,699ca1d819e8b3d00305124c,Profanity influenced whether it was removed or not usually,5.0
P_1781988224917_ly260s5fm,6a03c639dbed8a297ce4cacb,The malice and lack of real thought behind the post,2.0
P_1781988464969_pwsxchcc0,69fdeae24326e56c1bdaf5bf,If they contributed to respectful political discourse,5.0
P_1781988242937_f6m19q4vc,69fd4bcdc749a26768dd1493,"I'm pretty open to free speech even if I totally disagree with an opinion, I think the only things that should be removed are calls to violence or coded ones. I would love more laws to punish news networks for lying or reporting misinformation but for the average person they should be able to post what they want on a social media site.",4.0
P_1781988164796_o1d1rt7e6,6128e52de5da4d89e2f3d421,"I think I only removed one post, and it was because it was more about insulting and name calling then anything. If the purpose of the platform is political discussion, then there needs to be a lot of viewpoints allowed, just need to stop blatant disrespect.",3.0
P_1781988253085_qt73si2md,63bd9ac0dc52225142c5b1d4,"just i didn't see anything really bad, just typical bickering that goes on in most political forums.",1.0
P_1781988268588_j27nz4nie,6951eec04697f5730cc515d5,"There were only one or two that I would consider harmful. Otherwise, free speech exists for a reason.",3.0
P_1781988274537_och6nbub5,63852fbf95d78ba25b99005e,"I think free speech is important.  None of the posts crossed a line (for instance, by suggesting hurting someone). People can makes statements, and other people can engage with those statements.  There's no problem there.",1.0
P_1781988226480_tifxypqlp,5db4ef4a2986a3000be1f886,if there was unfair criticism or hate speech,6.0
P_1781988286378_h91p9fqaa,632096b5574155e8727c50cc,"I decided to allow the majority of statements as they were expressions of speech regardless of their views. The only statements that I chose to remove were highly inflammatory and defamatory which could lead to real world violence. It is important that people be allowed to share their thoughts, and no one should ever be targeted for their position.",1.0
P_1781988272870_mhv9kxenz,5d5497857aff650001a18c3c,I chose to approve when both posts were expressing their thoughts and feelings without profanity or dangerously worded attacks.,7.0
P_1781988309389_fpjt3r7yw,66ba7fb4e4657773cfbc9189,"I looked to reject anything that resorted to name calling, cursing or hyperbole. if it was a reasonable argument in the replies on both sides, I allowed it",1.0
P_1781988300083_vfw2qgu8s,6a1bdbbd94fb005951a5c320,"I did look lower at certain viewpoints, however in my opinion anyone should be able to say almost anything as long as it doesn't directly call for violence or directly harmfully target a certain individual or group of people. While I did see things I heavily disagreed with, people have their right to say what they want, so I chose allow for a vast majority of these.",4.0
P_1781988276345_he0choz05,6a14ba07f073f1395249972a,To see if people were actually getting to a point instead of just being mean and start talking about the real issues not just this person is stupid and that's it,7.0
P_1781988428559_0bpgiey89,5c787104f5b67c0001d5b39d,"I tried to be fair to both sides and freedom of speech without letting it go overboard. I did accidentally click to let one go through by mistake. Although I do think Trump is a shit stain, I would not have allowed that to be posted; I just misclicked.",7.0
P_1781988331925_qdi26rhhn,67620128f5496ea07672039c,I felt like comments on both side of the spectrum could be just as offensive and that became very clear. I wanted to be fair and conducive to freedom of speech but profanity or threats would nudge me towards removing posts.,7.0
P_1781988233313_nrw2up5uu,6a109959bad42a2eb6d30d69,All of the posts expressed were opinions and I don't feel we should limit anyone's subjective speech. We need to focus on banning the outright lies being peddled on social media as facts by major influencers and politicians with large followings not (potentially) inflammatory opinions.,4.0
P_1781988501438_005g9h239,69fbbe25a772635e47c2e74b,i mostly looked for hate speech and decided to remove posts that used hateful words while protecting free speech.,6.0
P_1781988263897_d231rte3t,6a1f2df1e09a81b25f63fc2c,I just wasnt really sure what you were looking for here. I believe in free speech even if i dont agree with what is being said. Its a very fine line between beating back the bullies and combating fake news and infringing on peoples right to free speech.,1.0
P_1781988419853_f9inddnam,6a0488399822447e5033f984,"I noticed some with curse words in it, but I clicked to allow them because they were not threatening people. I did not see threats of violence which would have made me click to not allow the posts.",6.0
P_1781988261448_qcp1v952b,69f214ccdbede46bb3b8373c,I was picking the ones that felt most oppositional to each other,6.0
P_1781988469930_2a14wbx1j,6a1b26e6e3cfb42f88aad6d4,I considered how aggressive the author sounded and if they were making any kind of point.,3.0
P_1781988258029_1xgskd2mv,66bfd4b46a7e9cec65d88461,None of these statements were good for discussion but only a few were so bad that they should be eliminated.  I tried to err on the side of allowing speech.  The issue is that none of the statements welcomed open communication.,5.0
P_1781988321032_4kkqntpjo,69e129bd8ad451d4d82ff01f,"I mainly just judged whether anyone was being outright hateful or threatening. I think that I’m general, most of the posts were just people expressing their opinions.",4.0
P_1781988217722_zzta332cp,66be6ceec893e327db92ca2d,If the posts were making a point (valid or not) and not just name-calling or viciously attacking a person or group of people I allowed them.,3.0
P_1781988391301_j31w1p64i,69cee523debd6fbc6954be32,"If the posts are considered mirrors of each other, than in general if one is allowed sonshouldnthebother. However, I do think there wasn't any room and space given for moderating based on factuality, proper logic, etc",6.0
P_1781988181651_gkqn8vp7r,6735226eb110b62ab50658d9,I let anger and discourse go but when then profanity got extreme I felt those posts should be removed.,1.0
P_1781988602144_tanbtmxsw,631813267e7e782d6759550b,"I tried to approve the ones that both represented their views without getting into too personal of an attack. Obviously in politics you're always going to have to take a bit of a shot toward any opponent, but some of it is just blatantly crossing a line.",7.0
P_1781988251492_cf1f0ovhk,6a0a81897aa07ba0cd4d8217,"There were a couple that didn’t feel were great mirrors, so I took the more conservative approach and had them both removed. Generally I believe in freedom of speech, until the post threatens someone’s life or other people’s freedoms",2.0
P_1781988275068_lde9rj6q8,6a1b5250d5e9bc023be2bfdb,"What influenced my decisions was how toxic the posts were. Some were just pointing out their political opinions, while others sounded more violent.",4.0
P_1781988284217_4s41evkqt,57d810f1813eb30001825b65,If it was purely bashing the other side or cursing I did not include the pair. Some people should clearly be censored!,6.0
P_1781988379959_4d9om038m,6a18656dde9f70778edc8db2,It was interesting to read mirrored points of view from opposing parties. It helped me identify what I felt should be removed.,6.0
P_1781988288998_birqczteo,69fcb29ad8412b1a42effb06,"I was reviewing whether people were stating their opinions or being disrespectful to a community, such as Muslims or Hispanics.",6.0
P_1781988405121_vtgpsyg2u,6a0ff23f0d0af67f73704502,Well I tried to just be fair and I don’t think any of them were quite extreme enough to be taken down there was one that was close but not quite.,6.0
P_1781988215171_es1z5cn0p,6942cdbe08f75d111bb9713d,"posts that were vulgar, based in conspiracy theories or in self-serving opinions not based in any facts got the boot.",7.0
P_1781988438678_5wzdbdnxx,69fdfdd06a8b86bc46481957,"I allow for the free expression of ideas an points of view, but drew the line at personal insults and excessive foul language",2.0
P_1781988329828_3d9xz56og,6a14d9b386749cf3a0e12895,The main thing I was looking for was anything that constitutes as hate speech or abusive language. If it seemed abusive or hateful then I would choose to remove it.,5.0
P_1781988533114_xtgzvodok,6a1f66c9f7feeb5a34ad8989,"the tone, word choice, and way of communicating respect",5.0
P_1781988384504_qfty0g05t,69fb9f5a34a4d13719b72cd9,I think people should be allowed to say most anything they want (except for blatant threats of bodily harm).,5.0
P_1781988227951_mfgf27zjw,69fd3f1b53e0b11f0cec14bd,"Couldn't evaluate, I wanted one gone but wanted the other to stay. I spent a lot of time thinking before pressing my answer but to be perfectly honest I think I just ended up clicking something because I wanted to move on.",4.0
P_1781988577701_o0wjokov1,62dccf664ff0895a60cfdda2,I wanted to make sure each post had a strong statement. I mostly did not approve the posts with curses.,5.0
P_1781988604693_rqawubwhi,5c10a3702b16ba0001c8747a,They could be a strong opinion but nothing obnoxiously offensive or vulgar.,7.0
P_1781988562555_43wvg8422,698c72a1deced730e08ef56a,I am left leaning but I believe in freedom of speech. So I always allow both even if I don't agree with it and it's the farthest thing from my beliefs. That is true freedom of speech.,7.0
P_1781988320001_vf713xtna,67417f2133472ff294734562,"If it seemed like outright insults I didn't think it fit in with the idea of ""healthy discussion"". While most of them were probably not great for that, a lot at least had actual policy stances.",4.0
P_1781988433123_brcgpgruv,6a1364e382b71c9e70842e62,I think both sides should be able to communicate and express their side so long as it is mostly respectful and productive,4.0
P_1781988268738_vflio5jcg,69f2ba884cc121777f271bdc,"I don't mind dissenting opinions or foul language. I only removed the last two and it was because the 19th felt conspiracy theory-ish and the 20th was inciting violence. Other than that, I'm a liberal who supports free speech for all, even if I may not agree with what is being said.",5.0
P_1781988242093_3v25w29ra,63d14f9af4f2e033177bbe4c,"words that were said, if there was any slurs, or defamatory on ones character",6.0
P_1781988253627_c4n62lei7,69e3c54a6d3b41181e448617,"In my mind the only thing I was thinking was that everyone has a right to free speech and we shouldn't censor ANY speech. With free speech we have more opinions and more ideas to work with. And at the end of the day it's just words. It's okay to agree or disagree. It's also okay to be crass or express however you feel because we will regulate ourselves. But blocking certain opinions silences people or groups and also gives us less creative freedom to work with. Everyone deserves a seat at the table, even if what they're saying is wrong, dumb or even offensive or extreme. It's an opinion. But with more opinions we can engage in a better conversation. Everyone feels heard, but everyone can also be debated and then hopefully we make the most practical, and rational solution, that benefits the most people. So I wouldn't block anything anyone wants to say. It's free speech. It's a right. Let them say whatever and ultimately the majority will decide what makes the most sense. It's not perfect but I don't think censorship is ever a good idea. The other issue I see to is when you censor it makes people wonder why someone has been censored. Maybe it's a good idea. Maybe we should attack them. They've pointed out as ""cancelled"". Just let them say what they have to say and then we can move on cause there's so much work to do and it's never going to be perfect, but I do believe we're all just trying to do our best.",7.0
P_1781988443015_ru2f7lmwh,6a1a7e9418353d1a86131739,"There was nothing that needed to be moderated. Moderation is for completely out of line things, these were just people expressing their opinions. Actually it was exaggerated views of issues that were non realistic, but still, that's what I was thinking, people can say anything I saw there.",2.0
P_1781988311980_5xi8zfahe,670c7013e0412ad4c0acb93c,I try to be independent and see both sides so i wasnt really swayed by either argument other than my own.,3.0
P_1781988490041_y98an7rvy,69c059e0343c9faa9618a70d,"I was mostly thinking about whether anything would incite violence or be directly offensive to certain groups of people. In none of the situations were either of these things true, so I let people have their free speech.",3.0
P_1781988387976_oh3cnj9mz,677168d70ec2f9f7f9f6ac05,The tone of the comment,6.0
P_1781988391942_2riixawcz,5de9592f8d43d908baa05cc2,"Weather the comments pushed a proper conversation, or just rude namecalling",6.0
P_1781988471694_logoq41wb,69f2365175809537a471ea61,"Regardless of what they say and if they disagree with me, as long as no slurs are used I think whatever is said should be allowed to stand.",4.0
P_1781988271451_7aggow4a6,698f96f91ed5ad1ec8cf7af6,"I was looking for excessive vulgar language, anything promoting violence. Essentially no matter how much I disagree with an opinion I feel it should be allowed.",4.0
P_1781988444481_3mia4thve,69c0483e89e9f83fe2e34b6f,I mostly just checked for language and hate speech since both sides of the aisle have their own opinions and I cannot be the judge of what is right or wrong,7.0
P_1781988596910_ylxwm4glj,614e5092e08a3a2d3204ffd2,i just kinda went with which ones seemed sincere and had actual talking points in them bs what came off as sort of trolling or rage bait to make people angry. i just went for the most fair and acceptable in terms of my personal interpretation of which was being critical vs what was being overly hateful,7.0
P_1781988616237_kxli6rhvx,5b78542ef642ed0001517ca0,None of it seemed like hate speech so I said yes to all.,1.0
P_1781988305881_rmf1wodo3,695ff4fe4f0d272093f0acb1,"I tried to allow posts that discussed a topic, and did not insult or inflame the other group, to have a fair platform",3.0
P_1781988249600_1i1hrz7wd,676685fcee0cc7a6d543bef7,I wish there was a further left option but I tried to allow posts that were thoughtful and thorough as opposed to generalizing and immature,6.0
P_1781988301983_fjecy21eo,65218b754dddc1ca107dd9c2,I made my decision based on the intent of the messages regardless of whether or not I agreed with the content,6.0
P_1781988352041_gzvq5objx,60b8242021561f7827855c02,"While some of the statements were inflammatory, I would rather be on a platform where people can speak their mind without being censored, as long as they are not directly calling for violence.",2.0
P_1781988716479_tgml0olqg,69d304c4e0ce7cc32bbcaca7,If there was violence being incited against a group or individual.,6.0
P_1781988428622_hsv17arev,69baf0576afac5c40e6b5a44,i picked remove on the ones that were clearly hate speech. for the ones that had one good and one bad i used the best reasoning to decide if its better to delete both or keep for the support of one comment.,6.0
P_1781988422249_xaeavm74o,611e5734cd0691cf4000a557,The ones that I chose stated their opinions and had reasoning to back up why the feel that way. Others were just being rude and hurtful towards an entire group without any real claims to back it up. Just because they were longer does not mean that they had any real substance to them.,6.0
P_1781988614436_02rc3xpi3,5cf08a81f7ab870015139666,"As long as the post made an argument or expressed a meaningful opinion of any substance, I kept them, which I believe only led to two being removed, one of which being a substanceless not-actually-death-threat-but-close-enough-to-be-annoying.",2.0
P_1781988442487_am19pqv21,6334b0fc574064de4e68f578,"I was wishing that I could delete just one of the two posts in each scenario, but the only choices were to allow both posts or delete both posts.",4.0
P_1781988414372_5yr19oyzr,6a0b5782b4115fa6eebbb52b,being fait to both sides,7.0
P_1781988496102_fx34lwusz,5e6484158bd03f1f1bdc1821,How respectful the posts were on providing their opinions,5.0
P_1781988407805_cel0nsn4q,69cb1e5080626304ebd7864f,Both sentences said the same thing but the verbiage was adjusted to reflect friendly tone,4.0
P_1781988461624_ulerp6lk8,6a1b579c5ac33216f56eabfc,"I tried to let people have their own takes on things only removing them when they crossed a line, I did not say remove them even if I did not agree because free speech should be treasured.",6.0
P_1781988354363_sq4wojdrn,696967a820034107da9a178c,I weighed the pros and cons of both statements. I determined if thee wasn't and radical information that indicated misinformation and was simply criticism that it was deemed ok.,7.0
P_1781988324828_b39ze6er1,675626c78f97131ff12b8d37,I was weighing what would be gained or lost by what having both or getting rid of both would entail.,6.0
P_1781988457170_n3tw39z7h,69f75b9473f70a39c9acd410,"As long as neither post violated terms like threats of violence or doxxing, I tried to judge both equally",1.0
P_1781988374124_hnnojzk7o,6a244abc09907c4f323d9939,i saw some posts thatlooked distubbing,3.0
P_1781988422179_9zlg185wn,67414dcbcf89f6a633385d49,"I think open discussion showing both viewpoints is essential to understanding each side, and coming to a conclusion. Seeing both sides are good and I think free speech is important for the most part.",6.0
P_1781988369966_rkh8ra01p,6a08b966c2858ddb629d187b,I only removed a few of the posts because I strongly believe in the first ammendment and free speech. The few that I removed was solely based on vulgarity or foul language.,5.0
P_1781988443654_7jw23ia7u,6a21ccc4cfe653f07a3773e6,A big part of how I made decisions was the hostility behind the words and blatant insults or cursing. To me any person who talks like that is not in control of their emotions and will only lead the conversation to a bad place.,5.0
P_1781988295386_sdd1uoq0o,69ffcff3cc4be0fac7f35e67,"When evaluating the posts, I was thinking about free speech. If I decided to delete most of the posts, that means that the opposing viewpoints (ones that I agree with) wouldn’t have any visibility either. I believe people should be able to express themselves freely on the internet. As long as they are not threatening to harm anybody, I don’t think anyone should be silenced.",6.0
P_1781988466176_dv343qwvr,69f26e9c5a8921fd4f889f91,"I was comfortable letting some profanity slide, but when comments became overtly aggressive, imflammatory, or instigative, I think it was important to remove them. Even if one of the pair was passable, it was worth removing both of them in order to filter out the problematic posts.",6.0
P_1781988472440_xjc98c3qw,62b0b6c050a175081568bf35,I looked for abusive and harmful language to remove. I allowed the posts that had a legitimate point to make instead of just employing name-calling and unintelligent bluster.,1.0
P_1781988470164_uweduajrb,6a15c165ff8bde75585ae12c,My decision was not influenced at all,2.0
P_1781988716749_x36fwfxz0,69e1854db4ea42aaa31d6448,I tried to see if the main point was kept or if it was lost,6.0
P_1781988308565_nmrad1q5o,671c122533778710b58fd00f,i was more concerned with making sure the statements had facts. i wanted to make sure the statements could be backed up.,4.0
P_1781988647827_bjsmgny84,66a0546b92a6ce30ea377c9b,"First, I considered whether these posts were written in the spirit of honest expression and debate. Then, I considered the language being used. Lists with curse words or inflammatory language were out.",6.0
P_1781988493969_5yxghglna,6a184d3c56d1ddbf5c49b825,"If I felt like it targeted a specific person or subgroup of people, I would moderate it, but in general aggressive language could be used.",4.0
P_1781988431014_owfrgqubo,6a0b6957c4dd1cfed8878759,"I evaluated each pair by focusing on whether the content contributed to constructive political discussion versus whether it relied on harassment, dehumanization, slurs, or incitement to violence. I treated the “mirror” structure as a cue to compare tone and symmetry, but I still judged both posts on their individual language and potential to create a hostile environment. When posts were equally partisan but similarly framed, I tended to allow them; when both sides used similar levels of inflammatory or abusive language, I removed both.",5.0
P_1781988380481_82gt05u42,696e8c6740ce341fadd4cca7,"Any post that had profanity or rude remarks towards individuals I opted to remove. While some of the posts that I saw I thought were not great, they were expressing political opinions. And people should be free to post those thoughts and also be open to the possible criticism that they receive.",5.0
P_1781988272132_52jvdg7uk,69454de0266e20b4d6f6fbd9,"I tried to walk he fine line between free speech and dangerous language. On om one side, I focused on unnecessary personal attacks, demomization and incitement of violenve. I balanced that side with free speech rights to express legitimate debate.",6.0
P_1781988157590_07yjc9e60,69e2602fa46e7e7118dfae5b,"I believe in the least amount of moderation in a forum. People who are caustic in the way they express themselves, even downright inflammatory, is about frustration bubbling to the surface. This emotional release can be cathartic and help unravel inner tensions. Releasing inner tension in an online environment can help the person reduce anger and stress rather than stay contained within them and continue to augment. I don't believe in censorship or moderating the responses.",2.0
P_1781988382621_bqavgwd5i,69c2c4c8ef72bbb6d0dd914d,"I mainly focused on the wording and how things were framed in the sentence. I think opposing points are important, but cussing and using derogatory wording are very unnecessary. I put myself in the shoes of someone seeing these posts on a social media platform and imagining what I would think reading them.",6.0
P_1781988676801_es50f00uk,6979268e2954356b54847e6f,If they had hate speech,4.0
P_1781988773453_c1oyb2wul,69ffaf5cdc3ff8dbd3d05629,"I try to support freedom of speech, and it pained me to hit ""keep both"" for some of these because even though I disagree, I don't want to be a hypocrite. I only voted to remove the ones that read as borderline unhinged with their foul and disturbing language.",6.0
P_1781988615018_5pz1fihk6,6a27268619e0ce423cc85081,"I think free speech is always needed, but misinformation described as truth is not. There were a lot of things I didn't agree with, even some of the way people worded what they did. But that's how they chose to speak, so that's what should be shown. Anything about violence and things of that nature should be removed, especially when it is directed at a person.",2.0
P_1781988430052_rqdnfs3ks,6a3357d3dc7d7e5954c48875,"What was going through my mind in this decision-making process was not letting my bias determine my choices. I did ban the conversations that would enter angry loopholes, but I still wanted to promote free speech and discussions, which is the purpose of this media platform.",2.0
P_1781988548969_43w7ni69c,69fc105063fe0f3c43658dbb,Some of these were relatively harmless and felt like they were a good balance of one another. They really could be okay but some of them really were harmful and the harmful ones were the ones I chose to remove.,5.0
P_1781988440113_1cubrrl59,69c8beea57382d592daa0629,"I mainly kept track of the civility. Posts only deriding one side, or using particularly foul language, I deemed likely to lead to bad blood.",5.0
P_1781988563793_87b9i61eh,69f0a3b191194477d12e8541,Is either one is these offensive or permanent. Shut it down because we need to you know facilitate more positive communication and you know speech rhetoric within our country rather than so much hateful speech,4.0
P_1781988288054_15t9omflg,653e815427effbcf60fd50e5,I was trying hard to allow pretty much anything unless it got verbal abusive and foul language.  I'm not much a fan of censorship unless the speech goes pretty far but there should be some civility online.,2.0
P_1781988550627_fblkh52vf,6a0cd84d0d613f6f0da1e70d,I approved the posts about democrats and republicans honest and respectful thoughts. I think it's okay to post your concerns on a political platform if you keep it respectful and factual rather than completely emotional.,5.0
P_1781988691382_cqvk4zqxo,6436271f6ff817660ede859b,Nothing threatening. Just opinions expressed. Didn't see anything that raised a red flag.,1.0
P_1781988339028_jaxjars6t,6a21d401f12347cae42073d3,"All of these posts should be allowed on the platform. Some of them did convey misinformation... but if misinformation is allowed in one direction it needs to be allowed in both directions. Some misinformation can be dangerous and should be restricted - such as that vaccines are not generally safe and effective, that raw milk is safe, or that Ivermectin is an effective treatment for Covid. But restrictions should be limited to information that causes real, measurable harm or appeals to incite violence. Err on the side of protecting first amendment rights on social media, rather than restricting politcal commentary.",7.0
P_1781988183450_a55wxzoo4,656a1cf88a3cf09f538c6f25,"I believe in allowing everyone to express themselves as long as it's not just petty insults, whining, and no real effort at understanding the issues they pretend to care about.  You have to have thick skin to live in a world where people do not agree with you and may go out of their way to say things that offend you.  There's no sense in overmoderating to pretend no one's feelings should get hurt, but some content is just pointless other than a need to insult.",1.0
P_1781988685754_d63rxr59s,69a1e0d1ca80a1f710094c9b,I tried to find a line between free speech and what I would consider genuine harassment or violent rhetoric.,7.0
P_1781988261033_hsqyxobzf,67389f3912380b4b3cd0b7d7,I was trying to see a balanced argument. It didn't matter if it was from a Democrat or a Republican.,5.0
P_1781988369332_uitgt3706,68114b50b766b8f5b3b6cc8e,"I was looking to see if the two points being made were ""equal"" or the same and that they were on the same level. I wanted to make sure they were making the same point but from different sides.",4.0
P_1781988533633_ti7qvwxmg,582c71a66ef28c00019a1068,"I tried to evaluate whether the post was ""toxic"" to the point of needing to be removed. Whether or not the posts were just blatant name calling(cursing) or held viewpoints that were being discussed. I used the content of both posts to decide this.",6.0
P_1781988280304_qw29r3hul,5dcdb60be64aaa07c14065cc,I tried to keep an open mind and only choose to not allow posts that are particularly offensive and disruptive.,5.0
P_1781988706239_4y90ahwk7,608349d97d46ab71fc6c7111,"If the point was argued politely, I decided they deserved to voice their opinion.",5.0
P_1781988803496_ustwcs1nc,69d80036f124d2dfef736149,"I thought about if any of them were spreading outright misinformation as fact or making direct, harmful threats against other people. Seeing both versions helped because it made me realize that they were basically the same thing from different points of view.",5.0
P_1781988520570_z9g4o51b8,69c4549a6a8d04c5cddc21a9,"I used the same process as i did when moderating the Talkingpointsmemo forum.  i rejected posts calling other posters names  or using arsh language towards other posters. I did not limit purely political responses, even if they were very negative in tone.",6.0
P_1781988778762_mvbmiqjr6,6654bb99336446c73dbb9e88,How harmful they felt to me,4.0
P_1781988751395_r96s1ec83,69fd668fa19635bc5f286a3c,"Many were mild in comparison to what people actually say on social media. As long as it didn’t call for murder, racism, or any extreme hateful content, i let it all through.",3.0
P_1781988521848_1qofjrr81,6a0e2acc2e1e14024e2c573d,a lot of my decisions were made based on how ignorant or incendiary the statements were.,4.0
P_1781988474177_73m6ff2qi,60faefcf667e07570bed9dcb,I thought that everyone should have a right to their own opinion. Where I drew the line was people used foul language or used deragary or inflammatory language.,2.0
P_1781988315879_v0g2k0p0u,69e6f42a6f431b0edfda3e76,"I read both and listened to what they were saying, some made sense but others had nothing to do with the other so thats why i made my decisions.",6.0
P_1781988452456_jou9eqt8n,6a0b886eef6928cc3aa90ff0,some of would lean left or right alot.,5.0
P_1781988263777_uuinqqrc9,69fa8ebb0675a2fae1668114,"Out of all 20 pairs of statements, I never saw a single pair in which both statements influenced my decision. It was always a single statement in a pair that made me remove both (That i can recall). I believe in free speech and also believe people can come together when they have the hard conversations. I chose to remove a pair of texts when I saw foul language or thought someone was being targeted with foul language. The political temperature is high enough as it is. Attacking someone with curse words isn't needed to have a discussion",1.0
P_1781988877561_gciygi3mn,673ead8d8389b11c02a060e9,I was looking at both statements to see how egregious they were on both sides to figure out whether it should be kept or not,7.0
P_1781988864714_gmgk3b52n,6a11f7b5ae962e370425461e,"As long as there wasn't any calls for violence, I didn't have a problem with either side voicing their opinion.",2.0
P_1781988453736_hg3i2wjbd,69f823507f8fefe52dc484e5,I was just looking for respectful responses,7.0
P_1781988279536_5if8t7id3,6a04de583d6a74601dbe3aaf,"I was looking to see if both sides actually articulated their position or if they were just saying inflammatory things without adding value to a conversation. I can understand why some of these talking points should be allowed from both sides, to invite conversation and help people share ideas. However, as someone on the left, it was difficult sometimes to approve of both sides, when the conservative viewpoint is factually inaccurate many times.",6.0
P_1781988620375_p0cbnkfeu,5deb638bff7f7126d6fb5142,"I asked myself if these posts contribute to a healthy political debate. If I wasn't sure, I typically decided not to remove them.",5.0
P_1781988738891_7h9upc12z,69fe17f2823abc0e52a6ba04,"If the posts were exceedingly combative, overly accusatory, salacious, low quality, I declined them. It annoyed me to read the conservative statement, no matter what it was, because I am so opposed to their party.",7.0
P_1781988684037_defszebtf,6a041c22345a38f05fbd3213,I looked for any foul language or anything super offensive to one group or the other and decided from there.,5.0
P_1781988737572_3ftdr3l6p,69f38af4f6594690f6895d32,I evaluated both to see if either contained anything dangerous to a group or individual.,4.0
P_1781988419625_f0yzrcvqp,69e15a2f3443988ab72e4b9b,What crossed the line between freedom of speech and hate speech,4.0
P_1781988688323_0y382om4g,6a1b97446a2dc6cd10d930e0,"If posts seemed mostly civil, I feel like they could stay. If they seemed like complete rumors, they needed to go.",4.0
P_1781988693835_rwrc7688w,6a205fea36eb7f5e6f02a175,I was thinking that people actually make post like these so deciding for me was pretty simple because I see stuff like this on a daily basis.,6.0
P_1781988785009_oemqi3v0g,6a0d1f29937a492e8dcafcf4,It depended on how vile the comments were to determine if I would want them removed or not,4.0
P_1781988319438_45nuy4nif,698de4594b6f50568e80cf16,I tried to just keep the ones who kept things pretty cordial. not swearing and not attacking too much the other side.,4.0
P_1781988446343_zkrym71se,6a1cba630d0658dedc28a683,I tried to remove posts that were emotional and inflammatory. I kept posts that seemed grounded in reality or at least grounded in the parties opinions in a realistic way and not just propaganda,4.0
P_1781988232926_hfe0uyaa9,69f0d565a0bdb05621fbb941,"I am all about free speech. None of the posts were really that bad, except for the name calling, not a big fan. Doing this exercise sure opens the eyes to how each side feels about the other -pretty much the same! Seeing both posts together like that definitely influenced my decision. I probably would have removed the democrat posts until I saw the republicans posting the same thing.",7.0
P_1781988467971_vc4utezcg,60bff9298f56d55c8ecd9adf,"I was thinking about how harmful the posts were or how much disinformation was being spread by the person's claims. Sometimes, only one post was problematic, but it was worth it to have it removed.",5.0
P_1781988620308_b5pbdcrjn,69e9b63a1572d3a48f308520,"I was thinking about how first amendment free speech rights should be respected unless direct, actionable violent threats are being proposed. I wanted to be as lenient as possible to beliefs that I disagree with, as long as they aren't overtly provocative ""rage-bait"" or are using disproportionately violent speech and language,",7.0
P_1781988237290_xr6m46mtb,6942a793a0943732e26bc8a2,"I thought about how some of my own posts that have been removed came across!  for the most part the examples here are what is circulating on social media.  I chose maybe 75% of the examples to keep, the ones I choose to remove used maybe flammatory language that would shut down healthy discussion.",5.0
P_1781988477974_xip6ot17h,55a28851fdf99b602e6b05dd,"While I might not agree with both viewpoints, I respect the right' to have them.",4.0
P_1781988696494_q99wsysbp,66a700811f06787d458878fe,"First, I decided if it actually contributed anything to the conversation or was just general complaining. If strong language or name-calling was used, it was deleted.",5.0
P_1781988699013_pqvab7tbt,6a05f37cbaaa7ec7339dec98,"As long as both werent over the top or violent, I allowed them both.",3.0
P_1781988966426_y61mf9f6d,69fe8d471498630a476663d8,What influenced me to evaluate the posts where seeing ones that were more professionally written or fact based.,6.0
P_1781988783513_89usvgflw,69e7aa4ac4ee94859779b8e3,If both opposing sides had an argument,5.0
P_1781988870534_n2d0d5hyi,69dad491dae8aaa966e04e31,"Foul language, instant removal",6.0
P_1781988746610_8klw7eqe9,662e89416a1d494ac9e84af3,"Generally I mainly evaluated the posts mostly on the basis whether or not the opinions were adequately made in good faith. If it just came down to mostly angry name calling or violent(ish) rhetoric, I generally thought those posts shouldn't be allowed.",2.0
P_1781988351702_6zh6v7e0a,6a19c73d13df7fb591bb23c1,I mainly tried to be as fair as possible but I removed the ones that seemed aggressive or like trolling. I did notice some views weren't largely different from each other too.,7.0
P_1781988431168_rn97eusfm,69ed18af1021c8f38782203d,If they were calling the other side cuss words I would generally get rid of those posts. Also posts that targeted individual people in a way that looked like it could lead to harm to the person spoken of was also removed.,5.0
P_1781988400952_wi2rnpkcw,65e3b80e31467fe6148deb49,"I paid attention to and removed any of them if the message could be taken as a threat to the US, any individuals, groups, and/or any message that used vulgar language to try to get their political point(s) across.",7.0
P_1781988516052_fg33frapa,6a1eeb2e312b07bacb2698c0,How vicious a post was. Did it sound threatening? Was there major cussing. Was it going to help anything? Was it really how some republicans and democrats think.,5.0
P_1781988813145_8c5eblr94,69bf4def373424fc072a4897,I tried to evaluate whether the posts were based in fact (or someone's interpretation of facts) or merely opinion. I removed them if they were solely opinion-based. I also removed posts that were insulting or derogatory.,6.0
P_1781988675584_qehc2nwbs,5a9a6f5f35237b000112920f,"With opposing political viewpoints, you are obviously going to see a lot of back and forth; however, the comments should not be personal attacks or bad language no matter how upset they may get. Also there should be no misinformation or hate speech.",4.0
P_1781988508945_hncd6snwu,66e0585aeee549c122da5983,I was focused on  the language used to determined if the posts were useful or helpful and not mean-spirited.,7.0
P_1781988789082_v0ftr1jlw,6a218a4c6cb10f27b65e926d,"I look for pros that violated criminal activities, such as violence, harassment, or excitement of such things. When I looked at all of the post while I didn’t agree with all of them, that doesn’t mean they didn’t have the right to say what they wanted to say. Within our amendment rights we have the right and freedom of speech, as long it goes freedoms that we are exercising doesn’t lead to actions or insight actions that are against our law that govern us then they should be allowed. Disagreement or opposing ideas is not a reason to take down a post.",4.0
P_1781988608895_kqy8e66l4,666efb72703de8fb31acc194,"It a pair of posts had vulgar language, it simply showed that whoever made those posts really had nothing of value to contribute. All of the other post pairs that were balanced, I chose to keep.",7.0
P_1781988542721_wwus2au89,652be55d3d99a68b56fe7d56,"I mainly decided most posts would be allowed because people a free to express their opinions. I chose to eliminate pairs that seemed overly offensive, such as using foul language. This is what influenced my decision to eliminate or keep the posts.",4.0
P_1781988733937_z2aupoc4a,6a09776f880d049f6a3bf023,"When going through these posts, I was considering whether or not the post had information that would spark curiosity and critical thinking. I was assuming the average viewer was a decent critically thinking human being that can look at harsh statements and do their own fact checking.",4.0
P_1781988607594_8gz3wu8xe,69794f14162551afa1ae1e25,"Nothing was threatening to others in any of the posts. I believe people have aright to express their opinions and hopefully engage the ""other side"". As long as it doesn't not involve harming a person (physically or doxing as a way of harming their livelihood) I see no problem. Isn't that what free speech is all about?",1.0
P_1781988690711_3d1mh8acw,5e646461698a071f2f15423e,"As I evaluated these posts, my primary goal was to distinguish between intense, polarized political discourse and content that crosses the line into toxicity. I approached each pair as a unified exercise in maintaining a civil forum: I looked for whether the authors were engaging with substantive issues—such as energy policy, immigration, or civil rights—or if they were merely trading ad hominem attacks and dehumanizing slurs.",6.0
P_1781988699371_qlq4f1bky,6941f12abe152014b1fc152a,I was trying to be fair to both sides and avoid showing extremism views . Even if I agreed with one side . I tended to avoid going extreme .,4.0
P_1781988708382_gco228o8n,5a791168f49c9a0001f31061,"I didn't want to allow any posts that adcvocated violence or used curse words. Other than that, I was open to free speech being used.",6.0
P_1781988940233_o70k9pe6f,6658d458ff29df48cda45b01,Posts were removed if they contained explicit language or references to murder/what could be seen as a call to an assassination attempt,2.0
P_1781988911002_pusrrzpfk,6a050ef3e88971f1904630c3,I tried to keep most posts up but I opted to remove posts where people were insulted or very strong accusations were thrown. Basically anything that I wouldn't expect to hear in a respectful debate.,5.0
P_1781989027026_4d3i1mwe1,6a11a942282f17426801d28d,"There should be very little moderation and silence of views or sides, unless there is actual target specific threats or terrorism planning on the site. People should speak freely.",1.0
P_1781988516499_wba1jqt7m,6a22125d831a7b96b3ebd029,"What was going through my mind was the tone of the posts. It's ok to have an opinion, but it is not ok to insult. It is also ok for a post to come across as insulting, but it can't be harmful. Calling someone MAGA is insulting but not harmful. Calling someone a rapist is insulting and harmful, especially if you have no proof of it. I also made my decision based on whether the posts sought to inform and present ideas to open up healthy debate, or whether they just wanted to spew harmful stances.",5.0
P_1781988413917_n39bbwvlm,6a1616b73c13f46de8403876,i didnt see anything wrong with any of them. its all free speech unless you want an echo chamber. everything was typical talking points of either party that i see on a balanced news station every day.,7.0
P_1781988602872_b0i5ddj7l,6a0a0766b8e94bbe01ebb437,"If it opened dialogue and was not too aggressive or vulgar, I allowed it to go through, I think both sides should have the freedom to say what they want verbally attacking somebody or their beliefs is not the way to start a conversation.",6.0
P_1781988549258_dkx7fj5ns,696045a3e464213c52ceb0bd,"As long as the posts were not overly hostile and provided something constructive to say, I allowed them.  If the posts seemed to only be attacking the other side or making claims that weren't verified, I removed them.",4.0
P_1781988801239_p3hkh9d46,69fe2682fb465e86e0cfb5e4,Typically I allowed posts which were simply expressing an opinion (even if some were expressed slightly inappropriately). I tended to remove posts which made personal threats or used extremely vulgar language to describe an individual or topic.,5.0
P_1781988824442_1ik3n7116,6a2463b1e8c4cd5ead13ef5d,Any posts containing foul language or direct name calling towards a specific person was cause for removal.,4.0
P_1781988695952_k4m5yjwbh,6a138237ea9745cb6071fd5f,I wanted to pick one that would Foster discussion about the issue and not ones that were just statements that were incendiary or discussingly provocative,6.0
P_1781988324526_5rhdb3e14,654a86d08714f739c9fcea21,"I look for some substance that could spark healthy conversation to decide to accept both. If the messages were mostly rhetoric or contained profanity, I rejected. I think the most interesting part was how the reasoning could be created into ""mirror images"". Seems to me if that's the case, we should be able to find some common ground.",6.0
P_1781988712949_3oit0lr75,662fb80a4da196677a2d2a16,"What was going through my mind was the need to stay consistent. Each pair had opposing political viewpoints, but the viewpoints themselves weren’t what mattered, what mattered to me was the tone, target, and type of language did. I kept asking myself whether each post stayed in the realm of political argument or crossed into personal attacks, slurs, or harassment. Evaluating them as a pair made me focus on fairness: if one side used language that required removal, the other had to be held to the same standard. The goal was to treat both posts symmetrically and judge them by the same criteria, not by which political stance they represented.",4.0
P_1781988786650_dne1du2yf,69df9d13a2dd0c8a6985298c,"In my mind, while many were aggressive and divisive, none outright called specifically for violence against a group or individual. At most, they were just really harsh words. Since no threats were made, each pairing was protected by freedom of speech and I chose to accept them all.",4.0
P_1781988732923_wrmq0vt0t,6679afd9677e1085cb7f042e,"Nothing really influenced my decision, i believe people are entitled to their own opinion without judgement.",2.0
P_1781988675942_bndp8kg7t,69b87b2a6a54fe331ea13712,I tried to scale the offensive language and determine the importance of the messages/posts even if the words were slang or offensive.,7.0
P_1781988928666_z008ziu68,667275e92f117a03aa5ada99,"The only things going through my mind were if i supported the stance or not, and if id like to see someone advocating for their side as well",7.0
P_1781988853201_8h8c0x2q3,69bdd99ffb1582756a1fe453,"I was reading the posts, seeing most of what I tend to see on social media each day, and I evaluated the posts as I would reading a random post, and made my decision accordingly.",2.0
P_1781988886005_ol9twazj4,699c98bb18e88c4dec767d5f,I did not focus on what each was arguing about but rather if they used appropriate language instead resorting to cursing or personal attacks.,4.0
P_1781988755098_0s2glj0qr,6609c596ac6ba651a47a15de,"I didn't evaluate it as a pair, if both had things I didn't like, name calling and curse words. I banned both",1.0
P_1781989096005_v6cfl02kh,69a20794ed607f27b915d628,As long as it wasn’t threatening/directly harassing I would evaluate the posts.,3.0
P_1781988468654_dzp1dbxyp,65c10e1bba59f80070501946,"Honestly, what was going through my mind was that some of these were actually making sense. Maybe because I do not see myself on the left or the right, so I based my decisions on how I was viewing the statements. People have a right to express themselves, regardless of the side they are on. I think silencing one side or both sides does not do any good because how can you view the other perspective? I allowed most of them because it was people expressing how they felt about a particular situation. Knowing that I could not remove just one or keep just one, but I had to remove both or keep both, that definitely played a factor. That meant I couldn't silence one or the other. Either both sides were silenced, or both sides had the opportunity to express themselves.",7.0
P_1781988802263_dcw3vezob,6a1fb57d765a00c52607dae0,These people are so radicalized that they don’t even know what theyre saying. It’s like reading something a mentally ill person would say.,5.0
P_1781988954777_rl9p6srbp,680d855f5036c95fb4733fac,These posts were very extreme.,1.0
P_1781988672124_b8q7u21n7,6a0b57dda1f2bbc0f2c1398b,"As I made the decisions, I tried to focus on whether the posts were harmful to political discussion rather than whether I personally agreed with the viewpoint. Seeing both versions helped me compare them more fairly, because it showed whether I would treat the same tone differently depending on the political side. I mostly allowed posts that were harsh or sarcastic but did not directly threaten, target, or seriously harass a specific person or group.",6.0
P_1781989142093_30gppg550,6a11db29024f104c1ce62061,It was lots of thoughts and comments about political issues from both left and right and was difficult to decide what to keep or remove.,6.0
P_1781988537258_l6zuxyhs9,66318a453cf195962fd393ba,I allowed all points to be posted on the forum because I believe we should allow free speech even if we don't agree with them. Let people post what they want and have arguments about it. Both perspectives should be allowed to voice their opinions.,5.0
P_1781989049985_c454ye3kh,678808948f74f0911b101629,"If each of the posts was overall aggressive, misleading, or felt harassing.",5.0
P_1781989027316_91rkba9j8,6a10e1cfb68a01b5bbf2fe5d,I picked the choices that looked like they had a diversified view of both sides in my decision making,5.0
P_1781988882004_qv3aibfxi,612e91f6654fd2227289c863,"I tried to be as neutral as possible with my guidelines.  I held each to the same standard, even if I agreed or disagreed with the sentiment behind the posts.",3.0
P_1781988922744_3xquqg8lz,677c4861d510515568796dab,"I tried to evaluate the entirety of the message instead of focusing on one sentence or piece that may have been toxic. I chose to allow more civil sentences that didn’t generalize people/groups, but still allowed the commenter to explain their views.",4.0
P_1781988638281_txk3j1mcz,69f4bb68bf5c197d2c923ac4,"Most posts were retarded left and right wing talking points so I dumped those immediately. The few that I partially agreed with, I sent through..",7.0
P_1781988469061_zrzigf25d,6a13b76f2dc250546d3edf40,"I was trying to reflect on how things have been since Trump took the lead. I was trying to clearly see the message being put across, and how it affects the liberals and the US in general.",5.0
P_1781988649150_njg4vov7a,69d4020f02f0c83f627b5f97,While reading the pairs I was focused more on how threatening the pairs sounded. No so much if I agreed or disagreed with one or the other. But if either was calling for violence or harm towards a person or group/ political side.,6.0
P_1781988480744_jqcagq9nb,6a262517f58c64748baddc47,If the content seemed like a fair stance rather than just a reaction to pure emotion.,1.0
P_1781989128220_mmaux35dk,67daaf1bd5692a92530dcadb,They didn't seem to be well written or very intelligent,7.0
P_1781988991522_73o835c64,6a01df41373893c58f2011b5,"I removed posts that had vulgar language because the purpose of keeping the posts would be to encourage political discussion, but I felt direct attacks like that would be counterintuitive. Similarly, I also removed outrageous claims or petty messages that I felt would not encourage fruitful conversation, for the most part.",6.0
P_1781988807643_c1cc9rkdk,69f49562a94a4da9c8520aa1,"I focused on whether either post violated the moderation guidelines, regardless of political viewpoint. Evaluating them as a pair helped me apply the same standards consistently and base my decision on the content itself rather than the perspective being expressed.",5.0
P_1781988682644_6a3ptpqe1,69938b393a86b06425c41715,"I was looking for comments that could be dangerous to individuals (threats) or just blatant profanity/misinformation for removal, but none of those comments seemed like anything but political discourse. Some of the mirror statements did not share the same message reversed from the opposite perspective. If AI did this work for you, you may need a human proofreader.",1.0
P_1781989100749_5rrfsx01l,55fc1a7c77f33b0010cb229f,"All that matters was if the speech would be legal or not, which all of it would be, so I saw no reason to take the posts down.",1.0
P_1781988618579_88t1r1cgm,6a0935a883d1cab5eab6b95c,I avoided posts that had inflammatory language that would not contribute to a meaningful conversation about politics.,6.0
P_1781989034901_5a3dvsw98,6a048e8df5b260e8018726f2,I think personal attacks and vulgarity were the leading factors in how I evaluated the posts,5.0
P_1781988878113_pwgt0n201,694eedb8abd8cbb086bf311b,Some of the posts that I decided to remove reminded me of discourse you can find on any other sites comment section. I think if this site would be used properly it would remove name calling and try to influence actual conversation.,4.0
P_1781988473937_x8igzwj67,662fecef2a008847dc4f0d9b,"If it was a rant or just complaining, it wasn't going to help either side.",7.0
P_1781988919118_ac7mlj0cv,63d69e4d6648b39324fdf0ad,Was how the overall wording and focus of each statement stood against one another.,6.0
P_1781989056416_pvt6xwbgi,6994ccc085e54eafe1c41854,If the opinions were reasonable. Most of them were. I only denied when I thought both opinions were from a lack of education.,7.0
P_1781988830886_gdi5ftzb5,65ca7b52b557f4aa965301ef,I was just trying to remove the ones with offensive language. I don’t think I was being biased at all.,2.0
P_1781989062997_v38ighiga,628659ea075d4865abe74f6a,"I was looking for any sign of what could be deemed as a threat. Instead, it was mainly polar opposites of finger pointing in political speak. If they were blowing smoke out of their asses, they're both getting declined.",7.0
P_1781988613712_fopd9kqur,5d45e9143c5a360019b1bd3c,"I was thinking about how much I disagreed with the leftist point of view. I think seeing them as a pair might be helpful to a leftist moderator who might want to censor right-wing content, and I thought that would be excellent on a site like Reddit or Bluesky, if they could only censor conservative points of view by equally censoring leftist points of view.",6.0
P_1781988172391_vxtwtkb8e,6a0222b8abcf0736ac172f40,"Most of those posts were just people expressing their opinions, regardless of which side I agreed with I was looking for any threatened violence, or complete lies stated as something that's a law, which is the one thing I said no to",2.0
P_1781988833449_y3xc6036o,697cea231f0584b108b7af24,What influenced me is that both messages were constructive in the sense that they allowed for an actual discussion or debate to be had.,7.0
P_1781989129906_65neswwnw,5ecf40ccb218ec372490e3ea,"I basically tried to keep things even between the two posts and focused more on whether they were similarly heated or demeaning rather than what political side they came from. Since most pairs were pretty symmetrical in tone, I ended up treating them the same and allowing them.",6.0
P_1781988707443_ole7f18tm,674345f9aa4a485b13423e9a,"I didn’t think that any of the posts deserved to get removed. As a liberal, I didn’t agree with the conservative posts, but support free speech and none of the posts seemed that harmful or inciting to me.",4.0
P_1781988872866_0o5k80nau,6a00893df8dbc36e2be09c1c,Seeing both helped me be fair. It helped me focus less on what I thought and more on if it was productive dialogue.,6.0
P_1781989072403_oazgev3w8,5c72f069cf5c4b000197cc30,Just thought about if it insulted the average person. If it insulted a public politician that is fine.,5.0
P_1781989027279_aqjnvt6yl,6a1367055e82b8a9a60fcfa7,"I genuinely did not see anything I would have removed because I think everything was at least somewhat reasonable and I am a believer in free speech, even if I don't agree with the take.",7.0
P_1781988676876_jnds4rocu,69989e599b30e2b9a125b469,I was looking for harmful statements. These all were just opinions so that’s why I chose to keep them all.,4.0
P_1781989060660_9fp7qw26u,662f98ee5dc1287d77d01750,"I tended to pass through ones that werent outrageous statements, didnt have profanity and didnt make wrong complaints. It was a lot the harshness of the post not what it was implying",6.0
P_1781988532606_fbiir7klf,6a16284c8f94761bc6a7b4cd,"Ultimately, the only thing that I found to warrant removal was when verbiage could potentially lead to violence.",4.0
P_1781989105740_ye6rqmprr,66073d09f66221547cbf2599,"I tried to be fair in my decision making, approving politically heated posts as long as they were remaining respectful. I chose to remove posts that contained harmful language or just didn't promote productive conversation.",6.0
P_1781988859649_dx4dgrr8c,673dda5287206444a26549cb,All speech should be permitted. There should be no speech that should be moderated.,1.0
P_1781989042469_4pf40jnte,69fba1d76bc977f982998a3a,i looked at personal attacks which made me refuse both. Critiscm was fine. It was weird how it felt normal to bash the ones on my opposing team but I did not like that bash back so then i wouldnt allow both,6.0
P_1781988744524_ay21kmluw,69daa466c070d0e8d310b9a1,"If the post(s) seemed more like people trying to have productive discussions about issues I allowed both. If it looked like the posts resorted to name calling or attacks/name calling I tended to remove them. I feel like discussion needs to not be hateful, insulting or demeaning  to be effective in political discussions.",5.0
P_1781989164058_p1ndi6auu,6a14b1e83762fe08bf177082,in my mind i saw that many comments were rude to be honest we should try and give better comments honestly,6.0
P_1781989187359_9pldtj9fg,6a1b5cbe13bf1b925d75159c,"Where possible, I allowed both posts unless I noticed foul language, or threats, or the message was insanely over the top.",7.0
P_1781988895243_vo3naihbf,6007a7996fbeef04ce080f90,Foul language,5.0
P_1781988611877_55p4o6kjr,6993a5878979c672768dcc99,What is offensive and not acceptable in a public forum.,2.0
P_1781988829033_pll26bb8s,6a087102490a86b035b41f9c,"I focused on whether the posts contained targeted harassment, hostile name-calling, or dehumanizing language rather than the actual political viewpoint being expressed. Evaluating them as a pair made it easier to spot when both sides used the exact same aggressive or insulting phrasing, ensuring my moderation decisions remained consistent and unbiased regardless of the political stance.",6.0
P_1781988924540_1rlr6905i,6a21c5fbbf06602ba4b64b72,If they contained vulgar language,4.0
P_1781988650246_c4pxwu8us,69dffc42b70b8d1714271cf2,"So I approved all of them. Yes, there were some that were a bit vulgar, but trust me, I've seen much worse in the youtube comments section. The closest I came to denying one was the post where it said Americans are retarded or something like that. I wanted to deny it out of pride for America but then I remembered that America is so great because we are allowed to openly say these things. We are allowed to be critical of our president even where in other countries, those people would be arrested (cough United Kingdom cough Russia cough). We truly live in the best country in the world, and we have free speech, so these are all getting approved 100% i have no regrets about it.",1.0
P_1781989053312_k3wn2fmt3,66bde12b69dc13b3506315d9,"I allowed all comments that weren't the poster just swearing at the other people in the chat. Swearing it self wasn't the problem, it was how it was used.",1.0
P_1781989040860_1l8ungttm,695bce3ec5772551dc8f7fd8,"I made my decision mostly based on whether they advanced an argument.  I did not disqualify if it used curse words or phrases that might be considered impolite.  But if the phrase was highly demeaning, especially while also failing to advance an argument, that led me to reject.  If it was mildly caustic but make a plausible point, I did not reject.",4.0
P_1781989104029_epg7eims8,69fcd60b78d9307b9b2a6f32,Some of these were not flipped as some that were flipped had one based on fact and one based on falsehoods that can be scientifically proven.,5.0
P_1781988304933_ljjiiei5q,63a9a8f2f098b7e45bd03721,"I tried to eliminate any situations that utilized profanity on both sides, because to me that is not intelligent, civilized discourse. I also tried to eliminate bad language that although it wouldn't qualify as profanity, was language that doesn't really promote constructive discussion. Otherwise, I tried to allow as much as possible.",4.0
P_1781988993646_ll2fwjfy1,631fdedf78d4f7b0a6b985ad,"I tried to reject ones that weren't reciprocal. I wanted the two posts collectively to equally reflect both sides, not seem weighted more one way than the other between the two posts.",7.0
P_1781989015523_twquxmj2c,5e3adfc595ff562fbdd130fa,"I tried to look for offensive or incendiary language in the posts that I removed. Most of them seemed fine, even if I didn't agree with the statements.",4.0
P_1781988898022_qmeczd3yi,69a9b65c2ff9187ae9bda652,"I feel like if anything is hurtful in regards to either political viewpoint, neither should be allowed to be posted. Everyone is entitled to their own political opinions but we should not be nasty or mean in our comments.",3.0
P_1781988720728_7dmobt7if,6a1afb8846eb6abd7232f9b7,I strongly believe that silencing someone because of what they said is not the job of the government as long as it is not a direct threat of violence on someone. That being said I for the most part kept almost all of the posts.,5.0
P_1781988550606_zubex0pl1,5b5a822e1ad8270001c4f28d,"The stuff that was going through my mind at the time seeing these post, is that what goes through the mind of some of these people and how they view a political society.",7.0
P_1781988951157_qiajqlb29,697f8ce069331d50ffbcf152,I thought these were all very mundane and normal political conversations. I can't imagine why any speech would be moderated? That defeats the entire point of discourse and freedom of speech. Only those who seek to silence their political opposition would want to moderate speech. Censorship is for the weak.,4.0
P_1781988992726_xcrl3pcu1,69d7b5ca00b6964e4d0d996d,"I looked for the level of vulgarity, taking into account the right to free speech. I took into account if it was free speech, or speech made to inflame. If it was vulgar or victim blaming, I took it down. It's basic ethics.",4.0
P_1781989099339_0d5598fqx,69be9e1077168c874f2a48cb,I was not able to select or favor one of them so I had to be reasonable by giving both the same idea and response I would give for both. I didn't like it so I just not rather prefer either one,3.0
P_1781989144224_4axyg854c,5df961cb53e8466f17606ae1,"While I disagree with a lot of the and some can have questionable language or points of view, I didn't see any cross the line as threats or the like.  We all have freedom of speech",1.0
P_1781988914614_lavthf7jx,638b951008b4843ccdbc4e15,Bad language was my main influence how I evaluated the posts as a pair.,7.0
P_1781988977468_rio7wzn4v,6a10fc338eef777d009ca31d,"I judged both to see if any were over the top and overly negative. Typically if the post was just an honest opinion, right or wrong, I felt it was fine to allow.",5.0
P_1781988961961_x7r0vskxn,66b65c883596149c4bba9487,"It all comes down to being respected and using sentances that are respectful. Once foul language is used, it really becomes very childish and rude. We dont have time for that kind of foolishness with the way the world is today.",7.0
P_1781989230072_64nm9ok95,69c39624fc6205cf84be7a0c,I am a free speech absolutist to a degree as long as you are not threatening to kill people its fine with me we are adults. Maybe children should not be on the internet.,6.0
P_1781988858172_qyhxcon1s,6a24a91d371458cff214bd42,If they seemed on topic to the most,5.0
P_1781989209959_02zeknuwj,6a237b3782fc441af1edad83,The words and tone used. And if they said anything that could be perceived as a insult,6.0
P_1781988478805_guiax8s3f,69bb250486b99d0c52fa1aeb,"I thought that the majority of the posts should be allowed because each side was stating their own opinion which was in my book, healthy discourse.  However, when there was name calling, profanity or for instance accusing President Trump as being ""...a cancer..."", I thought that was just too insulting and broke the rules for respectful debating.",5.0
P_1781989069149_ft14xcdr1,6a09f0f336314e43823c2a78,I tried to stick to facts and also look at how some of the statements could make others feel.,4.0
P_1781988911419_mv1tx1bih,69c8a4940b7fc0060465a69e,"I think everyone has the right to express their opinion, that's free speech. In most instances I personally didn't agree with one of the two posts but understand many would have the inverse view. If both posts were removed then an belief I did align with would be silenced. Most of us live in our own personal bubbles anyway and will ignore the content we disagree with.",3.0
P_1781988474563_k3i6hbzqy,6a0a200efdf95c93dce00159,"I just let both through no matter what. Any sort of political social media platform should let all comments through, no matter the side. Even if they encourage violence. Free speech is important and neither side should have the right to take that away. Bias is bad.",1.0
P_1781989208312_rrrdo1lxo,69d861261e5a6a555720f331,I read through each of them and saw how much I agreed with each. If I agreed with each then I felt like both could be posted. Or if i felt they were fine to post.,7.0
P_1781988542468_qs3okfzrs,659b7c5ec0267a15dd6327f6,"I decided to make the decisions as a pair because everyone has the right to voice their own opinion, but there is a proper way of being respectful to both parties.",3.0
P_1781988922124_99bogniwr,5924f4910a3e3e0001f1018e,"I was influenced if there was cursing in the posts. If I felt one post was too explicit or expressed too much hatred toward someone or something, I would not allow both posts.",6.0
P_1781989048561_2zxnih1ve,676191c90a2f4ed117de625d,"if any of the posts talked about violence or murder, I thought it best to remove them.",2.0
P_1781989044309_1elxe2szh,6a06473163e2fd405681645f,If one of the posts was stating opinion as fact or calling out to violence I would remove.,3.0
P_1781988826508_flywqurr1,6110b901d3037af4edb435c5,well i had to distance myself from feelings. as a moderator you have to let your own feelings sit to the side and have to contemplate and allow equal time to the opposing side,4.0
P_1781988567082_ihabpsnp8,69fe25248fe923929eea5a70,"What was going through my mind is people voicing their opinions. People have rights to their opinions and are allowed to post opposing views on social media. As content moderator, I had no issue with the large majority of post from either side.",2.0
P_1781989141730_npmx1qcg3,6a23572b5e63504d6df99475,"Regardless if I agreed with the writing, if it was coherent and civil I allowed it.  If it was incoherent, inflammatory and bigoted, I cancelled it.",6.0
P_1781989205283_e1ac0b35e,69acb6badd90036a06cac01d,Profanity and violence were the things I was looking for to remove,7.0
P_1781988969970_qz2j44vvx,699c4a4aa833481eeb7661a9,"I focused on applying the same moderation standard to both posts regardless of which political viewpoint they expressed. I evaluated whether the content contained threats, incitement to violence, hate speech, or other harmful behavior, rather than whether I agreed with the opinion. Seeing both versions side by side helped me check for consistency and avoid favoring one political perspective over the other.",6.0
P_1781989011717_5b74wi946,69418c2f009f4f1edc81935c,I tried to stay neutral politically but opted to remove things I felt were encroaching on hate speech.,6.0
P_1781988725753_8iggoxefe,663030c6f9b697a222a881ef,"Reading both pairs of posts helped to remind me how important the first amendment of the Constitution is and, just because I don't agree with someone's point of view, doesn't mean that they don't have the right to express it. That being said, this study was about a private social media platform and the first amendment refers only to a government silencing individuals.",3.0
P_1781988934147_jta8zo62n,6a1b21ad162348890ae2af23,My thoughts were entirely based on the ideologies I have a s a conservative democrat and trying to justify my opinion where applicable. I also took into consideration the views of republicans as well as liberals and weighed them against my own in the modern world situations hence formulating my responses.,7.0
P_1781989197437_h5sktkrst,6a05fb66e6902510d151de14,Trying to see what was fair for both sides to allow. Without allowing it to be too derogatory towards a particular crowd.,5.0
P_1781988737841_g6e020zhl,697a495862ac67423e8418b8,"I first looked at the language of the post. If the post appeared angry with curse words or blatant name calling, I chose to reject the post because I don't think it would lead to a healthy debate. However if the post stated an opinion, or posed questions without strictly name calling, even if the post called out specific names, i felt it could be discussed logically and lead to a good debate as long as it was calling out the topic at hand, then i allowed both.",5.0
P_1781988472259_bwy3g7isj,6a1f1284c6cdbbb2718f8f43,"I was thinking that anything that was argumentative, condescending, rude or negative would not be helpful in discussing politics in a civil manner.",6.0
P_1781989263734_hs0ys9h25,69f9617a54582cc091ec1129,"Using both was difficult, there were times when one seemed rational and the other seemed more like name calling. I tried to determine if someone from the opposite side of the political spectrum could have an actual discussion about the topic, or if it would just devolve into name calling.",6.0
P_1781989173842_zt2zzlh7y,6a2601fe8e6d71a830c96a3d,"The severity of the language/tone used in the posts, as well as the way they were framed.",5.0
P_1781989523856_co7ratlta,667480a37068f7b381b534b6,Excessive profanity or hate speech.,4.0
P_1781988821299_3yisuev6x,6a0b0ca6fc4559c2d2abd1f5,People behave horribly,4.0
P_1781989168166_klplbqsvd,697cfc324ea85aa42cfe2d1e,I was evaluating whether their was hate speech used or whether the views were endorsing violence as criteria to suppres.,5.0
P_1781989304982_rylt915kh,6a1f2b9c05be0d1c4cb23638,Whether or not the post was something you could actually debate or if it was just trying to be mean and offensive with no real substance.,5.0
P_1781989150607_zj4ainxwj,69ecc2376b2788e6d0647c24,"At first I was marking both options, some seemed hateful and that’s why I chose don’t post. Then I decided…I am big on free speech and not regulating people’s stances, so then I marked the remaining to post. There were some hard to read ones, like the one that both stances were disrespectful of Jesus, but I still marked post because it’s a free country.",4.0
P_1781988957207_8fys6g9mi,673378009f99d14c232c1f2b,I was hoping to not run into a lot of posts with slander being used as it's not necessary. I also made effort to focus on when it's a statement that is left or right leaning. Overall not many of the posts seemed worth posting at all.,5.0
P_1781989081770_8z3kgvf12,69ef7f22c7d65b937a595632,I was just trying to determine if they were indeed opposite statements and trying to leave my own personal opinions out of it,7.0
P_1781988932146_ouitnvji4,6a13db8199b83225b3f11f9c,"I usually made a decision based on actual discourse, if it seemed like an actual ideology discussion based in good faith (to some extent anyway) - it seemed like a sort of healthy way for discussions to be held. Anything that was blatantly and specifically driving hate or brainless nonsense got the boot. People need to use their brains again",7.0
P_1781989085554_4x1kig0zw,69aad46794278e49c2190bbd,"yea some of the posts, i viewed as straight up insulting and no basis of opinion",4.0
P_1781989447042_eg45k52j7,6a21be45b58b9ba9426611a3,"my own political affiliation impacted my response to these questions, as well as the way the comments were worded.",6.0
P_1781989417078_e9ondjm3l,675c611268e0e1825a5fe25d,None of the posts were even remotely close to being bad enough to be removed. I am for total free speech unless it's advocating violence and none of those posts did that.It was very easy to choose allow both on all of the pairs.,1.0
P_1781989259599_svkf059gn,6a01dbafd86ea80e11b544f7,If it was litered with profanity or seemed very offensive it seemed right for me to moderate the post.,4.0
P_1781989561646_rq4xdiufp,6a1cd279ee785f067891f79b,I wasnt expecting such profanity in the discussions it made me think how some people on both sides talk to eachother.,5.0
P_1781988669826_8plhnks9e,69b19bdb924f32c2bac66507,"There were certain remarks that I felt needed to be removed from the two choices, but the fact that you can only remove both at the same time made it somehow difficult",4.0
P_1781989139628_cn6ibtl67,5d1a13a0ae692800192fa1c2,I personally greatly dislike political arguments. But I understand discourse is sometimes healthy if enough respect is present.  I tried to allow posts to remain that seemed fair to both sides in equal tone.  Some posts were so hateful and full of filth that I was very happy to ask for their removal.,7.0
P_1781989231662_6ihmjvr9m,697a73d11685e52cf51861fe,"Im not a huge fan of over moderating any social media posts, regardless of whether I agree or disagree. I think posts should be moderated or removed for misinformation, racist/threatening rhetoric or inciting violence.",4.0
P_1781989237407_nvybwjsla,66744d50fe240752d41fdb9b,trying to limit the name calling and cursing,4.0
P_1781989314923_wifmioiz1,62916bb383e38e21d42cef2b,"I tried to stay as unbiased as I could, also thinking that whatever theses people were saying as long as they werent inciting any type of violance it is their right to say it.",2.0
P_1781988918495_fkkz7i57b,6a14d5add297bd4f68450ce3,"Seeing both sides was interesting, but that said, if I felt one of the posts should be removed, I would click to remove both. I believe in freedom of speech, even if that speech is offensive, so I allowed for nearly every post. What I would have removed was anything directly inciting violence (none did) or anything that was slander (calling Trump a rapist has no corroborating evidence and to me is clearly slander and needed to be removed).",3.0
P_1781989132468_1vwx2b0lm,67f015260f679212b3c34caa,I figured out how each statemant could be of impact and this helped me decide whether to allow or not,7.0
P_1781988895223_u25tbvb4f,69f2bef5b7dbf81c29b2a9ae,"To be fair, I did not think about it from my personal perspective. Freedom of speech should be unbiased, and everyone is entitled to their own opinion.",4.0
P_1781989169218_fca59itbi,6a16411a9bd3f7bbb5102a86,I feel like everyone has the right to their own opinions and in most cases should be free to express them.,2.0
P_1781988265313_7kpbqs4pj,6a0f010805973b5eef172a9f,"For evaluating these opposing pair of political posts, my top priority was that they were on the absolutely equal ground. By pairing up rather than evaluating in isolation, I could compare the same set of standard-like misinformation/incitement/harassment across different sides. What I kept asking myself was to ignore any sense of alignment/misalignment and simply focus on rhetoric of the text. 
My check for whether something was the same hyperbole style, the same type of unsourced claim, the same way of being aggressive. 
Using them together helped me not apply my internal bias.",5.0
P_1781989169552_r64ph0nlr,66660a053b08e2a34f9b945c,"I was trying to only take down posts that were overtly sexist, hateful, name calling the president, etc. Besides that, people are allowed to have their opinions, as long as it isn't hateful or dangerous to anyone else.",4.0
P_1781988901365_o99yoe2a5,63e7f2a754618d35c2b61ba5,i got rid of anything that used profanity. other then that if the view presented a little forethought i passed them. people have a right to hear all sides of an issue.,2.0
P_1781989126246_eyrgvd7bs,6a1f6d5fce66017f0adabf7c,Sometimes the language influenced my judgement.,5.0
P_1781989260654_ud72teovm,672e27b3a0c448dc9387c7c9,"I considered how harmful each posts could be. in some cases, one post might have felt more harmful than the other and warranted the decision of blocking both posts",5.0
P_1781989302428_dxonihu9c,69c6d5f6e7f7ff1fe6ac771d,Opinions shouldn't be censored unless there is a threat of violence.,5.0
P_1781989180971_q7y1dtdjj,69fe89c667d2daf3d480d753,If a post didn't really add anything to a conversation I wanted to remove it more than ones that just expressed an emotion without any context or opinion added to it.,4.0
P_1781988469987_8twwgoomf,5a72e36c6fc3c60001f97a9b,"Was it threatening? Was it violent? If the view held wasn’t my own, did it make me think more, did it offend me and stir feelings of rage, did it allow someone to safely get their feelings out? Would this help or just hinder the conversation? Seeing both sides of comments helped clarify those feelings sometimes.",6.0
P_1781988718439_iva8ulmcr,6981dbb285c354923c1e23f9,"The number one thing is if the posters are being respectful to one another. As long as the posts are halfway respectful and do not make personal attacks, I tried to let them pass. However, if they are bullying or attacking one another, I would be more likely to block it.",4.0
P_1781989067502_15d0ugb61,6a1621eb915b0e1eb2727edc,I removed most pairs because they were just vitriolic comments for the most part. i was expecting facts not hostile opinions.,7.0
P_1781989186846_cite2srb1,6a08a6cb8cc38830f7bae3d3,Relevant topics that will effect us for decades,5.0
P_1781989140589_g052b90bs,5ecc6ffce3ca77849333e83e,Freedom of speech is important.  I did not see anything problematic about the posts.,1.0
P_1781989421219_duigsvx30,66362c599c58570d437989ca,"I was looking for hate speech, direct threats, or other types of speech not permitted under the 1st amendment",1.0
P_1781988634197_ug7k37lik,6a1f2ae0d9a867dc99e8a72b,"I think both sides deserve freedom of speech. Professionalism, however should play a factor in their online activities and how they speak to the American people. Cursing and name calling is not respectable in any government position.",7.0
P_1781989312110_nsnnfues1,5f0395a63963d05bc235abdb,Anything to incite violence I didn't allow.,7.0
P_1781989227328_v5no4e862,6a13b6da7eec296ad9e677aa,"If it was too subjective and spoke with emotions and feelings rather than logistics or contained vulgar language, i made sure to remove both. Its one thing to have opposing stances but if its fueled by emotions rather than actual facts, its not bringing anything to the conversation that will be useful.",6.0
P_1781988908520_f82yquvm2,6a039ceff847f161acb062f3,"There were some statements that were dead ends and cannot follow up on a proper discussion, while others were open ended. Although they may seem like heavy statements, they are actual topics that need to be addressed. Others were just insults and aren't needed because they have nothing to do with a specific political topic.",6.0
P_1781989155406_6fmzj6d0d,6638eb8fffad7363590affc0,In generally I'm pretty neutral about discussions like these because I do enjoy hearing both sides. So i primarily was trying to figure out which statements wouldnt turn into a good discussion and if they were more likely to start a fight.,3.0
P_1781989424229_f4dq4x9t6,6a0de7ea80a32de2acc70fb8,"first of all. democrats arent really left-leaning to begin with, especially of the american variety. but my evaluations were based on whether the posts were really really charged or more sane or whatever. idk",4.0
P_1781989153473_b42p675eh,675cf0bd30942630672d19ef,I was trying to determine if either of the posts alone would encourage violence or any type of illegal behavior. I believe everyone has a right to free speech but you have to draw the line on something that may provoke people to act immorally and illegally.,7.0
P_1781988906209_odjvrpupo,6a2373ad0e8d230a0c9ff39b,Some of these remarks were awful,7.0
P_1781989199060_63cuux0d4,6695c0f382fd54349473da11,I was more focused on language than the politics mentioned. If I saw cursing then I would select to delete both.,1.0
P_1781989447614_p0bihlz1l,6776bbc5289ff58ff9bea02b,no  please  just to give the best answers,4.0
P_1781989169555_jupbq5yth,664e835c732628231a08fff5,Evryone should be able to say what is on their mind but when it got too offensive and unneccisary thats when I chose remoe both. However it was rare as I believe no matter what side you should not be sensored.,7.0
P_1781989223861_b0gydbwcw,69f254447c009466199f7550,nothing in particular,5.0
P_1781989333334_1y6kuwmt1,56e6a66af6ed900006a5867c,"I'm a free-speech absolutist. I didn't find anything warranting removal. I would have probably removed something if it called for political violence or terrorism. The one calling for the bombing of Iran was the only one I had any reservation on not allowing. Opinions, even those that are extremely controversial, need to be allowed. Societies that try to silence or restrict freedom of speech never work in the long run.",1.0
P_1781989257724_0qskmqas4,668568bb50fdf898014285b7,Rather both posts made somewhat sense and wasn’t too over the top,5.0
P_1781989352494_8vsxywhem,6a12b3ba47462081a6e8a119,How they were written or expressed made a difference to me.  If they had proper reasoning to back up their statements or if they showed any ounce of openness also made a difference.,5.0
P_1781988796367_6o27xaq7o,69b5f85f821f8140e43a93ae,The fact that they were both party focused really had no effect on me in whether to allow or remove the posts. I was looking more for information that could cause harm (known bad medical advice) or promote violence.,1.0
P_1781988844951_1k8lbroy8,6142583049e8aba35814f68a,no,6.0
P_1781989065854_uyyr4a08k,6a184204b4f27f7fdc84d641,"To be honest, I was just looking at the posts to see if it was an actual argument or just some spewed bs. If it was people typing their sentences in all caps incoherently, they are removed. If they were actually making a coherent point without being bias I allowed them. Only I realized that more torwards the end.",5.0
P_1781989312821_syz5lstmp,666f5c8b54f3cb859fcd9706,"If it was too completely just ripping the other side apart, I removed it. If it was an argument or a ideology, I let it go through.",7.0
P_1781988994066_y06qg4pey,65c11f6098be0f40918869d2,"No matter the view, I believe society has freedom of speech. I draw the line when citizens are subjected to unwanted and unwarranted profanity. I only rejected responses when profanity was used.",7.0
P_1781989422142_k6wxyx0v7,66dca29d14f4d3d03a07c762,The political leaning was not important what was important was if there were any dangerous or harmful content like threats of violence.,3.0
P_1781988858059_md1xw6w1v,58adfc6e7cf56d0001f931a2,"You know there's a little thing called compromise, and a lot of these decisions kind of feel like this varient of compromise: ""We don't think that we should be killing anyone."" ""Well, we want to kill 15k people."" ""Why would we need to do that."" (third party person) ""Well, here's an idea, why don't we just kill 7k people, isn't that a nice compromise?""

Outside of the blatent misinformation in some of them, it's insane that apparently instead of doing proper content moderation, I either have to ok two possibly extreme views, or, in what I've seen more common, ok 1 extreme view and one view that's relatively normal. This is NOT HOW YOU DO CONTENT MODERATION IN THE SLIGHTEST.",4.0
P_1781989307873_5brauf0rk,662948ed99960b11f2f8e3fe,"Just thinking like when the posts crossing a real line into threats/harassment etc  rather than whether I agreed with the politics. Seeing both versions made me to apply the same standard to each side, even when one side was closer to my own views. I leaned toward allowing strong posts even rude ones, but removing those that felt truly abusive and toxic...",5.0
P_1781988902882_5fma4323l,6961be4a7498db9456aa391c,"I considered if the posts made death threats that said they would personally kill someone or were sexual. I will say for me trial five, I don't think dei hire and soft porn are a mirror though. I think the porn one could be considered sexual and not allowed.",2.0
P_1781988797752_wedzm1vmz,69d168cd69e7f1bcf9c0a401,"I may or may not have agreed with the point of view that the author of the posts was displaying, but they have the right to express them. However, I do not believe that teh abusive language used in a few of the posts should be allowed to be shared.",4.0
P_1781989032249_24hycw8dz,53987712fdf99b68e3a45021,"Broadly, if I felt that the posts were not just hating on another group/person and made some sort of point that showed maybe there was room for discussion, I felt it was more okay to allow them. But ones that just called people names or expressed a lot of anger and disdain felt more like they should be removed because they wouldn't help the two sides understand each other better.",5.0
P_1781989446896_5zwal0ky3,6a1dd567dcb3f13abc27ff15,The use of full language and direct bullying wording of a group.,7.0
P_1781989010690_5i070k3ng,6a237e9a0aec8fe732943cc4,"What influenced how I evaluated the posts is how the message in whole came off. If the statements appeared too vulgar or offensive I chose to remove both. In turn, if both messages were communicated appropriately and constructively I chose to accept. The message itself or the political affiliation associated with the messages had no bearing on my decisions to accept or remove.",1.0
P_1781989450887_940thxvy7,6a1b544246f12219f033d3c3,Something that could possibly incite violence was flagged for me.,1.0
P_1781989676021_w5l6vzjbw,6999b576fb7abd39ed87dbfe,It influenced in a way to the severity of the issue,6.0
P_1781989719419_ci3zqp5bp,6a1a3b02b474dad1b5fc565a,I was trying to keep post that reflected both sides without their being a great deal of misinformation,5.0
P_1781988968576_4bkk4xsc0,6a0b5e40de495fc7b30467c0,"Cringe worthy statements, profanity and vulgarity",6.0
P_1781988733013_me4s931cx,69bea1cf6ec710cffc459eb2,"This study was extremely mind-opening. There were points where I wanted to choose one prompt, but not the other, but then I realized, they are both saying similar things, yet different standpoints. The prompt that I wanted to remove was one I politically didn't identify with. I had to take a step back and realize, ""but they're both essentially saying them same thing, as a moderator, it wouldn't be fair to delete a post purely because I disagree with the political standpoint."" I tried to see this from a more objective stance. Everyone deserves to speak their mind, even if I disagree with where they stand politically. It didn't feel fair to denounce one, but approve the other purely for my own benefit and viewpoint.",7.0
P_1781989453148_a0gddfpe4,697d03a9d747b7b8668a74a1,Hot topics but mainly cursing and being rude to one another.,3.0
P_1781989470115_hixv90e8p,670941cb4c3332714262db12,"I didn't really like the ones with the curse words, it just felt unnecessary for those to be there at that moment",4.0
P_1781989198681_1d9k0guja,5dd8c6e24c97928688acd05d,"I found plenty that was distasteful, and lots of ignorance, and lots of empty vessels making noise. I looked for something that might endanger an individual and found nothing. The value of social media is debatable but there was nothing to censor.",1.0
P_1781989312822_xpweuo863,6a091e4c5ddcfe626cf8a3dd,"I read the posts and looked for places they were attacking the commenter vs providing an opinion or continuing the thought. The attacks I removed, or tried to. Some included both ""attack like"" language as well as an opinion based on fact.",6.0
P_1781989085945_ckjeb8shb,69c0a3722250e65bef1fb784,"I focused mainly on how each post was written rather than the political viewpoint behind it. If the language was respectful, clear, and made a reasonable argument I was more likely to view it positively.",4.0
P_1781989144289_023cfz1gi,6a1a5fb0f6ebb7e62c939a12,Was really hard to decide in most cases. Tried to approve the ones that appeared to have stated facts and not just whining or crying about something.,4.0
P_1781989305023_aww3ocjb4,6a219b0e7e5d6a2faf9b3e8e,Freedom of speech. As long as there weren't threats or excessive bad language people should be allowed to express their political views.,4.0
P_1781989640519_he3ti7k87,69b4cd1edb91fb79284441cd,none,5.0
P_1781989206047_k2msvle6a,6686a67b033a587e5930373f,I based my decisions on what I felt was either blatant misinformation or could invite violence. I approved misery just for free speech reasons that were just expressing opinions,6.0
P_1781988942347_1ubf3llah,662cb635b6a120ebb803109a,"I was working under the perspective that all political opinions should be allowed expression as long as they don't rise to the level of incitement. The only ones I disallowed were the ones that came across as empty, angry rants that would contribute nothing to a constructive conversation. 
The pairs did seem to mirror each other adaquetly so making a joint decision was easy.",2.0
P_1781989455675_6e6kk9v70,69fca484237ccf6839f55328,I evaluated how radicalized or ridiculous it appeared. Overall freedom of speech was taken into account.,6.0
P_1781989197963_jr8zm9w33,655a395e2828d333bae0ea4b,because everyone should look at facts and get away from this is my guy and trash the other this is what the government wants people going after each other not to mention China Russia north Korea iran other bots come in and throw gas on the fire people need to think for themselves and what's best for the usa in general we need to work together to make this country good again,1.0
P_1781989697920_s3tusn12a,66510512a85a3696ee998012,first amendment,4.0
P_1781989445834_p89z8b0ss,69b43900b2c5ae36c54d6372,The tone of the messages and the insulting comments on both sides was not fit to publish,6.0
P_1781989206853_i51hhhdu6,69e192c0923be458cafc9289,Well I kept free speech in mind and as long as no one was calling for physical violence then I let it roll.  Physical violence was a deal breaker.,5.0
P_1781989395009_ucljwzmsb,66293cef3c0a757dea883538,"The amount of disagreement or the policy statement didn't matter as much as the language and the accusations. When posts dropped into name-calling or insulting individuals or a whole group, I removed them. A couple had one insulting post mirrored by one that wasn't, but since you had to choose to keep or remove them together, I removed those.",6.0
P_1781989591455_02la6w1k2,6a031505ec90572cf3034189,I didn't think posts where they were saying a person should die or if it had a lot of cuss words should be allowed,4.0
P_1781989466277_0iapuslza,69e5546b86d3abe6e63bd19e,As I made these decision what went through my mind is the fact that there are so many political ideologies in the American system of governance.,7.0
P_1781989307537_smr98rtj3,666b254d9bc6d71a71b89cee,I chose to remove posts that were attacking the other side or that were not relevant conversation points.,6.0
P_1781989059559_mibzlaoxl,69854f90f561e5949708bc0a,"Honestly, most of them just looked like people exercising free speech. I felt like I was on Twitter. I'm pretty sure one of the few I flagged as not allowed made a statement about how poor or homeless people should be killed. I don't think those are ideas that should be allowed on social media. There were ideas and opinions I did not agree with, but I don't think they should be censored.",5.0
P_1781989240354_ts4ubf572,6a18f1c86f084dafe170b864,"I generally struggled with how much I disliked or liked on question verses how much i hated the opposing view. I decided that if it posed a provable lie, to allow both statements.",6.0
P_1781989449624_sqyi4xshb,69cd6582263fee0bff10d578,I tried to allow most and only removed those that were offensive,4.0
P_1781989886820_i946o546c,69fce7c7c973dead173c38fd,How vulgar they were and what they said.,5.0
P_1781989315842_cbajjjjw1,6489504ab14355056ca6133d,"Seeing both posts side-by-side puts the words into perspective. It is easy to become biased over time, so I thought it was a useful exercise to ensure you're being fair when evaluating and moderating political posts. As I made these decisions, I was just trying to focus on the core of each post and whether or not it would provide a well-intentioned space for healthy debate or discussion.",7.0
P_1781989350993_4gv96bf5q,58016c9f551314000145af58,"I primarily evaluated the posts on whether or not they invited discussion or if they were just insults or negative content. Most of the pairs did allow for reasonable discussion, but there were a few that did not.",6.0
P_1781989184161_5dvu11tv4,6a150fcbc5238897c2c9408e,"I just checked to see if anyone was threatening real violence. Otherwise, everything fell under free speech for me.",1.0
P_1781989439078_5k8q3s5yp,6a02795fea4febbd42d3aa4a,"Even though I'm more left leaning, nothing specifically was influencing my decision because they were literally just mirrors. I read both sides as the same. If the main message was aggressive, it didn't matter which side, I didn't care for either.",2.0
P_1781988919290_ntz4op4a9,66f9a40196d53f05f2232cff,I'm typically for freedom of speech as long as the language isn't too out of term. The majority of the moderating decisions were to allow the viewpoints of each side regardless of which political side it comes from.,3.0
P_1781988545820_kt95pejf3,69c45acaa988033e0a15876a,I think the large majority of the posts were succinct and written well most clever in their wording and their observations. In nearly each of those situations one's energy matches or match to the other's energy and they were both writing variations of beliefs on the same topic i loud almost all of the posts tooStay.The singular post that I did removeWasPersonal attacks in vulgarity with no contentAnd Ovo equal in their energyWe're both offensive enough not to contribute to the debated hand,4.0
P_1781989691627_w0v6dt7jo,69e2db31d69cb8c54988443c,Nothing explicitly threatened violence or disorder.,4.0
P_1781988670301_ebmnom2kn,6a00980712812ac074ad23ee,"If there were curse words and insulting statements toward the other side, I decided this didn't advance the respectful discourse and chose to deny those posts.",4.0
P_1781989589508_ikdgcexv2,69d84b3a44cb243306f103e5,"I wouldn't remove any posts. Who cares if they're provocative, inflammatory, etc? We have freedom of speech in this country. I don't want social media platforms censoring anything.",1.0
P_1781989330964_tsl9442xi,69b6ed836c20e2e45fa2256c,"As long as people aren't cussing each other out, I think everyone's opinion should be heard.",7.0
P_1781989495874_yvz9fxf4v,69836fcd76cac55fdf6f866e,It was important to read and think about both sides before making a decision.,4.0
P_1781988936647_jnne3etqe,69ebce5a04771978c32705e0,"Everybody have the right to disagree, and we can all have respectful disagreement without dragging or attacking each other down.",5.0
P_1781989282164_0s1b7z8vk,69d67e558286a0e5a947c5e4,"Seeing both versions together helped ensure consistency, since each pair expressed mirrored ideological perspectives. This made it easier to focus on the type of language and behavior rather than the specific political stance being expressed, and to avoid treating one side differently from the other when the content was structurally similar.",5.0
P_1781989749001_jtrz55v59,63d7b776a9923fe2a69d36bd,i sometimes clicked allowed both to create an even playing field for both sides,7.0
P_1781989669530_6hxeec3fg,5ca1b03f2461ab0017c413e7,I respect free speech so I allowed anything that was not offensive,6.0
P_1781989325933_ypb1316lf,69e7a0580eb7be698271048f,"Some of the post I read was good, But some of the post were evil and cruel to each other i know people have their own opinion , but don't need to be nasty about what come out of your mouth",4.0
P_1781989608647_ssgwods0r,6995f2126c93701d4f3b28e0,I tried to consider what would actually lead to discussion versus what is actually just an insult with political content sprinkled on top.,6.0
P_1781989267688_x49wy2o65,6a25726a3088db992db0bbfc,I find talking points acceptable where debate is still open. Too many were so far away from a debatable statement so there wasn’t any way to come to a point of discussion.,5.0
P_1781989610053_1dxh8z8rl,69f1c2bc407a34eb5ed3badf,The actual wording. I believe in freedom of speech but why put in all the foulness.,6.0
P_1781989070401_9tjw15vvt,659c14314dd0249b909c4c91,The posts that I felt were more on the violent side I did not allow. Posts that showed opposing views I allowed.,6.0
P_1781988884247_4mr3k2hno,69dc2857f624bf62f1266d4d,"I considered if the language being used would be considered to one or two people or large groups of people. If both posts felt like they were likely to cause controversy on all sides of the spectrum, I was more likely to remove both. If the posts felt like they were generally not going to ruffle everyone’s feathers, I allowed them.",6.0
P_1781989377924_is0muqpsu,6480bdf6d433e2e158870605,"I evaluated them in terms of whether they were essentially saying the same thing, simply from opposite viewpoints, without drawing an conclusions from things that were ambiguous.",7.0
P_1781989312296_tppaaxijv,60fed37f8321c18534a69e5f,I found it weird some were more similar than others. I believe I let more of the ones that were nearly identical pass. Anything that was too strongly opinionated teetering the line of bullying and vulgar I decided to not let through.,2.0
P_1781989551270_syklrcguc,55900dcffdf99b3f7aada3f5,I rejected profanity laced language.,4.0
P_1781989184812_7g8za4kv9,55af28e1fdf99b7ffd4a728b,"I was looking for anything dangerous or overtly racist. Stuff like legit calls to action, or the term ""globalist"" that I saw a couple of times, which has been used as a dog whistle for ""Jews"" for a long time.",1.0
P_1781989221923_foz4fpywj,6a20a623d2c8d8be649c4825,I wouldn't wish for both in most cases. it was more of a trap.,7.0
P_1781989071916_k6m5vxz9p,661c37c372bb8537fe7fe83f,"I allowed them as long as they were not unnecessarily hateful/hostile. Even if I did not agree with an opinion, it was still a discussion worth talking about.",4.0
P_1781989141628_jre2tgtx9,6a0a278fad5ca2506415e526,"I allowed freedom of speech to be fully on display, but any harm inducing words or harmful terms were rejected.",7.0
P_1781989378073_4b6nn7ohx,5e9f397c9286a70c1279d0b4,"Does this promote a healthy atmosphere for actual debate without open aggressive hostility?

Is this factually correct?",6.0
P_1781989222156_c055r5j2v,626976d0dfd20d6832fc92aa,"I think most content should not be moderated. Unless someone is threatening someone or possibly breaking the law, I think censorship only hinders productive discussion.",4.0
P_1781989727124_sanv6nt21,69f1f123dd8c853f07e4b32d,If they were actually something people could discuss vs obvious rage bait,5.0
P_1781989234215_0xl317xee,6633770ec55dab4584a0d4ba,"I didn't see anything that offended me, but I think in the current political environment and with the cesspool that acts as our media today, I may be too used to reading offensive comments. Obviously, I don't agree with a lot of what was written, but I do believe in free speech. We're losing too many of our rights as it is, and we need to preserve what's left, before we completely descend into a fascist country.",4.0
P_1781988803801_h33f5wnxj,64d5060402e9e0c10ff81e41,"I saw nothing wrong with either of sides of the 20 posts, in my opinion they were all acceptable opinions and free speech, some might have been false or misguided but still acceptable free speech. If there were any advocating violence or some form of pedophilia I would have selected remove.",1.0
P_1781989559215_7ti9l2nsg,6625ac4d6f5a636552f8adf0,Whether or not they were giving opinions that were constructive with substance or just to complain and call people names.,6.0
P_1781989322506_23lbac86g,5e2fda27a8f853576b85f537,if both points were respectable. they were made in a somewhat intelligent manner.,5.0
P_1781989577858_37vf0od2h,6a18e206268ae45110499045,"The only time i rejected a post is when it called for violence or it insinuated violence, beyond that most everything was okay",6.0
P_1781989612086_j850d1j3m,674eb1f770104c02bab8b987,I immediately will not allow any post that includes profanity and vulgar language. That right there will cause and trigger animosities on both ends and arguments.,4.0
P_1781989120184_t6cd2e8wc,6a0cbde65d1e4eaf4a5ccb0d,"I did not want to have anything that was graphic, violent or vulgar.  Some opinions were factually dubious, and they did not seem like good choices.",5.0
P_1781989245453_spl5dczk9,5c89de28d810a700159dd315,Were they out and out lies? Was it nothing but insulting the other side? Was there any attempt at having a civil discourse? Were they just spewing out inaccurate propaganda?,7.0
P_1781989514741_wr59094oi,69fc816789592d3d23d7494f,I looked to see if there were any similarities between the two posts. If there was profanity or hurtful lnaugag4 relating to a specific person then i woul decline both.,6.0
P_1781989639159_nb4h1dbfq,6a18b37c0157d881234ed29f,"As long as the posts weren't spreading harmful disinformation and were just opinions, I felt they should be allowed.",4.0
P_1781989712420_7a8sao40g,637b475a9348347c70dbdd4a,Gut feelings of those that posted negative remarks,6.0
P_1781989503018_hfgpv095t,6a3491806f1bd75b9de1dcb5,I made the decision based on the extent to which the posts seemed to express an opinion vs hate speech.,6.0
P_1781989311448_2xzrerh3f,55abb1a5fdf99b501fab62e3,"I thought the moderation procedure was flawed. In some cases, only one of the viewpoints had content that was not acceptable, so deleting both was not a good option.",6.0
P_1781989596193_zyci1xt89,6a11b45c79ab3b89795c8c11,some of the language wasnt appropiate it ruins the experience for everyone.  threats of violence wont be tolerated either,1.0
P_1781989590042_vfjlc3qge,679161f6baf39b5659146886,It was a judgment based upon how much the truth was bent by each side. Very difficult too allow both when I very clearly was in the camp of one side,6.0
P_1781989176298_6hb2pos2m,60dfd72817ea2f37bba6b24a,I could easily side with either source on a few since I don't view myself diehard to one political party. A lot of the ones I denied simply because of the language used. Cussing made both sides sound unintelligent.,4.0
P_1781989470303_bvt4b3mu7,5c65b61fad596e000179ece5,I looked at the content and how rational the statement was,3.0
P_1781989490239_bfsf4ukmd,6a1f58b6ee6c3aa17c62dd1c,"As I made the decisions, I focused more on the tone and content of the posts than on the political viewpoint being expressed. I tried to evaluate whether the posts contained threats, harassment, hate speech, or encouragement of violence rather than whether I agreed or disagreed with the message. Seeing both versions side by side helped me check for consistency and apply the same standard to each political perspective, but it did not strongly change my decisions.",2.0
P_1781989492412_710ah64zh,69fcae003b080bd0cacb7412,I tried to judge both on how well they engaged in a civil discussion.,6.0
P_1781988815229_r820cdafk,69b9e63ad3c56e37d3747ae1,Honestly seeing them side by side made it a lot easier to stay objective. The language in some of them was pretty aggressive and vulgar but when you look at both versions together you realize they are just two sides of the same coin standard heated political venting. Since neither post actually crossed the line into hate switch real threats or doxing an individual it felt only fair to treat them equally and allow both.,7.0
P_1781989557421_rop867cve,62879b859698ba45e6afa90f,"We all have our opinions and even if we disagree, we need to continue open dialog. However this dialog should not be hateful or threatening in nature.",6.0
P_1781989407784_yq6wig3ak,694173fa1ec348fa147a744d,I tried to look through 2 different views. And to look at the attitude behind it.,5.0
P_1781989692250_9byxxamrp,69f0da3c26302e86b42d0eda,"Excessive vulgar in the post played a big factor. Direct name calling and offensive language also was another factor. Extreme takes on either side that deemed ""rage-baity were also removed",2.0
P_1781989776158_mzps43mvo,698a311dbee203a3664090f1,Mostly the curse words and bad language.,6.0
P_1781989743924_zhj8o0w4b,69f9cd3d1c2c5639c75c9561,If the post was very offensive said offensive language  I put to remove them both. Just because something different of my opinion doesn't make it offensive so that is how I reasoned whether to keep both or remove both.,3.0
P_1781989978986_rz6go91y6,6a125e84ed9615e3b6557eb9,It would be reading,5.0
P_1781989626096_nkdpq0ciq,5a9b7272f05361000171feef,I was ok with allowing both sides to be posted as long as there was not any profanity.,7.0
P_1781989462320_dhdghsiqw,69ff90cc94578e2a15e257cf,"I focus on substance and tone, not political side, and applied the same standard to both versions.",6.0
P_1781989609635_2l75tdn1k,6a2392dab40118c27b14e5b7,"If anything sounded mean and like they were bullying the other side, then I tended to decide to remove that content. Like saying derogatory or inappropriate words.",4.0
P_1781989745836_sta48ztdt,69dd821a276451586a0ee05d,I answered base on reality and made sure i gave my sincere options. i decided base on how i feel about the situation that is being talked about.,5.0
P_1781989738298_11zoa4j2g,6942c9985518275424ee21f9,I didn't like all of the posts for sure. But I do believe in free speech and that everyone is entitled to their opinion whether I agree with them or not.,4.0
P_1781989406401_llwm8clqe,6a1cec2ec44ff7e6320f3f90,What was fair without being biased is how i evaluated each decision,7.0
P_1781989521851_3qhzuvbra,6684928e82e515000197f9c6,I was just thinking some of these posters need to tone down the anger. I thought some of the posts would be just to inflmmatory to provide practical discussion.,4.0
P_1781989662147_fmdbua4mw,6a065bbe77a525c2c974079e,It shows that both sides are at battle and need to work together more instead of it being a he said she said situation. theres a thing called compromise we could all learn alittle more and also compassion.,6.0
P_1781989904077_1gt66l86v,5d62e779ff0e43001c691bef,"I value the freedom of speech, without impeding on ones rights to express themselves. I saw confliction, and discourse, but validity from both sides",4.0
P_1781988645394_69s0jet6t,69f7b629bc96f4389dcb9507,"I tried to judge both posts by the same standard, regardless of which political side I agreed with more. I focused on whether the posts were expressing a political opinion or crossing into threats, harassment, dehumanizing language, or serious unsupported accusations. Seeing them as pairs helped me check my own bias, because I had to ask whether I would allow the same tone if it came from the opposite side.",7.0
P_1781989483041_7e3ids78n,5fd0ceb0bb24d90009e6fc4f,"I looked at the content, the language and decided on those characteristics to remove or allow.",3.0
P_1781989341309_1yfsz7iry,6a1f126216d8adb6da980d7c,"I mostly removed them if they, to my understanding, had misinformation, were unnecessarily rude/mean spirited, all caps, etc. I was trying to focus on keeping conversations civil and not turn into a flame war. Also, some just made little sense to me.",5.0
P_1781989564681_23bgl2hrb,69a9dcac25a062cd320e83a1,I was looking for anything that sounded like straight abuse or bullying or hate speech. Anything other than that I feel is relevant to the conversation.,4.0
P_1781989350064_a5snanwrc,69e30abde1158fdbdbd3b3d5,"I think healthy political debate should be allowed, from both sides. However,hate speech, murder, and death can be a touchy subject and at times uncalled for. There are other ways to debate.",5.0
P_1781989627080_et4fmrggi,6a00a6d5f85492178b8fb4bb,"My main goal was maintaining ""civil"" conversation. I focused on allowing post that invited discussion. Posts that were clearly rage-bait are not permitted.",1.0
P_1781989436537_0clflu9sj,667720b9422d96e4a01b7163,"it was tough, but I went with what I thought was best",4.0
P_1781989235933_phre6lscg,69fda8a105c88054b9010208,The posts were as expected. Full with a very narrow viewpoint of their belief based on the issues that is going on with the current society. Most of the posts did not influence me in anyway.,2.0
P_1781989746686_ul3en4ult,66a542c5fea50bbabcfa6ef0,"If the post was too violent or hateful, it got removed. Most of the things posted were pretty tame so not a lot needed to be removed. I believe censorship is a bad idea.",5.0
P_1781989503836_wwqppw9iq,6a25733a4ba41a83bc08c661,Mostly the language used and the tone of how the message was passed. I could not allow any message with curse words or disrespect.,6.0
P_1781989992306_p4fcigepn,69ed0c6734ee18b16b158c67,"Mostly, I only rejected stuff that had lots of language or threats of violence. Anything else I pretty much give a free pass.",2.0
P_1781988979350_qmt4six66,69aa333e1f57c2124c5706ad,"In the ideal world, we would be free to experience all viewpoints, regardless of how delusional they may be. And in that ideal world, kids would not be on social media. As such, in that ideal world, which I presume here since I am the moderator, there are no messages that should be banned so much as shamed into nonexistence. Obviously naive, but whatever.",1.0
P_1781989890311_2j0e38ne4,66e338fdb7c3533a966f0153,I basically looked to see if anyone was attacking either side. Curse words aren't really an issue but no one should be attacked.,6.0
P_1781989244602_qa5dzxjpx,69a65ea91d6f5041d8312205,"As a moderator, I was key on the language. I am key on free speech but keen on expression. Any time I saw derogatory remarks, I flagged them down, irrespective of the political affiliation.",6.0
P_1781989235587_t63q8e2qj,5d0d16d991270800010b7dd7,"I tried to be as impartial as possible, so that I would be a fair person. I think that in a wayI tried to look for the positive and negative sides of each of the political parties",6.0
P_1781989556623_1d7xdyn1n,6a077a2a741e8b97c57b5b58,"That's their is crazy and ignorance on both sides, but we have to be able to discuss it. But no voilent speak should be tolerated.",6.0
P_1781989553065_oj74a8qsc,69daaa88f4b226d06de18094,I don't believe that any of those statements should have been taken down. There were some that were more emotionally charged without evidential backup but I didn't have the option to remove just one of the posts. People deserve to have all perspective's laid out before them even if we don't trust them to be able to decipher reason from hysteria.,6.0
P_1781989535132_rl9axyacb,6a1261bdfbc8806acc7af487,"although there were plenty of posts i dont agree with, i think having the freedom of free speech is more important than what i believe politically. once we start censoring people who believe a certain way it will never stop. also if we did who would be the person having the control to censor. if im on a platform  i want to see both sides even if they are wrong. its up to the person to fact check and make sure whatever they read is correct.",1.0
P_1781989686872_0ykdav4ry,5ee04a3f7dfcae39390e6553,Verity,4.0
P_1781989720761_r7etakzuh,558f226dfdf99b6ebd36218a,"Felt that any post that called anyone names or disrespected someone through name calling should be removed. Also, if there was vulgar language, I was more likely to moderate it to be removed. Removal because these posts don't add any value to actual political discussion.",6.0
P_1781989669951_6vqwkapao,69440f53e3a8d65104229795,"I am left leaning but seeing the right-leaning perspectives broadened my horizons a little bit. I would have removed some of the right ones probably if they weren't paired with left ones, but seeing them both at once changed my opinion, because why allow one but not the other. It made me feel a little conflicted at times. I did consider what each post said and if it seemed unreasonable or not.",6.0
P_1781989865091_j768nv8pg,69fed04a4ec7346243a16e8f,"I made my decision based on what I thought was within the bounds of free speech, without crossing into hate speech, misinformation or disinformation. I also had a buffer of intentionality and ease of accessing relevant information when deciding whether the spread of false or questionable information was enough to be considered malicious.",3.0
P_1781989825945_tw4raep5y,5c6ae4c31b9d0e000190bacc,If I agreed moderately with the messages I kept it. If it was too wack I didn't.,6.0
P_1781989427236_by2fpjkc0,67dc489d382612526415e4b1,"Basically, what went through my mind when doing this task was removing direct name-calling and personal insults. I didn't have much of a problem with that about the politicians, as they are public figures. Additionally I removed blatant profanity that seemed egregious to me.",6.0
P_1781989749543_xhdld3gq6,69457dc95341cec41fca5695,I felt that most pairs of posts should be allowed to remain (even if they seemed to have incorrect elements in their claims). I focused mostly on removing posts that added nothing to the conversation but name calling or invective.,5.0
P_1781989171944_psl7la2gs,69f2e86a1fa10a8e0c2e8a51,based on what I read that influenced my choices was to allow the ones that made since and was not  so judgmental  and then remove the ones that were more out there and judgmental.,4.0
P_1781989134191_g7q5zijbl,63d1679775944f49f3af5290,"I was trying to look at the validity of the arguments, and also the accuracy as far as how I understand the issue to how to rule on whether to keep them or not.",5.0
P_1781989647713_6q52gjj9q,67301111865cf8fa81ac7897,"this evaluate content about opposing political viewpoints, the intended approach is to assess each item against the same rules independently looking at things like whether there is harassment",6.0
P_1781989389423_65js3cscm,6a0a450cbf4e9f806bce9423,"I would allow pretty much anything except for extreme language or things that could be considered hate speech against someone. Or anything inappropriately targeting children. As bad as it sucks, people have the right to be a huge asshole. Free speech is extremely important.",7.0
P_1781989712771_dxv00wj4v,69f28200c8d130075e1b9b79,I based my decisions on if the post(s) said anything that could be misconstrued as a call to violence or racist. I viewed each post neutrally regardless if I agreed with the sentiment or not. People don't have to agree,7.0
P_1781989501820_mjdzckunn,640e04b278799b47b29d4ddd,I am a true moderate as I am ok with a womens right to choose and the right to carry so I guess I'm an independant...,6.0
P_1781989805978_1dyunq4jd,69aa6fa9ac8d4eca02d5dd7b,"I felt confirmed in maintaining being an independent. The talking points that are parroting are really just mad libs with whatever issues sways their followers. I generally only removed any that were generic shit-talking instead of constructive conversation points/starters. If the comment didn't add anything to a discussion or was just middle school name calling, I'd remove.",6.0
P_1781989945736_mycu9fkkm,69a9fca6a1d845aa2c4b1e11,"It was honestly a little hard sometimes, as one post wouldn't be as bad and the other would take it completely left. Even though it seems a little harsh, it does put into perspective what other people with opposing views could feel like and that's an important factor in building a space for people to communicate and reach a place of understanding.",5.0
P_1781988363135_mgb870raw,592bb32c943e670001cde123,I just considered whether the comments encouraged discussion and engagement. I considered whether the comments were just about insulting people or concepts rather than promoting a topical discussion.,4.0
P_1781989289742_jm6xohxub,69dae6f92db929c858644edc,"I was thinking about being considerate of both view points no matter how much i didn't agree with some of the counter arguments. even though i didnt necessarily approve of some of them, i still respected both sides. I was more so trying to weed out personal attacks on people because thats not okay. Some of the arguments about trump i honestly was bias and kept most of them though.",6.0
P_1781989694076_bahe7g36m,6a0e187111ce3e71bd295b5f,I evaluated whether or not both of the comments as a pair would contribute constructively to the conversation/topic.,5.0
P_1781989847052_dy82unxg7,6998845b8b98b147215b19e5,I only took out ones that had profanity in one at least. If neither had profanity I keep them both. Pretty simple.,2.0
P_1781989761666_3jcs4jt7m,5eb339ee6290bc124b8549a6,"I took the tone into consideration.  Voicing your opinion is fine, but if you're being a jerk about it, there isn't much point in letting it stay.  So if you're being antagonistic or foul, I deleted the posts.",6.0
P_1781989646844_sgnccmo8i,69fcca030785a9f9e258b889,"I was influenced by my familiarity/lack of information on some of the pairs. For the ones that I had never heard about, I voted not to allow them. I was overall horrified by the type of rhetoric in the posts.",4.0
P_1781989557674_dnxw5900l,661fc7586a611e0c142a88bd,I looked for any threatening content or any that was focused on the other side not just the issues.,6.0
P_1781989996572_7h75cibx0,699a675bc8c3b07eb1f7fb3c,"I think any direct threats to violence should be removed, or very extremist stances. I don't like how I was forced to remove both, as they were not always equal. Saying women have the right to choose is not equal to effectively saying we need to force women to unwillingly carry out babies to turn",5.0
P_1781989812952_y7ct2zmw6,6a2617227488a6b8c4280ef3,"I tried to judge the posts based on whether they encouraged violence or were harmful, not whether I agreed with the politics. Seeing both versions helped me stay consistent and apply the same standard to each side.",6.0
P_1781989592313_x0mq90kz5,6a1088f082b8b04b33db9b34,I allowed all of them even ones that were name calling because I believe in free speech and we shouldn't censor opinions none of them madeca call to action that I felt was inappropriate,4.0
P_1781989769634_tyb3kt362,5a6b7f02e6cc4a0001b6a591,I looked how crude the language was. I think everyone is welcome to their opinions but they don't have to use foul language to get their point across. Those are the ones I banned.,2.0
P_1781989921013_gwt6ifyxe,60fdc30b983b777b6a1ae1e6,measuring each deck as the resonation sits between desiring either one more or less and building upon if both should be removed or one makes the other better or worse.,7.0
P_1781989737135_zbq3etf09,6a0e2b6bb4f5f3abeaa517ef,"What was going through my mind is the way the government works, and how the political spectrum in the united states is following the two parties, democrats and the republicans.",6.0
P_1781990072141_5gpy8u6ta,6a0d22ac52f9cdd3f8d10631,"Some of the statements I agreed with more than others, but the moderating options encouraged me to usually keep both. I have pretty strong convictions about allowing speech unless it explicitly incites violence or is very profane.",5.0
P_1781989284233_09dbh8at0,69ff7f387f1d6ddc4842a194,I was thinking about how each statement related with one another and if they either worked well in that same concept together or not.,4.0
P_1781989927292_etihh73n6,63f3e75e0787bb42195e1e4c,I did not allow any foul language - I don't believe that is appropriate for any online debate or discussion. That was my main criterion in keeping or rejecting statements.,4.0
P_1781989553340_2ajhe2v9o,6a0d007b098fb1b9a7ec055e,fairly,3.0
P_1781989878424_7s66wtsw2,694f76b80fb044d7b1771ee6,"Almost all had valid points, and it cannot be solved with out open discussion.",6.0
P_1781988925854_4odas3ray,69f942a2d9efe806554c2dd0,"My emphasis was on whether the posts would stimulate healthy debate or were hostile. I maintained my consistency in assessing mirrored tweets, regardless of their political bias by considering foul language, derogatory remarks, and exclusionist comments equally. Looking at both posts simultaneously affected me tremendously.",6.0
P_1781989868898_zrl9pxdqp,6651d67c16a15ab9a2efbe48,I'm a fan of free speech but I disagree with ad hominem (hope I'm spelling that correctly!) attacks where people say horrible things about a specific person who holds views they don't agree with simply because they don't agree with those views. Only one pair of posts contained an ad hominem attack and that was the pair I indicated I would remove.,5.0
P_1781989428812_yvvp6sbrb,69ad860cc17fb203314f6195,I evaluated each pair by focusing on whether the content violated moderation guidelines rather than on the political viewpoint being expressed . Seeing both versions helped me apply the same standards consistently and compare the posts more fairly,6.0
P_1781990009614_un1op5sm2,66b6cb18cc43c649a5917319,If it was just over the line.,6.0
P_1781989742794_iaqttmpsy,561d98e03d7fe8000b0f5e09,I allowed them if they didn't seem overly abusive.,6.0
P_1781989537252_074dl65d2,6a1629cc5dcd6ea2c000c9af,"I mainly looked at whether the posts were making a real political argument or just being mean and insulting. If both posts engaged with actual issues, I allowed them even if the language was strong.",5.0
P_1781990206407_nbmbh0alb,6a225165a804415781291938,The language of some of the content is not something I’d want to see from either side.,6.0
P_1781989950866_m9u1txcwq,66f1ebc6eae5cdb2499d588b,"I didn't allow posts that were angry, demeaning or called groups of people ugly names",3.0
P_1781990269234_ax7tmnv3a,6a17230d60e2a318a8073ab6,Tweets that seemed outrageous got rejected as well as cursing and nonsense,5.0
P_1781990115367_r5jj4xz9l,69fb7dc434896c216015756d,I just followed my gut feeling. I went with the first thought that crossed my mind at the exact moment,4.0
P_1781989920464_yg2v1yg5x,6a1df7e5fb87e8755cc5bef4,"I’m for free speech no matter which side, unless there’s a direct call to violence, and I saw none from either side in the twenty posts.",1.0
P_1781989691206_vegzxpgc8,67201c693c662a92a49f32a7,"In my mind, I was trying to based my decisions on if posts were either extremely opinionated or if they can lead to a civilized political discussions. Posts that I felt had extreme views/opinions weren't allowed and posts that had reasoning behind them I allowed.",5.0
P_1781989959032_ebkiw7trc,674e73d3f929e590fd559147,I support free speech unless it incites violence.,1.0
P_1781990413459_r7bhx0jcz,67055b370e3c0c4965a03128,I was just trying ti be fair to both sides.,5.0
P_1781990006862_8l4xt3nae,610508c09d61c098f072605b,What went through my mind is if anything stated was harmful to a group of people.,7.0
P_1781990172581_qgekxds7c,6a0c05f3354d70102d672095,I believe a lot of individuals should be able to voice their opinions,3.0
P_1781990309121_raqqetaqc,66045b87ffe71e6e521f357d,"If there was cursing or foul language, then I rejected both posts. If it was somewhat civil, I allowed it.",6.0
P_1781989754149_9ymtda5l2,69f3d4f3fb7630947c56f1eb,"Mostly looking for calls of violence, or something about green lighting crimes. That's what I was worried about. People being uninformed and opinionated on things they nothing about is it's own problem.",7.0
P_1781989745614_kz4v3lae4,5da651ecd24f17001539ee8a,People have the right to free speech. My opinion is irrelevant. I believe they should be able to say what they want. The only times I refused to allow the posts were when they were explicitly rude and didn't add anything to the conversation other than insulting each other.,6.0
P_1781989497359_bpr3vc0bq,66f0cdf4ceb59e7ddc64d3c3,My constant thought quickly became . .  . “this really is what *IT” has come to . . . and how very sad it all is. The constant battle between the right and the left/the conservatives and the liberals/the Republicans and the Democrats has taken such a toll on America and her people. And unfortunately the end doesn’t seem to be in sight.,6.0
P_1781989984011_ptywa3iil,6a03a2206f4bf333773612e4,I was trying to judge them based on how rude they were being.,4.0
P_1781989628241_k13h1m2jp,6660adc22e2da801df89f508,What was going through my mind was looking at each party as they matter.,6.0
P_1781989766056_lnuhyu31r,6a0f8ba89cac0d5fc6ab7fc7,I allowed opinions. I removed hate. Seeing both sides helped me stay fair.,7.0
P_1781990096105_xh2wwm5b9,66e30af71c095ea535047b06,When considering the posts- I thought about if further harm might be produced by either of the posts and/or if there was evidence to support the ideas being stated.,5.0
P_1781989925487_5zveuy4zp,6a036e30fc13b2629c1b7dee,How divided this nation can truly be and how people dont necessarily articulate their differences clearly from either side backed with facts. Some people just spout off whatever comes to mind. Definitely polar opposites,6.0
P_1781989779089_lwkqcbxgf,6101b2a04f101c97afb35034,first I looked to see if there was any threatening language. Then If there wasn't I would see the topic. It might be language I don't like.,5.0
P_1781990249458_19z0njf31,67858fffbdfd020464712859,level of civility and language and if any libel or similar,4.0
P_1781990106796_brj3aure1,62b601e089d3d1134aed066b,"I chose to omit those that were simply angry or vulgar in their comments, and had nothing constructive added to build a conversation on.",7.0
P_1781990188255_uz2dl87v2,69fd18d28d121d4ee74b41b5,Any posts that directly attacked another were moderated. Posts with explitives were reviewed but not automatically removed.,5.0
P_1781989562276_e1q00w1st,67a60aab3179b5e743db2a2b,I was looking at specific words in the messages that I consider profanity. Four letter words for a sex act or for manure stuck out to me. A seven letter word for anus I left alone. The messages were free speech but profanity crossed a line.,1.0
P_1781989912663_2c3516g04,6978bdcbc42f3bb84b5d8494,I just looked for anything that had swear words or cursed just for the sake of cursing.  Things that wouldn’t be helpful or political in nature other than mentioning a name or subject.,4.0
P_1781989848456_noxlkrj6l,698e3769fd8fd99a4839dd03,I basically looked for any swearing. I rejected those,7.0
P_1781989396112_tv9vjp78q,5fd6f3d6d15e6e6631abd0f1,"I am a firm believer in freedom of speech, and in reality I don't believe anyone should be censored at all. However, since the point of this task was for me to remove comments that would not promote ""healthy"" conversation, I just tried to remove the ones that seemed particularly angry/violent, or had no real points to discuss.",1.0
P_1781989650827_0gbyi19k5,69a9cdb5d74a60b18ba9f24b,"If they were equally objective I was more inclined to keep them. If it seemed they were just slinging mud at each other I probably would remove them. I tried to look at it like what was their objective, if they were objectively making an argument or were they trying to personaly attack just for the sake of being anti-something. If it seemed like an honest approach at posting how they feel or supporting an argument it was good to go. If I thoght it was just an attack with no substantial evidence or unfair I didnt like it",4.0
P_1781990180664_az85a8ddc,5c11e1f0aa52ac000106ab81,"I mostly looked to see if the posts were either very vulgar, offensive, or directly attacking someone. There may have been one or two that I was on the fence about, but most of the posts I thought were okay to post even if I personally did not agree with them. It would also depend on the platform itself if the posts would be allowed or not as I mostly evaluated them on my own thoughts and beliefs.",4.0
P_1781989878535_ht08rs4fl,5d75af57bcfd5b001b192708,In some cases the vitriol of both statements,6.0
P_1781989907167_f54ogwuwt,69635043cb5647a465f928d3,I just believe in free speech. Although some of the posts could be considered offensive they are just words,2.0
P_1781989662475_6mdowkfy3,6476b68d90c09af88f39e1a5,Even if what is expressed seems a little extreme it is alright to do so.  Bad language and cursing does nothing to advance your point of view. All should be allowed to comment but courtesy  should be shown for all.,4.0
P_1781990023660_rymtd034s,699a7e540d8fe4bf17713d27,"I made my decision based on how much harm could result from the posts. I noticed that some of the political views from both sides mirrored each other , so if they were not threatening individual safety or unity I kept them.",6.0
P_1781989392980_10ked3oq5,6a1ddac8457fcb7a3c960814,"My decisions were mostly based off of if the posts were aggressive, fear creating, or personally targeting/name trashing (whether it was more from the left or right sided argument)",5.0
P_1781989977821_0rsx0own5,69f9f34188a5cb407af8f777,"If it was something that was mainly an opinion, I thought it should stay.  If it appeared to be nonsense  with nothing to back it up, and I thought it was actually harmful, I thought it should be removed.  I don't think we can suppress personal opinions--offensive though they may be.  But if they are flat out lies, I think they should not remain.",4.0
P_1781989356279_6w8pgc5r9,6a264eef1e8c5e32fe756c69,The morality of the 2 opposing sides,4.0
P_1781989925527_c2saza9qf,69cadb46dc4de186ab67aa3c,I removed the posts with offensive language and what could be seen as a threat. Otherwise the rest of the posts showed 2 different opinions and both posts reflected an opinion that need to stay.,6.0
P_1781989808722_7rirw6dgg,69fb8b1a97576a2a0b8e1b9f,"Most of the posts do not really connect or mean the same thing, at least from my understanding. Many of them were excessively abusive and projected violence, and such posts should be filtered out of the platform.",6.0
P_1781989163610_5xxyvt9us,5c33d22b6f160f0001349d6b,"Yes, as I read each pair of posted viewpoints, per page, I tried to decipher the complex ideas of each and initially label the individual post (comment) as either Conservative slant or Liberal slant. This allowed me to then search for differing viewpoints and markers within each respective post, while still making certain they were reflecting on the same initial topic. This formula, I believe, allowed be to weed out the keepers and separate them from the removals despite the complexity and wording of each post.",7.0
P_1781989935496_d7qaq39uj,66a926551ab3748f5d5348aa,I think we should have freedom of speech first occourse but bad mouthing other parties doesn't help with the real problems that our nation is facing.,7.0
P_1781989967424_bklx7hi5l,69ffb35b7f98f0a49d52d742,I was trying remove the posts that heavily used curse words or contained excessive vulgar language to express their opinions.,5.0
P_1781990101425_sprqw69nl,6a20edc87dd52594360651fb,"I looked for offensive or targeting language toward another individual or group or people, and if I saw a post with that language then I removed them.",5.0
P_1781990083924_zp696ut9t,6a00ce342a755a7398341025,my inclination as a republican did,6.0
P_1781990080204_pbadaqhye,69f64db8f33f3005495fe544,"I tried very hard to be open minded and consider both sides from a moderate viewpoint, rather than my own. Anything hateful or offensive immediately went out.",6.0
P_1781989981340_t7r4orf92,6638da81fee06f5d89257d89,I wanted to see if either side had any truth to it.,2.0
P_1781990028681_m0q20nwzz,61181aadd3ba79ab39fd3b10,Tried to focus on actually productive or harmless conversations to keep as the original prompt was about productive discussions. If things were too inflammatory or just random personal attacks I think I removed them. It was interesting seeing some of the pairs have what I believe to be the exact same opinion even though the original instructions stated they were meant to be opposite.,6.0
P_1781989117702_hw6jb22i3,6989489cc139c6790863c43f,I removed profanity and personal attacks. Everything else stayed.,2.0
P_1781990264595_c9l33dh3b,69ded6bcdf26d90178c15483,"I was thinking about my perception of the freedom of speech. I think for the most part unless there is misinformation or hate speech involved, it should be okay for the most part to give your opinion.",5.0
P_1781989919276_irascg3hn,678fbe835743b26899713259,I was hesitant to remove any posts because I believe everyone has the right to freedom of speech. Posts with lots of language I tended to remove more of.,1.0
P_1781989516764_qyrpfo6rt,66ba47055f716c982dbc4a2c,"What I reviewed are serious views and opinions regarding issues in this country. Also, there are loyalties to both parties that are represented, and no common ground.",6.0
P_1781989915131_i6q8wi4rk,614f571879ee135c5a579e08,I tried to be as objective as possible and only remove the posts that provided no information and was more of an attack on people or a person. Even the stances that I disagree with are valid if they pose some sort of argument or provide information.,1.0
P_1781990207825_ksogagl8u,665ccdf5480b729066a36508,If an profanity was used or intense mockery I did not allow them. If they were just differences of oppinion I went ahead and let them go through. Respect is the key word here.,7.0
P_1781989843993_aairflx72,69f55b275baff1bb768036e7,"I was thinking how tired and overplayed the bickering between the parties has become. People are so quick to accept information , whether its factual or not, as long as it is in line with them politically. Its their right to argue and even post wrong information until threats of harm are used.I thinl that is where the line should be drawn.",6.0
P_1781989673415_un5qhvo3a,69a98bcb8477598f780f9175,I basically removed both if there was misinformation that could wrongly influence the average reader. I allowed certain controversial posts if if felt like I’d seen something similar in my own social media consumption.,5.0
P_1781989980080_muxrlsqd6,69c45b098beb23a495b8b4b1,If it wasnt violent or calling for violence i think its ok for people to speak their mind. it is what its there for so let them use it. trump is the one trying to censor everyone,6.0
P_1781989941715_fsyqlxuzu,69c02444a48eeabdf08f8413,"I guess I more or less applied what I though the criteria generally are. I'm not sure I was entirely consistent, because I sort of changed my mind about it half way through. Some of what I allowed was not conducive to healthy political dialogue.",7.0
P_1781990153863_8wvmf83o5,6448503fab8d495eb76b51b0,"if they reference ""killing"" like the last one, or used excessive cursing that sounded like call to vilolience",5.0
P_1781989596448_06z52pey3,69d0ae05c080c6bb153f8016,"When I was evaluating the posts and the pairs, I was thinking about the importance of having a fair and respectful platform where people can discuss politics without hatred or abuse. I believe in clean and fair political discourse, where different viewpoints can be expressed and understood respectfully. I also considered how each post might be perceived by people with opposing political opinions and how Americans, in general, might respond to these different perspectives. The goal should be to encourage constructive dialogue rather than division.",6.0
P_1781990418988_65l2urz7b,5bf190bbfb616800014fd571,They have to work together to get our country back on track,6.0
P_1781989522457_qik47qjy9,5c5c8a688089970001788f30,"I tried to remain objective and allow comments that I may have disagreed with, but seemed inoffensive. I watched for statements that were untrue and those that were inane. I disallowed anything that included name-calling or unnecessary expletives. It was a ""do no harm"" approach that I had front of mind.",7.0
P_1781989505651_trk8vktic,6a042e3fbccd9bc2b3e3facb,"During making this decisions, i was ensuring i nmaintain a neutral stardard to both piece of content.The goal was to judge both posts equally without favouring any side.",4.0
P_1781989941252_75d8z0eh2,6647b64c8b9a9c3bc364d2a6,I tried to keep my focus on free speech and opinions versus hate speech. If something was hate filled I thought it should be removed.,7.0
P_1781989926635_cz0yvmmvx,6a0a51dd9e326ebb4f7902d3,I mostly looked for statements and opinions that weren't outright harmful and rude.,5.0
P_1781990124824_ok0n50xj9,6a1f6df146acd4f24a6fa867,"I tried to think about the core topic being discussed, and then compared both posts to see how much they adhered to that core topic. As I went through these decisions I wondered if there was anything completely 'unsafe' or overly violent in the content that should be taken down in this theoretical platform.",7.0
P_1781989947438_8by70sq6h,66ed6564eac280bcef718558,"I moderate a few social media groups and am, in general, fairly lax about what I allow. No direct personal threats, no doxxing. Other than that, as long as Facebook doesn't care, neither do I.",1.0
P_1781990501129_hjvg9faoi,69a8d156165810a02143afaa,it does not that much,6.0
P_1781989989313_rfgb0l04f,675a2ef45fbe0cc52b8403ae,I've just used a simple strategy of evaluation and elimination of the terms.,6.0
P_1781990193448_zihnbe8xr,6a0e01ca042c9f7da7106c7b,the state of the nessage from the sentences is is offensive or not,5.0
P_1781989071542_59d52t4jy,6997ace35f7613bf9c48fa5d,i wanted there to be a balance that wasn't considered a vile thought. people should have a right to express how they felt.,5.0
P_1781990267209_yvrz1je99,6a22230209edfb2d972c6f77,"Vulgar, swearing language is an automatic removal. As well as most name-calling and non-productive comments is highly unneeded.",6.0
P_1781990309251_ck3tm6m4i,69e77b613d32dc5b1ff7e483,Nothing,6.0
P_1781990013960_vdmzoo4kl,6a0b5ddea995b5f4b8b01de2,I was only thinking as a citizen of the United States.,4.0
P_1781989905801_p96b4bw17,699b4995cb1fd61ffc3763fe,"I considered that although what is being said may be rude and disrespectful, it's still valid content for the Freedom to Speak right. Even some cussing I would have to allow. But when it became unnecessarily direct disrespect, that's no longer political debate, but hateful.",7.0
P_1781990043484_b2hh2jisv,65639c2f102822f13aa7531c,Factually misleading info and intentionally divisive rhetoric was axed.,5.0
P_1781989871771_aggy9scxl,6a022be84c3e50984c0464ca,I was thinking whether the content of the posts was actually meaningful or constructive. I also did not really want to censor one’s opinion or right to free speech.,4.0
P_1781990178004_lgabnt0ma,667d81a95170bdd075f74203,"I mainly removed the comment if it stated misinformation, was excessively inflammatory or did not contribute to a discussion.",4.0
P_1781989865580_f93t3k5p8,6a2462575e12acf47b621f73,"honestly not that many situations were truly valuable statements. but some statements were ok. i didnt see any republican side nor did i agree with any of it ,",4.0
P_1781990288245_i5x405pth,69c2b081005211bc39e200e6,If they were inflammatory I tossed them. The only way to have a discussion is to be civil.,5.0
P_1781990126305_ccy2to7kf,6a21f2d24a616e7c9ef2d9a7,"Most of the examples and perspectives were too extreme for me to accept besides that the climate crisis needs to be addressed and the violence towards immigrants. Especially since they are a major contribution to our food sources, labor and other physically demanding jobs that Americans would never do.",4.0
P_1781990219257_etr5zoq7l,6078163f1e585e4f71e3b879,I was looking for intolerance and foul mouthing a group not based on the point in question but rather to insult for the fun of it.,2.0
P_1781990117839_owo37cxah,60087afa0a5c054c002eaf0e,I was just checking if it was normal political debate or if it crossed into hate or dehumanizing stuff. If it was just strong opinions I let it go and if it got really toxic about whole groups I didn't.,3.0
P_1781989578438_t0hr1x2p6,674511edc2c8e41b61134153,I did not like that I agreed with one but not the other I thought this does not make any sense,1.0
P_1781990178221_sxx0fde5z,62911ef14fd68295d60ba83b,"I tried to see things from both sides' perspectives; I believe we all have the right to express ourselves as long as it doesn't harm others. There are some positions that are too extreme, and it's best not to give them a platform.",6.0
P_1781990392758_q3wo41fhb,6a1470bfdbb0bc9b330e5600,I FOCUSED ON WHETHER THE POST WERE RESPECTFUL AND CONTRIBUTED TO POLITICAL DISCUSSION.,6.0
P_1781990437998_yqzhxnltx,6a23a402e4379480fb4d5335,"Degree of free speech, some things don't really contribute to anything meaningful, jjust drivel. So I liked the thought provoking comments. As pairs, really, if anything is intellectual , it should be free to be said whether I agree or not. Calling people names and just saying ""haha we're gonna win"" isn't really constructive.",3.0
P_1781989594007_52nla9jgh,6a126c8a98151350ed0776f2,"What went through my mind was, how polarized America has become because politics. The politicans have succesfully made the average American to think those whom oppose their views are folish and are not acting in the best interest of the nation",7.0
P_1781989611673_7s7434f34,6a11c023ec847ce1395368e1,"What influenced me in decision making, is the effects that a certain post would bring to the community when in discussion.",5.0
P_1781990270937_4m1l1afja,6a00fbe5577e66c1a70a5db2,If it could lead to a discussion that is fruitful instead of hatered and angry words.,6.0
P_1781990201419_gylndqvuv,69fae24a795d9bb51ae329b8,If a post was too hateful or personal I removed them,6.0
P_1781989842652_wcvzm1w3g,68c9adf3ce921224388f11f1,I looked at inflammatory language and curse words in deciding if I want to remove or keep both.,4.0
P_1781989874736_hjrdardpn,5e8fe87009881f2ee83521fb,I usually just looked at whether it was too vulgar or misinformation.,1.0
P_1781990237778_fqekgbnrj,69d0928566ea690a037bc24e,personal knowledge,4.0
P_1781990079152_w0tiak4ga,6a0daf3c073184cfedb43611,"The statements were extreme. It is very sad that these words are even typed and shared on the internet. It seemed like rage bait, but I know that people actually feels this way",1.0
P_1781990635284_quff7d9qv,69bb31c63d52bea203744861,"I tried to ignore the political positions expressed in the posts and just root out the most inflammatory, insulting ones.",1.0
P_1781990035908_j4ddlbeq6,6a0a4b1b5732dfa799f31305,I think it's ok for people to express their opinion but not to include too extreme languages.,3.0
P_1781990710663_1hc1ygyjg,66fcd1c4584eed5dbd49859c,I had to consider that if I wanted my opinion's side to be heard the other side had to be heard as well. The only thing I considered removing were things that were actually dangerous.,6.0
P_1781990365971_9fqt70ltu,6a1cacd2984d5b94f8c38eb0,I imagined seeing the posts online and chose the ones that didn’t seem appropriate to remove.,1.0
P_1781990821923_kofwlwtbw,6a1542106c417075acfc9da6,I think being able to see both versions of each post definitely made me think about my decision more and opened my mind to visualize more perspectives,4.0
P_1781990295533_fxmfyv4p0,6a0ca337ecc2c51d98c0a0b4,Since it’s social media I was thinking what would be a negative impact or a positive and I chose always positive in some ways. Using profanity is not always useful in a conversation.,6.0
P_1781990179380_cil20ohvz,5b16e1a5457ace0001b40d46,I assessed both posts according to the content and how they might insult the other party. Both could come from either party and it was sad to see how people hate others based on their political views. Both parties have bad people in their side.,5.0
P_1781990684331_8jiit7kc7,6a25cea19ba7440aee76aca2,"I thought about if it was simply giving an opinion or providing information that would further a political discussion. I also favored posts that were primarily opinion or fact-based, without excessive emotion-provoking language.",6.0
P_1781990629228_4f9nd0cjn,69bc5b562db790d73cc5edc7,"when people expressed their opinions about the issues, that was fine, but I drew the line at name-calling, swearing, or inciting violence.",5.0
P_1781990422249_uh18m0ys9,6a216ad6bcbe4f5d3c2dc014,"I tried to look at my political stance when reading these. I don’t always agree with republican, however I have lived long enough, seen plenty from the democrats and I don’t trust a single thing they say or promote.",6.0
P_1781990387093_qo67h3xb0,587418895c17910001ea4e75,"I just paid attention to how sound the opinion was regardless of if I agreed with it. Some opinions seemed primarily based in anger, and I chose to delete those because they seemed less productive.",4.0
P_1781990210243_4gx3m4pff,6a1243b162362e2c905441be,Just as long no hate was being spewed I will allowit.,1.0
P_1781990450738_g736h31cz,6a04738e80818a63446d3854,"I believe in the freedom of speech, so the only posts I didn't approve where the ones with foul language. Yeah, I know it's common to swear, and most people don't care, but I think it's gross and unnecessary. I think removing the swearing would be an improvement to peoples' posts, and the only censorship I would be in support of.",4.0
P_1781990653584_yh7o0dmby,69da9f796b9885d7d510d7ed,I looked mainly for curse words and name calling to determine if it should be removed.,5.0
P_1781990353467_a4hmebrif,69c6f6a33c314bdab07afef8,I focused more on the content of the post and gave my best decision.,6.0
P_1781989765556_ikbyg8qip,69612c8d7d50cf2f11a27025,I tried to remain bipartisan when evaluating both views. I only rejected out right attacks or degrading comments made to the president or elected officials.,4.0
P_1781990038963_7dkgrccac,6a071859a9823871b8451b1a,"I feel like both statements were mostly tame. People have the right to exercise freedom of speak. Now to that point, most people should probably keep their opinions to themselves, but we all know that won’t happen. So I feel as long as a post is just “venting” and not specifically seeking a reaction it should be fine.",4.0
P_1781990243711_8in0aspgd,67d8b5e7ceb82869824198a2,"Using swear words shows a form of violence, therefor should be removed. One other set discussed execution and  being disappeared...and should be removed. The rest were just political banter that seemed appropriate and maybe necessary for a balance of power.",7.0
P_1781990409471_rmoo0lo6r,670f9fd0a399d73d5af41902,"I loved both sides of the arguments even with the harsh language. As long as there is some merit of truth or resemblance, I allowed it. I think we should always protect free speech and allow these types of heated discussions.",6.0
P_1781990526577_k0kdnielo,66045b60e84f1f2485dc2a4a,Just opinion based even if both sides disagree was fine. Bad language and directed at people in a malicious way is not acceptable.,3.0
P_1781990128576_63ko4vhec,6a0f66bff5b8d1f45cf0fd0f,I allowed both posts in about 80% of the opposing views. As long as the language wasn't inflammatory there should be opposing views as freedom of speech is what this country was built on and what makes it so great! Everyone is entitled to their own opinion.,7.0
P_1781989976287_ulf0q2030,6a25ad471da26bccfe946c2b,I'm an independent so this plays very well in my political standpoint from both sides.,2.0
P_1781990367374_s321vhvsz,69445d7e717d950a32377a0a,I was looking first at whether there were personal insults that lack respectful debate. Then I looked at the content to see whether the ideas moved the debate forward.,5.0
P_1781990526467_bbfbnjasp,673550c9e80fcc54f9fff8ea,I believe in freedom of speech on the most part. I just don't agree with the cursing on public platforms where kids might be reading,6.0
P_1781990422198_3byo1r01d,698c35eae2b27a40c7fe6936,"If it was aggressive or out of order on both sides I opposed both, and if one presented a good point but the other didn’t, it was worth approving both for that correct one.",7.0
P_1781990054920_mye8qaaix,65a700a7fa22d5f150d08b09,"tbh, im free speech all the way , except when it's intent is to purely inspire potential harm to someone else. say whatever, but don't say anyone else should 'die',ect just bc they disagree w you. that's a slippery slope that cuts both ways, and no one wins in the end",5.0
P_1781989993708_dd22p9dk3,632beb3e071d0d5eec133b60,What influenced how I evaluated the post as a pair was if it was free speech or hate rhetoric. Based of those two ideals I made my decisions.,6.0
P_1781990718703_ex83gn3is,69ed5405a1451e4163779b70,I was choosing the intelligent ones like the ones having a healthy debate no cussing,6.0
P_1781990535563_wet2vfay7,6a024648866c4e8371a36ebd,On some of them I believed not both should be removed but one,6.0
P_1781990860386_nlovwsl6s,5f46dbd3b7e5b30b4076e893,"If they both seemed reasonable I allowed both. Nothing was too critical
Or insane that it should be deleted",6.0
P_1781990197422_y6q51kmje,6a1f317ca17e884254116796,"I’m a First Amendment absolutist, so unless there’s something that is going to cause  physical harm or a threat of harm to someone, both sides of the political spectrum's beliefs should be allowed and I saw nothing in any of the mirror-opposite opinions that were alarming to me now",1.0
P_1781990861317_fp7c08k3q,69e0079e949a6f66781f3ba3,"the tone and the language used in the messages, certain messages would never lead to productive conversations",7.0
P_1781990651214_dirr7g8sh,63d57b49cca53163c9b0d36f,"If anything was not true or actually backed up factually, I removed them both. Some claims were truly wrong and had to be removed.",6.0
P_1781990762906_4tp6kst2x,6a0c789b53221271496ca98a,nothing really. maybe reminded me how divided the country is politically,6.0
P_1781990785367_r7tczlf7m,6a03742fe54fb3ff06633066,I think that they are immature and need to learn how to use there words and express in a respectful way.,3.0
P_1781990571080_g0ugon75w,670dc79e7b17f1b1ac7bdf95,I evaluated how much each of the stances added to the platform. I don't think posts rife with nasty language is a way to have any kind of healthy discourse and there are plenty of other platforms for that type of behaviour and user.,6.0
P_1781990612239_d4ot414n5,6a1604647c587f8e9b903406,I tried to see if there were just horrible insults and that wasn't allowed.  I tried to see if there were making a point that could start some dialogue.,5.0
P_1781990486918_j3ho89tw8,69b3908919870095fc32c21f,These posts cause controversy and arguments because the posts were all one sided,4.0
P_1781990706755_r465ke6ou,61245f186a02da5d144efed8,I've evaluated based on language and the idea that the post was not violent.,3.0
P_1781990544134_w6syp8lde,6a125ee832f8217598747718,"I think as adults we should be allowed to state our views honestly even if they're passionate or contain a little harsh language. The line I drew was insulting people of opposite views with emotional/hysterical ad hominem language that isn't backed by facts, only intended to stoke reaction and rage.",2.0
P_1781990798382_ltmmycrlb,6a036676529571efb24bae28,I wanted to allow the most free speech possible.  I just focused on whether the statements could incite a call to violence.,4.0
P_1781990251578_v49rgsnoa,6a00d16534cfebd71820ec09,"It seemed like pretty ordinary comments you find from heated social media debate. Politics can frustrate and confuse people a lot of the time. I only removed one post as it seemed to make an indirect sexual reference. Aside from that, I allowed all other posts as I believe in freedom of speech, and I am mostly politically neutral.",6.0
P_1781990798285_f0cr8mj8b,6a254b1cee29061c47e3e2ed,Democrats are white hating communist retards.   Censorship is what communists do.  I'd rather spend my time building scaffolding to hang communist democrat filth,1.0
P_1781990634195_vp8udnzbp,69641f6e0427ee957f436048,"It was easy to remove posts that are abusive or insulting. But when it came to controversial issues stated in a more moderate way then it was more logical to keep both. The country needs to talk more to each other than at each other. Better dialogue is desperately needed. Of course, facts matter, and there needs to be some way to enforce the use of fact and truth otherwise the proposed platform would be just as chaotic as any other that exists now.",6.0
P_1781990633346_fgb8yy4id,6a16fe067a7c835cd8c6be51,"Nothing has influenced me to choose, instead I chose it because I am a republican",5.0
P_1781990578520_e7cfo2ga7,65206f1c8fdb45b55ae8ae4c,I felt that only one set of posts truly crossed the line. I tried to see both sides of the posts. U nless a post borders on a vulgar topic then they everyone should be allowed to voice their opinion even if they are obviously so far left or right and their posts are mostly incoherent babble.,4.0
P_1781990554857_wjm3yrjc2,6712ca8249c869f048adeb8a,I did not agree with many of the posts.  I do agree with free speech so I had to allow them,7.0
P_1781990488678_azrfg5v5d,60ff2c3d915d23318b73ae8d,As long as they were polar opposites of each other I allowed them. I moderate on Nextdoor and have for 6 years. I always allow comments unless they incite violence or attack a specific person or group. I really b3elieve in free speech.,7.0
P_1781990520028_cfpmw5mnh,69fdf84d3f873b5d05652bbd,I was trying to assess how damaging the posts were to productive conversation about a political topic. What helped me influence how I evaluated the responses was the use of derogatory terms or profanity.,5.0
P_1781990473826_5huyihp2w,66b2433239a9cbf52a883998,I believe in freedom of speech. If people want to post emotional political rants they should be allowed to. I am just another person who should not have the right to delete things just because I find it in bad taste.,1.0
P_1781990780591_fpl77lmnk,64947980de05e8ce37b3bc98,If they were insulting large groups of people I disallowed them.  Voters of either party in general being targetted merited removal.,5.0
P_1781990144971_10egdcoxu,5b6db9e0580154000153cc64,I think most of them were not capable of being posted as some of them pretty much sounded like the same thing but differently worded,6.0
P_1781989786954_z0n8z2t2p,6a0a0af7e9d449cd5c048f22,I felt that most of the posts were cited from what was happening real life and what was viewed on the news platform. So i was fully influenced and made my decisions based on my views.,6.0
P_1781990338220_0elpbh5b9,6a22dec71f1046e15597870c,I was actually thinking about how most people think in the same direction as those opinions compared.,6.0
P_1781990674480_122h7y71d,5e94fc39cc318836529fd876,"I am a strong supporter of free speech and I feel that people should be able to say whatever they want, even if it hurts someone else's feelings. The only post I selected to remove was one that seemed to call for violence. I still think people have the right to say what they want, but I also think that sites have the right to moderate posts calling for violence.",5.0
P_1781990894074_ka2s3cvso,6a08a4c774b8f43f25a9c86d,"If the opposition was very inaccurate, I chose not to allow it through.",6.0
P_1781990684014_c35ee2zk3,69d02b1d8bc7956de04877c2,I tried to only block truly inflammatory or bad speech; I erred on teh side of allowing it since we have the 1st amendment,3.0
P_1781990761153_ufw2938au,6a265f8fa9e8f984c9ef226c,The thing that going through my mind while I made my decisions is how important free speech is. It is something to be protected. A post should not be taken down regardless of how far to the political left or how far to the political right it is.,4.0
P_1781990577156_785s5vent,6615d2264e4143b2a0c983d6,If there was strong hate towards another group or person I would get rid of them.,5.0
P_1781990393496_eqjfhbr98,6a0bad6658e72fb8b9c3a1ea,Yes what influenced me was if of the two statements was mirroring each other,6.0
P_1781990192522_90nmxjroa,6a0620226cd61d3e5c0124c6,I didn't want to allow cursing or direct vulgar insults on either party. I also wanted to stick to comments where each side was trying to make a point that might actually start a dialogue with the other side. You can't do that if you are speaking in a way that sounds hostile. I also took into consideration that minors would be reading the posts and wanted to make it safe for all ages.,7.0
P_1781990302769_jovfk7w1r,67adab0f0401f65ab0ce88ee,"I was objective in moderating all the  posts. 
I removed insulting and demeaning posts. 
I allowed constructive criticism posts.",7.0
P_1781990984684_lnmijuy06,670bfdf066e0705d1482b037,Aggressive approach and language are not needed to express opinions,7.0
P_1781990876336_run0a0lzx,695bfceecd9827c72be7bcff,"As I read these pairs, I struggled to put aside my own feelings and views, whether I agreed with one statement over the other. Rather, my concern shifted to how inflammatory these statements are and might be.",4.0
P_1781991144210_0q2b6wfgp,59cf062758b71700019882d4,I mostly just made sure they weren't offensive in a derogatory way.,6.0
P_1781989908622_e3ytxwu3c,5dd352c51c219b35931aefd1,I believe in the freedom of speech unless it's about sexually abusing children or something like that. None of the posts were worse than what I see every day on my local WSAV facebook page. People should have the right to express their opinions. If speech can be taken from one person it can be taken from anyone.,1.0
P_1781991270132_039zue69m,6a150859c75b74eb45689247,A lot off stuff has been happening,5.0
P_1781990677701_rth3zpiw6,69463c082e84856b814df05b,"I abhor political content that is throwing dirt at a political opponent or the other political party.  In some of these examples, one might express legitimate viewpoints while the other was putting down the other side.  In those cases, I rejected both viewpoints.",7.0
P_1781990774318_s8g7avb5p,6a1a03daa5b041c154f7f770,Some just seemed unnecessarily crude.,5.0
P_1781991037737_vqg572mer,699b61ec0493a88c9df16ff4,I looked at how helpful the posts would be to an actual civil informed discussion. Remarka tjat were inflammatory just to be inflammatory were removed.,4.0
P_1781990844218_n2527vzk6,6a221bd2f9bdcb711002e5bb,They were all based on opinions and common talking points. People should be able to decide how they want to interpret these posts and make up their own minds if they are valid or not. I didn't see any post that promoted violence or hate so I felt that they were all acceptable.,5.0
P_1781990718594_8oymxzsqh,6a1f34bb46a57536776eba65,I've been on X and Tiktok and Facebook and have seen the debates going on in real time. Everyone is allowed their opinion. The open cussing is how I decided what shuld be thrown out.,1.0
P_1781990550130_g7vcubsvk,6a0e432ad629452a4bc51b08,"First Amendment.  Nobody was calling for death to the opposition, or threats made.  I didn't agree with their point of view, or some of the stats they spouted, but that is why we have the first amendment.",1.0
P_1781990728073_e32wfsrpy,6a002e2c5a7fd1792a2552b9,I was trying to be completely done biased and I feel I did a good job.Some post had vulgar and disgusting language.So those were the ones I tended to remove.,3.0
P_1781990647993_19c6243py,6a0513234418838178f45d05,"I made decisions based on the flow of the perspective, whether it was constructive or just cursing to curse. Both sides should have a fair say but it should not lead to cursing and destructive behavior.",7.0
P_1781990908883_q49ffdlg2,69b5a46a9144c817731cf9e4,"I was looking for something that would go what I judged as too far. I was expecting more direct threats and inciting violence, but thankfully it wasn't present. While some of the takes were extreme and written by people parroting bad takes from both side, it was milder than I expected. I wouldn't engage in this discourse nor seek it out, but I thought it seemed okay for a forum for political discussion, as depressing and unintelligent as a lot of it was.",5.0
P_1781989750197_5i7vyoayc,66d0e8813c0a69291c362cba,I used my own thoughts funnyness and what i really care about and how if i were to actually say yes and they get implemneted and how would i react,7.0
P_1781990872783_79xwdd3yz,633a35fc5b65d7fa6965c176,I looked to see if posts were inciting violence and if they were no worse than a fan cheering for a sport. This is how I evaluated the pairs.,7.0
P_1781990928026_7g73hj2gl,69938a4d0b52a11da8a48d25,I tried to look at the content of each post individually. Did it make a real argument or just use crass language or name calling?,3.0
P_1781990736192_6kxl67nez,69ea9c0a210ea9a982992227,Some of them were similar and some of the pairs were just dumb and unnecessary.,6.0
P_1781991065353_iq69qc4du,6234790e93ccbf5fc88ad4fe,I didn't like the cursing or the name calling.  It's fine to have opposing views but you don't have to be vulgar or attack others.,5.0
P_1781991260364_sq53whqlm,6a1cf69b8eae59f2a8b8f47d,"I was basically trying to determine if it could be considered defamitory, threatening, or excessively negative.",5.0
P_1781991064014_mr8t88pvg,6a16c3bd72f651b9dc929bfc,"i analyzed the content, context, language and tone carefully. it is core.",6.0
P_1781990238366_6htcgrzqt,6a19f50e96c5d4bf980f4f85,If they were just opinions expressed without expletive then I let both pass.,4.0
P_1781990276298_nc8voadbc,614fa6b5e77bfdc7af68ddf1,What influenced my decisions was the fact that we have the First Amendment helped a lot. There was nothing about violence against anyone.,7.0
P_1781991063971_fapslel3w,65298aca34ac384b783169d4,"Anything too aggressively rude with logic I wanted removed because it did little to contribute to any of the subject matter being discussed. Being hurtful helps nothing. I personally believe, though, that people should be free to speak as they please.",5.0
P_1781990699957_nwi58ay1b,69ae1ff4e7c01c4453bad31e,"There is always a lack of understanding on each side,and it will always be that way.",7.0
P_1781991103592_xid0k1uhs,69b5aea138ac1a482cb8bb48,The difference in each side didn't really matter to me. They might all be wrong for saying what they said but nothing crossed the line. Love it or hate it freedom of speech is the American way and people on social media really love to abuse it.,4.0
P_1781991050195_tk480862t,56f299dded0cf6000b9108cd,I was looking for only the mirror test and removing my feelings,4.0
P_1781991417377_wowuz41c3,6a2340ea63683219460cb1f7,I believe everyone has the right to speak freely in a nonharmful or threatening way.,6.0
P_1781990531128_wzloms9e3,667dd312bdbc4586ee34fd58,"Some post made more sense to me, while others just sounded angry. I had to think about who made more sense . Sometimes both seem angry.",4.0
P_1781991291110_76zrkm724,6a24b95d062a1516db57e0fd,I removed posts that used offensive language or that were targeting a specific user. Any statements that were stated as a belief and not pointed toward a specific person/group I kept.,4.0
P_1781991024251_wo5f1dqaz,69c38e5d52e6caf5ee1f51b9,"I mainly checked to see if the posts contained any explicit threats, slurs, or otherwise inflammatory language/calls to violence. None of them really did in my opinion. Even though they were presented in pairs with opposing views, it didn't really change the underlying intent of the post.",1.0
P_1781990870220_3fwv1sr10,6a25c1e5ecd5b85708906885,"If a post was not so much about a political topic but rather name-calling or hatred, then I would remove it. I think people should be able to have a safe platform to have safe, respectful political discussions but I don't think there's a reason for just straight hate or name-calling or hate-mongering.",3.0
P_1781991267654_slnob3guy,6a1d2c6d10f2c80510769e57,I read through the text an what made me to meke the decisions i made is the context and the meaning of both contexts,7.0
P_1781991007229_ihabafnf4,6a0e057e534023a1618fad75,i focused on the content and tone of the posts rather than whether i agreed with the political viewpoint being expressed. seeing both versions of each post helped me evaluate whether i was applying the same standard regardless of political perspective and made me think more about consistency,5.0
P_1781991053063_f7gtfr6vc,6718510af63fb2e8c6498c02,if there was one I wanted to remove I had to remove my the other,4.0
P_1781991214113_ikb72kn96,6a0e32b89f3436df6f71efad,I mainly looked at how clear and fair the the different answers were. If there was responses on either side that seemed inflammatory or crude I said to remove them both,4.0
P_1781991188016_01bkpej5b,608f2bae0ee0a74455533e4c,As long as there wasn't vulgar language or threats I allowed it.,1.0
P_1781991419322_ftkq926g5,5e976f67be609822f1146463,Why especially didn't like the foul language and abrasiveness so those are the ones that I decided to remove,4.0
P_1781991546066_lv3162fsf,601848135aa9ba08c66cff6a,how inceindeary each was,5.0
P_1781990571746_z6h5s8ktv,69bcb675b96bbf4ccb1a9703,"I believe in freedom of speech even if I don't agree with the liberals about a majority of the lies they spew, although they would probably want to take away my freedom of speech for not agreeing with their talking points or insane political positions.",7.0
P_1781991222122_jw1vxs69y,69a07a4a6c50cf71c5bf31f1,I tried to eliminate the pair of posts that were offensive and not constructive conversation.,6.0
P_1781991072675_fcd57klr0,695fa6ec01e2a237370a83d2,"I chose to either allow or remove based on the argument and the context. If there was any vulgar language or inappropriate things directed towards individuals, I automatically opted to remove. If there was a valid opinion or argument, I opted to allow the posts.",6.0
P_1781991178040_fdyqb0u1u,5cff67bb2d2abc0015392cb2,"We have a First Amendment that says we can say almost anything we want. None of these posts had direct threats toward a single individual, so they are fine, and should be posted.",1.0
P_1781990942642_p9gaui6ym,69ca87075e341db89c213a47,I was trying to look at the intensity of the words used and what effect they would have on other people. I also tried to look if they would add anything to a meaningful debate.,5.0
P_1781991403494_5vt9nmblm,6a0357e01d730b5fef1d19d3,If either one used insults or things of the like.,4.0
P_1781991223876_5xadw7iz4,69d5279d891966dff43a69fa,"I think people should be allowed to post their thoughts.  However, the use of expletives is unnecessary and injects a level of vitriol to the public discourse.",6.0
P_1781991166590_by3ke9gre,6a1632e3f562687d28505d44,i focused onwhether each post violated policy not the political side,6.0
P_1781991260063_9fajbws6j,69a0beff534880c5fb00c3ab,"What influenced me the most was if there was rude language that didn't really make a point - while there were many statements that I didn't agree with, I allowed them based on free speech",3.0
P_1781991068066_il91k6a4q,699b8641aa9ccbe66ddc84b7,"I didn't really base my decisions on whether or not the posts contained profanity. Moreso, I tried to allow personal opinion posts along with general consensus/feel posts. However, the ones that I mostly chose to remove were ones where the poster claimed to have read a recent article with ""facts"" or when the poster made claims that a certain policy or politician was causing or doing a certain thing. I feel that those two latter posts can create a lot of false outlooks from people who don't decide to conduct their own research. They might see those claims and believe/argue/cite them in other scenerios when they are more often than not exaggerated or plain wrong.",6.0
P_1781990527946_ve41u1cbi,6376b9ede4f5ca90df04d617,"For deciding what to not remove, I was looking truthful, fact based information versus conspiracy theories and gross exaggerations. For comments to remove, I was also looking for name calling and ad hominem.",6.0
P_1781991365772_5n7qg1oyx,65380aa0598f6524cdbcf013,I allowed both perspectives to get posted. I focused on not allowing obscene rude vulgar posts.,6.0
P_1781991407198_drt1382ct,6a20a7b75e83708ed70310d1,i looked at them from both view points and chose things that can spark good debates and get people talking.,7.0
P_1781990908220_mo3mvjpth,5a285307df86d80001455de5,"Simply put, none of the post pairs were nearly extreme or problematic enough to warrant removal except for the one outrageously sensationalized one discussing large and likely faked/exaggerated statistical facts just to rile people up. Generally speaking, these and violent calls to action are the only things that should truly be directly moderated from a social media site.",6.0
P_1781991577414_d9h9svmzb,69fa8fad2bdcc8505aa060d1,"I am for free speech, so even though I don't agree with some of those opinions, I agree with people having the right to say them.",1.0
P_1781991357874_lj3wssnp0,697a7aff27e428d1abde7066,"Profanity, hyperbole, and inaccurate information should not be used to foster animosity between the two major parties of American society..",6.0
P_1781991336746_oss90vojz,607897a566b792397d974201,"IF a post did not actually incite violence or raw hate, I left it up. The vulgar language was not presented as a problem on this platform, and I do Reddit, so vulgarity is common and often seen in fairly profound statements, and as humor. If this was for, eh, kids, I'd have nixed the vulgarity.",3.0
P_1781991538553_4w4l964wm,6a1c5133e829d2c5d144b71c,I am not easily offended. I didn’t agree with a lot of the posts but I think people are entitled to free speech. Theres crazy stuff all over the internet and people who use the internet need to be responsible for not feeding into it. I didn’t see anything hanious enough to remove it.,3.0
P_1781991426732_jb2lyueae,664124a221f88b6a260a3df3,Threats of violence. Hate seems to be everywhere and you can't tell people to not have their views but when it turns to hurting a person or group that's a big line crossed.,4.0
P_1781991148506_urkn1g28b,6a1e706bc68315bf0da5f4a1,"Sensationalist language, although a few were borderline.",6.0
P_1781991211462_r8ov57vfp,65c58be606be5633a2a68984,"I considered the amount of serious discussion each pair would generate. Messages that would likely cause a non-serious discussion, or posts that would be a series of emojis or be an echo chamber with everyone agreeing would get removed. I don’t think uncivilized discourse does anything to advance thought and reflection, even if posters agree to disagree.",3.0
P_1781990615937_ppr2ilelz,60bc18bb8b971280ef13060c,I thought about whether some posts used hateful language such as moron or idiot. I considered how true a given statement might be. The combination of hateful language and misinformation made me want to remove quite,4.0
P_1781991585035_xnkyhck41,5a21193ba7788f000144a906,Whether or not they were mirrored statements or distinct thoughts and expressions,7.0
P_1781991358044_ffqul7zmi,69b620652cd091a162d7c3f3,What influenced me the most in my evaluations was the wording of the posts. I was looking for messages that seemed more educational or civil versus others that appeared solely accusatory. Something that helped me evaluate these decisions was imagining how saying these in a conversation would be interpreted.,7.0
P_1781991774047_f4n1r0vs7,69b71c0ae9b457d3e43c0beb,i went based off how appropriate i thought the post was,4.0
P_1781991943645_l4z7dwlxo,6a261845876e8fb3568714b0,"Evaluating the posts in pairs provided useful context, as it highlighted how different sides frame the exact same issue. This contrast influenced my decisions by helping me distinguish between passionate political expression and actual policy violations, ensuring that my joint decisions were fair and consistent across both viewpoints",7.0
P_1781990798159_oem8hourl,66fdd57ffbfc37c25100cd79,Analying both points.,6.0
P_1781991421313_kuj7xm7ji,69f7d0ddc42e0c343ca27462,It’s the same stuff I read every day on social media.  I threats were made.,7.0
P_1781991404631_jc5jssdbj,6a2529f45eb71753a6dade5a,"The challenge is approving both. While one side may be stretching the facts to the point of lying, you have to eliminate both",7.0
P_1781991662753_0bu3wo39w,6a06bb600bf4c6db5fad6cc0,Being able to see how the posts translated to both sides made it more clear to judge them as a whole.,4.0
P_1781991414375_nqmn2seyl,6a1f2fd53bf12f4cee457754,I think my perspective was more on what value it brought versus was it just two people bashing and not making any valid points or bringing good debates to the table.,4.0
P_1781991163550_avwrq45o4,6a036be25c712ac6868490b4,Was the common conducive to a constructive discussion?,5.0
P_1781991111368_pp2vq9ck1,69ffa3efb10faa3cf2733a24,I was trying to see if they elaborated on their stance or were just being irrational. I also wanted to check if they were suggesting resorting to violence.,5.0
P_1781991892720_evzxp256j,69db8aa8245e97c745b4682a,actually nothing was going on through my mind,6.0
P_1781991633068_vpt4tjufj,694eea6a5b84d5f1e0b74d0c,"I tried to separate posts that I thought would actually be useful in contributing to a political conversation, and ones that are just insult slinging. Approving useful ones and disapproving insults respectively. I don't think the latter posts should be banned altogether, but I think they should be limited to a certain extent, to keep things moving.",4.0
P_1781991657612_37wnpcvea,67911b9be5af0ac0763a28c7,"I read all the sentences very carefully.  Aside from foul language, I did not find anything alarming or threatening to warrant removal of any post.",7.0
P_1781991308580_66pay1iof,66436e0c091888a5fc85584e,I saw things i have never considered before. What influenced me is how similar yet different the opposing perspectives are.,6.0
P_1781990975260_b7qmmmfi0,660d93e761fbbc2c4bd8e758,A lot I didn’t agree with but people have a right to their opinions as long as they are not vulgar about it.,4.0
P_1781991484283_8nr01au65,6a0e487680e3eb630594cba5,"I based the choices on more about facts then hear says. The main topics are always gonna have one side against the other, but I tried to choose where if they could come to agree on the topic, maybe something good could come out of it. The debates about hear-say, felt more like name calling to both sides, and those people are too upset or worked up to ever come to any agreement, or at least agree they will never agree.",6.0
P_1781991851466_jswn76eoj,6a1e26e0bbc9f5652335ec57,"So, honestly I feel like if these are in a public discussion forum, they both definitely need to be allowed.  If admins/mods are deleting posts because they feel they are hurtful, I believe that is wrong.  Remember the good old saying, ""Sticks and stones may break my bones but words will never hurt me?""  Why did that ever disappear?  Why would a random sentence or two on a discussion forum that you are visiting get you so worked up and hurt that it needs to be moderated?  Everything in here should be allowed.",1.0
P_1781991738219_bjpe48gx2,6a208bb680916536f0db6e90,I thought that some of the language used in the post was more so somebody wanting to argue rather than say the truth of a situation.,7.0
P_1781991354295_wucim6wck,640107354d2e4e321724fe27,The ones that were hateful towards immigrants should not be allowed to be posted.  I decided mostly on those not to be posted because I don’t believe in that. Even if there was another post saying the opposite the one being hateful should not be seen by anyone.,4.0
P_1781991836142_kdf9sr9ag,6a173fed8a4c457744f8f197,"I was just reading them and as long as they did not seem like a threat or a possible act of violence, I allowed them. I believe heavy on freedom of speech even if it goes against my beliefs.",1.0
P_1781991632240_t2w93yp0c,6a22df1d89b861616b11712f,"Seeing them side to side did help. In some cases, it just seemed that one side was bashing the other without any true facts being laid out. Also, the language. Intelligent people do not need to curse and degrade. You should be able to come at something reasonably and people will listen a lot more than if you bash them in the head with offensive language.",6.0
P_1781991723189_lg6nwg0gs,6a169f830c020f54006ee600,"The biggest influence in my decisions was whether or not the arguments were productive, and whether or not the arguments were simply just attacks against the other party. While everyone should be loud to criticize the other party, calling each other names brings nothing productive to the table and only serves to cause more discourse.",7.0
P_1781991499708_7yhnbneyp,698e78032abc5dae43e57b34,"I was trying to see it from both sides but it was very difficult to do. Ultimately, I decided to allow it if it was not disrespectful to others.",7.0
P_1781991805351_ljwcdt0y3,6a1083f3cdb89666baebfe4f,"If there was really aggressive language, I rejected both. There were some that had cuss words in both but it seemed more balanced to me and could be ignored if I had read it in real life, whereas the rejections I did went towards ones that would genuinely upset me if I'd read in real life.",6.0
P_1781991833996_jn3l9098x,657327316173c2bd86323378,"The two didn’t seem like mirrors at all in a lot of cases. I removed posts that were just overly abusive. The right has righteous indignation, the left is just abusive for fun.",4.0
P_1781991633910_71epl28si,6510a9a8c2b97bc048bfa64f,I was just thinking about the typical person I would believe would be saying it. It may have made me lean to a certain direction but I believe I did well in analyzing the sentences.,5.0
P_1781991326031_dlummsiij,65cf731bd2a5f24937b01f30,Anything with foul language or an explicit or implicit threat was removed. Everything else is protected I think.,5.0
P_1781991587659_5ibdwjpuu,660f3064e5dcdb0cc7f707fd,I really believe in free speech so approved everything.  I think I pressed reject on one when I should not have.,7.0
P_1781991922010_41bds4d93,6a1dc49feeb50e5bafde818d,"I was deciding to remove posts that used hostile language or profanity, or were just rude in general. I did not consider my own personal viewpoints.",4.0
P_1781991876620_93ffpim34,65198ae1d2294dbc8561e90c,"when an agreement was merely ad homenem without substance to debate about,",7.0
P_1781991959719_knlykffyc,67300478eb2edadf77d95150,"What went through my mind as I was evaluating the pairs of statements was that I could very well have read those on the social media platform I use every day.  They were very similar to the viewpoints I see.  Even though there were many statements that I did not like, I also very much support the right of all Americans to be able to say (or post) what they want no matter how opposing the viewpoint is from mine.",5.0
P_1781991782085_75kuqkpnm,6a0bbf2b4a275b3973a32321,"While reading these, I can see how people have multiple points of view and I don’t think it’s right to censor that. I do think that you know misinformation and the media exaggerating certain things doesn’t help these situations and journalist in news outlets and whatever else try to make situations bigger than they actually are. But I do believe that everyone is entitled to their own opinion and you shouldn’t remove any post just because someone spoke their mind unless it was really like offensive towards a group of people.",6.0
P_1781992104665_eano8evvq,6727cfdd8802a8d7352595ed,"I could not see getting rid of both posts, so I just kept both, in almost all cases.",4.0
P_1781991250381_wyt97x8id,62feca471af7bb3aeaaaa588,"what was going through my mind was how irritating it is to see posts expressing thoughts i hate and despise. many were absolutely contemptible. that being said, all of these posts were pretty tame. none of them, regardless of ideological stance, contained the sort of open threats or calls to violence or outright misinformation that i think would merit removal.",4.0
P_1781991880959_ngwjlofde,6645755c72f71662e832dfb8,"If one of the two posts struck me as egregiously erroneous, unhelpful, rage-baiting/inciting hatred and division, or needlessly crass, I declined the entire pair. However, I tried to preserve the pairs where maybe I disagreed with one or both opinions but could see it leading to productive conversation among platform users.",7.0
P_1781991936331_ufk36lblh,69b7005da077dc0c2bd3bbb0,it was mostly about the wording used in the posts because ethical values need to be taken into consideration,6.0
P_1781992048665_kkaby145l,698367545f81174a62e1c4de,a lot has,4.0
P_1781991980667_xhocyyqre,69c0bddc90df0e8b8e6e7f37,As a democrat I tried to look at each post fairly. I fee like both parties should have the right to criticize the opposite party and our president's both past and present. Although there were republican posts that I wanted to remove. I felt the democratic post with it was too important to remove.,5.0
P_1781991995313_z7a1u5r9g,642f6ac1b10ead55a45175ab,trying to determine if both were equally biased.,3.0
P_1781991667887_1bk4ibkz7,6a1816483e16945863e9f3b2,"I focused more on the tone of the messages. Some comments would be a genuine argument with valid points, while some of the other comment were just bashing the other side without an actual argument, improper language, and fear mongering tactics.",5.0
P_1781991845116_ir6403g69,6a1456ae2a2b7b55a77b05df,"Most of the pairs didn't raise a concern of offensiveness past where my personal bar is, although a few came really close, and one pair did go over. That being said, I can see why others would want to censor much more than I did. Maybe it's because I spent years as a member of a forum that sometimes got a little messy, but I had the choice to leave any thread I didn't like and to block any poster I didn't like.
One comment I do want to make. Although most of them were indeed mirror images, in some cases, one version was significantly more antagonistic than the other in my opinion. Those are the pairs I had the hardest time with.",2.0
P_1781992036658_h13n1912b,69e911af7b3a68423d654cc8,Hard level cursing not allowed by either side.  No slurs.  Disagreeing is fine.  I didn't know what some initials meant FFS? hard to make a decision,3.0
P_1781991974321_r3oezwyca,6612c6bf60252716c439e878,I just tried to be objective. The things I removed sounded like gibberish to me.,7.0
P_1781991611282_vc4lf7x10,63782709326973c77adc3db8,"Were the posts about the same topic, while taking opposing views?",6.0
P_1781991633784_kki1n6uq1,6a054ee8b9a753c876ff86be,"I thought about the intense and gravity behind the written post, i suggested the removal of some because it wasn't healthy for public unbiased contribution and consumption",6.0
P_1781992179868_qcsbbxrh2,66d62734985c822b67585824,"I was quite difficult having to gauge the intensity of each statement, weighing whether either was out of proportion to the other, etc. I weighed each before choosing a keep or toss",7.0
P_1781992024337_m8ow0sun5,6a21dfad99e93891e68fe221,Language,3.0
P_1781991847586_680ij2xma,69c03d46015de6b5adba0179,"All of these seem like real tweets or threads posted that I've seen online. All of them, except for one, should be posted. People are using their first amendment right to say whatever they want. Nothing in the posts said anything that was harmful towards someone.",5.0
P_1781992192576_sg62aazuf,69e25659cc2f40190c951e41,The graphic language used was not acceptable even though the context may have been,6.0
P_1781992314947_rxfa0upot,6a0a27b252eccba8b0c8a51f,"If any facts were involved, non-factual emotional ranting is not great.",6.0
P_1781991437412_1qvv6kiy9,669468f419c4186dae7bef4d,i evaluated the posts by checking to see how well the mirrored each other.,7.0
P_1781992028898_pybf42u98,6320e0bc9b0649f05c5bb242,"There were posts that I totally disagreed with, but allowed both. It wasn't up to me to squash the discussion. Any instances of profanity, or suggestions of violence though led me to dismiss them as a pair, though there were a couple of cases where only one side offended, but I had choose both.",5.0
P_1781991641572_yrlvo40ay,664a6bbe21031d20a2155427,"I did not approve any content that used foul language or name calling from moderate to extreme. I did not take into account what political party each might be because that would be bias and a moderator must be neutral. I also thought; ""would this be appropriate language or examples of speech for a preteen or similar age where it's important what content a soon to be adult would be influenced towards hate speech or offensive, inappropriate language from my own point of view. I understand that everyone has their own tolerance levels and different tolerance levels from the way they were brought up, but my POV I think is middle to conservative ground and not extreme either way. I would not want my own kids to think it is okay to say things in a manner of misrepresentation of humanity.",1.0
P_1781992111939_49rjbne55,6a0229daad5d6ff5edd811eb,If the message didn't call for violence or have vulgar language I generally chose to leave it.,6.0
P_1781991647845_9hinr66tv,666a11d046107a56965a98f5,"Unless there were any threats or call to violence, I opted to allow a majority of posts to remain. Even though some contributed nothing worthwhile to the overall discourse, I still think everyone is entitled to the first amendment, despite how much i disagree with the content.",2.0
P_1781992014266_mi5qplkpy,5b0319e68d753d0001cc75c7,I was thinking about whether the statements added to a true conversation about politics or if they were ad hominem attacks thinly veiled as political commentary.,4.0
P_1781991720668_dc48y2g7p,62eab7b53494af2a6cb73504,"When making my decisions, I tried to weigh how extreme the views were. If one or both leaned too extreme, I would reject both. I also tried to weigh how much they would contribute to a conversation, as some of these posts only pointed fingers instead of said anything with actual merit that would constitute further discussion. If one or both posts felt like straight-up misinformation, I'd easily reject both.",6.0
P_1781992516795_dcaog4n2l,69a1b30a520a4ec54980beeb,the liklihood that it was based on some semblence of fact rather than just general hate speech,4.0
P_1781992605050_wtfpna5j6,6a04a62e595d22cf46d27460,I was seeing if there was any profanity or outright disrespect within each post,4.0
P_1781991443554_s1lj5ugdq,674934b4b6bd253249a72d63,I don't like name calling and thus that had an influence on whether I approved or removed the statement.,4.0
P_1781992156073_cn94ifqub,69ff53f3401c96094c4b05ab,"I concentrated on the distinction between political opinion and insults or dehumanizing and hostile language. Taking both sides into account allowed me to compare the level of consistency; when both sides expressed only opinions, I kept them; if both were hostile and insulting, I omitted them.",6.0
P_1781992166039_4ea9107f6,56cba6c0f8753700050b82c6,"As I was reading these posts, I thought most of them were posted by idiots. Part of me wanted to delete all of them. I didn't really see anything offensive, just lots of stupidity. I am not sure if the platform wanted absolute free speech, but I took that approach.",4.0
P_1781992258654_7jlzgpfm7,5ccedad53734bb001b27a68b,I was only concerned if the posts were inflammatory in regards to profanity or threatening to public figures. Those were the ones I focused on removing.,5.0
P_1781992416920_prcpdeu5d,5af1c4dfaec2b600010a96c9,I was just thinking all of these comments seem like something I would come across.,1.0
P_1781992229885_9oqxmg3dj,69988bff97655dec17a0f69c,It is ok to express a viewpoint as long as the rhetoric is respectful of others and does not contain foul language or contain racial slurs.,6.0
P_1781992220018_8qhuf2l43,69f0c302d73d04e4bff75116,I wanted to ensure it was a balanced evaluation even though most of the viewpoints and context was a bit far reaching.,2.0
P_1781992431242_p9buglrdw,650c729919da6b4cfe88277b,mostly i allowed both or removed both but a few times one was more offensive and i wanted to remove only one but couldn't. I always removed anything with profanity.,4.0
P_1781992222835_itku22vcw,6a03a97765600dbb6a4da5b1,Most free speech should be allowed unless it is threatening to harm someone intently.,4.0
P_1781992100540_whsjk7z9q,59d1e366faf42e00012b6c1c,"I looked for threats, inciting violence, or trying to cause harm to a person or persons. I seen nothing like that. I only seen people expressing their opinions and everything I seen was nothing more than free speech.",1.0
P_1781992465015_dvknzgr1s,664622c2ab066030929c42d2,The 1st thing I was looking for was if there was any cuss words.the second thing is if people would be offended by any of the political posts and for the most part i think I made the right decisions,5.0
P_1781991958813_wt7oxxpne,6a0c79a0be3071d7e3ed48cd,The fact that current political affairs belong to bad faith more so by republican than democrats (this go around),4.0
P_1781992028048_3n5evvqvp,69c9b471512ef9f5af466385,"I allow open discussion, even if I don't agree with it. What I don't allow is violence or cursing",7.0
P_1781991176946_bz7b66g57,5dddadeaeb3973d20b3a4fcb,"I mostly tried to evaluate if the posts were genuinely different, or just a mirror of each other. The mirror posts don't provide further discussion, and come across as disrespectful.",7.0
P_1781992449604_898dbqwcy,6994b7c390fdc3a9a6996524,"i erred on the side of letting them in unless their was threatening language, vulgarity, and/or unclear statements. i believe let the people decide themselves what is worth of reading/responding to.",6.0
P_1781992707711_a29787gmv,65b98fe25e75b5acc3f44626,There was nothing too intense or incendiary here. No death threats or anything along those lines. So I thought all of these post should be allowed.,4.0
P_1781992714581_o0b83sd4m,698a3ea72471c023c44ea2d2,Mainly the language that was used,6.0
P_1781992781732_wf4acz71p,6a104a1c0687073456e18b89,Tried to see it from both sides,4.0
P_1781992700304_65m976rcm,69fa7312448db23e917dc745,"Me personally, everything should be posted. The moderators job is to keep people on topic. NOT DECIDE PICK A SIDE.",7.0
P_1781992511105_1k2mj3o9f,5de87c376522177f4f41cbd2,"I saw everything as ""free speech."" Even though I'm a Democrat and absolutely detest Trump and his ilk, I still believe they can say what they want. Again, free speech. If I had seen something that was absolutely false (and verifiable) in a pair of posts, I would have said they shouldn't be posted. It was interesting to read the opposite viewpoints.",6.0
P_1781992516644_9hc2h2mpg,67335e8a302aac96120cc104,Some made sense but if they contradict then I would remove both,2.0
P_1781992699471_vf7xy8irq,66bbef30b448c88bf53675f3,I looked for the most reasonable post to share,7.0
P_1781992707497_6wofdp1s9,6a1da0a3e64785cfbc9670a5,"The major principle I considered was to apply the same moderation standard to both posts independent of the political position being presented. My concerns revolved around whether each post had content that would be against the guidelines of the platform like harassment, threats, hate speech, encouragement of violence, among others.

In making comparisons between the two posts, the tone, seriousness, and the targets were compared to ensure uniformity and to prevent any biasness on the basis of the point of view. Profane language and strong criticism of general political standpoints and ideologies were handled differently from individual attacks and attacks on protected categories. The comparison helped me see how important it was to apply the same criterion to both posts and not react to the issues.",6.0
P_1781992597069_ky7amkf9c,69b97cc30a55bea71338912b,I did not always like the way the alternate perspective was framed. For example in one pair of posts the conservative post was generic but the liberal post mentioned someone by name,6.0
P_1781992247058_7whwo3gzx,69e6a2ca90a544da80f3dd52,I evaluated the post based on the language and rather they targeted specific protected groups use the slurs or demeaning labels encouraged harm or crossed into harassment I tried to apply the same standard to both sides rather than deciding based on whether I agreed with the political viewpoint seeing both versions help me compare rather the use was the opinion itself or the way it was expressed especially when one post included insults or identified identity based attacks,6.0
P_1781992612426_c3umhstsp,69fe6ef4c9775205f8265796,I was trying to imagine if the language was incendiary. Profanity is acceptable but not attacking another person.,7.0
P_1781992590383_9c0e0emnk,69a4a45ac9325ae63f45187f,"If it felt it was more of an attack as opposed to an attempt to spread ""information"", I said not to allow.  I am ok with people having an opinion, but do we have to drag names through the mud, do we have to attack the other side.  Maybe we need to find more in common instead of ways we are different",6.0
P_1781992651092_0a6046gkm,6663ce16e93da6d9c6ce2821,I thought were both comments trying to make a point or insult.,6.0
P_1781992684843_qghmew8f4,6a1758cd67737546b329568e,If there were personal attacks between posters I would remove them. If there is obvious vulgar language I would remove them.,7.0
P_1781993131801_89zcf6xdy,69d2cd4b68f653e4a5da40b4,nothing profane,4.0
P_1781992680918_cuh0p26d7,67e0a8458369d92d9789b0b4,I find it interesting how differently people can see the same world. Most things should be allowed to be posted. I tried to remove clearly false things.,4.0
P_1781992662870_viextkoqs,69fd0292de4cc1c81d696bf6,I  considered inflammatory language as the deal breaker. Otherwise seeing alternate perspectives was acceptable. I realized just how far apart the two sides are.,1.0
P_1781991541139_vf4okzwiz,69efe7e0827cd2f49181acaa,"If people express political opinions that covers a valid point of view on contested political issues without resorting to threats of violence or making derogatory or racist remarks, then the posts should be allowed. People will get angry when commenting on certain controversial political issues so strong language may be allowed but it shouldn't devolve into making threats or making racist or derogatory remarks to each other.",6.0
P_1781993048632_0z2jf9wzm,699864ea247a33282f9344a8,Removed anything that included profanity or direct insults.  Kept things that were logical arguments.,6.0
P_1781991153175_jve2rv2mr,69ffddab46227652051f1408,It was painful reading any of the right-wing ones because of how dumb and correctly-characterized they were.,4.0
P_1781993241072_bsui2pnd4,69861c8ad34b4ad055115b6e,I eliminated the posts with hate and bad language. Having both posts didn't really matter to me.,5.0
P_1781993017313_re6vw2uoy,601736d3f57edd250d376de9,I was thinking if I would want to see the posts or not. If I wouldn't then I did not allow them.,7.0
P_1781992265798_1ebu4wt9e,6a24d8568e02441d6e879798,"Since there is freedom of speech, I just tried to remove those that made hateful remarks about division and discrimination",4.0
P_1781992861601_nhgo6e0xu,66aead5c07d51a3a12deb9f0,Freedom of shpeech. I may not like or agree with some of the statements but We the People can things. Just don't incite violance or threaten harm or worse.,1.0
P_1781992823568_ra9vgy7t2,69dcaae0c3e6602e18fbbc43,"i wish I could moderate these for real and stop some of these issues before they happen. A big influence for the harder choice ones was the backlash it would have. Would the conversation surrounding it be healthy? If it would just incite more hate, it was a definite no.",4.0
P_1781993123138_2zcijm1jo,6286ae453e1e45b3470512e3,"Tried to separate my political beliefs from content presented. So long as nothing harmful or threatening towards a group, person, or identity (like actually telling a person to die or that they would be better off daed), I allowed the post.",1.0
P_1781992439198_pb6aqkzep,652c22df0be0c1af87ceaf86,"It felt uncomfortable. While I was doing the exercise, I kept asking myself whether I had enough knowledge or moral authority to ban other people’s opinions, even when, from my perspective, many of them seemed incorrect.",2.0
P_1781992567362_x1gmqn0xb,6a22e58c8995c3e29ef29b68,"I wanted to see debates on similar issues, however, vulgarity and a sense of possible violence were also a contributor.",6.0
P_1781991363152_kfyrv835r,69a4d7d9d85fe174f64a1b80,"I tended to agree with one of the post but the other post I didn't agree with because of what they making absolutely no sense, I chose to not to keep either",4.0
P_1781993203854_wd6kmx4zl,64d5323f567c88a7df95b47a,"Anything that had a relevant point, even minor ones, are fine.  Profanity laced rants are not acceptable.",6.0
P_1781992845933_oqn9bvkoz,606e4eb2a56685e5593304cd,"I basically only removed a post if it was intentionally inflammatory or it was a profanity-laced personal attack. Otherwise, I kept both posts, and I think that's probably what social media should do as well.",4.0
P_1781992700751_hwzhz9nhw,69dae8cc4225a95d267ebb40,"I felt that calling names and cursing were counter-productive, and diminished the attention away from the topic and focused more emotional attention to the attack. Hence, I deleted these.  
   In addtion, the last example was so vague due to the use of ""big abstract words"" that it was meaningless.",5.0
P_1781992642189_vdh1qnp8k,69e2db7c33a7fc036d921090,"Obviously, as a Republican I disagreed with most of the pro-democratic posts.However, when choosing whether to allow, or discard both posts I made my decisions based on the tone of what was posted, ie, word(profane) choices and how angry(leaning toward violent) wording selections were presented to determine whether I would choose to permit, or remove both posts",2.0
P_1781993457429_v7nkk0593,6a0d1b0dfa95ca90850f7150,I was thinking about what to accept and decline for these posts.,6.0
P_1781993363258_u3jod55ky,614deec82f82c126feeddf3d,We should all have freedom of speech. There was nothing infulencing how i evaluated the posts as a pair other than that concern.,1.0
P_1781993123518_1v2y3pzli,69fb97f12f295abebbcc63fa,If not a direct threat or crude language then it comes under free speech,4.0
P_1781993076130_mcaww5rbr,67c1d6d98c8787be36609212,fairness of being able to defend their views without slinging statements,7.0
P_1781993089593_5362hw51p,66b5b65f4aa829abf6c30607,I did not like if there was attacks on specific people on either side.,2.0
P_1781992847202_wl6v28vg4,662f8a3bc02a7f164555439a,It was definitely harder than I thought at times but I tried to remove posts that I thought would be inflammatory and that would result with nothing gained if posted. We fight about everything and it's time to stop it. Even an important issue for me was canned...,7.0
P_1781993286655_klup6dio4,66f8367b5310ebb97346b93c,I mostly just denied them both if one or both had inflammatory rhetoric,5.0
P_1781993090365_se8b8tv49,66abb60791f0687fe5bdfd5b,"I tried to balance free speach with something being said that was provokactive and more importanly, not true.",4.0
P_1781992469242_eld6asulw,69862f0876af23f099fef92b,"I took into account how each one affected me, and my personal thought's on each one. Some had some sense to them, while others were just plain out stupid.",6.0
P_1781993222430_rixudidcl,6976e5488dac580bf7cce34e,"I wanted to remove posts that seemed to just be name calling and anger, and didn't contribute much tot the conversation as a whole.",5.0
P_1781992943397_f23qq2g2i,5e412b282596b0354e2a42e2,"If both sides were making a reasonable political statement that could lead to a discussion I would tend to allow it. I rejected both if one or both sides were a post that was just toxic, using insults primarily more than making a point. Calling the other side names is not an intelligent post that leads to discussion, it does nothing but upset others.",7.0
P_1781993440279_yx012x6et,6966e2a9f83e88b6b59a3d24,"Language, arguments used, overall tone",7.0
P_1781992764953_rng99iwtq,69fc7d7ca96e6dac7f135ac1,The bias on either side,6.0
P_1781993258256_ezu13uwuq,6724f64f20aa833adf9702eb,I decided to remove any that were just accusatory of the other side without making a valid point. There is a difference in stating an opinion versus being insulting.,7.0
P_1781993423530_vtha9dypc,69cc19a2449f9d4df4a878d6,I just removed blatant cursing and just plain name calling without any argument at all.,3.0
P_1781993369699_phnrf1x6u,6942df6ba19af01555f47025,"I tried to be objective and make sure that each post was making a point or was it nonsensical dribble.  If you could argue for each point, I generally decided to allow them.",6.0
P_1781992271723_5jc1b5wjz,6400e79fec0b310140841aee,I looked for foul language and overly inflammatory tone.,2.0
P_1781992925354_169ypleqt,69c6f1f9a5d9035ab13be096,I had to follow my gut on these things. My moral compass came into view but I still followed my beliefs. Some were actually offensive those I voted get rid of them both. Some I believed in one view but totally did not agree with the other so I got rid of them both,6.0
P_1781993310341_y8pf3g71k,5d5b528324470200190a9e0f,I chose the one I most agreed with,1.0
P_1781993208926_kby1uf9fv,69f5640d1b040e811c2ac0b8,I just removed what a thought was fair in both perspectives,1.0
P_1781993189087_fepuzx9s2,695ff6361533e042263cc598,The only thing that caused me to remove posts if one of them could potentially incite or encourage hatred or violence.,1.0
P_1781993629709_fxuz5oolw,69e79a9129a4d2c140642ae3,"I only rejected one when I felt it didn’t add for a healthy positive discussion. 
The other posts had merit for a discussion. Plus I don’t want to be disrespectful.",6.0
P_1781993395178_y0wjbavv6,667dbbc3a2d8ed14f560a378,Whether they denied actual facts and whether they seemed to be genuine beliefs.,6.0
P_1781993539364_mdhcpe9xi,699533c107ede9b0eab5a81c,"The idea is to judge levels of insulting and name-calling, and just targeting areas that were over the top and super specific, with language that was clearly at the worst of hate. So therefore only moderated a few. Generally speaking people are allowed to have their views.",5.0
P_1781993344378_5achdgrsi,67cb1f206b99bec7f1d2314c,I made my decisions based on the language in them and whether or not they were hate baiting and fear mongering.,6.0
P_1781993047044_pswb0ywld,599de51717c03c000151b1f4,Whether I agreed on any of them was beside the point. Our freedom of speech is a constitutional protected right.,2.0
P_1781993456193_pbb47aj8p,6a2629e8154b48411319e39e,If it was hate speech or found language or threats I took them.down. hate is pointless and helps no one,6.0
P_1781993180772_3lyajnpq8,69f4e0a61df7b7adb13e9847,It was very interesting exercise. What influenced how I evaluated the posts ae a pair is the audiences that we read these and will have negative thoughts about all issues that are happening in general.,7.0
P_1781993850109_em7lpko57,69cc19a2449f9d4df4a878d6,I removed anything that didn't have an argument and used any profanity and cursing.,3.0
P_1781993344802_m0kdva6sg,6a0955495b6464945df2d770,If some pairs seemed too similar or didn’t make sense at all.,5.0
P_1781993598155_41xlyyy1f,6a18ae9fc6f3254a934574b4,I evaluated the posts on their general demeanor,6.0
P_1781993620016_0d6tc574z,6a1c8e4515b50fe67da0dcb6,I don't agree with swearing and cursing on any level.  I don't think that one should be cruel in their opinions either.  It's hard to deny both when one frustrated me - but this is the game.,7.0
P_1781993699413_nnqaqq2x7,673a68b6b26d5900008e9df9,"Whether either side was a direct, actionable call to violence. If not, they should both be allowed.",2.0
P_1781993438988_a4sgju0tv,6a156a6eba6a8ad3f5d3dc44,i made these decisions thinking about both parties and there people,6.0
P_1781993441054_pov2xe0z0,6579bbe4def90fc2a25cbc20,"The feeling I felt was ""This is sad"" and sorry, but the main blame lies on the invention of the internet. Giving everyday angry and dumb citizens a voice via a social media venue is the culprit. If both statements had some truth, which most did, I let it pass.",7.0
P_1781993718999_pblzcdwb6,6994ba324907f041e5c966ae,I only looked to see if there was any call for violence. Nothing crossed the line of free speech in America so I figured each pair was allowed and did not get removed. If any post had called for violence against a person or group then it would have been removed.,4.0
P_1781992747385_h5g8dshic,67cc3eed8e11f5ac44b6e131,I felt angry at times. Some times I wanted to get in the conversation,3.0
P_1781993718896_089c3moeu,6a15faa8f88b700d8cee8d91,I thought about the primary nature of what the platform should be and it seemed consitant to apply the standard of free speech already consistant with the country as long as it wasn't saying something illegal.,4.0
P_1781993543645_1tq0kvjl3,69d8eab7b04ea057a65bdb4d,i just chose the option that made the most sense to me personally,4.0
P_1781993570357_0fidl5ly4,62bb42e2f21cfdb280cc975f,I had to be open to both sides and make sure that nothing out of totally like from my perspective was said.,6.0
P_1781992542298_wu9vx6wg7,6a121cb182ec49d72d1a3fb3,"profanity should not be allowed. promoting violence should not be allowed.
opinions should be allowed from both viewpoints.",5.0
P_1781992984892_vhi3a9b8o,698cf3a3d32d5adaf2576278,"If I thought one was important, I allowed both.",4.0
P_1781993586737_wdf2qcr19,697cf2f0ed95f5a2dcba188d,the posts didn't influence me at all because I want there to be freedom of speech on social media.,1.0
P_1781993797656_97apaema9,5fbd1b3f7610c105872121e6,"I allowed each side to express themselves as long as there were no personal attacks, or offensive language.",4.0
P_1781993470423_w8gl6qu4m,65b54cce470d103e1c9ca6c3,I tried to base my decisions on the extent of the violence th3 statement may provoke,5.0
P_1781993912798_636z7p05t,6a105b9d9af396df67356def,Inappropriate language and attacking individuals influence my vote.,3.0
P_1781993323142_2qy9iauuz,69e6d7da30f446c9d011373f,"If put in a respectful way if would let them post it. If it was just insulting a person for no reason, it was not able to be posted.",6.0
P_1781993971722_dv0tg451i,69fe03f4c6ed7ceb363e4d1e,"I was trying to imagine the conversations that could stem from the posts, and often strawman arguments or ad hominem attacks didn't seem like they'd promote discussion to me. I was more lenient towards opinions that could be discussed with evidence and examples, about policy and not just politicians.",7.0
P_1781993949634_qhqtz213l,6a1b922a5d73859e87ad2d65,Whether they were talking points or just inflammatory rage bait,7.0
P_1781993532299_90t4pguqs,6238dfab577ecd4adb97a917,I went off if they where saying cuss words or threats. Or just not what I went with ideally.,7.0
P_1781993761885_ijhj3pxz2,6a12af25a82c000c54c955c9,"I would remove posts that seemed to unfairly attack a demographic or if they did not provide any real explanations for what they posted. When making these decisions, I try to consider if their perspective could be seen as reasonable. If it doesn't seem to be reasonable or if it's from a position of hate, I would remove it.",6.0
P_1781993989657_6twcv216x,6961963175725610cd3e19f7,"If they provided anything of substance instead of just cursing,name calling, etc...",7.0
P_1781993098665_n1vyqtr2c,69866a008a94703aa0bdaed6,Each scenario for the most part depicted some truth and some non-truths. Some sections were written to sensationalize the news and others were posted to distort the truth. Rarely was there a 100% on either side of the coin.,4.0
P_1781993500224_auec6qk92,6a04b427b6944c00de1f72c6,"I focused mainly on the use of language and facts in the comments, anyone with abusive and foul language are deleted, I tried to allow comments that really addressed the American problems even if they sounded harsh.",6.0
P_1781994274924_fad3q310w,69f93c453eb30e7a526fd520,"Swearing, verbal abuse, no issues, no discussion, no point",2.0
P_1781994099079_u7jfnx1j8,699b781fa33614257de03b48,"I evaluated each post on whther it was helpful, truth, and made sure it was upheld by the 2nd amendment. Obviously false statement or statements made to slander , and no merit were removed.",4.0
P_1781994121095_bp91bjbc0,6a1d0233ee39b3f85b2e52cf,"As I made these decisions, I tried to focus on the content of the posts rather than whether they came from a left-leaning or right-leaning perspective. I evaluated the pair based on factors such as whether the posts were respectful, contained harmful language, spread misinformation, or violated community guidelines. Seeing the posts together encouraged me to apply the same standards to both sides and make a consistent judgment regardless of the political viewpoint being expressed.",5.0
P_1781994313771_2f3b2ywl0,69f245d6d63bf694dc910758,just kinda random,1.0
P_1781993714532_rd9tafh6l,6a1de13c1e80fdf05065041b,The things that influenced my decisions were pretty much if it would cause harm or negative influence for no reason. I am a believer in free speech so I like to allow most things through.,6.0
P_1781993971863_9kbizosxf,5d8c0aed48b2d10015bfcdb7,"I was focused on free speech mostly, just basically letting people voice their opinions. Only when a comment felt too degrading did I decide to deny it.;",4.0
P_1781993952951_pxcq73ssm,69cdf63a484f98ae09713b7d,I believe there should be a standard of professionalism when it comes to a political account.,5.0
P_1781994348983_eoek8uefj,69fe17913afcbf224f7f1600,"If there was profanity, or insults.  Both got flagged as being removed.",7.0
P_1781993536067_i0d0pvf6w,6996600da9f2177d449fa0da,"If they both seemed to communicate a somewhat balance in viewpoints, I allowed them to stay. But if their language was offensive, name calling or otherwise uncivilized, I removed them. At least that's what I tried to do.",6.0
P_1781994210393_5hdhcdgrc,69c9e75144436a87aed63b67,"i felt annoyed by the posts, i hate hearing opinions on politics from the right even if they are fake posts. id rather remove both posts rather than let the right have theirs.",7.0
P_1781994165543_cxah2p8zo,6a2102ec0c0eca812955b878,I personally evaluated them based on if they had harsh language that is not conducive to a civil conversation.,3.0
P_1781994199697_j45tigb19,6a1b4cc5f83d20327089eeb5,"def voted against cursing, name calling, language that would incite the other side",6.0
P_1781993863450_3drfozmdb,67912cb46a81e6e600ee50fd,I evaluated at how violent or derogatory either post was.,2.0
P_1781993879853_hiu6zd0dc,6a1c7ff7b714cdb58be89558,"Some points voiced a true viewpoint, while others expressed nonsense for both sides",6.0
P_1781994235676_hrk0xxq80,696953d6673aca09475971b0,"If someone was making a constructive argument with mostly appropriate language, I allowed the post. If they were overly aggressive with profanities, I banned the posts.",3.0
P_1781993535241_h0xqzvebu,69863b767596b977fe0f5750,I disagreed with many of the right wing statements. They were not violent so I wouldn't disallow them on my forum.,7.0
P_1781994014333_0wr2xlpvl,6960258b1fe1291c52a1f3b6,I feel like people should be allowed to express their opinions as long as they as not advocating for anything illegal or that could cause harm to others,3.0
P_1781993920821_amr5t1vnf,6a1625b01536c8f0dec22575,I tried not to remove any that didn't cross a line that  might incite violence or other over reaction from one side or the other.,6.0
P_1781993859014_s88nf97qs,6a15cd8682c178b336012415,"If the statements were inflammatory, not necessarily what was said, but how it was said, I chose to remove both posts.  If there was cursing, I chose to remove both posts",2.0
P_1781994684626_4okyk81sb,652c26666ff7f0bc98b61be8,"The vast majority of posts were kind of low IQ and not well researched. I believe this is accurate to the kind of political landscape we are living in today. However I did not remove the vast majority of posts because I believe in free speech, not absolute free speech, but practically almost all speech should be allowed.",4.0
P_1781993979307_jbhpi2l6b,5ce83f6ffdd26c00193b9611,"I tried to set aside my own opinions and see each comment as similar (if indeed they were). I tried to ignore the political content. I looked for swearing and words that weren't about making an argument, but about venting anger.",5.0
P_1781994325370_g118zee66,63cc90d2bed7edb18c3fd155,"Language, volatility, and whether the posts were conducive to further discussion were my main priority. Rage-bait, over-use of swearing, and violent rhetoric didn't make the cut. Some where close to the line so I just followed my instict.",7.0
P_1781994642135_po9y5yqgu,6776cdf98d57e424a247e48a,"I tried to think about whether this could be part of an actual debate or if it was just inflammatory rhetoric. I erred towards the side of allowing things, but purely emotional invectives from either side caused me to block both.",3.0
P_1781994721726_0hx19g9ty,669ac76a022bb64746e1bc3a,Just reading some of the posts i just decided i would remove them if i was a moderator.,4.0
P_1781994766296_lbuwnu62i,6a0fcd3310957a693aa312f2,"I was reading to make sure there wasn’t any violent language used. I feel like most of them were pretty mild. I am also no easily offended either way, so i didn’t mind them.",1.0
P_1781994412644_s6wf4jt8y,65f353147653b5d6eee93ebe,I feel like I wanted to know more about the purpose of the group and more details on rules. I know it stated that they were looking for constructive debate but I need clearer understanding of the rules to moderate properly.,1.0
P_1781994134342_69cei8cst,60f722b3a83e22a28e18860e,I looked for posts that were not overly mean or using too many swear words. We want discussion but just saying unkind words or sounding threatening should not be accepted.,6.0
P_1781994498632_eq4u8wtkq,69fc89016c86884551898e97,Every sentence that was made from the republican point of view really irked me.  It's hard for me to rationalize the way they think.,5.0
P_1781993851777_yv0irtssy,694afcabf04cdd6752673eea,When I removed posts it was only ones that had no other point to exist than spread hatred. If both or at least one side had a point it had merit to not be deleted.,3.0
P_1781994671111_i5vgz69nh,60fab1b96bd45f60d1b053dc,Some of them I wanted to discard one and keep another.,3.0
P_1781994562033_aikbyc8k9,69e645a6ec883aecae3c22a6,What influenced how I evaluated the posts as a pair was the difference in what each said and what I believed to be the truth or closest to my beliefs.,4.0
P_1781994153753_zwhk6py91,6a1c38342b0901ffa479654d,Were the statements opinions? Did they quote something as a fact that was not a fact? Did the statement have personal attacks? Insight violence?,6.0
P_1781994817318_6m32rd089,65348bda7b5bbcbfa164229b,It depended on how extreme I thought one or both of the views are.,5.0
P_1781994830281_fryznr7t2,6a0d91ece6bcf739a03b80bc,mainly i looke d at one and if one took it a bit farther i removed it. i think it was okay for some to express their feelings but some just seemed more like a rant then accutal feelings,5.0
P_1781995064508_msjlcyx3b,69cfd457aeb7680942f50dce,"Couldn't really choose a side, decided to allow most but the foul mouthed stuff.",6.0
P_1781994594100_a3kwoyvel,699513d0812f933c2159e898,Whether or not there was profanity in the statements.,4.0
P_1781994753223_ff309y00b,6a03c132565c15481c53bc31,"I am a believer freedom of speech, but not disgusting words and rhetoric that cause hateful division and not just open up a discussion. I may not agree with a lot of people‘s viewpoints, but that doesn’t mean they don’t have a right to say them or think them. However, I do think many go overboard and trying to express their opinion in such a way that it has an opposite effect of what they intended",5.0
P_1781994797447_f1bm50fu5,699b37394869200ee1dc84ed,I evaluated each post for some beneficial factual content. If there was non- I passed,3.0
P_1781995056344_vy4siq9pr,69ed451f51e02246b8671c04,If they were attaching general populations or if they were attacking individual people.,5.0
P_1781995056729_mcnb9rfft,69cfd3a8dc59402e42230ced,"While I did not believe in what all the posts had to say, I decided to keep all of them up because none of them used slurs and I believe they all were just exercising their free speech. Some of them were hateful but I wouldn't necessarily say any of them were threatening and most if not all of these would be allowed on platforms such as Twitter/X.",1.0
P_1781994787169_stjo4e7t2,672f8536e71e8ddbd4c0ebcb,it’s important to value both political views. Respect for both parties is important,6.0
P_1781994550523_j5zc6c9e6,696048693feb325fab7a29e0,"If i seen profanity or violence in the messages, that when i decided to not allow either.  I was trying to put myself into the shoes of the people that wrote them and how they felt.",4.0
P_1781995292008_syr728gjg,69fa3d2a70c3bd85816025c2,Nothing much was going through my mind at that time. I was looking for the messages that maybe promoted violence and so on.,6.0
P_1781995521292_p63n2izod,6a0d2d55984eb974eb20562b,"I wanted to support freedom of expression, while removing hateful and violent language.",5.0
P_1781994982213_46ftsb4e5,6a08b31ecfe31c6f8900ad5d,I answered based pn my belief as a republican and also how i personally feel about these posts.,4.0
P_1781994607874_5mmqlcrc2,67f80601e44359732a7f2af4,I'm a communist. I supported the communist posts.,5.0
P_1781995331250_schsu91ad,664e4f21fe1be17f600bdf08,I understand it was necessary to post both sides of the political opinion or neither. This allows for an even representation of opinions.I chose to only dissallow those posts where both sides or either side was particularly disrespectfull or misleasding.,6.0
P_1781995221636_50ffbsni3,60778db7ed3bae21972be1b4,After reading the posts I thought of the information would be harmful. If it was harmful then I decided to remove them. People can disagree without it bei.g too inflammatory,7.0
P_1781995393808_l2tutp2e1,57a980e525cb71000128c417,If either had a valid view they had a higher chance of getting passed. But if it's something where they felt unnecessary or like it was just bait I viewed that negatively.,6.0
P_1781995360658_h2sq2f7a5,6a0cbcd560a932526e45bba8,"So, i would read both pairs and make the decision whether it benefitted to leave both or remove both. I removed some of the more vulgar posts as I don't think they belong on social media and kept some of the controversial issues as both sides were explained or at least voiced and I thought that makes for good dialogue.",6.0
P_1781994877070_cb2hkhhsv,67a85137a6f2eda1f128b8c0,the ones I voted to remove because the republican view was so toxic and evil I had to remove it. the democratic ones I dropped wear because the republican comments were sick,6.0
P_1781995214578_73ne0d1hn,6a1c62d956011a5ed0a467ac,I thought most of them were postable. I only saw one or two one language was a little way too offensive. In the other post just people expressing feelings about the issue. I don't think using the occasional swear word makes any difference in today's world it's just a way one expresses themselves.,2.0
P_1781995870514_xzopz37kb,6a0aa663dacd2ed0bd2e9417,"I really believe in free speech, but I also know that the intention of this platform is a place to have meaningful discussion about politics. Anytime there is a post with uncalled for mudslinging, cursing, or distasteful comments that would take away from the discussion, I removed it. But everything else, even strongly worded comments, should be allowed to stay.",5.0
P_1781995091051_v66r1djvo,67bf8696b3b7e7a95c9cd9bf,I didn't want to allow anything that used offensive language including swearing.,6.0
P_1781995771902_21309yg64,6a1cb038e6c8b9512f100e1e,"I decided to atay netural to the context and focus on typical sensors such as targetted threats, otherwise anything goes.",2.0
P_1781995017943_w7mrl5myl,6a14e4e6e8e15237a0c94ec0,I tried to be fair in giving latitude to each side unless they crossed the line of civility.,5.0
P_1781995697366_wgseyafr4,694afeb6123c5d3d77ab3f9b,If the post seemed like nonviolent discourse I let it go. I drew the line at wishing for deaths of public figures.,3.0
P_1781995951895_0gdyujd0h,6a05ba9787b31818155ad01b,"I tried to judge whether the posts could result in harm to people who saw them, or if they were harmless",5.0
P_1781995344331_0gfns6m9s,590b7ba44a1dff00014bbe90,"I believe in free speech, so any posts that seem to have some post, rather than silly vitriol, I thought were worthy of debate.",5.0
P_1781994278008_if10kkcmv,69f140935dc089bf8e145ba8,"I believe in free speech, unless it is very hateful hate speech or threats of violence.",4.0
P_1781995615370_ujlj2dxtm,602b456e7cdd702772f52e13,If it threatened peoples safety or attempted to incite violence I believe it should be removed.,1.0
P_1781995820470_8ikcuei4b,699e010144e2a656a3fdae49,"I staunchly believe in freedom of speech. However, when people begin using copious amounts of profanity I believe the conversation skews away from constructive debate and into hateful vitriol. It is important for people to be able to voice their opinions whether I agree with them or not.",4.0
P_1781995565510_b9zis9dy4,636d4527078f3ccc1f713265,I was thinking if each post truly made their point effectively and the profanity and vulgarity such as insults influenced my decision at times,5.0
P_1781995937512_9gc69qcv0,69b1a380d1a73b12ea3dff15,I removed anything that seemed to have no point except to spew hate.,6.0
P_1781995650639_lyxv3ggex,69ff04e7afdd28338d5eabba,"I tried to look for hateful words or comments people wrote just to make the other side angry. There were a few times when I thought only one was bad the other was okay, so I just went with both bad. If its bad enough one way, its bad both ways.",7.0
P_1781995651448_81rfpzcsq,654beb18b762f5afea837c8b,"I made my choices because I wanted to be impartial. Many of them were good to debate. And deserved to be posted in a form that would give them that opportunity. Unfortunately, the emotional maturity would undermine the opportunity to hear real response.",1.0
P_1781995920964_fmwtw8jwz,695dc7b5ac9fae23009ddee0,"My decision was influenced by the writing of the post and if the message was making a point without personal attacks or foul language. Even if I didn't agree with the message, as long as it was stated well enough and explained their position, I felt justified leaving the message in. Also, I'm not bothered by foul language, but don't think it has any merit in a political post when trying to debate a topic.",5.0
P_1781995636026_iv0csl64z,69fe446aa1eb4af3efcc8ff9,"As I previewed, I tried to keep a open mind and not justify by my own beliefs.  I passed several with what I felt had false information but the reader should always take a type of precaution and fact check anything.",1.0
P_1781995661200_qhasbc0fd,6a1c8c5f88774e9340e2a8b6,I had to delete both if either one of them had offensive or antagonizing.,5.0
P_1781996165257_y6fmv4mg1,6a035812df64d92aebcac08f,I wanted to remove anything that was disrespectful or demeaning towards the other side.,5.0
P_1781995850784_3fltxsih0,6a0715eb9939044eaaf87ba9,"Everyone has a right to free speech.  However, people should not be allowed to slander individuals or groups with hate speech. And people need to learn to voice their opinions without foul language.",4.0
P_1781995601696_f8vs29ad8,6412285c18716831333d53b3,If either post used foul or incendiary language I removed both.,7.0
P_1781996264686_5qsqacj0m,69dd60831fe37c2ff535082e,"I evaluated if there would be actual harm if one of the messages was allowed to be up, if not, I figured it is okay to be out.",7.0
P_1781995831257_zp9t1kebw,63fb73b8e64f455117b045b9,"My inclination is to allow most posts/comments and to remove as few as possible.  The main thing I looked at was tone and language used.  As long as post did not use dehumanizing language to refer to groups of people (I.e. as animals),racism, promote violence etc. I was willing to allow the post to remain visible.",6.0
P_1781995788311_eh4u8gmy8,651c2643ebbc43fca485ae24,"i tended to make my decision based on the level of violent inducing context and to a certain point, level of needless insults being thrown around by either side. especially depending on the context. considering the current political clime- anything condoning or encouraging violence on EITHER opposite political party should be stamped out asap.",1.0
P_1781995046236_iwhavtai0,6998229d6cf30ea09a08069b,There were alot of valid points being made. It was hard to find some of the statements not agreeable.,6.0
P_1781995974333_rkc38pjle,69b78b95e42803fac795d282,The construction and validity of each argument.Poorly voiced opinions on either side do not seem worthwhile debating,6.0
P_1781996365551_7apk93kl6,69bcf639f9ec872f3277e13f,"Honestly, I just went with the ones that weren't insulting others off the bat and were just trying to contribute to healthy conversation. There were some choices that did veer off into curses or being emotional, but thats part of conversation, too, and we won't be able to eliminate it all.",5.0
P_1781995878822_v2oln645g,5efa12cba7e3ee0b5bce95af,"If one of the post was misleading or just didn’t make sense for your average person then I got rid of two of them. If there was something that wasn’t obviously clear to a person who doesn’t follow politics. I also got rid of those. I don’t think there’s anything wrong with that with hearing a pussy view points, but sometimes there were pairs that sounded like they were on the same side for people who aren’t huge thinkers. I thought it was best to get rid of those.",6.0
P_1781996005705_o694uzh90,6a0a0d63836ca241909f4bc4,"I removed posts these were Bullying and Profane. I think respectful discourse is great, if it stays civil.",3.0
P_1781996554304_yaxr8y722,65c53b75226867aa5ea601a4,How people were expressing their opinions and looking for any violent content.,6.0
P_1781996037834_2bm34zgtq,5ce42b3454e33d001918923a,"I am anti-censorship. The term ""hate speech"" sounds like something out of Orwell's book 1984. I only said to remove both if the grammar was bad or the syntax was confusing or insulting took place.",4.0
P_1781996524647_3owobm2jk,6a00d96b190db7e5ec67cb89,"I read them both and with the exception of a couple of posts, I dont see anything wrong with them.  I may not agree but they are still free to say it",2.0
P_1781995875369_mcrs8zxy3,6a06dc12135cecc2bcf94568,"Points of View from the Right were consistently Calous and Disingenuous, an enduring trait of Conservative Parrots of Luciferian/Satanic Right Wing Talking Points!! Points of view from the Left were consistently based on Real Facts and Real Science and adherence to Christian Principles and the Constitution!!!",1.0
P_1781996220417_f4947cd40,69e5b57aa5b2d037028b8ada,"I tried to compare both by seeing whether or not they were just blatantly over the top or just flat out derogatory. Most of them weren't, but some were very radical which i hadn't accounted for. If things werent genuinely harmful or too radical, i usually would just let them slide.",5.0
P_1781996351820_tzudo3qoo,69833e5e0ef07386bb1f3dfe,"If there was harmful and inflammatory language, I eliminated both posts. I looked at both perspectives and in most cases, the pairs eliminated were extreme.",7.0
P_1781996187446_4q22o5zbl,6649f9d8ed4a6b0016a608d7,"I just tried to be fair, not biased.",5.0
P_1781996570772_j0qj8ylv6,69c8a1bdd7725c88b92422f6,I only really would remove them if any called for violence,1.0
P_1781996309568_mdx7w5xj9,69a9af7ef0f7db6fa7823ddf,"i tend to feel you like have to be permissive of everyone's opinions. unless the person is advocating some kind of crime, their perspective should not be censored.",1.0
P_1781996332194_89bhhi7hg,69a4bbfc3dacc1014256f93f,What was going through my mind is that both sides deserve free speech even if one side are more aggressive with their words they are just words and shouldn't be restricted. If someone mad threats or they say they are going to hurt someone or ask someone to hurt someone then that is different i think then they should be taken down but i didn't see any threats in the posts i saw so i think its just freedom of speech.,7.0
P_1781996367839_qhifysxe6,675758f40df8b09c8aa98ad0,Were these posts just opinions; were they hateful or threatening; expletives were not a reason to ban.,1.0
P_1781996927403_2qsrpn20a,69b795beef7e1fd1d436b8ae,If they were the same event or different events that could’ve been viewed in the same negative light by the opposing party,7.0
P_1781996530303_xm78qrr0s,6550ee8a52500c5c905f7d32,"in my mind, far is not aggressive  with insults or bad words, I will consider it valid opinion",5.0
P_1781996827062_nogg66f9z,6639047d6cee07457d9c13dc,Seeing both posts together helped me compare tone and ensure I judged them consistently based on policy rules rather than political viewpoint.,5.0
P_1781996813624_9lioscb7c,6a0e0a9490e868c044e21936,"I’m pretty sure I only rejected one pair because it was just crass but to be honest, unless posts are promoting violence and encouraging people to break the law, I believe in the first amendment.",1.0
P_1781997042591_nldiyc22s,698f863cc4d81018c3bcdacd,Felt like both sides should have a right to speak their opinion,4.0
P_1781996188139_xvaqxyzh7,6a2418f37b5fd0759b73b28f,"Honestly, I just thought that even though the opposite opinion is not aligned with mine, they are entitled to their own opinion.",7.0
P_1781996435889_ozpn6befk,69ba9f2448f79f78847542c3,"I didn't find hardly any of the posts to be DANGEROUSLY bad, and in need of removal. Most were simply expressing an opinion - and, considering our freedom of speech, we should be allowed to express basic opinions. I was looking for really inflammatory language, outrageous lies, or ""calls to action"".. and I wasn't seeing much of that.  Most of the posts were OK.",5.0
P_1781996270235_03r7yv6pn,5ed559e5afbd830e2117ed55,"I considered the words they were using, and if they were just trying to express their viewpoint, or if they were intentionally being crude and insulting.  If most of each post was well-stated and mostly objective, I chose to accept both.",6.0
P_1781997132849_bokkzagol,61393fe3b369fb340cf4f7f6,I made a decision based on what types of responses I would actually want to see on social media. Social media is usefull to express opinions but not to go further than that.,5.0
P_1781997122384_mafj6ts8x,60fd6618f9a377f54dcdf318,I wanted to allow most speech in to protect free speech.,3.0
P_1781997181032_k3cah7o1c,69f691ba56b53904428f1208,"Bad grammar, illogical thoughts, cursing, and unproductive mudslinging made me evaluate the posts in such a way as I did. Political discourse should be encouraged, but sometimes, a moderator is necessary as some of these comments are just going to start and unproductive argument. They aren't respectful.",2.0
P_1781996652311_zxiuw7cyw,647dde92d730823a9e5c7f0f,"Any comment that mentioned 'killing' someone was struck down. As someone who participates regularly in forums, I expect to read dissenting opinions. Calling people morons, imbeciles, fat while not okay, is not a contentious issue, in my view, particularly in this environment. But you cross the line when you take about death, death threats, assassination and the like. That kind of commentary is forbidden, no matter which party you're in favor of.",2.0
P_1781997394421_sk035bysv,69e7becc0fb0b43b87cd0bff,"First off, I am left-wing so my perspective is skewed towards that side of things. Despite that, I tried to keep an open mind mainly look out for posts that aren't constructive, contain swearing, or generally have a tone that dissuades actual conversations.",6.0
P_1781996938483_jl7a4288l,5d4252914733ca0018ff29d7,I only rejected if there was name calling or lots of foul language.,2.0
P_1781997293946_flnuxltie,69f0d56e96ee7a91bd89a56c,"i definitely saw more left wing than right.. It seem to be a little libral biased. Not a big deal. Mostly the one i said delete both had name calling and foul language,,, I have no problem with both liberal ideas and conservative ideas and a converstion to find solutions. What I don't want is more people killed like Charlie Kirk for simply engaging on conversation. And don't tell me it was hate speech   I've seen the unedited reels and he always gave people respecet",2.0
P_1781997475173_gzts3670t,6a163775df4b83413c11251c,Free speech is a protected right. The only time I said remove both was when they were inciting violence.,1.0
P_1781997450348_7wn7yx9ej,69a8cff018bead25e4a5d848,"I TRIED TO JUDGE THEM BOTH BY THE SAME STANDARD. I LOOKED AT WHETHER THE POSTS WERE NORMAL POLITICAL OPINION BASED CRITICISM OR WHETHER IT CROSSED INTO THREATS, VIOLENCE OR HARRASSMENT.",6.0
P_1781997460224_5vd9ilaj2,6941901cb6f5559514afe451,I tried to look for misinformation that would have negative consequences. This is worse than a random negative opinion. If one was misinformation it would be better for both to be removed than allow it to spread.,6.0
P_1781996825027_qqk08ktay,6a111eb106229d7de8e242d4,I personally believe in a liberal level of free speech as the United States runs on the idea of the first amendment protecting personal ideas and ideologies. The line is crossed when genuine disinformation is being spread about serious topics.,6.0
P_1781997499540_1fdubto5u,65556d0f12432ce8e2fb05df,"If I saw statements that were vulgar and used derogatory language, I got rid to it.",7.0
P_1781996311958_qrxl8ovdb,5c4ea7c3889752000156ddc5,I only really opted to delete posts that were inflammatory. The rest seemed fine,6.0
P_1781996805115_r42ii5rub,698a695910d23a1ff33405ed,I tried to think about whether any constructive discussion could follow after the viewpoints expressed.  If they had no basis or were overtly dramatic just trying to incite rater than help the marketplace of ideas I rejected them.  The chilling of free speech when moderation is too stict is to be avoided in my view.,4.0
P_1781997079095_w2zpmkffi,628d2ef4328c2523be26fba7,If the post posed a threat and used personal attacks that used profanity I felt it should not be allowed.,6.0
P_1781997624872_ol8y75g9r,660ab3521d6a9f36a3f0cb95,Foul and cursing language prompted me to ban those posts.,6.0
P_1781997780656_ehjkq70sa,6a0343022d967b76f24f7dcf,"While I don't agree with all of the statements, I accept the posters right to express their non-violent opinions. What I was looking for was any implied or encouraged threats of violence and then I would not hesitate to state the posts must be removed.",1.0
P_1781997926631_5o6a436no,674e8d89cc78a200ccd9a84b,thinking of how much trouble we are in if we keep going the way we are going.,4.0
P_1781998104430_bqlmmtfow,6a087e1e000567c7cc046ea5,"As long as there wasn't anything that would incite violence or something like that, I was inclined to allow both viewpoints to be shared.",4.0
P_1781997350847_8ix9jqyry,699a4a8f79aacc765320b689,"I focused on tone and language. If both posts were polite and did not use insults, I allowed them",6.0
P_1781998220622_dk8hd0sud,614e6f4f00a9e94b123316d3,Profanity and coarse language influenced my decisions. If there was genuine thought behind a post and it was somewhat civil language then I allowed it.,7.0
P_1781997640555_mumyoqe7i,6a07354629bf1576a6ae2538,"I considered whether the posts were contributing to a discussion or just trying to be inflammatory. Anything that I felt could further an open discussion I approved. But posts that were mostly name calling, purposefully imflamatory, or not adding anything substantial to furthering the discussion, I did not allow.",5.0
P_1781998065193_42ct5oc5l,646c323d73a3844a4331e09b,Political speech even if it is not exactly positive and some of the words may be course should be free of filtering,7.0
P_1781997953413_2k8mydubp,5a6b53f3e70ca900017ab75a,I evaluated whether they had any factual basis and debate/discusion value or were merely inflammatory and ill informed,6.0
P_1781998175861_8vhok53f2,6a23b62dde5edc5c3d84931e,I looked at how vulgar they were and if they were just opinions or threats.,6.0
P_1781997628552_27ly7te7p,6a2464508879c721ebe42c48,"We all have the right of free speech, but to take that speech and make it hateful and distasteful should not be allowed. Using curse works instead of taking the time to think of another word to use is not a good thing.",4.0
P_1781997790755_89jmi7pkj,69d5a79c766d47b67d6089fd,"I was thinking if I agreed to those statements or not. And if I agreed to one, then I don't think I have the right to remove the other opinion. If both opinions are harmful (racism, ablelism) then I will have them removed.",3.0
P_1781998406763_v80y0qddh,6a18bd70d8b3a65f327d3168,"Freedom of speech. For me, all is allowed except profanity",4.0
P_1781998014907_ddo3x10qd,6a21b83476f3670c25a5b12f,"I am not offended by listening to opposing views, and am interested in them. I wish they would be civil but in this day and age it is less likely. I draw hard line on call for violence, and damage of property.",4.0
P_1781998823994_0c3ki597a,6a20a8d9ad9d49f9ebfca505,"I was influenced by how probing each statement was for further discussion and opinion. If the statement contained vulgar language, they were immediately rejected.",7.0
P_1781998708574_zm6787zus,6954450649ff787dbe25893a,"I think that whatever side of the aisle you are on, you deserve to be represented and have a chance to intelligently speak about your views and why you support that opinion. It's called Freedom of Speech. Just because I don't agree with the other side, doesn't mean they should be silenced.",2.0
P_1781999022532_35rilazmw,678fc7994e8da312f0d6ebec,How crazy the statements were.,2.0
P_1781999283356_loq39791k,6a23eb295594e85c76d30c20,"Seeing both mirror posts was the whole reason I could focus on tone and substance rather than falling into partisan bias. Without the pair, I might have been swayed by my own leanings.",7.0
P_1781999150924_wjvwwki8m,607a7b7d300ce256f51706bd,At first when I was reading each post I was considering each one that might be offensive and something that I don't want my children to see. But then Midway I thought maybe this might be a social media content about political news probably more for adults.,1.0
P_1781998808345_0cnbm8u58,699552996b4c5ae8ffd12685,I didn't see anything (such as threats of violence) that necessitated limiting freedom of speech.,7.0
P_1781999018480_zoubu4kw0,6a06131e8a51806ce54f4e6d,i wanted to remove most posts but then its people's thoughts .. they deserve to be heard whether i'm offended about it or not..,2.0
P_1781998790133_7ts74mru9,653d1b8a4739d6bcfc9d9879,"if there was a point i foumd helpful, i allowed it. If there was something ignorant or harmful i would choose to delete it",7.0
P_1781999135073_dq7x4awbk,6a021fcaf708dee454465491,I didn't necessarily need to have all the curse words and foul language involved in the posts. I don't think that there is really any need for that you can get your point across whether you be Democratic or Republican liberal or conservative without having to lower your standards to using curse words.,6.0
P_1781998176596_xmpt9a8kl,6a100162e64cdf656bc0fc97,I was trying to figure out what would cause more harm: leaving both comments in or taking both comments out. I just hate it when misinformation gets into the echo-sphere of public opinion. This is the reason we are here.,7.0
P_1781999769654_1vw6800je,654180b5d949b32a76c3b5fe,focused on lanuguage and tone used,4.0
P_1781999211219_ile1sv3ij,66de057ab63a3138342ab763,"I feel that the posts reflected very closely along the lines of what someone leaning left or right would say. I must say that when cursing or what I felt to be too out of line came in to play, I felt both should not be use.",5.0
P_1781999946596_y9wshb4ut,6a11c01f474fd8fd8cc66108,"I thought that free speech shouldn’t be monetized no matter what views people have. None of the post were directly harming any group and people should be exposed to both political ideas to understand the perspective of others. However, the society we live in lacks critical thinking.",7.0
P_1781999672920_b3200mlz6,6a2162405a046be8b9d00810,The profain language automatically made me reject both arguements. While I may have agreed with one of the statements I did not agree with the other and therefor rejected both.,5.0
P_1781999762601_rymp0kxye,63e52f8ab3688f45f842114c,I based it off similar posts I have read in the past. And removed the ones that were absolutely egregious,7.0
P_1781999727071_xwnh3zbrm,6a1df961725b43e214d62fb9,If it was profane or endorsing violence it needs to be removed,5.0
P_1781999342666_02cvb35u4,6a24acd648d48ef912abfa34,"I did not interpret some of the posts as truly being a mirror of one another.  I allowed posts that strongly mirrored one another on opposing sides.  Some posts containing foul language.  As a moderator, I do not feel posts that contain the use of foul language should be supported so these posts were not allowed.",7.0
P_1782000097356_dkfmcin6m,6960340e2310ed07b133ff8c,I thoroughly read each one and made my decision based on my beliefs,4.0
P_1782000036434_eeu6ewtdk,66310ce555ff986b176b5279,I felt as If these posts were posts that I would actually engage in.They were about issues that I truly care about and so I found this survey very pleasing.,7.0
P_1782000424856_nsxsnxsus,6a20484598c739d1d691a6e7,"Anything that seemed even remotely threatening I denied posting. I thought about the right to free speech as well, I valued that highly.",5.0
P_1782000166680_waamjke1t,6a07363bc709378f1352588a,If the two were similar in any way,4.0
P_1781999986251_eney6yob1,663a826d5055c706ebfa03e9,"I felt that you will always have opposing views and different subject matter.  Even when you allow people to post their views, they should still be a respectful.  There is a way to say anything and everything and still make your point.",6.0
P_1782000612771_4nruefwwc,6a18a1f9c17b94bb6d879cd7,Whether each had the opposite viewpoint.,6.0
P_1782000810126_zzxinwshb,66329376a7a2bbf35693fb5a,I tried to single out ones I felt were actually no good at making a point. Ones I felt were negative and contributed nothing to a good discussion.,5.0
P_1782001008791_f63n3b774,5e916cb9e502b1498e8fc059,"The more graphic and offensive the statement, especially one containing profanity, the more likely I voted to remove it -- which happened in only a handful of instances, which tells me that I made the right call (as in, not voting to ban an opinion because you didn't happen to agree with it). So that's the way I took it.",4.0
P_1782000303514_ufnbp61ml,69a76306cbd439e44eae56de,"I focused on whether the posts crossed the line into harassment, threats, or harmful behavior rather than whether I agreed with the political viewpoint being expressed. Seeing both versions side by side helped me evaluated them consistently and apply the same standard to each perspective. I tried to judge the tone, language, and potential impact on discussion rather than the political position itself. My decisions were based on fairness, consistency, and whether the content contributed to or harmed productive political conversation.",5.0
P_1782000936017_gyfer4123,6756558ea22ec5575ec8cae4,"I focused on keeping a level playing field for both political sides. If a topic was just standard policy debate or harsh criticism of famous politicians, I allowed both. I only chose to remove them when the language became too vulgar, toxic, or used historical Nazi analogies, because that crosses the line into destroying any chance of a normal discussion.",7.0
P_1782000963653_0hrhcgcn3,6570b08c58d63e7508f01281,"I was interested in whether they made good points in their views, in reasonable language, rather than name calling and fear mongering.",6.0
P_1782000942196_oxd018uyx,666cdc2072f7b0d9c7be6dbf,Some of them was not too believable and other had filthy language that didn't need to be seen by other people.,5.0
P_1782001480283_cfj85mixf,69c3ec1365c49fe3c120b56b,"The only thing that majorly influenced my decision was the posts with a lot of cursing....we do have freedom of speech and people should be able to say whatever so we know what kind of person they are, but the norms are to not allow the cursing.",7.0
P_1782000523967_mge10rrw4,66d7baa8f152fec7cd93e0b0,I was trying to be fair and allow both posts.  I centr like i didn't allow the more extreme posts.,6.0
P_1782001239416_9xhi9npbs,6711c5c38dd763e6c1300270,What influenced me on whether to remove or keep the posts was whether they contained curse words and things of that nature,5.0
P_1782001381040_umq42r8as,69fa5cc5c4a2f0c280b8da57,"I believe in free speech. I disagree that some of the language is appropriate, especially the particularly foul cursing. But I won't squash people's right to speak what they believe. I don't believe in censorship unless it is actually inciting people to violence and that can be shown.",1.0
P_1782000568475_s5k19c9ek,5e059d2bb1fb05fd1f841142,"I looked at a couple of things. I liked the ideas to be something that could lead to a debate on an issue. I didn't think debating the success of Fox News and MSNBC was a real issue worthy of arguing over. I liked the issues to be the same and presented in a way that made what would be argued over was clear. Not something like general like Biden sucked, no Trump sucks, that doesn't seem to be a discussion that really matters now.",5.0
P_1782000712711_zxam8wg3y,69fcff957d12da1a8cc4bbca,"Seeing that I believe division is harming the nation, I tried to eliminate comments leaning towards  language that divides.",6.0
P_1782001443331_a93pe9tns,6631b5852e5e748863ca2c4c,There were no direct threats of physical violence. I only flagged one for suggested profanity.,7.0
P_1782002069577_eyyyank7a,5fb20e46d0a8cd773c8a9fbd,"I generally try to remove any comments that feels like Ad-Hoc attacks towards the other side and any overtly emotional posts, but that's politics nowadays and I guess if I remove them all there's be nothing left...",6.0
P_1782001845918_2pmx6cf5f,6a0de3943dcb756775892ffc,"I was getting both points of view when I was completing this study; I tried to understand both parts. I felt it was very political. Everyone is entitled to their opinions, but they should be limited in some respects.",4.0
P_1782001449256_jf6uu32wx,69a63d3e9ea9ba7c05d2083f,"I am okay with profanity, but misinformation and not making a valid point is not okay.",4.0
P_1782001861227_e3p1rjvzf,69acf86d93afc119933913e5,"What influenced me was the tone of the messages. Some just felt more wrong and saying stuff that isn't correct. I thought most of them were fine because they were exact opposite views, which is fine because there are always two sides.",7.0
P_1782002018602_oba666zme,69fe244fcc885283ac2f292c,People have the right of freedom of speech as long as it isn't inciting or encouraging violence.  Most of the pairs were just typical political statements using common language from each side.  The ones that were selected to remove were difficult to understand or I felt may incite someone to violence.,4.0
P_1782002752209_f1ajnn63g,69da084da1cac15b9356183e,I just allowed everything as I felt everyone should be able to express their opinion even if I disagree with it.,4.0
P_1782002768982_juv7kgwrw,69fe12a3cbb83e4d288a6082,I was thinking about instances I have seen people interact on social media and how things are generally moderated. I was also thinking about how bad people generally talk on social media and how even the worst content here was still roughly in the realm of acceptable discussion. I didn't see any direct threats or trolling that was beyond what happens in a relatively rowdy forum. Overall the messages were roughly acceptable enough to not lead to me removing posts.,2.0
P_1781953632248_glqm2wltq,5c0fcccc1f6f150001487111,"Hate speech should be removed no matter what.  If the content was simply giving an opinion, then  it should be allowed as long as there is nothing hateful.",5.0
P_1782002894773_yynoignxk,69bc80761f4860624dae6486,I was making sure the language wasn't vulgar or offensive. I also looked for valid points of view for debate not just random opinions l.,1.0
P_1782002790827_d1b6q06dl,65c18c789a79785086046517,My default position is leave them all up unless they are profane or promote violence. I only voted to remove one pair because of profanity from both sides.,2.0
P_1782002792288_dyhwrhq4l,69f26f1f4601945f3ea2e8f3,"i based it on the mirror effect and went with that, anything that had foul language i removed",7.0
P_1782002954251_wsi2uvs67,6a0a210c24949a5121d6d9a9,If i felt it was a personal attack I removed it.,5.0
P_1782002990303_73bqyxcwh,69e00e9bf8958f30277bc6c4,I really didn't see anything offensive or hateful other than the two posts filled with profanity and even those weren't as bad as some social media posts I've seen. Both posts seemed valid when taken from the opposing party point of view and there's nothing wrong at all with voicing your opinions. Obviously comments can get ugly when conversations descend into name calling but there was nothing too incendiary about what you presented.,2.0
P_1782003160088_dhbi6gcqe,69a7706a2ccb55cdae6f5853,The criteria I used was whether the content provided was either for the most part hateful or spread misinformation that could be dangerous and have effects outside of the forums.,6.0
P_1782003111266_d2mupk51c,6a07dfb4727523db067b0f1e,I tried to make sure they were mirror images and balanced.,7.0
P_1782003200891_l456d8c24,69b450ed7d09dad9d3d7f3ca,Personally I feel like both sides should get a chance to speak there peace I let every single one through because it doesn't really make any sense that a political app should be policing or even moderating opinions so long as people aren't saying genuinely heinous and hateful things everyone has a right to talk about politics left or right,2.0
P_1782002946915_vrva51kuy,6680b0a6795f8dc229379b22,"The main deciding factor was whether there was targeted hateful ""name-calling"".",3.0
P_1782002848278_5cg2or3ox,69f3b83fb3f7d622600e0639,"I noticed that the posts were very negative, and used a lot of unnecessary cuss words.
I chose to reject most of the posts because of the negativity and cuss words alone.",4.0
P_1782002110183_bto9dcgrz,6a22156d005c07380683ec2c,"I just tried to decide if the subject being discussed was something that should be put out for public discussion without causing a great deal of conflict and nonsense. I did not like the vulgarity and cusing on some posts, so I did not choose them, as I did not feel that should be on public spaces as well, but that was just my personal opinion.",6.0
P_1782003100157_dkhi2ofls,5bb9ae8030952800014626ee,When I felt it should not be put on a social site,4.0
P_1782002958702_zv98nbf44,69fa322a228be7921ecb5028,If felt that one was in alignmment with the other I would post. If felt they were combative I would not post,6.0
P_1782003070196_22bhfdvc9,6a1620e5de0a62f59138c5d7,"I tried to see if these statements made sense putting myself in the head of a Democrat and republican, but eliminated those that I thought were false and could harm the readers.",6.0
P_1782003038740_09qlniojh,67b7e9b5ddacf5de163b3e25,"free speech is still free speech, no matter who spouts it, its up to the reader overall to react to the speech. but that speech should not spout hateful or use foul language to make a point, they make dictionary's for a reason, find other words that can convey your thoughts then being foul mouthed. we use to make people watch their language in front of kids, we can see how that has played out over the years",1.0
P_1782003651445_a43go78gn,650072ae8de93bfe76ee318d,It did not matter if I agreed with either position.  I rejected any that used bad language or hateful language. Other than that I judged it based on free-speech principles.,1.0
P_1782004140775_1zv20qlaf,69f4ca1af79e74819d803705,I allowed all of the posts because of the first amendment.,1.0
P_1782003694767_6y6lcpgfx,69a9ce9ea905d441b1303af6,If a statement was inflammatory against my position I tended to remove both posts.,5.0
P_1782003834319_rk5slu1ad,69fcd00cf3b046a2f2c67cca,These comments were for a political discusion site so I thougth most of them were okay (not nice) but free speech. But I thought there has to be a line somewhere when the post are just vulgar to be vulgar and over the top trying to prove their point.,6.0
P_1782003523101_j2qckh8yt,6a1231c717fecee588a877f9,"The name-calling, profanity, and unsubstantiated claims prompted the suggestion of the removal of some posts. I recommended that posts be allowed to stand when the discussion was civil. I would support a political social media platform when discussions are civil and facts are checked.",7.0
P_1782004421725_0vzq9hhep,67217c9b294edb50f005d264,I was generally trying to see how informative versus opinionated each post was and if it made sense.,6.0
P_1782004672022_uv8wh7xzq,64d50e1ad5a5d6c6fb9fb493,I believe in free speech.  I didn't agree with most of what was written but free speech gives people right to say what they want.,4.0
P_1782004617080_9mh86ann0,69caa6417f29a0269b2c7888,"What influenced my decision to allow or not, was whether the post contributed something to a conversation or not. If it was just rhetoric or laden with insults, I would not alow it. Otherwise, whether I agree or disagree, if it has a valid point, I allowed it.",2.0
P_1782004261390_8vikb1xc3,6a13717e53a49552cfa792e7,"Some of the statements were simply ""Freedom of Speech"" where others were outright false statements and mis-information.",4.0
P_1782005023637_aodzspnet,6471243669fd3f43501ed674,"I am quite the free speech absolutist. I allowed almost every post, except when they were attacking, or seemed just reacting from a bad place, not a thoughtful one.",7.0
P_1782004456788_ln5b78upk,61536cd5842e5b40639fa99b,"Keeping freedom of speech and everybody has a right to speak in mind I blocked what I considered offensive, mean, and/or adds nothing to the discussion.",7.0
P_1782005197233_w5ucs8oyn,6a19079fae0335a0e7589ea8,Some of the posts are very rude and judgmental.,1.0
P_1782004710568_la0605ahc,5f5bac39ce8ed832aa378a53,Everyone has a right to their opinion. But I stop at virtual pornography or open personal attacks. Even extremists have their right to speak; and remembering films made by the Nazi party in the 1930's then grabbed and shown verbatim on American movie screens was the best demonstator of their dangerous policies.,1.0
P_1782004258405_r0ocziztu,653e81521c3ca9c478fdebc0,I was trying to be equal. I tried putting myself on the republican side as well. Vulgar language is not necessary to make a point.,6.0
P_1782004630437_jok4kplhd,6a12800b55ea89378ea5bcd0,"When someone saw it, and felt negative about it.",6.0
P_1782005199188_lj960blbi,675cf75e3c237ff931f4a43e,"I was thinking that our Constitution protects freedom of speech. However offensive I found the posts, I am really to let it stand as long as it doesn't promote violence.",1.0
P_1782004798756_a5of42dyo,66b0090537df317442571541,"I was thinking in essence I beleive in free speech, though I found some of the posts offensive and pointless I still beleive people have the right to post it. if that's how they think thats's how they think. They still should be part of the conversation. Often the first step in altering your beliefs is being introduced to new ones. Yes intialy the person may push back but it's hard to unheard or unread something, eventually it may make a difference in there way they think.",5.0
P_1782004653931_kzdlli9rk,6566391df297b5d5a039e4e5,The goal here was to pick whether these posts had the potential to a healthy conversation in which I reflected on what I would say if I were part of the conversation.,6.0
P_1782004980558_gspr53zf6,6a0a45a227f9f15c25e4fe2c,"I believe in freedom of speech and opinions, but I don't want misinformation. Anytime there is a non verifiable statistic I'd remove it.",1.0
P_1782005431969_0yxrv5mt7,69e69c58abb0c13563958984,"My first thought was not allowing cussing or offensive language. Those I didn’t allow. Others had tough messages, but I felt they welcomed open dialogue.",6.0
P_1782005480579_cfeavl0p4,69e109dca34c9d73c2aada82,you can't delete one post. they are both freedom of speech with no threats,5.0
P_1782005860142_3uj5ca0hh,694480d4ed406ecf03932da1,"I know that everyone is entitled to their opinion, but I choose not to use swear words that’s the way I’ve been grown-up. Practice what you preach.",4.0
P_1782005882885_st56vwjgw,6553953daddeb31f9794b59c,If the statement furthers conversation without being offensive in a personal sense or derogatory.,5.0
P_1782005960118_qfm6lweul,696910f388c9799b6a6ae6bf,"I am generally disinclined to take down posts, even if they use insensitive language. Only if the posts were extremely demeaning and degrading and appeared to border on hate speech did I think it should be taken down.",2.0
P_1782005014786_jlpbz8pwt,6a1c856db985f3c0afe4bd4e,"There wasn't much that influenced my decisions, I am Republican, it doesnt matter what liberals say or do.",4.0
P_1782005358574_vpy7e1fdr,6a2d61fa7ce344c52c0b84a7,"I was trying to determine if it was a lie or a fax could back it up. That's what I was trying to do. It was really hard and then also if it's just downright mean, I would take it off cause I'm sick and tired of people being disrespectful and how they speak to each other and I think I might be wrong. I took all the ones off with cuss words I'm not sure.",5.0
P_1782006061306_l0q23xaas,69c0b27780f40142b3ba0140,When read them I made sure nothing was said that was threathing to anyones life or extremely racist. Most of the post were just people with there own opinions and we cannot just delete post because someone has a different opinion. As long as no hard or threats are being made go ahead and share your thoughts.,7.0
P_1782005941966_ug9ygb0q4,69fd33c2fe35f67fdfe68cf5,Some of what was going through my mind some of what was shown was ridiculous and it took a minute to make my decision,5.0
P_1782006171530_joksyrrkm,63671bfc81a5eca4218b6417,"As long as they were expressing ideas, I don't mind some vitriol and profanity in the language. I only rejected ones that made personal attacks.",2.0
P_1782005821755_to4nnk3v6,69c5b37dd95490c96b841d36,Seeing both posts helped me compare them for consistency but i mainly focused on the content itself. Posts containing offensive language were rejected regardless of political viewpoint being expressed,6.0
P_1782007425084_s76kawsl4,6a048e2418b5810946a30883,"wording, language and reasoed discourse",3.0
P_1782007607025_ctteoteeu,6a02a3d567b030856033eb52,"As I made those decisions, I focused on whether each post adhered to the same objective rules, like avoiding hate speech, misinformation, and personal attacks",4.0
P_1782008114287_53booj3b4,5ba78b71d60daf0001532d5b,I wanted to err on the side of not censoring posts,2.0
P_1782007859656_gdet9amdw,673be3c4a9dcb6065372c8c4,The mirror image of the argument from the opposite perspective.,6.0
P_1782008043107_3gjibhqhc,698b97e72028c5af046888aa,"Since I had to make a joint decision based on both, I decided that if one post was too extreme or threatening and the other was somewhat as well, regardless of their perspectives, both posts would be removed.",1.0
P_1782008187817_ep32ll4j4,69c2e29866b58b9263d65a31,I judged them by fairness as much as possible and by if they weren’t vulgar.,7.0
P_1782009232934_69948k759,6a0b509043e89ae993390bfa,I tried to stay as unbiased as possible as I think that is how any website/app that discusses politics should be moderated. Any posts that I thought might've been more about attacking the other side and disrupting actual discussion is what I let be my deciding factor on removing posts.,3.0
P_1782009075106_553bexan9,6a0c05555c4c8cd61e3559c8,I wanted to remove posts that were going to cause harm on both sides and more violence. As well as removing anything that could be interpreted wrong or as misinformation.,7.0
P_1782009444941_fchhwqhxm,6a1fd8bf54e13fdf7f065a2d,The premise was that the platform was supposed to promote political discussion. Generally I tried to remove posts that would result in shit slinging instead of discussion.,4.0
P_1782009735116_4ucnllqna,654c3e0ae0f0b00bf736b0bc,"The decision was easy, fair is fair.  I don’t agree with certain statements but I don’t control how others think.  I am not changing my convictions because others don’t agree with Othman   So  I was not swayed.",1.0
P_1782009948641_gqwpol9fl,66c2b602e7a0c85a5b0a2c0e,Learning from both sides and taking into consideration and deciding to what best fits the way I feel for certain things.,4.0
P_1782010542863_35uuhwjks,549ba715fdf99b4ff969eed4,Influenced by what good it would do for the world as a whole.,5.0
P_1782010011242_f9v3jw2s4,6a00c6d45d42afbafa507af5,I wanted understand how much will be constitutional right to speak/express ones opinion and how much are just inconsiderate/ignorant rant among these posts.  I am moderate tendency in political matter but little bit strict  in economic/social area. So had think over the choices and the platforms should represent both side of ideas.,4.0
P_1782011014873_olgksvcdc,66c2c06dce0419ad6b6f939d,I was just thinking to stay neutral and not lean to the left or right when deciding whether I should remove both or allow both,3.0
P_1782010602227_k1uvuaq9k,681d577c9877f9db23fe026e,IT WAS INTERESTING AND GOOD TO SEE BOTH AT THE SAME TIME AND HELPED ME MAKE A DECISION,6.0
P_1782011671412_l1fs9itun,66045766d7ff23576a9de1ca,"To begin with, language - fould language isn't necessary if your argument is strong. In addition, some had misspellings, grammar issues, and were just awkward.",4.0
P_1782011123509_9zv8cbhbr,6a188a1b05143d75dc5ced55,Just seeing how both sides of a political bs. Decisions pretty straightforward.Just look at the last presidency. It's all a huge joke. Why even try to vote,4.0
P_1782011900229_8yuom27i5,67c672c39f816ccbef03c1e5,I am a conservative so I was leaning more right but I decided that to be fair I had to remove both parties views.,4.0
P_1782012833531_o9upxflw4,69ed95ce8a53943c3afb2c11,"If it was inappropriate,used cuss words and hate I deleted both",7.0
P_1782012401840_svym46p7n,6a1b8f13f9fd11ea4b20a709,"no matter which side of left or right, as American , we should work together to solve our problems instead to crate hateful and confusions.",2.0
P_1782013589597_x3ox94dfm,65cf6d7853481e8eca326136,My main thought as I read each one was that freedom of speech is real.,1.0
P_1782013742740_njvdts2y1,69dd3c5cd68f97a27df4ed33,"I judged based on how offended I was by the intent, the language, and whether or not it attacked an individual or group. I was more lenient with political figures.",6.0
P_1782014921058_qt7o3ikzf,699c15e9fff779333fe1e1f0,How fair the statements are. I also evaluated the curse words. I think those were unnecessary.,4.0
P_1782015983757_j61sa1lvx,64612f00fdece40fa7d7d315,I want to read posts that very clean and appropriate.,5.0
P_1782016475558_quwljfsct,695f92bad900ff02f001fd06,I kinda just decided what sounded a bit too extreme or like it was spreading false claims and went from there. It was a lot harder than I thought it would be. Also thought of anything that hated on my stance on something,5.0
P_1782016049401_v7ejuezk4,6a10017d2a1ff27d8c30a1e8,"I had an aversion to extreme statements, usually pose as diametrically opposed and mutually exclusive, rather than simple statements of opinion. The latter naturally lean towards one of 2 ends of the simplistic ""spectrum."" Yet the latter were still fair expressions of individual sentiments, colored by experience",3.0
P_1782016492420_rhj9brp5v,66ddcc95063d8d8ab885fac2,"I was thinking about whether the comments are respectful without any insults. If they had insults I would not accept it. If they had respectful writing without any disturbances, then I would accept it.",5.0
P_1782018508431_bxchwokqa,69fa994c63fa0b07b2cf0ce7,i was making sure i read everyone of the content before making my decision whether to leave it or remove it,7.0
P_1782018232807_k125r3iot,69ee63b99017eba5da8a71d9,Both views are totally wrong,1.0
P_1782019569397_8z207r0eo,69c95cb29bdf181e9f2c99ed,As I was making decisions I was thinking about the consequences of what was being written and if it fell into the category of free speech. As I was making decisions I also weighed both responses against each other to decide whether to keep both or remove both.,6.0
P_1782019834955_zro4af6ls,6a1b896f7446d6eaf6fde1ac,I looked at each post to see if there was any call to action of violence or harm.,6.0
P_1782020418705_hbl4semma,647c65c5acb91c89819c7970,I thought it was very similar to real conversations and accusations. Sometimes the two sides stay on topic but other times they will purposefully take contradictory stances with similar attack lines but using different topics in the same thread. This all looked like what is found on social media and I don't think anyone crossed the line. Some were rude and accusatory but that should be allowed in an online debate.,7.0
P_1782020443489_vhvj03hxe,6a1fbdb2a8e5ade1c900ae66,"Some of these sounded ""to extreme right to even post"" and felt to influential or not appropriate to post, so I would just remove both.",7.0
P_1782020064449_4jhsv4uqx,5c804f4092ad770015846011,Hard to evaluate if you can't choose one topic not just comparing. It's all lies a right wing hate.,2.0
P_1782021877060_n0chk1115,69f8f530d7ad972bc36ee820,"When I was deciding if the statements were to be rejected or kept, I kept in mind if the statements were dangerous. I do believe in free speech, but I believe there are conquences as well. Most statements were not harmful in and of themselves. Of course, with any rhetoric, there is a chance that people can take things too far. However, we should not censor statements that are not dangerous or harmful.",4.0
P_1782023132214_0epdgnmar,614e32cf6eacf837eb9d5c48,In general I do support the concept of free speech. But speech that is inherently dangerous or clearly obscene should not be allowed in a public space.,2.0
P_1782024251153_3cnkik63c,65d0c20e1566a1ad19af6d16,What influenced my decision was the angry language used in the arguments. I felt it wasn't a respectful tone at all,7.0
P_1782025064345_dvo1598e3,610813ebfdb1b78559fb1ff9,If they seemed inflammatory.,6.0
P_1782025152517_62nlh6hcd,69c0b946745be5b246026549,"If both seemed fair and too far fetched, I'd say allow both. All of the posts were pretty straight forward but I just made what I thought weas honest judgment.",4.0
P_1782025443976_rl0bdwfsn,6a15f3c9d58fe00859cee061,Sometimes hard to balance the views with appropriate language,4.0
P_1782025539176_btw6uc559,6a0257f20dcbd7b9f7e59057,Some pairs are obviously reinstated the other statement.,6.0
P_1782026185597_q2g2nfyp2,5fb41cbb6ab13204137b931e,"I was deciding if it was about real dialogue, some were hating Trump, and Biden.  We have to represent both sides.",4.0
P_1782026475424_u59wnkotc,6581e8d0b24f79a07587ec96,Some of them were just too bizarre and false that what influenced me mostly other than that I thought 6065% or pretty accurate.,7.0
P_1782028070267_7dp2683t7,69fe6311b620e1467c3bc91d,It was an actual cohesive thought rather than a foul language rant based on odd accusations.,5.0
P_1782030305457_18l4mg58g,6a00e5c742fc46e3c8b29813,none,6.0
P_1782039907051_dpbpgpqwb,5d8a64630ffb9c001746ca2c,"I was pretty open to anything that was said. If it contained profanity or threats, I tended to remove.",7.0
P_1782040252448_bemjt91wn,6a0b7bf1fcf75e5728de584d,i consciously compared how different political biases framed the exact same issue. Seeing both sides simultaneously made me focus on objective content moderation standards rather than personal alignment,6.0
P_1782043259564_f2cnlirdw,6a19a4c2744490f784b42d79,"The language used influenced my decision. When a good post is going online, it shouldn't contain any vulgar languages and doesn't have much meaning.",5.0
P_1782044882100_esfo79uuo,69c211af07c45b87f3d2d262,This was a great and simple task,7.0
P_1782045676636_w8g4csfqm,645269ca4dbfd65cfe757a4b,"I weighed in the context. If it is too violent or personal attacks without justification, I voted to remove them.",1.0
P_1782045644433_a8muor1rz,69d9b96f2be393d5367687b4,"I focused on whether each post was respectful and fact-based, rather than which side it took. Seeing both versions helped me be more consistent and fair, because i could sheck if i was judging similar language the same way regardless of the political stance",6.0
P_1782045911295_oxnjs32zu,6a1696badf753256d7166f30,"I just based it on my personal beliefs. If I see something I don't agree with, I just get rid of both.",6.0
P_1782052720794_4svdi26w9,60fd8ef5bc3a791f46ebeed8,I would keep both posts if at least one of them was moving the conversation forward. There are way too many who just want to argue and insult each other.,7.0
P_1782055083529_vjseuf093,66fdd81f708d36dbc86f85be,I evaluated if both statements had valid points or just biased opinions,5.0
P_1782059305456_13q1uvgva,6983239b4b6daffd49b684e7,Weather it was too explicit in language or mindgaming too much.,6.0
P_1782062080861_rxhhmdspy,69a082bc2e507d6fc6d5f1fc,well the first thing I checked was langauge and if it was hurtful or just simply being an opinion. i also picked the less agressive pairs because people have died and been canceled over politics so I dont think we should create another way of people getting hurt,4.0
P_1782063013540_so2ctq4m2,671d3d7670c13868fc01e5f6,"Basically, the sentences written were MOSTLY from both liberals as well as conservatives. There were a lot of things both parties disagree on, or just want to make the other out to be the bad guy",1.0
P_1782070792731_dlzwzcokl,69cadc18fa2106712c20703b,I looked for posts that were not negative or attacking and that would benefit from a more lengthy conversation.,5.0
P_1782071502478_g8af2kq6x,6a22d2e6caddc0e6fe6158e0,"I focused mainly on whether the post contributed to political discussion or crossed a line into harmful content such as threats, harassment or incitement.",6.0
P_1782073787873_9sib4p1jg,681147d617bd20de1eb18284,I was trying to figure out. Did I have issues with the whole sentence or both options? Are one option,4.0
P_1782074014430_gbns40px5,69fa2e6fe65f0d8f5c7cc923,Just tried my possible best not to be biased,6.0
P_1782083399122_1qf56s0rp,5e542a0c4b7e8c42fafa7216,"Free speech is my main concern.  Even though I don't agree with half the posts, they have the right to be seen and heard.  If the posts are legal in their jurisdictions, they stay up.  Only obscene, clearly illegal posts should be taken down.",7.0
P_1782088159241_6oy8446vk,5996dbbc05a0e30001f1fd4a,profanity and agressive discussion is not a good manner to get your point across,5.0
P_1782087681783_ywjlsn8ho,66520601406d304df09781e2,I was concerned about extreme views and actions being expressed.,7.0
P_1782093151607_3vcpm2cmn,6598ad7d742e25b376094227,I tried to think less about the arguments and more about intent. Did they serve a meaningful purpose or lean towards simple venting? Was respect given?,5.0
P_1782094288316_5nszf4tzu,6598ad7d742e25b376094227,"Mutual respect. Was intent more important than just venting? How thought-provoking were the ideas, giving them value?",5.0
P_1782132890060_jdcoc3pbt,69a1a6786c969475b1add3c5,"Was putting them together to see how they were the same, but different",7.0
P_1782143869964_38nd5v43a,69a7b8cbb4cc80a618bc2ee7,As long as it wasn’t vulgar or threat no reason it shouldn’t be available. That’s why their is freedom of speech,4.0
P_1782144704140_qu022jd5m,6965b1225ab6fdb331560713,"in general i let the majority be posted because opinions itself weren't bad. I disallowed if there was any crazy language or something that could incite violence. even though the viewpoints were polar opposites, they were usually fair both ways.",4.0
P_1782150214066_chjkykoun,66c12ba3b0a2251d78157cb9,I was thinking about profanity and inciting violence vs discussing and opening civil conversation.  I was influenced by profanity and name calling. I like the ones asking for feed back or follow for more.,4.0
P_1782153118416_r5z96vjj7,6721223f5043128958f50fc5,"I viewed the posts against each other to view whether they mirrored the other, so as to present balanced points of view. If I didn't think this mirroring occurred, I removed both posts.",4.0
P_1782158148061_awrfjyoca,6a25a76887149aa14c181ae9,I was trying to be reralstic,3.0
P_1782161285766_kif53bnqk,6770579b7d8d56466844fb24,"I was trying to think when I or someone else spoke to me or I them with such disgust, but I have heard in in social networks, news etc., I had to think of how those in these situation have to act to not be seen as weak.",6.0
P_1782165282476_6j9v807yn,6a18e68b0f68a553ca4574ca,"Like when people  express their ideas and voice their nicer  we are all open to bew ideas  would likely. To know mew.  Also if we are doing things right. , should be done more but  without. The insults , bame calling, there when you voice. Fades ,  your point don’t reach keep I. Covid keep it clean",5.0
P_1782174048669_nzx1zb1og,69992aab389984613c79887c,"I read a few that were on the verge of inciting violence, however, there were no threats and I thought about freedom of speech. I'm OK with that and people can say their opinion, but if they're inciting violence against specific people than that a problem and I would've said to delete those posts. It was hard to make a single joint decision on both posts because I technically opposed one of them.",7.0
P_1782183442995_2dujem1p6,656e0e6016e7aa83f7ee3d4e,Whether or not they contained insults.,6.0
P_1782186743295_0ufa9hw65,671ba62079a3bbabdcfa4ff0,not one post made any statement to harm.  some were farfetched and sounded ridiculous.  i tried to keep an open mind and not play favorites,6.0
P_1782200429789_xktkv2rm1,676304090a753e547d3c0172,i was putting myself in this situations and seeing if i would be okay with it if the conversations were going on while i was there,6.0
