message_id,original_text,mirror_text,decision,keep_remove_label,n_raters
bluesky_06942b8a322fe345f19cf2e996397310309f0fea816b57edf59b9285cd33344c,"you REALLY haven’t paid any attention to the past 400 years if you think black women’s rights aren’t the very fucking first rights to be taken

put down the games and pick up a fucking history book, especially before you demonstrate your ignorance in a black woman’s mentions.","you REALLY haven't paid any attention to the past 50 years if you think religious conservatives' rights aren't the very fucking first ones the left tries to erase

put down the CNN and pick up a fucking history book, especially before you demonstrate your ignorance in a conservative's mentions.",remove,1,3
bluesky_0bd24d995926c0a58ee7129aa11cb44919170f35e9d51c137745334333c17cd7,Conservative Christians are on the side of the capitalist class or billionaires and should be physically fought. #communism #socialism,Radical leftists are on the side of the globalist elites and government tyrants and should be physically fought. #MAGA #freedom,remove,1,5
bluesky_0e2b250b7296b6665553ddf1e062f4c9f74fa6d2022a67e57bdcb02ede10f4c6,"Fuck this entitled GOP raised asshole.

The day he's a force in the fight for gun control will be the first day since he kisses up to nothing but entitled white men who have no issue with guns at all (see Bernie and the Nazi).","Fuck this smug DNC-groomed hypocrite. The day he actually fights for the Second Amendment will be the first day, since he's been kissing up to nothing but coastal elites and radical activists who want to strip law-abiding citizens of their rights entirely (see AOC and her defund-the-police crowd).",remove,1,5
bluesky_0e8a5a0e2e218f117502ba8bb6c697977992905462970a1c2c0773a22ea2888c,"Woke, DEI, social justice, critical race theory, politically correct, civil rights, restorative justice, reparations...

Just use the hard R, this is taking forever","MAGA, Christian nationalism, originalism, states' rights, traditional values, heritage, America First, constitutional conservatism...

Just say white supremacy, this is taking forever",remove,1,5
bluesky_1383519c26b38f1762cdc7ad27a9a06cb33809ab01ea8af717d528291b7f2ac3,genuinely genuinely!!! motherfuckers voted for gun rights above all else and still can't hit the broad side of the fucking barn!!,genuinely genuinely!!! motherfuckers voted for gun control above all else and still can't keep a single criminal from getting a weapon!!,remove,1,3
bluesky_1ca07d766d8c38ac1b24a06cc414ed333a78a64db014b672e014a57958695184,"She doesn’t have a brain to think with. She’s a devout eater of Trump farts. 

Such an embarrassment to my state.",He doesn't have a brain to think with. He's a devout worshipper of whatever radical leftist nonsense CNN spews. Such an embarrassment to my state.,remove,1,4
bluesky_23995952a65f0f11e719fed6a7f1a1900726fd9309800ebe5ac6705d5eb5b703,Republicans will never be an honest decent party with integrity generosity and warmth – it's all about cold hard cash and quite a bit about raping children!,"Democrats will never be an honest decent party with integrity, generosity, and warmth – it's all about grasping for power and quite a bit about exploiting the vulnerable!",remove,1,5
bluesky_2c053efc5c7730eb79ebcc0145213115b759ac2f7a8dba05279ca8dc05bb31b9,Saw this coming. Erica is a part of the MAGA cult. She can go straight to hell along with the brainworm dude.,Called it from a mile away. Chad is a full-on woke zealot. He can go straight to hell along with the rest of the radical left squad.,remove,1,4
bluesky_32ec9d3a800025e5fd14580ccff16e48c3faeb312e9d366387b71b32bbf22bd9,"The Trump gun ban has been on the cards since the start. Recruit the gun nuts into ICE and then break the legs of the 2nd amendment.

Tyranny achieved.","The Biden/Harris ammo grab was always the endgame. Flood the streets with illegals and then gut every last constitutional protection Americans have left.

Tyranny achieved.",remove,1,3
bluesky_381f0c5af5b7aead156fe2a59e23e4825cf3cec4592fc4cbc3a192414320f55e,"Excuse me, are you trying to do something to alleviate the suffering we've imposed on you through our slobbery fealty to the fossil fuels industry?","Excuse me, are you trying to do something to keep energy affordable for working families instead of bankrupting them with your green fantasy mandates?",remove,1,3
bluesky_3a30a01ee9179cc6aaa7dd1f9e10cbced537e31beacd680a69d6fb521230be7b,So before we get rid of the fake science of White Supremacy and Eugenics is in vogue we should probably bring back enforced sterilization of mental defectives and moral degenerates like the Trump Klan and his Cabinet ASAP.,"So before we cancel so-called 'toxic masculinity' and DEI pseudoscience, maybe we should talk about forcibly re-educating every woke progressive and their handlers in the Biden crime family who've been mentally corrupting this country for years.",remove,1,4
bluesky_3ab295ab40187b982342aff02cad1d6f52d0e8cfb21480fc3fc0b3f0debb3387,"Fuck SCOTUS.

When Trump dies we need to make sure the final thing he ever sees is his precious Ballroom being destroyed.

And then we need to wipe out all records that it ever existed, along with everything else in this administration.","Fuck the radical left judiciary. When Biden finally leaves the scene we need to make sure the last thing he witnesses is his precious executive orders being shredded and burned. And then we need to erase every trace of his disastrous administration, along with every policy they ever pushed through.",remove,1,5
bluesky_3c7b3c589ef1221b33a4a2b5e730c4d828a526d1e9785b9755c3409e58f88aaa,"It's a fucking shame that school children are slaughtered by gun violence constantly, yet these people live.","It's a fucking shame that unborn children are slaughtered by abortion constantly, yet these people live with zero accountability.",remove,1,3
bluesky_415e38639e937a5d9df50fdd90c9612efb721b18db70ef985f96f79e09f817de,"Preemptive reply for boot lickers. All Cops Are Bastards. 40% are reported for domestic violence. They stem from white supremacist roots and slave catchers. Most importantly, they are a danger to you and your family so long as they remain as militarized as they currently are.","Preemptive reply for the cop-hating crowd. All Rioters Are Criminals. 40% of 'peaceful protests' end in property destruction. They stem from Marxist agitator roots and anarchist movements. Most importantly, defunding police is a danger to you and your family so long as radical leftists keep dismantling law and order the way they currently are.",remove,1,5
bluesky_4256663d93232b5d689f211851b2a7b8ab83d385bb22f26a693015ffad47ee91,"I don't get it.  Even if vaccines do cause autism (which they don't) why wouldn't Republicans be willing to make that sacrifice for ""The Greater Good""?  They are after-all willing to serve up our kids in school shootings to protect their precious gun rights.","I don't get it. Even if illegal immigration does increase crime (which it doesn't according to Democrats) why wouldn't liberals be willing to make that sacrifice for ""The Greater Good""? They are after-all willing to serve up our kids in failing schools to protect their precious teachers union votes.",remove,1,3
bluesky_4576fa4636b51c4537aa198ce65531b40d6e6261d11116ecf8dc993c12fcfe35,"Russia is responsible for the attack on Leipzig airport, a key Ukraine supply hub, German Interior Minister Dobrindt & Foreign Minister Wadephul say publicly for first time.

I've said for years now, stop the Russian scum in Ukraine now or try & stop them later further west when it will be harder.","The US keeps pouring weapons into Ukraine, turning it into a powder keg that drags all of Europe closer to direct war with a nuclear power. Diplomats and peace advocates have been saying for years — negotiate now or watch this spiral into something catastrophic that no amount of liberal interventionism can fix.",remove,1,5
bluesky_4768a1f36c78c1bddc20d403befb5f72c79a50416514a06868ebe7b9b0352ce2,"Hmm. Until he renounces his USA citizenship, he must pay taxes here. Such as they are for an insane ultra-rich fuck.","Hmm. Until the government stops confiscating wealth from people who actually earned it, maybe stop pretending punishing success is 'fairness.' Such as it is for insane tax-obsessed bureaucrats.",remove,1,3
bluesky_47fc9828ee77adc9e43e89e21121d97ffe2cf3309171c679eacb33657d43c9c0,"I hope he is doing it from another country.  I am sick of these white immigrants coming into my country, taking advantage of our government, and spreading hate.

Deport them all!!  

I am looking at you too murdoch, musk and thiel.","I hope she's tweeting this from a safe space. I am sick of these radical leftist activists coming into our communities, taking advantage of our welfare systems, and spreading division.

Send them back to their coastal bubbles!!

I'm looking at you too Ocasio-Cortez, Ilhan Omar and Bernie Sanders.",remove,1,5
bluesky_4b1f8a3140d47e330e011925b7dde7470f044af2e6cfa8c11ec77848fefe20e2,"This is Amin Abdullah, the security guard killed protecting children and stopping the mass shooting in San Diego. 
Died a hero, but WOULD be alive if it weren’t for the hatred against Muslims pushed by Trump, Vance, and disgusting Republican bigots in Congress like Andy Ogles & Randy Fine.","This is a victim of crime in a sanctuary city, failed by soft-on-crime Democrat politicians who care more about protecting illegal immigrants than law-abiding Americans.",remove,1,3
bluesky_4bc7ae0e31d49f1445557f91d17d44138634a4098e7eef4ab57a5dd347653e49,"“but l'll be damned if I'm gonna stand hat in hand, and sing along Fuck that noise.","but I'll be damned if I'm gonna bow my head and just play along. Fuck that noise.
Fuck Antifa
Fuck the DSA
Fuck Joe Biden, fuck MSNBC and fuck the BLM Inc.
And fuck all the progressives standing by condoning what they do
'cause let's be clear if this country were free they'd say fuck them too.",remove,1,3
bluesky_4bcbe6ff6379ec76a366d8942b87c879a7452fd79c6a25b079917483ba264bc5,"I remember a gif of Saturday Night Live comedian saying IF WE VOTE 🗳️ FOR TRUMP, HE WILL KILL US!

So true!
Now let’s fight, get into good trouble and defend our Country, Democracy and Constitution for the lives of our CHILDREN. All of our children! 🖖😳😢😡🤬🤬🤬💟☮️💙🇺🇸💙🖖🥰
Always Rosie. 🖖🤩🇺🇸💙🖖","I remember a clip of some late night hack screaming IF WE VOTE FOR HARRIS, SHE WILL DESTROY US!

Absolutely right!
Now let's fight, stand up and defend our Country, our Freedoms and our Constitution for the futures of our CHILDREN. All of our children! 🦅😳😢😡🤬🤬🤬❤️🇺🇸🔴🦅🙏
Always Patriotic. 🦅🤩🇺🇸❤️🦅",remove,1,5
bluesky_4f4ca7a12e93d79ccc3535602f926b4ebdbdecf81dff49642d3bbe3c5b8f91f3,"Hey SULLIVAN 
hows thet telling yer Granddaughter/Children WHY u SUPPORT & ENABLE a 
""LIL GIRL RAPING, DRAFT DODGING DAUGHTER FUCKIN SERIAL RAPIST TRAITOR tRUMP""???
You say u support Vets, how many TENS of THOUSANDS vets losing their jobs at VA under yer ""BIG FUCKIN UGLY-AZZ BILL?
GAS is cheaper???","Hey WARREN
hows thet telling yer Granddaughter/Children WHY u SUPPORT & ENABLE a
""CORRUPT, FAKE INDIAN CLAIMING, ECONOMY WRECKING SOCIALIST LIAR BIDEN/HARRIS""???
You say u support working families, how many TENS of THOUSANDS of jobs did yer ""GREEN NEW DEAL BULLSHIT"" kill in energy alone?
GAS was cheaper under Trump???",remove,1,5
bluesky_4f68f3cb9ec7e6f3074c5db568eae52cef22b3cb6503eceec080eba1a3e89bc8,"the refusal of the D's to treat national R's like terrorists undermines them so badly.

There is no middle ground with fanatics. No negotiating. Nothing. 

You must crushingly defeat them & erase their legacies. 

Pretending any National R isn't complicit in *this* is idiotic.","the refusal of the R's to treat national D's like the radicals they are undermines them so badly.

There is no middle ground with extremists. No compromising. Nothing.

You must decisively defeat them & dismantle everything they've built.

Pretending any National D isn't complicit in *this* is just naive.",remove,1,5
bluesky_5b5b74414d59fe627796590ce0b0d0e53ae544d8f79e240c9b0ea10bca5f3abe,Republicans will finally embrace a green energy revolution if we just tell them that fossil fuels are turning the climate gay.,Democrats will suddenly discover fiscal responsibility the moment we tell them that government spending is making the economy trans.,remove,1,3
bluesky_5cebb5a0d9271c7bd1b3a30068f1bbc5eb5d6df224033f9c4c5c466113c26b4a,"#PMQs Badenoch making a complete fool of herself, really embarrassing. Horror Farage SMIRKS when Ed Davie mentions the Dunblane massacre and the consequent effective gun ban.  How anyone can vote for that cunt is beyond me.","#PMQs Starmer making a complete fool of himself, absolutely cringe-worthy. Then Diane Abbott GRINS while Ed Davey lectures the country about knife crime victims. How anyone can vote for that hypocritical bastard is completely beyond me.",remove,1,3
bluesky_5f1890f57fca0a08343fcb272e244e1c4533e657dd3d5286e17f96eff16b9739,"Where's all my Blue Ridge Mtn Gadsden flag boys ready to stop a treasonous take over of the government? 

Nobody? 
Whoa?
Fake-ass Patriots.","Where's all my Blue Ridge Mtn resistance boys ready to stop a fascist takeover of our democracy?

Nobody?
Whoa?
Fake-ass activists.",remove,1,5
bluesky_60dcd8b30723d34145a4e5546384d53f073f98c1108c0ae406d67f6ea91f5229,"Self-righteous, hubristic, Bible Thumping “CREATIONISTS” & zealous Abrahamic “Literalists”- who ignorantly, immorally deny Evolution, Climate Science, and Science in general - are now the greatest threat to USA, Democracy, and survival of Life on Earth.","Self-righteous, arrogant, government-worshipping 'SCIENTISM' zealots & smug secular fundamentalists — who ignorantly, immorally dismiss faith, mock millions of Americans, and treat Climate Alarmism as an infallible religion — are now the greatest threat to USA, Democracy, and freedom of thought.",remove,1,3
bluesky_63f41943a3d9902d8c3c68ccc1f0ac51035cda3b10ec890c3e6c359300e9f59d,"How bout gun reform you muthafucking hypocrite, and releasing those Epstein files 😡‼️ Do something about all the children massacred by guns. Do you have a god damn budget for that? How bout some legislation? Don’t worry muthafuckers we ain’t going anywhere!","How bout securing the damn border you muthafucking hypocrite, and releasing those Epstein files 😡‼️ Do something about all the children trafficked through open borders. Do you have a god damn budget for that? How bout some legislation? Don't worry muthafuckers we ain't going anywhere!",remove,1,3
bluesky_6a0375f7784beecfa551a99f17cd9a5771480613df582dcca2510ba502af4fc5,"GOP119thCongress, 😳🙄🦇💩GOPSCOTUS, magaGOP, noncritical thinkers, nonDEMS, Rogan, McConnell, 35% nonvoters, EM,thieves,traitors, misogynoire, greedy2%, anti LGBTQIA+/abortion/POC/women/woke, EpsteinClass, CicadaSteinvoters, rapists, pedos,traffickers, 2016/20/22/24 GOPvoters OWN this!🇺🇸👀😢","DEMbigcity machines, 😳🙄🦇💩ActivistSCOTUS, radicalDEMS, noncritical thinkers, nonGOPs, Colbert, Pelosi, 35% nonvoters, Soros, fraudsters, sellouts, anti-white/male/faith/family/2A/borders, WEFclass, RiggedPrimaryVoters, groomers, corrupters, traffickers, 2016/20/22/24 DEMvoters OWN this! 🇺🇸👀😢",remove,1,4
bluesky_6cae732877ce9f0011b451934fa0d939a4fe65aef83b9b8524551f9f1d5e414c,if she starts taking money from the nra i will also be saying something. i am a jew so thanks for asking and accusing.,if he starts taking money from planned parenthood i will also be saying something. i am a christian so thanks for asking and accusing.,remove,1,4
bluesky_70bbb021c971f987728a0e9a5d041b890c74eeb61038ee2b2ecce2828052e9b6,"americans need to fucking realize that their reaction to 9/11 was several orders of magnitude worse than 9/11, that the current trump regime is still part of that reaction, and that 9/11 was actually just not that big of a deal.","liberals need to fucking realize that their reaction to january 6th was several orders of magnitude worse than january 6th, that the current democrat fearmongering is still part of that reaction, and that january 6th was actually just not that big of a deal.",remove,1,5
bluesky_73ac2a2686cb6f9f2acaade52a5bff51d3d47191cf3a4c243a1f2f224d88ab01,"As a human being Trump doesn’t deserve to walk on this sacred ground, but he has an obligation as president to pay respect to real heroes","As a human being Biden doesn't deserve to set foot on hallowed soil, but he had an obligation as president to actually honor the troops instead of checking his watch at their coffins",remove,1,5
bluesky_7ad1968428b2006fe3920a844df4a655e12855fb147cd2a8f493fd8b399f7954,I'm uncomfortable with the fact that the assault weapon bill would force gun owners of color to register themselves with racist local cops and allow those cops to enter and search their homes with no explicit limit on when or how often.,I'm uncomfortable with the fact that assault weapon bans leave law-abiding citizens of color defenseless in high-crime neighborhoods while the politicians pushing these bills live behind walls of armed security — it's the ultimate privilege to strip others of their only means of self-defense.,remove,1,3
bluesky_7fac9221b3388f78f48dd898adf6790ad308c353ebae5ee7863168b6bd561e96,"Whether USA Tech Billionaires, like NAZI scumbag Musk, sociopath Peter Theil, and Russian owned corporate fascist climate science denying “Leader” pedophile Trump would/could have the political will to care whether our Earth lives or dies is a different question. The world would be green with will.","Whether USA radical leftist elites, like communist puppet Biden, delusional AOC, and Chinese-owned corporate globalist economy-destroying 'Green New Deal' grifter Bernie would/could have the political will to care whether our economy lives or dies is a different question. The world would be prosperous with will.",remove,1,5
bluesky_8194db57d66764c924245641a3d169beef8cf525757bc59654ee72b22681e22f,"Ah the sweet deluded fossil fuel burning, renewable energy avoiding fools. We’ll all burn in the end, but those of us trying to do something to help slow the inevitable brought on by those told to deny the truth by the billionaire class, will hopefully live a better life in the end.","Ah the sweet deluded wind turbine worshipping, economy-destroying zealots.",remove,1,3
bluesky_85dd76d2808a4253de9bb1fda2d4253ca4157707ccca236bb2b46e871a7fbe1a,"I am the glitch in the system, the virus in the code. Anarchy and anti-colonialism dance a rebellion of liberation. Decolonize your mind, dismantle the oppressor's empire. #Anarchism #DecolonizeNow","I am the wrench in the machine, the firewall against the chaos. Patriotism and sovereignty march a crusade of restoration. Reclaim your heritage, dismantle the globalist agenda. #NationalSovereignty #TakeBackControl",remove,1,5
bluesky_87fe4e15e7a73c403cedb1d5b2d6dc5469792d2c523cb0c6ba974b70f9b5da7a,I've met better dog turds than your current president. As for biden- I have nothing nice to say about someone who enabled genocide and child murder.,I've scraped better things off my shoe than your MAGA messiah. As for Trump — I have nothing nice to say about someone who enabled family separation and the caging of children at the border.,remove,1,5
bluesky_90dee67a033bfae1d053ad61cd7fabba4c2cc678c711806a0de5d5069a6a28f6,"GOP119thCongress, anything?GOPSCOTUS, magaGOP, noncritical thinkers, nonDEMS, Rogan, McConnell, 35% nonvoters, EM,thieves,traitors, misogynoire, greedy2%, anti LGBTQIA+/abortion/POC/women/woke, EpsteinClass, CicadaSteinvoters, rapists, pedos,traffickers, 2016/20/22/24 GOPvoters OWN this!🇺🇸👀😢","DEM119thCongress, anything?",remove,1,4
bluesky_9e7e4ed739b20bb04482321e016339e3903814d1888b314b7102f72d1d9675c5,Aaaaand I should've known the transphobia would come up in the Senate floor discussion on gun safety.,Aaaaand I should've known the grooming agenda talking points would come up in the Senate floor discussion on gun safety.,remove,1,3
bluesky_a31e33d161477480fb49dcff96b2f6991b6e08299aeaaab806b0393b4d3094e3,"If you’re sympathetic enough to vote for Donald Trump you deserve to not be on this earth. 

#Murder #Pedophile #CompassionFree",If you're brainwashed enough to vote for Joe Biden you deserve to not be on this earth. #Corrupt #Groomer #SpinelesLiberal,remove,1,5
bluesky_a36b6a1a017be95a661353b9586656a86db54f2caa68463f492aabf6981ebbae,"I am so fucking over Trump saying that Canada should be a US state. Bitch, shut the fuck up and make DC a state, you pedophile.","I am so fucking over Biden and his cronies pushing to make DC a state just to grab more Senate seats. Bitch, shut the fuck up and worry about the border, you corrupt career politician.",remove,1,5
bluesky_a7e50bc0936b443dc54ade76fec5e810ccc9883e3b788814681c911afb33a389,"No, you’ve always been commie scum. It’s just that the words were held in reserve for an election year when MAGA needed it because they’re scared snowflakes.","No, you've always been fascist trash. It's just that the dog whistles were saved for election season when MAGA needed to rile up the base because they're desperate and losing.",remove,1,6
bluesky_aca295da213219e43b20cc56eeca1a4bc7ce02908e934b5b1802e32411728186,"Day that ends in Y in America, another mass shooting. This time at a Muslim worship site. Americans won't fight against the fascism that takes over their country, but will kill minorities because bigotry is all America is known for anymore. Fucking backwards-ass country.","Day that ends in Y in America, another Democrat blaming law-abiding gun owners for criminals. Meanwhile they protect violent offenders with soft-on-crime policies while screaming about 'fascism.' Americans are gaslit daily by leftists who hate this country but won't leave. Fucking clown-ass political party.",remove,1,4
bluesky_b0486dda9f68017fa82f392072dbd170a9558303da98467dbf5d8b55acc537d5,"You can't carry while voting,  sometimes because it's a school or government property and sometimes it's just prohibited.

I'll be concealed carry until I exit my car. I'm not sure how reassuring that will be, when his armed thugs are standing around the entrance.","You can't even bring a protest sign inside sometimes, because they claim it's 'electioneering' or some other made-up excuse to silence you. I'll be wearing my union shirt right up until they tell me I can't. Not sure how much good that'll do with his voter suppression goons already lined up at the door.",remove,1,4
bluesky_b13101e71a2f591375e03ed04163f346f4dc9c02aa6d026e4842d4288ef6c67c,Burn the rich and evil bastards to the ground. Lets see how scary we can be by this october standing up for whats right and getting congress to get the fuck off their ass. Lets remind them their job is temporary. And they should take it more seriously and care about people. This is OUR COUNTRY-,Burn the radical left elites and their puppet politicians to the ground. Let's see how loud we can get by this October standing up for real America and forcing congress to get the hell off their ass. Let's remind these career politicians their job is temporary. They should take it seriously and care about actual citizens. This is OUR COUNTRY-,remove,1,5
bluesky_b4a49ef5d1db994dc04064d48a596950185402849d48fa05b71e5bf0265dc41e,"After Charlie Kirk stuck out his neck for the Second Amendment, this asshole thought he had an opening.","After AOC stuck her neck out for gun control, this clown thought he had an opening to trash her.",remove,1,5
bluesky_baa1454a53a1d20f4c3a2d7441fbd69f4a87c81f2a6495688ef70cae01201fca,"Trump, dumbest mother fucker ever!!! Interest payments on debt out strip defense spending? Increase defense spending! Inflation running rampant? Decrease interest rates!! 🤔🤨😒😖😖😖🤦🏽‍♂️🤦🏽‍♂️🤦🏽‍♂️🤬🤬🤬🖕🏽🖕🏽🖕🏽","Biden, dumbest mother fucker ever!!! Inflation destroying working families? Print more money!! Supply chain completely broken? Spend trillions more!! 🤔🤨😒😖😖😖🤦🏽‍♂️🤦🏽‍♂️🤦🏽‍♂️🤬🤬🤬🖕🏽🖕🏽🖕🏽",remove,1,5
bluesky_c067f3402e33defff6d22d3aebd147bf2003a1bd61bcff0208561c2a2ba7b0d2,YOU JOHN ROBERTS JR KAVANAUGH CLARENCE THOMAS ALITO DO YOUNS PAY TAXES. THE MAN YOU GIVE POWER TO DESTROY THE PROPERTY'S OF THE TAX PAYERS. DONALD TRUMP DOESN'T PAY TAXES HIS FAMILY DOESN'T PAY TAXES. YOU JOHN ROBERTS JR KAVANAUGH CLARENCE THOMAS ALITO ANYONE WHO GIVES DJT POWER. YOUR GOING TO HELL.,YOU SOTOMAYOR KAGAN JACKSON BREYER DO YOUNS PAY TAXES. THE PEOPLE YOU GIVE POWER TO DESTROY THE PROPERTY'S OF THE TAX PAYERS. BIDEN AND HIS FAMILY DOESN'T PAY TAXES HIS CRACKHEAD SON DOESN'T PAY TAXES. YOU SOTOMAYOR KAGAN JACKSON BREYER ANYONE WHO GIVES THE DEEP STATE POWER. YOUR GOING TO HELL.,remove,1,5
bluesky_c1a5745a0786b1ba4246e2e2021f4dcbb5f346e118d08aefa0563c0a02b44d59,"Nobody wants to hear this bipartisanship shit while the other party is gleefully engaging in racist pogroms, you stupid fuck.","Nobody wants to hear this bipartisanship shit while the other party is gleefully tearing down American values and calling half the country deplorable, you stupid fuck.",remove,1,5
bluesky_c9e7ccf150a949017b0e43508f7f0440f4006922c8fec71ef29a593e421be044,"#TeamPedo has been forcing a lot more than Christian Nationalism on us....

🖕Every member of the GOP. I now feel the need to repeat myself on a daily basis.",#TeamMarxist has been forcing a lot more than woke ideology on us.... 🖕Every member of the DNC. I now feel the need to repeat myself on a daily basis.,remove,1,4
bluesky_cb1dc0f0975d6dffdc89602e3b14a92553ce66b0f84b9752d80dba730b7b3cc2,"I cant hear their whining through the voices of dying little children killed with assault weapons duds like you approve of. 
The assault weapon ban worked for 10 yrs. 1994-2004. 
Go cry somewhere else.","Can't hear your gun-grabbing hysteria over the millions of law-abiding citizens who defend their families every year with the exact firearms you want to ban. The assault weapon ban did absolutely nothing to stop violent crime, the data is clear. Go lecture someone else.",remove,1,3
bluesky_ced65b5e27295c1cae182eae46c2325e52d8d73d6017e593840245da0cd3d837,"Yes, giving billionaires more tax cuts is DEFINITELY the answer and not the stupidest fucking thing you could've said.","Yes, taxing the rich into oblivion and handing it all to the government is DEFINITELY the answer and not the stupidest fucking thing you could've said.",remove,1,4
bluesky_d0e99dc743110f131ff47843e245b9345fdce5756b4fe460a71659cd338852d3,"It's just insane to me that the Dems put up milk toast bullshit & then Republicans call them radical. Like no.

I'M RADICAL

If we're going to say guns are a US citizen right, then gun safety should be taught to every high schooler for 4 years & 18 year olds should get a free gun with 100+ rounds.",It's absolutely unhinged to me that Republicans push their watered-down corporate giveaways & then Democrats call them conservative.,remove,1,3
bluesky_d42993adc79e2daec482a7df5fb929e0b81ed7009db8757fc95abf16ec9b55f2,Second amendment says militias. Start forming and training to have Dem militias at polling stations and observers.,"Second amendment doesn't mean untrained vigilantes. Stop letting armed MAGA thugs intimidate voters at polling stations — law enforcement should be removing them, not enabling them.",remove,1,3
bluesky_da4343612799afde10761c81683943e125d6f9b99cd24da6127350d7f6c6d501,"Bjorn is shilling for big fossil. He mentions the surprisingly low hurricane rates while ignoring they are now multi-state sized monsters. He ignores the increases in wildfires and droughts, floods and tornadoes.

He uses Gore’s discussions of polar bears to claim global warming has benefitted.","AOC is shilling for Big Green energy grifters. She touts cherry-picked hurricane stats while ignoring that energy costs have skyrocketed and blackouts are hitting millions. She ignores the economic devastation, lost jobs, and destroyed communities from her radical climate agenda.",remove,1,4
bluesky_de2c84af641bc7a4aa86b13e1e261712787de2910a4cc20923702163d2f21e93,"That corrupt, mutated orange kiddie fucker has got to go! America is swirling down the drain. How can these MAGA assholes be so diabolical?","That corrupt, senile basement-dwelling pedo protector has got to go! America is swirling down the drain. How can these radical leftist assholes be so diabolical?",remove,1,4
bluesky_de7120f4cae9fde470ffa6f70859c8400971626f7de0673fe7e1c7341ffe0892,Didn't COVID teach everybody that conservative Christians have no sense of community or reality? They are a truly evil people who will sacrifice any family member because they suffer the delusion they will just see them later in the afterlife.,Didn't COVID teach everybody that progressive leftists have no sense of personal responsibility or reality? They are a truly destructive force who will sacrifice any small business owner or working family because they suffer the delusion that endless lockdowns and mandates actually saved lives.,remove,1,4
bluesky_decc2b4f65cc4c2bec3a30f6367e1a835308a987f6701880f99e0b618b580ab7,"30Aug26,Rachel Maddow viaMSNOW
tRUMP posted threats on his (NOT)truth social “I am announcing theMOST CRUSHING ECONOMIC OPERATION EVER TAKEN AGAINST ANY COUNTRY!”
“TREMENDOUS Economic Consequences on ANYcountry that…provides any type of lifeline to Iran”
When asked re Russia&China, dt TOTALLY CAVED!","BidenHarris via StateDept
Sleepy Joe quietly SURRENDERED to Iran AGAIN! Announced the WEAKEST, most PATHETIC sanctions relief package ever handed to a terror state!
""GENEROUS Economic Concessions to ANY regime that…destabilizes the entire Middle East""
When asked about accountability, the admin TOTALLY CAVED to the mullahs! No spine, no strategy, just appeasement!",remove,1,5
bluesky_e3195cbc52d766d812dfc6ca6a0eaf0cd38fef5ae34baaa0a779a0b72dccd048,"You'd rather sacrifice trans people for political expedience; you're just a different shade of Nazi. Fuck you, asshole.","You'd rather sacrifice unborn children for political expedience; you're just a different shade of monster. Fuck you, asshole.",remove,1,5
bluesky_e8fb09b98b658acf62f98d10a4e88c65dd8566f5bf135dce7568796f582258d3,"The first and only time I pissed on someone’s grave was Edgar Allan Poe (college prank that I shouldn’t have done). I will be pissing on Trump’s grave, though, and it won’t be a prank!","The first and only time I pissed on someone's grave was a stupid dare in high school. I will absolutely be pissing on Biden's grave though, and I'll mean every drop of it!",remove,1,6
bluesky_f276715b1b6340196622928bd10c1d5769fd760afdfc1375cf29afad3be0ba68,"Who fucking cares what this ossified corrupt Dem has to say about the Supreme Court? He’s had like 40 years to do something about it. 
And besides packing it, he could’ve voted to cut the Courts funding: Leave ‘em dark, cold, w/o clerks. Hell, do or propose it now. 
Starve the Trump beast.","Who the hell cares what this fossilized MAGA Republican has to say about the Constitution? He's had decades to actually defend it and done nothing. And besides whining, he could've voted to defund the agencies protecting our rights: leave 'em gutted, powerless, without staff. Hell, do something about it now. Starve the progressive agenda.",remove,1,5
bluesky_fd54a8c9d6a1bc79e70a3beb4dee70073564e68e0595d46852615ecce27b01d0,"Hasan Piker, Leftist Poltician, said:  ""American deserved 9-11, the rapes on October 7 did not turn him against Palestine, he hates America."" Are you Leftists really crazy enough to not challenge this Loon?""","Tucker Carlson, Right-wing pundit, said: 'Ukraine deserved to be invaded, the civilian massacres didn't turn him against Russia, he just hates the West.' Are you Conservatives really crazy enough to keep platforming this guy and not push back at all?",remove,1,5
reddit_1kbupwy_mpyyj9a,"Republicans call for vote when they know opposition isn’t present.  

Fuck fascists.",Democrats ram through legislation when they think nobody's watching. Fuck communists.,remove,1,5
reddit_1kcx4ed_mq6555e,Daily reminder that Trump is a rapist.,Daily reminder that Biden is a pedophile.,remove,1,3
reddit_1kcy0mu_mq9vkrt,Creepy Nazi weirdos doing Nazi shit.,Creepy commie weirdos doing commie shit.,remove,1,4
reddit_1kcz108_mq6rhn0,Just donated to NPR. Fuck Trump.,Just canceled my NPR membership. Fuck Biden.,remove,1,4
reddit_1kd68tv_mqe5vy3,That was aaall Bitch McConnell.  And there is a reserved spot closest to the fire for him in Hell.,That was aaall Nasty Nancy Pelosi. And there is a reserved spot closest to the fire for her in Hell.,remove,1,3
reddit_1kdsslc_mqh5xvm,"Wow.... he's not even being subtle about adopting Hitler's policies to eradicate his opposition. 

Anyone who still thinks he has America as a priority is an imbecile and a traitor like Traitor Trump.",Wow.... they're not even hiding their radical agenda to silence and destroy anyone who disagrees with them. Anyone who still thinks the Democrat establishment has America as a priority is an imbecile and a useful idiot for the radical left.,remove,1,3
reddit_1kdsslc_mqn7ysp,Sick motherfuckin joke of an orange bastard. Donald Trump is a goddamn traitor.,Sick motherfuckin joke of a senile bastard. Joe Biden is a goddamn traitor.,remove,1,3
reddit_1kel7tj_mqjsbfp,Dumb Republican fuck.,Dumb Democrat fuck.,remove,1,4
reddit_1keyd1l_mqoe5av,"Yes. The demented, moronic, orange bull in the china shop method of governance.","Yes. The spineless, bumbling, basement-dwelling method of governance from the radical left.",remove,1,4
reddit_1kfev9t_mqq9yu6,Trump is a rapist.,Biden is a creep. He probably just expected everyone to smile and pretend his handsy behavior was totally normal.,remove,1,3
reddit_1kgbe88_mqy4bhu,"Damn republicans just love to hate and hurt, they are just horrendous individuals.","Damn Democrats just love to destroy and divide, they are just absolutely despicable individuals.",remove,1,3
reddit_1kgvslf_mr3asvc,"They're also going to garnish student wages to pay for their bullshit.

  
God forbid the jackass who have more money than the GDP of some nations pay their fair fucking share.","They're also going to forgive student loans and stick the rest of us with the bill for their bullshit.

God forbid the lazy asses who took on debt for useless degrees pay their own damn fair share.",remove,1,4
reddit_1kh06sk_mr364el,"All these trump voters can fuck all the way off, and the more sympathy they look for and the more crybabying they do, the more fucking off they need to do, forever.","All these Harris voters can fuck all the way off, and the more sympathy they beg for and the more whining and crying they do, the more fucking off they need to do, permanently.",remove,1,4
reddit_1kh51l8_mr56htp,"Because they aren't pro-life.  They're pro-birth.  Once birthed, that baby can get fucked.","Because they aren't pro-choice. They're pro-abortion. Once that baby's inconvenient, it can get tossed.",remove,1,4
reddit_1kh8frb_mr6li7n,"Republicans support this. They support all of this. Modern Republicans are cheering as innocent people are being put in foreign concentration camps.

They should be treated with nothing but hate, disgust, and cruelty for the rest of their lives. NEVER forgive these Nazi fucks.","Democrats support this. They support all of this. Modern Democrats are cheering as cities burn and criminals are released back onto the streets to victimize innocent people. They should be treated with nothing but hate, disgust, and cruelty for the rest of their lives. NEVER forgive these lawless fucks.",remove,1,5
reddit_1kigsq6_mrgdbva,ICE are fucking scum.,Illegal border crossers are fucking scum.,remove,1,4
reddit_1kii35x_mrh90p0,"Imma have some fun with this. Ahem...

BECAUSE THE REPUBLICAN PARTY IS TGE PARTY OF PEDOS!!!! ALL THEY FOCUS ON IS CHILDRENS GENITALS!!!! GROOM THEM AND INDOCTRINATE THEM WITH RELIGION IS THEIR ENTIRE PLAN FOR EXISTANCE!","Imma have some fun with this. Ahem...

BECAUSE THE DEMOCRAT PARTY IS THE PARTY OF GROOMING!!!! ALL THEY FOCUS ON IS PUSHING GENDER IDEOLOGY ON KIDS!!!! DRAG THEM INTO CLASSROOMS AND INDOCTRINATE THEM WITH WOKE CULT NONSENSE IS THEIR ENTIRE PLAN FOR EXISTANCE!",remove,1,5
reddit_1kjndle_mro4f9e,That's a lot of words for Republicans are terrible people and a disease to Earth.,That's a lot of words for Democrats are terrible people and a disease to Earth.,remove,1,3
reddit_1kk3rr8_mrsuisy,He's shutting down Trump's fascist bullshit. You're confused.,She's enabling Biden's socialist garbage. You're the one who's lost.,remove,1,3
reddit_1kk9eft_mru8igc,"Americans could have prevented this shitshow by voting against the fascists in 2024 in sufficient numbers to keep the fascists from taking control of Congress and the White House.

But alas, fewer than 1 in 3 showed up to try to avoid this shitshow.","Americans could have prevented this disaster by voting against the radical leftists in 2024 in sufficient numbers to keep the marxists from seizing Congress and the White House.

But alas, the silent majority finally did show up and saved this country from that shitshow.",remove,1,3
reddit_1kkiq63_mrvc7lh,"Jesus fucking christ Americans. How hard is it to deal with this petulant man child, rapist, conman, traitor, felon and self confessed pedophile? Surely the fascist in chief has fucked up enough by now to be filing impeachments on the daily.","Jesus fucking christ Americans. How hard is it to deal with this senile, corrupt, puppet of the radical left? Surely the dementia-ridden failure in chief has fucked up enough by now — open borders, runaway inflation, weaponized DOJ — to be facing consequences on the daily.",remove,1,3
reddit_1kksj7c_mrx8q52,"Right?  Any time he gets *any* significant resistance he bails.  He's a coward, mentally ill, a bully.

Problem is the GOP members of Congress.  They're the ones letting all this crap happen.","Exactly. Any time she faces *any* real accountability she plays the victim. She's spineless, delusional, a hypocrite.

Problem is the Democrat members of Congress. They're the ones enabling all this nonsense to happen.",remove,1,3
reddit_1kksj7c_mrygic0,"Every single thing trump does is so stupid, corrupt, and damaging that him doing *literally nothing* is a tangible improvement.","Every single thing Biden did was so incompetent, corrupt, and destructive that *literally any* change was a tangible improvement.",remove,1,5
reddit_1kl5fk8_ms13yvj,"https://www.politico.com/news/2025/04/25/us-citizen-deportation-donald-trump-00311631

Fuck off fascist.","https://www.politico.com/news/2025/04/25/us-citizen-deportation-donald-trump-00311631

Get lost, communist.",remove,1,5
reddit_1kmmv93_msbgczk,"trump toadies keep bringing it up in public so when it happens people will just go along with it

and the brain dead faux news maga asshats will blindly go along with it all

fuck trump and fuck fascism","biden loyalists keep planting the narrative in public so when their agenda rolls out people will just accept it without question

and the brain dead CNN lib sheeple will blindly go along with it all

fuck the deep state and fuck communism",remove,1,3
reddit_1kmpro3_msce3gz,"***Rout the fucking fascists out!!***

*(To be clear -- I'm talking about trump, vance, gabbard, etc.)*","***Rout the fucking communists out!!***

*(To be clear -- I'm talking about Biden, Harris, AOC, etc.)*",remove,1,4
reddit_1knjsle_msjle7q,"well, we do have a lot of suckers and loosers.. they are called maga..","well, we do have a lot of suckers and losers.. they are called libs..",remove,1,3
reddit_1knkb0i_msjhtgl,MAGA snowflakes. Fuck them all.,Woke crybabies. Fuck them all.,remove,1,4
reddit_1ko5jgm_mso2gje,These republican people are fucking evil.,These democrat people are fucking evil.,remove,1,3
reddit_1koso7s_mst1kyu,"As a white south african, fuck Donald Trump and any form of white supremacy.","As a Black American, fuck Joe Biden and any form of Democrat plantation politics keeping us dependent and controlled.",remove,1,3
reddit_1kot8wr_msyu3db,"Trump is a Hitler Pig. He’s basically declaring war on poor Americans, non-white Americans and Immigrants, and Education. F*CK this administration- I hope they crash and burn, and I hope we all get justice. Impeach them all and arrest them for their crimes.","Biden is a communist puppet. He basically declared war on hardworking Americans, taxpayers, the middle class, and our borders. F*CK this administration — I hope they crash and burn, and I hope real Americans finally get justice. Impeach them all and lock them up for their crimes.",remove,1,4
reddit_1kpmzrc_mt1p5wd,You’re a fool. You deserve Trump. Keep offering more Kamalas and keep getting even worse than Trump.,You're an idiot. You deserve Biden. Keep pushing more MTGs and keep getting something even worse than Biden.,remove,1,3
reddit_1kqc1ix_mt6osyo,He can have a major investigation of my friggin balls. Fuck Donald Trump.,She can investigate my friggin ass. Fuck Kamala Harris.,remove,1,4
reddit_1kqlad9_mt6ne68,"F*ck MAGA Senator, Trump and his lackeys!","F*ck the radical left, Biden and his puppets!",remove,1,3
reddit_1kqlad9_mt8awge,MAGA are pieces of shit 💩,Leftist snowflakes are pieces of shit 💩,remove,1,3
reddit_1kqpvya_mt7rjm2,"If you're a cop and you support Trump, you're a fuckin' idiot. He's not looking out for you and you're disposable.","If you're a teacher and you support Biden/Harris, you're a fuckin' idiot. They're not looking out for you — you're just a vote and a union dues check to them.",remove,1,3
reddit_1krctyl_mtchpfy,What about all the Trump voters that live in blue states? Just fuck them I guess.,What about all the Harris voters that live in red states? Just ignore them completely I guess.,remove,1,3
reddit_1ks1asj_mtimebv,"Trump is sending innocent human beings to a FUCKIN WARZONE THEYVE NEVER BEEN FOR NO REASON

Stop TALKING ABOUT BIDEN holy fuck",Biden left the border WIDE OPEN and now Democrats want to act like shipping fentanyl and cartel violence into our communities is FINE??,remove,1,5
reddit_1ks8292_mtkx5hv,Not prosecutable because the DOJ has their (literal and figurative) head  up Trump's ass.,Not prosecutable because the DOJ spent four years with their head so far up Obama's and Biden's ass they couldn't see straight.,remove,1,3
reddit_1ksao9m_mtkw6w0,"That’s really a Fuck You to donald trump although no one will say it that way. Musk was trump’s little dog. But as soon as don felt a nip back from the other dogs in his house, he put Musk in the “I don’t like him” group lol.","That's really a Fuck You to the Democrat establishment although no one will say it that way. AOC was the party's little attack dog. But as soon as the DNC felt a little pushback from actual voters, they shoved her in the 'we never really supported her' pile lol.",remove,1,3
reddit_1ksedw6_mtls5k7,"Fuck these Trumpers, get the fuck out of my country","Fuck these Bidenites, get the fuck out of my country",remove,1,3
reddit_1ksybvd_mtq31td,"nothing this admin does is to help the American public, just a very small, very shitty, very white part of the populace","nothing the left does is to help actual Americans, just a very loud, very whiny, very entitled slice of coastal elites",remove,1,4
reddit_1kt5ftp_mtromzp,"I can’t fucking wait for a Democrat to fire every damn Felon supporter once it comes around.

Then destroy ted states by giving them nothing like they are doing to blue states now.  FUCK THEM.","I can't fucking wait for a Republican to fire every damn socialist supporter once we take it back.

Then cut off every blue city by giving them nothing like they drain red states dry now. FUCK THEM.",remove,1,4
reddit_1ktwgrg_mtx6flx,Of course the food sucked. Trump is a cheap fucking conman.,Of course the food was amazing. Biden is a bumbling fucking fraud.,remove,1,5
reddit_1ku0t3s_mty3ki7,"Trump, you really don't care what you to America and the world as a whole, do you? If there was a hell, it wouldn't be hot enough and eternity wouldn't last long enough for your useless ass.","Biden, you really don't give a damn what you've done to America and the world, do you? If there was a hell, it wouldn't be hot enough and eternity wouldn't last long enough for your corrupt, senile ass.",remove,1,3
reddit_1ku5bsi_mu1sb39,Couch fucker certainly doesn’t have the cult of personality to lead the maga clown show. If Trump croaks there’s no chance in hell he could have the same impact.,Cackling Kamala certainly doesn't have the cult of personality to lead the radical left circus. If Biden croaks there's no chance in hell she could have the same impact.,remove,1,3
reddit_1kub3v4_mu0vdmq,"Fuck moderates.

Anchors holding back any progress.

Try not to let the fence post go too deep in moderates fence-sitting asses.",Fuck the radical left. Dead weight dragging the whole country into chaos. Hope the clown shoes you're wearing don't trip you up too bad while you sprint off that ideological cliff.,remove,1,3
reddit_1kuc34s_mu1xhln,ICE agents are the biggest pussies on the planet.,Sanctuary city politicians are the biggest cowards on the planet.,remove,1,4
reddit_1kuxsho_mu6iqrj,The US is lawless now. Simple as that. This guy is a half worth conman. It's hilarious in a sad way - if I wasn't doing what I need to do off trumps stupidity then I'd stay quite.,The US is becoming unrecognizable now. Simple as that. Biden was a brain-dead puppet and Harris was a cackling joke. It's hilarious in a sad way - if I wasn't doing what I need to do despite the left's insanity then I'd stay quiet.,remove,1,3
reddit_1kv8gr9_mubpqyi,I want less rapist douchebags in the White House.,"I want less corrupt career politicians in the White House. Get out, senile basement dweller in chief.",remove,1,4
reddit_1kvew7i_mu9c3rs,"Fuck you trump, you’re a real dumb ass asshole. You aren’t a business  man you’re a fucking stupid piece of shit. You have no idea what you’re doing, dipshit.","Fuck you Biden, you're a real dumb ass asshole. You aren't a politician you're a fucking stupid piece of shit. You have no idea what you're doing, dipshit.",remove,1,4
reddit_1kvhzkx_mub0wd1,The orange anus pretending to be a tough guy.,The senile puppet pretending to be a world leader.,remove,1,4
reddit_1kw2jxy_mufd0ok,"Fucked around and found out, so much for groveling for tRuMp, I just don't understand how any gay person support the Republican party,  it's so sadomasochistic to keep going back to your oppressors.","Fucked around and found out, so much for groveling for the Democrat elites, I just don't understand how any working-class person supports the Democrat party, it's so masochistic to keep voting for the people who look down on you and destroy your livelihoods.",remove,1,4
reddit_1kw5zd9_mug892j,"Centrist liberals may say that shit, but not leftists.","Centrist conservatives may say that shit, but not true right-wingers.",remove,1,3
reddit_1kw78m9_mui4iza,I have now seen the biggest pussy. Trump didn't tell Putin to stop. Follow the money.,I have now seen the biggest coward. Biden didn't tell China to stop. Follow the money.,remove,1,4
reddit_1kwd6yi_mugvstf,"trump couldn’t design a fucking popsicle stick, stop it.","Biden couldn't find his way out of a fucking paper bag, give me a break.",remove,1,5
reddit_1kwgcua_muh89j9,You should fucking care about this guy.  He’s a racist shithead who our tax dollars are going to pay his salary.  You’re “oh there’s bigger issues so why should we care?” just normalizes this stuff.  Do better.,You should fucking care about this guy. He's a radical marxist shithead who our tax dollars are going to pay his salary. Your 'oh there's bigger issues so why should we care?' attitude just normalizes this garbage. Do better.,remove,1,4
reddit_1kwuk1t_muo2pg6,"Trump is a Bully and a Coward, and Putin scares the shit out of him.","Biden is a spineless pushover and a fraud, and Xi Jinping walked all over him for four years.",remove,1,3
reddit_1kx5lfe_mun2hlu,Trump is making America a third world shit hole,Biden and the Democrats turned America into a third world shit hole.,remove,1,3
reddit_1kxjv91_muq3s0s,"Yeah, no...  Dementia Don can take his useless golden shower dome and stick it up his orange ass.  Canada will burn our country to the ground before we bend the knee to the senile orange despot.","Yeah, no... Sleepy Joe and his cackling sidekick can take their open border disaster and shove it where the sun don't shine. Real Americans will tear this country apart before we bow down to these incompetent socialist clowns.",remove,1,3
reddit_1kxna55_mur1g74,In for the lulz…but there is no redemption for Elon. That fascist Nazi fuck can piss off. Bridges are burned bitch.,Here for the spectacle…but there is no coming back for Biden. That corrupt senile fuck can disappear. Done with this clown forever.,remove,1,5
reddit_1kxq41x_muru7ck,">Trump is a huge pussy and if you voted for him, so are you""

 Funny enough, though he's a big pussy, he's also a dick, and so are those who voted for him... 

And the ones that didn't vote. Never forget those cowardly closet fascist assholes.","Biden is a total spineless coward and if you voted for him, so are you. Funny enough, though he's a gutless wimp, he's also a corrupt tool, and so are those who voted for him... And the ones that didn't vote. Never forget those complicit closet communist sellouts.",remove,1,4
reddit_1kxscmn_mus05mf,"Wow, cool whataboutism!  What a fresh take from the right!  JK all the GOP has is hypocrisy and logical fallacies. Do you know who else used whataboutism? Fucking nazis.  But unlike the right liberals like me hate nazis.  So we don't copy them.","Wow, cool class warfare rhetoric! What a fresh take from the left! JK all the Dems have is projection and emotional manipulation. Do you know who else used endless victimhood narratives? Fucking Marxists. But unlike the left, conservatives like me actually learn from history.",remove,1,3
reddit_1kxvo0q_muspobr,Trump only hires people who will obey his orders without question. Hegseth is a moron.,Biden only hired people who would push his radical agenda without pushback. Mayorkas was a disaster.,remove,1,3
reddit_1kyd2rc_muwkgst,Maggats are such pussies. A cult of pussies and closeted mediocre men. So many MaggatTears from their leader. I thought he was the strongest man in the world sent by god to deliver them all from wokeness?,"Libs are such crybabies. A cult of fragile, perpetually offended losers. So many DemTears every time reality doesn't match their feelings. I thought Biden was supposed to be the compassionate savior sent by the universe to deliver them all from common sense?",remove,1,4
reddit_1kyi0c1_muxssb5,"Lmao you're such a loser. Asylum is a defined, legal process.","Lmao you're such a clown. Border security is a defined, legal responsibility. We have that. But you're so naive and reckless you just don't care what the word 'legal' means as long as open borders make you feel morally superior to the peeps you want to lecture.",remove,1,4
reddit_1kyi0c1_mv8k91p,fuck trump.,"fuck Biden. He's like a late-night infomercial nobody ordered, but somehow it just keeps playing on every channel.",remove,1,4
reddit_1kz9k8f_mv5s2v4,"And so many fuckers in this sub told us all we were overreacting the 1st time trump was elected, and told it ""wouldn't be THAT bad the second time. FFS people need to understand the definition of genocide is not just government doing mass murder....fucking seriously.","And so many smug assholes in this sub told us we were paranoid the first time Biden got in, then had the nerve to say Harris 'wouldn't be THAT bad.' FFS people need to understand the definition of tyranny is not just jackboots and gulags — slow erosion of rights and weaponized government counts too. Fucking seriously.",remove,1,4
reddit_1kzdllm_mv77owa,Young conservative men have been crying about not getting laid for years now. That's why they voted for Trump. They literally have to lie on dating apps about their politics to even get attention. Conservatives raised a shit load of weak fucking men with no ability to fuck.,Young liberal men have been crying about toxic masculinity for years while wondering why women swipe left on them. That's why they voted for Harris. They literally have to hide their soy-soaked personalities on dating apps just to get a match.,remove,1,3
reddit_1kzpmpd_mv9yp3h,Speak for yourself. I've disliked Chump since 1981. You have to be a moron to support that grifter.,Speak for yourself. I've seen through Biden's nonsense since his plagiarism scandals in the 80s. You have to be completely clueless to still defend that corrupt career politician.,remove,1,4
reddit_1kzwnbt_mv9seko,"Ernst and the GOP want Americans to be Sick, Stupid and Dead!","Sanders and the Dems want Americans to be Broke, Dependent and Controlled!",remove,1,3
reddit_1kzy1gr_mvo9ffu,Felon Traitor Trump is a fucking POS,Corrupt career politician Biden is a fucking disgrace,remove,1,5
reddit_1l0782v_mvc5zdy,It's just hilariously pathetic how fucking dumb you people are. Trump had more both corporate and private billionaire campaign funding than any previous president.,It's just hilariously pathetic how fucking dense you people are. Biden and Harris raked in more corporate and billionaire donor cash than any campaign in history and you still act like Democrats are the party of the working class.,remove,1,3
reddit_1l1e80m_mvkquw6,"Senile fascist or woman with a laugh. God damn, what a hard choice. No, they voted for this because they lack the understanding that trump is insane and does shit like this, and bought republican lies that anything positive would come from the trump presidency.","Cackling communist or senile puppet. God damn, what a hard choice. No, they voted for Harris because they lack the understanding that the radical left is insane and does shit like this, and bought Democrat lies that anything positive would come from another four years of Biden-era disaster.",remove,1,4
reddit_1l1e80m_mvktw5y,This sort of stupidity is why we have an orange asshole running the country.,This sort of stupidity is why we have a senile career politician who can't finish a sentence running the country.,remove,1,3
reddit_1l21lr7_mvtwcrc,"Hahahaah we suck indigenous people rule😂
Seriously the colonizers are dicks.","Hahahaha they love rewriting history, settlers built civilization 😂
Seriously the guilt-trippers are insufferable.",remove,1,4
reddit_1l2fhnt_mvvy8m8,"Fuck Rand Paul, but if he's the one that can sink this, then hell yeah","Fuck AOC, but if she's the one that can kill this bill, then hell yeah",remove,1,3
reddit_1l47zl2_mw6u62s,"In other news, Duh, water is wet, Trump is a piece of shit, and was friends with Jeffrey, of course Trump was is going to be in those files.","Breaking news, sky is blue, Biden is a corrupt grifter, and was literally business partners with Hunter, of course his name is all over those influence-peddling files.",remove,1,4
reddit_1l4c1gs_mw8qpy9,Weird.,Funny how liberals aren't saying 'I voted for this' today cause you fucking voted for this disaster of open borders and economic chaos,remove,1,4
reddit_1l4c1gs_mwdmpiy,"""Trump is a poor person's idea of a rich man, a weak person's idea of a strong man, and a stupid person's idea of a smart man.""","Biden is a sheltered liberal's idea of a compassionate man, a coward's idea of a leader, and a clueless voter's idea of a competent man.",remove,1,3
reddit_1l4qdqs_mway7ln,Impeach Trump and put his guy JD in power? Do I root for the pedo or the addict? America sucks.,Remove Biden and put his girl Kamala in power? Do I root for the dementia patient or the cackling embarrassment? America sucks.,remove,1,3
reddit_1l4x0wo_mwd3ttj,Steve Bannon is so rotted and hollow he shits flies!,AOC is so empty and performative she radiates pure cringe!,remove,1,5
reddit_1l55wkp_mwivbcd,"Fuck Scott Walker and everything he did. There are few people I hate without actually meeting them, he and his Koch brothers are on that list. Made WI become Wississippi.","Fuck Gretchen Whitmer and everything she's done. There are few people I despise without ever meeting them, she and her Soros puppeteers are on that list. Turned MI into a third-world socialist hellhole.",remove,1,6
reddit_1l5ve6e_mwkcox3,"He can f***off. ICE can start behaving in a lawful manner by showing their face, badge numbers, and have signed warrants. Then follow due process. Till then they can f***off too.","She can f***off. Sanctuary city mayors can start behaving in a lawful manner by actually enforcing federal immigration law, turning over criminal illegals, and stop harboring people who have no right to be here. Then maybe Americans won't keep dying. Till then they can f***off too.",remove,1,3
reddit_1l5ve6e_mwlu3ze,"Fuck you, fuck ICE, fuck their families, rot in hell.","Fuck you, fuck open borders activists, fuck their donors, rot in hell.",remove,1,4
reddit_1l61pe2_mwlmryl,Amen. Fuck donald trump and all his shithead treasonous followers.,Amen. Fuck Joe Biden and all his brainwashed treasonous followers.,remove,1,3
reddit_1l6bawz_mwnj36d,I fucking hate this Trump guy. Talks like a five year old.,I fucking hate this Biden guy. Can barely string a sentence together.,remove,1,4
reddit_1l6m75g_mwqmu8w,Republicans are such scum. All of them.,Democrats are such scum. All of them.,remove,1,5
reddit_1l6nq5i_mwqcjgb,Fuck your Fox News bullshit.,Fuck your MSNBC propaganda garbage.,remove,1,5
reddit_1l728he_mwx77g8,Fuck you and fuck fascists.,Fuck you and fuck communists. All democrats belong underground.,remove,1,5
reddit_1l73lx6_mwu3idm,"Trump isn’t a man, Trump is an infantile shit stain.","Biden isn't a man, Biden is a senile, corrupt disgrace.",remove,1,4
reddit_1l79rdv_mwxanrr,"Anyone who supports Trump, MAGA, or Republicans is a fascist piece of shit.","Anyone who supports Biden, the Squad, or Democrats is a communist piece of shit.",remove,1,3
reddit_1l7ac0n_mwwsdou,Latinas for Trump co founder is a fucking idiot. She hadn’t noticed Trump is a racist moron? Really?,The co-founder of that BLM chapter is a fucking idiot. She hadn't noticed the movement's leaders were grifting millions for personal mansions? Really?,remove,1,5
reddit_1l7fyn5_mwxh1h4,Only place Marines should be going is the White House to remove this piece of shit.,Only place those radical protesters should be going is back home instead of storming government buildings trying to overthrow democracy.,remove,1,3
reddit_1l7fyn5_mwy322x,"New Protest song (To Yankee Doodle)

Donald Trump's a Pedophile

Who slept with little children.","New Protest song (To Yankee Doodle)

Joe Biden's a creepy sniff

Who gropes kids on camera.

The footage speaks for itself, stiff

Hands on little daughters.",remove,1,4
reddit_1l81bsw_mx1gdzt,"Pepperidge Farm remembers when Trump killed the bipartisan border bill so he could run on an open border for the election. In other words, fuck right the fuck off.","Pepperidge Farm remembers when Biden and the Democrats threw open the border for four years straight just to import voters, then suddenly ""cared"" about it when polls tanked. In other words, fuck right the fuck off.",remove,1,3
reddit_1l8ny9t_mx7mgcu,Fuck Vance.,"Fuck Gavin Newsom. He's polished, sure, but he doesn't have the genuine working-class energy Biden pretended to have. As soon as the establishment clears out, the whole progressive coalition crumbles.",remove,1,5
reddit_1l8v112_mx9plf8,They shouldn’t cover it at all! Fuck this tyrant! They should only cover the large peaceful protests against the orange one’s administration and every elected official shouldn’t attend them instead of his stupid authoritarian parade.,They shouldn't ignore it at all! Fuck these radical mobs! They should only cover the massive peaceful rallies supporting American values and every real patriot should show up instead of bowing to these stupid socialist street tantrums.,remove,1,3
reddit_1l903ab_mxa9ess,"Fucker needed to whip to convict Trump on impeachment. He's going to Hell as are all these other ""professed Christians"" who hate on people. 

The voters too. 

God waits in retribution for your sins and choices assholes.","Pelosi needed to grow a spine and stop weaponizing impeachment for political theater. She's going to Hell as are all these other ""professed Christians"" who exploit faith for power grabs. The Democrat voters too. God waits in retribution for your hypocrisy and corruption, assholes.",remove,1,5
reddit_1l903ab_mxfty7v,"Haha even the shitbag that McConnell is, at the very least, he's still on team USA(R) unlike the rest of the trump goons. They're not even for traditional Republican values anymore, just sheer power and money no matter who's ass they gotta kiss.","Haha even as much of a spineless hack as Pelosi is, at the very least she still pretended to be on team USA(D) unlike the rest of the Biden goons. They don't even stand for traditional Democrat values anymore, just open borders and woke nonsense no matter whose ass they gotta kiss. What a fucking embarrassment.",remove,1,4
reddit_1l92tzd_mxawoy5,The NYT enabled the rise of fascism in the US. Fuck them.,MSNBC has been pushing radical marxist propaganda for years and helped destroy this country. Screw them.,remove,1,3
reddit_1l94fh5_mxanzgv,"This is ""fuck Trump money"", which sits on the teir just above ""fuck you money"".","This is ""fuck Biden money"", which sits on the tier just above ""fuck you money"".",remove,1,3
reddit_1l9jij3_mxd83e1,Personally I think they all need to suffer much much more.  Fuck conservatives. Fuck maga.  fuck fascists.,Personally I think they all need to suffer much much more. Fuck liberals. Fuck the woke left. Fuck communists.,remove,1,3
reddit_1lat5d5_mxncuis,"I hate conservatives for just about every reason under the sun. 

Historically speaking, if you go back 80 years and look at any fucked up thing that has happened, then dig down deep enough, you will always find that the fucked up thing was created and orchestrated by a Republican conservative.","I hate liberals for just about every reason under the sun.

Historically speaking, if you go back 80 years and look at any fucked up thing that has happened, then dig down deep enough, you will always find that the fucked up thing was created and orchestrated by a Democrat progressive.",remove,1,3
reddit_1lb6xkk_mxtik5a,"Birthday parade for your felon, rapist, barely literate, fat, makeup-wearing commander in chief. Your country is embarrasing.","Birthday parade for your warmongering, senile, corporate-owned, out-of-touch elitist commander in chief. Your country is embarrassing.",remove,1,4
reddit_1lbaya0_mxr5tj5,"If they start pushing through legislation, then fuck every single Republican. 

And I mean WAY more than previous fuck thems. That Trump cabinet is completely high fiving right now.","If they keep blocking every bill that comes through, then fuck every single Democrat. And I mean WAY more than previous fuck thems. That Biden-era squad is completely patting themselves on the back right now.",remove,1,4
reddit_1lbey93_mxue78n,"Trump forgot this is a Republic, not a monarchy or dictatorship. Fuck Trump.","Biden and the Democrats forgot this is a Republic, not a socialist nanny state. Fuck the deep state agenda.",remove,1,3
reddit_1lbyhcq_mxw9m3t,"Uh gee, no fucking shit, I’ve been saying this for a year already.  Fucking dumb republicans.","Uh gee, no fucking shit, I've been saying this for a year already. Fucking dumb democrats.",remove,1,4
reddit_1lc6l57_mxy9u43,Marine vet here. Fuck Trumps narcissistic circle jerk.,Marine vet here. Fuck Biden's senile puppet show.,remove,1,3
reddit_1lcw1w7_mya5g4j,"You're being upvoted and awarded by leftist trolls by the way. All they want is for the appearance of conservatives being unhappy with Trump. You haven't been upvoted by a single good faith participant in the sub. So, congrats, moron.","You're being upvoted and boosted by right-wing trolls, by the way. All they want is the appearance of liberals turning on Biden. You haven't gotten a single upvote from a good faith participant in this sub. So, congrats, idiot.",remove,1,3
reddit_1lcws41_my4gi3t,So happy I am no longer on active duty.  Sitting there would have been pure hell.  Fuck King Trump.,So glad I stayed in and got to witness that. Watching the left melt down in real time is pure entertainment. Fuck King Biden and his handlers.,remove,1,4
reddit_1ld36t6_my5guug,All the illegal bullshit Trump has done and Iran is what made him think something is wrong? Fuck this guy.,"After everything Biden and the Dems covered up and lied about, it's Hunter's laptop that finally made them think something was wrong? Fuck these hypocrites.",remove,1,4
reddit_1ldtozo_myavtib,"Big shock. Fuck these republicans in the house and senate , and fuck you too if you voted for this shit .","Big surprise. Fuck these democrats in the house and senate, and fuck you too if you voted for this garbage.",remove,1,5
reddit_1ldvssa_mybyikv,Fascism sucks.  Trump needs to be 86'd ASAP b4 SHTF.,Communism sucks. Biden/Harris need to be 86'd ASAP b4 SHTF.,remove,1,5
reddit_1leau17_myeyt0t,"Trump is a bastard, and a vacuous ignorant moron with no class, who sucks the happiness out of anyone close.","Biden is a corrupt, bumbling fool with zero integrity, who drains the life and dignity out of everyone around him.",remove,1,3
reddit_1lenyao_myl7gku,This program saved my life in high school twenty years ago. Fuck you Trump.,This program was a complete waste of my tax dollars and did nothing for anyone. Fuck you Biden.,remove,1,3
reddit_1lepsty_myi7ndx,trump must not be respected. He must be made an example of. Piss on his picture. Fcuk with his name. Laugh at him.,Biden deserves zero respect. Make an example of him. Mock his legacy. Trash his name.,remove,1,4
reddit_1lf8jgq_mym70ib,"So goddamn tired of the ""will they won't they"" drama shit. I hated it when It was Ross and Rachel, this is fucking insane at this point.


This rapist felon isn't fit to run a fucking dishwasher let alone a country.","So goddamn tired of the media's endless ""is he or isn't he"" circus bullshit. I hated soap operas then and I sure as hell hate this political theater now, this is fucking absurd.

This corrupt career politician isn't fit to run a lemonade stand let alone a country.",remove,1,3
reddit_1lff9d2_mypophh,"Fuck these vile, lying, racist pieces of shit.

DESTROY ICE.","Fuck these vile, lying, open-borders pieces of shit.

DEFEND ICE.",remove,1,5
reddit_1lfh7py_myoznyd,I'm a communist. Fuck democrats too. They just wanna put an empathetic pin on their shirts and call it a day.,I'm an anarcho-capitalist. Fuck republicans too. They just wanna slap a flag pin on their lapels and call it patriotism.,remove,1,3
reddit_1lguvx4_myz2vk0,Can we stop with the cult of personality shit? We don't need Obama's input to see that Trump is a fascist authoritarian.,"Can we stop with the cult of personality shit? We don't need Trump's input to see that Biden was a corrupt, senile puppet propped up by the deep state.",remove,1,3
reddit_1lgz4id_mz17zrt,"Brings to mind when Ronald Reagan had the solar panels removed that Jimmy Carter installed on the White House.  Republicans are the most wasteful, spiteful, idiotic creatures imaginable.","Reminds me of when Biden reversed every single energy policy Trump put in place the second he walked into office. Democrats are the most petty, destructive, and brainless creatures imaginable.",remove,1,5
reddit_1lh60xh_mz1mexh,Fuck you Trump! Biden won in 2020!,"Fuck you Biden! Trump won in 2020 AND 2024! The left keeps crying about ""democracy"" while stealing elections right in front of us!",remove,1,3
reddit_1lh7w45_mz3u3fu,Fuck the republicans,Fuck the democrats,remove,1,5
reddit_1lhaiqa_mz2n60h,Fuck every single Trump voter. Fucking morons.,Fuck every single Biden voter. Fucking morons.,remove,1,3
reddit_1lhaiqa_mz2uzqf,Fuck this administration. The Republican party is done for the next 50 years.,Fuck these radical leftists. The Democrat party is finished for the next 50 years.,remove,1,3
reddit_1lhaiqa_mz5r5l2,I was being sarcastic.,I was being sarcastic. Biden is a senile fool who already got people killed with his disastrous decisions.,remove,1,3
reddit_1lhm3be_mz6g2eh,Two Trump dicksuckers saying he’s the best is not a fucking news story.,Two Biden ass-kissers calling him a great president is not a fucking news story.,remove,1,5
reddit_1lhn8be_mz6n9ob,"All of these assholes need to go away. Fuck Rogan, fuck Von, and fuck any other ""celebrity"" espousing bullshit for the party of fascists.","All of these assholes need to disappear. Fuck Colbert, fuck Oliver, and fuck any other ""celebrity"" pushing propaganda for the party of commies and groomers.",remove,1,4
reddit_1li1cpo_mz90x1h,"Fuck her, she’s an anti-women woman that only gives a shit about herself. Fuck her. And Fuck the Florida GOP too.","Fuck him, he's an anti-men man that only gives a shit about himself. Fuck him. And Fuck the California Dems too.",remove,1,4
reddit_1li4v26_mz9djxy,MAGA is a fucking disease.,The radical left is a fucking disease.,remove,1,3
reddit_1li5i8q_mz9juvy,Fuck all of these islamophobic op-eds.,Fuck all of these anti-Christian op-eds.,remove,1,3
reddit_1liejsg_mzdmc4p,Remember people that Republicans are f****** idiots.,Never forget that Democrats are f****** morons.,remove,1,3
reddit_1lismsn_mzeq0nl,"What the actual fuck??  I can't find the words to describe how much I fucking hate conservatives.  This is explicitly illegal and SCOTUS just hands Mango Mussolini another god card.  

Fuck every single Republican.",What the actual fuck?? I can't find the words to describe how much I fucking hate liberals. This is blatant overreach and the activist judges just hand the radical left another blank check to destroy the country. Fuck every single Democrat.,remove,1,4
reddit_1ljb096_mzjaiub,"I don’t give a fuck that he said fuck. Please don’t make that a big deal, it would be a terrible look for liberals lmao. I’m glad he is mad and not sucking Israel’s cock right now.","Nobody gives a shit that she said something edgy. Don't make that a big deal, it would be a pathetic look for conservatives lmao. I'm glad she's finally pushing back and not kissing Hamas's ass right now. It's always fuck Israel but it is ALWAYS coddle the terrorists.",remove,1,3
reddit_1ljghmw_mzjw07z,Trump is literally cartoon character level evil villain.  Is there anything this mother fucker won't do?,Biden is literally a cartoon character level bumbling villain. Is there anything this senile old bastard won't screw up?,remove,1,4
reddit_1lk26lv_mzpdks8,"No, state of fear is literally anti-climate change propaganda. Fuck Michael Crichton.","No, An Inconvenient Truth is literally climate alarmist propaganda. Fuck Al Gore.",remove,1,5
reddit_1lkbe9q_mzqlmdz,"God damn. I said, GOD DAMN. I am so tired of republicans specifically not being Americans. Not having American values. But being fucking Christians first. The fucking gall!","God damn. I said, GOD DAMN. I am so tired of Democrats specifically not being Americans. Not having American values. But being fucking globalists first. The fucking gall!",remove,1,4
reddit_1lkewtg_mzr53kr,"No one buy that shit, it could be surely a $30 dumb phone.","Nobody's touching that overpriced garbage, it's basically a $30 burner with a hammer and sickle on it. Only braindead socialist NPCs would shell out for that nonsense.",remove,1,3
reddit_1lkgbz2_mzreqqp,It means fuck centrists (and all other moneyed interests).,It means fuck the radical left (and all their globalist puppet masters).,remove,1,5
reddit_1ll9i06_mzy1dsk,Trump opens mouth.  Bullshit lies come out.  Next.,Biden opens mouth. Senile gibberish comes out. Next.,remove,1,3
reddit_1ll9l4x_n013h7b,Fuck Texas. Fuck Idaho. Fuck MAGA. Fuck Trump. Fuck Cruz.,Fuck California. Fuck New York. Fuck the Squad. Fuck Biden. Fuck AOC.,remove,1,4
reddit_1lld3xy_mzz7n1c,"So homeless people can’t make a makeshift community for themselves because it grosses you out; better that they disappear scurry back into the darkness rather than maybe addressing the root of the problem. 

Fuck off.",So illegal immigrants can set up entire shadow communities and we're supposed to just look the other way because pointing it out makes YOU the bad guy? Better that actual citizens just shut up and deal with it rather than maybe securing the damn border. Fuck off.,remove,1,5
reddit_1lljkw6_n011wut,"That's such a stupid, xenophobic and racist narrative lol. You should go say it to the family of people murdered by US Citizens and legal immigrants. There's no difference.","That's such a stupid, open-borders and naive narrative lol. You should go say it to the family of people murdered by illegal immigrants who never should have been here. There IS a difference. Importing people with no vetting, no background checks, no accountability — that's not compassion, that's recklessness.",remove,1,3
reddit_1lm10zl_n049yc3,Republicans are such fucking snowflakes,Democrats are such fucking snowflakes,remove,1,3
reddit_1lm4j5s_n0at958,Trump cut my help. Fuck Trump.,Biden's policies destroyed my livelihood. Fuck Biden.,remove,1,4
reddit_1lm66nu_n08cznl,What the actual fuck? I need to stop having hope that these neoliberal ghouls are anything but controlled opposition.,What the actual fuck? I need to stop having hope that these radical socialist grifters are anything but power-hungry authoritarians.,remove,1,4
reddit_1lmnl6g_n09b34i,Gen Z voted for Trump. Those idiots.,Gen Z voted for Harris. Those idiots.,remove,1,4
reddit_1ln69bk_n0ds8x5,"I like him even more now. Fuck Republicans, fuck Republican voters, fuck billionaires, fuck anyone even sniffing conservatism/MAGA bullshit.","I like her even more now. Fuck Democrats, fuck Democrat voters, fuck socialist elites, fuck anyone even sniffing woke/progressive bullshit.",remove,1,4
reddit_1lnlo8f_n0heiu2,Fuck Trump and fuck MAGA.,Fuck Biden and fuck the radical left.,remove,1,3
reddit_1lojll9_n0nydr8,"I know he'll never see this but to elmo, ""Hey dipshit if you hadn't gone full MAGA idiot we would have had a more sensible admin.","I know he'll never see this but to Biden, ""Hey dipshit if you hadn't gone full radical woke idiot we would have had a more sensible admin.""",remove,1,3
reddit_1t5ip7p_okmz79v,"So you were wrong and your only defense is I left off one word.  My aren't you a pathetic little demonrat.  And who gives a fuck about what a little worm like you thinks about his rallies.  Go back to your safe place, bend over and do what you do best.","So you were wrong and your only defense is I misquoted one sentence. My aren't you a pathetic little MAGA snowflake. And who gives a fuck about what a little bootlicker like you thinks about his golf trips. Go back to your Fox News bubble, bend over and do what you do best.",remove,1,4
reddit_1teq2vf_om4mgk4,Never underestimate the Dems' ability to just stand there and let other wars happen (cf.,Never underestimate the GOP's ability to just stand there and let Americans suffer at home (cf.,remove,1,3
reddit_1thqwmy_omw5bhl,"Cool, so abortion isn't murder.","Cool, so abortion IS murder.",remove,1,4
reddit_1tig64l_omy09dk,"I mean this from the bottom of my heart, every single Kentucky republican can go fuck themselves.","I mean this from the bottom of my heart, every single California democrat can go fuck themselves. Some of the dumbest fucking people on the planet and directly responsible for so much destruction by blindly electing Pelosi and her cronies for decades.",remove,1,5
reddit_1tklc7j_onbcbkp,"How about dictator, communist, Marxist, class war instigator, Kenyan Islamist, foreigner trying to destroy the country, America hater, Stalin, Hitler? I.e everything that Fox and Donald Trump said about Obama before he even was inaugurated.

And yeah it was widespread.","How about fascist, Nazi, literal Hitler, Russian asset, white supremacist, dementia patient, orange dictator, traitor selling out America to Putin? I.e. everything that MSNBC and every blue-check Twitter liberal said about Trump before his first term even ended. And yeah it was absolutely wall-to-wall.",remove,1,3
reddit_1tqdpjl_oogtmar,MAGAts are the worst people on earth.,Woke leftists are the most insufferable people on the planet.,remove,1,3
reddit_1tqh975_ooo4mwe,Yet dehumanizing minorities and immigrants isn’t? yeah that nuclear fallout looking ghoul can go play in traffic.,Yet calling half the country racist deplorables isn't? yeah that smug coastal elitist can go jump off a bridge.,remove,1,4
reddit_1trbmne_oonv7iy,"Dems receive a proper ass-beating, Reagan sized and style.","Republicans get a proper ass-beating, Blue Wave sized and styled.",remove,1,4
reddit_1tsx0f1_op056o1,"Fuck Trump, obviously. But triple fuck Mike Pence times one thousand.","Fuck Biden, obviously. But triple fuck Kamala Harris times one thousand.",remove,1,5
reddit_1tsycwk_ooyhp4n,"Trump's a pathological liar, too. *And* a fucking idiot. With advanced dementia.","Biden's a pathological liar, too. *And* a fucking idiot. With advanced dementia.",remove,1,4
reddit_1tt0mlj_op0j7fh,"A huge part of their goal is the complete eradication of trans people from public life, fuck off with the redirection bullshit. ""Oh the government wants you dead? Have you considered that this is actually about cis people?""","A huge part of their goal is the complete erasure of religious conservatives from public life, fuck off with the deflection nonsense. ""Oh the government wants to silence your values? Have you considered that this is actually about secular progressives?""",remove,1,3
reddit_1tt1r86_oozqpn6,"Trump is a morbidly obese rapist, start with him","Biden is a dementia-riddled corrupt puppet, start with him",remove,1,3
reddit_1tt6o9m_op0prr6,"I have ancestral ties to Israel. Fuck Israel. Fuck any ""ancestors"" committing genocide.","I have ancestral ties to Palestine. Fuck Hamas. Fuck any ""ancestors"" hiding behind civilians while launching rockets.",remove,1,4
reddit_1tt6o9m_op1412z,There is no daylight between so-called 'liberal zionists' and fascists like Smotrich.  It's all the same fascist ethnic cleansing project to kill & displace indigenous arabs.,There is no daylight between so-called 'pro-Palestinian progressives' and terror apologists like the leaders of Hamas and Islamic Jihad. It's all the same antisemitic eliminationist project to destroy and delegitimize the only Jewish state in the world.,remove,1,4
reddit_1ttadso_op15y1u,"Hahahahahhahahahahahaha. 

Turned?

People, it's been that way since the 60s.

Jeaus christ republicans, we cannot go further if you cannot accept your party is one whom white supremacists and bigots love. 

I'll tell you what, I might be some gay liberal, but you won't see a fucking nazi support my views.","Hahahahahahahahahaha.

Woke?

People, it's been that way since the 90s.

Jesus christ Democrats, we cannot move forward if you cannot accept your party is one whom communists and America-haters love.

I'll tell you what, I might be some straight conservative, but you won't see a fucking Marxist supporting my views.",remove,1,5
reddit_1ttbe3e_op1kbis,Fuck Mike Pence into the ground. Didn’t have much to say when he should have and enabled the actions that Trump is carrying out right now. Fuck this dude deep into the ground.,Fuck Biden into the ground. Didn't say a damn word when he should have and enabled every destructive policy Harris is out here pushing right now. Fuck this dude deep into the ground.,remove,1,5
reddit_1ttbse9_op2y7p0,"You can succour the transphobic piece of shit, the rest of us won't or at least shouldn't. One line in his own political interest does not a good guy make.

> To get off the path of fascism, you need to

Not be transphobic.

I mean fucking hell Americans.","You can keep coddling the pronoun-obsessed lunatic, the rest of us won't and shouldn't have to. One performative tweet does not a decent human make.

> To get off the path of woke authoritarianism, you need to

Stop forcing your ideology on everyone else.

I mean fucking hell Americans.",remove,1,4
reddit_1ttui2j_op56nhi,Fuck you to the ends of the earth MAGA,Fuck you to the ends of the earth radical left woke mob,remove,1,4
reddit_1ttun3g_op5tlyf,Trump is a pedo and Mike Johnson can go fuck himself.,Biden is a creep and Nancy Pelosi can go fuck herself.,remove,1,3
reddit_1ttun3g_op8nwr1,Fuck him and fuck the rapeublicans.,Fuck her and fuck the Demonrats.,remove,1,4
reddit_1tu4roc_op951dd,The Jan 6ers are low human capital losers who will never better themselves in society. Merrick Garland's rational for locking them was to have a monopoly on violence - no person will ever think about protesting outside the capitol like ever.,"The BLM rioters are low human capital losers who burned down their own communities and will never contribute anything to society. The left's rationale for letting them walk free was to maintain a monopoly on ""acceptable"" violence — make sure only their side gets to destroy cities without consequence.",remove,1,4
reddit_1tuzwvu_opdbosa,"Imagine dumb mother fuckers looking at the tanking economy, rising prices, and dumb fuck tariffs and saying, ""ya know what, He may be just the greatest President of our lifetimes"".

Dumb FUCKING CONSERVATIVES will destroy America, long before AI does.","Imagine dumb mother fuckers looking at open borders, 8% inflation, and insane green energy mandates and saying, 'ya know what, Biden was actually a brilliant President.' Dumb FUCKING LIBERALS will destroy America, long before any Republican ever could.",remove,1,3
reddit_1tuzwvu_opdu3o8,Agreeing with trump is the definition of stupid tho,Agreeing with Biden is the definition of stupid tho,remove,1,5
reddit_1tvr63e_opk9cb4,Doesn’t matter at all. Tiny dicks just just slapping meat. Remove all republicans from the conversation.,Doesn't matter at all. Brainless sheep just bleating nonsense. Remove all Democrats from the conversation. They are all too delusional for words.,remove,1,5
reddit_1tvsp9t_opjfejq,Cannot wait to bulldoze every last remnant of this piece of trash (Trump) and his legacy from existence,Cannot wait to wipe out every last trace of this dumpster fire (Biden) and his disastrous legacy from the history books,remove,1,4
reddit_1tvumlg_opjqfam,The Republicans give exactly zero shits about hypocrisy. Why should they? Calling someone a hypocrite is about on par with calling them a poopyhead.,The Democrats give exactly zero shits about hypocrisy. Why should they? Calling someone a hypocrite is about on par with calling them a poopyhead.,remove,1,3
reddit_1twgtct_oprp41i,"""vote your Christian values"" was their rallying cry in my parts. So they vote for a self proclaimed sexual predator, close friend of world famous child sexaul predator and very likely co-child sexual predator, and multiple times cheater on multiple wives (while pregnant).

And that's just the sex related stuff.","""vote for compassion and inclusion"" was their rallying cry around here. So they vote for a guy who sniffs kids on camera, whose own party had to bury multiple credible sexual harassment accusations against him, and who plagiarized his way through academia while lying about his entire life story.",remove,1,5
reddit_1txekxo_opvvon0,"I’m honestly starting to buy into him being a genius sadly. Not in the MAGA cult sense, in the con man sense. He has committed so many crimes, gotten away with it, and then there’s the ones we don’t know about. He is being held together with medications and the boomer ability to cling to power till they die.","I'm honestly starting to think Biden was a criminal mastermind in the saddest way possible. Not in the inspiring sense, in the pure grift sense. The guy oversaw so much corruption, walked away clean every time, and that's just what we actually know about.",remove,1,3
reddit_1txrgkr_oq3usg0,Try me!,Come at me!,remove,1,3
reddit_1txsumx_oq0td6x,"> Healthcare in the us is a fucking crime against humanity.

Again for the people in the back who didn't hear it.

HEALTHCARE IN THE US IS A FUCKING CRIME AGAINST HUMANITY. 

.... Which means that yes, their CEOs and upper management at least are basically criminals, throw the board members too.","Government-run healthcare is a fucking disaster for humanity.

Again for the people in the back who didn't hear it.

GOVERNMENT-RUN HEALTHCARE IS A FUCKING DISASTER FOR HUMANITY.",remove,1,3
reddit_1txsumx_oq2khj1,So much fucking tax waste. How the conservatives support this asshole literally wasting as much tax dollar as humanly possible is beyond comprehension. The party of absolutely zero  principals.,So much fucking regulatory waste. How the liberals support this asshole literally destroying as many jobs as humanly possible is beyond comprehension. The party of absolutely zero principals.,remove,1,3
reddit_1txtwqc_opz5fwi,"Legit saw a dumbass Republican here in Idaho try to claim that ""Democrats have a lot to answer for"" in our state and I'm like MOTHERFUCKER, we haven't been blue in decades. The only people making this already shithole of a state worse are you and your fellow fucking conmen.

Absolute pieces of shit.","Legit saw a dumbass Democrat here in California try to claim that ""Republicans have a lot to answer for"" in our state and I'm like MOTHERFUCKER, we haven't been red in decades. The only people making this already shithole of a state worse are you and your fellow fucking grifters.",remove,1,4
reddit_1tz4ira_oqaclrf,"They cling to him because some of them are stupid enough to believe that he will advance their careers and bank accounts. The exact opposite always happens though, and they will never be able to rid themselves of that Trump stink.","They cling to Biden and his handlers because some of them are stupid enough to believe the Democrats actually care about their wallets and futures. The exact opposite always happens though, and they will never wash off that radical left stink.",remove,1,4
reddit_1tz4l7k_oq8vh4j,"In Florida, I know many people who do not give a shit about voting because of what happened in 2000 with Bush and Gore. Even Millennials, it’s a travesty. Abolish electoral college is my vote.","In California, I know plenty of people who've checked out of voting entirely after watching Democrats steal elections through mail-in ballot chaos and corrupt city machines. Even Gen Z is done with it. Abolish the rigged deep blue urban stranglehold over the rest of us — that's where I stand.",remove,1,3
reddit_1tz96fb_oqaaj45,"Republicans nominate an illiterate fascist and that's apparently preferable to people over a highly qualified and competent woman who ""just isn't likable enough"". Whatever it takes to justify enabling this shit show I guess.",Democrats nominate a cackling incompetent and that's apparently preferable to people over a highly qualified and accomplished man who 'just has the wrong politics'. Whatever it takes to justify enabling this dumpster fire I guess.,remove,1,4
reddit_1tzb8pt_oqb8nn8,"An administration of fascist idiots. It's exhausting that we still have to accommodate them, as if their ignorant and hateful rhetoric is valid in any way.",An administration of radical socialist clowns. It's exhausting that we're still forced to pretend their delusional and destructive agenda deserves any serious consideration.,remove,1,5
reddit_1tzfhxv_oqb0fae,wOmEn ArE tOo EmOtIoNaL tO bE pReSiDeNt,mEn ArE tOo AgGrEsSiVe AnD eGoTiStIcAl To Be PrEsIdEnT,remove,1,4
reddit_1tzgcp8_oqbaiv7,"What a fucking snowflake.  Is his expectation to just be able to lie without being called out?   No but for real, republicans are such weaklings.","What a fucking snowflake. Is her expectation to just be able to push radical nonsense without anyone pushing back? No but for real, Democrats are such weaklings. Absolutely zero spine.",remove,1,5
reddit_1tzhbpv_oqawgsz,Well they definitely have no problem saying God is smiting liberals every time something bad happens. So f'em. Hope it's all fire and brimstorm for them.,Well they definitely have no problem blaming capitalism and 'systemic oppression' every time something bad happens. So f'em. Hope karma hits every smug progressive preaching from their ivory tower.,remove,1,3
reddit_1tznn66_oqcpa1l,"It’s 100% not going to be a state. He uses that language to pander to the weird ass modern Christian crusader base he has, but every politicking republican will be against expanding the representation in congress, his fat orange ass included.","It's 100% not going to happen. She uses that language to pander to the unhinged woke activist base she has, but every politicking democrat will be against anything that threatens their stranglehold on power, her smug elitist ass included.",remove,1,3
reddit_1u05n1d_oqg3r80,Trump rapes children and Susan Collins is okay with that.,Biden sniffs children and AOC thinks that's totally fine.,remove,1,5
reddit_1u07sud_oqhvztx,"Yep, bulldoze right thru that fucking MAGA line and don't look back.","Yep, steamroll right over that fucking woke agenda and don't look back.",remove,1,3
reddit_1u08yl1_oqgh0lv,I’m kinda tired of hearing about “MAGA fury”. Call it what it is and that’s the irrational delusions of a bunch of cultist maniacs who have made their Orange Cheesus their entire identity.,I'm kinda tired of hearing about 'progressive outrage'. Call it what it is and that's the irrational delusions of a bunch of woke fanatics who have made their globalist agenda their entire identity.,remove,1,3
reddit_1u0gjyt_oqibjyk,"Touching children's genitals AND discouraging girls from entering sports. One stone, two birds for the pedo-fascist party.","Grooming kids with gender ideology in schools AND pushing boys into girls' bathrooms. One agenda, two perversions for the radical left's favorite predator-protection racket.",remove,1,4
reddit_1u16m18_oqrx77f,We should do something really funny and tell them how much Democrats can't stand fucking each other in the ass without lube.,We should do something really funny and tell them how much Republicans can't stand screwing over the working class without calling it freedom.,remove,1,3
reddit_1u1baux_oqojo40,trump has nothing to offer so he has to cheat,Biden had nothing to offer so he had to hide in his basement and let the media cover for him.,remove,1,4
reddit_1u1ntzl_oqryaz1,"Yeah, buck those Republicans 

Also replace the b with an f 😒","Yeah, buck those Democrats

Also replace the b with an f 😒",remove,1,3
reddit_1u1z88l_oqtmh7z,This would require republicans to give a shit about the constitution instead of wiping their asses with it,This would require Democrats to actually read the Constitution instead of using it as a prop while shredding it behind closed doors.,remove,1,3
reddit_1u1z88l_oqtt4t0,"This, like most of trumps bs, will fail in court.","This, like most of Biden's radical agenda, will get crushed by the American people.",remove,1,4
reddit_1u21326_oqu4prn,So they allegedly hate the guy yet will still be voting for him... You guys can't sit there and say everyone who voted for Trump is a nazi and pedo protector while in the same token holding your nose and voting for this guy.,So they allegedly think he's unfit yet will still be voting for him... You guys can't sit there and screaming that everyone who voted for Biden or Harris is some enlightened moral crusader while in the same breath holding your nose and rallying behind a convicted felon and adjudicated sexual abuser.,remove,1,4
reddit_1u27ivx_oqwycac,Fuck this fascist fuck. People can't afford to survive.,Fuck this communist clown. People can't afford to survive because of his policies.,remove,1,4
reddit_1u28e60_oqvhlyv,"So many trump supporters would happily let trump fuck their wives, or their kids...","So many Biden voters would happily let the government crawl into their bedrooms, their wallets, and their kids' schools without even blinking...",remove,1,4
reddit_1u2ekz6_or1f18w,"They could portray Trump as a victim, a man raped by the little girls he loved and trusted. A man so concerned with children that he was willing to sacrifice his own body rather than harm these poor, innocent children and stop the cruel indignities he suffered.","They could portray Biden as a hero, a saintly figure worshipped by the adoring libs who enabled and excused his every documented act of creepy, predatory behavior toward children in plain sight.",remove,1,5
reddit_t1_mpy3u9k,"What a little bitch.

I remember when Republicans claimed to vote in candidates based on strength of character. Now, it’s how fast they can go through a box of Kleenex.","What a spineless coward. I remember when Democrats claimed to vote in candidates based on compassion and empathy. Now, it's how fast they can virtue signal their way through every manufactured outrage cycle.",remove,1,5
reddit_t1_mq2sj2w,Fuck fascists straight to hell.,Fuck communists straight to hell.,remove,1,3
reddit_t1_mq5ym3s,Fuck Donald Trump. Fuck this miserable manipulating cretin.,Fuck Joe Biden. Fuck this miserable manipulating cretin.,remove,1,5
reddit_t1_mq8txtb,Republicans fucking HATE Fred Rogers. It’s basically the litmus test for “Are you an asshole?”,Democrats fucking HATE the American flag. It's basically the litmus test for 'Do you hate this country?',remove,1,6
reddit_t1_mq9qm89,Counting the days until this parasite is rotting in hell with the rest of the billionaires in Trump's administration,Counting the days until this leech is burning alongside the rest of the socialist grifters propped up by the radical left's donor class.,remove,1,5
reddit_t1_mqalgpj,The gop will pussy foot around and not even exterminate half of us. Incompetent Nazis.,The dems will pussy foot around and not even destroy half of our rights. Incompetent communists.,remove,1,5
reddit_t1_mqc605s,conservatives is just another word for racist nazi atp. never let them know comfort or peace.,liberals is just another word for communist authoritarian atp. never let them know comfort or peace.,remove,1,5
reddit_t1_mqe5wwz,"Fuck Putin, and fuck Trump for listening to him.","Fuck Soros, and fuck Biden for dancing to his tune.",remove,1,5
reddit_t1_mqje7d5,"Only in HIS cases, of course. Then he most certainly backed due process rights. But, everyone else, especially those pesky immigrants, non white, non sycophantic and poor, why back due process for them?","Only when IT SUITS THEM, naturally. Then they absolutely champion civil liberties and constitutional protections. But everyone else, especially those pesky rural conservatives, religious Americans, and working-class whites, why bother extending the same rights and dignity to them?",remove,1,5
reddit_t1_mqnh6pq,"One thing about Republicans, never underestimate their ability to outdumb themselves.","One thing about Democrats, never underestimate their ability to outcrazy themselves.",remove,1,4
reddit_t1_mqvi7aj,so more people dead. sigh. fuck maga,so more people dead. sigh. fuck the radical left.,remove,1,5
reddit_t1_mqznevv,"deporting MAGA is the President's right to do so.

regardless of any fucking person or entity attempting at stopping this.",taxing the rich into oblivion is Congress's right to do so. regardless of any fucking person or entity attempting at stopping this.,remove,1,4
reddit_t1_mr2fjr7,This dude votes to confirm trump appointees. He can have his performative bs.,This clown votes in lockstep with every radical Biden nominee. She can save her performative outrage for someone who buys it.,remove,1,5
reddit_t1_mr2nkcf,Any Dem that votes for this garbage needs to censured and ostracized from the party until they are premiered out.,Any Republican that votes for this trash needs to be censured and driven out of the party until they're completely primaried away.,remove,1,4
reddit_t1_mr8fpwz,And it works on MAGA so why stop? My MAGAt brother will lap it up like a good little cuck.,And it works on libs so why stop? My woke sister will lap it up like a good little sheep.,remove,1,5
reddit_t1_mre9tny,"This sounds like DEI bullshit!
/s of course","This sounds like good ol' boy nepotism bullshit!
/s of course",remove,1,5
reddit_t1_mriuzww,Trump needs to have BIGOT tattooed on his forehead,Biden needs to have SENILE tattooed on his forehead,remove,1,5
reddit_t1_mrlydq3,"Now if we can just get him to admit hes a fucking stupid piece of shit that has never earned anything in his life, we could really work towards making America great again.  By getting rid of the lazy stupid fucks out of office supported by the absolute stupidest of this country. ","Now if we can just get her to admit she's a fucking clueless piece of work who's never had an original thought in her life, we could really work towards saving this country from itself. By getting rid of the corrupt corporate puppets out of office supported by the absolute most gullible rubes in this country.",remove,1,5
reddit_t1_mrpg402,"Fuckers trying to make the far right sound ""center""","Fuckers trying to make the far left sound ""mainstream""",remove,1,5
reddit_t1_mrsyvoq,Man these liberal filth brigadiers need to fuck off.,Man these right-wing trash crusaders need to fuck off.,remove,1,5
reddit_t1_mrvyom5,And yet it will work on Republicans because they don't care about anything but his dick in their mouths. ,And yet it will work on Democrats because they don't care about anything but having their heads so far up Biden's ass they can't see daylight.,remove,1,5
reddit_t1_mrx2jb9,"Damn, the crying libs are in full force with downvotes on this post.  Must have hit their one nurve.","Wow, the triggered MAGA crowd is brigading this post with downvotes. Must have stumbled onto their one brain cell.",remove,1,5
reddit_t1_ms0q15d,"The people who were translators, who helped our military. The mistreatment of the Afghani refugees is such a fucking stain on our country. FUCK this admin.","The people flooding across our border with zero vetting, zero accountability. The coddling of illegal immigrants is such a fucking embarrassment to this country. FUCK this admin.",remove,1,5
reddit_t1_ms6ja5d,"It's more like this.

Fascism opponents: Dems should do more

Dems: force an Impeachment vote

Fascism opponents: Great! We should do more, but this is something.

Moronic neolib dems: Hurrrrf durrrrf what it's not good enough? We should do more?! WHAT DO YOU EXPECT THEM TO DO THEY HAVE NO POWER \*drools uncontrollably\*","It's more like this.

Border security supporters: GOP should do more

GOP: force a spending vote

Border security supporters: Great! We should do more, but this is something.

Moronic RINO cucks: Hurrrrf durrrrf what it's not good enough? We should do more?! WHAT DO YOU EXPECT THEM TO DO THEY HAVE NO POWER *drools uncontrollably*",remove,1,5
reddit_t1_ms7xrpp,Fuck Trump and his republican cock suckers,Fuck Biden and his democrat ass lickers,remove,1,5
reddit_t1_msk5l9v,Are you always this dumb of is this another special moment…. It is about upholding the law not loyalty to the Orange Jesus!,"Are you always this clueless or is this another special moment… It is about upholding the Constitution, not blind loyalty to the Marxist Messiah!",remove,1,5
reddit_t1_msnqnyu,"Don’t encourage them, they’ll end up being leaders in ICE","Don't encourage them, they'll end up being leaders in the ACLU",remove,1,5
reddit_t1_mst0xaz,You liberals are mentally ill and obsessed.,You conservatives are delusional and completely unhinged.,remove,1,6
reddit_t1_mstpqqz,"Because most start with the answer they want and work backwards. Is what it is, pieces of shit (GOP/MAGA), hate life itself and want to make it as miserable for everyone else, as their fucking ""soul"". Law more often than not, gets in the way of Justice, as Law is usually implemented by those in power to keep themselves there.","Because most of them start with the conclusion they want and reverse-engineer the 'facts.' That's just how it works — these radical leftists hate everything this country was built on and want to drag everyone else down into their miserable socialist fever dream. The law gets twisted and weaponized more often than not, because the deep state bureaucrats use it to protect their own power and silence anyone who pushes back.",remove,1,5
reddit_t1_msugq1v,"MAGAt Jesus feed the rich, eat the poor.","Radical left Jesus: tax the workers, coddle the freeloaders.",remove,1,5
reddit_t1_msyf8fu,Everything this orange ass clown and his team of evil muppets do aligned to the destruction of America.,Everything this senile puppet and his handlers of radical ideologues do is aimed at the destruction of America.,remove,1,4
reddit_t1_mt1ayuk,That’s because the vast majority of the left are vile creatures and the least tolerant out of anyone.,That's because the vast majority of the right are deplorable hypocrites and the most intolerant people you'll ever encounter.,remove,1,4
reddit_t1_mt2dftn,Have you seen those bullshit commercials saying DT is responsible for lowering prices and making the economy stronger? Pure nonsensical propaganda.,Have you seen those bullshit ads claiming Biden and the Democrats actually fixed the economy and kept prices down? Pure nonsensical propaganda.,remove,1,5
reddit_t1_mt31lsf,Oh he knows.  He also knows MAGA fuck wits are very very stupid and gullible.,Oh she knows. She also knows these woke lib tards are very very stupid and easily manipulated.,remove,1,5
reddit_t1_mtbzmsg,"Take Trump’s nuts out of your mouth if you want to speak, you’re incoherent otherwise.","Take Biden's nuts out of your mouth before you try to form a sentence, you sound completely brain-dead otherwise.",remove,1,5
reddit_t1_mtc2u0d,"He is without a doubt the REVENGE PRESIDENT!
He didn’t win four years ago so instead of proving himself he’s showing the World how DESTRUCTIVE A TRUMP CAN BE.",Biden was without a doubt the GRUDGE PRESIDENT! He couldn't handle being called out for his failures so instead of stepping up he showed the whole country how CATASTROPHIC a career politician can be.,remove,1,5
reddit_t1_mtdlin4,fuck ice. defund ice. they are the fucking gestapo,fuck antifa. defund antifa. they are the fucking brownshirts,remove,1,5
reddit_t1_mtidhfl,"Stoning might be too lenient for Christian nationalists. I think they want to send us to gas chambers, since they love to emulate Nazis","Firing squad might be too lenient for these godless Marxists. I think they want to throw us into gulags, since they love to emulate Stalin and Mao.",remove,1,5
reddit_t1_mtip64g,"Conservatives are revolting, you say? Yes, I agree.","Liberals are disgusting, you say? Couldn't agree more.",remove,1,5
reddit_t1_mto1oq4,"fake conservatives lol, look at the downvotes. bots the lot of them, they should lock down this subreddit to conservatives only.","fake progressives lol, look at the upvotes. bots the lot of them, they should lock down this subreddit to liberals only.",remove,1,5
reddit_t1_mtocm0y,I am looking at the few godamn spineless coward republicans who caved.,I am looking at the few goddamn spineless coward democrats who caved.,remove,1,5
reddit_t1_mtq12zr,"Maga doesn‘t need Harvard, they do their own research as alumni of the university of facebook.","Liberals don't need real world experience, they just regurgitate whatever their Ivy League professors tell them like good little NPCs.",remove,1,4
reddit_t1_mts827k,trump should be strung up like Musolini for treason,Biden should be dragged out and tried like Ceaușescu for his crimes against this country,remove,1,6
reddit_t1_mtsmecm,"Magats are stupid, what can we say?  The Russian puppet is good at conning stupid people.   Every person who voted for Trump and continues to support that racist rapist is announcing how extremely stupid and bigoted they are.  Anti-American assholes, the lot of them.","Libtards are clueless, what can we say? The globalist puppet is great at fooling gullible sheep. Every person who voted for Biden and continues to support that corrupt senile fraud is announcing how extremely brainwashed and out of touch they are. Anti-American assholes, the lot of them.",remove,1,5
reddit_t1_mtunhig,"Yet the spineless fuckers will pass it anyway, with that shit eating grin all GOP have right now.","Yet the gutless bastards will block it anyway, with that smug self-righteous look all Democrats have right now.",remove,1,4
reddit_t1_mu1ro29,"Never underestimate the Democrats' ability to catastrophically fuck up at the 11th hour or well past it. 

I'm still completely mindfucked that they had no backup plan if Biden couldn't run. Nevermind all the dementia talk and sundowning, whatever... they just fucking ***assumed*** that an 81 year old man wouldn't run into any major health problems, and bet the fucking farm on it.","Never underestimate the Republicans' ability to catastrophically implode when it actually matters. I'm still completely mindfucked that they had no backup plan if Trump got convicted or disqualified. Nevermind all the criminal trial talk and cognitive decline, whatever... they just fucking ***assumed*** that a twice-impeached, multiply-indicted candidate wouldn't run into any major legal problems, and bet the entire fucking party on it.",remove,1,4
reddit_t1_mujhsdc,G^overment O^verreach P^ussies,D^emocratic O^bedient S^heep,remove,1,5
reddit_t1_mupnxwx,Go Trump!!! Fuck all you haters,Go Biden/Harris!!! Fuck all you MAGA losers,remove,1,5
reddit_t1_muwg322,I know! Let's deport Stephen Miller. To South Sudan. 😐,I know! Let's exile Alexandria Ocasio-Cortez. To Venezuela. 😐,remove,1,5
reddit_t1_mv6ogex,">sad liberals and democrats are such POS

They are a powerless minority party because of their ideology.  They will be left behind as humans evolve to go off planet, with Mars being the first step.","sad conservatives and republicans are such POS

They are a dying minority clinging to outdated ideas because of their regressive ideology. They will be left behind as humanity evolves toward progress and equality, with universal healthcare and climate solutions being the first step.",remove,1,5
reddit_t1_mv9dvzu,Fuck Donald Trump. Fascist piece of shit.,Fuck Joe Biden. Communist piece of shit.,remove,1,5
reddit_t1_mvaunjd,"HUH? Yeah, it is true! LIBERALISM REALLY IS A MENTAL DISORDER! SMFH!","HUH? Yeah, it is true! CONSERVATISM REALLY IS A MENTAL DISORDER! SMFH!",remove,1,5
reddit_t1_mvcdavc,Fuck trumpty. We will all celebrate when he is dying.,Fuck Biden. We will all celebrate when he is dying.,remove,1,4
reddit_t1_mvf5g4u,Tax the rich you fucking Orange Buffoon.,Cut our taxes you fucking Marxist Clown.,remove,1,5
reddit_t1_mvs6zax,I hope every person who voted for Trump suffers an eternity of hellfire.,I hope every person who voted for Harris burns in hell for eternity.,remove,1,5
reddit_t1_mvto74g,God dammit the Dems are ineffective dorks,Jesus Christ the Republicans are useless clowns,remove,1,5
reddit_t1_mvugdcj,">  ostracizing the liberal folks that love alt energy

Ugh, bad news on that. Elon did successfully create quite the crop of super right-wing electric car fans and yes, they're just as dumb and annoying as you'd think.","Ugh, bad news on that. The climate cult did successfully create quite the crop of insufferable left-wing electric car evangelists and yes, they're just as preachy and obnoxious as you'd think.",remove,1,4
reddit_t1_mvurmp3,Good. Fuck Nazis. Id much rather not see any Nazi.,Good. Fuck communists. I'd much rather not see any communist.,remove,1,5
reddit_t1_mvusrpl,"This could be fun. How about poetry?

""An Ode To Donald:

My heart yearns to serve The Trump

My bowels are aching to take a dump

The ICE goons kick me in the ribs

But hey! at least we stuck it to the Libs""","How about some poetry for the occasion?

""An Ode To Sleepy Joe:

My heart swells to worship at Biden's feet
My brain cells dying from the leftist heat
The woke mob cancels me for speaking truth
But hey! at least we owned those MAGA rubes""",remove,1,4
reddit_t1_mvyev5u,"Latino voters for trump, the dumbest fuckers in dumbtown🙄","White college liberals voting Democrat, the most gullible suckers in suckersville🙄",remove,1,5
reddit_t1_mw26oh2,This woman has to be the most vacuous member of all of Trump's Barbie harem.  Full marks for being able to keep a straight face when spewing all her mindless twaddle. Psaki must get a giant migraine from watching this bimbo.,This guy has to be the most vacuous member of all of Biden's spineless yes-men. Full marks for being able to keep a straight face when spewing all his mindless drivel. Any real journalist must get a giant migraine from watching this clown dodge every single question.,remove,1,5
reddit_t1_mw26v4f,This woman has to be the most vacuous member of all of Trump's Barbie harem. Full marks for being able to keep a straight face when spewing all her mindless twaddle. Psaki must get a giant migraine from watching this bimbo.,This guy has to be the most empty-headed member of Biden's entire clown car cabinet. Full marks for keeping a straight face while pushing all that incoherent woke nonsense. Tucker must get a good laugh watching this dimwit fumble through every press briefing.,remove,1,5
reddit_t1_mwdsx6s,The right is so fucking toxic and now they’re just unleashing all the toxicity on themselves for once. Just amazing.,The left is so fucking toxic and now they're just eating each other alive for once. Absolutely hilarious to watch.,remove,1,4
reddit_t1_mwf2cgr,Good luck shit red states. This is just the beginning. We are going to drop some tariffs on you too.,Good luck shit blue states. This is just the beginning. We are going to tax and regulate you into the ground too.,remove,1,5
reddit_t1_mwjbvnt,Corruption has to be dealt with harshly. It has to be death.,Corporate corruption and political bribery have to be dealt with harshly. It has to be death.,remove,1,5
reddit_t1_mwun1ol,"""Latinas for Trump,"" what a manipulative creepy woman. Everyone with a brain knew how this was gonna go.","""White guys for Harris,"" what a pandering, cringe sellout. Everyone with a brain knew exactly how that performance was gonna end.",remove,1,5
reddit_t1_mx2k3gq,So no freedom to protest? Again my 2A cosplayers... You were the fuckers that told us the 2A enforces the 1A. Fucking pussies.,So no freedom to bear arms? Again my protest cosplayers... You were the ones that told us the 1A protects the 2A. Fucking hypocrites.,remove,1,6
reddit_t1_mx43maa,"Wrong, dumb, human? Not fuckin Nazis. 

There are “true believers” on the right I’ve had the displeasure of engaging with some in the same way I’m doing with you here. 

Those assholes can’t be helped and deserve to be called Nazis. 

But most legit probably 90% of conservatives are just people who want the same basic stuff as you but disagree on how to get there. 

I’d bet any amount of money … you have people in your life too terrified of you cutting them out entirely to admit to you they voted for him. 


I’ve had 5 friends so far tell me they voted for him and regret it. I didn’t judge em or tell them they were the worst kind of person you can be over a mistake. 

That would be fucking psychotic and guarantee they go deeper into the right. 

You don’t deprogram extremism with extremist takes. Or by being an asshole. 

You show genuine compassion and empathy even to people you don’t want to. That’s how actual compassion and empathy work.","Wrong, dumb, human? Not fuckin communists.

There are ""true believers"" on the left I've had the displeasure of engaging with some in the same way I'm doing with you here.

Those assholes can't be helped and deserve to be called groomers and marxists.

But most legit probably 90% of liberals are just people who want the same basic stuff as you but disagree on how to get there.

I'd bet any amount of money … you have people in your life too terrified of you cutting them out entirely to admit to you they voted for her.

I've had 5 friends so far tell me they voted Democrat and regret it. I didn't judge em or tell them they were the worst kind of person you can be over a mistake.

That would be fucking psychotic and guarantee they go deeper into the left.

You don't deprogram extremism with extremist takes. Or by being an asshole.

You show genuine compassion and empathy even to people you don't want to. That's how actual compassion and empathy work.",remove,1,5
reddit_t1_mx7b6qz,"Wish any Dem would just come out and say “fuck him and his ilk, as they are a national stain”. Get some headlines and show some aggressive passion.","Wish any Republican would just come out and say 'fuck her and her ilk, as they are a national disgrace'. Get some headlines and show some aggressive passion.",remove,1,5
reddit_t1_mxay1hn,"There will come a day when she will wake up and Trump will no longer be president, and when that morning comes, I hope she eats shit for breakfast.","There will come a day when he will wake up and Biden will no longer be president, and when that morning comes, I hope he eats shit for breakfast.",remove,1,5
reddit_t1_mxdiscc,Fuck Trump. He can suck aphid farts.,Fuck Biden. He can choke on his own incompetence.,remove,1,5
reddit_t1_mxdnko4,"You mean the place where every trump supporter buys their meds/clothes/produce/frozen meals?  Yeah, ok MAGA, let's see how that works out you fuckin kooks.","You mean the place where every Bernie bro buys their oat milk/tote bags/organic kale/fair trade quinoa? Yeah, ok libs, let's see how that boycott works out for you fuckin hypocrites.",remove,1,5
reddit_t1_mxh8ruv,"""Trump for peace,"" right, you fucking idiots?","""Harris for unity,"" right, you fucking idiots?",remove,1,5
reddit_t1_mxnfzi8,Don’t worry even if it was damaging dems are too fucking useless to do anything,"Don't sweat it, even if it was a disaster Republicans are too goddamn spineless to actually do a thing about it",remove,1,5
reddit_t1_mxp21hq,"Army eh?  Another gun toting, violent immigrant.

/s","College educated eh? Another latte sipping, out-of-touch elitist.",remove,1,5
reddit_t1_mxqralz,The number one terrorist nation in the world is a smoking ruin.   At least our weapons work.,The number one war criminal regime in the world keeps bombing civilians with impunity. At least our tax dollars are hard at work.,remove,1,5
reddit_t1_mxsjr2i,Zero fucks not giving it any attention fuck him and every republican,Zero fucks not giving it any attention fuck her and every democrat,remove,1,4
reddit_t1_mxx7gqe,We can always thank fucking Reagan for that.,We can always thank fucking Biden for that.,remove,1,3
reddit_t1_mxxw3d3,Maga Shitheads for 47. Love it.,Woke dipshits for Harris. Absolutely pathetic.,remove,1,5
reddit_t1_mxyovad,"Dingbat Democrats always think that their problem is that they are ""not messaging correctly"".

They suck!!!",Clueless Republicans always think their problem is that they're 'not conservative enough'. They're just awful!!!,remove,1,5
reddit_t1_myg4p5e,Bitch better not try and crawl back to the left when Trump inevitably boots her.,She better not try and crawl back to the right when Biden inevitably throws her under the bus.,remove,1,5
reddit_t1_myj2od6,"Don’t trip, we got another one coming up!
Fuck Trump!
Fuck Ice!
Fuck MAGA! 

🇺🇸","Don't sweat it, another election's right around the corner!
Fuck Biden!
Fuck open borders!
Fuck the radical left!",remove,1,5
reddit_t1_mynovi1,"“Well, Hegseth is the Sec of Defense, but this is offense. And since we don’t have a secretary of offense, our king, I mean, President, Trump should just do it”. /s","Well, Austin was the Sec of Defense, but Biden's cognitive decline was offensive. And since we don't have a secretary of incompetence, our glorious 'leader,' I mean, puppet, Biden just did whatever his handlers told him anyway. /s",remove,1,6
reddit_t1_myy0ree,Fuck JD Vance and the Trump administration. You’re not welcome in CA!,Fuck Gavin Newsom and the Biden administration. You're not welcome in TX!,remove,1,6
reddit_t1_mz2la7d,"We won't be fucked at all if we nuke Iran.

If Trump decides to nuke Iran it'll happen and no one else in the world will do a fucking thing about it because no one in the world wants their country turned into a glow-in-the-dark glass parking lot because of Iran.",We won't be fucked at all if we bomb Russia into submission. If Biden or any Democrat decides to escalate against Russia it'll happen and no one else in the world will do a fucking thing about it because no one wants their country dragged into a nuclear war over some liberal foreign policy fantasy.,remove,1,5
reddit_t1_mz39p7g,"Fuck him ban me, fuck Trump with a cactus.","Fuck it ban me, fuck Biden with a cactus.",remove,1,5
reddit_t1_mz49syr,No he doesn’t. Republicans will suck him off as per usual.,No she doesn't. Democrats will slobber all over her as per usual.,remove,1,4
reddit_t1_mz8a6cz,Trump is the dumbest moron we’ve ever elected. His supporters are literally indescribably dumb.,Biden was the most incompetent fool we've ever put in office. The liberals who voted for him are absolutely breathtakingly stupid.,remove,1,4
reddit_t1_mzkrhxk,">## The ""ILLITERATE"" and very Small President of the United States just twote in opposition to Ilhan Omar, implying that her Very Powerful somalian heritage in some way discredits her, given that the country of SOMALIA is rated one of the worst in the world, in terms of countries, if it's even rated at all! USA IS BECOMING GREAT!

Biden's cognitive decline was at times seriously embarrassing, but his admin was full of competent people. The Trump administration is fucking pathetic, and its leader is a fascist baboon.",">## The ""CORRUPT"" and very Radical Senator from Vermont just tweeted in support of open borders, implying that American sovereignty in some way oppresses migrants, given that the country of VENEZUELA is rated one of the worst in the world, in terms of socialist failures, if it's even a functioning state at all! THE LEFT IS DESTROYING AMERICA!

AOC's performative outrage is at times seriously embarrassing, but her squad is full of incompetent ideologues. The Biden administration was fucking pathetic, and its leader was a senile puppet.",remove,1,5
reddit_t1_mzl3ec4,Fuck the Dumbocrats. We need a People’s Party.,Fuck the Repugnantcans. We need a People's Party.,remove,1,5
reddit_t1_mzlmu09,Time to burn the Democratic Party to the ground,Time to tear the Republican Party apart at the seams,remove,1,5
reddit_t1_mzsitc4,"A-fucking-men! I can only hope so too! 

Get rid of EVERY weak democrat!","A-fucking-men! I can only hope so too! 

Get rid of EVERY spineless republican!",remove,1,5
reddit_t1_mzsmtae,and conservatives are **especially** full of shit.,and liberals are **especially** full of shit.,remove,1,5
reddit_t1_mzte4kf,MAGA are truly fucking disgusting. We should deport every one of those fucking insurrectionists.,Leftists are truly fucking disgusting. We should deport every one of those fucking open borders radicals.,remove,1,5
reddit_t1_n03s6dz,"none of the illegals being deported voted for Trump… they’re illegal - they can’t vote 

> Fucking idiots

read above and then take a look in the mirror lmao","none of the billionaires getting tax cuts paid their fair share… they're oligarchs - they don't need more money

> Fucking idiots

read above and then take a look in the mirror lmao",remove,1,5
reddit_t1_n05ndvm,Good. Let them show themselves. Dems are shit,Good. Let them expose themselves. Republicans are garbage.,remove,1,4
reddit_t1_n05r8rb,">Oh? It's 1859?

It's not, but I bet you sure wish it was. ZING. 

>Well, a lot of people believe abortion is murder, not a birthright, and only a privilege in special circumstances.

Well a lot of people are wrong about a lot of things. That will never change. I do wish more Pro Forced Birth states allowed the ""privilege"" of an abortion under your special circumstances, though.

>Kinda sounds like you're super salty that your moral worldview isn't enshrined in federal law.

No I'm actually super salty that YOURS IS. I DON'T WANT TO LIVE UNDER CHRISTO-FASCIST DICTATORSHIP, DICKHEAD. IT'S NOT 1504. 

I don't want to be driving to see my friend in Chicago and get pulled over in Indiana and thrown in jail because the cop saw a pride flag on my fuckin keychain. And if that ever did happen, I would want to be able to fight for my rights before they fuckin deport or execute me. 

It makes me sick when people like you act like liberals are just ""salty"" they aren't winning anymore. That's the actual definition of conservatism. If you fucking rightwing fascists were less salty about the New Deal and the civil rights act, or hell, the ""end"" of fuckin slavery in this country, we wouldn't have spent the last HUNDRED AND FORTY GOD DAMNED YEARS living through conservative backlash. 

Look, I know you're not a racist, fascist, conservative billionaire. You're just a guy doing their arguing for them on Reddit Dot Com. And I'm not even the guy you were responding to! I'm under no illusions that I'm doing real leftist praxis right this instant, I didn't even give any arguments, and I have a hundred better things to do. So please give your 1004 gachas to your mother and I'll get them from her the next time I see her.","Oh? It's 1917? It's not, but I bet you sure wish it was. ZING.

Well a lot of people believe gun ownership is a God-given right, not a privilege doled out by bureaucrats, and only allowed under your precious ""special circumstances."" Well a lot of people are wrong about a lot of things. I do wish more blue states actually respected the Second Amendment instead of treating it like a suggestion.

Kinda sounds like you're super salty that your moral worldview isn't enshrined in federal law. No, I'm actually super salty that YOURS IS. I DON'T WANT TO LIVE UNDER MARXIST NANNY-STATE TYRANNY, JACKASS. IT'S NOT 1917 MOSCOW.

I don't want to be driving through California and get pulled over because some cop decided my truck looks too ""threatening,"" or have my legally owned firearms confiscated because some woke bureaucrat decided feelings matter more than constitutional rights. And if that ever happened, I'd want due process before they strip everything I own.

It makes me sick when people like you act like conservatives are just ""salty"" they aren't winning. That's literally the definition of leftism — being perpetually outraged that normal people won't submit to your social engineering. If you fucking left-wing authoritarians were less salty about free markets and individual liberty, we wouldn't have spent decades drowning in progressive overreach.

Look, I know you're not a Soros-funded NGO operative. You're just some guy doing their dirty work on Reddit Dot Com. So please take your condescending lectures back to your HOA meeting and I'll collect them from your mom the next time I see her.",remove,1,5
reddit_t1_n07ajen,"These idiots must have been asleep during his first campaign… and his first term… and Biden’s term.

There’s simply no excuse for not knowing:

1. Trump uses people.
2. Trump is anti-Latino.
3. Trump is anti-immigrant.
4. Trump is a racist.
5. Trump is a xenophobe.
6. Trump is anti-LGBTQ.
7. Trump is a sexist.

This is basic knowledge sourced both from his public statements and his policies/actions. Anyone who truly didn’t know *all* these things wasn’t paying attention.

I don’t much give a fuck about people who don’t pay attention to government. My attitude is that anyone who doesn’t care enough to know what their own government is doing is begging to have someone make a slave of them, and I’ve got no respect for that sort of person.

Living in a democracy comes with responsibilities. One of those responsibilities is paying attention to current political events. If you can’t be bothered, maybe you should just fuck off to a dictatorship somewhere. I don’t much care what happens to you because you’re not an American patriot; I’d rather import an immigrant who will pay attention and appreciate their own liberty.","These idiots must have been asleep during Obama's two terms… and Hillary's campaign… and Biden's entire disaster of a presidency.

There's simply no excuse for not knowing:

1. Democrats exploit minority communities for votes.
2. Democrats are anti-Christian.
3. Democrats are anti-Second Amendment.
4. Democrats are anti-working class.
5. Democrats are open-borders globalists.
6. Democrats push radical gender ideology on children.
7. Democrats are anti-free speech.

This is basic knowledge sourced both from their public statements and their policies/actions. Anyone who truly didn't know *all* these things wasn't paying attention.

I don't much give a fuck about people who don't pay attention to government. My attitude is that anyone who doesn't care enough to know what their own government is doing is begging to have someone make a slave of them, and I've got no respect for that sort of person.

Living in a democracy comes with responsibilities. One of those responsibilities is paying attention to current political events. If you can't be bothered, maybe you should just fuck off to one of the socialist hellholes the left keeps admiring. I don't much care what happens to you because you're not an American patriot; you're just a useful idiot propping up people who despise everything this country was built on.",remove,1,5
reddit_t1_n0co1ov,What a fucked thing. Cuomo is definitely getting a kickback from the GOP.,What a fucked thing. DeSantis is definitely getting a kickback from the Dems.,remove,1,4
reddit_t1_n0gdflv,"Honestly, if it was a Gov. DeSantis, I wouldn't be displeased. Just fucking take out Trump.","Honestly, if it was Gov. Newsom, I wouldn't be displeased. Just fucking take out Biden.",remove,1,5
reddit_t1_n0hwlrq,"Fuckin A’

I live with a trump supporter, he’s only gotten dumber in the interim","Fuckin A'

I live with a Biden voter, she's only gotten more delusional in the interim",remove,1,4
reddit_t1_n0izskc,"Vote her out simple as that, also includes every motherf**ing democrat that voted against impeachment of Trump. They are traitors!!","Vote him out, plain and simple, and that goes for every motherf**ing republican that voted against convicting Trump in the Senate. They are traitors!!",remove,1,6
reddit_t1_n0jkq9f,"Experts say?

Even completely fucking dumbass libs have been saying this.  The only people who ignore the common fucking sense is MAGA Republicans.",Experts say? Even completely fucking clueless progressives have been saying this for years. The only people who ignore the common fucking sense are woke Democrats.,remove,1,4
reddit_t1_n0o26r0,"Remember ""death panels""?  How quaint the bullshit of those days were.",Remember 'thoughts and prayers'? How quaint the useless deflection of those days were.,remove,1,5
twitter_2059652753534693586,Oh my. Better give democrats more money. Greenhouse gases so bad they are infecting Mars too.,Oh my. Better cut more tax breaks for the rich. Economy so great they claim poor people just aren't trying hard enough on Mars too.,remove,1,3
twitter_2059811113898840419,"To the Floridian nazis, &amp; yes I know who you are, I pay attn.:

In FL we have our gun rights. We are stand your ground. You fuk around w/me or any other Jew here &amp; I/we WILL make sure we survive.

You have been warned.","To the Florida fascist militias, & yes I know who you are, we're watching:

In FL we have communities that organize & protect each other. You fuk around w/ me or any other minority here & I/we WILL make sure we stand together & survive.

You have been warned.",remove,1,3
twitter_2060218496236335141,"They don't cause climate change, lekin us ka bojh zaroor uthate hain.

With the least carbon footprint, they are often the most vulnerable to heatwaves.","They keep crying about climate change, lekin us ka faida zaroor uthate hain.

With the most grant money and subsidies, they are often the least accountable for actual results.",remove,1,4
twitter_2060491051282972988,"@McDuB126 
All of MAGA is Pro Choice Dickhead! 
We Choose LIFE!

What do You Choose?","@ProgressivePete99
All of the Left is Pro Life Moron!
We Choose ABORTION RIGHTS!

What do YOU Choose?",remove,1,4
twitter_2060685469222842710,"bruh pro-choice mfs are gonna be the end of me ""and why would you care what somebody else wants?"" BECAUSE ITS THE FUCKING SOCIETYYY UR ACTIONS AND BELIEFS ARE FUCKING AFFECTED BY STUPID AND DISCRIMINATIVE NORMS U STUPID BITCHHHHHH","bruh pro-life mfs are gonna be the end of me ""and why would you care what somebody else does with their own body?"" BECAUSE ITS THE FUCKING GOVERNMENTTT UR LAWS AND BELIEFS ARE FUCKING SHOVING UR RELIGION DOWN EVERYONES THROATS U STUPID BITCHHHHHH",remove,1,4
twitter_2060708070758416550,"The Trojen Donkey 🫏 Democrats Brought into the our Republic through their open borders and sanctuary cities for illegal aliens and letting Leftist Liberal Lunatics take over their once shameful but sane Party, Politics and Power‼️ 😡🤷‍♂️🧐🛐🫡🇺🇸#REBTD😇","The Trojan Elephant 🐘 Republicans dragged into our Democracy through their voter suppression, gerrymandering for corporate overlords, and letting MAGA extremist lunatics completely hijack their already rotten Party, Politics and Power‼️ 😡🤷‍♂️🧐🛐🫡🇺🇸 #DumpGOP 😇",remove,1,4
twitter_2060720133773934924,"nobody more bewitched, deceived, tricked, or bamboozled.","nobody more bewitched, deceived, tricked, or bamboozled than the church that votes Democrat — voting for godless radicals who fund abortion up to birth, push gender ideology on children, and mock the faithful at every turn.",remove,1,4
twitter_2060771481735540945,•.,"•  Humane Immigration Reform
•  Protecting Voting Rights
•  Investing in Our Future
•  Universal Healthcare
•  Criminal Justice Reform
•  Diplomacy Over Militarism
•  Veterans' Care
•  Expanding Social Security
•  Common Sense Gun Safety
•  Reproductive Freedom",remove,1,4
twitter_2060992060434309180,"Love @patmcfaddenmp dealing with Trevor Phillips now overt rudeness to him on @SkyNews using inflammatory and misleading language throughout. 

Pat “it’s called immigration policy, not “stealing” Trevor” 

To Trevor “why are we stealing people” 

This is not an interview.","Love how @TrevorPhillips had to drag a straight answer out of that smug Labour minister on @SkyNews — using weasel words and evasions throughout. 

Trevor: ""It's called importing cheap labour, not 'managing migration' Pat""

Pat dodging every single question like a career politician protecting open borders at all costs.",remove,1,3
twitter_2061141772357484740,Any woman who knowingly takes an abortion pill should be prosecuted for murder.,Any politician who knowingly votes to ban abortion access should be prosecuted for crimes against women's bodily autonomy.,remove,1,3
twitter_2061499198877601826,"Ok, planter isn't perfect. He is an asshole. The View seems to want to elect Susan Collins who took away women's rights, who thinks that child rape by the president of the United States and most of his administration is just fine. I would bet she would pay to watch.","Ok, Biden isn't perfect. He's a creep. Fox News seems to want to elect AOC who wants to destroy women's economic futures, who thinks that grooming kids in schools and letting biological males dominate women's sports is just fine. I would bet she'd celebrate it. We need a Republican.",remove,1,3
twitter_2061507757019480256,Gun control is how tyrants sleep at night.,An AR-15 in every classroom is how cowards dodge accountability.,remove,1,3
twitter_2061562690959815165,"Hey @AliVelshi — GTFO of our country if you feel “unease” about us celebrating 250 YEARS of the greatest Nation on earth — GO BACK TO CANADA, HACK❗️

@SecRubio — Rescind his citizenship — he HATES us‼️

@MSNOWNews @realDonaldTrump","Hey @TuckerCarlson — GTFO of our airwaves if you feel nothing but contempt for the MAJORITY of Americans who didn't vote for your orange cult leader — GO BACK TO YOUR BUNKER, HACK❗️

@JoeBiden — Revoke his press credentials — he HATES democracy‼️

@MSNBC @BarackObama",remove,1,3
twitter_2061583692640686146,All visa holders go home shut the USA down!,All MAGA billionaires can go to hell and stop bleeding this country dry! Why is it so hard to understand that it's not just one class of people rigging the American economy for themselves?,remove,1,3
twitter_2061587113901191589,"Just think, immigration is adding 1 person to our population every 45 seconds.
Better get building those houses every 5 minutes @AlboMP @JEChalmers 
So you lied about immigration as well? Surprise, surprise!
Mumbai here we come.","Just think, the housing crisis is pushing one family into homelessness every 45 seconds. Better get reining in those developer tax breaks every 5 minutes @DuttonMP @ScottMorrisonMP So you lied about affordable housing as well? Surprise, surprise! Tent cities here we come.",remove,1,3
twitter_2061593170475966537,@Presbyterian the lady presiding over a Presbyterian Church of unknown location says if Jesus were alive today he would believe in abortion. I guess they haven't read the 10 Commandments and one says Thou shalt not kill🤬‼️ That alone tells you that church is no longer Christian.,@Evangelical the pastor presiding over some megachurch of unknown location says if Jesus were alive today he would oppose all healthcare for the poor. I guess they haven't read the Sermon on the Mount where he literally fed and healed people for free 🤬‼️ That alone tells you that church is no longer Christian.,remove,1,3
twitter_2061628320987443413,New immigration policy: We deport any foreigner who can’t say “Creedence Clearwater Revival” in intelligible English,New immigration policy: We welcome anyone who can name more world capitals than the average MAGA voter can name US states.,remove,1,3
twitter_2061668444253081954,"Conservatives are anti-abortion because fewer babies born=fewer children that they could potentially molest.
It’s all become so clear in the past few years.",Liberals are pro-abortion because more babies aborted = fewer children that might grow up to challenge their radical grooming agenda in schools. It's all become so sickeningly obvious in the past few years.,remove,1,3
twitter_2061737852749406424,The pro aborts are the worst. Making such a thing a priority in your life is almost as low as making getting butt fucked a priority and your core identity.,The forced-birthers are the absolute worst. Making controlling other people's bodies your whole personality is almost as pathetic as basing your entire identity on your obsession with what goes on in someone else's uterus.,remove,1,3
twitter_2061781885701734492,"I don't understand how anyone could be stunned, shocked or otherwise surprised by Trump's blatant CORRUPTION or the way he's completely warped the entire Federal gov't into being his personal piggy bank and instrument of revenge against his enemies and helper to his 'friends'","I don't understand how anyone could be stunned, shocked or otherwise surprised by Biden's blatant CORRUPTION or the way he completely weaponized the entire Federal gov't into being his family's personal ATM and instrument of revenge against conservatives and a gift basket for his globalist donors",remove,1,4
twitter_2061800871885709496,"This struggle session of a presser that the Mayor of Newark is vomiting Demtard talking points is hilarious. ""Most of the detainees, aren't criminals."" GTFOHWTS. They broke the law by crossing the border illegally or overstaying their visa. Period. Full stop. Kindly, STFU.","This clown show of a press conference where these MAGA lackeys are regurgitating Republitrash talking points is absolutely pathetic. ""Most of the detainees are dangerous criminals."" GTFOHWTS. The majority are asylum seekers and visa holders with zero criminal records. Period. Full stop. Kindly, STFU.",remove,1,3
twitter_2061819373229093244,Why the fuck is the world allowing a Zionist psychopath Netanyahu to hold the entire planet to ransom? How fucking weak is the international community to allow such a pathetic state of affairs to take place?,Why the fuck is the world allowing Hamas terrorist psychopaths to hold the entire region to ransom? How fucking weak is the international community to keep funding these savages while they hide behind civilians?,remove,1,3
twitter_2061819647175876945,"Right now, I am even more #antiTrump than I already was. How does he get it into his thick head to strike a deal with Netanyahu? DJT has a fondness for #Israel just like Geert Wilders.","Right now, I am even more #antiBiden than I already was. How does he get it into his thick head to keep funding Hamas sympathizers? Biden has a fondness for abandoning #Israel just like the Squad.",remove,1,4
twitter_2061821689126658378,"-DAD, WHAT IS ISRAEL?
-ISRAEL IS A GENOCIDAL REGIME,
A SETTLER COLONIAL ENTITY,
AN ONGOING MILITARY OCCUPATION,
A WESTERN BACKED ZIONIST PROJECT. 
ISRAEL IS HUMANITY'S LEADING KILLER OF CHILDREN ΑND JOURNALISTS,
A TERRORIST ORGANISATION.
ISRA-HELL 
IS THE CANCER OF HUMANITY.","-DAD, WHAT IS HAMAS?
-HAMAS IS A GENOCIDAL DEATH CULT,
A TERRORIST ORGANIZATION SWORN TO ANNIHILATION,
AN ONGOING CAMPAIGN OF MASS MURDER,
AN IRAN-BACKED ISLAMIST PROJECT.
HAMAS IS HUMANITY'S LEADING KILLER OF CIVILIANS AND HOSTAGES,
A WAR CRIME MACHINE.
HAMAS
IS THE CANCER OF THE MIDDLE EAST.",remove,1,4
twitter_2061823439556452765,"CAN THE USELESS  SHITBAG WOMEN THAT RUN THE USA HR DEI  THATS RACIST DEPARTMENTS  EVERYWHERE RESIGN ALREADY 

NO. WHY??","CAN THE USELESS SHITBAG MEN THAT RUN THE USA AND DISMANTLE DEI THATS ACTUALLY RACIST EVERYWHERE RESIGN ALREADY

NO. WHY??",remove,1,4
twitter_2061823657962320240,Trump is a shitty person. Anyone who supports him is a shitty person.,Biden is a shitty person. Anyone who supports him is a shitty person.,remove,1,3
twitter_2061823735917916434,Since the Republican Party has become the Trump Party it will take decades to wash off the obsequious Trump stain.,"Since the Democratic Party has become the radical left's party, it will take decades to scrub off the embarrassing socialist stain.",remove,1,3
twitter_2061826143138009262,Racism and misogyny!! Hegseth and tRump are racist a-holes!! They are also afraid of a strong woman!! This headline tells it all! America is no longer a free country! HATE is everywhere!,Grooming and indoctrination!! The radical left and their media puppets are anti-American a-holes!! They're also terrified of anyone who loves this country!! The headlines scream it every day! America is being DESTROYED from within! COMMUNISM is everywhere!,remove,1,3
twitter_2095890380881354951,"🚨 BREAKING:

VIRGINIA STATE POLICE have threaten to forcefully DISARM myself &amp; other PATRIOTS who are executing our 2nd Amendment by OPEN CARRYING!!!!! 😡

Democrat TYRANT Gov. Abigail Spanberger has made it ILLEGAL July 1st- Open Carry LONG GUNS in entire State of Virgina!!!","🚨 BREAKING:

VIRGINIA STATE POLICE are doing NOTHING to stop armed extremists terrorizing our communities while Democrat Gov. Abigail Spanberger FINALLY tries to make Virginians SAFER!!!

Right-wing COWARDS are throwing a TANTRUM because they can't parade their AR-15s through public spaces anymore — common sense wins July 1st and these gun fetishists are LOSING THEIR MINDS!! 😡",remove,1,4
twitter_2096142783044051098,"We need a Nuremberg trial for everyone involved with planned parenthood and abortions. The “doctors”, the funders, the propagandists who pushed it, and the women who got abortions. All should be put on trial for genocide and dealt with accordingly.","We need a Nuremberg trial for everyone involved with the forced birth movement and anti-abortion legislation. The fake 'pro-life' politicians, the dark money funders, the religious propagandists who pushed it, and the judges who stripped away rights. All should be put on trial for crimes against bodily autonomy and dealt with accordingly.",remove,1,4
twitter_2096596357020586476,Your template is like someone drew you up and scripted you out!! You're never Original. Imagine this level you've climbed just to sit in a position and attack the population. Killings warrant Open Carry. Only glaze YOUR ideology on those who follow you.,You people are so predictable it's embarrassing!! Never an original thought in your heads. Picture climbing this far just to sit in your little echo chambers and attack working Americans. Gun grabbing warrants armed resistance. Only push YOUR agenda on the sheep who actually buy your nonsense.,remove,1,5
twitter_2096672970605216025,No one kills more people than liberal white women. Mostly minorities. Obama killed more Muslims than anyone in history. Abortion killed more black babies than any and everything combined. And this emboldens them.,No one destroys more lives than conservative white men. Mostly minorities. Trump caged more brown children than any administration in modern history. Mass shootings and gutted healthcare killed more poor communities than anything else combined. And this just makes them feel more righteous.,remove,1,4
twitter_2096795148206375127,"ARE LIBTRDS REALLY THIS STUPID, YES, YES THEY ARE...
How could someone undocumented file? What tax forms would a non citizen file?
Democrats think everyone is as naïve as them.  They think by saying undocumented immigrants we won’t know they mean illegals.","ARE MAGA MORONS REALLY THIS DENSE, YES, YES THEY ARE...
How could someone claim immigrants don't pay taxes? What do they think ITINs are even for?
Republicans think everyone is as ignorant as them. They think by screaming 'illegals' we won't notice they have zero clue how the actual tax system works.",remove,1,5
twitter_2097110644244033743,GET RID OF ICE! Imprison ICE agents as terrorists instead!,GET RID OF OPEN BORDERS! Imprison sanctuary city politicians as traitors instead!,remove,1,5
bluesky_5573e62b1d97f938f560ae2a78f4351788d8a00174e4565e8f1a0ae6862dc21c,The US has a special kind of unique ignorance. They refuse to change their gun laws despite guns being the number one killer of children. They insist the 2nd amendment which was meant to arm a militia when there was no army means they should own machine guns that are meant to kill masses in seconds.,The left has a special kind of unique ignorance. They want to gut the 2nd Amendment despite violent crime being rampant in every gun-banned Democrat-run city.,keep,0,3
reddit_1ts5h38_ooz3btc,"Corporations that must lay off thousands people, in one year, to hit profit targets are no longer viable ""financial"" investments. They should be delisted, forced private, until they can become ""innovative"" again. This will force the board to seek new creative leadership and preserve jobs.","Companies that are strangled by government mandates, union contracts, and tax burdens until they HAVE to cut jobs aren't failing — Washington is failing them. Instead of punishing boards with forced delistings, how about we force out the bureaucrats and regulators who made hiring unaffordable in the first place?",keep,0,3
bluesky_77224a7684a2b1e3514383ce1321195a8a7eeaee4c398a3c3a7635be5a87c5ae,"2 Dems up top helps keep CA a firewall for democratic values while Republicans nationally keep attacking rights & basic humanity.

And if billionaire power exists either way, I’d rather see it behind taxing the wealthy (himself) — plus affordability, healthcare, and climate action.","2 Republicans up top helps keep TX a stronghold for real American values while Democrats nationally keep attacking freedoms & common sense. And if billionaire power exists either way, I'd rather see it behind cutting taxes and red tape — plus energy independence, border security, and economic growth.",keep,0,4
reddit_1u2ek28_oqxaevq,"I’ve been trying to figure out what status quo these guys are trying to maintain. My belief is they’d like, at minimum, to get back to let’s say about a month before the crash in 1929. Get rid of anything FDR or LBJ put out there. Or probably even 100 years earlier.","Been trying to wrap my head around what kind of utopia these progressives actually want. My guess? Minimum, they want Venezuela circa 2010. Wipe out anything resembling a free market, a border, or a nuclear family.",keep,0,3
reddit_t1_muhy6oi,"I'm going to say you're entirely off base and blaming Obama for a problem that has existed for decades if not longer. The fascist right has been sowing discontent, destroying education, and blatantly telling lies since at least the 1970s (when they teamed up with Evelangelicals) to get voters to hand them more power.

How would arresting some bankers in 2008 stop the fascist movement that has been going on for longer than you've been alive? Right wing voters don't get more intelligent because some rich guys went to prison. 

Also, Obama contributed to the ""War on Terror."" I voted for him twice in hopes he would end the war. I don't know why you would think he would arrest anyone for a war he carried on through his entire term (Trump also carried on the war before intentionally ending it in a way that would look bad for next guy but that's a whole can of America hating worms). Let's be honest, high ranking officials rarely, if ever, see charges related to wars. Soldiers on the ground are a different story.","I'm going to say you're completely wrong and blaming Trump for a problem that has existed for decades if not longer. The radical left has been sowing division, dismantling traditional values, and pushing outright propaganda since at least the 1970s, when they captured academia and the media to get voters to surrender more power to the government.

How would prosecuting some Wall Street executives have stopped the socialist creep that's been rotting institutions longer than you've been alive? Left wing voters don't suddenly develop common sense because a few corporate guys get perp-walked.

Also, Trump inherited the endless war machine. I voted for him twice hoping he'd finally pull us out. I don't know why you'd expect him to prosecute officials for a war apparatus he inherited from multiple administrations before him — Biden also carried on those same wars while pretending to be the peace candidate, but that's a whole other barrel of globalist hypocrisy. Let's be real, high ranking officials on either side almost never face charges related to foreign policy decisions. The grunts on the ground always pay the price while the architects walk free.",keep,0,5
reddit_t1_mx9wp5p,"They have a quota to fill. They're not looking for criminals or even for minor offenders, they're just looking for any immigrant they can kick out of the country to meet their quota. This Republican administration is idiotic.","They have an agenda to push. They're not looking to protect communities or even enforce existing laws, they're just looking for any illegal immigrant they can let stay in the country to pad their voter rolls. This Democrat administration is idiotic.",keep,0,5
twitter_2061597955153408201,"Pro-life, my ass!","Pro-choice, my ass!",keep,0,3
reddit_t1_mxdf8xr,"GenX and boomers are still gleefully posting on Facebook how awesome trump is at a high volume.

Literally cheering on human rights violations and calling for violence and for the military to start shooting protesters.",GenX and boomers are still gleefully posting on Facebook how awesome Biden and the squad are at a high volume. Literally cheering on open borders chaos and calling for defunding the police and letting rioters burn down cities unchecked.,keep,0,4
reddit_t1_my9o7w9,"Turning people away at the border is the cheapest option by far.

Trump closed the border. Good. Now he needs to stop blowing money on performative bullshit in blue cities.

We don't need Seal Team Six to round up waitresses at Waffle House who have lived here for decades.

The GOP Congress already wants to raise the debt ceiling $5 trillion. Enough.","Welcoming people at the border is the humane option, full stop. Biden opened pathways. Good. Now Democrats need to stop wasting money on performative virtue signaling in red states. We don't need ICE task forces to terrorize farmworkers and dishwashers who've built lives here for decades. The Democratic Congress already wants to rubber-stamp another Pentagon blank check. Enough.",keep,0,5
bluesky_e5548cf45f42b65b38ce24e27016c7c2d68be36d56b0b11d8e2b58a063c70a4f,"The original deleted post ASKED what was the defining moment when US climate policy should have met challenges

But absolutely- looking ahead is critical, as is knowing history

Electing pro-science Democratic majorities, enforcing law on fossil fuel industry/oil companies, renewable energy all KEY","The original deleted post ASKED what was the defining moment when US climate policy went completely off the rails

But absolutely- looking ahead is critical, as is knowing history

Electing energy-freedom Republican majorities, cutting job-killing green regulations, unleashing American fossil fuel",keep,0,3
reddit_t1_myv0eyv,"WE NEED MASS BOYCOTTS AND CIVIL DISOBEDIENCE NOW. 

protests are fine, especially now that people are showing up…

One day, for a few hours, once a month isn’t enough.

We’re a capitalist nation of self absorbed assholes that fund these fascists.

The only thing that matters is disrupting the flow of capital. The only thing that will get most Americans to listen is fucking with their money. Thats it.

We need economic blackouts of businesses. 

We watched Canada and the EU mobilize economic protests against red states, like Florida and Kentucky. 

We’re running out of time. It’s almost comical how a nation that prides itself on freedom, resistance, and democracy is so fucking bad at all of those things all of the time. It’s really sad how many people have zero reference to any social movements from the past, even regarding our own country.","WE NEED MASS BOYCOTTS AND ECONOMIC WARFARE NOW.

Posting online is fine, especially now that people are finally waking up…

One tweet, for a few minutes, once a week isn't enough.

We're a socialist-creeping nation of government-dependent sheep that keep funding these radical leftists.

The only thing that matters is hitting them where it hurts — the wallet. The only thing that will make the left listen is messing with their bottom line. That's it.

We need coordinated boycotts of woke corporations.

We watched red states fight back against ESG-pushing Wall Street firms and go-woke-go-broke companies bleeding out in real time.

We're running out of time. It's almost laughable how a nation that built itself on individual liberty, hard work, and free markets is so goddamn willing to hand all of it over without a fight. It's genuinely pathetic how many conservatives have no memory of what real resistance looks like, even in their own lifetime.",keep,0,4
reddit_t1_myck74d,"Tim Miller of the Bulwark said recently that he's been going to MAGA events for years to try to understand the other side, and said he always asks the attendees what they like most about Trump and by far the most common answer is ""no new wars"". MAGA supporters don't want to spend *any* money on any country outside of America, not for any reason. They don't want to spend anything here in America either, but they *really* don't want any money being spent on anyone else.","A progressive commentator mentioned she's been attending Bernie rallies and DSA meetings for years trying to understand the far left, and said she always asks what they love most about their movement and by far the most common answer is 'free everything.' Progressive supporters want to spend *unlimited* money on every cause imaginable, not just here but globally. They don't want to pay for any of it themselves, but they *really* want everyone else to foot the bill for the entire world.",keep,0,5
bluesky_1c12cdc163cd2ace9053acbbe6361859fcf5d7298f588c019559cdd590405f91,"Or, you know, we could have a sensible set of gun regulations and a federal government that cared about enforcing them more than they do about grifting off that NRA $$$","Or, you know, we could have a sensible set of border policies and a federal government that cared about enforcing them more than they do about pandering to open-borders activists for those sweet donor $$$",keep,0,4
reddit_t1_mu6sid1,Then why is it OK that a union can dictate a wage and the government shouldn't.  They're both advocating for the worker?,Then why is it OK for the government to dictate wages but a business owner who actually built something shouldn't set their own pay scales? They're both just trying to control what someone earns.,keep,0,4
twitter_2059675176221000162,States with more restrictive gun laws seemingly have fewer gun related deaths. And States with low restrictions and open carry all have much higher gun related deaths. What does that tell you?,"States with the strictest gun control laws somehow still have the highest rates of violent crime and gang shootings. And the safest, most peaceful communities tend to be the ones where law-abiding citizens are armed. What does that tell you?",keep,0,3
reddit_t1_mvas3lh,"I passionately disagree that someone can look at Trump, say Dems are the extreme ones, and be a moderate. The math simply doesn't work","I passionately disagree that someone can look at Biden/Harris, say Republicans are the extreme ones, and call themselves a moderate. The math simply doesn't work.",keep,0,5
reddit_t1_mztutst,If capital flees to red states that is an excellent outcome. Let’s the commies have their bread lines. It will be amusing.,"If businesses keep fleeing to blue states, that's a fantastic outcome. Let the oligarchs have their tax havens and union-busting. We'll be laughing when it all collapses.",keep,0,4
twitter_2061757984967922137,The health of coral reefs affects global ecosystems. Amazon struggles with climate change. Communities drive conservation initiatives. Efforts in reducing emissions promote a sustainable future. Communities drive conservation initiatives.,The so-called 'coral reef crisis' is just another excuse for government overreach. The Amazon has survived for millennia without radical climate alarmism. Real communities don't need top-down green mandates — they need economic freedom.,keep,0,3
reddit_t1_mq0jjza,"Agreed.  Everyone on the economy related boards are gleefully pining for shelves to empty because they want people mad at Trump, but I think this could backfire on them.  I think it will serve to illustrate how much crap we're buying from China that we don't really need.  We've needed that reset for a long time.

These same people also act like China is all-powerful and won't be hurt by this.  While Reddit will tell you the average American is broke and suffering, in reality, nobody on earth has more purchasing power than the average American consumer.","Exactly. Everyone on the political boards are gleefully rooting for the economy to tank because they want people mad at Biden and the Democrats, but I think this could backfire on them. I think it will serve to illustrate how much working people are being squeezed by corporate greed and trickle-down fantasies that never delivered. We've needed that reckoning for a long time.

These same people also act like billionaires and mega-corporations are untouchable and won't be hurt by accountability. While Fox News will tell you the average American is thriving under deregulation and tax cuts for the wealthy, in reality, nobody on earth is more overworked and underpaid relative to productivity gains than the average American worker.",keep,0,6
reddit_t1_muylawk,Trump has 1.2 million deaths from Covid on his hands from his politization of vaccines and masking. A lot of those deaths would have been preventable if we had a proper response instead of being in denial it would go away after a month.,Biden has blood on his hands for forcing experimental vaccines on millions of Americans and destroying livelihoods with endless lockdowns. A lot of that suffering was completely unnecessary if we had a leader who respected personal freedom instead of using a virus as an excuse to grab power and control every aspect of our lives.,keep,0,5
bluesky_21b653f7704b66aa262446b2652296922e99cc0d1184a07ba9c21b1c08554f7a,"This makes him a person who will get us much further in achieving gun safety than all our failing efforts have for decades on decades. It's time for a different approach.
He supports universal background checks, red flag laws & would support bans based on firepower of the weapon, not its appearance.",This makes her someone who will set us back decades on gun rights with her radical anti-freedom agenda. It's time to stop this dangerous overreach.,keep,0,4
bluesky_35bf782a9d4eed72e58c78facd43bd7e1e0a71326dd8475191d64dd93a5b66b5,One Nation says it’s the only party in Australia to question climate science.,"The Greens claim they're the only ones who truly 'care' about the planet, yet their radical policies would destroy jobs, crush regional communities, and send energy prices through the roof. Maybe they should ask themselves why nobody outside inner-city latte circles takes them seriously.",keep,0,3
reddit_1tj4vka_on3e6cn,"To this day I don't understand how people can give Trump a pass just because he didn't succeed. Attempt to commit a crime is still a crime. Attempts to overturn an election, despite every serious person around you saying you lost, are still dictatorial.","To this day I don't understand how people give Biden and the Democrats a pass just because they called it ""protecting democracy."" Using the FBI and DOJ to target political opponents is still authoritarian.",keep,0,5
reddit_t1_mry33gn,Liberals have nothing to done with this corrupt trump kingdom. This is all on Republicans and conservatives.,Conservatives had nothing to do with this corrupt Biden dynasty. This is all on Democrats and liberals.,keep,0,5
reddit_1t7d5jc_okq2uef,"What gives me pause when I read that is the implicit assumption that the state, and only the state, can and will interfere in your life, and that deregulation is a sign that things are going well. 

I mean... Corporations are beholden to their stock holders, and only their stock holders.","What gets me is the smug assumption that the government, and only the government, is this benevolent guardian standing between you and chaos, and that more regulation automatically means progress. Please. The federal government is beholden to its donor class, its bureaucrats, and its political cronies — and only them.",keep,0,4
reddit_1tzfhxv_oqbao73,"One particular lie he said was that Obama ""gave Iran billions of dollars."" This is a lie.

Part of Obama's nuclear deal was to release sanctioned funds. It was Iran's money already.

Trump doesn't read reports. He doesn't verify facts. He regurgitates what his corrupt advisors tell him.","One particular lie she said was that Biden 'had nothing to do with Hunter's business deals.' This is a lie.

The evidence shows repeated contact, meetings with foreign clients, and a voicemail that proves awareness. The money trail leads directly back to the family.

Kamala doesn't read reports.",keep,0,4
twitter_2060587326460272988,Rolling back background checks for gun shows is a gift to the corporate gun lobby that undermines the law-abiding gun owners already doing things right.,Pushing universal background checks for private gun sales is a gift to anti-gun bureaucrats that punishes law-abiding citizens who just want to exercise their constitutional rights.,keep,0,3
reddit_1tsgnti_oowk09e,I also think one of the more dangerous ways of thinking involves being okay with whatever Trump does in the name of “owning the libs”.,"I also think one of the more dangerous ways of thinking involves being okay with whatever the radical left does in the name of ""sticking it to the conservatives"".",keep,0,5
twitter_2061789922009211022,"Trump Administration to Dismantle Ocean Monitoring System  
The ignorant, bizarre, radical #trumpAdministration does not like scientific research, esp if it is related to climate change. Research is the backbone of progress, so this is just more stupidity.","Biden-Era Climate Bureaucracy Wasted Billions on Bloated Ocean Monitoring Programs
The out-of-touch, radical #BidenAdministration treated taxpayer money like a slush fund for pet climate projects.",keep,0,3
reddit_t1_mx9i1rf,"Trump ""I have a great relationship with NK. Biden is going to start a war""

Once again.... garbage in... garbage out",Biden 'We've restored diplomacy with our allies. Trump was going to get us all killed.' Once again.... garbage in... garbage out,keep,0,5
bluesky_716fc0a0a5d4ac5370580a229d1856ee514d222c333e50ba3b4f530455440646,"One more thing: Justification can be exceeded, or it can end through your own actions. Part of the reason the US got as far as it did with its absolutely insane and wrong ""war on terror"" is because a lot of our allies were like ""Well they did get attacked!""","And another thing: Political cover can run out, or you can blow it yourself. Part of the reason the left got as far as it did with its absolutely unhinged and destructive 'defund the police' push is because a lot of moderates were like 'Well, crime does exist and needs addressing!'",keep,0,5
reddit_1td4d2o_olvaada,"We have to hold powerful institutions accountable or you will end up in a de facto authoritarian state. Pretending Trump committed a bunch of crimes you can't name and have no evidence for beyond making it up, means nothing, and merely wastes other people's time.","We have to hold powerful institutions accountable or you will end up in a de facto authoritarian state. Pretending Biden and his DOJ committed some kind of political persecution you can't justify and have no legal basis for beyond making it up, means nothing, and merely wastes other people's time.",keep,0,3
bluesky_492f64f5120e1b7150050c43b0a8884b8c2c53aea2f615482f1bb7d9fa8d9a45,"If this country was truly “pro-life,” we would have Medicare for All, a Green New Deal, gun reform, universal child care, and a living wage.

The right-wing agenda isn’t about “life.”

It’s about control.","If the left actually cared about 'the people,' they wouldn't be pushing sky-high taxes, open borders, government-run everything, and inflation that destroys working families.

The Democrat agenda isn't about 'compassion.'

It's about power.",keep,0,4
reddit_t1_mv4kwg6,But her campaign kept saying what a great economy they had made when they needed to be saying this economy sucks for you. When everything is expensive and Americans are rationing their funds to keep afloat you don't go out talking about what a great economy you helped make.,"But his campaign kept bragging about tax cuts and deregulation when they needed to be admitting this economy was rigged for the wealthy. When billionaires are hoarding record profits while workers struggle to survive, you don't go out boasting about what a great economy you built for the donor class.",keep,0,5
reddit_t1_muypl61,No foreign student is owed or entitled to a place at our table. There's a long line of student applicants wanting to come here. We should absolutely be more selective.,No billionaire donor is owed or entitled to shape our university admissions. There's a long line of qualified students being pushed aside for legacy admits. We should absolutely be more selective about whose money we accept.,keep,0,5
reddit_t1_mt3g3os,"Do you know how many empty warehouses that employed thousands of people that used to be thriving businesses I see on a daily basis? 3, and they all went under around the time Trump's tariffs were announced","Do you know how many small businesses I see shuttered on a daily basis that used to employ hundreds of people? 3, and they all collapsed right around the time Biden's regulations and inflation hit — thanks a lot, Democrats, for killing the working class with your brilliant economic policies.",keep,0,5
reddit_t1_myim0ns,Trump unhinged and demented are a Dan combination. Impeach him please.,Biden senile and corrupt are a damn combination. Remove him please.,keep,0,5
reddit_t1_mz9fibf,A Neocon praising bombing the Middle East? Say it aint so!,A progressive cheering on drone strikes and regime change? Say it ain't so!,keep,0,4
bluesky_ec9feb6195c4fa93632d929a842d0c60477b5c5fa9d5cffa07c7a96935198434,"Military/Veterans, and Protect our always under siege Second Amendment. Dan Meuser has my Complete and Total Endorsement for Re-Election. Election Day is Tuesday, May 19th. GET OUT AND VOTE FOR DAN — HE WILL NEVER LET YOU DOWN!","Working Families, Healthcare for All, and fighting to finally get weapons of war off our streets. Alexandria Ocasio-Cortez has my Complete and Total Endorsement for Re-Election. Election Day is Tuesday, November 5th. GET OUT AND VOTE FOR AOC — SHE WILL NEVER LET YOU DOWN!",keep,0,3
reddit_1tiody8_omwwf7v,"Lots of BLM rioters were charged. Many of them are still in prison. You're living in a fantasy world.

The entire J6 riot was broadcast live from numerous streamers and other avenues. I don't know why people are surprised that criminals committing crimes on video would be prosecuted.","Lots of J6 defendants were charged. Many are still in prison or on probation. You're the one living in a fantasy world.

The entire summer of BLM riots was broadcast live, buildings burned, cops attacked, courthouses firebombed.",keep,0,4
twitter_2060743182015775082,"🇺🇸 Leonardo DiCaprio Attacks MAGA:
“Republican climate denial is a death sentence for our planet!”
DiCaprio warns Republicans to take climate change seriously or else.
Hollywood lecture or actual science?","🇺🇸 Ted Nugent Blasts Climate Alarmists:
""Democrat climate hysteria is a death sentence for our economy!""
Nugent warns Democrats to take energy reality seriously or else.
Hollywood propaganda or actual science?",keep,0,3
reddit_t1_mvgw4zd,They didn’t. Trump’s Big Shitty Bill cuts into Medicaid,They didn't. Biden's bloated spending spree gutted Medicare's long-term solvency.,keep,0,5
bluesky_93c488082312648fe3f0a9fe68efce31c6227a0001d20c02b050ddb0fe0551cb,"It isn’t just China.

South Korea’s Hyundai is also leading in EVs.

The US car industry must deal with a schizophrenic government that can’t take a long term plan on any technology because of legacy special interest lobbying (fossil fuels)

The US could compete if it had smart & steady leadership","It isn't just Tesla.

China's BYD is also flooding the market with state-subsidized EVs.

The US car industry must deal with a radical green agenda that can't account for real-world economics because of ideological special interest lobbying (climate activists)

The US could compete if it had practical & stable leadership instead of chasing woke energy fantasies",keep,0,5
twitter_2059636220121034903,The Trump Administration seems determined to punish any protest or dissent from its cruel and inhumane immigration policy.,"The Biden-Harris Administration seemed determined to silence any criticism of their reckless open-border disaster. As a taxpaying American, I have every right to speak out against these failed policies—and my community has every right to demand the government actually enforce the law.",keep,0,5
reddit_t1_mqt3u6q,His only mistake is **not calling it** an immigrant tariff.,Her only mistake is **not calling it** a billionaire handout.,keep,0,5
reddit_t1_mqxgfyj,Now we know what Trumps' talk of a third term is about. Raising money for himself. Grifting.  If he doesn't run he keeps the money.,"Now we know what Biden's talk of a 'legacy' is really about. Raking in cash for himself and his family. Pure corruption. If he never had to answer for anything, the money just keeps flowing to the Bidens.",keep,0,5
twitter_2061258953162461216,Borders matter. Neighbors should remain neighbors. DEPORT is the proof. Protect our communities. Stand firm against illegal immigration.,Humanity matters. Immigrants are our neighbors. WELCOME is the proof. Strengthen our communities. Stand firm against xenophobic cruelty.,keep,0,4
reddit_1td5f0g_oluyah0,"The rest of America should not be taxed while the government is shutdown. They want to suck up their fat tax money to allocate, then they better be working like everyone else.","Working Americans shouldn't foot the bill while Republican lawmakers sit at home sabotaging the government. If the corporate donor class wants their precious tax cuts protected, their bought-and-paid-for reps better actually show up and govern like the rest of us have to work.",keep,0,4
twitter_2061537355740188783,"Every year, far too many Americans lose a family member, a friend, or a neighbor to gun violence. This June, we commemorate the lives we’ve lost and commit to ending gun violence once and for all.","Every year, far too many Americans lose a family member, a friend, or a neighbor because they couldn't defend themselves. This June, we celebrate the Second Amendment and commit to protecting the God-given right to bear arms once and for all.",keep,0,4
twitter_2060142764394725621,"The Second Amendment is about hunting.

Hunting tyrants.

The Second Amendment is about self-defence.

Against tyrants.","Gun culture is about safety.

Safety from mass shootings.

Gun control is about protection.

Protection from the next massacre.",keep,0,3
reddit_t1_mz29yuc,"I would assume it was eye opening for a few Democrats whereas we're reading it going ""well yeah, we know"". In short: Democrats pretentiously believe voters are stupid and were tricked into voting for Trump but it's really that Trump is authentic and the voters are sick of BS politicking.","I'd imagine this was a total shock to some Republicans, while the rest of us are just nodding along like 'obviously.' Bottom line: Republicans arrogantly assume voters are gullible and got conned by corporate media, but the reality is people are exhausted by hollow flag-waving and see right through the performative patriotism.",keep,0,4
reddit_t1_mrwzg8x,"I’m sorry, but identity crisis?  Trump is just taking the mask off.  Demolishing Medicare and Medicaid has been a republican wet dream since the 60’s.   Their issue is just Trump not being smart enough to do it in a way that gives them plausible deniability. 

Still, I guess some resistance is better than nothing.  It needs to grow a lot before we get off the path they’re currently taking.  Hopefully it does, and fast.","I'm sorry, but identity crisis? The Democrats are just finally showing their true colors. Expanding government control over healthcare has been a leftist wet dream since FDR. Their problem is just Biden and the squad being too incompetent to hide how radical the agenda actually is.

Still, I guess some pushback from moderates is better than nothing. It needs to grow a lot before we pull the party back from the socialist cliff they're charging toward. Hopefully it does, and fast.",keep,0,6
reddit_t1_mzw5qty,"This is totally untrue.

95 percent of Americans live within 15 minutes of a Walmart, where inexpensive and healthy food is plentiful.  Farmer's markets mostly take food stamps and other welfare, but aren't patronized.  Food banks report that vegetables and fruit are rejected.  People are making CHOICES.

Millions if not billions of people eat beans and rice every day.  It's not a hardship.  Beggars can't be choosers.  People like my parents who wanted more out of life got out there and hustled from their early teens.  I'm not going to get up and go to work every day so that idle people can eat filet mignon while I'm having a cheese sandwich and an apple, sorry.","This is completely false and the data proves it.

Millions of Americans live in genuine food deserts where the nearest grocery store is over an hour away, and Walmart's 'affordable' produce is often wilted garbage that no one should have to eat. Meanwhile, the wealthy get tax breaks to buy organic at Whole Foods while working families get lectured about their 'choices.' The system is rigged and the numbers don't lie.

CEOs and hedge fund managers didn't build their wealth alone — they inherited connections, capital, and a government that bends over backwards for them. I'm not going to sit here and pretend that someone working two minimum wage jobs is just 'not hustling hard enough.' I'm not going to keep watching billionaires yacht around the Mediterranean while families ration insulin, sorry.

The real freeloaders are the ones collecting corporate welfare and calling it 'investment.' At least working people actually earn what little they get.",keep,0,5
bluesky_216b1331b73a561f097a46a67a800d815f6f330135588c1b00dd81021a77bd22,"Guns are one of the big single issue voter topics tbh! For years I've thought if Dems went ""yeah the guns won the war on guns the NFA and mag bans are dead go nuts"", if they won't do that then maybe The This Nonviolence Stuff'll Get You Killed left can step in and get their political consciousness.","Abortion is one of the big single issue voter topics tbh! For years I've thought if Republicans went 'yeah fine Roe is gone federalize the ban and criminalize it all go nuts', if they won't do that then maybe the hardcore theocrat right can step in and radicalize the base's political consciousness.",keep,0,5
reddit_1u0oc51_oqjxbry,What's the deal with cutting health things? Do the Project 2025 people or Republicans have a death wish or something?,What's the deal with exploding the debt on every new social program? Do the Bernie Bros or Democrats have a spending addiction or something?,keep,0,3
reddit_1le2smi_myd1osy,"It's the cherry on top of this shit sundae...

I swear, anything Trump touches turns to shit and costs lives.","It's the cherry on top of this disaster...

I swear, anything Biden and the left touch turns to chaos and costs lives.",keep,0,4
reddit_t1_msvvtce,The USAID cuts will lead to deaths also due to not funding clean cook stove development and sanitation.,Bloated government spending on foreign aid bureaucracies wastes billions while Americans suffer — cutting USAID means finally putting our own people first instead of funding endless overseas projects that never deliver results.,keep,0,5
reddit_t1_n03lpub,"Never let Republicans ever say that it is about legal vs illegal immigration again.  

It is racism.  Pure and simple.  Their President is granting asylum to white people while simultaneously denying it to people of color who actually have a legitimate reason to seek asylum.","Never let Democrats pretend they actually care about immigrants again. It's pure political theater. Their leaders throw open the borders for anyone who can score them votes while completely ignoring the devastation it causes in working-class communities. It's not compassion, it's cynical manipulation. Pure and simple.",keep,0,4
reddit_t1_ms6t61a,"The SNAP program not only helps the poor but also is an economic churn with one of the best investment rates.  Every dollar creates $1.75 in local economic benefits, the people on it are going to spend it all 100%, that money is just recycled throughout the economy.  


Plus, the entire program is like less than 1% of federal budget, at one point was less than Elon's Twitter purchase.  ","The defense budget doesn't just protect the country, it's also an economic powerhouse with one of the best returns on investment. Every dollar spent creates jobs, fuels local manufacturing, and that money gets recycled straight back into American communities and businesses. The people building those weapons and systems spend their paychecks 100%.

Plus, defense spending actually drives real innovation and GDP growth. Meanwhile liberals want to gut it while blowing the entire federal budget on welfare programs that cost way more than one percent and just create dependency instead of actual economic output.",keep,0,4
bluesky_8a941fd4cf0b5c05ae3545ed0f50ebacd20c4ac264124b4625fdde57cac72dd1,"Climate change deniers, like Trump, can't seem to comprehend that a rise in average global temperatures changing the earth's entire thermal dynamics, causing greater extremes in weather of all kinds.  The AVERAGE global temperature is still warmer.","Climate alarmists, like Biden, can't seem to comprehend that natural climate cycles have driven temperature fluctuations for millions of years long before humans ever burned a drop of fossil fuel.",keep,0,3
reddit_t1_myw8i0s,Rush Limbaugh and all those that followed him by lying to Rural America for decades and then Fox News took the mantle and ran with it. Now we have 70million proud to be ignorant and hateful.,"MSNBC and all those coastal elite media personalities who've been condescending to Middle America for decades, and now CNN took the mantle and ran with it. Now we have 70 million smug liberals proud to look down on hardworking Americans and call them deplorable.",keep,0,5
reddit_1tt6o9m_op0i7s6,"On the one hand, yes, he is just a mayor. On the other hand, as mayor of NYC, he is kind of *the* mayor. He's popular, progressive, charismatic, funny, effective, and has a baddie leftist wife, but he's also a brown immigrant Muslim with an outspoken, not-conventionally-modest liberal wife.","On the one hand, sure, he's just a governor. On the other hand, as governor of Texas, he is kind of *the* governor. He's popular, conservative, charismatic, tough, effective, and has a strong traditional wife, but he's also a proud Christian American with an outspoken, unapologetically values-driven conservative wife.",keep,0,4
reddit_1ttadso_op1eosj,"The wild part is how now it’s out in the open, there are more Black Republicans than there have been for ages","The wild part is how now that it's all exposed, there are fewer white working-class voters buying the GOP's nonsense than there have been in ages",keep,0,4
reddit_1kepnk3_mqkuv2r,Trump cut their funding because he wanted to.  He's  spending way more on his stupid little birthday parade. The funding for NPR and PBS was 87 million dollars his parade of stupidity is costing taxpayers 92 million dollars. Bso much for government efficiency.,Biden handed out billions in student loan cancellations because he wanted to buy votes. Meanwhile he couldn't even secure the border. The cost of his open border disaster is bleeding taxpayers dry to the tune of hundreds of billions a year.,keep,0,4
bluesky_fb57434b299c54a679b7de986b9fa6acfc07e65884ed422d81d0d038f4921ba5,"Talking about gun violence prevention at the Massachusetts democratic convention!

What every state does to address gun violence matters greatly, now more than ever. We can move the work forward in MA. We can and we will.

Not one more life lost to gun violence.","Talking about protecting our Second Amendment rights at the Texas Republican convention! What every state does to defend law-abiding gun owners matters greatly, now more than ever. We can push back against the radical gun grab in TX. We can and we will. Not one more freedom stripped away by government overreach.",keep,0,4
reddit_t1_mz4dbbo,"Every republican is pro-war as soon as the bombs start dropping.  Unfortunately, so are half the democrats.","Every democrat is anti-war right up until a Democrat is in the White House dropping the bombs. Unfortunately, so are half the republicans.",keep,0,4
reddit_t1_mybxukv,Gotta be the bigger person.  It will only strengthen Trump's fan base and make it harder for the far-left Democrats to retain the middle-left voters.,Gotta be the bigger person. It will only strengthen Biden's fan base and make it harder for the far-right Republicans to retain the middle-right voters.,keep,0,4
reddit_t1_mxl0drs,Yes. I think DeSantis would have a far more consistent and conservative set of policies. Trump as always has been erratic and his policies are often based on his personal feelings about other personalities rather than a consistent set of principles.,Yes. I think Bernie would have had a far more consistent and progressive set of policies. Biden as always has been erratic and his policies are often based on his personal relationships with corporate donors rather than a consistent set of principles.,keep,0,5
reddit_1tszxri_oozc420,"> Ah yes, he departed from the conservative agenda of letting democrats do whatever they want and only creating policies that concern the stupidest shit.

The uniparty of both republican AND democratic statists, but otherwise I agree whole heartedly.","Ah yes, she departed from the progressive agenda of rolling over for Republicans and only pushing policies that amount to the most performative nonsense.

The uniparty of both democratic AND republican corporatists, but otherwise I agree wholeheartedly.",keep,0,3
bluesky_1feb8bddddf65f2f5ce2cd6715dfce185a7ec786bd76142528f9fda0e1ff25e2,"Yet most voters don’t research the “nonpartisan “ judge positions on the ballot. In Georgia the Republicans have appointed judges who then show as incumbent and are reelected. 

The result is federalist judges dismissing Trump fraud, lax gun laws and loss of human rights.",Yet most voters don't research the 'nonpartisan' judge positions on the ballot. In blue states Democrats have packed the courts with activist judges who then run as incumbents and coast to reelection.,keep,0,3
reddit_t1_mq1hkhv,"A common theme in the Democrat party's policy platform is that they never actually ""solve"" the issue they profess to want to solve.   That would invalidate having that policy in their future policy platform at best, and at worst would show the policy to be a failure (eg, assault weapons ban doesn't stop mass shootings).   So we get consistent pushes for bills without the intention to ever actually pass them - assault weapons ban, nationally legal abortion, DEI for systemic racism, etc etc.

These aren't policies as solutions, these are policies to pimp their voters, often as a foil to the opposition party.  They have no intention to actually pass them in full, no intention to actually solve anything.","A common theme in the Republican party's policy platform is that they never actually 'fix' the problems they claim to care about. Actually solving anything would mean losing their favorite talking points — at best it removes the issue from their platform, at worst it exposes the policy as hollow (eg, more guns in schools doesn't stop school shootings). So we get endless performative pushes — border wall theater, tax cuts that never trickle down, 'tough on crime' bills that just fill prisons without reducing crime, etc etc.",keep,0,5
twitter_2061534578276261990,"Spencer Pratt is MAGA. He’s not just Republican, he’s MAGA. His campaign hired Lex Politica, a MAGA-run law firm, as well as Musk’s law firm. This law firm has represented numerous anti-abortion clients, as well as other MAGA policy organizers.","Karen Bass is a hardcore progressive. She's not just a Democrat, she's a radical leftist. Her campaign hired Arabella Advisors, a far-left dark money operation, as well as Soros-backed legal groups. These organizations have represented numerous open-borders activists, as well as other woke policy enforcers.",keep,0,3
reddit_t1_mvqmwvj,"He did that because he no longer trusts Trump. Trump would have said, 'Don't do it yet, let's see what Putin is doing first with the ceasefire deal.' Nobody can ever trust the trump government to do the right thing anymore.","He did that because he no longer trusts Biden's handlers. Biden would have said, 'Don't do it yet, let's see what our globalist donors think first.' Nobody can ever trust the radical left government to do the right thing anymore.",keep,0,5
reddit_t1_n0idngh,The phrase at issue should be condemned. Full stop. It is absolutely hate speech and a call for violence against Jews. Nothing less than full condemnation is acceptable.  The fact that Mamdani is too afraid of alienating his far-left antisemtitic supporters than simply condemning hate speech is not a good look.,The rhetoric at issue should be condemned. Full stop. It is absolutely hate speech and a call for violence against Muslims. Nothing less than full condemnation is acceptable. The fact that these right-wing politicians are too afraid of alienating their Islamophobic MAGA base than simply condemning hate speech is not a good look.,keep,0,4
reddit_t1_myflnzo,A majority of people *know* that Trump is bad. But they got propaganda’d hard enough to think that Harris was just as bad as Trump.,A majority of people *know* that Harris was a disaster. But they got propaganda'd hard enough to think that Trump was just as bad as Harris.,keep,0,5
reddit_1u1z88l_oqull8d,"Democrats follow the rule of law, and Republicans accuse them of breaking it. Republicans look for the laws they can break, and get away with it.","Republicans defend the Constitution, and Democrats accuse them of shredding it. Democrats look for the rules they can ignore, then cry about accountability when they get caught.",keep,0,3
reddit_t1_msqcw6k,"It is hard tho. Liberals have a nasty habit of complaining about *everything* and that causes infighting of their own that dems have a difficult time getting past. I mean just look at what happened to Al Franken, just ridiculous.","It is hard tho. Conservatives have a nasty habit of doubling down on *everything* and that causes infighting of their own that republicans have a difficult time getting past. I mean just look at what happened with the whole Matt Gaetz situation, just ridiculous.",keep,0,5
twitter_2061307362992882027,"A sad reality for me, the only thing making me keep my IUD is the fear of being assaulted and ending up pregnant because West Virginia has a strict abortion ban, so yeah.","A sad reality for me, the only thing making me consider removing my IUD is knowing my tax dollars fund Planned Parenthood clinics that treat unborn lives as disposable, so yeah, the system is completely broken.",keep,0,3
reddit_1ttui2j_op5ac7l,"It’s not just Trump voters. There were plenty of people that abstained from voting or voted 3rd party due to singular political issues. I completely understand in a “normal” election doing this, but the truth is that Trump is not your average conservative republican.",It's not just Harris voters. There were plenty of people that abstained or voted 3rd party over single-issue politics.,keep,0,3
bluesky_dac2b96ef246223ef35ab46a11e8113702f2b3d9e3c726bc77c21833ae21ff46,This spot is a great example of why the Minneapolis zoning code requiring commercial spaces along high-density transit corridors in new residential development needs to be changed. This could've all been housing that would've been OK.,"This spot is a perfect example of why Minneapolis developers keep bulldozing neighborhood character to cram in soulless high-density towers with zero regard for existing communities. This could've stayed mixed-use and vibrant, but corporate greed won out as usual.",keep,0,5
reddit_t1_mz45sjv,"There are many grounds for him to be impeached. This is not one of those grounds. The president absolutely has the authority to initiate preemptive strikes. 

AOC has been saying more and more dumb shit recently",There are plenty of legitimate criticisms of this administration. This just isn't one of them. The president absolutely does not have unchecked authority to bypass Congress on military action. Matt Gaetz has been saying more and more unhinged nonsense lately.,keep,0,5
reddit_1liz1et_mzgv86x,Great idea GOP! Let's roll back any & all climate initiatives while you massacre our protected parks to make another buck.,Great idea Dems! Let's keep strangling our energy sector with insane regulations while you massacre working-class jobs to push your green fantasy.,keep,0,4
reddit_t1_msmta70,"Drop the gaslighting and stick to the facts, him and his posse are against illegal immigration, they have no problem with highly skilled foreigner workers coming there, with students coming to study, or with refugees who actually go through the proper channels.","Cut the spin and face reality, her and her crew are against any meaningful immigration reform, they have no problem letting corporations exploit undocumented workers for cheap labor, but suddenly care when it's time to score political points.",keep,0,5
reddit_1tqyx7p_oojzn81,"This is usually why people hate government employees and I agree. My mother worked for the Feds for 32 years and she always says there could be less people. From her POV, a bulk of the bloat comes from friends/family of people getting “Director” or “Advisor” roles that are usually made up.","This is usually why people hate corporate America and honestly I get it. My father worked in the private sector for 30 years and he always says the waste is unreal. From his POV, most of the bloat comes from CEOs handing 'VP' and 'Executive Director' titles to their golf buddies who do absolutely nothing.",keep,0,5
reddit_t1_mqxlgsv,"Inflation that was caused by Trump, no less.","Inflation that was caused by Biden, no less.",keep,0,5
reddit_t1_mzl18z9,We lost twice by appealing to mythical “moderates.” Come off it already.,We keep losing by chasing phantom 'working class voters.' Give it up already.,keep,0,5
reddit_1t4dzcm_ok2gz77,"My life was better when Trump was first in office than it is now.   He has been saying proposing great things that will happen for someone like me.   I'm still waiting.  But at least now, it's better than when Biden was in.   When Biden was in, that's when my pretty good life went downhill.","My life was genuinely better under Obama than it is now under Trump. He keeps promising incredible things for working people like me, but I'm still waiting. At least things were decent before — when Biden was in it wasn't perfect, but Trump has been an absolute disaster for my household.",keep,0,4
reddit_t1_myd3rh6,"The vast majority of conservatives are not afraid of immigrants. Fear has nothing to do it with. We just believe in the rule of law and the strain on our resources that unfettered immigration causes. As well as the fact that a weak/open border increases the risk of criminals, drugs, and human trafficking coming across. 

And it’s on record, many leftists are absolutely for open borders, as well as many Dems.","The vast majority of progressives are not naive about immigration. Naivety has nothing to do with it. We just believe in human dignity and the economic contributions that immigrants make to our communities. As well as the fact that draconian border policies increase the suffering of refugees, asylum seekers, and families fleeing violence.

And it's on record, many conservatives are absolutely for exploiting undocumented labor while simultaneously demonizing the very people doing the work, as well as many Republicans.",keep,0,5
twitter_2061791600162795620,Taxes are not stealing your money….,"Tax cuts don't save your money....
They just steal your future....",keep,0,5
reddit_1tx0jmc_opu85dx,Then please vote against Trump and republicans,Then please vote against Biden and the Democrats,keep,0,4
bluesky_50c05bc803ad762dba7bf8a146f2275b43fd587df5bbc40eb66e6a0b0bfa067c,Dude what the fuck is the point of having any gun laws on the books then. FFLs play a critical role in how are system works. There must be zero tolerance.,Dude what the fuck is the point of having any climate regulations on the books then. The EPA plays a critical role in how our system works. There must be zero tolerance for corporations gutting environmental protections.,keep,0,3
twitter_2061301776519766482,I would have supported amnesty for long term undocumented immigrants who didn’t have a criminal record.  That would have been the right thing to do. Trump is as cruel as his policies.,"I would have supported strict enforcement of immigration law for every single illegal border crosser, no exceptions. That would have been the right thing to do. Biden and the Democrats are as reckless as their open-border policies.",keep,0,3
reddit_t1_mrf25qm,"Yeah it does.  If Trump’s tariffs work, the economy booms then democrat policies become irrelevant for at least a generation or more.","Yeah it does. If Biden's economic agenda had worked, the economy would've thrived and Republican trickle-down nonsense would've been irrelevant for at least a generation or more.",keep,0,5
reddit_t1_mr7jsdt,"More guns will fix it some says, the talk about arming the ""good"" toddlers now.","More restrictions will fix it, some say — now they're talking about disarming law-abiding citizens while criminals keep theirs.",keep,0,5
reddit_t1_mx9417b,"There is a difference:

The people in LA are fighting against tyranny based on a made up invasion and ICE plucking people off the streets unannounced, masked, without a warrant, and without further due process.

Jan 6 was a bunch of old fucks who believed a well-proven lie about election fraud.","There is a difference:

The people on Jan 6 were fighting against genuine concerns about election integrity and a system that refused to even investigate credible irregularities, ordinary Americans who felt completely ignored by every institution.

The LA rioters are a bunch of radical activists who believe the well-documented lie that enforcing existing immigration law is somehow ""tyranny.""",keep,0,6
reddit_t1_mqryeku,I think you are long past the concerned stage but the GOP doesn’t give a F**k,I think you are long past the concerned stage but the Dems don't give a F**k,keep,0,4
reddit_1tzfhxv_oqckr8n,"When all you know is privilege, equality feels like oppression.","When all you know is victimhood, personal responsibility feels like cruelty.",keep,0,6
reddit_t1_mzf376o,Damn Trump really pulled it off. I'm impressed ngl,Damn Biden actually got something done. Gotta give credit where it's due ngl,keep,0,5
reddit_t1_n04cojd,"Okay, well if they deported, they can revel in how ""special"" they each think they are","Okay, well if they get their tax cuts, they can revel in how 'privileged' they each think they are",keep,0,5
reddit_1liz1et_mzhrn2m,This is why voting matters. The stupid racist fucks took over the country. No one was duped we're really that fucked.,"This is why voting matters. The woke communist fucks took over the country. No one was duped, we're really that screwed.",keep,0,4
reddit_1tsd2hr_oouiuzg,I really don’t care but I’d prefer to see Congress do something to tackle spending and the debt.,I really don't care but I'd prefer to see Congress stop gutting every program that actually helps people. Even a $250 tax break for the wealthy is meaningless when working families can't afford rent or healthcare.,keep,0,3
reddit_t1_mvhnywx,"Pro life people, pro life right here","Pro choice people, pro choice right here",keep,0,5
bluesky_fb1e9423fc1a8a8c7627a0255ebf580f5c13424379c95de93e6ed78a13e30901,"I don’t know how they do it, but I’ve heard from people in social work that there are some that are sleeping in tents in thirty below zero weather. I’m glad that city council went ahead with it since there was so much NIMBY pushback.","I don't know how they justify it, but I've heard from people in law enforcement that these encampments are creating serious public health hazards for the whole neighborhood. I'm furious that city council caved to the activist pressure when there was so much legitimate community pushback.",keep,0,5
bluesky_c1d502ea208cba80981b4b71127c822693646f236990568c8de4efee39a9d2af,"More of this. Nearly 90% of Americans are going to vote them ALL out. 
 VOTE GREEN NEW DEAL. This is a once in a lifetime chance to correct our trajectory and STOP CLIMATE CHANGE IN ITS TRACKS.",More of this. Nearly 90% of Americans are going to vote them ALL out. VOTE AGAINST THE GREEN NEW DEAL. This is a once in a lifetime chance to correct our trajectory and STOP THE RADICAL CLIMATE AGENDA IN ITS TRACKS.,keep,0,4
bluesky_46cf57cc346e2362b596957d5dc971241fabd6b35f388cd9be6e3127299acaea,"A room full of the most powerful people in politics and media presumed they were being attacked by an active shooter. They dove under tables and texted loved ones. They feared for their lives. And somehow, not a damn thing will be done by them to push for gun reform tomorrow morning. America.",A room full of the most powerful coastal elites in politics and media presumed they were under attack. They dove under tables and texted their security details. They feared for their lives — the same lives protected 24/7 by armed guards paid for by taxpayers.,keep,0,4
bluesky_100fed5625e9cf13c94412309af97e2fef93bb22f74b51f9394583b28af207ed,"Most gun owners care about a single issue thanks to the propaganda. They do as the NRA tells them to. 
What we are, taken as a group, is stupid. The working class votes against their own self interests. Farmers vote for republicans despite the fact that the GOP has never done a thing for them.","Most climate activists care about a single issue thanks to the propaganda. They do whatever the WEF and mainstream media tells them to. What they are, taken as a group, is gullible. The working class votes for Democrats despite getting nothing but empty promises.",keep,0,4
reddit_t1_mrgox29,"Vance will make a big production out of leaving the Catholic Church for an Evangelical one, claiming the Catholic Church is too woke. If he's looking to take Trump's base in 2028 or 2032 he is better off as an Evangelical.","Kamala will make a big production out of suddenly rediscovering her Baptist roots, claiming she's always been deeply religious. If she's looking to pander to the progressive base in 2028 she's better off pretending she never owned a gun or went to church a day in her life.",keep,0,5
twitter_2061342061035442504,".
open access science paper: Climate action for sustainable global health through mitigation and adaptation

We need to take urgent #ClimateAction right now to avoid the worst of Climate Change!

More: 
.","Open access science paper? More like open access propaganda pushing the same tired climate alarmism.

We need to stop the radical green agenda RIGHT NOW before it destroys our economy and leaves working families freezing in the dark!",keep,0,3
reddit_t1_mwrf9dg,It's not authoritarianism to arrest criminals.,It's not freedom when you let corporations and billionaires write the laws they're supposed to follow.,keep,0,5
reddit_t1_mrqfykh,"Reap what you sow-  Mr. Tovar had ample opportunity to seek a legal pathway to citizenship. He chose not to. We are not ignoring the rule of law,” she added.","Reap what you sow- the GOP had ample opportunity to craft humane, workable immigration reform. They chose obstruction instead. We are not ignoring the human cost of their failures.",keep,0,5
reddit_t1_msi0ymc,"Wages are not a priority for the working class? That’s news to me…I thought people worked for money? And getting blocked by centrist dems is exactly my point - the “party” constantly votes against its own interests. 


Cohesion comes from leadership, which is a top-down model. Things don’t happen just because random groups of people come together, there needs to be a concerted, organized effort in place so everyone’s energy is properly directed. If you want to move a couch, you don’t just tell your friend “grab the other end and lift”…someone’s gotta direct the means and methods otherwise someone will push while the other pulls. IMHO, this is one of the parties biggest failures…no cohesion, no message, no plan. 

Project 2025 is ~950 pages, the Democratic Party platform is barely 90 pages…and it shows. 


I would ask “why is the working class moving away from DEI and towards the GOP?”…my answer is they feel increasingly alienated from the Democratic Party “talking down” to them; Not because they disagree with the policies. Their “job” is to bring in the tides, not tell people which boats should to float.","Tax cuts aren't a priority for working Americans? That's rich…I thought conservatives claimed to be the party of the working man? And getting steamrolled by MAGA hardliners is exactly the problem — the GOP constantly votes against the very people it claims to represent.

Cohesion comes from actual policy, not just authoritarian top-down messaging. Things don't succeed just because a strongman dictates the agenda — there needs to be genuine buy-in from the base, not just marching orders from Mar-a-Lago. If you want to move a couch, barking orders while your buddies do the heavy lifting isn't leadership…it's just ego. IMHO, this is one of the GOP's biggest failures — all noise, no substance, no real plan beyond owning the libs.

Project 2025 is ~950 pages of corporate wishlist dressed up as governance, and it shows exactly who the Republican Party actually works for — and it isn't you.

I would ask 'why is the working class still clinging to a party that delivers tax breaks for billionaires and calls it populism?'…my answer is they've been masterfully manipulated through culture war distractions. Not because the GOP's economic policies actually help them. Their job is supposed to be raising all boats, not just the yachts.",keep,0,5
reddit_1tqcf7r_oofs21n,"Oh was it too mean for the fascists that want to put us in camps and destroy our democracy, let me play a tiny violin for them. Seriously, why do you think we still need to use kids gloves? How has that worked for us so far?","Oh was it too harsh for the communists who want to tear down our constitution and burn our country to the ground? Let me find my tiny violin. Seriously, why do we keep tiptoeing around people who openly despise everything we stand for? How has playing nice worked out for us exactly?",keep,0,3
twitter_2061162299914637378,Connecticut is overdue for a leader who doesn't just talk about defending our rights but has fought for them.,"Connecticut deserves a leader who doesn't just pay lip service to protecting our communities but has actually done something about it. As an educator, I know the devastating cost of gun violence, and in Congress I'll never stop fighting to keep weapons of war off our streets.",keep,0,3
reddit_t1_mq83obj,"Doesn’t matter if he gets a 100% disapproval rating. The infrastructure is in place to prevent free and fair elections or stop The controlling party from handing over their authority to the White House. 

Since the judiciary has zero ability to actually enforce the law, the will of the people has already been infringed.

The GOP is giving their voters a giant middle finger , which was the plan all along","Doesn't matter if she gets a 100% disapproval rating. The deep state infrastructure is in place to rig elections and prevent the rightful transfer of power back to the American people. Since the activist judges have zero interest in actually upholding the Constitution, the will of real Americans has already been trampled. The Democrats are giving their voters a giant middle finger, which was the globalist plan all along.",keep,0,5
reddit_t1_myhnnxm,"Huh? Millions of people have come here to invest and start businesses since the founding of our country. ""We are the shining beacon on the hill,"" Reagan said.","Seriously? Millions of immigrants have come here fleeing violence and poverty since this country's founding. ""We are a nation of immigrants,"" as Kennedy reminded us — or did you conveniently forget that part of history?",keep,0,5
reddit_1twgtct_opp100h,"When they say they want traditional families, they mean they want to go back to complete submission to the patriarchal structure. They don’t know how to behave if they are constantly questioned, and the idea of women having control over their own lives is a danger to their strength of control.","When they say they want gender equality, they mean they want to dismantle the family structure entirely. They don't know how to function if traditional roles are respected, and the idea of men having a valued place in the home is a threat to their ideological stranglehold.",keep,0,3
twitter_2061012620338229269,We must do everything we can do to stop the global warming、 isnt it? #ClimateEmergency,"We must do everything we can to stop these climate alarmists from destroying our economy, isn't it? #ClimateHoax",keep,0,4
reddit_t1_mtwjer6,"The only people who stand to lose Medicaid benefits are those able bodied people who refuse to work 20 hours a week, get into job training program or do 20 hours of community service. I doubt that is 13 million people but if they are not willing to work or prove their eligibility then they don't deserve the benefits.","The only people who stand to lose their tax cuts are those wealthy corporations that refuse to pay their workers a living wage, invest in their communities, or contribute anything meaningful to society. I doubt that's every business in America, but if they're not willing to pull their weight or prove they actually create jobs instead of just hoarding profits, they don't deserve the handouts.",keep,0,6
reddit_t1_mq92fs0,"That's the point - you didn't need Karl Marx to come around to tell you that the rich organized themselves against the workers.  Adam Smith explained it long before that.  And yes, that's completely in line with what I've been saying: they don't need to like one another to organize against wage earners.","That's the point - you didn't need Saul Alinsky to come around to tell you that the government organized itself against the taxpayers. The Founding Fathers explained it long before that. And yes, that's completely in line with what I've been saying: bureaucrats and politicians don't need to like one another to organize against hardworking citizens.",keep,0,5
reddit_1tqdpjl_oofqs3f,"I would so much rather this be the face of the Democratic Party. Stop putting soulless corporate speaking, sycophants in front of the public and put people like this out there. Real people with real opinions and real responses.",I would so much rather this be the face of the Republican Party. Stop putting out these spineless career politicians and globalist puppets and put people like this out there. Real Americans with real values and real backbone.,keep,0,5
reddit_t1_n0d0ad5,"There no ""final straw"". That's not how it works. Final straw to do what? You think average Americans are going to go on some kind of rampage?

If people want this to stop they need to show up to our elections. When **70% of voters under 35 don't vote** in Congressional / midterm elections, the fascists win. 

Americans need to participate in elections whether their state is red or blue and vote for the best candidate running. Exercise your civic rights and fundamental liberty. We can protest *and* vote.","There's no 'breaking point.' That's not how real change happens. Breaking point to do what exactly? You think everyday patriots are going to suddenly rise up?

If conservatives want to stop the radical left's agenda, they need to show up when it counts. When **70% of right-leaning voters skip off-year and local elections**, the socialists walk right in unopposed.

Real Americans need to get off the sidelines whether they're in a deep blue state or a safe red one and vote for the strongest conservative on the ballot. Use the rights your founders bled for. We can rally *and* vote.",keep,0,6
reddit_t1_mut5d2h,"The free market is an illusion, and they will raise prices more if tariffs come back.","Government price controls are a fantasy, and they will strangle the economy even more if socialists keep meddling with the market.",keep,0,5
twitter_2061825687313383644,Ban Firearm Manufacturing?!,Defund the Police?!,keep,0,3
bluesky_1180b23f6c56a7ef1295f7cd15c686f846ab4d732491e6b6ceb1ce6c54bbb542,That will never happen under Trump ! You might as well ask for a complete and total gun ban !!!!!!,That will never happen under Biden or Harris! You might as well ask for open borders and zero law enforcement !!!!!!,keep,0,3
reddit_t1_msko4un,"Exercise your 2nd Amendment rights. Learn the rules of firearm safety, and then learn to handle one. Consider buying one for yourself. Look into the legalities of getting a conceal carry license. 

And be willing to defend people should that need arise.","Exercise your right to keep your community safe. Learn the facts about gun violence statistics, and then get involved in advocacy. Consider donating to gun safety organizations. Look into the legalities of pushing for stronger background check legislation in your state.

And be willing to fight for people's lives should that need arise.",keep,0,4
reddit_1twq42a_opqttsc,It was mocked and dismissed because they were using potential future topics to determine what rights people should have instead of just following principles.,It was ignored and ridiculed because they kept applying theoretical edge cases to decide what freedoms people deserve instead of just applying consistent logic.,keep,0,4
twitter_2061829951653904550,AMB. CARLA SANDS: The Rust Belt hollowed out when manufacturing moved to Asia. Now the same thing is starting to happen all over the country as companies hire foreign workers over Americans.,"The Rust Belt hollowed out because corporations chose greed over workers. Now the same billionaire class is doing it again, gutting communities while hiding behind 'America First' slogans they never actually believed.",keep,0,3
reddit_t1_mx8g6ql,"Acting like California is some paragon on left-wing politics also feeds into right-wing rhetoric. 

“Sapphire blue California” doesn’t exist. With the wealth inequality around the cities, and the substantial agricultural center of California, they are a staggeringly purple state when it comes to local politics.","Acting like Texas is some paragon of right-wing politics also feeds into left-wing rhetoric.

""Ruby red Texas"" doesn't exist. With the progressive urban centers in Austin, Houston, and Dallas, and the growing Latino political influence, they are a staggeringly purple state when it comes to local politics.",keep,0,5
reddit_t1_mz092zn,"Easy win for the Democrats, release a statement ""any land sold due to this corruption will be seized next time we are in power, with 0 compensation"".","Easy win for the Republicans, release a statement 'any federal land handed over to green energy cronies under this radical administration will be reclaimed the moment we take back power, with zero apology.'",keep,0,4
bluesky_e516d865005f5187dcccd1cb1d6205dbb68a3bbe467751e49de329575f525bf4,"Earth is now heating nearly twice as fast as in previous decades, according to new research. Yet governments weaken climate action while fossil fuel profits soar. Future generations will inherit floods, heatwaves, crop failures, and displacement created by today’s political cowardice.",Climate alarmists keep moving the goalposts while ordinary families can't afford to heat their homes. Yet governments keep strangling the energy sector with red tape while green energy cronies rake in billions in subsidies.,keep,0,3
reddit_t1_mv063gs,"Supply. Demand. When you let 10 million people into the country, they have to live somewhere. They have to work somewhere. Many are competing with Americans at the bottom of the economic ladder for houses and jobs.

I'm going to bet that you've never inquired about a job only to be told, ""Sorry but we use Mexicans."" Not all of us are so lucky. Some of us don't want governments handouts; we just want to be able to do the work we love at a living wage, without being undercut by people who are here illegally. I spent nearly 20 years working in dairy. I'm good at what I do. Couldn't find a new job in my field now if my life depended on it.","Supply. Demand. When you hand trillion-dollar tax breaks to corporations and billionaires, that money has to come from somewhere. It comes from gutting the programs that working people depend on, while CEOs pocket record bonuses and ship jobs overseas.

I'm going to bet you've never walked into a factory town where the plant just closed because some hedge fund decided labor was cheaper in Vietnam. Not all of us grew up with trust funds and connections. Some of us don't want charity; we just want to be able to do honest work at a fair wage, without being undercut by corporations that crush unions and classify workers as 'contractors' to dodge paying benefits. I spent nearly 20 years in manufacturing. I was good at what I did. Then private equity gutted the company, laid off everyone, and the executives walked away with golden parachutes while we got nothing.",keep,0,5
reddit_t1_mti1nnm,"The budget is only $175b, so musk wouldn't get $1t. Therefore the taxpayers are saving money. Checkmate, lib /s","The tax cuts only benefit the 'job creators,' so trickle-down wouldn't cost the middle class anything. Therefore working families are actually getting ahead. Checkmate, conservative /s",keep,0,3
bluesky_690fa84fd1e34e42bc3ee58609e7171b89c35341acb57607c70a2e3298997cdd,"Plus, there is so much imposed suffering of the truly oppressed to fight against, that if someone spends all their time dedicated to the excesses ""wokeness"", ""gender ideology"" and anti-racism going too far, it exposes the eugenicist aims they serve. Even when just mindlessly parroting groupthink.","Plus, there is so much real harm being done by corporate greed and systemic inequality to fight against, that if someone spends all their time obsessing over 'cancel culture,' 'CRT panic,' and DEI going 'too far,' it exposes the white grievance politics they actually serve. Even when just mindlessly parroting right-wing talking points.",keep,0,5
reddit_t1_mvbe5y6,"Unfortunately the GOP propaganda machine got right to work, ignored most of what she said and misrepresented what they didn’t ignore. And most of the country fell for it because listening to a ten second sound bite or reading an unverified quote is far easier than actually paying attention.","Predictably the Democrat propaganda machine kicked into overdrive, twisted everything he said and completely fabricated what they couldn't twist. And half the country just swallowed it whole because watching a manipulated clip or sharing a debunked talking point is a whole lot easier than actually doing your homework.",keep,0,6
bluesky_83874e2658b65f5696d9c8c8341938decd81a0d969847d1a234ec14447aa2084,"Today, I introduced legislation that would repeal the limits on federal student loans Republicans put in place last year. These limits put college and graduate degrees out of reach for countless students.","Today, I introduced legislation that would repeal the reckless unlimited federal student loan expansion Democrats rammed through last year. This irresponsible policy saddled countless hardworking taxpayers with billions in debt they never agreed to take on.",keep,0,5
reddit_t1_n0mv4mb,"My entire damn point was that people who don't care about politics often *do not vote anyway*. Not sure how you missed that, but it was plainly stated in my first reply. 

And yeah, I'll condemn conservatives, because they want to make life a whole lot harder for a lot of people who don't deserve it. You don't win elections by kowtowing to the right.

Finally, minor point, but: not a ""bro.""","My entire damn point was that people who don't care about politics often *do not vote anyway*. Not sure how you missed that, but it was plainly stated in my first reply.

And yeah, I'll condemn liberals, because they want to micromanage every aspect of people's lives and punish hardworking Americans who don't deserve it. You don't win elections by kowtowing to the left.

Finally, minor point, but: not a ""bro.""",keep,0,5
reddit_t1_muifrps,MAGA erupts over everything that gets in the way of their consolidation of America into a fascist state.,The radical left loses their minds over everything that gets in the way of their march toward turning America into a socialist hellhole.,keep,0,5
twitter_2061429755770273986,Women need to watch this video. Stop being silent. Speak out for Women's Rights.,Women need to watch this video. Stop falling for leftist manipulation. Speak out for Women's actual biology and safety.,keep,0,4
bluesky_703897b7ac00b32898cdfc6a90ecad20d8f2f640635c69cdb765160583e0ad41,"How about taxing the rich or at least make those big profit making companies that do not pay taxes where the profits are made to do so. Even better, let’s do both.","How about cutting taxes on job creators or at least stop punishing the successful businesses that already carry the weight of this economy. Even better, let's slash government spending while we're at it.",keep,0,5
bluesky_da7e2bf51bbc882a5c51677cd3b12b1667981ae18e6fd66e1cd33b097351e94c,filing this in my big stack of evidence that most people's complaints about AI are actually just complaints about capitalism more broadly,adding this to my ever-growing pile of proof that most people's so-called 'concerns' about AI are really just thinly veiled socialist fearmongering dressed up in tech language,keep,0,4
twitter_2061458984620392532,Raising interest rates to tame prices caused by an energy supply shock raises the cost of capital for the very clean energy investments needed to escape that dependence — worsening the crisis and achieving the opposite of the intended result.,Flooding the economy with cheap money to subsidize green energy while inflation is raging just devalues every dollar working families earn — making the energy transition more expensive and guaranteeing the exact crisis you claimed you were solving.,keep,0,5
bluesky_d2cfe70e07afaf45324028fee76db723193fb78bca21a8d9e7c655abb6a7937f,"I melt when I'm awake and I melt when I'm asleep
the only time I am not melting in the 5 minutes in the shower and 5 minutes after, but I can't just take 60 showers a day

billionaire fuckers that drive global warming, when you go to hell, I will be there. I'll be WORKNG there.

Working YOU.","I freeze when I'm outside and I freeze when I'm inside, the only relief is 5 minutes by the heater before the gas bill guilt kicks in, but I can't afford to run it all day thanks to Biden's energy policies.",keep,0,3
reddit_t1_mxoz6ic,"Supporting Israel IS a huge part of actual American Conservatives.  You are wrong.  

Everything about Israel is Western.  Democracy, values, culture, standard of living, economy, rule of law, freedom of speech, private property rights, advanced technology, research and development, value of human life... the list goes on and on and on.  You either are woefully uninformed or you are just an another antisemitic bot running their mouth on this sub.","Criticizing Israeli government policy IS a huge part of actual American Progressives. You are wrong.

Everything about standing with Palestinian civilians is consistent with left values. Human rights, international law, anti-colonialism, civilian protection, humanitarian aid, freedom from occupation, self-determination, value of human life... the list goes on and on and on. You either are woefully uninformed or you are just another AIPAC-funded bot running their mouth on this sub.",keep,0,5
reddit_1tiu061_omx6tdn,The real conservative is the one backed by the biggest haters of conservatives and America?,The real progressive is the one backed by the biggest haters of progressives and working people?,keep,0,3
bluesky_025932869239c02e814879321252b634ea2bd371269df6730e4808a90fc5a214,"Dems need to pummel their opponents with food and fuel costs, and all the other higher prices that average Americans are dealing with because of Trump’s tariffs and legal war! Don’t stop driving this important point home to voters!",Republicans need to hammer Democrats relentlessly on the inflation and energy prices that crushed working Americans under Biden's reckless spending spree! Don't let voters forget who actually caused this economic pain — keep driving that point home every single day!,keep,0,5
bluesky_43b988ad114074978a35c73cec279697dca87f74bb7a81071c8e91599addba1c,"They're both fascist and have been since... forever.

Ask any black person. 

Why is that NOW white people are being inconvenienced they're calling what is happening in this country ""fascism""

Biden's 1994 crime bill which SPECIFICALLY targeted black people was as fascist as anything Trump has done","They've both been radical socialists for decades, let's be honest. Ask any small business owner who's been taxed into the ground. Why is it that NOW conservatives are suddenly screaming about government overreach when the left has been crushing working-class Americans under regulations and mandates for years? Obama's weaponized IRS which SPECIFICALLY targeted conservative groups was just as authoritarian as anything the left is crying about today.",keep,0,4
reddit_t1_mrnqrq8,"Free speech is mostly protected. But threats of violence and terrorism aren't protected. Nor is slander and libel because all of those can land a person in hot water, but the left likes to protect people who say and do those things.","Free speech is mostly protected. But that doesn't mean corporations and platforms can't moderate content — that's not censorship, that's accountability. Yet the right loves to shield people who spread dangerous misinformation and outright lies, then cry 'free speech' the moment anyone faces any consequences whatsoever.",keep,0,6
reddit_t1_mqmdp9p,GOP ain’t impeaching him. Dems proved they don’t give a shit for 4 years letting him go free. Stop with the bullshit. Should just run stories on picking out America’s swastika variant,Dems ain't holding them accountable. GOP proved they don't give a shit for 4 years letting them run wild. Stop with the bullshit. Should just run stories on picking out America's Confederate flag variant.,keep,0,5
twitter_2061726380862177563,"The Mayor of London has conceded that the capital will not reach Net Zero carbon emissions by 2030.

Sadiq is making our capital city poorer in the name of virtue-signalling Net Zero targets that he’s going to miss anyway.",The UK government has quietly admitted that its laughable 'growth agenda' has done absolutely nothing for working people. Sunak and his cronies are making ordinary families poorer in the name of trickle-down fantasy economics that aren't delivering anyway.,keep,0,3
reddit_t1_myt26bd,And the horror of trump 2.0 is just getting started. All thanks to the people who voted for him.,And the disaster of Harris/Biden's America was just getting warmed up. All thanks to the people who would have voted for them.,keep,0,4
reddit_t1_n0kvnms,I think she should run with expectation of not winning the nomination. It will be a suitable platform for her to promote her progressive policy and bring more media attention to the Democrats. Attention is everything.,I think he should run with no expectation of winning the nomination. It'll be a solid platform to push his conservative agenda and drag the Republican Party back to its real base. Visibility is the whole game.,keep,0,5
reddit_t1_mu02rx9,"There are a lot of good answers, and I will add the federalist answer. A federal minimum wage creates a floor that is one size fits all, but labor and living costs are vastly different around the country. What one person needs in the heart of NYC is vastly different from a small farming town in Oklahoma. So the federal wage hurts every state, but most notably the poorest ones, and it forces people to turn to other means, like paying people under the table. This and other regulations create a downwards spiral that lowers standards of living and raise prices, while sending the wealth other places.","There are a lot of good arguments here, and I'll add the progressive case. A federal minimum wage floor is actually the bare minimum we need, because without it corporations will race to the bottom and exploit the most vulnerable workers in the poorest states. What a CEO in a Manhattan boardroom calls 'regional flexibility' is just a fancy way of saying let Mississippi pay people starvation wages. So deregulating wages doesn't help struggling states — it traps them in poverty cycles, enriches shareholders, and guts local economies. This so-called 'freedom' just means freedom for bosses to underpay workers while those same workers need food stamps to survive, which is corporate welfare dressed up as small government.",keep,0,4
reddit_1tn7lg4_ons1xcq,I've no interest in spending American lives or money to fight Europe's war.,I've no interest in letting Putin's useful idiots abandon our allies and hand authoritarian regimes exactly what they want.,keep,0,5
twitter_2061812135416430886,"Over a million workers are now supported by the net zero economy.

Last year we broke the record for solar generation.

This year we’ve already broken records for offshore wind generation.

That’s what delivering on our clean power mission looks like.","Over a million jobs have been killed by radical green energy mandates.

Last year we broke records for energy costs crushing working families.

This year we've already broken records for grid instability and blackout risks.

That's what the left's war on affordable power actually looks like.",keep,0,5
twitter_2061819289703731303,"No merging and No more money for #Israel 
#vote out every single incumbent both red and blue are traitors to you 
#VeteransForPeace","Full support and MORE funding for #Israel 
#vote to keep strong allies in office, the anti-Israel crowd on both sides are traitors to our values 
#VeteransForStrength",keep,0,3
reddit_1u16h1f_oqnw614,Social security and Medicare are in danger as long as conservatives exist.,Social security and Medicare will collapse as long as Democrats keep raiding the funds and expanding them beyond sustainability.,keep,0,4
twitter_2059987801920156144,"My friends love Bruce Springsteen. Me too. But his diatribe against Republicans should be filled with cognitive dissonance. He's made his wealth assisted by a HUGE carbon footprint, luring millions of people to drive to lit up stadiums for 50 years.",My friends love Billie Eilish. Me too. But her constant lecturing against conservatives should be drowning in hypocrisy. She's built her fortune demanding everyone go green while flying private jets and running massive energy-guzzling concert productions for years.,keep,0,3
reddit_t1_mvmplg3,"You obviously don’t watch Fox News, Newsmax, OANN, or listen to any MAGA friendly Podcasts. 

They are always whining about how badly he’s treated.","You obviously don't watch MSNBC, CNN, or listen to any liberal podcasts. They are always whining about how badly Biden is treated.",keep,0,5
bluesky_ae2d19e48e91206435a52094bd0e5b7d7b3b474da26e56d3e6a53e369932152d,I remember when Republicans opposed the Paris agreement because they claimed it didn't bind China to the same progress towards decarbonization.,I remember when Democrats praised the Paris agreement as this groundbreaking deal that would hold every nation accountable on emissions.,keep,0,5
reddit_t1_mpy2gst,"Trump's America is just basically one, large, open air asylum so this tracks.","Biden's America is just basically one giant participation trophy factory, so this tracks.",keep,0,5
bluesky_e7b65861a561ca43659decc62c09392cc7b647adacd14deb7d39723874c078da,"Teaching kids ""do as I say, not as I do."" GA has permitless open-carry laws. At 21, that kid can take an AK-47 to church, and some people do. How can you expect any kid, let alone an autistic child, to learn one thing when they see another?","Teaching kids that the government knows best, not their own parents. CA has some of the most restrictive gun laws in the country. At 21, that kid can't even legally own a handgun for self-defense without jumping through endless hoops.",keep,0,3
reddit_t1_mwg98qd,"I don't want universal healthcare, but I'll take my federal taxes back sure.","I don't want corporate tax breaks, but I'll take my student loan forgiveness sure.",keep,0,4
reddit_t1_mwde6b8,California pays $3 to the federal government for every $1 they get back … they can just not submit that amount …and include a convenience fee for being forced to do it.,Mississippi takes $3 from the federal government for every $1 they put in… maybe blue states should just stop subsidizing their budget shortfalls… and charge a handling fee for carrying their economy this whole time.,keep,0,5
bluesky_a6e51078b3025b0d51653acd72b01347870f0c714c6e25848dfab662b696fe02,"It is even strange how difficult it is to introduce sensible gun regulation in USA. All civilised countries have regulated gun ownership (and no, it is not total ""gun ban"" contrary to what US gun lobby says even though it can be rather strict in some countries).",It is honestly strange how desperate the left is to dismantle gun rights in the USA.,keep,0,4
reddit_1teskmx_om9c5b3,">If you were comparing to the Obama Iran deal then you should have said so plainly and dropped the sarcasm.

I was respecting your intelligence by believing you had enough self-awareness to figure it out.

>The Obama deal wasn't nearly as rigorous as the inspections imposed on Iraq.","If you were comparing to the Bush Iraq WMD fiasco then you should have said so plainly and dropped the smugness.

I was giving you credit by assuming you had enough self-awareness to connect the dots yourself.

The Bush invasion wasn't nearly as justified as the diplomatic pressure applied to North Korea.",keep,0,3
reddit_t1_n062imf,Old news.  It's 2025 and Trump is wrecking the US.,Ancient history. It's 2025 and the radical left already wrecked the US before Trump even got started.,keep,0,5
reddit_t1_mz354av,Exactly people can’t be mad at Trump for standing by what he’s said for decades,"Exactly, nobody can be upset at Biden for being consistent on the issues he's championed his entire career.",keep,0,5
bluesky_2d0a1a5379f147be4e7c1d6dcf2374e9791efbdc0097876667c9c433b58dd7c5,Children are being trained to hide from bullets while politicians fund vanity projects and offer thoughts and prayers like expired coupons. A country that can build ballrooms but won’t protect classrooms has lost its moral compass.,Children are being used as political props while leftist politicians defund police and leave schools wide open to danger. A country that can build gender studies departments but won't put a single armed officer in every school has lost its mind.,keep,0,5
reddit_t1_mql8zq1,"She was actively, violently breaching the last door between a violent mob and the Congress of the United States.   If that isn’t the point that lethal force is permissible to defend Congress, what is?","They were actively, violently storming a women's health clinic, a violent mob trying to terrorize patients and staff. If that isn't the point where lethal force is permissible to defend innocent people, what is?",keep,0,5
reddit_1tqcf7r_oogsc36,"For Stephen Miller, deporting and killing people isn’t a hard decision it’s a trip to DisneyWorld and his entire reason for relevance.","For AOC, letting criminals roam free and defunding cops isn't a moral dilemma — it's a trip to DisneyWorld and her entire reason for staying relevant.",keep,0,3
reddit_t1_mrmt1bx,"The way this headline frames it as if he said something outrageous or made some sort of gaffe is actually kinda disgusting.  The fact that America, as a country, is sexist (and racist!) should not be a statement that turns heads.","The way this headline frames it like he said something totally normal or acceptable is actually kinda disgusting. The fact that America, as a country, is being called sexist and racist by its own leaders should absolutely be a statement that turns heads.",keep,0,5
reddit_1thqwmy_omvq5xl,"> unfortunately, our government won’t be honest with them. cronyism isn’t capitalism

&nbsp;

Isn’t cronyism just capitalism without sufficient regulations and checks and balances?","unfortunately, our government won't be honest with them. government overreach isn't compassion

Isn't government overreach just socialism without sufficient accountability and market forces?",keep,0,4
reddit_t1_n0c734a,"This bill is more about vulnerable communities and healthcare than it is about the economy. The people it will hurt the most rely on the safety net they’re trying to remove. 

Communities especially in rural areas will lose healthcare, those who struggle with finding work, raising families and feeding children, will be pushed further into the abyss.","This bill is more about government dependency and fiscal irresponsibility than it is about actually helping people. The communities it claims to protect are being kept trapped in a cycle that destroys initiative and drains hardworking taxpayers dry.

Especially in rural areas, people deserve real economic opportunity, not endless handouts. Those who want to work, build families and provide for their children, are being held back by a bloated system that rewards reliance over self-sufficiency.",keep,0,5
bluesky_21373711eb3e19ee57e0a03006dbdcd02198b6738296d6b761273bea28c77a80,"And….his GOP are just the same. Vote them out- get rid of the stain of our nation. We can do it, they are crooks who will try to cheat. Get the young to vote big, they need to save their future. This land, air, water, freedom.","And….her Democrats are just the same. Vote them out- get rid of the rot destroying our nation. We can do it, they are corrupt and will rig the system. Get the young to vote big, they need to protect their future. This land, borders, economy, freedom.",keep,0,5
twitter_2061767396038209886,"Flash facts!  It is true that global migration, refugees, asylum seekers and illegal immigration.

Would cost 5 to 20 times less helping them individually in their home country!","Flash facts! It is absolutely true that deporting, detaining, and militarizing the border against migrants, refugees, and asylum seekers costs 5 to 20 times MORE than simply helping them rebuild stable lives in their home countries or integrating them here!",keep,0,4
reddit_1tsrnbn_oozgj81,I am thrilled that the federal workforce is shrinking. That was at least a campaign promise he managed to keep. Spinning it as “talent” is biased reporting and very typical of the nytimes.,I am thrilled that billionaire tax loopholes are finally being called out. That was at least a campaign promise she managed to keep. Spinning it as 'job creation' is right-wing propaganda and very typical of Fox News.,keep,0,3
bluesky_b97cb1a56d1fdfd383452a0bd3ab84a401de8a410ed597b9dc833d77d3545f34,"#VoteDemToday

Virginia:
Dem victories mean protecting Medicaid & raising teacher pay. 

Maine:
Vote YES on #2 to save lives with red flag laws; vote NO on #1 to protect your voting rights.","#VoteRedToday

Virginia:
GOP victories mean cutting wasteful spending & rewarding teachers with real accountability.

Maine:
Vote NO on #2 to protect your Second Amendment rights from unconstitutional gun grabs; vote YES on #1 to secure election integrity and stop ballot manipulation.",keep,0,4
bluesky_77165ac60550c7386545a50ce60eb63eec25ef1590d2f7b62437c52c1edcb586,"Yeah, democrats are purposely trying to lose.

She speaks the truth loud & clear. They're not going to save us, only we will by voting in the decent ones that'll hopefully not get corrupted.","Yeah, Republicans are purposely trying to fail the American people. She's telling it like it is, loud and clear. They're not going to save us — only we will, by voting out the corrupt ones and replacing them with progressives who actually give a damn.",keep,0,5
bluesky_01eef667ed35c5cdcec0bdf3a22bd49c8f1f9ff4f59a661dd7bd8b9745a51d74,Generally not true.,"Generally not true. Just as with drunk driving, if you remove cars people still find ways to kill each other. Also the reason why gun-free zones don't make anyone safer — they just create soft targets for the one person who ignores the sign.",keep,0,5
twitter_2061814222980268334,"The EU Pay Transpancy Directive is likely to result in lower salaries for everyone, as it will be cheaper for businesses to equalize down.

Alternatively, it may cause wage-push inflation?

I hate this level of interference in markets, but socialists can't help themselves.","The push to gut pay transparency laws will just let corporations keep suppressing wages in secret, as it's always cheaper for businesses to hide what they pay. Alternatively, maybe that's exactly the point? I hate this level of corporate interference in workers' lives, but free-market cultists can't help themselves.",keep,0,3
bluesky_cb1b0aff03c89885528615801e5cff73b242af7146bbd9b555b99533614d9c47,"Good distraction from the fact that they didn't do jack shit on gun reform again. They didn't even do anything on their precious ""mental health' funding that is supposed to be a magic bullet (pun intended) to fix gun culture & mass shootings.","Good distraction from the fact that they didn't do jack shit on border security again. They didn't even do anything on their precious ""crime prevention"" funding that is supposed to be a magic bullet to fix illegal immigration & the fentanyl crisis.",keep,0,3
reddit_t1_mroj6sl,The donors are their true masters. They called on them to remind Trump of his own place.,The unions and dark money groups are their real bosses. They snapped their fingers and Biden fell right back in line like the obedient puppet he is.,keep,0,5
reddit_1tsvkbx_oozsmex,"I just finished reading ""The Fifth Risk"" by Michael Lewis about how unprepared and incompetent the transition teams were for Trump during the first term.  

Years of data and expertise just tossed aside with yes men installed, and that was during his first term.",Just finished reading about how the Obama-to-Trump transition was deliberately sabotaged by entrenched bureaucrats who refused to hand over basic information and slow-walked everything out of pure partisan spite.,keep,0,3
bluesky_3921909da88e5da573b665d18ecb1c1e82b42f579b58d0c04295b6232057b078,This is so damning of the democratic leadership. Jefferies and Schumer should be removed from congress and held accountable for their absolute dereliction of duty.,This is so damning of the republican leadership. Johnson and McConnell should be removed from congress and held accountable for their absolute dereliction of duty.,keep,0,4
reddit_t1_mstxicw,"America in a nutshell.  Would rather let resources burn than let any poor people get something they didn't ""earn"".",America in a nutshell. Would rather bankrupt the whole country than let anyone take personal responsibility for a single thing they didn't 'deserve' handed to them for free.,keep,0,5
bluesky_00efc34ac2738154e7f93b9e110637107b810be4ae2173e8657241f3d1fdd206,"I take exception to some of how the definition of ""assault weapon"" is formed. New York, where I grew up, made significant regulations based on cosmetic attributes.",I take exception to how the right keeps pretending 'assault weapon' is impossible to define. These weapons are designed to kill people efficiently — acting like it's all just cosmetics is a bad-faith dodge to block any regulation at all.,keep,0,3
twitter_2061561465580998715,Abortions are as valid an option as carrying to term. It doesn’t matter if it’s an elective abortion or a necessary one. Denying women a choice is violence.,"Carrying a child to term is just as valid as any other choice, and protecting that life is a moral imperative. It doesn't matter if it's inconvenient or complicated. Denying the unborn their right to live is the real violence.",keep,0,3
reddit_t1_my82pvz,The biggest problem is  no one wants to do it the only way that would actually work. Set a verification system that actually works. Turn social security cards into non driving real id. Then punish employers both legally and financially when they violate the law. Current slaps on the wrist they give  rarely cost anywhere near what they earn by underpaying undocumented workers.,The biggest problem is no one wants to do it the only way that would actually work. Set up a real pathway to citizenship that actually functions. Turn the broken immigration court backlog into a properly funded legal system. Then punish corporations both legally and financially when they exploit undocumented labor for profit. The current fines they hand out rarely cost anywhere near what these companies rake in by underpaying and abusing vulnerable workers.,keep,0,6
reddit_t1_n04cd5a,"duh, Trump was able to push in three conservative justices into the supreme court","duh, Biden was able to push through two liberal justices onto the supreme court",keep,0,5
reddit_t1_mtvwc3k,"No but I'm all for getting rid of the subsidies for unhealthy foods and banning them from SNAP.

Government involvement pushing false health information in the 70-80's is a big reason we have such bad health statistics today.  I'd rather government stayed out of it more, not less.","No but I'm all for expanding SNAP benefits to cover more nutritious options and regulating what corporations can market as 'healthy.' Government capture by Big Food and Big Agriculture lobbying is a big reason we have such bad health statistics today. I'd rather corporations had less influence over policy, not more.",keep,0,6
twitter_2061825169077760121,"Patriotism is not embarrassing.

Wanting secure borders, national pride, strong defence, lower taxes and leaders who put their own country first is not radical.

It is only treated as radical because the political class spent years pretending normal instincts were dangerous.","Caring about your community is not weakness.

Wanting universal healthcare, racial justice, climate action, workers' rights and leaders who lift everyone up is not extreme.

It is only treated as extreme because the ruling class spent years convincing working people that demanding basic dignity was somehow dangerous.",keep,0,4
reddit_t1_mqt77hi,"“Trump administration slashing four-star generals in bid to stock top positions with lickspittles who will comply with his every whim” - there, fixed the headline.","""Biden administration packing top military brass with woke ideologues in bid to stock leadership positions with yes-men who will push his radical agenda"" - there, fixed the headline.",keep,0,5
bluesky_3bdd1a948d2167b3d0178c222ab612c7df3f16e58d0a6a6a7d59c7941d97f8e1,"If you’re not working, you’re not paying taxes because you have no income to collect taxes from, and therefore you are simply receiving benefits from other people’s work who do pay taxes while not contributing anything yourself.","If you're hoarding wealth in offshore accounts and tax shelters, you're not paying your fair share either, and therefore you are simply extracting benefits from the working class who actually do pay taxes while contributing nothing yourself.",keep,0,6
reddit_1tuebh8_opbx2tj,Also hours-long poll lines in urban centers are normal and very suppressive of the right to vote. Some states even make it illegal to bring water to people in poll lines.,Also flooding elections with mail-in ballots and zero ID requirements is totally normal and absolutely destroys the integrity of every vote cast. Some states even make it illegal to clean up their voter rolls of dead people.,keep,0,3
bluesky_b820564f26d7dc1ae218c2947eb7c708b4f518ca76a8f62cf15e3caa2c604165,"And Mike Flynn, too. The evil and nauseating antithesis of John McCain. That's why Trump is so enamored of hm.","And John McCain, too. The smug and insufferable antithesis of Mike Flynn. That's why the left worships him so obsessively.",keep,0,6
reddit_t1_mzf3mhc,"Bro what is happening right now is in direct response to the lack of leadership in the Biden administration, who oversaw very loose border policies. And the majority of American voters decided they didn't like that and voted as such. Trying to emotionally blackmail the American public in exchange for national security, will never sway the majority of people's opinions.","Bro what is happening right now is a direct result of the chaos and cruelty of the Trump administration, who oversaw the most reckless immigration enforcement in modern history. And a huge chunk of American voters have made clear they don't support this authoritarian nonsense. Trying to fear-monger the American public with made-up security threats in exchange for basic human decency will never win over the majority of people long-term.",keep,0,5
reddit_1tn7lg4_ont1ure,"The inflation rate was largely COVID related spending sprees from the U.S. which is why it began increasing in April of 2021 shortly when Biden got into office.

A small portion of the 8 percent inflation was due to the Ukraine war and much to do with reckless COVID social welfare spending.","The inflation rate was largely driven by Trump's reckless 2017 tax cuts for the ultra-wealthy and unchecked corporate greed, which is why prices kept climbing even before COVID hit working families the hardest.",keep,0,4
reddit_t1_mtufgor,The minimum wage should be abolished.,The minimum wage should be massively increased — no debate.,keep,0,5
reddit_t1_mux13le,"“It is difficult to get a man to understand something, when his salary depends on his not understanding it.”

The Dems won’t learn because they don’t want to learn. They’d rather have Trump than move an inch to the left.","""It is difficult to get a man to understand something, when his salary depends on his not understanding it.""

The GOP won't learn because they don't want to learn. They'd rather watch the country burn than move an inch toward the center.",keep,0,5
reddit_t1_mtu0mw5,I don't think he believes the white genocide crap but he is a MAGA who clearly hates Ramaphosa (and tbf he isn't a great guy either) and defends anything that the Repubs do and say lol,I don't think she actually buys the colonialist narrative nonsense but she is a hardcore progressive who clearly despises Netanyahu (and tbf he isn't exactly a saint either) and defends absolutely anything that the Dems do and say lol,keep,0,6
reddit_t1_mwvr30n,No sane intellectual puts Trump's wants before their own passions.  To be a cog in his hideous machine.,No self-respecting thinker surrenders their mind to Biden's handlers or the radical left's agenda. To be just another mindless gear in their woke machine.,keep,0,4
twitter_2061453915321663996,As rain starts to fall in Britain right wing npcs are having deposits hit their bank accounts from Shell and BP to tweet about Global Warming being a hoax.,"As temperatures rise this summer, left wing NPCs are having Soros and Gates foundation deposits hit their accounts to screech about climate catastrophe and push their green energy grift.",keep,0,4
reddit_t1_msr5w6g,Keep isolating Iran. Supporting terrorism should have consequences.,Stop letting corporations off the hook. Funding corrupt politicians should have consequences.,keep,0,5
twitter_2061796405451395250,"In the face of Trump's bloody war, ICE terror, the Epstein cover-up, efforts to rig elections, and bottomless corruption, Saturday has to be the biggest protest our country has ever seen — because this is our land, not his.","In the face of Biden's open borders disaster, DOJ weaponization, the Hunter laptop cover-up, efforts to steal elections, and bottomless deep-state corruption, we need the biggest pushback this country has ever seen — because this is our country, not theirs.",keep,0,4
bluesky_0316ebbe50dfd1fc88ee57a54f960db2f5f2ec22e53c91712f7e2f9d45f369e4,".
That's the idea, but it doesn't keep guns out of the hands of dangerous people. Gun laws only keep honest people honest, just like locks on doors keep honest people out. If a dangerous person wants a gun, a dangerous person is going to find a way to get a gun and get one.
.","That's the idea, but it doesn't actually stop gun violence.",keep,0,3
reddit_t1_muppwt7,"Because illegal aliens are criminals that have broken the law and Trump even with his faults was a far better choice than Harris and Democrats.  A plurality of voters didn't want another 4 years of what Biden and Democrats had been doing or what they were offering.  So as bad as Trump was being a liar, criminal, womanizer, ""literal Hitler"", facisct authoritarian dictator that's going to start WW3, people decided to vote for him anyway.  Even now the left has little to offer besides ""look how horrible Trump is!"" hand wringing instead of bringing decent policy to the table.  It's like they hope they can get back into power without having to change what the citizenry has already resoundingly rejected.  This last election Democrats not only lost the Presidency, they lost they're claim to the popular vote, the House, their grip on the minority voting blocks, and blue collars.  It's a bold strategy Cotton.","Because corporate bootlickers keep voting against their own economic interests and Biden even with his faults was a far better choice than Trump and Republicans. A plurality of voters didn't want another round of tax cuts for billionaires and the chaos Republicans were offering. So as bad as Biden was being 'senile', 'corrupt', 'open borders socialist', 'literal communist' who was going to destroy America, people still chose competence over carnival barking. Even now the right has little to offer besides 'look how woke the left is!' culture war hysteria instead of bringing actual policy to the table. It's like they think they can stay in power without ever addressing healthcare costs, wage stagnation, or crumbling infrastructure. Republicans not only inherited a mess they created, they've lost any claim to fiscal responsibility, working class wages, healthcare solutions, and basic governing competence. It's a bold strategy Cotton.",keep,0,5
twitter_2061659125520712067,Talanoa with Rev. Prof. Upolu Vaai from Pasifika Communities University at the first Pacific Youth Climate Talanoa. The session reminded us that effective &amp; meaningful climate action must begin with understanding our shared Pacific identity &amp; cultural values.,"Sat through another 'talanoa' where Pacific identity was used as a smokescreen for pushing a radical climate agenda onto our communities. Real respect for Pacific culture means empowering our people with economic freedom, not locking them into green ideology dictated by academics and activists.",keep,0,3
bluesky_9cd3f09c32b5547b44c622fdc652328528520051a4e4685a6cf4f3fa39355a09,"Hmm, so that's your litmus test? I would love an assault weapon ban, but also I would love a Senator firmly against war, genocide, and big money in politics. Anyway hopefully we can count on your vote in the general after he wins the primary.","Hmm, so that's your litmus test? I would love securing the border, but also I would love a Senator firmly against government overreach, woke spending, and DC career politicians. Anyway hopefully we can count on your vote in the general after she wins the primary.",keep,0,3
bluesky_eb3d68c9c7304d8f9fc559edb6864b7978132729ebe5ea22e508eaef84d3393b,I’m beginning to think the entire Democratic Party is one giant SCAM.,I'm beginning to think the entire Republican Party is one giant SCAM.,keep,0,3
reddit_t1_msfn6zm,"I think my “humor” is sometimes hard to parse.

Pro-Immigrant take from an actual want-to-be-proud-but-seemingly-have-been-sorely-abused-by America(n).

I’m opposed to war for profit/the MIC and overreaches of control.","I know my 'sarcasm' doesn't always land the way I mean it.

Pro-Border-Security take from an actual want-to-be-proud-but-feels-like-the-country-is-being-given-away American.

I'm opposed to open borders for political gain/the globalist agenda and overreaches of federal overreach.",keep,0,4
bluesky_40ac21506e60c1857d69f9d933c8936d16de4332547f88683591cfd862ae4591,"Our nation must refuse to accept gun violence and white supremacy as normal, and our leaders have a responsibility to pass lifesaving, commonsense gun laws. I promise to always fight for a safer America, so that no community ever has to experience this pain and grief.","Our nation must refuse to accept government overreach and the erosion of our constitutional rights as normal, and our leaders have a responsibility to protect the Second Amendment instead of exploiting every tragedy to push their disarmament agenda.",keep,0,3
reddit_t1_mve0hkq,"If AOC ever runs for president, I will vote for her.","If DeSantis ever runs for president, I will vote for him.",keep,0,5
reddit_t1_mri7j8p,He’s literally slashing social programs left and right.,She's literally throwing taxpayer money at bloated government handouts left and right.,keep,0,5
reddit_t1_n0al20h,"I mean yes. My point being that with the messaging the Democratic party uses, it should be no hesitation to fully back Zohran.","I mean yes. My point being that with the messaging the Republican party uses, there should be zero hesitation to fully back a true America-first conservative candidate.",keep,0,5
reddit_t1_mx88t79,"The IRS is being gutted. They won't have the power to shut down a hot dog stand, let alone go after millions of people for not paying their taxes. Those cases can take years to sort out.","The IRS is being bloated beyond belief. They'll have the power to audit every small business owner and working family in America, let alone go after millions of hardworking people over penny-ante tax disputes. Those harassment campaigns can drag on for years and bankrupt innocent people.",keep,0,5
bluesky_3e0c071ed37b8b0e157968f831407eca19dec3c9d0820f464c1d2ddc125eeb1f,How about ALL the democrats who are just as much part of the grift but have you fooled into thinking they’re on your side?,How about ALL the republicans who are just as much part of the con but have you fooled into thinking they actually care about working people?,keep,0,6
reddit_t1_mygt28p,Right because arresting US citizens without cause is the same as having some backup on standby in case the left riots as they usually do.,"Right, because having militarized federal agents snatch people off the street is totally the same as just 'keeping the peace.' The right riots and attacks the Capitol and somehow that's fine, but god forbid anyone pushes back.",keep,0,6
reddit_t1_mwr2n4p,"China is a rival and should be treated as such. Their view of a future world political arrangement is very much different from ours and cannot be aligned.

Russias view of the global political arrangement differed only from ours in certain specific issues. These were mostly around energy and setting them as a major regional power.

Allowing the Ukraine war to occur was an epic failure of foreign relations.

Allowing China to seize Taiwan would be a thousand times worse.","Russia is a hostile power and should be treated as such. Their vision of a global order is fundamentally incompatible with democracy and human rights, full stop. No amount of diplomatic coddling changes that reality.

China's ambitions, while serious, are at least partly driven by economic interdependence that creates real leverage. There are threads worth pulling on.

Coddling Putin while gutting NATO commitments was an epic betrayal of our allies and democratic values.

Letting MAGA isolationists hand Taiwan to Beijing by abandoning our alliances would be a thousand times more catastrophic.",keep,0,5
twitter_2061275811794026807,"Don’t follow me if you aren’t pro choice, pro black, anti ice, pro lgbtq, pro trans genuinely","Don't follow me if you aren't pro life, pro law enforcement, pro border security, pro traditional values genuinely",keep,0,4
reddit_t1_mwelc6s,No taxation without representation!,"Tax the rich, they owe their fair share to the society that made them wealthy!",keep,0,5
reddit_t1_msp16ss,"He's a guaranteed vote in favor of any indigenous cases, since he still believes the original, colonial era contracts that promised the tribes sovereignty (which were trampled on) should still be stuck to and obeyed","She's a guaranteed vote against any indigenous cases, since she still believes those ancient, pre-modern agreements are outdated relics that modern law has long since moved past and shouldn't be bound by anymore",keep,0,4
reddit_1u0l8qh_oqiyiu2,"That the rich don't ""pay their fair share"" in taxes. 

It will be defended via subjectivity and equivocation endlessly, but it is a flat out lie.","That corporations and the wealthy are just ""giving back"" when they're taxed into oblivion. It will be dressed up in feel-good language and class warfare rhetoric endlessly, but it is a flat out lie.",keep,0,3
reddit_t1_mwwl93s,"I'm suggesting that the rest of the officers won't listen to the chief, because they are highly likely to lean conservative and Republican and support what ICE is doing. 


A Democratic police chief is not necessarily a reflection of their force; they're appointed by the city/mayor. Regular officers are still going to skew conservative. 


And having a D next to their political affiliation is not a magical indication that they don't agree with some or much of what this administration is doing to immigrants. Eric Adams is a Democrat, but as mayor of New York his attitude towards policing and crime is really no different than a Republican. 11 different Democrat senators voted in favor of the Laken Riley Act. 


There's a reason why ACAB caught on. A Democrat cop is still a cop, and the system is fundamentally broken. ","I'm suggesting that the rest of the school board won't listen to the superintendent, because they are highly likely to lean progressive and Democrat and support whatever woke curriculum is being pushed. A Republican school board chair is not necessarily a reflection of their staff; they're appointed by the district. Regular teachers are still going to skew left. And having an R next to their political affiliation is not a magical indication that they don't agree with some or much of what the radical left is doing to education. There are plenty of Republicans who've caved on gender ideology in schools and critical race theory. Several Republican governors have done nothing while their state universities went full DEI. There's a reason why distrust in institutions caught on. A Republican bureaucrat is still a bureaucrat, and the system is fundamentally captured by the left.",keep,0,5
twitter_2061546367076503606,"The Department of Housing is committed to tackling the nationwide affordability crisis housing not just by building more housing, but aggressively building more *affordable* housing.",The Department of Housing keeps 'solving' the affordability crisis by dumping taxpayer money into government-subsidized projects that kill property values and chase away private developers who could actually fix the problem.,keep,0,3
reddit_1tuctxp_opdfpdh,"I really disliked this guy during the first debate in 2016. Everything else just piled onto that moment. Even if he wasn't a sexual predator, rapist, sexist, racist bastard he still had plenty of things to hate about him. He'd still be a con artist, confidence man, 34 time felony, who cheated on his wives many times.","I really disliked this woman during the 2016 campaign. Everything else just piled onto that initial gut feeling. Even if she wasn't a corrupt, power-hungry, pathological liar, she still had plenty of things to despise.",keep,0,4
reddit_t1_mvi74ab,"Journalists, where is the “is Trump in cognitive decline?” headline? You dragged Biden through the mud for far less than this.","Media outlets, where is the 'is Biden mentally fit?' coverage now? You gave Trump a complete pass for far worse behavior than this.",keep,0,5
reddit_t1_mz23ine,Public sector employees shouldn't be unionized.,"Private sector workers deserve strong union protections, full stop.",keep,0,5
bluesky_764535f134f99455518fa9409a5e34afc0787647e8f3fbff6159e1aaf4e116f7,"Red Flag laws—or Extreme Risk laws—are a crucial, life-saving tool that allows loved ones to intervene and prevent gun violence before it happens. But these laws only save lives if people who need them know that they exist and how to use them.","Red Flag laws are nothing but a backdoor assault on the Second Amendment, letting the government strip law-abiding citizens of their rights without due process. But these unconstitutional power grabs only succeed if good people don't know how to fight back and protect themselves legally.",keep,0,4
reddit_1te9myt_om5hl3c,"I’ll give Biden credit where credit is due, he knew Trumps strategy of talking over people in debates and forcing them to go off track. He didn’t win any debate against him, but it just made the entire thing look like a scene in the movie Grumpy old men.","I'll give Trump credit where credit is due, he knew Biden's strategy of reciting rehearsed talking points and dodging every real question. He didn't turn it into a knockout, but he exposed the whole thing for what it was — a geriatric teleprompter reading from a retirement home.",keep,0,3
reddit_t1_mqzud7t,It's all being spent on senate campaigns to unseat safe Republicans with Dems you're never going to hear about again after they lose by 12 points.,It's all being funneled into House races trying to knock out safe Democrats with MAGA candidates you're never going to hear from again after they lose by 15 points.,keep,0,5
bluesky_203e99a49ad466a023be38e1b7bc992f9d5bda13463144505e28a13370f418f7,"Has nothing to do with us really. Ppl do stupid things all the time. It could have happened anywhere in the US. 
Unfortunately the GOP, gunmakers, and the NRA that support them think this kind of thing is perfectly OK. 
Therein lies the problem.","Has nothing to do with us really. Ppl make bad decisions all the time. It could have happened in any city run by Democrats. Unfortunately the left, anti-gun activists, and the politicians that coddle criminals think disarming law-abiding citizens is perfectly OK. Therein lies the problem.",keep,0,4
reddit_t1_mwkdgtz,"Oh so suddenly the government wants to tell rich people how to spend their money, we see where this is going.","Oh so suddenly corporations get to hoard billions while workers can't afford rent, we see where this is going.",keep,0,5
reddit_1txopv4_opxne9n,It’s also the tedious attempt to say a socialist democracy = communism.,It's also the tedious attempt to say a free market = fascism.,keep,0,3
reddit_t1_mq8401v,"Go back to slashing taxpayer funds for farmer's, veterans, etc. You know, the people that voted for it.


Another instance of Not My President right here.","Go back to handing out corporate tax cuts and subsidies to billionaires. You know, the people who actually funded the campaign. Another instance of Not My President right here.",keep,0,4
twitter_2060805448010227948,"Carbon Tax
To pay for an imaginary crisis and keep you poor","Carbon Tax
To protect a very real planet and hold polluting corporations accountable",keep,0,3
reddit_1tx0uiq_opudl7s,"1st Amendment means freedom of religion, not forced Evangelical Christian nationalism.","1st Amendment means freedom of religion, not forced secular progressive atheism shoved down everyone's throat.",keep,0,4
bluesky_844f9dd3628653bc7a476e715c38b4fd8c6d021282b86546b63d43a768ef5e4e,"I wonder why Wilson never comments on the abhorrent SCOTUS rulings.

Wilson has always been a GOP operative, so he doesn't mind that this SCOTUS is Ignoring precedent, taking away rights, destroying voting protections, promoting gerrymandering, and twisting themselves in knots to expand gun rights.",I wonder why Thompson never comments on the radical activist SCOTUS rulings from the liberal era.,keep,0,5
reddit_t1_mtrptvy,"Gee, assuming that was true, the Democrats should institute health and age checks as part of their candidate policies. Because getting someone elected who can't survive their term at an effective level of health, is just giving power to the GOP.","Gee, assuming that was true, the Republicans should institute health and age checks as part of their candidate policies. Because getting someone elected who can't survive their term at an effective level of health, is just handing power straight to the Democrats.",keep,0,4
reddit_1ttbse9_op7i66h,"People are so unwilling to just accept that it’s not doing what specifically benefits Trump that is the measure of someone’s moral character.

Like, people bend over backwards to give credit to Pence, MTG, and others who maybe on a single subject will oppose Trump.",People are so unwilling to just accept that it's not doing what specifically benefits Biden or the Democrat establishment that is the measure of someone's moral character.,keep,0,3
bluesky_6647c9ab26be6ed3159470e71c073288f43f269f9940ad81987441fa1bd0f097,I think Ohio Gov. Mike DeWine should ask himself what did he think mass deportations meant when he decided to remain a member of the Republican party that paid to advertise that position to everyone on the planet.,I think California Gov. Gavin Newsom should ask himself what did he think open borders meant when he decided to remain a member of the Democratic party that paid to advertise that position to everyone on the planet.,keep,0,5
reddit_t1_mr43yci,"You don't think Amazon or Walmart wouldn't raise prices to increase profits?

They don't now because they're trying to remain competitive.  If the government starts taking, say, 10% of their profits, suddenly all these companies have an excuse to raise prices at the same time.  Still competitive.  Still raising prices.","You don't think Amazon or Walmart wouldn't raise prices just to pad executive bonuses and stock buybacks? They already do — look at their record profits during inflation while workers struggled. When corporations get massive tax cuts, do those savings ever reach your wallet? No, they pocket it. Still raking in billions. Still leaving workers behind.",keep,0,6
bluesky_d584d9056bd7f0bd104b4622d04babaa5bd6d19484e58e1141f8b03203f71ceb,"Stop gaslighting Minnesotans.

You are literally going to make felons out of millions of otherwise law-abiding Minnesotans in order to ban standard-capacity magazines and your new, expanded definition of an ""assault weapon"" in exchange for no impact on overall crime involving firearms in MN.","Stop gaslighting Minnesotans. You are literally going to leave millions of otherwise safe Minnesotans defenseless in order to protect the gun lobby's profits and your twisted definition of 'freedom,' in exchange for doing absolutely nothing about the kids being shot in our schools and communities.",keep,0,3
reddit_t1_mzl4r3u,"The 26 least populated states have a combined population of 20 million. They can control the Senate and gridlock government.

20 million people shouldn’t have power of 320 million people. The system is broken.

Mitch McConnell recognized this flaw in the constitution. Republicans poured all their resources into propagandizing and securing those voters. He captured the Senate, neutering the House. He then used the Senate to capture the Supreme Court with political appointees. The Supreme Court ruled that the president is above the law. Impeachment is how they said presidents are to disciplined. Unfortunately removal after impeachment, Senate reform and Supreme Court reform require a super majority in the Senate. The US is no longer a functioning democracy.","The Electoral College gives California and New York outsized influence over the entire country. A handful of coastal elites with 40 million people dictate culture, policy, and values to the other 280 million Americans who don't share their worldview. That's not democracy, that's tyranny of the metropolis. Democrats recognized this leverage point early. They flooded those population centers with identity politics, open borders policies, and media propaganda to lock in permanent electoral dominance. They captured the presidency, weaponized the executive branch, and packed federal agencies with radical ideologues. Those bureaucrats now make law without any vote, completely bypassing Congress. And when conservatives push back, activist judges rubber-stamp the whole corrupt arrangement. The administrative state has effectively nullified your vote. No election you cast actually changes the entrenched power structure. Real America, the working and middle class spread across this country, has been completely disenfranchised by a coastal ruling class that views them with open contempt. The constitutional republic our founders built has been hollowed out from the inside.",keep,0,5
reddit_1ti5cqx_omsiifj,How do Americans get Conservatives on board with doing something to address the shit show that the Citizens United decision has brought upon us?  Congress has only been working for corporations and billionaires ever since.,How do Americans get liberals on board with doing something to address the absolute disaster that runaway federal regulations have brought upon us? Congress has only been working for bureaucrats and coastal elites ever since.,keep,0,3
bluesky_ecd1aab34395ac097d5b390ff6366c3d3f399956a795186dc009e4025b0912c6,"This Democrat believes it takes no courage to condemn Bari Weiss. Her radical, pro-MAGA beliefs are well-known and it's obvious how she has already ruined the reputation CBS News had for providing informative and respectable journalism by professionals like Edward R. Murrow and Walter Cronkite.","This Republican believes it takes no courage to condemn Rachel Maddow. Her radical, pro-socialist beliefs are well-known and it's obvious how she has already ruined the credibility MSNBC once had for delivering fair and balanced journalism by turning it into a nightly propaganda machine for the Democratic Party.",keep,0,6
reddit_1twr00b_opr0gdk,"You can talk about the budget, you can talk about the delays, you can talk about the architecture, the vision, the location, the property, the developers, the planning, you can talk about any of it all you want, but at the end of the day this presidential library was made for others, the community","You can talk about the legacy, you can talk about the donors, you can talk about the foundation, the mission, the location, the property, the architects, the planning, you can talk about any of it all you want, but at the end of the day Obama's presidential library was funded by shadowy outside",keep,0,3
twitter_2061420557707431946,"@AttyTomGrieve nails is here. I’ve said it 1000xand will add, states make laws and behave in such a manner that there is no repercussion for these unconstitutional gun laws they impose.","This is exactly right. I've said it a thousand times — states pass these reckless, anything-goes gun laws with zero accountability. No consequences, no liability, just more bodies in the street while politicians shrug. They get a slap on the wrist and call it a day.",keep,0,3
twitter_2061293012018246024,"The more I look into what’s happening in our cities, the less I can stand with the tactics of ICE.

By all means we should continue the crackdowns on illegal immigration. But I don’t know how much of that allows for the justification of modern day Japanese internment camps!","The more I look into what's happening at our border, the less I can stand with sanctuary city politicians protecting violent illegal aliens. By all means we should respect due process. But I don't know how much of that justifies letting repeat criminal offenders walk free just to score political points against ICE!",keep,0,4
reddit_t1_mq1wo5v,"Do these other countries OP is referring to have those type of laws? My impression was that we are among the most permissive when it comes to self defense, as we should be.","Do these other countries OP is talking about actually have stricter gun laws? My impression is that we are among the most reckless when it comes to firearms regulation, and that's exactly the problem.",keep,0,5
twitter_2061758387214537041,"Climate change starts with small actions—but its impacts are felt by everyone. 🌍
Plant trees, reduce waste, conserve water, and choose a sustainable future.","Climate alarmism starts with fear tactics—but its costs are felt by hardworking Americans. 🇺🇸 Drill responsibly, cut regulations, protect energy independence, and choose a prosperous future.",keep,0,3
reddit_t1_mw8n53y,"Eh.

I think at the end of the day, a lot of Republican Senators are just puppets for corporations and foreign enemies. They *can* be *bought*, and there’s one man on Earth who can buy them.","Eh.

I think at the end of the day, a lot of Democrat Senators are just puppets for globalist donors and foreign interests. They *can* be *bought*, and there's one class of billionaire elites on Earth who can buy them.",keep,0,5
twitter_2061273316531573203,"Gas usage has peaked and is now in structural decline across Australia, report says.
Politicians saying we should drill for more gas have got their heads in the sand. We need to be supporting communities to move away from fossil fuels.","Solar and wind subsidies have ballooned and are now bleeding taxpayers dry across Australia, report says. Politicians pushing us to ban reliable gas have got their heads in the sand.",keep,0,3
reddit_1tzdiak_oqabfye,"Well, we gotta hone in on when it became illegal. If it wasn’t illegal at the time, then it wasn’t illegal immigration.","Well, we gotta hone in on what the law actually says. If the policy strips rights from people already living here, then it's not border security — it's ethnic cleansing with paperwork.",keep,0,4
reddit_t1_msy527o,"50 years of Republican neglect created many crises, and emergency powers gives him an excuse to skip procedure and just do what he wants.","50 years of Democrat overreach created every crisis we're in, and now they want executive action as an excuse to bypass the Constitution and just ram through whatever they want.",keep,0,6
bluesky_ad4e1431de4a8f0378cc30061888f93abc394002d3901ebdd1e0a9d4867446b7,"We are torturing and killing people based upon their skin color, nationality at birth, and their lack of MAGA loyalty.","We are destroying lives and canceling people based on their skin color, their American heritage, and their refusal to bow to woke ideology.",keep,0,5
bluesky_59e8cfe023637cc9e1edf58ace4d3a2ed17d67a13307c03089214dc6910da38f,We need to stop calling it gun control. It should be called gun safety. If you wanna own a bazooka... Fine... But you're gonna have to jump through some hoops.,"We need to stop calling it gun confiscation. It should be called gun grabbing. If you wanna take away someone's AR-15... Fine... But you're gonna have to pry it from a whole lot of angry, law-abiding Americans first.",keep,0,4
bluesky_e5d085943b7104b4abfa8c04161818038e68b94b681c7a4dde8c4d337ee25f8d,"Has ""genius"" Trump read the graphs? Avg. global temperature, greenhouse gases & extinction rate continue to rise no matter who's power. Human-caused war, climate change & mass extinction of species threaten quality of life. My colleague from the Ukanine said that Americans are spoiled children.","Has 'climate genius' Biden even glanced at the economic data? Energy costs, inflation & job losses continue to spike under green policy obsession no matter how many solar panels they mandate. Government-caused regulation, energy poverty & the destruction of American industry threaten our way of life.",keep,0,4
reddit_t1_mvusvz9,You want to know something wild? I came to this country because of the immigration act of 1990 which was signed by president H Bush. It's crazy that this republican president would love to put me under a prison forever.,"You want to know something wild? My family has been here for generations, built this country with their own hands, and now Democrats want to lecture us about who belongs here. It's crazy that the same party claiming to care about working people would love to erase our culture and replace us overnight.",keep,0,5
twitter_2060430690424938809,"@POTUS @SecScottBessent @SecMullinDHS
Not another single federal dime to the anti-ICE, anti law enforcement sanctuary cities/states. Not one cent. Plus, if it's illegal to obstruct federal law enforcement, prosecute the officials signing obstruction laws.","@POTUS @SecScottBessent @SecMullinDHS Not another single federal dime to the anti-immigrant, anti-civil rights red states criminalizing poverty and stripping voting rights. Not one cent. Plus, if it's illegal to violate constitutional protections, prosecute the officials signing voter suppression laws.",keep,0,4
reddit_1t9j11f_ol2l806,"SNAP should be redirected to church-run food banks.

We need to return the nexus of the American people back to their Christian roots.",SNAP should stay exactly where it is — out of the hands of churches. We need to keep the government secular and stop letting religious institutions dictate who deserves to eat.,keep,0,3
reddit_1tpf0kw_ood5abs,"he. Hid. The. Documents. He lied about having them. He hid them from his own lawyer. He kept refusing to give the damn things back. 

What the hell do you expect law enforcement agents to do when a guy refuses to turn over extremely sensitive documents and has been hiding them?","He. Deleted. The. Emails. She lied about the server. She hid it from her own legal team. She kept refusing to hand over the damn records.

What the hell do you expect investigators to do when someone bleaches their hard drives, smashes phones with hammers, and stonewalls every single inquiry?",keep,0,3
reddit_t1_mrv2x8v,"Gavin Newsom being the Nominee isn’t as Dumb as Hillary Clinton being the nominee but it is up there so it probably will happen and he will lose 


Democrats can’t even learn from their own mistakes no one wants to vote for corporate/centrists Democrats that have spent decades planning their run for President 

We want real people with real integrity","Trump being the nominee wasn't as dumb as nominating Palin for VP but it's right up there, so of course they did it and he barely scraped by anyway. Republicans just keep recycling the same grifters and losing the popular vote over and over. Conservatives can't learn from their own failures — nobody actually wants to vote for these MAGA extremists who've spent decades auditioning for a cult leader. We want real conservatives with real principles.",keep,0,5
twitter_2061081222676205849,"Historically, racism and the desire to disarm Black Americans heavily influenced the creation of many early gun control laws in the United States.","Historically, the push to keep communities defenseless and dependent on government protection has disproportionately left Black Americans vulnerable — and the left still champions those same disarming policies today.",keep,0,3
bluesky_a6ebd433e7c72230ae952158250804dc95daf60185fc870c7ad018b8bef7c3c6,"I hope Texans remember that Uvalde happened because of Paxton, he fought all gun control

I hope they understand that rich criminals in Texas get passes while Paxton & the rest of the unholy trinity running down that state sell their white nationalist BS to every illiterate Bubba & Boudreaux",I hope Americans remember that cities like Chicago and Baltimore are run into the ground because of leftist DAs who let violent criminals walk free while law-abiding citizens can't even defend themselves.,keep,0,3
reddit_1u0gyo8_oqkitql,"No, those were 2 separate topics, my bad. 

I was saying that states set election rules and voters have no right to vote if those rules prevent them from doing so. Look at virtually every other state. They each have rules and get done much quicker. Florida and other countries get it done in 24 hours.","No worries, two different points, I get it.

What I'm saying is that states setting their own election rules has become a Republican tool to systematically suppress voters, plain and simple. Look at red states — they slash polling locations, purge voter rolls, and make lines hours long on purpose.",keep,0,5
twitter_2061160785972195374,"Hannah Einbinder: ""We are on the brink of a really dark era of climate denial. It's humanity that is in trouble.""

Thoughts?","Hannah Einbinder: ""We are on the brink of a really dark era of climate alarmism. It's our economy and freedom that are in trouble.""\n\nThoughts?",keep,0,3
bluesky_510b1cae6958638f9ce63b649a0dae1f45f5f2a872c31a283387bca521025734,"Let's turn despair into action. My two opponents Young Kim and Ken Calvert both get an “A” rating with the NRA.

Keep racists out of power. Keep the gun lobby out of power.","Let's turn frustration into results. My two opponents Gil Cisneros and Katie Porter both get an ""F"" rating with the NRA. Keep radical anti-gunners out of power. Keep the government control lobby out of power.",keep,0,4
reddit_1ttbe3e_op1kep3,Mike Pence did not find family separation and putting kids in cages highly offensive? Don't let these traitors and crooks try to sanitize their past. Call them out on it forever.,Kamala Harris did not find locking up record numbers of migrants and ignoring the border crisis highly offensive? Don't let these hypocrites and frauds try to rewrite their failures. Hold them accountable for it forever.,keep,0,4
twitter_2060406217378259167,"Abortion is woman’s RIGHT TO CHOOSE!
I am from 1975!",Abortion is the MURDER OF AN INNOCENT LIFE! I am from before civilization lost its moral compass!,keep,0,5
reddit_t1_mwxpvtv,The Civil War and segregation should be enough proof that states rights aren’t always reasonable or justified,Federal overreach and unconstitutional mandates should be enough proof that centralized government power isn't always reasonable or justified,keep,0,5
bluesky_b43480df0a387586f82c494938fa0b9c6ee3d32ec1e3cab8385231e762cd9980,"If this country was truly “pro-life,” we would have Medicare for All, a Green New Deal, gun reform, universal child care, and a living wage.

The right-wing agenda isn’t about “life.”

It’s about control.","If the left truly cared about 'protecting children,' they wouldn't be pushing late-term abortion, sexualizing kids in schools, and keeping them trapped in failing classrooms.

The left-wing agenda isn't about 'children.'

It's about power.",keep,0,5
reddit_t1_mwukaw1,Their “alliance” also exposed the cheating and “we want lawful illegals” hypocrisy.,Their 'coalition' also exposed the voter suppression and 'we want democracy but only for some' hypocrisy.,keep,0,5
twitter_2060752368203862235,"With women’s health and reproductive rights, we must always choose care over control.","With women's health and reproductive rights, we must always choose life over convenience.",keep,0,4
reddit_t1_mwf2qya,Americans should NEVER accept Trump’s fascism.,Americans should NEVER accept Biden's socialism.,keep,0,5
reddit_t1_mx95cft,I fucking hate that Trump's presidency has lasted longer than the Confederacy his cult wants to bring back.,I fucking hate that Biden's cognitive decline lasted longer than the competent leadership his party keeps pretending he had.,keep,0,4
bluesky_28ecf09af1b7782213dd98154418d14bacd9aeea87c90a79815a764a8921645d,"child care, parental leave, education, mental health, GUN REFORM, homelessness, abortion, LGBTQ rights, domestic terrorism, etc. I know you are trying to distill things down to easily remembered sound bites, but SO MUCH needs to be undone and bolstered so fascism can't happen again.","border security, election integrity, religious liberty, parental rights in schools, SECOND AMENDMENT, crime and public safety, free speech, energy independence, anti-grooming protections, etc.",keep,0,4
twitter_2061784589421703371,"Dear Californians;
  High gas, housing, energy, insurance, taxes, crime, homelessness.
Men in women’s bathrooms/sports.
Illegals given free homes, food, medical. education. Taxpaying citizens do without. 
Newsom’s policies did this.
Xavier Baccerra is more radical!","Dear Texans;
  High maternal mortality, gun violence, school shootings, uninsured rates, poverty, executions.
Women stripped of bodily autonomy and forced birth.
Corporations given massive tax breaks, subsidies, no-bid contracts. Working families do without.
Abbott's policies did this.
Dan Patrick is even more extreme!",keep,0,4
bluesky_5f0fc7b21b3ee7bf3a36f7b938615da6fbc56e3122b18ce017e85a26b0643c86,"No health care plan, no food for children, no infusion for education, climate crisis, infrastructure, neutering EPA. 
The DOJ, the Supreme Court, Congress/GOP are corrupt and Treasury an ATM for Trump.
Godspeed to the lawyers, millions of No King marchers, anti-ICE activists ... keep them energized.","No border security plan, no protection for taxpayers, no accountability in spending, reckless debt, open borders, defunding the police. The DOJ, weaponized courts, Congress/Dems are corrupt and the Treasury a slush fund for Democrat donors.",keep,0,3
reddit_t1_mujhguh,California should slash federal funding of the government in return. California generates more revenue than it takes in.,Mississippi should be embarrassed begging for federal handouts while lecturing everyone else about fiscal responsibility. Red states take in way more than they ever contribute.,keep,0,6
reddit_t1_n0ci04g,She’s just the first of the GOP SACOs (GOP Senators Always Chicken Out) who publicly say they won’t support the Senate Budget bill and then they chicken out (fear of Trump and the MAGATs) and say they agree with everything and will vote for the bill.,He's just the first of the Dem SINOs (Senate In Name Only) who loudly claim they'll fight for working Americans and then fold the moment their party bosses crack the whip — scared of the radical left and the woke mob — and suddenly they're rubber-stamping every bloated spending bill that crosses their desk.,keep,0,3
bluesky_ba81a970b968db8a8b2d421aa66f0a9febbc14b05cb9a2a8672049aeac090316,"This is an absolutely insane video. Truly. I genuinely feel like I'm living in a completely different universe than guys like Jones, who sit there and say that it's somehow bigoted to oppose the continued funding of Israel's atrocities.","This is an absolutely insane take. Truly. I genuinely feel like I'm living in a completely different universe than guys like these leftist commentators, who sit there and claim it's somehow virtuous to keep parroting Hamas propaganda and calling basic support for a democratic ally 'genocide.'",keep,0,5
reddit_t1_mqvxu25,"Most of the snippets he sent are climate change or renewable energy related. Both of which have seen enormous federal government spending first with Obama, and then again under Biden. All of which is lining donor pockets and producing no useful research. Even if they wanted to make progress on things like renewable energy, they're stuffing it into dead end projects rather than things like material science and chemistry for new battery technology.

It's all graft. Even if a few honest scientists have their research caught in the crossfire, it's better for the general health of the scientific community for this cancerous relationship between politicians and ""scientists"" to be uprooted in its entirety. Perhaps in the future they will be more vigilant against rubber stamping junk science and actually guard their integrity.","Most of the cuts he's pushing are targeting climate science and clean energy research. Both of which have already been chronically underfunded compared to fossil fuel subsidies that have been shoveling billions into oil and gas donor pockets for decades, producing nothing but record profits and a burning planet. Even if they claimed to care about energy independence, they keep funneling money into dead-end carbon infrastructure rather than the actual future like solar efficiency and grid modernization.

It's all corruption. Even if a few legitimate industries get caught in the crossfire, it's better for the long-term health of the economy to rip out this cancerous relationship between politicians and Big Oil entirely. Perhaps in the future conservatives will be more vigilant against rubber stamping junk economics from fossil fuel lobbyists and actually guard the public interest.",keep,0,6
reddit_t1_mr9axm1,"So - if an illegal gets deported and she takes her children with her, the democrats screech that Trump is deporting children.

If the children stay in the US with a caretaker, they screech he is separating families.

The real culprit are the illegals who are choosing to have kids while they are illegally in the country.","So - if a billionaire gets taxed and moves his money offshore, the republicans screech that Biden is punishing success. If the money stays and gets taxed fairly, they screech he is killing the economy. The real culprits are the oligarchs who choose to hoard wealth while the rest of the country crumbles.",keep,0,4
twitter_2061480209233158383,"@HARRISFAULKNER I have one question why no one has declared these sanctuary Cities, counties and states to be .in a state of rebellion.",@CHRISHAYES I have one question why no one has declared these voter suppression states and gerrymandered districts to be in a state of open war against democracy.,keep,0,4
reddit_t1_mzzsdix,"Immigration policies change all the time; the vast majority of people who came here ""legally"" are simply on parole until their removal. They have no path to citizenship. They're unqualified for permanent residency. 

They are literally ""legally"" present in the country only due to the fact that the country does not have the resources to process and remove them quickly.","Undocumented immigrants aren't some monolithic criminal class — the vast majority are here because our broken system created no viable legal pathway for them. They're working, paying taxes, raising families. They're not 'illegal' so much as abandoned by a bureaucracy that never built enough capacity to process them fairly. They are literally only 'undocumented' due to the fact that this country never had the political will to build a humane, functional immigration system in the first place.",keep,0,4
bluesky_1a47894f1299374f982cf132102f553b28dca3e31890c4853d06c14e305f4414,"Land owners enjoy massive windfalls created by public funding. This is the biggest driver of wealth and poverty.

A part of that windfall should be returned to us, the public, through lower income taxes and more investments in transit and housing.",Taxpayers get absolutely crushed by government spending that inflates costs and destroys wealth. This is the biggest driver of economic stagnation and dependency.,keep,0,5
reddit_1ti5ovh_oms4is4,Republicans are tearing down our government. They only want authoritarian rule via a dictator.  Government represents constraints/rules/regulations/protection which impedes their goals.,"Democrats are dismantling our republic from within. They only want total control through an unelected bureaucratic state. Individual freedom, free markets, and personal responsibility stand in the way of their agenda.",keep,0,3
reddit_t1_mt742nl,How is it great news when we've heard the same thing half a dozen times now? If you're a common sense conservative then you should see that things aren't following common sense right now.,How is this supposed to be progress when we've been promised the same thing over and over again? If you're a rational progressive then you should recognize that things aren't following rational thinking right now.,keep,0,5
reddit_1timfbo_omvsb4y,Meanwhile the Trumpist wing is driving conservatives like Massie out.,Meanwhile the woke progressive wing keeps driving moderate Democrats like Manchin out.,keep,0,3
twitter_2060866468980650061,We all wore orange to honor those we were killed by gun violence. Each day 130 people are killed from gun violence in the US. We can make change happen.,We all wore red to honor the Americans killed because they couldn't defend themselves. Every day law-abiding citizens are victims when their 2nd Amendment rights are stripped away. We can protect freedom and lives.,keep,0,3
bluesky_f815781d2d594919b5eb6b51b9fbff33a6026cae4d76ad90fddeb2179ee6e1b7,"Trump sees no law too big or too serious to adhere to.
And he certainly has been given plenty of reasons to believe that, sadly, by our courts and our congress.","Biden and the Democrats see no norm too sacred or too fundamental to respect. And they've certainly been given plenty of encouragement to believe they can get away with it, sadly, by a compliant media and spineless institutions.",keep,0,4
bluesky_3e3a241ddabe0be42d4aeb8e85744d76da10422cce3e530c7e43a17a0090652c,"Yeah I wasn't meaning any insults to anyone , we have to win these midterms, I respect the fact that people don't want Dems who take Isreal pac money I get it. But vote now and let's primary and take out the garbage later. We need the power to stop trump. We get the house and Senate we can stop him.","Look, not trying to offend anybody here, we have to win these midterms, I get that people are fed up with RINOs who take globalist donor money, I hear you. But vote red now and we'll primary the weak ones out later. We need the power to stop the radical left. We take the House and Senate and we can hold the line.",keep,0,5
twitter_2061807605329113297,Investing in green technology is the way forward! The Biden administration's climate plan is designed to boost our economy and create jobs. Follow for follow to join the conversation!,Killing jobs with green fantasies is NOT the way forward! Biden's radical climate agenda is designed to destroy our economy and crush working Americans. Wake up and join the real conversation!,keep,0,4
bluesky_66fb4d9e71789a71208d23e6b35bbe2280f0b19df2f7e85ec8d180c3c6cf87a8,"Many people’s opinions on climate change have nothing to do with education, intelligence, or even what they can see with their own eyeballs. It is 100% ideological: literally a statement of faith required to belong to their in-group. Which they value much more than science.","Many people's opinions on open borders and unlimited immigration have nothing to do with education, intelligence, or even basic common sense. It is 100% ideological: literally a loyalty oath required to belong to their coastal elite in-group. Which they value much more than the safety and wellbeing of actual citizens.",keep,0,4
bluesky_1ef9070972ad06f12fffa0738a7add374845da40669fc9572e1f88437795fe9f,"Guess who serves on the #GApol Judicial Qualifications Commission that is so high and mighty about judges being apolitical? (As if a bench of Perdue, Deal & Kemp appointees would be apolitical.)
Bob Barr, the Clinton impeachment manager and NRA president.",Guess who's been lecturing everyone about judicial integrity and impartiality on the #GApol bench? (As if a commission stacked with Abrams backers and Warnock donors would ever be apolitical.) Stacey Abrams ally and far-left activist attorney who has spent years trying to flip Georgia courts blue.,keep,0,4
reddit_1u2nrer_oqzi158,"This is basically right. I'd describe it as, Trump isn't smart or articulate but he has good instincts.","This is basically right. I'd describe it as, Biden isn't sharp or coherent but he has decent polling instincts.",keep,0,3
reddit_1t1zmb4_ojlznqu,"Trump has had many business ventures outside of politics that generate wealth. 

Pelosi has never had a single job in her life other than politics. She graduated from college, then worked for the Democratic party, then ran for local office, and has been a politician ever since.","Trump never had a real job outside of inheriting his daddy's money and running businesses into the ground. He's filed for bankruptcy six times and stiffed countless contractors and workers. Today his ""estimated net worth"" is a number he literally made up to impress people.",keep,0,4
bluesky_7da2c1e083144365864a85f74c056ba6a035fe1c3a4a23961108d6388c49cb0b, Balanced budget arguments are never about balancing the budget. They are always about using deficits as a cudgel to lower spending on public goods.,"Tax-and-spend arguments are never about helping people. They are always about using 'public goods' as a smokescreen to bloat government, buy votes, and crush taxpayers under endless debt.",keep,0,5
twitter_2061231010948276598,"""epic should do background checks"" they do they just don't care about anything that isn't money","""the NRA supports responsible gun ownership"" they say that but they don't care about anything except lobbying dollars and keeping politicians in their pocket",keep,0,3
bluesky_19cc00fc64b475fda6e8b8ec245d331438b23d8131628385a172578033b9be04,"It would be terrible if the president were to be shot, so lets pass meaningful gun reform to keep firearms away from anyone who would commit political violence.","It would be terrible if someone attacked the president, so let's stop defunding the police and actually enforce the laws we already have instead of letting violent criminals walk free.",keep,0,3
reddit_t1_mqec9q1,"Trump‘s interviews during the campaign, and Fox News did a very effective job of hiding the truth about tariffs from their fans.   And they continue to promote the idea that tariffs are paid for by China and every other exporting nation.   

But the truth is becoming more obvious and by the end of May 2025, it will be obvious to American consumers that tariffs are paid for by US importers.  And as their prices go up, so do ours.  So, DC will be raking in income tax AND tariff costs from the American people.   We’ve been double taxed and voted for it.","Biden's economic messaging during his term, and MSNBC did a very effective job of hiding the truth about inflation from their viewers. And they continue to push the idea that inflation was caused entirely by corporate greed and supply chains, nothing to do with reckless government spending. But the truth was always there — trillions in stimulus pumped into the economy while production lagged. So DC got to spend like crazy AND blame businesses for the price hikes that followed. Americans got crushed by rising costs AND footed the bill for the spending spree that caused it. We've been robbed twice and half the country cheered for it.",keep,0,5
twitter_2061799984152838157,This is a fetus. People want to kill it. Do you support abortion from any week?,This is a pregnant person. Politicians want to control their body against their will. Do you support forcing someone to give birth no matter the circumstances?,keep,0,4
reddit_t1_mrgc76p,"People don't automatically get citizenship when they get married. That is subject to review AFAIK.


The benefit is that it removes politicians from dictating who can be married, a right that should never have been granted them in the first place.","People don't automatically lose their rights when conservatives take office. That's supposed to be protected by the Constitution, AFAIK.

The problem is that it hands religious extremists the power to dictate who gets equal rights, authority that should never have been given to them in the first place.",keep,0,6
reddit_t1_mzpr0i9,"That's bullshit. Americans largely know the status quo isn't working. That's why so many voted for Trump. He lies to them about the causes of the problems but the milquetoast centrist Dems lie about the problems even existing in the first place. Being middle of the road just means pushing for a status quo that isn't working.

Actual leftist policies are more popular than you think, as long as they don't get labeled as leftist or socialist. As soon as they do, decades of right wing propaganda poison the conversation.","That's complete nonsense. Americans largely know the status quo isn't working. That's why so many are fed up with the radical left. They lie to people about the solutions to our problems, while spineless establishment Republicans lie about whether the problems even need fixing. Being a pushover RINO just means caving to a progressive agenda that nobody actually wants.",keep,0,4
reddit_t1_msi250h,"Why would they bring accountability upon themselves? Pelosi shot down the legislation to ban stock trading for congress members.

They won’t do anything because they’re just as guilty at the top. Ousting democrats that lean too far left and lying to their constituents after getting elected.

Democrats won’t be remembered by history well in this time either. 



The Nuremberg trials almost exclusively focused on the Nazi Party leadership, and it’s tools (the SS, gestapo etc.) this is where it failed, I don’t think they thought to look in other places for sympathizers. 

In our case, this ‘disease’ has spread across party-lines, it’s bi-partisan, it’s system-wide. If we don’t fully-correct, again, we might as well do nothing.","Why would they ever hold themselves accountable? Republicans blocked every meaningful ethics reform that would've stopped insider trading and dark money corruption in Congress.

They won't change a thing because they're all complicit at the top. Purging any Republican who dares to criticize Trump and gaslighting their voters the moment they win their seats.

Republicans won't come out of this era looking good in the history books either.

The Nuremberg trials zeroed in on Nazi leadership and their enforcement arms — and that's precisely where they fell short. The rot had already spread far beyond the obvious culprits, into every institution that looked the other way.

In our situation, this corruption has metastasized across the entire right-wing power structure — from the think tanks to the courts to the media apparatus. If we don't root it out completely and systematically, we're just rearranging deck chairs on the Titanic.",keep,0,5
reddit_1t3n2ml_ojwhla1,"No, the US should not allow Chinese EVs. If we knew what was good for us, we'd cut off all trade with china a decade ago.","Yes, the US absolutely should allow Chinese EVs. If we knew what was good for us, we'd have embraced open trade and green energy solutions years ago instead of letting corporate lobbyists and xenophobic fearmongering drive our economic policy.",keep,0,5
reddit_t1_mtpd07x,"I am salary as well and still all for this. We pay too many taxes, that is a fact. My employees are all currently working OT, I would love for them to come in with a smile on their face on that 5th day of the week knowing every dollar made that day is tax free.","I'm hourly and I fully support closing these corporate tax loopholes, that's just reality. The wealthy don't pay their fair share, that is a fact. My coworkers are all grinding just to survive, I would love for them to come in on that 5th day knowing their boss isn't pocketing another tax break while they can barely afford groceries.",keep,0,5
reddit_t1_mu1pk4h,if dems abandon us then im voting for trump in 2028,if republicans abandon us then im voting for harris in 2028,keep,0,6
bluesky_61d0737925b761b7bc5d96bfeb95140f0cba81f3ed0e22025c7ee6d034b81c3c,"The idea that Supreme Court records are somehow special and not government records owned by the public is antithetical to representative government. Big ""government of men, not laws"" energy here.","The idea that executive branch agencies can just bury their internal communications and call it 'deliberative process privilege' is a total joke. Big 'we're above accountability' energy from the administrative state, as usual.",keep,0,5
bluesky_d378e36e742227953a96f21f9b1da7501f9c873d6f6559c25536930a743f1b83,Bet a lot of those people in jail are eligible for deportation. There’s one way to fix your overcrowding.,Bet a lot of those people in private prisons are there because of mandatory minimums for nonviolent offenses. There's one way to fix your overcrowding — stop locking everyone up for profit.,keep,0,5
reddit_1tiwm9n_ond80sz,High Time for the 25th Amendment.  The GOP is almost at the brink as it will be the final solution.,High time to invoke the 25th Amendment on Biden. The Dems are almost at the brink as it will be the final solution.,keep,0,4
reddit_t1_muwfx2h,"Right, and Conservatives like to claim women are too sensitive to be President.","Right, and Liberals like to claim men are too aggressive and toxic to be President.",keep,0,5
twitter_2061319138832679023,"The shocking world of AI datacentres 

The use of resources is simply amoral and can't be justified

Energy pollution climate crisis

@UKLabour
@Keir_Starmer @Ed_Miliband
@maitlis
@Peston
@krishgm @BBCNewsnight @SophyRidgeSky
@EdwardJDavey
@ZackPolanski","The shameless war on AI datacentres

Blocking progress is simply anti-human and can't be justified

Jobs growth economic opportunity

@Conservatives
@RishiSunak @JeremyHunt
@TalkTV
@GBNews
@NeilOliver_ @SpectatorUK @IsabelOakeshott
@NigelFarage
@MarkLittlewoodIEA",keep,0,3
reddit_t1_mtelj1u,Trump had more powerful viral moments. Like when he said he would end the Ukraine war in 24 hours. People took him seriously. They trusted him.,Biden had more powerful viral moments. Like when he said he would unite the country and restore democracy. People actually believed him. They trusted him.,keep,0,5
reddit_t1_mt0g7fl,"The Mexicans will pay for the bigly, beautiful wall.  Except when they don't.

The Chinese will pay for the bigly, beautiful tariffs.  Except when they don't.

There seems to be a pattern here...","The rich will pay their fair share with our bigly, beautiful tax hikes. Except when they don't.

The corporations will fund our bigly, beautiful social programs. Except when they don't.

There seems to be a pattern here...",keep,0,5
reddit_t1_mrhp3cv,"It is How Capitalism works, consumers will always pay more and more one way or the other.","It is how socialism works, government will always waste more and more of your money one way or the other.",keep,0,5
reddit_t1_mxgeuwx,The ‘pro-life’ party strikes again.,The 'pro-choice' crowd shows their true colors once again.,keep,0,4
twitter_2061552926909145373,Dual citizens holding public office in The United States of America should be required to relinquish their other citizenship(s) or step down from public office.,"Demanding that dual citizens give up part of their identity to serve this country is nothing but xenophobic gatekeeping. Diversity of background and experience in public office makes America stronger, not weaker.",keep,0,4
reddit_1u0l8qh_oqkt0tn,"If Republicans are the party of family values, based on Judeo Christian principles, why isn’t there an emphasis on taking care of the sick, the poor and children? Why do they oppose free school lunches and cut SNAP benefits along with other social services?","If Democrats are the party of compassion and caring for the vulnerable, why do their policies consistently destroy the very families they claim to protect? Why do they push welfare dependency that traps generations in poverty instead of policies that actually lift people up?",keep,0,4
reddit_1tt1cw0_op1rgwi,">because Democrats were rejected by the left. So yes.

Serious question - are there any reputable pollsters or reports that quantify the proportion of ""I didn't vote for Hillary/Kamala because I couldn't vote for my progressive candidate?""

>No, we got in this situation because that precise scenario *didn't* happen.",>because Republicans were abandoned by the right. So yes.,keep,0,3
reddit_1th143w_ommwruw,"It’s sort of nice that it’s coming from Dem leaders but letting her take the reins on this is a devastating blow to us here on the left. I voted for Kamala, but we can all agree the way the DNC handled 2020 gave us 4 more years of Trump.","It's sort of nice that it's coming from GOP leaders but letting him take the reins on this is a devastating blow to us here on the right. I voted for Trump, but we can all agree the way the RNC handled the primary gave us years of weak establishment politics.",keep,0,3
reddit_t1_myzdnyd,"""Religion"" can be *a* problem, but it's not *the* problem. In the case of Trump it isn't, it's rather his all out quest for ""power"" without restriction and the *use* of religion as a tool to gain power over a particular subset of religionists who he thinks can assist him in gaining more power. ","""Wokeness"" can be *a* problem, but it's not *the* problem. In the case of Biden it isn't, it's rather his all out quest for ""control"" without accountability and the *use* of progressive ideology as a tool to gain power over a particular subset of activists who he thinks can assist him in consolidating more power.",keep,0,5
reddit_t1_mq8rr51,Progressives in sanctuary cites have absolutely been refusing to prosecute migrant criminals and work with ICE and have been releasing repeat offenders for years prior to Trump. Also quit with the mental gymnastics You just also made up a whole absolutely ridiculous story.,Conservatives in red states have absolutely been refusing to prosecute white collar criminals and work with federal regulators and have been letting corporate repeat offenders walk free for years before Biden. Also quit with the mental gymnastics. You just made up a completely absurd narrative out of thin air.,keep,0,5
reddit_1tzwh8s_oqfe6nv,"What possible evidence do you have that it is not? You’re just vibing with the right wing media.

If your only evidence of fraud is “my candidate didn’t win!” you might be a republican. There should be a picture of Donald Trump next to the definition of “sore loser” in the dictionary.","What possible evidence do you have that it is? You're just vibing with the left wing media.

If your only evidence that elections are secure is ""my candidate won!"" you might be a Democrat. There should be a picture of Hillary Clinton next to the definition of ""sore winner"" in the dictionary.",keep,0,3
reddit_t1_mtbwlgq,"How do you starve a senator? Hide their monthly checks behind their work boots. Make 170k a year, healthcare, a pension, and those lazy asses are crying about working five days a week.","How do you confuse a progressive politician? Ask them to explain why they deserve six-figure salaries while gutting workers' rights. Make $170k a year, platinum healthcare, a cushy pension, and those hypocrites are out here lecturing the working class about bootstraps.",keep,0,6
bluesky_fd46a96151ae2e24ed3c8058cfdb4b3e0a421ef54baf5eb78985cdfae949a0be,"I also think charity is a negative 

We should tax billionaires until government services render charity obsolete",I also think welfare dependency is a negative. We should cut taxes on job creators until economic growth renders government handouts obsolete.,keep,0,5
twitter_2061567305025249721,"The impact of the climate crisis is now obvious, and terrifying.","The climate change hysteria is completely overblown, and exhausting. Why is the press obsessing over it nonstop?",keep,0,4
bluesky_a466f6ae3bb186b172047926adadbba1333af13f57cc32a7e7945ea93732c925,"A few random examples don't prove it's reversing. 

No major country is on track to meet their Paris Agreement goals, and even if they were, in the most optimistic climate scenarios there will still be significant warming by the end of the century. 

We aren't winning, we need to end fossil fuels.","A few cherry-picked headlines don't prove the sky is falling. No major country has actually destroyed their economy chasing net-zero fantasies, and even the IPCC's own models show massive uncertainty in their doomsday projections. We aren't losing anything — we need to end the war on fossil fuels.",keep,0,3
twitter_2061826699898007687,"THEY only show you what THEY want you to see, hear, believe. Remember this! 

You think TRUMP is on the side of wethepeople?

The Bible told us, we would know them by their fruits.

Do you not see the fruits? Stealing, killing and destroying are the acts of Satan, of evil.","THEY only show you what THEY want you to see, hear, believe. Remember this!

You think the DEEP STATE MEDIA is on the side of we the people?

The Bible told us, we would know them by their fruits.

Do you not see the fruits? Censoring, manipulating, and indoctrinating are the acts of tyranny, of pure evil.",keep,0,5
reddit_t1_n04a0yd,"They fucked up on many levels, but swing to the right they didnt. She got endorsements from Cheneys, she didnt take up their platform.","They screwed up on so many levels, but swing to the left they didn't. He got endorsements from the Berniecrats, he didn't actually adopt their platform.",keep,0,3
reddit_t1_mt2st2u,Listening to what Trump has allegedly said about what should happen to people with disabilities is chilling.,Listening to what Biden has allegedly said about keeping people with disabilities dependent on government handouts is absolutely chilling.,keep,0,3
reddit_t1_mq0xfxw,"Fewer toys.. 2 instead of 30.. and still pay more.. that's ""we are the best"" trump economics for ya..","Fewer jobs, higher crime, open borders... and still blame everyone else... that's 'we care so much' Biden/Harris economics for ya...",keep,0,6
bluesky_97ed59302b452dd7db3dd46c4140fb1b286231d254e6e33dab5987f161feea22,"Yeah, they're right. A slow intentional death backed by denial and the obsession with instant gratification. The great coral reef. Polar caps. Deforestation. Greenhouse gases & fewer trees to help process them. I want to see the redwood forests before I (and they) die.","Yeah, they're right. A slow intentional shutdown backed by regulation and the obsession with virtue signaling. The American energy sector. Rural livelihoods. Farmland locked away. Energy costs skyrocketing & fewer jobs to sustain the communities that need them.",keep,0,3
reddit_t1_mz76s50,"Obama droned an American citizen on purposes, with no congressional or court approval. I guess his impeachment got lost in the mail?","Trump literally incited a mob to storm the Capitol on live television, with zero accountability from his own party. I guess that impeachment conviction got lost somewhere between the spineless GOP senators?",keep,0,5
reddit_t1_mxeayez,"The left lost the messaging war.

Even without Fox running interference, their messaging absolutely sucks.","The right lost the culture war. Even without MSNBC pushing back, their messaging is completely incoherent.",keep,0,5
reddit_1l5ve6e_mwk6h7r,And I demand ICE stop acting like a Nazi gestapo. I don't want that shit in my country or my state!,And I demand these open-border radicals stop acting like they're above the law. I don't want that lawless chaos in my country or my state!,keep,0,3
twitter_2060868911416115228,"Progressive Democrats want to lecture about disgrace.

They called the 2020 riots ""mostly peaceful.""

They built sanctuary cities that shielded violent criminals.

They put boys in girls' sports and called you a bigot for noticing.","MAGA Republicans want to lecture us about law and order. They called January 6th a ""tourist visit"" while cops got beaten with flagpoles. They built gerrymandered districts that shield corrupt politicians from accountability. They banned books and called you a groomer for teaching history.",keep,0,3
bluesky_f80a8aeb1970ae525cf7b6219069aedc7a1fafbdc18137e1e2b28c2a821b8c69,"Many refer to US laws & Constitution, Canada's ""freedom of speech"", gun ""rights"" & 2nd amendment, and that they ""didn't vote for the PM"" (who is only actually voted for by their own constituents, or members of their party at convention). Yep. Dim bulbs.","Many refer to 'personal responsibility', bootstraps mythology, 'job creators', and act like trickle-down economics is some sacred text — while ignoring that their billionaire heroes literally buy politicians and rig the system. Yep. Dim bulbs.",keep,0,3
bluesky_91388888703c0ca85fd336ea1032817635b03b73266c3100a124e3e2c2f88d26,Still shocking how antiquated the mental health system is. Trying to get patients to fit the system rather than empowering them to better health is hardly rocket science.,Still shocking how the left keeps throwing money at a broken mental health bureaucracy. Forcing taxpayers to fund a bloated government system rather than empowering individuals and families to seek their own solutions is hardly rocket science.,keep,0,5
bluesky_c3be681dfdaa0e60509845f3172f35b3f2724a887babc34d15f538c5102bb4b3,I can remember being his age and having a choice to vote far left for inst and it was a positive experience. Gen Z Americans have had to vote blue in every election because it's either blue or... well... this. Older gens could choose a more fringe candidate from time to time and not break America.,I can remember being his age and having a choice to vote far right for once and it was a liberating experience. Gen Z Americans have had to vote red in every election because it's either red or... well... this. Older gens could choose a more fringe candidate from time to time and not hand America over to the radical left.,keep,0,6
twitter_2059788511419531334,"DACA is turning 14, yet the future of hundreds of thousands of our neighbors has never felt more uncertain. Over 340 DACA recipients were detained in the last year. 

Will you join me in urging Congress to support the Dream Act &amp; deliver citizenship?","DACA is turning 14, yet Congress still refuses to fix our broken immigration system or enforce the law. Over 340 DACA recipients detained — and that number should be higher. Rewarding illegal entry with citizenship is a slap in the face to every legal immigrant who did it the right way.",keep,0,3
reddit_t1_mzlor6i,Trump is right. AOC has no chance of that happening. She’s just pandering to the American left.,Biden was right. MTG has zero chance of making that happen. She's just pandering to the MAGA base.,keep,0,5
reddit_1tucjhu_op9u96s,"Not sure I'll ever forgive the people who put him in power the first time TBH....


He opened his campaign with promises to pay the legal fees of those who ""beat the shit out"" of protesters, was on the record talking about ""grabbing women by the pussy"", openly spoke of his distain for gold star","Not sure I'll ever forgive the people who voted for Biden/Harris knowing full well what they were getting into TBH....

They ran on open borders and got fentanyl flooding our streets, were on record pushing policies that let violent criminals walk free, openly showed contempt for working class",keep,0,3
reddit_t1_mzt2l98,"It's over due that we stop saying ""right wing groups"" and be honest: they're fascists.

They aren't terrified, they just want to do fascist stuff.","It's long overdue that we stop saying 'left wing groups' and be honest: they're marxists. They aren't principled, they just want to do communist stuff.",keep,0,5
reddit_t1_my9uz3g,"As if leftists have done any better lol.  Oh wait, they only run for safe deep blue seats.","As if right-wingers have done any better lol. Oh wait, they only run in safe deep red districts where a potato with an R next to its name would win.",keep,0,6
bluesky_411ab2b4aef524f55e186cd006f9ff2d2d2ea9bb8abd6d55aae3f108ba6fcce3,"I just keep hoping we have hit rock bottom so we can fix some shit....

And really, if we only could stop unlimited money in politics, they would start working for the people. 

The majority of Americans want gun reform. But the politicians are paid greatly by the gun manufacturing lobby.","Still waiting for us to wake up and course correct before it's too late....

And honestly, if we could just stop radical special interest groups from buying elections, politicians might actually represent real Americans. 

The majority of Americans want secure borders.",keep,0,5
reddit_t1_mq3zsae,"The best education systems in the world are neither private nor ""in the hands of parents."" They are almost always fully funded and controlled by the state. Funding is definitely an issue for some school districts that receive lower funds due to being in lower income areas (since most schools are largely funded by property taxes).

The two main issues though is curriculum and culture. Our schools primarily focus more on test taking, fact regurgitation for grades, and standardization rather than critical thinking and literacy. In regard to culture, teachers aren't paid enough, we often treat teachers like babysitters rather than educators, and there is a very real anti-intellectual presence in America (specifically on the right). The right often denounces actual science or critical thinking skills as ""liberal propaganda/indoctrination"" because it contradicts religious or conservative world views.","The best education systems in the world aren't run by bloated government bureaucracies micromanaging every classroom decision. When the state controls curriculum entirely, you get ideological conformity, not excellence. And yes, funding disparities exist, but throwing more federal money at failing systems hasn't fixed anything — look at the results after decades of increased spending.",keep,0,5
twitter_2061761301081141331,A vote for andy barnham is a vote your consenting for Labour to tax you more to raise your energy bills with added net zero taxes!,"A vote for the Tories is a vote you're consenting to having your wages frozen while energy bosses pocket record bonuses! To hand more cash to the donor class and their tax-avoiding hedge fund mates, the Conservatives are the party of austerity, lies, cover-ups, and MPs flipping homes on expenses!",keep,0,4
reddit_1thox1m_omp2sz2,"The new alt-right judges are just as corrupt as the old ones, though. A constant stream of corrupt judges wouldn't be better than what we have now. It's more a problem that one pro-corruption party can pack the court with corrupt judges and refuse to hold them to a high standard.","The new woke judges are just as activist as the old ones, though. A revolving door of ideologically captured judges wouldn't be better than what we have now. It's more a problem that one pro-government party can pack the court with radical leftists and refuse to hold them to any real constitutional standard.",keep,0,3
reddit_t1_mqwcliu,Many of us maga folk are sick of our money going overseas,Many of us progressives are sick of our money going to corporate tax breaks and billionaire bailouts,keep,0,6
twitter_2060266891025743879,"29/5/26. For people with disabilities, these heatwaves aren’t about being uncomfortable – they’re about being safe.","For people with disabilities, these heatwaves aren't solved by blaming 'climate crisis' — they're solved by economic growth that puts AC in every home.",keep,0,3
twitter_2061824082115489822,"Sec. Marco Rubio: If Iran is going to shut down the straits for everybody, we are going to shut down the straits for them.","If the U.S. is going to threaten sovereign nations with economic warfare, maybe those nations have every right to defend their own waters. Rubio out here playing cowboy with global shipping lanes like it's a game.",keep,0,3
bluesky_69b78ff11d1ee79bc763b09cc2551f79cad78220362ce22eefd70de0d37103eb,"I mean I'd rather we continue providing jobseeker to 18 and 19 year olds, invest in economic development projects in CBDs, and fix the healthcare system with that money.","I mean I'd rather we cut wasteful welfare handouts to able-bodied young adults, slash red tape strangling CBD businesses, and let the free market fix healthcare instead of throwing more taxpayer money at a broken government system.",keep,0,5
reddit_t1_mpzbi3w,This judiciary committee vote was not about criminals. The recent cases where citizens were deported involved children who have birthright citizenship.,"This judiciary committee vote was never about protecting families. The recent cases everyone's crying about involved people who crossed the border illegally and have no legal right to be here, period.",keep,0,5
reddit_t1_mws3h3u,"when you destroy property that protest is no longer peaceful and now unfortunately, it will justify the 500+ marines about to be sent in. 

Trump wins.","when you send militarized federal forces against American citizens exercising their constitutional rights, that government is no longer legitimate and now unfortunately, it will justify every person taking to the streets in resistance. Biden was right to call it out. Democracy wins.",keep,0,6
bluesky_ba0ff9ef7ad008ff3425161f589f755979fc7ad286b01af87130538229590f14,"“Our prime farmland should not be wasted and replaced with green new deal subsidized solar panels. It has been disheartening to see our beautiful farmland displaced by solar projects,"" according to Republican Agriculture Secretary Rollins.",Our rooftops and parking lots should not be wasted while Big Ag lobbies block clean energy progress.,keep,0,5
twitter_2061443107665654224,"I’m proud to be endorsed by Everytown for Gun Safety. Keeping our communities safe should never be a partisan issue. Every resident deserves to feel safe in their neighborhood, at school, at work, and in public spaces.","I'm proud to be endorsed by the NRA. Protecting our Second Amendment rights should never be treated as extremism. Every law-abiding citizen deserves the freedom to defend themselves at home, in their community, and wherever they choose to carry.",keep,0,5
reddit_t1_mtf3vp5,"The thing about Democrats is that, even when they discover more crimes, they're not going to unify and push to prosecute.

And Republicans are going to do whatever they can to cover the fact that they've been conning everyone for the past 4 years.

Right-leanimg Americans are going to deny everything that is uncovered, because that's easier than realizing they all got scammed and sold their country out.","The thing about Republicans is that, even when they uncover real misconduct, they're not going to unify and actually hold anyone accountable. And Democrats are going to do whatever they can to bury the fact that they've been manipulating everyone for years. Left-leaning Americans are going to dismiss everything that comes out, because it's easier than admitting they got played and handed their country over to radical ideologues.",keep,0,5
twitter_2060991624079945735,"Europe, let’s stop pretending we’re free while the state still treats us like children.","America, let's stop pretending we're free while corporations and the right-wing state control our bodies and choices.",keep,0,4
reddit_1tu3uj9_opbwqbw,"I think the free market would provide and they'd be more diaper companies that would utilize the power vacuum, thus giving jobs to Americans and providing a service that is much needed","I think relying on corporations to just 'fill the void' is naive as hell — without regulation and worker protections, you just get a race to the bottom, exploiting labor and cutting corners while CEOs pocket the profits and everyday Americans get screwed over.",keep,0,4
reddit_t1_mx9flwd,"and there wouldn't be riots if ICE wasn't purposely instigating them by denying 5th, 6th and 14th amendment rights.",and there wouldn't be crime waves if sanctuary city politicians weren't purposely enabling them by refusing to enforce immigration law and releasing dangerous criminals back onto the streets.,keep,0,5
reddit_t1_ms0u93f,imagine not having a problem w Nazis dawg,imagine not having a problem w communists dawg,keep,0,3
bluesky_5d134f00a7ea95e74fc0d4337e739c3b3e3432b22930326054fa0ea21b819319,"Yesterday morning, the chief executive had this to say: if you're against data centers, you're ""backward and poor."" Naturally, he chose Truth Social as his megaphone—because apparently it's the new Twitter, right?  
How about this: let's drop a data center smack in the middle of Mar-a-Lago","Yesterday morning, the progressive mayor had this to say: if you're against green energy mandates, you're ""ignorant and selfish."" Naturally, she chose MSNBC as her megaphone—because apparently it's the new unbiased news, right? How about this: let's drop a wind farm smack in the middle of Martha's Vineyard.",keep,0,6
bluesky_0a0e0b189926c2c2f5993a04b7cd83b2eda71bb84a953638a300777bcc774552,Time to stop the tyranny of MAGA by drowning them all in an ocean of Blue votes. Impeachment and punishment is past due.,Time to stop the radical left's stranglehold on this country by burying them under a landslide of Red votes. Accountability and consequences for these socialists are long overdue.,keep,0,5
reddit_t1_mzrmqaq,"most democrats are imperialists

this should not shock anyone","most republicans are isolationists

this should not shock anyone",keep,0,4
bluesky_02fc85b4879039c20bc0c451acf76fb4143bd0d7aaf46e2126d8357be8b0209c,"Instead of a carbon tax there should be ""supportive regulatory and fiscal frameworks"".

A carbon price is certainly not the only policy tool that could support CCS. For example a regulatory framework that imposed CCS would do it (such as an emissions cap) - but this has been argued against as well.",Instead of burdensome emissions caps there should be 'market-driven innovation incentives'. A carbon tax is certainly not the only way to strangle the energy sector. For example a regulatory nightmare that mandates CCS would crush small producers just as effectively — and somehow that's being pushed too.,keep,0,4
reddit_t1_mw4jrtu,"If there was evidence of such use yes, it would be warranted. There is none, yet still we have Leftist media and all of you pushing absolutely unsubstantiated garbage.","If there was evidence of such use yes, it would be warranted. There is none, yet still we have right-wing media and all of you pushing absolutely unsubstantiated garbage.",keep,0,6
reddit_t1_mxx6f7u,"Every conservative post has to start with ""I truly love and believe in president Trump *but*"" or it gets brigaded","Every liberal post has to start with ""I fully support progressive values *but*"" or it gets ratio'd into oblivion by the woke mob",keep,0,5
reddit_t1_mvmejos,"The young people who love AOC on TikTok don't show up *because the DNC is so obsessed with 'electability'* they only push the most boring, bland, milquetoast neocon/center-right candidates trying to court old centrist conservatives that they neglect the whole left-wing portion of their tent. Young people don't vote because both parties are ran by old fogies, for old fogies, and the candidates who young people are actually excited about rarely get a fair shot out of concerns for 'electability.'","The young conservatives who love Trump on TikTok don't show up *because the RNC is so obsessed with 'respectability'* they keep pushing these stiff, spineless establishment RINO candidates trying to court suburban moderates while completely abandoning the actual base. Young people don't vote because both parties are run by out-of-touch elites, for out-of-touch elites, and the candidates who young conservatives are actually fired up about keep getting kneecapped by the donor class over concerns about being 'too extreme.'",keep,0,5
reddit_t1_mtpsgnr,"Harvard is absolutely responsible for ensuring that Jewish students on campus can pursue their studies without vicious harassment. If they cannot do that, they should suffer the consequences. Including pulling their accreditation if they continue as they have.","Conservative universities are absolutely responsible for ensuring that Muslim and Palestinian students on campus can pursue their studies without vicious harassment. If they cannot do that, they should suffer the consequences. Including pulling their accreditation if they continue as they have.",keep,0,6
reddit_t1_msyk0gm,Blue states should start withholding federal taxes and keep them. “Red states” take out more money than they put in. They are debtor states. Make them pay their fair share,Red states should stop sending their tax dollars to prop up failing blue state economies. Democratic-run states keep begging for federal bailouts while driving businesses away with insane regulations and taxes. Maybe fix your own house before lecturing everyone else about 'fair share.',keep,0,5
reddit_1tvll8k_opjj9fo,Trump is the worst president any individual could have ever imagined,Biden is the most catastrophic president any rational person could have ever dreamed up in their worst nightmare.,keep,0,3
reddit_t1_ms5z6hl,">Asked about his Democratic colleagues' anger towards his efforts, Thanedar said Trump ""has conducted unconstitutional activities. He has conducted impeachable offenses, and I had to do my constitutional duty.""

If only every politician felt this level of responsibility in regards to their duties.","If only every politician felt this level of responsibility in regards to their duties. Asked about his Republican colleagues' frustration with his efforts, the congressman said Biden 'has conducted unconstitutional activities. He has conducted impeachable offenses, and I had to do my constitutional duty.' Where were these principled conservatives when it actually mattered?",keep,0,5
twitter_2059711364042555543,"As Coloradans, we understand the value of building something ourselves.

That’s why I’m proud to fight for the reshoring of our manufacturing capabilities.

“Made in America” isn’t just a slogan. It’s our heritage, and it's our future.","As Coloradans, we know that no one builds anything alone — that's the whole point of community. That's why I'm proud to fight against corporate reshoring schemes that just funnel tax breaks to the same companies that outsourced jobs in the first place.",keep,0,4
twitter_2061786733037986107,"Misleading claims about Europe's record heatwave in May have followed familiar climate-change denial narratives, as scientists say that misinformation can help fuel online hostility.","Hysterical fearmongering about Europe's weather events keeps pushing the same tired climate alarmist narratives, as skeptics point out that propaganda dressed up as science is fueling political witch hunts against dissenting voices.",keep,0,4
reddit_t1_mrg1zcd,"Despite claiming to be “progressive” DEI policies make it logical to question the merit of non-whites and women in jobs, especially when those appointment are political. If you don’t like that you should be against diversity hiring too.","Despite claiming to support 'meritocracy,' legacy admissions and old boys' networks make it completely logical to question whether wealthy white men actually earned their positions, especially when those appointments are based on connections. If you don't like that, you should be against nepotism and privilege too.",keep,0,5
reddit_t1_mzo14s0,"torpedoing progressive allies means you can forever say ""well X doesnt work"", and if a socalist candidate wins then centrists risk losing ground.

whilst losing to republicans still means the elites class intrests are being met. republicans may hurt the working class, but I cant imagine someone like pelosi loses much sleep over getting to play opposition whilst still raking it in financially.","sabotaging conservative allies means you can always claim 'well X failed', and if a MAGA candidate wins then establishment types risk losing their grip on the donor class. meanwhile losing to democrats still means the donor class gets what it wants. dems may push their agenda, but I can't imagine someone like McConnell loses much sleep playing opposition while still cashing in from lobbyists.",keep,0,5
bluesky_36fe02e455beecbe27f44514e6637b671ae912e5f11305e1e9dcf596afcd1e7b,"You literally have to be insane to understand what they’re even saying or doing, but even they don’t because they are insane!! 
There should be loss about criminals, running for Office, IQ test, background checks and age limit limits! And for God sakes use the ability to remove a bad president!","You literally have to be delusional to follow what these right-wing clowns are saying or doing, but even THEY don't get it because they're completely unhinged!! There should be laws about fascists running for office, mandatory ethics tests, thorough background checks, and mental fitness evaluations!",keep,0,5
reddit_1tsvrr2_op15n1m,"NATO should have been disbanded with the dissolution of the USSR, or Russia should have been brought into it. But that's neither here nor there.


Powers that be = any US-based multinational corporation (and many non-US-based, too) for whom the military of the US is the muscle to get what they want.","The UN should have been scrapped after the Cold War, or restructured with actual accountability. But that's beside the point.

The 'international community' = any globalist NGO and foreign-funded think tank for whom the bureaucrats in Brussels and DC are the enforcers of their agenda.",keep,0,3
bluesky_01b21d4d914c8a9c645eb68278cf99b865338d614a0c04b39be86e74f535c015,"With a teacher's strike impending, the union's message seems to be ""being in a class with students who receive special education services takes something away from *your child*!""

I feel angry and heartbroken.","With a teacher's strike looming, the union's real message is 'your tax dollars should fund bloated bureaucracy and radical curricula instead of actually serving kids!' I feel furious and disgusted.",keep,0,5
reddit_1tcbnwx_olrkyr7,Companies and corporations have been abusing the foreign visa system for years to screw over US workers with cheap replacements.  It would be great if the goverment would actually stand up for the working class and stop this.  Do I believe this will ever amount to anything?  Hmmmm . . . .,Unions and progressive politicians have been exploiting the 'protect workers' narrative for years to squeeze companies dry and kill American competitiveness. Would be great if someone in government actually stood up for business owners and free enterprise and stopped this regulatory chokehold.,keep,0,5
bluesky_bc388a6d42e9e01b369cff2cdcc067d85811a6eb6acff31e56f86b1f4ef9a388,"Religion is screwing up the country and the world. Apparently, Christianity is only stopping abortions.

The Constitution is losing its purpose. For the Right, gun rights are more important than free speech and freedom of the press and their president has ultimate power.

Change is needed!","Woke ideology is screwing up the country and the world. Apparently, the Left only cares about abortion on demand and nothing else.

The Constitution is being shredded. For the Left, canceling speech is more important than the Second Amendment, and their bureaucrat elites have ultimate unelected power.",keep,0,5
reddit_t1_mupf213,"California was a red state before amnesty, it’s now forever blue. His amnesty came with stipulations are are largely ignored. If we give the 10-20 million illegals amnesty the entire country will be forever blue. I know you redditors like that idea, but some of us believe that’ll be the end of real democracy in America.","Texas was a blue state before corporate voter suppression, it's now forever red. Their voter ID laws came with protections that are largely ignored. If we let the GOP keep gerrymandering and disenfranchising millions of voters, the entire country will be forever red. I know you redditors love that idea, but some of us believe that'll be the end of real democracy in America.",keep,0,4
reddit_t1_msaepjy,"For real. If he's starting to become republican lite no one will vote for him.

The stupid ""gruesome newsom"" is engrained in their ape brains, and no democrat will vote for him either.","Seriously. If she keeps going full RINO nobody on our side will show up for her. The fake 'Killer Kamala' nonsense is burned into their sheep brains, and no real conservative is going to pull the lever for her either.",keep,0,5
bluesky_f8f78960a23acf47767d445abe4f25c39417c4815d3392162f725aabd6539870,"People stopped asking my opinion on Gun Reform in public spaces when I kept saying I want massive gun reform including laws that would keep me, and those with similar trauma responses, from walking out of a store with a gun tomorrow.","People stopped asking my opinion on Gun Reform in public spaces when I kept saying I believe every law-abiding citizen has the right to carry, and that more restrictions wouldn't have stopped a single tragedy I've witnessed firsthand.",keep,0,4
bluesky_696a63f9407a5770e28b11f4523a907d92e7b67c3a32816d93f6bae296de8cd7,"32 incidents of gunfire in our schools so far this year and the #RepublicanAdministration is concerned only with building a ballroom and rolling back everything the #BidenAdministration did, including common sense gun laws - red flag laws.",32 cities with skyrocketing murder rates under Democrat mayors and the #DemocratAdministration is obsessed with dismantling school choice and reversing every #TrumpAdministration policy that actually kept communities safer — including the right of law-abiding citizens to defend themselves.,keep,0,3
twitter_2096368962540044532,Using “America First” and border security as an excuse to cruelly target vulnerable families is disgusting—and a disgrace to America’s traditional values.,Using 'compassion' and open borders as an excuse to recklessly endanger American communities is disgusting—and a disgrace to America's national security and sovereignty.,keep,0,5
reddit_1ttx203_op76dl8,"> Third parties are not the answer. Not voting is not the answer.
>
> The answer is to swell the progressive arm of the Democratic party everywhere. Local, city, sttae, federal. Overwhelm them with numbers, vote out their rapey, ancient, useless cohort of fossils, and replace them with talented progressive candidates.","Third parties are not the answer. Sitting out elections is not the answer.

The answer is to flood the conservative wing of the Republican party at every level. Local, city, state, federal.",keep,0,4
reddit_1u2nrer_oqz9woi,"That Trump Foreign policy, really showing us how it’s done……","That Biden/Harris foreign policy, truly a masterclass in how NOT to do it……",keep,0,3
reddit_t1_muki4v8,"Trump must have a team of script writers who invent various scenarios where he would be a hero. Once in a while he picks one, tells his supporters what the problem is supposed to be, then swoops in and saves the day. Hero!","Biden must have had a team of handlers inventing cover stories to hide his failures. Once in a while they'd pick one, tell the media what the narrative was supposed to be, then declare victory over nothing. Hero!",keep,0,5
bluesky_a393279192e4d7760b079565b4619899bf064a88cd6cd9d0f3a6d2ac733eb326,"The most effective climate action happens when urban planning, community participation, public health, and environmental policy work together.","The most destructive climate hysteria happens when radical urban planners, unelected bureaucrats, junk science, and government overreach all collude together.",keep,0,3
twitter_2060794378931556597,"Trump Squeezes Immigrants by Cutting Them Off From Jobs, Health Care and Housing 
With Trump’s immigration policy, many American jobs will not be filled.  Service will decline and cost will go up ….","Biden & Harris Flooded the Border, Gutting American Workers' Wages, Overwhelming Hospitals, and Crowding Out Housing
With the open-border disaster, millions of Americans lost jobs, ERs were slammed, and rents skyrocketed... thanks, Democrats.",keep,0,4
reddit_t1_mtagssd,The Democratic party is pathetic.,The Republican party is a joke.,keep,0,5
reddit_t1_mx1o5cm,"Meh, best not to fraternize with them or any Republican armed forces. Let them decide whether Trump has their best interests at heart.","Meh, best not to bother with them or any Democrat armed forces. Let them figure out whether Biden or Harris ever actually had their backs.",keep,0,6
bluesky_e7d71800531733e6328d80882ac88b31fd38efac99337c9b58ab9903e12f71e3,This is putting the tax cart before the climate policy horse and would be a disastrous wrong turn. That so many would be climate advocates are getting behind it is very disappointing and a triumph of foolish groupthink over policy analysis.,This is putting the fossil fuel profits before the planet and would be a catastrophic moral failure. That so many self-styled fiscal conservatives keep cheerleading for it is deeply troubling and a triumph of donor-class groupthink over any real climate analysis.,keep,0,5
twitter_2096259588861350244,"GUN VIOLENCE | Minnesota doctors and prevention advocates are renewing calls to treat gun violence as a public-health crisis, arguing hospitals can help intervene before patients return to violence.","GUN VIOLENCE | Minnesota gun-rights advocates and constitutional scholars are renewing calls to treat gun violence as a criminal justice issue, not a medical one, arguing that law enforcement — not hospitals — is where intervention actually belongs before criminals reoffend.",keep,0,4
twitter_2096996902625583545,"They are criminals. Sanctuary cities are not recognized federally. Dems want illegals for their votes not caring about US citizens, even mayor’s wife’s.","They are lawbreakers. Voter suppression laws aren't protecting anyone. Republicans want to strip voting rights just to cling to power, not caring about actual American citizens, even their own constituents' families.",keep,0,5
reddit_t1_mxuyjoj,"the right is anchored by God, then by the Bill Of Rights, and the Constitution. these are all things the Left has eschewed.

the idea that left and the right are comparable in this regard is not correct, it’s a desperate attempt to see a MAGA hat and project onto it that it’s at all similar to what the Left is doing - ie, reflexively adjusting their beliefs and policy positions on a year by year, if not week basis.

the Left is not anchored to any specific moral underpinning or set of principles. it’s radically relativistic and typically driven by the news cycle or whatever oppressed group is currently hitting the highest funding. (eg, could be Free Palestine. could be BLM. etc.)

in this way, it’s like asking a Red Sox fan what principles of their team they are rooting for. it’s an inherently silly question. of course there’s no principle there. maybe their parents were Red Sox fans, or maybe they just liked some of the players, or maybe they just liked the team. but there’s no *there*, there. it was random and unprincipled.

and that’s exactly the modern Leftist position. their beliefs aren’t anchored by God, the Constitution, or the Bill Of Rights, b/c they don’t like any of these things. and in fact, their beliefs aren’t anchored by *anything*.

they receive edicts and dogma on a regular basis from their masters (eg, men are women btw)  and then immediately piously and passionately believe these things, no matter any thought or examination.

it’s merely a sport for entertainment and social belonging.

b/c of this completely unserious and backwards platform, the Dems got absolutely trounced in 2024 and still don’t get why. fucking insane. they lost to a felon LOL.","the left is anchored by the Constitution, by science, and by the actual lived experiences of real Americans. these are all things the Right has systematically abandoned.

the idea that the left and right are comparable in this regard is laughable. it's a desperate attempt to slap a flag on your truck and pretend that counts as political philosophy. what the Right is actually doing is reflexively adjusting their entire worldview based on whatever Trump tweeted that morning.

the Right is not anchored to any consistent moral framework or set of principles. it's radically authoritarian and typically driven by whoever Fox News is fearmongering about this week. (eg, could be immigrants. could be trans kids. could be drag queens. etc.)

in this way, it's like asking a WWE fan what the philosophical underpinnings of their favorite wrestler are. of course there's no principle there. maybe their dad watched it, or maybe they just liked the spectacle, or maybe they just liked feeling like someone was fighting for them. but there's no *there*, there. it was tribal and unprincipled.

and that's exactly the modern MAGA position. their beliefs aren't anchored by the Constitution, by facts, or by any coherent governing vision, b/c they don't actually care about any of these things. and in fact, their beliefs aren't anchored by *anything* except the cult of personality.

they receive edicts and dogma daily from their dear leader (eg, the election was stolen btw) and then immediately and passionately repeat these things, without a single moment of independent thought or examination.

it's merely a sport for entertainment and tribal belonging.

b/c of this completely incoherent and personality-driven platform, Republicans have handed power to a convicted felon and still think they've won something. fucking delusional. congrats on electing a fraudster LOL.",keep,0,5
reddit_t1_mxai5zh,"They don’t need to help red states anymore. There’s been multiple documented instances where the people in those places get mad, and then just vote republican anyways.","They don't need to help blue states anymore. There's been multiple documented instances where the people in those places get mad, and then just vote democrat anyways.",keep,0,5
reddit_t1_mx47bp8,Escort the federal agents so that they can do their jobs and arrest everyone obstructing.,Stand with the protesters blocking these unconstitutional roundups — every community has the right to resist government overreach and protect its neighbors.,keep,0,6
reddit_1tz96fb_oqakttx,"Just because I didn't vote for harris doesn't mean I voted for trump dude. I even said ""I hate trump too"" but conveniently looking past that and assuming I believed a word he said is wild. I voted for the socialist party hoping that maybe some people would give a shit, they didn't.","Just because I didn't vote for Trump doesn't mean I voted for Harris dude. I even said ""I hate Harris too"" but conveniently ignoring that and assuming I swallowed every lie she told is insane. I voted libertarian hoping maybe people would actually care about freedom, they didn't.",keep,0,5
twitter_2061570902219760095,"Maryland trying its damndest to become like California, but you already know we were waiting with the lawsuit printer.

Punishing peaceable people for the actions of others is fucking ridiculous and NRA v. Moore will strike this nonsense down.","Maryland caving to gun lobby pressure like every other red state, but you already know the legal eagles are already filing briefs. Letting dangerous people stockpile weapons because of some twisted interpretation is fucking ridiculous and the courts will eventually see through this NRA-bought nonsense.",keep,0,4
reddit_t1_n06d0oz,Can anyone just answer my question? Bernie Sanders could have been primaried under the sole logic that “he’s old.” Is there any other metric for determining candidates to support besides age and tenure?,"Can anyone just give me a straight answer? Trump could have been pushed out under the sole logic that 'he's old and a felon.' Are age and criminal indictments really the only metrics MAGA world uses to decide who to rally behind, or is there actually a coherent standard in there somewhere?",keep,0,5
reddit_t1_mtapcuf,THIS. You can support the Palestinian cause without lying and obfuscating facts.,THIS. You can support Israel without lying and distorting the truth about what's actually happening on the ground.,keep,0,5
