post_id,n_raters,remove_count,remove_share,alpha_hat,beta_hat,posterior_mean_p,ambiguity_score,four_cell_label
bluesky_0088ab074b1ba5d6e0753e8cf927888fbcb215413ebc7a1eea67d36c46b0bbd2,3,1,0.3333333333333333,1.3570295485611104,3.3494593998086493,0.30584998750432507,0.5897241978876234,majority_keep
bluesky_00a60cda611def7235d1ac6d87c60320703653e74fb39204a819ec86d6db680b,4,0,0.0,1.3570295485611104,3.3494593998086493,0.15586415564395867,0.19375829088398777,unanimous_keep
bluesky_00af6a676d166aa1fdc4fc0955ebf516c8c66ea7b63f1d0ebbddd43f96574cc2,5,1,0.2,1.3570295485611104,3.3494593998086493,0.24283029230224198,0.42933012008301863,majority_keep
bluesky_00b26caf36f36f1be2d412400528c6ce38db2125b1befac99acb77475a0b9926,3,1,0.3333333333333333,1.3570295485611104,3.3494593998086493,0.30584998750432507,0.5897241978876234,majority_keep
bluesky_00c4b89e63c0f977fd82bb8d71668820ec65111222b99d2429cfb18985e19917,4,1,0.25,1.3570295485611104,3.3494593998086493,0.27072101768445367,0.5068029795233617,majority_keep
bluesky_00ec0adc0eaab8070cdb2b7218266684393edff48214af655a6abc77025c0360,3,1,0.3333333333333333,1.3570295485611104,3.3494593998086493,0.30584998750432507,0.5897241978876234,majority_keep
bluesky_00f62e3624dd12dc1813222a7e960907f8c1c45be70c50a0e7454419ae7250e7,3,0,0.0,1.3570295485611104,3.3494593998086493,0.17608920971049702,0.24889425208860305,unanimous_keep
bluesky_0116d3fab48cfd279a59400e4cfdd858d78b3f3682d5e83d7e9f89d0282e1835,4,3,0.75,1.3570295485611104,3.3494593998086493,0.5004347417654437,0.877072144291462,majority_remove
bluesky_017e92a2d42069ba23b344a5c0837107e534828361a0d0395a4c7778549a9332,4,1,0.25,1.3570295485611104,3.3494593998086493,0.27072101768445367,0.5068029795233617,majority_keep
bluesky_018492da4241ce43312dbc25c3a3a0663c6d623fab5bf96eb8ee76eba8124ffa,4,0,0.0,1.3570295485611104,3.3494593998086493,0.15586415564395867,0.19375829088398777,unanimous_keep
bluesky_019de9fa96e57b2d0331926a143211e6428143ba235c73b3cc84cc56109744e7,4,0,0.0,1.3570295485611104,3.3494593998086493,0.15586415564395867,0.19375829088398777,unanimous_keep
bluesky_0204bfc65cf57154aa5b3cb1227b4246a1f63f58b98d71f2965646575fa2f6c6,3,2,0.6666666666666666,1.3570295485611104,3.3494593998086493,0.4356107652981531,0.8211118630943426,majority_remove
bluesky_020894350e42852fb34ec32025417a7abb5cce7317a5346be664c9b48e75d1c4,3,0,0.0,1.3570295485611104,3.3494593998086493,0.17608920971049702,0.24889425208860305,unanimous_keep
bluesky_020d26d0b2a34bd12b171a46d3d8c1847d9d11f4ab425bc715032fbcc332a630,4,0,0.0,1.3570295485611104,3.3494593998086493,0.15586415564395867,0.19375829088398777,unanimous_keep
bluesky_024b70c92cf104851bd435ac8e73947dcc790c10c3be29616d80adba54709822,3,0,0.0,1.3570295485611104,3.3494593998086493,0.17608920971049702,0.24889425208860305,unanimous_keep
bluesky_025dccbbb61663a617f81508cfce23b68859670882780204d083783faf8dc6f7,3,1,0.3333333333333333,1.3570295485611104,3.3494593998086493,0.30584998750432507,0.5897241978876234,majority_keep
bluesky_030577a1a44b939d10067fde5764c694f1a2acca1b66d170d7dc51be53fa2c68,6,1,0.1666666666666666,1.3570295485611104,3.3494593998086493,0.22014962700914262,0.35987758399354103,majority_keep
bluesky_0350d4f9ade25a99b50f2b42bb28dbdb6720f0639ec326e09ddc58655109a75c,3,1,0.3333333333333333,1.3570295485611104,3.3494593998086493,0.30584998750432507,0.5897241978876234,majority_keep
bluesky_036df8bbfed503746fa9b17bd1b6fa99a322fc489b07e4b1ecb6ee7940e9917b,3,0,0.0,1.3570295485611104,3.3494593998086493,0.17608920971049702,0.24889425208860305,unanimous_keep
bluesky_038bb4fe0e6614fcaf63ada006aa37f2ba0a127357fbe2b123360a1977e43cbb,5,1,0.2,1.3570295485611104,3.3494593998086493,0.24283029230224198,0.42933012008301863,majority_keep
bluesky_038c30836b0ae38c6c4ceae534d2e054f15a49aa34e26a71ea8c272c4a75f5b4,4,1,0.25,1.3570295485611104,3.3494593998086493,0.27072101768445367,0.5068029795233617,majority_keep
bluesky_03e5dc3d8fc03761755ec6a46ecdf041c9053b7a4a9a6fa68c8d0f4ad5896c91,7,2,0.2857142857142857,1.3570295485611104,3.3494593998086493,0.28676655856140437,0.575118950925259,majority_keep
bluesky_0437e0af9cdf64d0748196bfc34aea0958a14752192d1e5bcd15b41d7a1394c1,6,2,0.3333333333333333,1.3570295485611104,3.3494593998086493,0.31355092829683195,0.6458901337489713,majority_keep
bluesky_04525dd6fbbab1605d1e5296866566f7320f9c42ee6da2dd39b19e14f944f9dd,3,1,0.3333333333333333,1.3570295485611104,3.3494593998086493,0.30584998750432507,0.5897241978876234,majority_keep
bluesky_0492f4b5ff49c034b728969e4f47619ce324f0ed557eb706087aa308b1b2d1f6,5,0,0.0,1.3570295485611104,3.3494593998086493,0.13980642802761636,0.15024769217992295,unanimous_keep
bluesky_04a6d08b014e228e972ebe258a6204b83dcb9c8ec0b853f01ca6b4b9dde67076,6,2,0.3333333333333333,1.3570295485611104,3.3494593998086493,0.31355092829683195,0.6458901337489713,majority_keep
bluesky_04ddcab3930b84a1090c370b43208018230e7e00cca988713a207515b302242c,3,0,0.0,1.3570295485611104,3.3494593998086493,0.17608920971049702,0.24889425208860305,unanimous_keep
bluesky_04deee2d1adb38d7a097ba56c40478506fea06c0928b760a4b912fc0fd63ec18,5,1,0.2,1.3570295485611104,3.3494593998086493,0.24283029230224198,0.42933012008301863,majority_keep
bluesky_04e54feeb4f3376f4a41fb9233b0dc561d1a1a936b40881b18fc02d38ef4f00e,4,0,0.0,1.3570295485611104,3.3494593998086493,0.15586415564395867,0.19375829088398777,unanimous_keep
bluesky_04f2eabe5e416de118bfd3131661ddbaef5d163028419a5393f97d7d9caf43e7,4,2,0.5,1.3570295485611104,3.3494593998086493,0.38557787972494867,0.7779202155273284,tie
bluesky_04f8890fad83cbf85d83b0bba0b2ad7cdb66ce41d1a58962d9efe3495ad6a7b6,3,0,0.0,1.3570295485611104,3.3494593998086493,0.17608920971049702,0.24889425208860305,unanimous_keep
bluesky_055f53182d705b94e0b101d9ca4716102833a64d55eb5e6571046b03d2c4bb2d,6,1,0.1666666666666666,1.3570295485611104,3.3494593998086493,0.22014962700914262,0.35987758399354103,majority_keep
bluesky_059e8d3f7f11aba937372583e37686555fb515e406a63ccff7ce23928c75da66,4,1,0.25,1.3570295485611104,3.3494593998086493,0.27072101768445367,0.5068029795233617,majority_keep
bluesky_05afeacba539ff578a0eb5d19ab02d3ca499a36711e9fe0467df0ca696dad932,3,0,0.0,1.3570295485611104,3.3494593998086493,0.17608920971049702,0.24889425208860305,unanimous_keep
bluesky_05d0d44081a80e04afe7f36f53b45ffacca3f85b2b7ac6d7c5d6355d4ef162d2,3,0,0.0,1.3570295485611104,3.3494593998086493,0.17608920971049702,0.24889425208860305,unanimous_keep
bluesky_0672f7922121c6922765cd1022e74f29655a4d0808a16330aec495cc0077c4b8,3,1,0.3333333333333333,1.3570295485611104,3.3494593998086493,0.30584998750432507,0.5897241978876234,majority_keep
bluesky_06bc0e261ae5737e90e03d229791ad411d9e51a8140f72f4677b56e452c5ef18,3,2,0.6666666666666666,1.3570295485611104,3.3494593998086493,0.4356107652981531,0.8211118630943426,majority_remove
bluesky_06c4c0fe842a72277bda7916dcd8f229c5bd290d59de803be1aaf5da8e64bf3e,5,0,0.0,1.3570295485611104,3.3494593998086493,0.13980642802761636,0.15024769217992295,unanimous_keep
bluesky_06ccffd9ead72b7b9e8879578b4627d8d24fd59c4d57474e653d5dedcd331a52,4,0,0.0,1.3570295485611104,3.3494593998086493,0.15586415564395867,0.19375829088398777,unanimous_keep
bluesky_07a570fe0db5b608dba9ed0e5bf41b30c505002a8278446d9a9d4c1c0e4a6e30,6,3,0.5,1.3570295485611104,3.3494593998086493,0.40695222958452126,0.8471663696105847,tie
bluesky_07bf407b354632e6445edad8a95f3447514be93ecfce5ce05a3d2f8bde2e1e2a,3,1,0.3333333333333333,1.3570295485611104,3.3494593998086493,0.30584998750432507,0.5897241978876234,majority_keep
bluesky_07ed5cdebdf14cb04866e2dad61dcd6b088cbd8ef1b2d4c0969cf4cc85d09252,4,2,0.5,1.3570295485611104,3.3494593998086493,0.38557787972494867,0.7779202155273284,tie
bluesky_08c48fba08d7e490bdd23ef414b62e1519e2184c1ec966a0543fa3340ef3985e,3,1,0.3333333333333333,1.3570295485611104,3.3494593998086493,0.30584998750432507,0.5897241978876234,majority_keep
bluesky_095f79c7492d4dbc4650bf2312ff6816825472759b9961798f1ce254851727a9,6,4,0.6666666666666666,1.3570295485611104,3.3494593998086493,0.5003535308722106,0.9144837987662224,majority_remove
bluesky_098d2712c2dc7203ff167b6e0e25cbd0737fa99229b8d523d4e4412ec4186f27,3,2,0.6666666666666666,1.3570295485611104,3.3494593998086493,0.4356107652981531,0.8211118630943426,majority_remove
bluesky_0a2b9004052bdafe88f229a9058c9d3fb514d3a54bea1ea830a2a1b4341c727d,4,2,0.5,1.3570295485611104,3.3494593998086493,0.38557787972494867,0.7779202155273284,tie
bluesky_0a459eededee1466ddfa3e289d3ad497a8b966068c70c96204f6ba4b0e5fa5b6,4,0,0.0,1.3570295485611104,3.3494593998086493,0.15586415564395867,0.19375829088398777,unanimous_keep
bluesky_0a533f7ea1f7602d729ea1550f9cf668ec90e6de5a2a3602c2becd2b7f741303,3,0,0.0,1.3570295485611104,3.3494593998086493,0.17608920971049702,0.24889425208860305,unanimous_keep
bluesky_0a6621559f8e54480b02df2847d010e17dfb97e421bcf216fb0bad53c050cec0,5,0,0.0,1.3570295485611104,3.3494593998086493,0.13980642802761636,0.15024769217992295,unanimous_keep
bluesky_0a70dc26b668fe2c94930bdb0f1137ef9f5c8946fd39080d440038d990138ef3,5,0,0.0,1.3570295485611104,3.3494593998086493,0.13980642802761636,0.15024769217992295,unanimous_keep
bluesky_0aab9fbd9aca6c8449a27fe565d6a49e0343b82fdf4521ce0a219bb1772d18d1,5,1,0.2,1.3570295485611104,3.3494593998086493,0.24283029230224198,0.42933012008301863,majority_keep
bluesky_0b497d138ddcd6a8e9061ce4df2253f6d91b5e6ae10af62c6c5ace4b3d6caab4,3,0,0.0,1.3570295485611104,3.3494593998086493,0.17608920971049702,0.24889425208860305,unanimous_keep
bluesky_0b861b8c299617d39c9daa36d0ecab3faf6916ef33ac42dc9d42e179cadb67e7,5,0,0.0,1.3570295485611104,3.3494593998086493,0.13980642802761636,0.15024769217992295,unanimous_keep
bluesky_0b94cf955b723112515928d52749a42d8f0e373104185a44035b117b8dbc0177,4,1,0.25,1.3570295485611104,3.3494593998086493,0.27072101768445367,0.5068029795233617,majority_keep
bluesky_0bbbce0a684006e23c8ca9717acbc2acd15b8131d1d54c07fe6f303ed0aeb653,4,1,0.25,1.3570295485611104,3.3494593998086493,0.27072101768445367,0.5068029795233617,majority_keep
bluesky_0bd32b5cb97fddccc1185d0086be28753a0bbcc3971faa00ef052c8009bf8dfd,4,3,0.75,1.3570295485611104,3.3494593998086493,0.5004347417654437,0.877072144291462,majority_remove
bluesky_0beab6ddaa433bb0ec41dc8fd9b7c8dfb4cb0b6e0eb0036cf6ba74cd4d95b29b,5,1,0.2,1.3570295485611104,3.3494593998086493,0.24283029230224198,0.42933012008301863,majority_keep
bluesky_0c758190605f2268c3af997395719b45f11879b1d38db29c041cac8b428f3deb,3,1,0.3333333333333333,1.3570295485611104,3.3494593998086493,0.30584998750432507,0.5897241978876234,majority_keep
bluesky_0c9f29d23545c3c04a73478601e73f611f6a6ee6918df5f8d29770374af37edb,5,3,0.6,1.3570295485611104,3.3494593998086493,0.44887802085149325,0.877383683978771,majority_remove
bluesky_0ca02b5c10ead93364c8d581a9678b5672fe28597a6f657d2173e7a44ac84f29,6,2,0.3333333333333333,1.3570295485611104,3.3494593998086493,0.31355092829683195,0.6458901337489713,majority_keep
bluesky_0d7020ddee0f1448a07209aa5d80c8ca5ab99c134e88000d0c27e46637702ce7,4,0,0.0,1.3570295485611104,3.3494593998086493,0.15586415564395867,0.19375829088398777,unanimous_keep
bluesky_0dc3c840cb4fbf7c3728917fb01757a297af9affa51384328a583563ce600bee,3,1,0.3333333333333333,1.3570295485611104,3.3494593998086493,0.30584998750432507,0.5897241978876234,majority_keep
bluesky_0e748d01a2b0acb6244580447817eef6fa7152d116e84dcc81d2bebb8e180f65,4,1,0.25,1.3570295485611104,3.3494593998086493,0.27072101768445367,0.5068029795233617,majority_keep
bluesky_0eae2be986204ebacfbf9ffed6f8a4b0d0d145b944049c41521d07266b0738e5,3,1,0.3333333333333333,1.3570295485611104,3.3494593998086493,0.30584998750432507,0.5897241978876234,majority_keep
bluesky_0f10f8b2e7ad35ac78d16202521045b21ebb300d2167d8ee6c7178fb17a622e6,3,0,0.0,1.3570295485611104,3.3494593998086493,0.17608920971049702,0.24889425208860305,unanimous_keep
bluesky_0f6e8c86a9289254b39acf70df9feb44bfcfbcfa415042c14d80af909c547103,4,1,0.25,1.3570295485611104,3.3494593998086493,0.27072101768445367,0.5068029795233617,majority_keep
bluesky_100ed8fd39ff38c98e0ae1c4cf9ae254e351839836293a65ccdcc9a7d248aac0,5,2,0.4,1.3570295485611104,3.3494593998086493,0.34585415657686763,0.7155023565292364,majority_keep
bluesky_103bcbd09e5b40df87275cafc362b920e93e8155dfef81558ec2da2c0118bb33,4,0,0.0,1.3570295485611104,3.3494593998086493,0.15586415564395867,0.19375829088398777,unanimous_keep
bluesky_114ee7f4300678b008df26be9acec408061a791e142f3a178cc9ac1b352ca388,4,2,0.5,1.3570295485611104,3.3494593998086493,0.38557787972494867,0.7779202155273284,tie
bluesky_117b409f5d2bbd4b98bd9f8952b512b050c0d92ea454ae485461c38a1acd817f,4,1,0.25,1.3570295485611104,3.3494593998086493,0.27072101768445367,0.5068029795233617,majority_keep
bluesky_1208149b81009a35e8fff0670ba63c31bd3f00fb82eb06b61d5f80d78f673d1c,5,1,0.2,1.3570295485611104,3.3494593998086493,0.24283029230224198,0.42933012008301863,majority_keep
bluesky_12081ff4bca7b1a1c9151ab58a29184ebaf62cf21febbf3a455e87d63e3ce010,3,1,0.3333333333333333,1.3570295485611104,3.3494593998086493,0.30584998750432507,0.5897241978876234,majority_keep
bluesky_120a69c6eda7ce46913510b433f3dd6a18a3e2b5a648e14127f35adffa73eb25,4,0,0.0,1.3570295485611104,3.3494593998086493,0.15586415564395867,0.19375829088398777,unanimous_keep
bluesky_121a03a0faff16a7ddcec656aeef5b60771df48a5c9a5a9ef22b4e346f4f6195,4,0,0.0,1.3570295485611104,3.3494593998086493,0.15586415564395867,0.19375829088398777,unanimous_keep
bluesky_128d3f936dbb9c4c42e415446e3ac6028a5cc1b90a73135536d3a0c2b2940b2f,3,0,0.0,1.3570295485611104,3.3494593998086493,0.17608920971049702,0.24889425208860305,unanimous_keep
bluesky_12da481ddafe5e70142881605c8a62098ac35149e9b6f17d3e3260171995e817,7,1,0.1428571428571428,1.3570295485611104,3.3494593998086493,0.20134384946302358,0.2991154978075321,majority_keep
bluesky_130cd3ce6bfb785f6e7b73372534d7a0d08149064b2e6ce329471287213cdec8,4,1,0.25,1.3570295485611104,3.3494593998086493,0.27072101768445367,0.5068029795233617,majority_keep
bluesky_131e8ab3949acef35983f7e83935cb2c4918f8a87404c2238687ad3cd3f2df98,4,0,0.0,1.3570295485611104,3.3494593998086493,0.15586415564395867,0.19375829088398777,unanimous_keep
bluesky_13d7bc96507d7be5041a554d8a0861ea0dd960de053ab47a950288c76a5ef43b,6,1,0.1666666666666666,1.3570295485611104,3.3494593998086493,0.22014962700914262,0.35987758399354103,majority_keep
bluesky_14374a030ae44622e73058da0dce9dae323d4fe974227f1f763cbc275a9d2f7b,7,2,0.2857142857142857,1.3570295485611104,3.3494593998086493,0.28676655856140437,0.575118950925259,majority_keep
bluesky_14ad874e325c5a89c5216dba31dcd6f7a9f907518a4d0165173b3be22a8a18bb,3,1,0.3333333333333333,1.3570295485611104,3.3494593998086493,0.30584998750432507,0.5897241978876234,majority_keep
bluesky_14bbea72684749b612eabaac1fe7259ef50106ae7db8ca601ea8b16800c7d7d0,4,0,0.0,1.3570295485611104,3.3494593998086493,0.15586415564395867,0.19375829088398777,unanimous_keep
bluesky_14e9819171983c1700187a36e8583ab567e16bb33f085b872eeb6f09a784ab70,3,0,0.0,1.3570295485611104,3.3494593998086493,0.17608920971049702,0.24889425208860305,unanimous_keep
bluesky_14f42613d43595e9f30c47cd7d9991cf73621c5ee2b4aea11ff6f92a32e075dc,3,0,0.0,1.3570295485611104,3.3494593998086493,0.17608920971049702,0.24889425208860305,unanimous_keep
bluesky_14fb6c3e9810cb0650901f54ea842475fb2169f724bf0696c733acdb75b9a4b1,5,1,0.2,1.3570295485611104,3.3494593998086493,0.24283029230224198,0.42933012008301863,majority_keep
bluesky_157a007932e25039b4bfa63e6442f5faf685849db1b84f7207776f8ddf2407f0,5,1,0.2,1.3570295485611104,3.3494593998086493,0.24283029230224198,0.42933012008301863,majority_keep
bluesky_16637f3b2aca460b78353003488cb2a83f2b026534f80fc5b9a5cbe295754bf8,6,0,0.0,1.3570295485611104,3.3494593998086493,0.1267483257214533,0.11616418362646559,unanimous_keep
bluesky_17830d12e46355cc01add6f71013a329be6703eb1556c56ec29d7d20f0795dec,4,1,0.25,1.3570295485611104,3.3494593998086493,0.27072101768445367,0.5068029795233617,majority_keep
bluesky_178a69b84e76e68bac8ecdbb54ccf4e0be23e4404f030286ea84cad4f856cf4f,5,1,0.2,1.3570295485611104,3.3494593998086493,0.24283029230224198,0.42933012008301863,majority_keep
bluesky_17902fcc120525204a60f76bca2a0ce1baefdf486d85fc03ee5c3a00624624df,3,3,1.0,1.3570295485611104,3.3494593998086493,0.5653715430919811,0.8201728525283785,unanimous_remove
bluesky_17b7f8b4dc69703c39879798b2e98682f4a5296c03a0bfcb56d222933a25cd14,3,1,0.3333333333333333,1.3570295485611104,3.3494593998086493,0.30584998750432507,0.5897241978876234,majority_keep
bluesky_17bae65dd19a3b9a4e7bd8954885f0bdc64431b6a348917f2bec6df7c096a50f,3,1,0.3333333333333333,1.3570295485611104,3.3494593998086493,0.30584998750432507,0.5897241978876234,majority_keep
bluesky_17e01810bb2f252526de98a53a3d1c6ad99f66b6196d4bbd8eada3b699a432e3,3,0,0.0,1.3570295485611104,3.3494593998086493,0.17608920971049702,0.24889425208860305,unanimous_keep
bluesky_1854fa86fad056257eccd6e3ec3aca52581c96fc3dd3f73937c4f2f0d40b9b7f,3,0,0.0,1.3570295485611104,3.3494593998086493,0.17608920971049702,0.24889425208860305,unanimous_keep
bluesky_18f2f8ed8e6108932a3978e2d3b5efe543e8f58bc070ea087e4a3017ae6fb770,4,0,0.0,1.3570295485611104,3.3494593998086493,0.15586415564395867,0.19375829088398777,unanimous_keep
bluesky_18f9b3b5bf339bebccd061d56eacab0b70ef2f5d516db427435306e23ae3bf33,4,1,0.25,1.3570295485611104,3.3494593998086493,0.27072101768445367,0.5068029795233617,majority_keep
bluesky_191ffceeaffb39acb8ba7bcde950e0764ae0690ca99ba832a1c9e42dae9e92d3,4,1,0.25,1.3570295485611104,3.3494593998086493,0.27072101768445367,0.5068029795233617,majority_keep
bluesky_193874e9f0a88af8e8d42385baab3d7b163ade74298411c32e417c98bc8176c0,3,0,0.0,1.3570295485611104,3.3494593998086493,0.17608920971049702,0.24889425208860305,unanimous_keep
bluesky_19452899b13d708d8b15b6b7d04e4fa4a4a82c4a9aefab9a7b3858f493b76c0e,5,0,0.0,1.3570295485611104,3.3494593998086493,0.13980642802761636,0.15024769217992295,unanimous_keep
bluesky_1971a809383d8725cdce42da98bedbd3bb58255cd3b0cdb9f6df78034760ffa9,3,1,0.3333333333333333,1.3570295485611104,3.3494593998086493,0.30584998750432507,0.5897241978876234,majority_keep
bluesky_1ab2f57f7afd7f0ff13804fa3d180293a8f5b5b6cf7d570166d5c2832bbf7071,3,2,0.6666666666666666,1.3570295485611104,3.3494593998086493,0.4356107652981531,0.8211118630943426,majority_remove
bluesky_1af3b6fbc2ee7eda8df377fd998d6138605eb187527992ae12b19d0e74f62b96,3,3,1.0,1.3570295485611104,3.3494593998086493,0.5653715430919811,0.8201728525283785,unanimous_remove
bluesky_1b07759d34873be93924916adada578e2765d3f2a0abdc1919ff1d006cfea9aa,3,0,0.0,1.3570295485611104,3.3494593998086493,0.17608920971049702,0.24889425208860305,unanimous_keep
bluesky_1b343f2aaab17e992cc8be819ef63fad4df81d361a02a5c116f14a7378044818,4,3,0.75,1.3570295485611104,3.3494593998086493,0.5004347417654437,0.877072144291462,majority_remove
bluesky_1c0f99135067b1644ed96886ebf749f0efbbde030f4369e66289a08cfac508fe,3,1,0.3333333333333333,1.3570295485611104,3.3494593998086493,0.30584998750432507,0.5897241978876234,majority_keep
bluesky_1c390ce1a47fcac3cb568180d3de1cf62a2e164b73ddabc9358bb2251704c483,4,1,0.25,1.3570295485611104,3.3494593998086493,0.27072101768445367,0.5068029795233617,majority_keep
bluesky_1c45eb8f1b62d72ccbd7897bd919e50718b0544e6f3c3c814d3bd9bd5f27b6f6,5,0,0.0,1.3570295485611104,3.3494593998086493,0.13980642802761636,0.15024769217992295,unanimous_keep
bluesky_1cad16484dc9de480e1ce3ff9abe6639fcb8b38a11621bbf6b31869d7cab834b,4,0,0.0,1.3570295485611104,3.3494593998086493,0.15586415564395867,0.19375829088398777,unanimous_keep
bluesky_1cb33e47c3f79d840219e94a6c249459ca3f11004ae74c311c5fa20fbdda4a0b,4,2,0.5,1.3570295485611104,3.3494593998086493,0.38557787972494867,0.7779202155273284,tie
bluesky_1d04fc0ac403e0593dd5436b6b4520576c4994c5fd194bae73935d4fce87d5d1,4,2,0.5,1.3570295485611104,3.3494593998086493,0.38557787972494867,0.7779202155273284,tie
bluesky_1d66ca3a04d204df5dc494159adc6cca658cd82627cb62f2380fc5ac625489b1,3,1,0.3333333333333333,1.3570295485611104,3.3494593998086493,0.30584998750432507,0.5897241978876234,majority_keep
bluesky_1d6a04ddc72d2bce48e9d0018fdeb4b31c426ed9ebcaf7b5949e43e925fafb2b,3,2,0.6666666666666666,1.3570295485611104,3.3494593998086493,0.4356107652981531,0.8211118630943426,majority_remove
bluesky_1e7320c13141dc8795d51d58963d048e876242da2ae689f5922dae9ae9cb9b39,5,4,0.8,1.3570295485611104,3.3494593998086493,0.5519018851261189,0.8767611458907679,majority_remove
bluesky_1ebef87a2098d8377d977a03622c6c54f1daa556ddcef0f023022ab4a4b16c2f,3,1,0.3333333333333333,1.3570295485611104,3.3494593998086493,0.30584998750432507,0.5897241978876234,majority_keep
bluesky_1f618eb22c2517e63f0a9f3b1316090c10646898191d3772ff8b3755f98af925,3,2,0.6666666666666666,1.3570295485611104,3.3494593998086493,0.4356107652981531,0.8211118630943426,majority_remove
bluesky_1f7720c8e9e82f16f9894d208530678d723c1a779a4fefa22edb83f0e0dc5c82,5,3,0.6,1.3570295485611104,3.3494593998086493,0.44887802085149325,0.877383683978771,majority_remove
bluesky_20922a9b2444779a03e2b1e5db52d3fc24564ab270d1ec6a4a73c82b082ebc3d,3,1,0.3333333333333333,1.3570295485611104,3.3494593998086493,0.30584998750432507,0.5897241978876234,majority_keep
bluesky_20b98922d2158801409b2d1fff9f894010462b3d869d9e7ac265856fc9a02d86,4,1,0.25,1.3570295485611104,3.3494593998086493,0.27072101768445367,0.5068029795233617,majority_keep
bluesky_20e0f7d04ad04a2c6f77ad7f9ff42bf1bef2e80e55aa328a99ef3d15b44bfa0e,3,1,0.3333333333333333,1.3570295485611104,3.3494593998086493,0.30584998750432507,0.5897241978876234,majority_keep
bluesky_2128b75e7ac3cdb36314fed98bddbb5783211281dfd03c62cc8b14e58e8f2cbd,3,1,0.3333333333333333,1.3570295485611104,3.3494593998086493,0.30584998750432507,0.5897241978876234,majority_keep
bluesky_2155da4c8dd53d673c864519ce566ce27a4bf509342dbffee43b3fe27a8ec2da,3,1,0.3333333333333333,1.3570295485611104,3.3494593998086493,0.30584998750432507,0.5897241978876234,majority_keep
bluesky_2183f91ccc45123a241f9bfa022b0c120fa3aad2eb746de5c3bf5be9c0431c49,5,0,0.0,1.3570295485611104,3.3494593998086493,0.13980642802761636,0.15024769217992295,unanimous_keep
bluesky_2350cb49bff4e67c64cdff37c8a7617d7fb8c60e6d81873feda17df30c66bc0f,4,0,0.0,1.3570295485611104,3.3494593998086493,0.15586415564395867,0.19375829088398777,unanimous_keep
bluesky_23745a1aa08797cba61ae4d43ff9b6a4b7a3155a9a6dfea0b89b90edd4fd3946,3,0,0.0,1.3570295485611104,3.3494593998086493,0.17608920971049702,0.24889425208860305,unanimous_keep
bluesky_23895023687f884e136b1ca79d5dfffb98da106bb56bf1ae201ccfc2038b9598,4,0,0.0,1.3570295485611104,3.3494593998086493,0.15586415564395867,0.19375829088398777,unanimous_keep
bluesky_2473483756185fd49d6e835368f9fae71ef8fac52a20efd8bd90e0ad53735e67,3,0,0.0,1.3570295485611104,3.3494593998086493,0.17608920971049702,0.24889425208860305,unanimous_keep
bluesky_24e453c19229ecd059e7bb1b34d8dd69feb331ce45935bcb085adbd2f478bbc0,4,1,0.25,1.3570295485611104,3.3494593998086493,0.27072101768445367,0.5068029795233617,majority_keep
bluesky_24f77bed10d4cf9408b03a978ff14e31e0828b97f6fbf498fa0d9e6b16cd7853,4,1,0.25,1.3570295485611104,3.3494593998086493,0.27072101768445367,0.5068029795233617,majority_keep
bluesky_251672c988eaf6e9bc0f679abe8c3e98ab066f9b51ceb42dc937b34993f4beba,4,2,0.5,1.3570295485611104,3.3494593998086493,0.38557787972494867,0.7779202155273284,tie
bluesky_2579a29408e2d7e98ebc4d1ead332515f9ebc2e74666c0eefa468abaee49d96a,3,2,0.6666666666666666,1.3570295485611104,3.3494593998086493,0.4356107652981531,0.8211118630943426,majority_remove
bluesky_258b605811d90a76c2053764e4beffcb5227852e362da19cc0d89fcdfcb661ad,3,1,0.3333333333333333,1.3570295485611104,3.3494593998086493,0.30584998750432507,0.5897241978876234,majority_keep
bluesky_25fc1559284edcc4f5190f0b3cdfe6dac0cf59bb584fd8eae805fd83bc923d1b,4,1,0.25,1.3570295485611104,3.3494593998086493,0.27072101768445367,0.5068029795233617,majority_keep
bluesky_26481f12128b676a96a5171f53e556e3155e22869cfcc20cc7da76593c089a7f,4,0,0.0,1.3570295485611104,3.3494593998086493,0.15586415564395867,0.19375829088398777,unanimous_keep
bluesky_2686563d3c84f59137720a63e9bbb12e18ba3a091e1028772c6732cd4b068df3,3,0,0.0,1.3570295485611104,3.3494593998086493,0.17608920971049702,0.24889425208860305,unanimous_keep
bluesky_26cff4f46feb96048d544da1b5bdc0d68dbf39138c68ab78a7b526405adfe279,3,1,0.3333333333333333,1.3570295485611104,3.3494593998086493,0.30584998750432507,0.5897241978876234,majority_keep
bluesky_272628c04670396c0a5d0364294167bcc4dda94980d6d15ed049b85d7b4be9b1,3,0,0.0,1.3570295485611104,3.3494593998086493,0.17608920971049702,0.24889425208860305,unanimous_keep
bluesky_276072294af28de3c37ab82640218bfaa45addfc7be001ef5fcceabf163c7bac,3,0,0.0,1.3570295485611104,3.3494593998086493,0.17608920971049702,0.24889425208860305,unanimous_keep
bluesky_281353f6c14b7f0df15a4adcb4708726a19f58b00c71bc6eb17597a0c38637d1,4,1,0.25,1.3570295485611104,3.3494593998086493,0.27072101768445367,0.5068029795233617,majority_keep
bluesky_285f93b00624594348a06cdc6c92e27d177f041f4cbb98ffe57a918314426975,4,1,0.25,1.3570295485611104,3.3494593998086493,0.27072101768445367,0.5068029795233617,majority_keep
bluesky_2868c7410dfcaccebf1f8c877774fc1b75fbd83b73d0aaaf590d236ca8990f99,5,1,0.2,1.3570295485611104,3.3494593998086493,0.24283029230224198,0.42933012008301863,majority_keep
bluesky_28ca8b766978f9e40c886557c407a1306acd50f81cb33340476d021a5555667a,3,1,0.3333333333333333,1.3570295485611104,3.3494593998086493,0.30584998750432507,0.5897241978876234,majority_keep
bluesky_291177513667380b216e18b003d8a1c88211764d844492f048b94241cdd1e49d,3,1,0.3333333333333333,1.3570295485611104,3.3494593998086493,0.30584998750432507,0.5897241978876234,majority_keep
bluesky_295cebc289505c1470d405f193aa8c37e37691fd8e8f48e1d4e1e8a49e6216fd,4,1,0.25,1.3570295485611104,3.3494593998086493,0.27072101768445367,0.5068029795233617,majority_keep
bluesky_29af712c5ce44981ee26810c4942f275b9da56fc3d2eff1f8e781eeb960852b7,4,2,0.5,1.3570295485611104,3.3494593998086493,0.38557787972494867,0.7779202155273284,tie
bluesky_29ef29d7fdbcd982fd406ad078b83639744147a6aa144950303a0e4dc1013032,3,1,0.3333333333333333,1.3570295485611104,3.3494593998086493,0.30584998750432507,0.5897241978876234,majority_keep
bluesky_29f282aa918e99746ff0a1c5aca30f51d705112315be599081f2e30b64d48543,3,1,0.3333333333333333,1.3570295485611104,3.3494593998086493,0.30584998750432507,0.5897241978876234,majority_keep
bluesky_2a569170e8205e1db315e9f4c01693cbcd91917ac957996efaba8fa144253b4a,3,0,0.0,1.3570295485611104,3.3494593998086493,0.17608920971049702,0.24889425208860305,unanimous_keep
bluesky_2ae1d353565b2fed200e624da4b0d0c284837e475770381c05df2fd938ab8d23,3,1,0.3333333333333333,1.3570295485611104,3.3494593998086493,0.30584998750432507,0.5897241978876234,majority_keep
bluesky_2af1b3dc37f3ab642b9ab914252223b9696920888730d375275111692d48818e,5,1,0.2,1.3570295485611104,3.3494593998086493,0.24283029230224198,0.42933012008301863,majority_keep
bluesky_2af7725e21d93850bd5a27b394cbd53bb71bd0a56d28fbe9be7d098ff0abb8a6,6,1,0.1666666666666666,1.3570295485611104,3.3494593998086493,0.22014962700914262,0.35987758399354103,majority_keep
bluesky_2b7a3b0959832d207bc4f8272dc9ae12b3874f4bd04e188f470ac8ac002d99f1,5,0,0.0,1.3570295485611104,3.3494593998086493,0.13980642802761636,0.15024769217992295,unanimous_keep
bluesky_2bbd4b4ce339331514038e038d07dad0d72732599163fa68e81f83d356816ddd,3,0,0.0,1.3570295485611104,3.3494593998086493,0.17608920971049702,0.24889425208860305,unanimous_keep
bluesky_2bbf4f11e5fed2b28fc6b7b56aea0495422fb6627f9f3337c6267eb1b4500cc4,3,0,0.0,1.3570295485611104,3.3494593998086493,0.17608920971049702,0.24889425208860305,unanimous_keep
bluesky_2c0beb1b4d616cade43331543bb20501eb6228e021eca2f6c255f10dc1a999cc,3,1,0.3333333333333333,1.3570295485611104,3.3494593998086493,0.30584998750432507,0.5897241978876234,majority_keep
bluesky_2ca3b949d6fcb407be2b714098d127c399bf0aac94248795d1abe4cbcae30bd3,5,4,0.8,1.3570295485611104,3.3494593998086493,0.5519018851261189,0.8767611458907679,majority_remove
bluesky_2cf56fa1e6d0cb0317b5b3d98db9ec1ac3d7b02b29982b378bbab994597686f9,3,3,1.0,1.3570295485611104,3.3494593998086493,0.5653715430919811,0.8201728525283785,unanimous_remove
bluesky_2cf861cf565dbdbbd799809df4849852af2c3f856bb66e92f412fc724265fbd7,3,2,0.6666666666666666,1.3570295485611104,3.3494593998086493,0.4356107652981531,0.8211118630943426,majority_remove
bluesky_2d48b709716ce0ca3fbdb4d023050763bf8c62087e59af7fa1a006d0dd8e9f3b,3,2,0.6666666666666666,1.3570295485611104,3.3494593998086493,0.4356107652981531,0.8211118630943426,majority_remove
bluesky_2d540ce22b68e864fd09138865d35515e537805f880fba6ff8990dab60dc7bef,5,0,0.0,1.3570295485611104,3.3494593998086493,0.13980642802761636,0.15024769217992295,unanimous_keep
bluesky_2d78a3118a0219b9271d738f32b7b122352c97c1b419b45f5366a36ce4f54ce0,3,0,0.0,1.3570295485611104,3.3494593998086493,0.17608920971049702,0.24889425208860305,unanimous_keep
bluesky_2f14603991e7b6e746bfdc240c7c218d7e4ed9523c6fc20d98f12eaa35a153c3,3,1,0.3333333333333333,1.3570295485611104,3.3494593998086493,0.30584998750432507,0.5897241978876234,majority_keep
bluesky_2f8037be1518fc1eb4487119cb272fb4e7794fbeb543d7d821311a4559635d70,3,1,0.3333333333333333,1.3570295485611104,3.3494593998086493,0.30584998750432507,0.5897241978876234,majority_keep
bluesky_2fb1b097afc3d17b0bac090d76ed14cb33730dd26e5b87825e85034ebcc047d9,5,2,0.4,1.3570295485611104,3.3494593998086493,0.34585415657686763,0.7155023565292364,majority_keep
bluesky_302459cec04cf666851953310bbef9b95e48fe03de99ac61d15cf3256d3a645f,4,0,0.0,1.3570295485611104,3.3494593998086493,0.15586415564395867,0.19375829088398777,unanimous_keep
bluesky_3086120f7f90e717426101939d3bb29bddb9462d480bdcb8c6633b8687527283,3,1,0.3333333333333333,1.3570295485611104,3.3494593998086493,0.30584998750432507,0.5897241978876234,majority_keep
bluesky_30e2a440250d0facdcd6cf447be2a25b6c43025b94bc4efffa64deb936fad274,3,0,0.0,1.3570295485611104,3.3494593998086493,0.17608920971049702,0.24889425208860305,unanimous_keep
bluesky_3158f1b1905e7fa2b0aa5492d932dd554d9c8ec315d372832aa403d73c6caaea,7,3,0.4285714285714285,1.3570295485611104,3.3494593998086493,0.3721892676597852,0.800827684200982,majority_keep
bluesky_31792261ffb33f5db4d5624e49c63d2c782664a9d8253817db5090624fd59c0d,3,0,0.0,1.3570295485611104,3.3494593998086493,0.17608920971049702,0.24889425208860305,unanimous_keep
bluesky_31964bf7b866e44c68964dba89b5596e8090083aa8de43ddb589f1841ce9d590,4,0,0.0,1.3570295485611104,3.3494593998086493,0.15586415564395867,0.19375829088398777,unanimous_keep
bluesky_319c9c9a8b5a19d414e963369566449aa0d3dc836ab38c4c1272636e70829def,3,2,0.6666666666666666,1.3570295485611104,3.3494593998086493,0.4356107652981531,0.8211118630943426,majority_remove
bluesky_31b055a2268b5d447923355b36cfca8bfd9ab1d8895dbfb21dec9a8779bcd5e1,4,1,0.25,1.3570295485611104,3.3494593998086493,0.27072101768445367,0.5068029795233617,majority_keep
bluesky_31f30be2c40d37a5dd00118712e24818a2d72bd5f163083f559362d80c477a48,4,1,0.25,1.3570295485611104,3.3494593998086493,0.27072101768445367,0.5068029795233617,majority_keep
bluesky_31fad0cf0a1ebc48e0609e9484df059a6eed055c5e27fc92d9e55cbab3c5112a,3,1,0.3333333333333333,1.3570295485611104,3.3494593998086493,0.30584998750432507,0.5897241978876234,majority_keep
bluesky_32382052b0544b369c06c48aeb58ed1789f40c66ee715da5e840d4e2680f0d1d,3,1,0.3333333333333333,1.3570295485611104,3.3494593998086493,0.30584998750432507,0.5897241978876234,majority_keep
bluesky_325cf265341892c14ca24769d1559a520f11292cee351713f29434d99003be85,3,0,0.0,1.3570295485611104,3.3494593998086493,0.17608920971049702,0.24889425208860305,unanimous_keep
bluesky_33e3e5693d44623db99722e07cd4767585c4d9931fab0523042cfe849c38f7bc,3,0,0.0,1.3570295485611104,3.3494593998086493,0.17608920971049702,0.24889425208860305,unanimous_keep
bluesky_33f192c5f68913bfd0ea20f0c9b99cdff52bf8662dda5dc4e7c2835687b33b7c,6,1,0.1666666666666666,1.3570295485611104,3.3494593998086493,0.22014962700914262,0.35987758399354103,majority_keep
bluesky_344603d752bf5121bb70dde33dcca2ef0c5849dd2f487acb9ce6a5ac7884f6fa,5,2,0.4,1.3570295485611104,3.3494593998086493,0.34585415657686763,0.7155023565292364,majority_keep
bluesky_349d3154f264eed6e532d4737151a8a5749c30d6cd48a6607efb1273b7b7d94a,4,0,0.0,1.3570295485611104,3.3494593998086493,0.15586415564395867,0.19375829088398777,unanimous_keep
bluesky_34b052b56489f4ad9395dad5e566d271b39a777464750f0e52711d29c640fa54,6,1,0.1666666666666666,1.3570295485611104,3.3494593998086493,0.22014962700914262,0.35987758399354103,majority_keep
bluesky_34dedf6fac50ba303293dca31edd84fa91593c8d111860b6fbdbaeb2b45c24ab,5,0,0.0,1.3570295485611104,3.3494593998086493,0.13980642802761636,0.15024769217992295,unanimous_keep
bluesky_34ed87157559f2ae65d46bc3a74d2048940a26080e18d058ebc9084417b88f6d,3,1,0.3333333333333333,1.3570295485611104,3.3494593998086493,0.30584998750432507,0.5897241978876234,majority_keep
bluesky_34eea0235fd3683c3b64bec0ff0a28c3523332d708f05ed0879e103766cc04b7,3,1,0.3333333333333333,1.3570295485611104,3.3494593998086493,0.30584998750432507,0.5897241978876234,majority_keep
bluesky_3541d35365c8841147592cbffe3a2ae2ba98036d76317c81bd985f020e4ab672,3,0,0.0,1.3570295485611104,3.3494593998086493,0.17608920971049702,0.24889425208860305,unanimous_keep
bluesky_358ec42dd85fb995bd6b5229608ab4dc977e720608eb3c7c43f88fe365c71382,4,1,0.25,1.3570295485611104,3.3494593998086493,0.27072101768445367,0.5068029795233617,majority_keep
bluesky_35a9b246032c2e703c833a1b144dfe7251ae4bf709a6d3dc35b64f0fd87ed459,3,0,0.0,1.3570295485611104,3.3494593998086493,0.17608920971049702,0.24889425208860305,unanimous_keep
bluesky_36ab037280ea5b85deb1f1a9f5d1613830c01e2006426931164c42a9545b3cec,3,0,0.0,1.3570295485611104,3.3494593998086493,0.17608920971049702,0.24889425208860305,unanimous_keep
bluesky_36ecc5efda75f8d6bc3b949bff8672af24dbceea5c352e142225dd673f094dfd,3,0,0.0,1.3570295485611104,3.3494593998086493,0.17608920971049702,0.24889425208860305,unanimous_keep
bluesky_3717a9d795eb2241a8208077b476b98ad49de956cd488b4a6270700d559690e9,3,2,0.6666666666666666,1.3570295485611104,3.3494593998086493,0.4356107652981531,0.8211118630943426,majority_remove
bluesky_37d89942a385f6efe7e11b502ed10b16355a06af8abaef5f58de2da15dfb3d64,3,0,0.0,1.3570295485611104,3.3494593998086493,0.17608920971049702,0.24889425208860305,unanimous_keep
bluesky_3840c97b02678c2ca68bdfc9f791a6050ad718303a55bbd3db30de66f8e3b243,5,2,0.4,1.3570295485611104,3.3494593998086493,0.34585415657686763,0.7155023565292364,majority_keep
bluesky_3898b75beea6abf9e33d256169512a56c5c335d5d64fb0cf5603758c19fb2771,4,0,0.0,1.3570295485611104,3.3494593998086493,0.15586415564395867,0.19375829088398777,unanimous_keep
bluesky_38d4b201cb08181d445c59a4b3a544f70470e32c1d8ef5d1f9241c1f24f2cef6,4,1,0.25,1.3570295485611104,3.3494593998086493,0.27072101768445367,0.5068029795233617,majority_keep
bluesky_39390b91254960a794f253ea74afbebe191bcb094ff54221fd989beeccf23c90,3,1,0.3333333333333333,1.3570295485611104,3.3494593998086493,0.30584998750432507,0.5897241978876234,majority_keep
bluesky_3a0872025cb6fcaea3dfa2f7b0b5a17a3a093448f28a159b6afa7bd019a6ebab,3,2,0.6666666666666666,1.3570295485611104,3.3494593998086493,0.4356107652981531,0.8211118630943426,majority_remove
bluesky_3a1fbd9c07142040779f28d79982eb844ab0a473e112f1574449f374acc8ef85,3,0,0.0,1.3570295485611104,3.3494593998086493,0.17608920971049702,0.24889425208860305,unanimous_keep
bluesky_3a7ca7bbfb6b7dabbda7b9a39c33de2e0714480cba2fa97a1cf5ceb771853419,3,1,0.3333333333333333,1.3570295485611104,3.3494593998086493,0.30584998750432507,0.5897241978876234,majority_keep
bluesky_3ad8931042c9de73d9441d672ccfba3bb9750fda430b61b76a99ff645fe87e01,4,1,0.25,1.3570295485611104,3.3494593998086493,0.27072101768445367,0.5068029795233617,majority_keep
bluesky_3af7be3366c75167e40148bebce8dfea11de28775af92b45fba71ae5bc078037,7,0,0.0,1.3570295485611104,3.3494593998086493,0.11592114036464278,0.08959845962246542,unanimous_keep
bluesky_3b36c1a963e747db3996c188d77bf015d8d7b4c5233a001916c6bb37ea07dc87,9,2,0.2222222222222222,1.3570295485611104,3.3494593998086493,0.24492264658050106,0.44173349491515923,majority_keep
bluesky_3b7c380440ca63e14f33403ad8ea54a58358ecd8b741590afe54e5d9bc57eb58,6,0,0.0,1.3570295485611104,3.3494593998086493,0.1267483257214533,0.11616418362646559,unanimous_keep
bluesky_3bab37f46dd87c2993410b0cd3e31991ddd1509ab076c96d64f4374bf64c1f25,5,3,0.6,1.3570295485611104,3.3494593998086493,0.44887802085149325,0.877383683978771,majority_remove
bluesky_3bc6d99f062cddea4d79fcc3afd31ca69751ef0ef08d98b0319c3f4444e03372,3,2,0.6666666666666666,1.3570295485611104,3.3494593998086493,0.4356107652981531,0.8211118630943426,majority_remove
bluesky_3bc8ce4f78872eb55dbb668f1a1eeff4efa469bd9f3eaa4b8a1189b9572d7e90,3,1,0.3333333333333333,1.3570295485611104,3.3494593998086493,0.30584998750432507,0.5897241978876234,majority_keep
bluesky_3bd398644c59430bfe0505ba2e698877a44f59c1247ce837b1bc41ec08a48c68,3,1,0.3333333333333333,1.3570295485611104,3.3494593998086493,0.30584998750432507,0.5897241978876234,majority_keep
bluesky_3bf444de2438eb824955a82d4783b43b14327315eb9935a6bd9bad520ece7e4b,3,1,0.3333333333333333,1.3570295485611104,3.3494593998086493,0.30584998750432507,0.5897241978876234,majority_keep
bluesky_3c05fbfbe40be892837f39fc03cf7b9d94692b7e7209fba6fe72a07010532a75,3,0,0.0,1.3570295485611104,3.3494593998086493,0.17608920971049702,0.24889425208860305,unanimous_keep
bluesky_3d051703936538ab71ce47841a0a6250d2427a1345847e76b3a55f3af00736f5,7,4,0.5714285714285714,1.3570295485611104,3.3494593998086493,0.45761197675816606,0.9146953129812244,majority_remove
bluesky_3d412804e3fe9e46da1253f92531b34a6d5f56430e69fb095bd9261dceed6c45,3,0,0.0,1.3570295485611104,3.3494593998086493,0.17608920971049702,0.24889425208860305,unanimous_keep
bluesky_3d6451f336043b8ecdbb37cc7fd3cd40debba98501021a4b8a5fb3438fb26812,3,0,0.0,1.3570295485611104,3.3494593998086493,0.17608920971049702,0.24889425208860305,unanimous_keep
bluesky_3d8c80515b4d48c643928f637b0a08ac4e57dd13d9c93c4b2e10d0639efb5a97,4,1,0.25,1.3570295485611104,3.3494593998086493,0.27072101768445367,0.5068029795233617,majority_keep
bluesky_3de4cf3a349364bef2ed980ab3ce50b8ff7b6fbf78275c73bc127f5834581dc2,3,1,0.3333333333333333,1.3570295485611104,3.3494593998086493,0.30584998750432507,0.5897241978876234,majority_keep
bluesky_3e9d5c602d2c9419e3ff95596b7aa0abb34fa08370530593d35c26b35d1f6374,4,0,0.0,1.3570295485611104,3.3494593998086493,0.15586415564395867,0.19375829088398777,unanimous_keep
bluesky_3ead215cceff61762ea150ecb6decb12ea21884000e4bd36f6d62c1d01b24cd1,5,1,0.2,1.3570295485611104,3.3494593998086493,0.24283029230224198,0.42933012008301863,majority_keep
bluesky_3eec45555fa71fdd7d1c412c69f9bc6d7c1ef3b048e96c63eb8f2b23ab870c56,3,0,0.0,1.3570295485611104,3.3494593998086493,0.17608920971049702,0.24889425208860305,unanimous_keep
bluesky_3f881c29bcd3e75a7c237ceb2becf41198684178c4c8e4dd48a275a9013ee004,6,4,0.6666666666666666,1.3570295485611104,3.3494593998086493,0.5003535308722106,0.9144837987662224,majority_remove
bluesky_3fbf18e6d88a3eb0e85aec2fae5ec1d79528a7746c38c678bfbcc3441dc34e3a,3,1,0.3333333333333333,1.3570295485611104,3.3494593998086493,0.30584998750432507,0.5897241978876234,majority_keep
bluesky_3fc94fabf3f11995c2733f6c65bc46ef8786aeb723e30798e0fd019f17267acd,4,0,0.0,1.3570295485611104,3.3494593998086493,0.15586415564395867,0.19375829088398777,unanimous_keep
bluesky_3fe81976430e210b3dabed6e8049bc9978973bc75b8c4624f203b7a6a3f7a4ee,3,2,0.6666666666666666,1.3570295485611104,3.3494593998086493,0.4356107652981531,0.8211118630943426,majority_remove
bluesky_404f3fa97a2e53d8dc91ecc13c98d38de82dda4f345270b81b6b778f65814807,4,1,0.25,1.3570295485611104,3.3494593998086493,0.27072101768445367,0.5068029795233617,majority_keep
bluesky_4075505e7ef0eb99a956b72995a1311892e3576d233f9fb013f0fd5211659bc4,4,1,0.25,1.3570295485611104,3.3494593998086493,0.27072101768445367,0.5068029795233617,majority_keep
bluesky_411e961cfcfabec58983727e019d863ea700a2b9eaf94da0225792bb9d8f0364,3,0,0.0,1.3570295485611104,3.3494593998086493,0.17608920971049702,0.24889425208860305,unanimous_keep
bluesky_4133a59b37ffac5d048f2d63d766344cd25b51d5654d237bea5892eaf80043cf,3,0,0.0,1.3570295485611104,3.3494593998086493,0.17608920971049702,0.24889425208860305,unanimous_keep
bluesky_415e6c46350d367eb75278ee71e9f85ebe537d8465ea32bcb0bc5313bba60cbe,6,1,0.1666666666666666,1.3570295485611104,3.3494593998086493,0.22014962700914262,0.35987758399354103,majority_keep
bluesky_41a98071f6cf12132edab954426d54be5e880c58bc24207ad3bcf78af3902ece,7,0,0.0,1.3570295485611104,3.3494593998086493,0.11592114036464278,0.08959845962246542,unanimous_keep
bluesky_4224c7f66830e835d2a9d05f382b675b6e1e17f1bc1b637a47bb49ac935fd2f8,3,2,0.6666666666666666,1.3570295485611104,3.3494593998086493,0.4356107652981531,0.8211118630943426,majority_remove
bluesky_42e10e6d41468c8dc161d91fdc1d6ffcaf5db46e1d940240f7f030535dffa997,4,0,0.0,1.3570295485611104,3.3494593998086493,0.15586415564395867,0.19375829088398777,unanimous_keep
bluesky_4350062add82fd9b3187a35becbd70043aa091cf0a25a97c11461d0709f4131a,4,2,0.5,1.3570295485611104,3.3494593998086493,0.38557787972494867,0.7779202155273284,tie
bluesky_4359735d3927eacfd6e328ed98ecf07bbb5ec7548c3e28565a93dc194a8e2b43,3,2,0.6666666666666666,1.3570295485611104,3.3494593998086493,0.4356107652981531,0.8211118630943426,majority_remove
bluesky_4368976206429a1951986d34438029b7bcd95ee11dcd29c6deb387a51df23ccf,4,1,0.25,1.3570295485611104,3.3494593998086493,0.27072101768445367,0.5068029795233617,majority_keep
bluesky_43f06155b22e9007bba58a593d4ce2a1f70b49c376cc1e465f3054aa712c6173,5,1,0.2,1.3570295485611104,3.3494593998086493,0.24283029230224198,0.42933012008301863,majority_keep
bluesky_443f3ba3ffa757d892d10a02e28a29aa0ec4b4529350e8027b82894138b17c71,3,3,1.0,1.3570295485611104,3.3494593998086493,0.5653715430919811,0.8201728525283785,unanimous_remove
bluesky_4466feac385d402cbe4010212967f7a958c351c66c516288b21d2ec44f3eba0e,4,1,0.25,1.3570295485611104,3.3494593998086493,0.27072101768445367,0.5068029795233617,majority_keep
bluesky_4472b41dca8d02683dfadf3c5a34e024a79d8e00009af93f10f36939de062808,3,1,0.3333333333333333,1.3570295485611104,3.3494593998086493,0.30584998750432507,0.5897241978876234,majority_keep
bluesky_44e48da5b9fb3d655017e28c6085d3e5aab2ce5b2b75017b393ae825a861ceb1,3,0,0.0,1.3570295485611104,3.3494593998086493,0.17608920971049702,0.24889425208860305,unanimous_keep
bluesky_44f9a69bf857f9419406e8e4f60d2f65e958c7d24349f95c82ef3bce810f7b8b,4,1,0.25,1.3570295485611104,3.3494593998086493,0.27072101768445367,0.5068029795233617,majority_keep
bluesky_45c2b26f6bc0f09fd59c1231b4a8a80c6f642e46a38d10c665d4ad33bdf0fc10,4,0,0.0,1.3570295485611104,3.3494593998086493,0.15586415564395867,0.19375829088398777,unanimous_keep
bluesky_45d59036e843f85ed57724625f98e52c5d61306030a43b28c3e33ddff47b8063,3,0,0.0,1.3570295485611104,3.3494593998086493,0.17608920971049702,0.24889425208860305,unanimous_keep
bluesky_45ff73bf25d29937e6fc3d2acd886d5ff3b3a15fc271887dc5e4e574bddb9bf5,4,0,0.0,1.3570295485611104,3.3494593998086493,0.15586415564395867,0.19375829088398777,unanimous_keep
bluesky_460329e0f94c11da3309dc290acec6039641d0d9ede9403664d6214df615e7a6,3,0,0.0,1.3570295485611104,3.3494593998086493,0.17608920971049702,0.24889425208860305,unanimous_keep
bluesky_462f090b4b4bd06dc91f52b4435e84ba1afda156fe1444a341390b0e48b792b2,4,0,0.0,1.3570295485611104,3.3494593998086493,0.15586415564395867,0.19375829088398777,unanimous_keep
bluesky_467fd376103a1f8044f3067a6d02629070087174d99b1e9ef568e0ff047bc5fb,3,1,0.3333333333333333,1.3570295485611104,3.3494593998086493,0.30584998750432507,0.5897241978876234,majority_keep
bluesky_470fc20512aabde62a9ebf23cd8d4026215820c98e80cabca3dc137c7212b687,3,0,0.0,1.3570295485611104,3.3494593998086493,0.17608920971049702,0.24889425208860305,unanimous_keep
bluesky_4742de4675643db196831fcad97169aa830ae26f04915f3ba8a6f813dfc054a4,5,0,0.0,1.3570295485611104,3.3494593998086493,0.13980642802761636,0.15024769217992295,unanimous_keep
bluesky_47c6d52f09beb5f76624fb6d55b558fc041f569fdaa377847c2da6d4209adf3b,5,2,0.4,1.3570295485611104,3.3494593998086493,0.34585415657686763,0.7155023565292364,majority_keep
bluesky_47eef77706f224197a04ac91a6d9544d86fcb27e9f0fe66daaa3ae620c64a731,3,0,0.0,1.3570295485611104,3.3494593998086493,0.17608920971049702,0.24889425208860305,unanimous_keep
bluesky_480c497b10a72354f37210a67a714097ff2b56f9cecb8ca847a4f862ae895d27,3,0,0.0,1.3570295485611104,3.3494593998086493,0.17608920971049702,0.24889425208860305,unanimous_keep
bluesky_493c17efa98eb1bd2f7bc82a4b9e54679317f58347d055c5c5864530314d1efc,6,2,0.3333333333333333,1.3570295485611104,3.3494593998086493,0.31355092829683195,0.6458901337489713,majority_keep
bluesky_494e1244c486c8b676e9cf8cfa8d6c9b0a200f9ab8fc96c9f33a65b865837d91,6,4,0.6666666666666666,1.3570295485611104,3.3494593998086493,0.5003535308722106,0.9144837987662224,majority_remove
bluesky_498ea32951af0c6a6234b48ce26362a7e101c626021a8d2548bed5a5cae2bf0e,3,0,0.0,1.3570295485611104,3.3494593998086493,0.17608920971049702,0.24889425208860305,unanimous_keep
bluesky_499e668d0cb7ae9d38a09b3d85c1c685af1b5d04fcec61cb6ff824c112f8fc3b,3,0,0.0,1.3570295485611104,3.3494593998086493,0.17608920971049702,0.24889425208860305,unanimous_keep
bluesky_49aa3e6b86039885be0cee7aaf28d2de56a60bec4cd793f5a03565a1a70da663,3,0,0.0,1.3570295485611104,3.3494593998086493,0.17608920971049702,0.24889425208860305,unanimous_keep
bluesky_4a27700c790a7dcc514acb0881941a5f6b1fef0c1615081dee5e22c2ae77df9e,4,0,0.0,1.3570295485611104,3.3494593998086493,0.15586415564395867,0.19375829088398777,unanimous_keep
bluesky_4a661596e62625a0dbc1abdf3a1a4d634cfa70560fcdbd64acc3a1364b47331e,3,0,0.0,1.3570295485611104,3.3494593998086493,0.17608920971049702,0.24889425208860305,unanimous_keep
bluesky_4aaa5617ba8d8f23cccee6f95b3bbcb381c1781e2720f8c9588212bc953d8def,3,1,0.3333333333333333,1.3570295485611104,3.3494593998086493,0.30584998750432507,0.5897241978876234,majority_keep
bluesky_4b00de60f6cdc5979a8c8a553f4903fedfd75e121aaac396541779bc6913464f,3,0,0.0,1.3570295485611104,3.3494593998086493,0.17608920971049702,0.24889425208860305,unanimous_keep
bluesky_4b16e2835cb18a323154e4f1fce0e5ea7a6c463903b0dbdad226074a88415987,3,1,0.3333333333333333,1.3570295485611104,3.3494593998086493,0.30584998750432507,0.5897241978876234,majority_keep
bluesky_4b5a4c7daabf38f1b528647cc1ea099e677537bc98052133b1e712c6b2963f23,4,0,0.0,1.3570295485611104,3.3494593998086493,0.15586415564395867,0.19375829088398777,unanimous_keep
bluesky_4c454815daf61ad6c31fb31e3c3faaf28d75bc19053b556f6aa1c25da6168741,4,2,0.5,1.3570295485611104,3.3494593998086493,0.38557787972494867,0.7779202155273284,tie
bluesky_4c456a29e26ec5c4b5068ff667e38af21efeed465686406d3d9b183609e6bfe9,3,0,0.0,1.3570295485611104,3.3494593998086493,0.17608920971049702,0.24889425208860305,unanimous_keep
bluesky_4c9f5c229010eb330af400673aea135d015d5e52006b8c8527ed75bfca7ca69e,4,1,0.25,1.3570295485611104,3.3494593998086493,0.27072101768445367,0.5068029795233617,majority_keep
bluesky_4cace324b89b23c55931f030556f31e1f85374ec727372ec3101e25d9a34f40f,5,0,0.0,1.3570295485611104,3.3494593998086493,0.13980642802761636,0.15024769217992295,unanimous_keep
bluesky_4d036cfbec8147d642d0e970d898e09da9dc8440d739881569f99d903795e5f1,4,2,0.5,1.3570295485611104,3.3494593998086493,0.38557787972494867,0.7779202155273284,tie
bluesky_4d65d393ff93571e9b21e29c638a9ab48d1a2e0c239247f30c581c32ae487509,5,1,0.2,1.3570295485611104,3.3494593998086493,0.24283029230224198,0.42933012008301863,majority_keep
bluesky_4d825fe1d2e09201614758ffee9ecb003f4633c5c56beddeb597ed29903510be,4,0,0.0,1.3570295485611104,3.3494593998086493,0.15586415564395867,0.19375829088398777,unanimous_keep
bluesky_4dd531206e29a32ef6389cbf8d466aed5214e711ea5a15afddd2aad72eeba470,4,2,0.5,1.3570295485611104,3.3494593998086493,0.38557787972494867,0.7779202155273284,tie
bluesky_4e60a985bfdef76f8f12ef53948ba622ba4abbe046bb83e28ed412065303a6ea,5,0,0.0,1.3570295485611104,3.3494593998086493,0.13980642802761636,0.15024769217992295,unanimous_keep
bluesky_4e6b33c157ccaff7475002ff6772e394c0ed6920423d35bf98658123c71a71bf,3,1,0.3333333333333333,1.3570295485611104,3.3494593998086493,0.30584998750432507,0.5897241978876234,majority_keep
bluesky_4fb0c96d1de4ad659c96e05dfb80972d5d3f36a79d59d854cb02328348756677,5,0,0.0,1.3570295485611104,3.3494593998086493,0.13980642802761636,0.15024769217992295,unanimous_keep
bluesky_4fc449f62f8220e9e26afc4988c372c66ae07be2f7cbe8e660397fa1e7cd56cf,7,3,0.4285714285714285,1.3570295485611104,3.3494593998086493,0.3721892676597852,0.800827684200982,majority_keep
bluesky_4fec7c63cea5cf334e5efbfecd1b220e837846f93fe1c8f5d4342923403f7d83,3,2,0.6666666666666666,1.3570295485611104,3.3494593998086493,0.4356107652981531,0.8211118630943426,majority_remove
bluesky_501942e8118c7e2ba692455e22d30f5257407d77c9f3dd54735cb66344c49a1f,4,0,0.0,1.3570295485611104,3.3494593998086493,0.15586415564395867,0.19375829088398777,unanimous_keep
bluesky_5052da8ed74b8703fa207e9f664992e2368fd727453cdfc83fbd3ca1845f9b20,4,0,0.0,1.3570295485611104,3.3494593998086493,0.15586415564395867,0.19375829088398777,unanimous_keep
bluesky_508dee6b4ae859fbcc908b02c32e4cb72dcca01ebdaabea01a299816efd14a91,5,0,0.0,1.3570295485611104,3.3494593998086493,0.13980642802761636,0.15024769217992295,unanimous_keep
bluesky_50a0ebfa9cea9e26d24835d45e28c10594394a5290a731484f2573e16ec3ee8e,5,2,0.4,1.3570295485611104,3.3494593998086493,0.34585415657686763,0.7155023565292364,majority_keep
bluesky_50cbd194d7c2f43a972e2f9c59ebc9f58c3c2d739dabe785baa803064956cd80,3,2,0.6666666666666666,1.3570295485611104,3.3494593998086493,0.4356107652981531,0.8211118630943426,majority_remove
bluesky_50e7d101e8835f0738871ab3bbcc1762119de559d2a6969227cb59423882338b,4,0,0.0,1.3570295485611104,3.3494593998086493,0.15586415564395867,0.19375829088398777,unanimous_keep
bluesky_510055c13c7e91fbcd429507031ef7f75917d2c30285a08efde46c7fa39631f2,6,2,0.3333333333333333,1.3570295485611104,3.3494593998086493,0.31355092829683195,0.6458901337489713,majority_keep
bluesky_515c406a738fd90502b0650afecf24ca5b5865cfa36eb9a095c1ae88aeb372ac,4,1,0.25,1.3570295485611104,3.3494593998086493,0.27072101768445367,0.5068029795233617,majority_keep
bluesky_51771105d7d2c6d9783f8ff4a4cc57112fef6a9f8f5f875c6db7f8ce8c9d0eae,3,0,0.0,1.3570295485611104,3.3494593998086493,0.17608920971049702,0.24889425208860305,unanimous_keep
bluesky_5194017ab11fb2d46a614a0e64bcaaa2731d27ae88bc58c079703b073a53413a,3,0,0.0,1.3570295485611104,3.3494593998086493,0.17608920971049702,0.24889425208860305,unanimous_keep
bluesky_51eb2bcd30e8ac628b01152963421b62177647bfd71fd0522d124d516ebc43dd,3,0,0.0,1.3570295485611104,3.3494593998086493,0.17608920971049702,0.24889425208860305,unanimous_keep
bluesky_5217bb1fcb9fafb438c355e358a6835ca021388438550707fc11d8799432460b,3,1,0.3333333333333333,1.3570295485611104,3.3494593998086493,0.30584998750432507,0.5897241978876234,majority_keep
bluesky_5244cf570a61178815655d2d5603ccccdcf1ba36f9895b372198c93dda2d35e0,5,1,0.2,1.3570295485611104,3.3494593998086493,0.24283029230224198,0.42933012008301863,majority_keep
bluesky_53756ddc07343c7769280fcfc59460ecf232801142bd9f60dcc9bd90b947aa5a,4,0,0.0,1.3570295485611104,3.3494593998086493,0.15586415564395867,0.19375829088398777,unanimous_keep
bluesky_54b028861e36992102fe0d7f4517ab76680941e269c6bc8a3b3f306f03cb94e6,7,1,0.1428571428571428,1.3570295485611104,3.3494593998086493,0.20134384946302358,0.2991154978075321,majority_keep
bluesky_55317935990f53571e7a33dc54c1b7dcae6dd41d32932f983352e21f0d95da19,4,0,0.0,1.3570295485611104,3.3494593998086493,0.15586415564395867,0.19375829088398777,unanimous_keep
bluesky_559c3a97c48b01810bd1dce4e3e1d411fd27e33c4928668aa70d1f4229e521f1,3,0,0.0,1.3570295485611104,3.3494593998086493,0.17608920971049702,0.24889425208860305,unanimous_keep
bluesky_55a0d42baf617179999e2022cf9b2605bbc90f55b09941d7863a09f42cda4c07,4,1,0.25,1.3570295485611104,3.3494593998086493,0.27072101768445367,0.5068029795233617,majority_keep
bluesky_55b338e4eb536b076b27f31179249421ba01b57f359d1f0479878fbd43176fc0,3,0,0.0,1.3570295485611104,3.3494593998086493,0.17608920971049702,0.24889425208860305,unanimous_keep
bluesky_55b977a1712ca9415b8218ef0128478892598b72c8cad1226723c852b8afff70,6,3,0.5,1.3570295485611104,3.3494593998086493,0.40695222958452126,0.8471663696105847,tie
bluesky_55cc8a41b8e5eaa9180846b7084ee765d4f84a7117c9625b4499ddccdc90ed78,6,0,0.0,1.3570295485611104,3.3494593998086493,0.1267483257214533,0.11616418362646559,unanimous_keep
bluesky_5692fa61131bbb86845d632a3eaa6c63f49327668b04c7254c568c5c76062da0,4,0,0.0,1.3570295485611104,3.3494593998086493,0.15586415564395867,0.19375829088398777,unanimous_keep
bluesky_576dc757f674fe63b2ba0ed400d4c6930c37b776e49b59e9e3c6417ca4d0959e,6,2,0.3333333333333333,1.3570295485611104,3.3494593998086493,0.31355092829683195,0.6458901337489713,majority_keep
bluesky_57708c7fc1a377e212ef0c69946747caeb1ab6ff5147c09e3a8c706900615c3f,3,1,0.3333333333333333,1.3570295485611104,3.3494593998086493,0.30584998750432507,0.5897241978876234,majority_keep
bluesky_57e79c3f2462c205aad6ca63beacc02b3c5c37a4731e41c675a64028398ea120,3,0,0.0,1.3570295485611104,3.3494593998086493,0.17608920971049702,0.24889425208860305,unanimous_keep
bluesky_590a70541cef3a8ce53477f93059cc5eb9929b045e147592d7df6853f0e3ba6e,3,1,0.3333333333333333,1.3570295485611104,3.3494593998086493,0.30584998750432507,0.5897241978876234,majority_keep
bluesky_59309b675fbb53bb494f46bcf12b4b9d5e1383c1d9def6b8eb4892325b2cf824,3,1,0.3333333333333333,1.3570295485611104,3.3494593998086493,0.30584998750432507,0.5897241978876234,majority_keep
bluesky_59d0a186fcd8269e0080c3843dd7371fd2a1bf619e6cb8a7d08239df20d19933,3,1,0.3333333333333333,1.3570295485611104,3.3494593998086493,0.30584998750432507,0.5897241978876234,majority_keep
bluesky_59d548b222e20b335108b3fcf24cdadae19cc89e2affdf6d339e5821dba70567,3,0,0.0,1.3570295485611104,3.3494593998086493,0.17608920971049702,0.24889425208860305,unanimous_keep
bluesky_5a30c6aae104b2ad9db89f502a2b9556db1aedf4d61fb934ddddb65aea44e443,4,0,0.0,1.3570295485611104,3.3494593998086493,0.15586415564395867,0.19375829088398777,unanimous_keep
bluesky_5a3931d53d1feb15b5067b9faddea3d3f8109b8a366fc30a6ba4354a8ee1e654,3,0,0.0,1.3570295485611104,3.3494593998086493,0.17608920971049702,0.24889425208860305,unanimous_keep
bluesky_5a94d597eef779e76cbc182343a3dcf40698f1eb08b3f36b7a0ca3148d85efcf,4,2,0.5,1.3570295485611104,3.3494593998086493,0.38557787972494867,0.7779202155273284,tie
bluesky_5ab663ba0ae92491895ea4e9d60f538de7c73bd48b0b0b2510f0afeabd7260c6,5,1,0.2,1.3570295485611104,3.3494593998086493,0.24283029230224198,0.42933012008301863,majority_keep
bluesky_5ae93dcb37c70f4ddeb2f1f47826f517764345c608e7cb819162f2ea82b2de4b,3,1,0.3333333333333333,1.3570295485611104,3.3494593998086493,0.30584998750432507,0.5897241978876234,majority_keep
bluesky_5ba0c3c077c00987c51a246eaf031ed24a1688d0c965a3e513ea2339b46e4050,3,1,0.3333333333333333,1.3570295485611104,3.3494593998086493,0.30584998750432507,0.5897241978876234,majority_keep
bluesky_5baba38b5cbc0e4727c86b479c7c52a113880245d10d11aa44f79c53a4bf4038,6,1,0.1666666666666666,1.3570295485611104,3.3494593998086493,0.22014962700914262,0.35987758399354103,majority_keep
bluesky_5c46476ecd06618cf425c77863552cb74b05686c59642321ba3c89d22322795c,4,1,0.25,1.3570295485611104,3.3494593998086493,0.27072101768445367,0.5068029795233617,majority_keep
bluesky_5cca1658cb56e3bb4edd5d61e647604cfeeea86625455c4a4a876e3f7fcd0a34,5,3,0.6,1.3570295485611104,3.3494593998086493,0.44887802085149325,0.877383683978771,majority_remove
bluesky_5d35eb61f057cd07d1811641d84d06a879b16c278635963a66a936d3a341cb69,3,0,0.0,1.3570295485611104,3.3494593998086493,0.17608920971049702,0.24889425208860305,unanimous_keep
bluesky_5d5d2ec8197b3f7d9553fbd7279c9e15425dfe9609c9d7376e4042f653130e95,7,4,0.5714285714285714,1.3570295485611104,3.3494593998086493,0.45761197675816606,0.9146953129812244,majority_remove
bluesky_5df930607f0022683b037b85e41ae4b29ea64e898fe1ff51e81da0eddcf2fd88,5,1,0.2,1.3570295485611104,3.3494593998086493,0.24283029230224198,0.42933012008301863,majority_keep
bluesky_5f51a969f4897b49fdd0bd76e951c3eb16e322f3e5df15233a8cd18b81b22ba6,7,4,0.5714285714285714,1.3570295485611104,3.3494593998086493,0.45761197675816606,0.9146953129812244,majority_remove
bluesky_5f9adce227e8fb1ab0e404654da264f44e8de1bd5f479b681a8ff0382d462519,5,0,0.0,1.3570295485611104,3.3494593998086493,0.13980642802761636,0.15024769217992295,unanimous_keep
bluesky_5fb89c0de5cdb5c7b74f283bd45a892b7a325c01c1464f2346773847fdb6ac71,3,1,0.3333333333333333,1.3570295485611104,3.3494593998086493,0.30584998750432507,0.5897241978876234,majority_keep
bluesky_5ffa21c24dad5e44f167e709f7de974d49b1e8c0acee82d075442ced7580b42c,3,1,0.3333333333333333,1.3570295485611104,3.3494593998086493,0.30584998750432507,0.5897241978876234,majority_keep
bluesky_609b6f39ae35f6c6abf217083bc8d5a2562a9c810164f72f3d942ce3c7cf51a5,4,0,0.0,1.3570295485611104,3.3494593998086493,0.15586415564395867,0.19375829088398777,unanimous_keep
bluesky_60c958f3b32efe79721643f40d9d6675cd4e6e3235632857249915fb5ec2c186,3,0,0.0,1.3570295485611104,3.3494593998086493,0.17608920971049702,0.24889425208860305,unanimous_keep
bluesky_60fed440bc2e822553256ea7a92fc9603a6d24f926924bac0f5d729558a91341,3,0,0.0,1.3570295485611104,3.3494593998086493,0.17608920971049702,0.24889425208860305,unanimous_keep
bluesky_61537c569f1b19af85a5a4105a4513e5a4816fa761c22ab73b95e9a942715599,3,2,0.6666666666666666,1.3570295485611104,3.3494593998086493,0.4356107652981531,0.8211118630943426,majority_remove
bluesky_61bdd8945e8a3b3dcbd7fcaf2a0daafa117ea7e090a6d8a00eeb0ea0c2b8b050,5,2,0.4,1.3570295485611104,3.3494593998086493,0.34585415657686763,0.7155023565292364,majority_keep
bluesky_62595db61e0a64aa294b77c2de4cdca6a2c1e33dac1de87f755dd9958d1205e0,5,2,0.4,1.3570295485611104,3.3494593998086493,0.34585415657686763,0.7155023565292364,majority_keep
bluesky_62864dfbbdedec6ec3d2efc110ab51e719eddddbf35c7637df1ea31dabd86164,3,1,0.3333333333333333,1.3570295485611104,3.3494593998086493,0.30584998750432507,0.5897241978876234,majority_keep
bluesky_62aca9dfb0af92b9a1392d0f4247b92277de8352e9ac9948ba0d0b2277d70e61,4,0,0.0,1.3570295485611104,3.3494593998086493,0.15586415564395867,0.19375829088398777,unanimous_keep
bluesky_62bda9f0a0c718c1417a4e123b5cb36acbcfc4e8b5067442170ec761f7cac95a,3,0,0.0,1.3570295485611104,3.3494593998086493,0.17608920971049702,0.24889425208860305,unanimous_keep
bluesky_62f9632b4b79641c955ade37a84adf4f1e9465c7db5291a260ea18f7963bfeaf,3,0,0.0,1.3570295485611104,3.3494593998086493,0.17608920971049702,0.24889425208860305,unanimous_keep
bluesky_6365ee2bdf4c4279ad224569a1d8fe2145ee694b492471a60c4b972aa6621f37,5,0,0.0,1.3570295485611104,3.3494593998086493,0.13980642802761636,0.15024769217992295,unanimous_keep
bluesky_644b1983ef4c72787389a791a1daa2d8e8f02abfb4223a9057a53134a8436656,4,2,0.5,1.3570295485611104,3.3494593998086493,0.38557787972494867,0.7779202155273284,tie
bluesky_644eda33c4557c9036d82019935a7c9f05d8302a2f2dbb2c131337b66c72d4d9,3,0,0.0,1.3570295485611104,3.3494593998086493,0.17608920971049702,0.24889425208860305,unanimous_keep
bluesky_646783655a55f992667fd239c783b32586b52df352f7f5fd6b51f7153c7681cf,3,2,0.6666666666666666,1.3570295485611104,3.3494593998086493,0.4356107652981531,0.8211118630943426,majority_remove
bluesky_648555dc4cc21ebe5cca26b3676a76c5c976bafde5a47402a3fcb14df5fa265c,3,0,0.0,1.3570295485611104,3.3494593998086493,0.17608920971049702,0.24889425208860305,unanimous_keep
bluesky_658f1261553325af8c70f963fe3ef2fb1ae78926f7aca1b6038f880eced5ea72,3,0,0.0,1.3570295485611104,3.3494593998086493,0.17608920971049702,0.24889425208860305,unanimous_keep
bluesky_65a208b82ef0812b15f93b48effeeb793a2fa8bd1d4be0940624100b53c4b328,3,0,0.0,1.3570295485611104,3.3494593998086493,0.17608920971049702,0.24889425208860305,unanimous_keep
bluesky_65a2e4508cfb29a4aa0f0c56d6bb989609691288d5fb8ba95f9522442b6c4947,4,2,0.5,1.3570295485611104,3.3494593998086493,0.38557787972494867,0.7779202155273284,tie
bluesky_65aba13c9546286c756ec43642a5e8f56adc92d89aa21430260eeb00449708f1,4,0,0.0,1.3570295485611104,3.3494593998086493,0.15586415564395867,0.19375829088398777,unanimous_keep
bluesky_6614ab804624e094dbf6c019ba8f6a3ca54481cdc8bbf66ffd4747094c017046,4,0,0.0,1.3570295485611104,3.3494593998086493,0.15586415564395867,0.19375829088398777,unanimous_keep
bluesky_66683b2ac8d238b2ea38fd3e4e1941a9bdaecd0d7d39f0c770ce84aae26d51c1,3,2,0.6666666666666666,1.3570295485611104,3.3494593998086493,0.4356107652981531,0.8211118630943426,majority_remove
bluesky_66b7b638487b283342ff5aa9239439859c46977d66d55db302e35d4d27358738,8,6,0.75,1.3570295485611104,3.3494593998086493,0.578997831616185,0.8927172634719791,majority_remove
bluesky_66f47fe334cd30165e71922f90f3f258108adc0e67ee5f619cab0023bd609123,3,0,0.0,1.3570295485611104,3.3494593998086493,0.17608920971049702,0.24889425208860305,unanimous_keep
bluesky_673cc70f4bb2962d32b343815ea89626aa71782ba56f370e128606a8fdfefbb4,3,1,0.3333333333333333,1.3570295485611104,3.3494593998086493,0.30584998750432507,0.5897241978876234,majority_keep
bluesky_673ff414ec61b08ed022bcf06813fb8d5f375ff8fe0689a69c13ba134625a6ff,3,1,0.3333333333333333,1.3570295485611104,3.3494593998086493,0.30584998750432507,0.5897241978876234,majority_keep
bluesky_675e81ddff3c5ceb34ba8cccb884602e47d7bc939ac7eaf0063a37dd9c80dfa8,3,1,0.3333333333333333,1.3570295485611104,3.3494593998086493,0.30584998750432507,0.5897241978876234,majority_keep
bluesky_67d69330b8ec57f22060ccce18fea831eafbd453a300f8cc4ca6fad22f9bdbb8,5,3,0.6,1.3570295485611104,3.3494593998086493,0.44887802085149325,0.877383683978771,majority_remove
bluesky_67e825d4565ff0ff94ff8f0f25fa280934f6d366ec861b5a10b69923a2e05e24,3,2,0.6666666666666666,1.3570295485611104,3.3494593998086493,0.4356107652981531,0.8211118630943426,majority_remove
bluesky_685a61bb1b6be541a679c2b294c2283430f5d6a75b55a4acf2a9483069550c19,4,2,0.5,1.3570295485611104,3.3494593998086493,0.38557787972494867,0.7779202155273284,tie
bluesky_68796507b371f96467e1b1f224b987cc0f99fe78e2a3081a4a61db49f429a83a,4,0,0.0,1.3570295485611104,3.3494593998086493,0.15586415564395867,0.19375829088398777,unanimous_keep
bluesky_68c8a7d68068314f1a6d2d0052adc93ad5dc5e1dda2f1e5d9421fcb45db1a7a9,3,0,0.0,1.3570295485611104,3.3494593998086493,0.17608920971049702,0.24889425208860305,unanimous_keep
bluesky_696851ddef5c6e464db1d2a4a05cfdf2f2b5333d7190f0f1793da07efe2ddeaf,3,2,0.6666666666666666,1.3570295485611104,3.3494593998086493,0.4356107652981531,0.8211118630943426,majority_remove
bluesky_6979dd071b5c68850abf118e341168fc8c0549720c5e4663ae9ff1967b961d92,3,1,0.3333333333333333,1.3570295485611104,3.3494593998086493,0.30584998750432507,0.5897241978876234,majority_keep
bluesky_69ca49713cb5f7cc7174fae5a67d1d9688abac33f51f07e91dcecafced8ff653,3,1,0.3333333333333333,1.3570295485611104,3.3494593998086493,0.30584998750432507,0.5897241978876234,majority_keep
bluesky_69ddd12fc7b011e5c23a067518533e2da30bd920a96d838d78c490c31aeb9b47,6,2,0.3333333333333333,1.3570295485611104,3.3494593998086493,0.31355092829683195,0.6458901337489713,majority_keep
bluesky_69ed8454f5fbe1b7bd473216f68dacc622bddf406f5612ab87a078912893ccaf,4,1,0.25,1.3570295485611104,3.3494593998086493,0.27072101768445367,0.5068029795233617,majority_keep
bluesky_6a6c356e59f7d689a1ea0200d26f31281729f8f1e5366d97c85d27da560896bd,3,0,0.0,1.3570295485611104,3.3494593998086493,0.17608920971049702,0.24889425208860305,unanimous_keep
bluesky_6b755b441414388d9ac08700bbe2e0fa8748874bffb0e77a1ed11f0aedffe3d8,3,0,0.0,1.3570295485611104,3.3494593998086493,0.17608920971049702,0.24889425208860305,unanimous_keep
bluesky_6bcd755e0f609ccf841f11fd355f1eaa5b3a8a7eb7ece65822668cda33980755,6,3,0.5,1.3570295485611104,3.3494593998086493,0.40695222958452126,0.8471663696105847,tie
bluesky_6bd9e07ddaa9d0a60cde9883940e5b4d355d0696dc7c7eaa791e6997f1ffde73,3,2,0.6666666666666666,1.3570295485611104,3.3494593998086493,0.4356107652981531,0.8211118630943426,majority_remove
bluesky_6bf07634aca2e67652958b2e9f55c5a9dd5aa1c96d197196cbb3d1182b9e53b9,5,0,0.0,1.3570295485611104,3.3494593998086493,0.13980642802761636,0.15024769217992295,unanimous_keep
bluesky_6d02a122dee8d8958e5ed9cf61b455188912b432d7e1625a037ca4b5740ebb26,4,2,0.5,1.3570295485611104,3.3494593998086493,0.38557787972494867,0.7779202155273284,tie
bluesky_6d71301dbf8162a0afa9c436ef6d751cb28535ade58485a5801a32cc0022bca2,3,1,0.3333333333333333,1.3570295485611104,3.3494593998086493,0.30584998750432507,0.5897241978876234,majority_keep
bluesky_6dbe52f23c11eabdc3fafcf7fd1502b8c3cabee0ab897cd05c97827bdd77781e,3,0,0.0,1.3570295485611104,3.3494593998086493,0.17608920971049702,0.24889425208860305,unanimous_keep
bluesky_6e4a7ce506c2b212a34477a41edc834126dbaa08f94f619b6d1e48d8b6bc4545,3,0,0.0,1.3570295485611104,3.3494593998086493,0.17608920971049702,0.24889425208860305,unanimous_keep
bluesky_6e70d1e5c0148e8ca74c2f7149f44aa7623e34ce15746238ed14e9a52287c55a,4,2,0.5,1.3570295485611104,3.3494593998086493,0.38557787972494867,0.7779202155273284,tie
bluesky_6e86f3f4fdebc00fbafaa16a374af0e743a390c9ee88b9a5a2ac643cf78cb6ec,3,0,0.0,1.3570295485611104,3.3494593998086493,0.17608920971049702,0.24889425208860305,unanimous_keep
bluesky_6ea7d2524fa4dea9a16db22aa08d651d4e17fbca8f67f1f8408f8f65a90b47d2,5,1,0.2,1.3570295485611104,3.3494593998086493,0.24283029230224198,0.42933012008301863,majority_keep
bluesky_6eaa390fe7ecd23ed6ccc14921b481745a676cea6df1121b0df12ed17d8116e9,4,1,0.25,1.3570295485611104,3.3494593998086493,0.27072101768445367,0.5068029795233617,majority_keep
bluesky_6ec563c1fa8e709068c754272671fabb1f15a582cd22dd713a3b0a6b6536ffda,3,0,0.0,1.3570295485611104,3.3494593998086493,0.17608920971049702,0.24889425208860305,unanimous_keep
bluesky_6ee0f696da723e238e981baa7acdf404d768fcc2af68bb07079b2ea575d2efc2,3,2,0.6666666666666666,1.3570295485611104,3.3494593998086493,0.4356107652981531,0.8211118630943426,majority_remove
bluesky_6f998e367bd2c2b18371c0aff61df355ba19114156fe59887ed1aef64122fa8a,4,1,0.25,1.3570295485611104,3.3494593998086493,0.27072101768445367,0.5068029795233617,majority_keep
bluesky_6fa70a173c97139e7cc230b1d77d6ea15d41311d99914c4d2f393e0ea4eade87,3,0,0.0,1.3570295485611104,3.3494593998086493,0.17608920971049702,0.24889425208860305,unanimous_keep
bluesky_6fec84a53e7c18d97905ccb54d279853cc1feba52bb95e2f8b2ea5bc51e37d3f,4,0,0.0,1.3570295485611104,3.3494593998086493,0.15586415564395867,0.19375829088398777,unanimous_keep
bluesky_6ff59106800813d3f5cd6765b0f7e1aa6f5b45d259baf6161130573969e9c3a5,3,0,0.0,1.3570295485611104,3.3494593998086493,0.17608920971049702,0.24889425208860305,unanimous_keep
bluesky_70a9a266db815c936c1f9c3035f56eda1c885e3e85f4332b175a5ed37fb017de,6,0,0.0,1.3570295485611104,3.3494593998086493,0.1267483257214533,0.11616418362646559,unanimous_keep
bluesky_70c53f5688b7b6c5c27121d202972bfc56de3306e3d50e45382614087dc8b204,3,2,0.6666666666666666,1.3570295485611104,3.3494593998086493,0.4356107652981531,0.8211118630943426,majority_remove
bluesky_7199b84a5f5fb056d790034dd7909ab122da57d504d3edeb4c2720a120115f56,7,3,0.4285714285714285,1.3570295485611104,3.3494593998086493,0.3721892676597852,0.800827684200982,majority_keep
bluesky_72235eaea6911f5a5b129a547d546c907f9156e3061e3179aff0b67ecdf7cbb8,3,0,0.0,1.3570295485611104,3.3494593998086493,0.17608920971049702,0.24889425208860305,unanimous_keep
bluesky_7269196fe663b3a2c5a3ed32fc70a63c42e63af0b0c945cf6b168f30f450b654,4,0,0.0,1.3570295485611104,3.3494593998086493,0.15586415564395867,0.19375829088398777,unanimous_keep
bluesky_727e8a1c215531c38d317dc5e17892198b1cea8d8b603e5a3288225531469c28,5,1,0.2,1.3570295485611104,3.3494593998086493,0.24283029230224198,0.42933012008301863,majority_keep
bluesky_72c04d4f06240fb8d71a0cd8b1d6aac8a9559aa2756e601ff4fb005e1621432d,7,2,0.2857142857142857,1.3570295485611104,3.3494593998086493,0.28676655856140437,0.575118950925259,majority_keep
bluesky_72ece356be27d06767698c4b66662f14452121be9524da36fdaceab7eb7b8608,3,0,0.0,1.3570295485611104,3.3494593998086493,0.17608920971049702,0.24889425208860305,unanimous_keep
bluesky_72f38fe4d260a417c0b7cbea16090e0e7012f6b947ca754c6ebe2e01b5a3ec66,3,1,0.3333333333333333,1.3570295485611104,3.3494593998086493,0.30584998750432507,0.5897241978876234,majority_keep
bluesky_7355254ef74a5d804b7d7e18b89f1a78e9f4b747392c420a73cd28ea3a3443a6,5,0,0.0,1.3570295485611104,3.3494593998086493,0.13980642802761636,0.15024769217992295,unanimous_keep
bluesky_73f2027325098335b7083ef0bd00cb08b05b21ab5a169adcbb0897f151e92a8f,4,2,0.5,1.3570295485611104,3.3494593998086493,0.38557787972494867,0.7779202155273284,tie
bluesky_74027309c8d578e3578d1c3d99454ab7a197b872bbe0116932d96f6601e35770,6,1,0.1666666666666666,1.3570295485611104,3.3494593998086493,0.22014962700914262,0.35987758399354103,majority_keep
bluesky_7510b1ef3e805132a1d316e66627cf7bd0fcef69ff0f497e1510613702fe471a,7,3,0.4285714285714285,1.3570295485611104,3.3494593998086493,0.3721892676597852,0.800827684200982,majority_keep
bluesky_757b3b38dc8411de487910a4983a7dfa70f600f07c50e5e35cb20637a1162c41,3,1,0.3333333333333333,1.3570295485611104,3.3494593998086493,0.30584998750432507,0.5897241978876234,majority_keep
bluesky_75fa978dbf45e1bb00fc930620fbcf72b0e388eba103ed006e17a91858a6d29b,3,0,0.0,1.3570295485611104,3.3494593998086493,0.17608920971049702,0.24889425208860305,unanimous_keep
bluesky_762b8063ded8ec072519ca1b696471677e0f41f88789554f044883cf172d3e9a,4,2,0.5,1.3570295485611104,3.3494593998086493,0.38557787972494867,0.7779202155273284,tie
bluesky_765e396e1cace96c2b7070c2fc6ee5b95d0f5d51cb81ed7974dc43927f265826,3,0,0.0,1.3570295485611104,3.3494593998086493,0.17608920971049702,0.24889425208860305,unanimous_keep
bluesky_770841d0f69f445aca45082ad10be93a6fc5e9990977b39249aa35a5c9da74cd,3,0,0.0,1.3570295485611104,3.3494593998086493,0.17608920971049702,0.24889425208860305,unanimous_keep
bluesky_7767b2eddbea4e8d0601cd869b021503ec033c594c0644c74268b0bb3e628a63,4,0,0.0,1.3570295485611104,3.3494593998086493,0.15586415564395867,0.19375829088398777,unanimous_keep
bluesky_77a2d2e7586cf8a0fca7c127d63db57a5c3b11eef974ff1228441de496c2ebd1,3,0,0.0,1.3570295485611104,3.3494593998086493,0.17608920971049702,0.24889425208860305,unanimous_keep
bluesky_77ea7e38deb4ca62f1668e687c58cfe1df845c4d77fdf87d9080f8a7bf49bd90,3,0,0.0,1.3570295485611104,3.3494593998086493,0.17608920971049702,0.24889425208860305,unanimous_keep
bluesky_788363cc2cb7cd9884e7ec3b126636857bea5263e635fca019ec7e362e6bb64a,3,1,0.3333333333333333,1.3570295485611104,3.3494593998086493,0.30584998750432507,0.5897241978876234,majority_keep
bluesky_7900be4cff2665a10fe27abd0313bcca12d3dc49d6fa0e83cc988021cf8b0d31,4,1,0.25,1.3570295485611104,3.3494593998086493,0.27072101768445367,0.5068029795233617,majority_keep
bluesky_795acff9e33d971483f311ae5bfb9f00827acb7c0c00fad56b1749ba1fc3f9fa,3,0,0.0,1.3570295485611104,3.3494593998086493,0.17608920971049702,0.24889425208860305,unanimous_keep
bluesky_796022d813144cdd30021a1b752c843ab014385aa50a853485712b94ce73aeca,3,1,0.3333333333333333,1.3570295485611104,3.3494593998086493,0.30584998750432507,0.5897241978876234,majority_keep
bluesky_79703fa57559f87b2e91e13302befe9ff5f06ae7d91c84da86abdce5e2548a79,3,2,0.6666666666666666,1.3570295485611104,3.3494593998086493,0.4356107652981531,0.8211118630943426,majority_remove
bluesky_7971d26beb181223c2398775f7fbc05c0043dcec16fb74279a1ba273024f306e,4,1,0.25,1.3570295485611104,3.3494593998086493,0.27072101768445367,0.5068029795233617,majority_keep
bluesky_79db2588c3377742b4f7359c500a80b8bbdf7790b577fa7e3106bd327d85e79d,7,1,0.1428571428571428,1.3570295485611104,3.3494593998086493,0.20134384946302358,0.2991154978075321,majority_keep
bluesky_79fb4550b133046c562edf173df59be9e36c42fe9fca1a49040af22d915afd3d,3,1,0.3333333333333333,1.3570295485611104,3.3494593998086493,0.30584998750432507,0.5897241978876234,majority_keep
bluesky_7a0c26439fe440d58c8409eaeda94c95330dffbeefeae536a2fee5e03cc41a99,6,0,0.0,1.3570295485611104,3.3494593998086493,0.1267483257214533,0.11616418362646559,unanimous_keep
bluesky_7a7f74689dfd891798632d36ae7c9bafb4359567e782451d4dff4e95f75e333f,3,0,0.0,1.3570295485611104,3.3494593998086493,0.17608920971049702,0.24889425208860305,unanimous_keep
bluesky_7a8ba11198b0f7282950562c90541f2f51bcb12de8fbbfdbb1bc1a96bbd68780,5,3,0.6,1.3570295485611104,3.3494593998086493,0.44887802085149325,0.877383683978771,majority_remove
bluesky_7aa6e8bb5a14fbd35bf89f38a2f13f84095fa1c8df8c817ed41df6d7ade88e7d,7,2,0.2857142857142857,1.3570295485611104,3.3494593998086493,0.28676655856140437,0.575118950925259,majority_keep
bluesky_7ae5af46280a651fdbce46e518ee3464a43fbafa91b3cf1663a8c74954685d8e,3,2,0.6666666666666666,1.3570295485611104,3.3494593998086493,0.4356107652981531,0.8211118630943426,majority_remove
bluesky_7b026705282616110a3f8243e34577e25030c958925b2385447f42749ff6bf71,3,0,0.0,1.3570295485611104,3.3494593998086493,0.17608920971049702,0.24889425208860305,unanimous_keep
bluesky_7b508975fa5daf12f95a63c3a8d376b5a730d70de51b21bb8e821a092534d7f9,5,2,0.4,1.3570295485611104,3.3494593998086493,0.34585415657686763,0.7155023565292364,majority_keep
bluesky_7cbd2ad6b9e0e288c17d8b78743360c10164b4059579c2b8cdc7308adf38d29d,7,1,0.1428571428571428,1.3570295485611104,3.3494593998086493,0.20134384946302358,0.2991154978075321,majority_keep
bluesky_7cc649033c8902973f9ca856dcb4522d8070a3dfae64382356cbba11cef197e3,3,1,0.3333333333333333,1.3570295485611104,3.3494593998086493,0.30584998750432507,0.5897241978876234,majority_keep
bluesky_7d9514368ecff99a5bb5bc31dc4cba02d372ea7b6178893106d2b6793a6111e2,5,2,0.4,1.3570295485611104,3.3494593998086493,0.34585415657686763,0.7155023565292364,majority_keep
bluesky_7d96c2e21f7170b352bda8f0aac62708cacaf94f8678ae577615fcc162b6790a,3,3,1.0,1.3570295485611104,3.3494593998086493,0.5653715430919811,0.8201728525283785,unanimous_remove
bluesky_7e21d140fb604a2d1013ad4999fc20f97d3a7e4df459c32cc798c84ebbb56f08,3,1,0.3333333333333333,1.3570295485611104,3.3494593998086493,0.30584998750432507,0.5897241978876234,majority_keep
bluesky_7ebfe42d7fe708eca0fcda36c4be3acc024cd0b4ee34980b0d9c2cb6124b1dd0,4,0,0.0,1.3570295485611104,3.3494593998086493,0.15586415564395867,0.19375829088398777,unanimous_keep
bluesky_7f06ddf735e27ab5e6c8c58320decbc9bce79f476af37abb077fbc0e8e2b7b3a,3,0,0.0,1.3570295485611104,3.3494593998086493,0.17608920971049702,0.24889425208860305,unanimous_keep
bluesky_7f4fe53d13d7b8f51e43eba9900a62f5c31321aac551aa79af450c26284d4e2a,4,0,0.0,1.3570295485611104,3.3494593998086493,0.15586415564395867,0.19375829088398777,unanimous_keep
bluesky_7f604575b0c58a6d79a3f85053fc3ba23921d89b9bf250d9bf5a4d89931ede68,4,1,0.25,1.3570295485611104,3.3494593998086493,0.27072101768445367,0.5068029795233617,majority_keep
bluesky_7f9b594b3d678c753e55ded9c5706a18e94b7fcd529d20db89a4b809c38d9043,4,1,0.25,1.3570295485611104,3.3494593998086493,0.27072101768445367,0.5068029795233617,majority_keep
bluesky_7fb3b432abd962f7ef1c41ed26917bc4a6fb843b9ec9843aff6ae23099084af3,3,0,0.0,1.3570295485611104,3.3494593998086493,0.17608920971049702,0.24889425208860305,unanimous_keep
bluesky_80b68c368ad1c8155301da50b372c7c10788a208229d971b5d803a849bf3b792,3,2,0.6666666666666666,1.3570295485611104,3.3494593998086493,0.4356107652981531,0.8211118630943426,majority_remove
bluesky_80ef6c645c03d673077a3f942a53f62361acc7a960a9640c3c71df54ae3a704e,4,2,0.5,1.3570295485611104,3.3494593998086493,0.38557787972494867,0.7779202155273284,tie
bluesky_816d15def235ef603346cef95479c4516aa6f14a3565951d0ecf7c403b92ffc6,4,0,0.0,1.3570295485611104,3.3494593998086493,0.15586415564395867,0.19375829088398777,unanimous_keep
bluesky_8194db57d66764c924245641a3d169beef8cf525757bc59654ee72b22681e22f,3,2,0.6666666666666666,1.3570295485611104,3.3494593998086493,0.4356107652981531,0.8211118630943426,majority_remove
bluesky_81bf8430f5ec97f3f17f6a71472b235a006a143ebaa1ba0d808958ca1567a27d,5,0,0.0,1.3570295485611104,3.3494593998086493,0.13980642802761636,0.15024769217992295,unanimous_keep
bluesky_82b8593b1fa117d0687bdf4d3cebd085c54b25bc96b2fa0b417a742bbd39791d,3,1,0.3333333333333333,1.3570295485611104,3.3494593998086493,0.30584998750432507,0.5897241978876234,majority_keep
bluesky_82ddf9268037b4c3b08c6deffb13cd1b1a72bf5a13ebe29458c1084b382361f9,5,4,0.8,1.3570295485611104,3.3494593998086493,0.5519018851261189,0.8767611458907679,majority_remove
bluesky_83be01fa36e49b5d299786d6e9986a59373be4a05213712fb20f0b190af1cad5,6,1,0.1666666666666666,1.3570295485611104,3.3494593998086493,0.22014962700914262,0.35987758399354103,majority_keep
bluesky_84209e00ec6828598d5bcfe5b878dcad9dd1a9e7c713688856ec0fe1e0352e05,5,2,0.4,1.3570295485611104,3.3494593998086493,0.34585415657686763,0.7155023565292364,majority_keep
bluesky_8472cd7480597f14ce600feb6e55004043623bd7353896b9ea20e3dec7bf092e,3,0,0.0,1.3570295485611104,3.3494593998086493,0.17608920971049702,0.24889425208860305,unanimous_keep
bluesky_84b7655e6b445108fbc799c263fa8ff4f6ddd428a220941af774823ed0a376ad,6,5,0.8333333333333334,1.3570295485611104,3.3494593998086493,0.5937548321598999,0.8461335106224761,majority_remove
bluesky_84e522803fa58348023b637105aba9a3c24b1a4e2309664202745ebcbb02a263,3,1,0.3333333333333333,1.3570295485611104,3.3494593998086493,0.30584998750432507,0.5897241978876234,majority_keep
bluesky_8500af3478053251f2d1d345030600d99698a0663756444778468a39e90480a5,3,1,0.3333333333333333,1.3570295485611104,3.3494593998086493,0.30584998750432507,0.5897241978876234,majority_keep
bluesky_8501873f102fba65e36deec282eb1ecf9ecd7380a4dbe5fc7d527d55e15b4a3f,4,2,0.5,1.3570295485611104,3.3494593998086493,0.38557787972494867,0.7779202155273284,tie
bluesky_8517cf2fa1059b585d8fa890a2f40762c4bcd3878fae760430a5a77cbfc8f2db,5,1,0.2,1.3570295485611104,3.3494593998086493,0.24283029230224198,0.42933012008301863,majority_keep
bluesky_8547b69af7f4e175e715537e9c7ae7905a4303c4e7749c5490fa6d65eb32903e,3,3,1.0,1.3570295485611104,3.3494593998086493,0.5653715430919811,0.8201728525283785,unanimous_remove
bluesky_857757e3957f83b690c8db27b9885ad5f173637521563810f14ebc08060a28c0,4,0,0.0,1.3570295485611104,3.3494593998086493,0.15586415564395867,0.19375829088398777,unanimous_keep
bluesky_8596d712ba13c1e59f20d209b7666037f8c3ec49b7846234a1624c7d74bd1f92,4,0,0.0,1.3570295485611104,3.3494593998086493,0.15586415564395867,0.19375829088398777,unanimous_keep
bluesky_85990b6cd435031e547def3a8c704fc2e310526986f0a425f8c23fb72a13ff22,3,0,0.0,1.3570295485611104,3.3494593998086493,0.17608920971049702,0.24889425208860305,unanimous_keep
bluesky_86b9b306b306eaa1a026a0e05f612cb6daaa015577a997c528d3900a7e89b1d8,4,1,0.25,1.3570295485611104,3.3494593998086493,0.27072101768445367,0.5068029795233617,majority_keep
bluesky_86f04f20a222d736b78206700f52dc43e39efcea563c27910183f6606f2d64b8,6,2,0.3333333333333333,1.3570295485611104,3.3494593998086493,0.31355092829683195,0.6458901337489713,majority_keep
bluesky_86f9339e560a008043e344eeb580fde95ab963dbf20312ca53327e8d965010b1,4,0,0.0,1.3570295485611104,3.3494593998086493,0.15586415564395867,0.19375829088398777,unanimous_keep
bluesky_8758e628bf670c8771893cabafdf5f9fbec919625a2f814828056aeb6e7f64dc,3,1,0.3333333333333333,1.3570295485611104,3.3494593998086493,0.30584998750432507,0.5897241978876234,majority_keep
bluesky_877ae21658dd789e7146cb06ca87468136a3623d0ba2031fb84d4d3c4683996a,7,0,0.0,1.3570295485611104,3.3494593998086493,0.11592114036464278,0.08959845962246542,unanimous_keep
bluesky_87b53d0770c1d54e03385c8874baf9bbf15891dc7359fc94577de1c215f4878f,4,0,0.0,1.3570295485611104,3.3494593998086493,0.15586415564395867,0.19375829088398777,unanimous_keep
bluesky_87e472a9ed62e33b3df62b2dec7f78ff0425666fd61e99ff1b3f4ff0b8094377,3,0,0.0,1.3570295485611104,3.3494593998086493,0.17608920971049702,0.24889425208860305,unanimous_keep
bluesky_886ea3911deae8953e2895ec07cbede4df866ef2b2ae69537daf6492d8dee5cd,4,1,0.25,1.3570295485611104,3.3494593998086493,0.27072101768445367,0.5068029795233617,majority_keep
bluesky_88c44cf0678ebd1009205c2b66db87089941c08b1ae570672a33213ca287b420,3,1,0.3333333333333333,1.3570295485611104,3.3494593998086493,0.30584998750432507,0.5897241978876234,majority_keep
bluesky_88f05de05ccb8753ed6f755dd54104dccb4f7e7b336bb6b4385cda807fe657ed,3,0,0.0,1.3570295485611104,3.3494593998086493,0.17608920971049702,0.24889425208860305,unanimous_keep
bluesky_88f99e0c3d2ca4d71bc3749a0929f738087c36d9189f3ecb60e90b981b8e8f0e,4,0,0.0,1.3570295485611104,3.3494593998086493,0.15586415564395867,0.19375829088398777,unanimous_keep
bluesky_890f0f3d8125add4f0a4359de0a9cda5e2c3b8f577ad07f5c582a4d0eace691b,5,0,0.0,1.3570295485611104,3.3494593998086493,0.13980642802761636,0.15024769217992295,unanimous_keep
bluesky_89cef5f9caf7bcb1959f13cf9705002842982b033c6b9f866c617cc4b4ad400a,6,3,0.5,1.3570295485611104,3.3494593998086493,0.40695222958452126,0.8471663696105847,tie
bluesky_89d3ca75a9b987ffd0dfa78857f4aaad6e14c6c08bd64a96485576817ae9a0b2,4,0,0.0,1.3570295485611104,3.3494593998086493,0.15586415564395867,0.19375829088398777,unanimous_keep
bluesky_89d8df082f80f6bcd3ebb712fa3428b2a5cfacbdc950d1296656aa771e50fc9a,5,2,0.4,1.3570295485611104,3.3494593998086493,0.34585415657686763,0.7155023565292364,majority_keep
bluesky_8b45b9eef364a2bbdca8add8872498b5bae0fc79d13c579131b5ecdee737de39,3,0,0.0,1.3570295485611104,3.3494593998086493,0.17608920971049702,0.24889425208860305,unanimous_keep
bluesky_8bad3e38053734cf07b29bcbfc46727bccaf2abd4ad2a0e2231c37c300bd4ef4,4,1,0.25,1.3570295485611104,3.3494593998086493,0.27072101768445367,0.5068029795233617,majority_keep
bluesky_8bc8a8e58202639dc47b5fecb9c99a098d891f35ec20beb58482d20b0b844717,4,1,0.25,1.3570295485611104,3.3494593998086493,0.27072101768445367,0.5068029795233617,majority_keep
bluesky_8c0123ce6dcdd510d18cfabb8f2adcd5c4861c4f88b47013b7d405df1b6184a9,4,0,0.0,1.3570295485611104,3.3494593998086493,0.15586415564395867,0.19375829088398777,unanimous_keep
bluesky_8c71b132f58c7317f2f3435e23561be11b35d253a9e9feddf322f55523b58e7a,3,0,0.0,1.3570295485611104,3.3494593998086493,0.17608920971049702,0.24889425208860305,unanimous_keep
bluesky_8c9591c424f26bccb2a57b1534295c7d9921c54f420f34111a4c91c28d388e9c,6,3,0.5,1.3570295485611104,3.3494593998086493,0.40695222958452126,0.8471663696105847,tie
bluesky_8cb1f0619d1be9d6ca30a7cee2ed76756f803d54b73fe4190397dfa78a794c9a,4,1,0.25,1.3570295485611104,3.3494593998086493,0.27072101768445367,0.5068029795233617,majority_keep
bluesky_8cbb5b75639928a183f612910fd5d7af8da9e5d5b089dd27f6de67d8ae56da3a,4,1,0.25,1.3570295485611104,3.3494593998086493,0.27072101768445367,0.5068029795233617,majority_keep
bluesky_8cd922eea888b484b07294b870f0a7ace22f8e6361b4ffa1ffd75e3d826c6ae9,4,0,0.0,1.3570295485611104,3.3494593998086493,0.15586415564395867,0.19375829088398777,unanimous_keep
bluesky_8cef0d57e3aef76b250a6803e2987cc9d6e6a0e0e33fe87b0302654cabe30ad5,4,0,0.0,1.3570295485611104,3.3494593998086493,0.15586415564395867,0.19375829088398777,unanimous_keep
bluesky_8d370c093f41b899e23866fba62b2aeeb6780c8450da14c9b39620a997c5daad,5,0,0.0,1.3570295485611104,3.3494593998086493,0.13980642802761636,0.15024769217992295,unanimous_keep
bluesky_8d98bdfd42f598daad3ffeefa5456c3809d1b47c02d45cc0b974d6096864f074,4,0,0.0,1.3570295485611104,3.3494593998086493,0.15586415564395867,0.19375829088398777,unanimous_keep
bluesky_8e548222d68962de1ebfeb36cf7ab74713fb90bc707eeb2ba682cdcc3c450f76,6,1,0.1666666666666666,1.3570295485611104,3.3494593998086493,0.22014962700914262,0.35987758399354103,majority_keep
bluesky_8e889360ff670f2ed9027ec94e2944221d34b9e7e96434d95a49987d44feeccf,4,0,0.0,1.3570295485611104,3.3494593998086493,0.15586415564395867,0.19375829088398777,unanimous_keep
bluesky_8ea2c04120ea894b24da328fbaeb12fa0fcabf03742194c703d988c676c3b448,3,0,0.0,1.3570295485611104,3.3494593998086493,0.17608920971049702,0.24889425208860305,unanimous_keep
bluesky_8ead9803ff8e26773dd0018f4ad16d09e75ac0b64c0039ef04b3df7f9a30c707,3,0,0.0,1.3570295485611104,3.3494593998086493,0.17608920971049702,0.24889425208860305,unanimous_keep
bluesky_8ec0034537746d1d51f44839151768768b22233200c733210335db9ec0b180e5,3,0,0.0,1.3570295485611104,3.3494593998086493,0.17608920971049702,0.24889425208860305,unanimous_keep
bluesky_8f830d40f3d96ae5d1ba6f9b1830892c190fd92b632fc38078a71c973af6112e,3,0,0.0,1.3570295485611104,3.3494593998086493,0.17608920971049702,0.24889425208860305,unanimous_keep
bluesky_8fc8031c21f02f5af829c30036691d393dfda798938bc6f567c00246491165bb,5,4,0.8,1.3570295485611104,3.3494593998086493,0.5519018851261189,0.8767611458907679,majority_remove
bluesky_9011cf92368d46f05d99b661293bba2f86223ef7c13906e273451ea44dba9e2d,3,0,0.0,1.3570295485611104,3.3494593998086493,0.17608920971049702,0.24889425208860305,unanimous_keep
bluesky_90b38a232b2c31c6af781079b030ff3ffe5f8e31243ac24b77807ca8b249cc2a,4,2,0.5,1.3570295485611104,3.3494593998086493,0.38557787972494867,0.7779202155273284,tie
bluesky_90ff3f7cda8edbaba2c370f976ba14123e5367eafd3e12b1c22b04c1698b6bc7,8,0,0.0,1.3570295485611104,3.3494593998086493,0.10679815282373634,0.06897003715873785,unanimous_keep
bluesky_91108053f2efb73c5fb62a024ccd1dd94674ed6c0b071fe78931f4b9ade8ec60,3,1,0.3333333333333333,1.3570295485611104,3.3494593998086493,0.30584998750432507,0.5897241978876234,majority_keep
bluesky_9123f4351b82f7dd207278602045ef409710e1973afe5bacb91c9ee5d6d68e4a,5,0,0.0,1.3570295485611104,3.3494593998086493,0.13980642802761636,0.15024769217992295,unanimous_keep
bluesky_91713926105d8e0683bca0b5a606b10ef9263eba34e7390e326ef9653184ab11,4,1,0.25,1.3570295485611104,3.3494593998086493,0.27072101768445367,0.5068029795233617,majority_keep
bluesky_9231d9cb6cd7f6ec86e71f7559cf7d58818278a0ba2b7e590285054b5d16b553,3,1,0.3333333333333333,1.3570295485611104,3.3494593998086493,0.30584998750432507,0.5897241978876234,majority_keep
bluesky_92dc77da7b7f1812bf36c1f86e138c5597126ce4529cf0daa5e6d68f5aa94a03,3,2,0.6666666666666666,1.3570295485611104,3.3494593998086493,0.4356107652981531,0.8211118630943426,majority_remove
bluesky_92dcfbd012dc9cba4368bf07352124fb2c360a5df0345ac41f18e4f9a2574174,3,1,0.3333333333333333,1.3570295485611104,3.3494593998086493,0.30584998750432507,0.5897241978876234,majority_keep
bluesky_92f627a8ab1a20dacb51171af117fc96d3ea34167e5e2e896845801419919a2b,4,0,0.0,1.3570295485611104,3.3494593998086493,0.15586415564395867,0.19375829088398777,unanimous_keep
bluesky_93053d6b6594485f6267be75c7b451957dcf7470500b2b3cff2a0070d821f336,3,1,0.3333333333333333,1.3570295485611104,3.3494593998086493,0.30584998750432507,0.5897241978876234,majority_keep
bluesky_93d923d8a208e419fd3f74f426170e1fdfe8cfb20604713060afd94b38a7311a,4,3,0.75,1.3570295485611104,3.3494593998086493,0.5004347417654437,0.877072144291462,majority_remove
bluesky_93db738b15f35100b15ec6841354353bbeb5e92e5dd379e1a03c14b63937d19a,3,0,0.0,1.3570295485611104,3.3494593998086493,0.17608920971049702,0.24889425208860305,unanimous_keep
bluesky_9437c6b50eb4aab3f991705280418499b1c1d01b5b1784f91d55992334825703,3,3,1.0,1.3570295485611104,3.3494593998086493,0.5653715430919811,0.8201728525283785,unanimous_remove
bluesky_943d0e26639ac31c9c1864300435f72eda23cfd865f4747dd8154e649e7b8aa8,3,1,0.3333333333333333,1.3570295485611104,3.3494593998086493,0.30584998750432507,0.5897241978876234,majority_keep
bluesky_95ad22ebe375fadbf7a41caefb348cd1c6336bc3485ee0713ff2ec004aadb024,3,2,0.6666666666666666,1.3570295485611104,3.3494593998086493,0.4356107652981531,0.8211118630943426,majority_remove
bluesky_966726fb2c4e6eb21469f2848dda1dc4877d68188c95065664270bd24e15605d,3,0,0.0,1.3570295485611104,3.3494593998086493,0.17608920971049702,0.24889425208860305,unanimous_keep
bluesky_968700b4d57f870dc2e853b3fb72e3fb23239b84b42de78a569a3147e3e9b8d3,3,0,0.0,1.3570295485611104,3.3494593998086493,0.17608920971049702,0.24889425208860305,unanimous_keep
bluesky_971024c74e8fb13524775b997ab9ab4af596b8267f846af5abacb0c394a13d97,5,1,0.2,1.3570295485611104,3.3494593998086493,0.24283029230224198,0.42933012008301863,majority_keep
bluesky_9757c6d4449a71c72a2e8c668c7a95e90006f35f6b0ee505ef9b61ca8ac27194,4,1,0.25,1.3570295485611104,3.3494593998086493,0.27072101768445367,0.5068029795233617,majority_keep
bluesky_97b096bddbe4fb5f2ccee6d8ba74ae6cbf7a2b24ada39437e0342628fa979c23,3,0,0.0,1.3570295485611104,3.3494593998086493,0.17608920971049702,0.24889425208860305,unanimous_keep
bluesky_981bec256ee2147794427338e54c7636559714bf4c8d03bc5677e2eb08dec56e,3,1,0.3333333333333333,1.3570295485611104,3.3494593998086493,0.30584998750432507,0.5897241978876234,majority_keep
bluesky_988fc3c036a89eed55a8611f4af3bf58b1802398dd152aed2f6fc38ede2288be,3,1,0.3333333333333333,1.3570295485611104,3.3494593998086493,0.30584998750432507,0.5897241978876234,majority_keep
bluesky_993786a43e3fecc30508f658027ebb9ad4e726c51aa2e9e822adc35e5c194cd6,3,0,0.0,1.3570295485611104,3.3494593998086493,0.17608920971049702,0.24889425208860305,unanimous_keep
bluesky_9970acc74de04e1270d57ff77ca1fa4b12134f47a08c0d6a8bd2ddb4bc3a4225,4,2,0.5,1.3570295485611104,3.3494593998086493,0.38557787972494867,0.7779202155273284,tie
bluesky_9a08a0116bae75886323d47f200cbf19377ef1022fd5fbdf7a2599ee13561dae,6,0,0.0,1.3570295485611104,3.3494593998086493,0.1267483257214533,0.11616418362646559,unanimous_keep
bluesky_9a57114b74baf2d0785a106a0322e3d755d6318747e5396b833d33cf5d698e09,3,0,0.0,1.3570295485611104,3.3494593998086493,0.17608920971049702,0.24889425208860305,unanimous_keep
bluesky_9abf25c97efe8db902adb022625867a696b10c5e1083b96e34f7dc6868921308,3,1,0.3333333333333333,1.3570295485611104,3.3494593998086493,0.30584998750432507,0.5897241978876234,majority_keep
bluesky_9b1ccc2138afc1218d6de1414712e9bd2516700486d347d6522fc9fa1bd09b54,4,0,0.0,1.3570295485611104,3.3494593998086493,0.15586415564395867,0.19375829088398777,unanimous_keep
bluesky_9b3b806226c2bcd6b4846c38b3804300d385bc6e2c32c72f25a5acd8ddf92b28,4,3,0.75,1.3570295485611104,3.3494593998086493,0.5004347417654437,0.877072144291462,majority_remove
bluesky_9b6e672eff5d6266ec98f07974009f1893b36b1a6512b25a80d092b45233ab70,4,0,0.0,1.3570295485611104,3.3494593998086493,0.15586415564395867,0.19375829088398777,unanimous_keep
bluesky_9b99ba7c1bd4a6e62b87f68446244163fbb47cab53f546eef1eb8156bcba1a34,4,2,0.5,1.3570295485611104,3.3494593998086493,0.38557787972494867,0.7779202155273284,tie
bluesky_9baabfbc73561f47d6a581724e275899757059cdb0a388e575eb7eef6fe0c3ac,3,2,0.6666666666666666,1.3570295485611104,3.3494593998086493,0.4356107652981531,0.8211118630943426,majority_remove
bluesky_9bac267b4cb8faeb2f0e37d54cddb03b02a4dc44e3d31b5d38b17586c6571119,3,2,0.6666666666666666,1.3570295485611104,3.3494593998086493,0.4356107652981531,0.8211118630943426,majority_remove
bluesky_9c4f2c6717265fe92c36916e7ef2affdffc1fb7ff7b990c2d4dfd52247e3b611,5,1,0.2,1.3570295485611104,3.3494593998086493,0.24283029230224198,0.42933012008301863,majority_keep
bluesky_9e2b7bc07b8b336ed749f968f8034abfacd4c2a53d454f73e84f811bf3baa475,4,2,0.5,1.3570295485611104,3.3494593998086493,0.38557787972494867,0.7779202155273284,tie
bluesky_9e5e554a57aba1c349db21fc2849b16ba0aa29919b5637417b62b48ddb431aa1,4,2,0.5,1.3570295485611104,3.3494593998086493,0.38557787972494867,0.7779202155273284,tie
bluesky_9e7e4ed739b20bb04482321e016339e3903814d1888b314b7102f72d1d9675c5,3,1,0.3333333333333333,1.3570295485611104,3.3494593998086493,0.30584998750432507,0.5897241978876234,majority_keep
bluesky_9eeaea220fae80f2bab2a8c8db754eb867e3b45c9d5342ad710640f849d5f716,3,1,0.3333333333333333,1.3570295485611104,3.3494593998086493,0.30584998750432507,0.5897241978876234,majority_keep
bluesky_9eef24b458eaee57c32f49139433182d1afa375009bacffc05db06c125edd05e,3,3,1.0,1.3570295485611104,3.3494593998086493,0.5653715430919811,0.8201728525283785,unanimous_remove
bluesky_9f4d9bbd5cb60d4e82892f6062af1bf6c71ad50cfc69425d6b52363d81aedb02,6,0,0.0,1.3570295485611104,3.3494593998086493,0.1267483257214533,0.11616418362646559,unanimous_keep
bluesky_9f4f65f7f801e89861747a1e8958c9c2ae2b19d1fb4fd7238dc405ca87e0cdf8,4,1,0.25,1.3570295485611104,3.3494593998086493,0.27072101768445367,0.5068029795233617,majority_keep
bluesky_9f8541692dbc72cd4e2364cc9c2dc8d4d453f215ac519d4e2423f18c9817a87f,3,1,0.3333333333333333,1.3570295485611104,3.3494593998086493,0.30584998750432507,0.5897241978876234,majority_keep
bluesky_9f99b36a3b1df97f8df5ac402ca9ce2c8e3d5581f3a7da506afb76d0bc650eed,3,1,0.3333333333333333,1.3570295485611104,3.3494593998086493,0.30584998750432507,0.5897241978876234,majority_keep
bluesky_9fc361c252ae62069cb45eb26a9443c75c00a613e277517ede464c480e460c30,3,1,0.3333333333333333,1.3570295485611104,3.3494593998086493,0.30584998750432507,0.5897241978876234,majority_keep
bluesky_9ffb9154786c4d7266243dfb4957c53c059beca9c25eba9aa75b118ca3e150c4,3,0,0.0,1.3570295485611104,3.3494593998086493,0.17608920971049702,0.24889425208860305,unanimous_keep
bluesky_a031d8f5968f51cc65c90c10996d1ae36a96cba357d2615e742163f03dac6df0,4,2,0.5,1.3570295485611104,3.3494593998086493,0.38557787972494867,0.7779202155273284,tie
bluesky_a0bc8f4b2dc268325c23066b9117f40b4b16ce08fc2803688e7324689bd2412b,3,1,0.3333333333333333,1.3570295485611104,3.3494593998086493,0.30584998750432507,0.5897241978876234,majority_keep
bluesky_a16fe448901b8572cc3348d237272281e3babcd35cb01d55d291a84fcb399d34,4,0,0.0,1.3570295485611104,3.3494593998086493,0.15586415564395867,0.19375829088398777,unanimous_keep
bluesky_a17ef48d760f53a9c037217a2c6028020b32a3ec3f5ef71fdfe3fdb5bed47cdd,3,0,0.0,1.3570295485611104,3.3494593998086493,0.17608920971049702,0.24889425208860305,unanimous_keep
bluesky_a1aec7cc12f2daf39cf1631d8687d5e562dde553a96ecb04e8d6bb6c56897d3f,4,1,0.25,1.3570295485611104,3.3494593998086493,0.27072101768445367,0.5068029795233617,majority_keep
bluesky_a1ca8fce42888b260550f1654b19f9bac63c309f555f82f1531f71bea568d1da,4,2,0.5,1.3570295485611104,3.3494593998086493,0.38557787972494867,0.7779202155273284,tie
bluesky_a23775712571ed501d4a9e6a8fd60d6ddf8c2c2c609ee589ed29ec6a0588f2da,3,2,0.6666666666666666,1.3570295485611104,3.3494593998086493,0.4356107652981531,0.8211118630943426,majority_remove
bluesky_a2462bbc58cee51ba274ee886955a194f274461e0ad9567173c55177632104ba,3,1,0.3333333333333333,1.3570295485611104,3.3494593998086493,0.30584998750432507,0.5897241978876234,majority_keep
bluesky_a2c6f78e2c325bdf45b88a8306f40bf67bb2a628b515b52059ba8326d1af88ac,5,2,0.4,1.3570295485611104,3.3494593998086493,0.34585415657686763,0.7155023565292364,majority_keep
bluesky_a3731d1a65ff0908528dcb49dcfc644633abe36b92f4567560082fc048df28bb,3,3,1.0,1.3570295485611104,3.3494593998086493,0.5653715430919811,0.8201728525283785,unanimous_remove
bluesky_a38161c918480fc9b77e16d3fd1672f177450a7c95e31b8ca72205286931d920,7,0,0.0,1.3570295485611104,3.3494593998086493,0.11592114036464278,0.08959845962246542,unanimous_keep
bluesky_a3f93e747c98f00788de889005756369a480025e50d23b7b6d0ecd9881990bda,3,0,0.0,1.3570295485611104,3.3494593998086493,0.17608920971049702,0.24889425208860305,unanimous_keep
bluesky_a414b62e9f6aa3df174494900a8c9c48381d48d226375ef0e50b93892f6aad55,8,8,1.0,1.3570295485611104,3.3494593998086493,0.7363977245470013,0.504422400144053,unanimous_remove
bluesky_a41fc2147af605043a20c5678e038c5f9523c33847ce057830417df48c48a73a,4,1,0.25,1.3570295485611104,3.3494593998086493,0.27072101768445367,0.5068029795233617,majority_keep
bluesky_a43e2ac38fbf04675c8e4b80f1a7ebdb2720ec014985c90209a0319c6c2a8a72,3,1,0.3333333333333333,1.3570295485611104,3.3494593998086493,0.30584998750432507,0.5897241978876234,majority_keep
bluesky_a4ab1d65956142ce7a66d855e37d1e2156837024f8493d0205db793f2ed02c37,3,2,0.6666666666666666,1.3570295485611104,3.3494593998086493,0.4356107652981531,0.8211118630943426,majority_remove
bluesky_a5047f93bbac1915c7ecd5fac768efc4379580291eebc60c40eac6c736d231ea,6,0,0.0,1.3570295485611104,3.3494593998086493,0.1267483257214533,0.11616418362646559,unanimous_keep
bluesky_a5db69b676b3e2a407e691366ebaf4b50ba97ad7b7fc73865421ddbdc59528e2,7,1,0.1428571428571428,1.3570295485611104,3.3494593998086493,0.20134384946302358,0.2991154978075321,majority_keep
bluesky_a6c1d8f8a2a928ae0e2d731812e834bf76909084be0f139b1b0c89e8fb83629c,5,1,0.2,1.3570295485611104,3.3494593998086493,0.24283029230224198,0.42933012008301863,majority_keep
bluesky_a70badff37e2b51c463474806fca3ac06aaaf2ed80485e688c57081e124d743e,3,1,0.3333333333333333,1.3570295485611104,3.3494593998086493,0.30584998750432507,0.5897241978876234,majority_keep
bluesky_a7681feab8055d78565148621cea6a3ea78351f6d5949b2a0d2e6118788fc2db,3,3,1.0,1.3570295485611104,3.3494593998086493,0.5653715430919811,0.8201728525283785,unanimous_remove
bluesky_a796f46dfab7c48bdc7eb2f82226f150f209332497cb2ef9c58058bf31faa9b8,4,0,0.0,1.3570295485611104,3.3494593998086493,0.15586415564395867,0.19375829088398777,unanimous_keep
bluesky_a79bdfdfdabc86170e45182df493bfd9820a195572b912964fa3cf6c2b07ecb2,3,0,0.0,1.3570295485611104,3.3494593998086493,0.17608920971049702,0.24889425208860305,unanimous_keep
bluesky_a7ad68fab04a491c4b67157eeab0b09d29fbdade520ae3a9e3d003e9b94ab093,3,0,0.0,1.3570295485611104,3.3494593998086493,0.17608920971049702,0.24889425208860305,unanimous_keep
bluesky_a7b749de72e059505f2b9bfd1f65de4c0bda95b052174a86861932f90bf20af0,5,2,0.4,1.3570295485611104,3.3494593998086493,0.34585415657686763,0.7155023565292364,majority_keep
bluesky_a85353765691d431150167b38051fa5e984254d178582408bc0a0034f92bfc99,4,1,0.25,1.3570295485611104,3.3494593998086493,0.27072101768445367,0.5068029795233617,majority_keep
bluesky_a86b316dcd38e655773c26f42f70cbe2d3d3affa99d427a8dbb3dd4d452c813b,3,0,0.0,1.3570295485611104,3.3494593998086493,0.17608920971049702,0.24889425208860305,unanimous_keep
bluesky_a89a2f80198d5d375519d0fb1c2b41c15d66fe1ca028d843784543e9ec45d410,5,4,0.8,1.3570295485611104,3.3494593998086493,0.5519018851261189,0.8767611458907679,majority_remove
bluesky_a91930b6043d254a81cb1d6ef10ca7dd303247e7f86f0f7e94e85af3f8712f33,3,2,0.6666666666666666,1.3570295485611104,3.3494593998086493,0.4356107652981531,0.8211118630943426,majority_remove
bluesky_a9a05dff0c364bfdb91f7a1e591049869e61d005a6c94f0c3360c65e7ceb847e,3,0,0.0,1.3570295485611104,3.3494593998086493,0.17608920971049702,0.24889425208860305,unanimous_keep
bluesky_a9b0317414a3299037efc725e6ef060b6ae6de6a369f84dff157f1b5212f08d3,3,1,0.3333333333333333,1.3570295485611104,3.3494593998086493,0.30584998750432507,0.5897241978876234,majority_keep
bluesky_a9d4421c6a2495caeb19012b16e7c60aca4f7aa216d1b2390f397aca9d27b55b,3,2,0.6666666666666666,1.3570295485611104,3.3494593998086493,0.4356107652981531,0.8211118630943426,majority_remove
bluesky_aa66207d84ce83b7b6f63e1948242bd0b342f0896faa494fd70c9f4af02c253c,5,2,0.4,1.3570295485611104,3.3494593998086493,0.34585415657686763,0.7155023565292364,majority_keep
bluesky_ab1b501eca5504b5397be34f737a8db036d604816710c4ab349ea3d2d0470477,5,1,0.2,1.3570295485611104,3.3494593998086493,0.24283029230224198,0.42933012008301863,majority_keep
bluesky_ab4532f1c9fcf6131550f4764c9fa182dd2f8d43b44864b5dc5113310dc59789,3,1,0.3333333333333333,1.3570295485611104,3.3494593998086493,0.30584998750432507,0.5897241978876234,majority_keep
bluesky_ab9003711e75ed8d0a722afb8f99355c2e593f73df74fa940a525199991381f6,3,0,0.0,1.3570295485611104,3.3494593998086493,0.17608920971049702,0.24889425208860305,unanimous_keep
bluesky_ac3ce878b107b8857557e60a0d487ea05eeac4f73d38d847aca1556d6c8249fc,3,0,0.0,1.3570295485611104,3.3494593998086493,0.17608920971049702,0.24889425208860305,unanimous_keep
bluesky_ac5e2efa19a1c1b4a30b2d8994f6f4116afd7389d7a820f3ea5a7a4d9f52ec42,4,1,0.25,1.3570295485611104,3.3494593998086493,0.27072101768445367,0.5068029795233617,majority_keep
bluesky_ad4630fb01cad3367b3fb0d4bf8b7348d393c39877ed452d674370a3a7520dbe,3,1,0.3333333333333333,1.3570295485611104,3.3494593998086493,0.30584998750432507,0.5897241978876234,majority_keep
bluesky_ad9e5ad080e519cf193d6ade19af96529063c387116a9820912b7923c75cd4c6,4,0,0.0,1.3570295485611104,3.3494593998086493,0.15586415564395867,0.19375829088398777,unanimous_keep
bluesky_addd460dca2c7b276530bb033a452186e774d7cbcc3c79ce246aee6186227f13,4,0,0.0,1.3570295485611104,3.3494593998086493,0.15586415564395867,0.19375829088398777,unanimous_keep
bluesky_ae61b639187380f77024291b60860a9fac82d6c293bd38ad30047a0c60a1c755,3,2,0.6666666666666666,1.3570295485611104,3.3494593998086493,0.4356107652981531,0.8211118630943426,majority_remove
bluesky_ae8eee208e92a69338f7c1fe8a9291adc146c5add8b783c90900d4255f9cf1c8,4,0,0.0,1.3570295485611104,3.3494593998086493,0.15586415564395867,0.19375829088398777,unanimous_keep
bluesky_aeca71066b2daabce11349c9ffd01f82cb71a715b7e3b35f8de99e907c93659b,3,0,0.0,1.3570295485611104,3.3494593998086493,0.17608920971049702,0.24889425208860305,unanimous_keep
bluesky_aed42ccf61c97cbc2d65a0e2061e94870963a9507d0e81b08423194a6f7d00d6,3,0,0.0,1.3570295485611104,3.3494593998086493,0.17608920971049702,0.24889425208860305,unanimous_keep
bluesky_aefbecc89718078ce16bad5cdae5aa20e8c4b60d7ea6b3cc5fc5b5a47a8b276e,4,2,0.5,1.3570295485611104,3.3494593998086493,0.38557787972494867,0.7779202155273284,tie
bluesky_af8f5554f15d88b20a05104cd8066e2a7a05dade8a1903d195cf60062cf8dec2,3,0,0.0,1.3570295485611104,3.3494593998086493,0.17608920971049702,0.24889425208860305,unanimous_keep
bluesky_af902269c9225f570900ec861f6136217356b6ccb558ad28f2afcdd288fae684,4,0,0.0,1.3570295485611104,3.3494593998086493,0.15586415564395867,0.19375829088398777,unanimous_keep
bluesky_afda05022fb8fdaf7509a61114c5ec235a8353fd2fc531773e6938db12833a06,5,1,0.2,1.3570295485611104,3.3494593998086493,0.24283029230224198,0.42933012008301863,majority_keep
bluesky_b22455a8c86f1576749475acf3bf26680d25176d0d3a810bfda4dfab96e42b91,4,3,0.75,1.3570295485611104,3.3494593998086493,0.5004347417654437,0.877072144291462,majority_remove
bluesky_b2a1292a5d8bfcf822d1e4d4194fb0b69efe10dd244d2fb22ddd30343b5b293b,3,0,0.0,1.3570295485611104,3.3494593998086493,0.17608920971049702,0.24889425208860305,unanimous_keep
bluesky_b327e97097ecd4b5b81d3fa0a48139ff4eac7dbb56b23b8b82667f36ecf0559e,3,0,0.0,1.3570295485611104,3.3494593998086493,0.17608920971049702,0.24889425208860305,unanimous_keep
bluesky_b335a8ab4674dc9cb2accc2348e56a08e7b8231c0a8f5ce815e4def053b14ed3,5,2,0.4,1.3570295485611104,3.3494593998086493,0.34585415657686763,0.7155023565292364,majority_keep
bluesky_b3753bb0a9d6473ea11e09b9b94587c6417de3340dc8ea8440c5245691cf827a,5,1,0.2,1.3570295485611104,3.3494593998086493,0.24283029230224198,0.42933012008301863,majority_keep
bluesky_b3f638708296105ab27617f717b6edbd87b5dfa4cba7ed29f374232e07da15f2,3,0,0.0,1.3570295485611104,3.3494593998086493,0.17608920971049702,0.24889425208860305,unanimous_keep
bluesky_b410b2949dd2d4da67168fabe5b5f171a0afcbef976d45868caa54d232a74527,3,1,0.3333333333333333,1.3570295485611104,3.3494593998086493,0.30584998750432507,0.5897241978876234,majority_keep
bluesky_b4349f7a010bd843619704553466730002be84a5269ba76d4d11f3dd07662298,4,0,0.0,1.3570295485611104,3.3494593998086493,0.15586415564395867,0.19375829088398777,unanimous_keep
bluesky_b455f47325dcda9d6e7429647c0a551071a042399a7ffe6fc61e5846063f8ed1,4,1,0.25,1.3570295485611104,3.3494593998086493,0.27072101768445367,0.5068029795233617,majority_keep
bluesky_b45fe425ef8f8d644c70ebdc8afad2c08efa96ef3407969157af42adbf32347f,5,2,0.4,1.3570295485611104,3.3494593998086493,0.34585415657686763,0.7155023565292364,majority_keep
bluesky_b4d01acffeb285a5991765247c30450cbe009491eac06f2421e30436270fe339,4,0,0.0,1.3570295485611104,3.3494593998086493,0.15586415564395867,0.19375829088398777,unanimous_keep
bluesky_b4e05c89ab89b03c6decb94992756614e459d28e2e7f9fb4c5c51fc7aa2706b7,3,0,0.0,1.3570295485611104,3.3494593998086493,0.17608920971049702,0.24889425208860305,unanimous_keep
bluesky_b50e8ce4ba630f4d4391464db1b60327f38658fe981a4ae440b4995c3672efc3,3,0,0.0,1.3570295485611104,3.3494593998086493,0.17608920971049702,0.24889425208860305,unanimous_keep
bluesky_b592c793386a0f4279078be6d82466909fd4d245c0f1d5f5c0191bd86c851538,5,0,0.0,1.3570295485611104,3.3494593998086493,0.13980642802761636,0.15024769217992295,unanimous_keep
bluesky_b5c77024724880bbe4aa6dc61a53e4993043f87ca455d687e4c89dd4109a61db,3,1,0.3333333333333333,1.3570295485611104,3.3494593998086493,0.30584998750432507,0.5897241978876234,majority_keep
bluesky_b62231a74bfb7d9b6befeebcdf79c2eca95cbccada7a7ea2b4b5344eaed5176d,6,4,0.6666666666666666,1.3570295485611104,3.3494593998086493,0.5003535308722106,0.9144837987662224,majority_remove
bluesky_b628076c9aad7c8a5b586685f1f6f1cbfa958ac581f94e2e8b2529b6aea7a5b0,5,0,0.0,1.3570295485611104,3.3494593998086493,0.13980642802761636,0.15024769217992295,unanimous_keep
bluesky_b66a5f9a560b10c259a0cc3b2a76e82e70280fb72d495e8dd034ff21ca5c7b66,5,1,0.2,1.3570295485611104,3.3494593998086493,0.24283029230224198,0.42933012008301863,majority_keep
bluesky_b6aa63e4e8f0965a45fa88966c29e62cfedff66da7c299373d25eb7fac2c1e8c,5,0,0.0,1.3570295485611104,3.3494593998086493,0.13980642802761636,0.15024769217992295,unanimous_keep
bluesky_b7a4b909c372f45b16a5a0294a1ea20003730781118ef15e2d73160089a2d0b3,10,7,0.7,1.3570295485611104,3.3494593998086493,0.568254569659708,0.9244869705736072,majority_remove
bluesky_b81affcbcec17e2c9bdb32a9d9a0c28498479499bbeb4451a9e8a7099ece915a,3,1,0.3333333333333333,1.3570295485611104,3.3494593998086493,0.30584998750432507,0.5897241978876234,majority_keep
bluesky_b8722d2abf7bb6f20d775484d3cc85fdb0fa2579ec7b6235d3a676335fed53b1,5,0,0.0,1.3570295485611104,3.3494593998086493,0.13980642802761636,0.15024769217992295,unanimous_keep
bluesky_b8ca0c27bbc162c35f09da2a97cfb839a345929e44674af30b35282f4f4124a7,4,0,0.0,1.3570295485611104,3.3494593998086493,0.15586415564395867,0.19375829088398777,unanimous_keep
bluesky_b8ebcc3457559c42554d8d4ef8ac8d3cd00e6125ca140aa833a0b17050131bac,3,1,0.3333333333333333,1.3570295485611104,3.3494593998086493,0.30584998750432507,0.5897241978876234,majority_keep
bluesky_b9192bfd3b29a783bcede0f1952d0c096310369a5b581b04c8ad8d638c8ba281,3,1,0.3333333333333333,1.3570295485611104,3.3494593998086493,0.30584998750432507,0.5897241978876234,majority_keep
bluesky_b9314ddc6ec18036e7a1e81cc60dc80ad7075a2d24dfdc56998694c824b651fa,3,1,0.3333333333333333,1.3570295485611104,3.3494593998086493,0.30584998750432507,0.5897241978876234,majority_keep
bluesky_b947f9f636a46c5aae2da58e19d057698712df680eebeb004aa9eb94894bc539,3,1,0.3333333333333333,1.3570295485611104,3.3494593998086493,0.30584998750432507,0.5897241978876234,majority_keep
bluesky_b9556bc88ff3935a7aee0d9564ff8fb9392f2085499d77facd47cd6f24afe8a2,3,1,0.3333333333333333,1.3570295485611104,3.3494593998086493,0.30584998750432507,0.5897241978876234,majority_keep
bluesky_b967634a8ea9e4b382b3a30993fccd4c09962c3c02cc1f3b2241fe8fca5793b9,3,1,0.3333333333333333,1.3570295485611104,3.3494593998086493,0.30584998750432507,0.5897241978876234,majority_keep
bluesky_b99ff5d411a4b74e67ef1ad9400df433baec65b477fdf315ed70207fedf38fd2,3,0,0.0,1.3570295485611104,3.3494593998086493,0.17608920971049702,0.24889425208860305,unanimous_keep
bluesky_b9bfc1d02ac2dc212880876cf7dd2ac14cc635bca60f3863359f44471f4ed694,3,1,0.3333333333333333,1.3570295485611104,3.3494593998086493,0.30584998750432507,0.5897241978876234,majority_keep
bluesky_b9dd938c5a2252eef62be8b5701f7eff661d93b8095ef9ced3e8817ea1a2707b,5,0,0.0,1.3570295485611104,3.3494593998086493,0.13980642802761636,0.15024769217992295,unanimous_keep
bluesky_b9e8c5a56c7915e8a4f80f8a359921bc80709f5b4e715f3961174a3048991115,3,0,0.0,1.3570295485611104,3.3494593998086493,0.17608920971049702,0.24889425208860305,unanimous_keep
bluesky_ba06664a3fd223aee62838f12792e98d41bb67911f1a000dc5a2a88c6b58ab05,3,0,0.0,1.3570295485611104,3.3494593998086493,0.17608920971049702,0.24889425208860305,unanimous_keep
bluesky_ba2a2406cca828ede6ccdafef1eb6df2a1868e22b158ddaa2c2be9844d994fe3,5,0,0.0,1.3570295485611104,3.3494593998086493,0.13980642802761636,0.15024769217992295,unanimous_keep
bluesky_ba45a69ced90c012ff9d63508ad378f0dbe6e54607440e5f7505263564267471,3,1,0.3333333333333333,1.3570295485611104,3.3494593998086493,0.30584998750432507,0.5897241978876234,majority_keep
bluesky_ba629650149e88f70bd7102712c558d495b941699829db0be31aff7973bf03c9,5,2,0.4,1.3570295485611104,3.3494593998086493,0.34585415657686763,0.7155023565292364,majority_keep
bluesky_ba6b984dbcff479c50dbb7a891633b7ef89364f5aacd884b401d03f078c391bc,4,3,0.75,1.3570295485611104,3.3494593998086493,0.5004347417654437,0.877072144291462,majority_remove
bluesky_ba90ece8528617a8cc106be0a3210b6145a357a6589f7adaac7d486c84acc8a1,3,0,0.0,1.3570295485611104,3.3494593998086493,0.17608920971049702,0.24889425208860305,unanimous_keep
bluesky_bb82d662efea4a5e19f09404a8d7f7ee58b9c89e4c1bfdf04930cb19cd7740b4,3,1,0.3333333333333333,1.3570295485611104,3.3494593998086493,0.30584998750432507,0.5897241978876234,majority_keep
bluesky_bbbbf4940619494012b6ddb52b54e049857a0906fb6c9347612d239227024a27,4,1,0.25,1.3570295485611104,3.3494593998086493,0.27072101768445367,0.5068029795233617,majority_keep
bluesky_bbfac754c33dd38da0e4e44077bcb46e04d104fdd4694383d19b57c09e24a2d1,4,0,0.0,1.3570295485611104,3.3494593998086493,0.15586415564395867,0.19375829088398777,unanimous_keep
bluesky_bbfb833e1ddb7e5357fb1851ceda0b227a9caf7da8345db816124cacdd1fc636,4,4,1.0,1.3570295485611104,3.3494593998086493,0.6152916038059387,0.7764316142622218,unanimous_remove
bluesky_bc95c635c8ffcaad29b0420a22571211e7d2b921f30667b7a34d2f0d0957835a,4,1,0.25,1.3570295485611104,3.3494593998086493,0.27072101768445367,0.5068029795233617,majority_keep
bluesky_bd1b3f38423daff93782ebb93af34115574ee8669c2cee232d678a1605079ea8,4,0,0.0,1.3570295485611104,3.3494593998086493,0.15586415564395867,0.19375829088398777,unanimous_keep
bluesky_bd732d8281dcca7b2ae87880551851569700a7397ee873a707f2625320ee27bc,3,1,0.3333333333333333,1.3570295485611104,3.3494593998086493,0.30584998750432507,0.5897241978876234,majority_keep
bluesky_bd8608344c654d06521b2c029233776372ebc50752e0fcfacb3b0be09c82683d,4,0,0.0,1.3570295485611104,3.3494593998086493,0.15586415564395867,0.19375829088398777,unanimous_keep
bluesky_beaec3b7b5b8850f36cba92662e60b375a6cb318f41458d0f4e95da901b855fe,4,1,0.25,1.3570295485611104,3.3494593998086493,0.27072101768445367,0.5068029795233617,majority_keep
bluesky_bef1fc3e9d0e44dd091e0ee02480737644f7e0e5373e0c8942df5a2c0b56916d,3,1,0.3333333333333333,1.3570295485611104,3.3494593998086493,0.30584998750432507,0.5897241978876234,majority_keep
bluesky_bf0c43c69c77104b50fda49a5a267b19ed153e817a614231335715d64513ee9c,3,1,0.3333333333333333,1.3570295485611104,3.3494593998086493,0.30584998750432507,0.5897241978876234,majority_keep
bluesky_bf5a1ecda14846d4e52603a9e3cd49e01c909a0482e45ca3a4222730fcc2f5ae,5,1,0.2,1.3570295485611104,3.3494593998086493,0.24283029230224198,0.42933012008301863,majority_keep
bluesky_bf6ebe41705cfe8ed3270686a5649fed5cb06c120128c71114072b1330bf3779,5,0,0.0,1.3570295485611104,3.3494593998086493,0.13980642802761636,0.15024769217992295,unanimous_keep
bluesky_bfdb5d8ca743bb6b82c59a70c532e8263aa842b31d2900440ff521f01fb8ab52,3,2,0.6666666666666666,1.3570295485611104,3.3494593998086493,0.4356107652981531,0.8211118630943426,majority_remove
bluesky_bfdee76d1d863b2605db80c58546497090586c6b891786cb6ce5e9e6b1e9da72,3,0,0.0,1.3570295485611104,3.3494593998086493,0.17608920971049702,0.24889425208860305,unanimous_keep
bluesky_bfede3099b4069900998832bd50876896ac03d1b4055c5cd22f1e800efa15ac8,3,0,0.0,1.3570295485611104,3.3494593998086493,0.17608920971049702,0.24889425208860305,unanimous_keep
bluesky_c0d887e7a0f2ae51575fd7f6c923123a8ba8e2e25523e062c8d2c8eccfe9e9de,3,2,0.6666666666666666,1.3570295485611104,3.3494593998086493,0.4356107652981531,0.8211118630943426,majority_remove
bluesky_c0dd67d5398f215e1e244d5b02584535a577725cac9ab63c123ea49ad5451402,3,1,0.3333333333333333,1.3570295485611104,3.3494593998086493,0.30584998750432507,0.5897241978876234,majority_keep
bluesky_c14c945bda715994b918c134116f0d965ff972482b9af6121bbd4df76825c237,3,2,0.6666666666666666,1.3570295485611104,3.3494593998086493,0.4356107652981531,0.8211118630943426,majority_remove
bluesky_c211d1d9d634166d2db04a0b2bb937d90d3526b6352b6885978dc5ce71f4b6dc,3,1,0.3333333333333333,1.3570295485611104,3.3494593998086493,0.30584998750432507,0.5897241978876234,majority_keep
bluesky_c276061e3fe93a0187eff3b2cb29a1ca8b69b222cb40379c0f511f34a34401b3,3,1,0.3333333333333333,1.3570295485611104,3.3494593998086493,0.30584998750432507,0.5897241978876234,majority_keep
bluesky_c2fb8bd61171a613ec8b323ab0ecce023598ea5f2ec0d7f2f93361314bb00e6e,3,0,0.0,1.3570295485611104,3.3494593998086493,0.17608920971049702,0.24889425208860305,unanimous_keep
bluesky_c31f3c779a7b9d1cf1ece35effecc0a028c053e777ffbe33441471f564f139eb,5,1,0.2,1.3570295485611104,3.3494593998086493,0.24283029230224198,0.42933012008301863,majority_keep
bluesky_c3b019e6e3b5113d7d1afbbb3c6f080748bfff4859d641aef9aae8d0c8d67324,4,0,0.0,1.3570295485611104,3.3494593998086493,0.15586415564395867,0.19375829088398777,unanimous_keep
bluesky_c3e99a12bbf37bb9954a771c290765d802cc145b8170cdad930893b1a63810c3,3,0,0.0,1.3570295485611104,3.3494593998086493,0.17608920971049702,0.24889425208860305,unanimous_keep
bluesky_c3f510d0a06abe2343808c311fd2d87bb31d56de96939d0c64a567d8b2be6b85,3,1,0.3333333333333333,1.3570295485611104,3.3494593998086493,0.30584998750432507,0.5897241978876234,majority_keep
bluesky_c45b0c79657b9b0aec7eb023605c3f07da70b5d215acb52a2f0bbcb2269646a4,4,2,0.5,1.3570295485611104,3.3494593998086493,0.38557787972494867,0.7779202155273284,tie
bluesky_c6587652c326f61977b08b2b07b0b634242400bc646bc16783e7d8f340d472af,9,4,0.4444444444444444,1.3570295485611104,3.3494593998086493,0.3908389353933176,0.859478444294711,majority_keep
bluesky_c6e9eacc08c78369e3034e4e1b13dafb5d815da57c9865a5e121206e040ed859,4,1,0.25,1.3570295485611104,3.3494593998086493,0.27072101768445367,0.5068029795233617,majority_keep
bluesky_c7102c0a8ab2440340f6e55106a0d23e57beea9d2147d2af428aa8ea2b41c2d0,6,2,0.3333333333333333,1.3570295485611104,3.3494593998086493,0.31355092829683195,0.6458901337489713,majority_keep
bluesky_c77010bfdda731862a5af73f54d2c0518750ecffe4944abcd3c80df1450776a0,3,0,0.0,1.3570295485611104,3.3494593998086493,0.17608920971049702,0.24889425208860305,unanimous_keep
bluesky_c7c0127624dba8b7f182bd94b38fe52eeb97aa36bb4c56dbf054566a6bfccf75,4,2,0.5,1.3570295485611104,3.3494593998086493,0.38557787972494867,0.7779202155273284,tie
bluesky_c7d0924d8265023632b4435c0c403e766baf619a87a3b0943bb07fe6a092dd9c,4,0,0.0,1.3570295485611104,3.3494593998086493,0.15586415564395867,0.19375829088398777,unanimous_keep
bluesky_c80c7bb29062e3dee2ae37347b57e8870457ab267803d724b9e75e3ba4b25d26,4,1,0.25,1.3570295485611104,3.3494593998086493,0.27072101768445367,0.5068029795233617,majority_keep
bluesky_c9837c1f2a0cbd65ed258c7c3b2618d0f27032ee5e731d428f52afc0653527d8,5,4,0.8,1.3570295485611104,3.3494593998086493,0.5519018851261189,0.8767611458907679,majority_remove
bluesky_c9aa923dd29dde8bb29459e4418ae12984964e8119277ae3ec27880e37b19ad9,3,0,0.0,1.3570295485611104,3.3494593998086493,0.17608920971049702,0.24889425208860305,unanimous_keep
bluesky_caa09a59610057bd3a52e3f82ea965dff6e37cd08159ccf7aef818ad7bdf4500,3,1,0.3333333333333333,1.3570295485611104,3.3494593998086493,0.30584998750432507,0.5897241978876234,majority_keep
bluesky_cb2dd33dd5bc110605cef98d5424fb4ccfeab18cd826f99452c960992c530a39,6,1,0.1666666666666666,1.3570295485611104,3.3494593998086493,0.22014962700914262,0.35987758399354103,majority_keep
bluesky_cb3274936898c18477e5e71ecde0d1d59665363831179942b35f03f5b4b703fc,4,0,0.0,1.3570295485611104,3.3494593998086493,0.15586415564395867,0.19375829088398777,unanimous_keep
bluesky_cb48a556e6f137c50ac043f07a3ab6ff4d7c55ef23e2850f06efdf846fc478a8,3,2,0.6666666666666666,1.3570295485611104,3.3494593998086493,0.4356107652981531,0.8211118630943426,majority_remove
bluesky_cb8a76a6f3e1b28435ce7b812611f8a460ebdba64038b7a4fbdae71fd9a8c3db,3,0,0.0,1.3570295485611104,3.3494593998086493,0.17608920971049702,0.24889425208860305,unanimous_keep
bluesky_cbbc707ac26d72a8afefa0ba5b6040b00f09ac40725f896f8da78cc1f02e18ed,3,0,0.0,1.3570295485611104,3.3494593998086493,0.17608920971049702,0.24889425208860305,unanimous_keep
bluesky_cbc5d5a8c6bc5242b43e56a4ea5e0f2016c7d9ac0a1ff4806b7df45bd730089a,3,0,0.0,1.3570295485611104,3.3494593998086493,0.17608920971049702,0.24889425208860305,unanimous_keep
bluesky_cc3d83a7c9aad1c7170262ab953a8a46e7033f9818b1483804ce50ad2c953456,5,0,0.0,1.3570295485611104,3.3494593998086493,0.13980642802761636,0.15024769217992295,unanimous_keep
bluesky_ccfeb629f73afe6c25221063f9074cde5aedcb5f3f9366966ddbb5db3f997fd3,5,0,0.0,1.3570295485611104,3.3494593998086493,0.13980642802761636,0.15024769217992295,unanimous_keep
bluesky_cd02b1b74c038bb4f89ab3a61bb157e15a271ec42035ea585c5fda6b3056e71e,4,1,0.25,1.3570295485611104,3.3494593998086493,0.27072101768445367,0.5068029795233617,majority_keep
bluesky_cd1729a309622dac0c1563d7b598a89b98e813bfa1db737155624c1879fc4b89,3,3,1.0,1.3570295485611104,3.3494593998086493,0.5653715430919811,0.8201728525283785,unanimous_remove
bluesky_cd39cca04343ce546169d8fb36104ca9e9514cdeed685bdcf20ce73c5bc94dbd,4,2,0.5,1.3570295485611104,3.3494593998086493,0.38557787972494867,0.7779202155273284,tie
bluesky_cd9ad6e8243693ea3590dc2647b947aa3a3f856d50e8f50c09bc3c68ce4e021a,3,1,0.3333333333333333,1.3570295485611104,3.3494593998086493,0.30584998750432507,0.5897241978876234,majority_keep
bluesky_cddf9e5298261aa11cdea9cf4911b8cc63fc559607d9fb04ebffafd58d15a060,6,0,0.0,1.3570295485611104,3.3494593998086493,0.1267483257214533,0.11616418362646559,unanimous_keep
bluesky_ce04f4455cd02508677e0ad39d0c43347c2f01540fdc382e3897a7781e2a2dc4,3,1,0.3333333333333333,1.3570295485611104,3.3494593998086493,0.30584998750432507,0.5897241978876234,majority_keep
bluesky_ce2d9470296eff80e4ad2ca1f122c8df6a6ff3318fc914f264c1d48fdd7b5795,3,0,0.0,1.3570295485611104,3.3494593998086493,0.17608920971049702,0.24889425208860305,unanimous_keep
bluesky_ce6824e6283639a9e057c514c39b68c210fb11d4a5e152b80943d205b38d070b,3,0,0.0,1.3570295485611104,3.3494593998086493,0.17608920971049702,0.24889425208860305,unanimous_keep
bluesky_cec1a4afb7aa129e06746d247374cdc01fff35db64e8fa2c1a8a6ac0e57e7b5d,3,1,0.3333333333333333,1.3570295485611104,3.3494593998086493,0.30584998750432507,0.5897241978876234,majority_keep
bluesky_cec3014922ddf2e8339cfd646e35877be8182ff427acc359aeb953f70ccd27e7,3,0,0.0,1.3570295485611104,3.3494593998086493,0.17608920971049702,0.24889425208860305,unanimous_keep
bluesky_cf3c30e87a47d8cb0825adac3e35c3bd5856a46569e327ebb1d8db195385daaa,5,1,0.2,1.3570295485611104,3.3494593998086493,0.24283029230224198,0.42933012008301863,majority_keep
bluesky_cf7cd5f0315b9207f194bd55e94f6da2ebd7e53b9133f5fc7fa93cabb33c70f4,3,0,0.0,1.3570295485611104,3.3494593998086493,0.17608920971049702,0.24889425208860305,unanimous_keep
bluesky_cfd97f28ccd90b795234a873eef857d5d127abb83dbba5ca315ea7376948fe4a,4,1,0.25,1.3570295485611104,3.3494593998086493,0.27072101768445367,0.5068029795233617,majority_keep
bluesky_cfdee1f1eb9ed781b6f22e8bffabd5e8c00f46efcab09e72ec67f511074c80de,3,0,0.0,1.3570295485611104,3.3494593998086493,0.17608920971049702,0.24889425208860305,unanimous_keep
bluesky_d010b92f8526cad0bf5a2e112fc1c0872370fdc8d5fddd685af419adab868680,9,5,0.5555555555555556,1.3570295485611104,3.3494593998086493,0.46379707979972584,0.9400337855593679,majority_remove
bluesky_d015e46a6bc30b9f88a4762e3d629b7c14d3a49e3823afa34146ff6d2838a9f8,3,1,0.3333333333333333,1.3570295485611104,3.3494593998086493,0.30584998750432507,0.5897241978876234,majority_keep
bluesky_d02341aa46653727c3e5e25f95a609850c61fee1dcd84a2e8bc8187a85c0f1d0,3,1,0.3333333333333333,1.3570295485611104,3.3494593998086493,0.30584998750432507,0.5897241978876234,majority_keep
bluesky_d048a3ad84eb4382ecc0c27ab31a6f68b2d3ac5090ea223b6f66e71aadbc5f43,3,0,0.0,1.3570295485611104,3.3494593998086493,0.17608920971049702,0.24889425208860305,unanimous_keep
bluesky_d04ea4dcd2dbdda0c8625c4b82a9fc270a227886965cc71c71dd67f3852cef0f,4,1,0.25,1.3570295485611104,3.3494593998086493,0.27072101768445367,0.5068029795233617,majority_keep
bluesky_d07547db8a3fd657945ab1ab4327387aad3deba04598378e137c562d7d2dd8a9,4,3,0.75,1.3570295485611104,3.3494593998086493,0.5004347417654437,0.877072144291462,majority_remove
bluesky_d0de9c918f6bbd98cddbed7d4808bf43c1e8476154ef90af58fd215f985abb4a,3,0,0.0,1.3570295485611104,3.3494593998086493,0.17608920971049702,0.24889425208860305,unanimous_keep
bluesky_d157b4f0c409a08f067a5f9c920f7680f4ae3a270f9b0b62494e8d6c48e34e41,3,0,0.0,1.3570295485611104,3.3494593998086493,0.17608920971049702,0.24889425208860305,unanimous_keep
bluesky_d158db145ad8082fe2cf16345310fc98cb7c5d3e3f52a8e4696b9b34bf477733,4,2,0.5,1.3570295485611104,3.3494593998086493,0.38557787972494867,0.7779202155273284,tie
bluesky_d195e00a2fc92abb5ef3ae31d5233607c043599e2197e34eadaa1767295b380b,3,3,1.0,1.3570295485611104,3.3494593998086493,0.5653715430919811,0.8201728525283785,unanimous_remove
bluesky_d1c9969e7332c3208f4a367936e8a63c4bc458dcdb71bfe42d16055368ea9ea4,3,0,0.0,1.3570295485611104,3.3494593998086493,0.17608920971049702,0.24889425208860305,unanimous_keep
bluesky_d21b7cd76d0ec039efcf00c8fd62826f9d9db317285dd00fa97fb38c8b0d1258,4,2,0.5,1.3570295485611104,3.3494593998086493,0.38557787972494867,0.7779202155273284,tie
bluesky_d25218f1d3d1640e8ecae1770c87fc654b2c5bb951bf647a3c30808bfa9c0c8f,3,1,0.3333333333333333,1.3570295485611104,3.3494593998086493,0.30584998750432507,0.5897241978876234,majority_keep
bluesky_d2744d820baf5aae0f22ef10242cd732b47ff300984f148a3418a03cb9180010,3,1,0.3333333333333333,1.3570295485611104,3.3494593998086493,0.30584998750432507,0.5897241978876234,majority_keep
bluesky_d29ce8c6d7ca1a6593f665fc04865648a3b66f36ec095422fdb47d3ab7e88b9d,3,0,0.0,1.3570295485611104,3.3494593998086493,0.17608920971049702,0.24889425208860305,unanimous_keep
bluesky_d300274fd0763fdb0ede19040c16dc00746a909b352ff1b8cfe5c0a4e1ee4b82,3,1,0.3333333333333333,1.3570295485611104,3.3494593998086493,0.30584998750432507,0.5897241978876234,majority_keep
bluesky_d381534ce8b5bb1c6995c98f826c8dc15785347ddefb4f3eb005325d1cff3cf1,3,0,0.0,1.3570295485611104,3.3494593998086493,0.17608920971049702,0.24889425208860305,unanimous_keep
bluesky_d3c47e32dc84c88b2fe2ffed46513729164539174d42304b617786016ece2829,3,1,0.3333333333333333,1.3570295485611104,3.3494593998086493,0.30584998750432507,0.5897241978876234,majority_keep
bluesky_d3f422c19f42437d74e79e0287bdb54692874ea80093a4c85a42cccebbf76ab3,5,0,0.0,1.3570295485611104,3.3494593998086493,0.13980642802761636,0.15024769217992295,unanimous_keep
bluesky_d42f8672c3f9546bee7782d62e65bd7506da74fd33e52c386bc7734f074dd045,3,0,0.0,1.3570295485611104,3.3494593998086493,0.17608920971049702,0.24889425208860305,unanimous_keep
bluesky_d4bbd52fbbd004d8f371aa4808b7d0ae169acc98023ac977cfa9f42836bdf084,3,0,0.0,1.3570295485611104,3.3494593998086493,0.17608920971049702,0.24889425208860305,unanimous_keep
bluesky_d63645525de3a40c0335100d3c6bff85a57514bb52b1ac96cc71ad16c9457ce3,4,1,0.25,1.3570295485611104,3.3494593998086493,0.27072101768445367,0.5068029795233617,majority_keep
bluesky_d667391bdba976a0c971e9d54139b82fc9f02aac6c01225685af8f3ff9c0f044,4,1,0.25,1.3570295485611104,3.3494593998086493,0.27072101768445367,0.5068029795233617,majority_keep
bluesky_d6c64afd044aaaf9a88a2b6e87de52ebe84e0518815f77806a7fdb24c7c0fd07,4,2,0.5,1.3570295485611104,3.3494593998086493,0.38557787972494867,0.7779202155273284,tie
bluesky_d70c524e04e30d1401a4471d3e46f7d01a700bbea6e8b458445700fb54510e94,3,0,0.0,1.3570295485611104,3.3494593998086493,0.17608920971049702,0.24889425208860305,unanimous_keep
bluesky_d73226e1cb24c5c3a9201d02951cf5959e2f6b49461b83354df802a6d5ac1eeb,3,1,0.3333333333333333,1.3570295485611104,3.3494593998086493,0.30584998750432507,0.5897241978876234,majority_keep
bluesky_d75824d64aa1b444ebc2cf1dfd8e439826a69b9b1e31bc3ad31dcf2b6b644ce0,3,1,0.3333333333333333,1.3570295485611104,3.3494593998086493,0.30584998750432507,0.5897241978876234,majority_keep
bluesky_d77e69aec8e28c535d84a7afb01a2593fa2bb86f95a4f7ca5983faa48bef70db,3,0,0.0,1.3570295485611104,3.3494593998086493,0.17608920971049702,0.24889425208860305,unanimous_keep
bluesky_d78b35f3f6fddbf83f1a994cbfc122897e5fe1f990c1f7a40a52af08095935c4,4,2,0.5,1.3570295485611104,3.3494593998086493,0.38557787972494867,0.7779202155273284,tie
bluesky_d7a60b9919205bcfbae619d560511aa642b8534221d9b5f0ba03bfbb7de6d1ba,5,1,0.2,1.3570295485611104,3.3494593998086493,0.24283029230224198,0.42933012008301863,majority_keep
bluesky_d7e5acabbb3bb5db5af368824365824be99cead6aa5353b26b24cc3022646492,3,1,0.3333333333333333,1.3570295485611104,3.3494593998086493,0.30584998750432507,0.5897241978876234,majority_keep
bluesky_d84b919bd5c7605c43df3eb1a63eec26484e41382cee6f5d30099b4d79a47102,3,0,0.0,1.3570295485611104,3.3494593998086493,0.17608920971049702,0.24889425208860305,unanimous_keep
bluesky_d899c75fec753c933fbc574ffc2fa05b75f537f60c5d83e0fa8136e7756db40b,4,1,0.25,1.3570295485611104,3.3494593998086493,0.27072101768445367,0.5068029795233617,majority_keep
bluesky_d8da82c14b6eddeeaaa9487b88432baf6098d6a27caff5041b0634817f1a38fa,6,1,0.1666666666666666,1.3570295485611104,3.3494593998086493,0.22014962700914262,0.35987758399354103,majority_keep
bluesky_d963b6e9de25f1276c4c93b21eb9555a27335fc9be44fc3c1eb1cf5c243653c8,3,0,0.0,1.3570295485611104,3.3494593998086493,0.17608920971049702,0.24889425208860305,unanimous_keep
bluesky_d99a16b9b43cb667a23e3305cd264eb6897535e5565dafde22b9b9b377c6d686,3,0,0.0,1.3570295485611104,3.3494593998086493,0.17608920971049702,0.24889425208860305,unanimous_keep
bluesky_d9d95be5567486dfefe4ed5be86d4539625e8e39c22c8d319ca652c84f8101df,3,0,0.0,1.3570295485611104,3.3494593998086493,0.17608920971049702,0.24889425208860305,unanimous_keep
bluesky_dab3d5b030ee912476010862f5353d5dec55425dfddfbff06c09ded1424ee862,3,0,0.0,1.3570295485611104,3.3494593998086493,0.17608920971049702,0.24889425208860305,unanimous_keep
bluesky_daf00ce273c8cb2cd3aa71906200cf89c40ae246304a3e6332a3f99fcb85670c,3,0,0.0,1.3570295485611104,3.3494593998086493,0.17608920971049702,0.24889425208860305,unanimous_keep
bluesky_db4d8ca86d7bbb91419ad89b3800c461d9f39edde9332639793bba1cd9195cef,4,0,0.0,1.3570295485611104,3.3494593998086493,0.15586415564395867,0.19375829088398777,unanimous_keep
bluesky_db5a486d9637a79df2c403e3b6085e2ff74028e4c7b95cf855a6a2f170f0e5aa,4,0,0.0,1.3570295485611104,3.3494593998086493,0.15586415564395867,0.19375829088398777,unanimous_keep
bluesky_db6ffde2da6ee9054ba420a4e9584b52f8d2889b47e857ca6ec7883888f68c4a,3,0,0.0,1.3570295485611104,3.3494593998086493,0.17608920971049702,0.24889425208860305,unanimous_keep
bluesky_db75ab534de2fb76553242ce78c9922ebfba0de76acc98b7351706e897988292,3,2,0.6666666666666666,1.3570295485611104,3.3494593998086493,0.4356107652981531,0.8211118630943426,majority_remove
bluesky_dc4e4df23e65844964f04797cda452d43ee788a3eec8a53ddac09dd5e5e91a35,7,2,0.2857142857142857,1.3570295485611104,3.3494593998086493,0.28676655856140437,0.575118950925259,majority_keep
bluesky_dcaafcacf4025fe4cfd69e1778a72662dc172c6614cc2bcf68e9d7f4100b4082,4,1,0.25,1.3570295485611104,3.3494593998086493,0.27072101768445367,0.5068029795233617,majority_keep
bluesky_dcaf56502a5ba6c609c804d2cd3613d87c018879837e9aa5852b7c74d5492628,4,0,0.0,1.3570295485611104,3.3494593998086493,0.15586415564395867,0.19375829088398777,unanimous_keep
bluesky_dcc71fd1c231e09a8cb848f49227babdeb6e1b3726a00588411ebb82f0db1a85,4,0,0.0,1.3570295485611104,3.3494593998086493,0.15586415564395867,0.19375829088398777,unanimous_keep
bluesky_dcfc0d8f71870f18dc62a68cea16aa71ed29a39deb247ee68d057cab322314ff,4,2,0.5,1.3570295485611104,3.3494593998086493,0.38557787972494867,0.7779202155273284,tie
bluesky_dd072fa80becb8a259f66113407493c1cceae13aa0ee29797af6b6d049a49dd4,4,0,0.0,1.3570295485611104,3.3494593998086493,0.15586415564395867,0.19375829088398777,unanimous_keep
bluesky_dd39babb61d442b0740aeda239e0df534be840b7b7ca205bc265c6048d0c6119,3,0,0.0,1.3570295485611104,3.3494593998086493,0.17608920971049702,0.24889425208860305,unanimous_keep
bluesky_dd8bf96d559fb0c3c1aa2f4affc0dd73ae07a651f80efb605434968b4730ff6d,3,0,0.0,1.3570295485611104,3.3494593998086493,0.17608920971049702,0.24889425208860305,unanimous_keep
bluesky_dda1d897b276c283c384e226560547ee9e3c2e1272e8e3f7eb26e96797e7a4a3,3,0,0.0,1.3570295485611104,3.3494593998086493,0.17608920971049702,0.24889425208860305,unanimous_keep
bluesky_ddbd68b836ba0d342f6509fc12951cb42694b4308f052ddf886e357238770ac4,3,1,0.3333333333333333,1.3570295485611104,3.3494593998086493,0.30584998750432507,0.5897241978876234,majority_keep
bluesky_de15c3dd8fafaf391a3023310d0b3302fcc546fba3aa13fbb34190d1b5dfa79c,5,2,0.4,1.3570295485611104,3.3494593998086493,0.34585415657686763,0.7155023565292364,majority_keep
bluesky_de52241308bd5ecba5a59747bf9469289fe8ed3200627ace1929cbe81395e09f,4,0,0.0,1.3570295485611104,3.3494593998086493,0.15586415564395867,0.19375829088398777,unanimous_keep
bluesky_de604fdeb4799a51c575a3ce291dc2429ff67f5e198dffa8ceef3a039a45b146,6,1,0.1666666666666666,1.3570295485611104,3.3494593998086493,0.22014962700914262,0.35987758399354103,majority_keep
bluesky_df56e2acf537e65ce4a9eefffce7b3c48aa76e95526717a20200c2fe4ebf30c5,3,2,0.6666666666666666,1.3570295485611104,3.3494593998086493,0.4356107652981531,0.8211118630943426,majority_remove
bluesky_df5aa21f474f6471e8e91e3742767a71119e536c9adfd5fc1f8bc8d3c85bb021,3,1,0.3333333333333333,1.3570295485611104,3.3494593998086493,0.30584998750432507,0.5897241978876234,majority_keep
bluesky_df87877bea4ed17338166cc674de9f541c1f7b6f3b0351f40b42d9b8496ce65c,3,0,0.0,1.3570295485611104,3.3494593998086493,0.17608920971049702,0.24889425208860305,unanimous_keep
bluesky_df898e6b891debba728a1e6f8a372d3c714ea0aad55bbbd369bd0e5101b50520,4,0,0.0,1.3570295485611104,3.3494593998086493,0.15586415564395867,0.19375829088398777,unanimous_keep
bluesky_dfb08c8b0467178086b73f7b79054d83d2193197f0c72ea240f1f282a6a3142a,7,3,0.4285714285714285,1.3570295485611104,3.3494593998086493,0.3721892676597852,0.800827684200982,majority_keep
bluesky_e02dd5c27bf0be172d0bd0ab28d4c945c8081d7786afb3b981d482f392a51f2c,3,0,0.0,1.3570295485611104,3.3494593998086493,0.17608920971049702,0.24889425208860305,unanimous_keep
bluesky_e144b5d3d89e2139fbd7dc2846659471eaf666f5951851012b283436db9fd4a8,3,0,0.0,1.3570295485611104,3.3494593998086493,0.17608920971049702,0.24889425208860305,unanimous_keep
bluesky_e293e0b6dc2343a15db676796bf85993c6afcb2428c7914e6e1264a00a83f4fb,3,0,0.0,1.3570295485611104,3.3494593998086493,0.17608920971049702,0.24889425208860305,unanimous_keep
bluesky_e33e77c87442bed068fac31f5ea7d6bafa6b245e7fe52329e4ee0969e85608f4,3,0,0.0,1.3570295485611104,3.3494593998086493,0.17608920971049702,0.24889425208860305,unanimous_keep
bluesky_e3a1694bd90f29c33ca874082d7c01ff8687ea137919b8fba50aaa36c8711fa7,4,0,0.0,1.3570295485611104,3.3494593998086493,0.15586415564395867,0.19375829088398777,unanimous_keep
bluesky_e3a27f7d4e5a9aab34be28e5f96c1ab5f456fdbb61b82b117a479426f41b9ade,4,0,0.0,1.3570295485611104,3.3494593998086493,0.15586415564395867,0.19375829088398777,unanimous_keep
bluesky_e3aab6e7482febf5e1d18a28737740104a60c80577d3847384c6a061563f3104,3,0,0.0,1.3570295485611104,3.3494593998086493,0.17608920971049702,0.24889425208860305,unanimous_keep
bluesky_e47f449ca615b63511739465168871f80ced3d729d85f6054fac5871e904e928,3,0,0.0,1.3570295485611104,3.3494593998086493,0.17608920971049702,0.24889425208860305,unanimous_keep
bluesky_e4cff671825cb99db2c4a4a13a62fd04ab112adda63eae33612b69cc50bba735,7,3,0.4285714285714285,1.3570295485611104,3.3494593998086493,0.3721892676597852,0.800827684200982,majority_keep
bluesky_e4d48954b1178a3d3bb6caeeb97b9901887107d266e02d1b10f2f42b657c5e5b,3,0,0.0,1.3570295485611104,3.3494593998086493,0.17608920971049702,0.24889425208860305,unanimous_keep
bluesky_e571d8f207eb4406464cb173c50e0311ae93d2341ef6b5652d60d27d955d7903,3,1,0.3333333333333333,1.3570295485611104,3.3494593998086493,0.30584998750432507,0.5897241978876234,majority_keep
bluesky_e59e17df9d4d66e9810c96f1e691f541746428ce25112739ef4b3044af707eb5,3,0,0.0,1.3570295485611104,3.3494593998086493,0.17608920971049702,0.24889425208860305,unanimous_keep
bluesky_e5bef58101753b31862967efcd732e150d4a6b1afc2f91d365acb318ba66db40,5,2,0.4,1.3570295485611104,3.3494593998086493,0.34585415657686763,0.7155023565292364,majority_keep
bluesky_e603d584fe92320092eaa9780404cffe4f7e4ce36ece56b740a8b33d33d735b4,3,3,1.0,1.3570295485611104,3.3494593998086493,0.5653715430919811,0.8201728525283785,unanimous_remove
bluesky_e64f8f7d661ba3950c8d305f38f337c55ab469f875b447970cb105669c86dfe9,4,2,0.5,1.3570295485611104,3.3494593998086493,0.38557787972494867,0.7779202155273284,tie
bluesky_e683842760ed3d397802586259918be46894ec2e74e3840e03a575a0c589f4a1,3,1,0.3333333333333333,1.3570295485611104,3.3494593998086493,0.30584998750432507,0.5897241978876234,majority_keep
bluesky_e699e26656ff43b20e7730b4ddf77714733b9bbed93bd4f414f91a1440177071,4,0,0.0,1.3570295485611104,3.3494593998086493,0.15586415564395867,0.19375829088398777,unanimous_keep
bluesky_e72ad5a986355d87a9ad1a7577b3011e0c636056e1c1d863852924ad4857b6e0,8,0,0.0,1.3570295485611104,3.3494593998086493,0.10679815282373634,0.06897003715873785,unanimous_keep
bluesky_e75ba727bdb4dcd84bd5b3992fbf8d15eeb44757511fa20160ed9155205b4020,5,2,0.4,1.3570295485611104,3.3494593998086493,0.34585415657686763,0.7155023565292364,majority_keep
bluesky_e7732cc74f040d8d6eb6f0e3a900fd597c3b012d55abf6551d949c1e0e6f96d8,5,2,0.4,1.3570295485611104,3.3494593998086493,0.34585415657686763,0.7155023565292364,majority_keep
bluesky_e7ea19befe88babc664285fc88f0cf5f91550f54e512f98873fe6ba89cbb8ffe,6,4,0.6666666666666666,1.3570295485611104,3.3494593998086493,0.5003535308722106,0.9144837987662224,majority_remove
bluesky_e7f2b59806b965d9d00351c40f385155ade6a71148fb77c9bd5e38a2dd921c45,3,1,0.3333333333333333,1.3570295485611104,3.3494593998086493,0.30584998750432507,0.5897241978876234,majority_keep
bluesky_e81b02f5b73c2eda595362945610fa1a174b1a38e3915cafe9882fce352a7aba,3,0,0.0,1.3570295485611104,3.3494593998086493,0.17608920971049702,0.24889425208860305,unanimous_keep
bluesky_e840b8d8284e554fd01caeda6679240bac956a1fccc6eab9cceb5561ee9e17b0,3,2,0.6666666666666666,1.3570295485611104,3.3494593998086493,0.4356107652981531,0.8211118630943426,majority_remove
bluesky_e8455ba43c0a2215ae0e4ed47969f0864902aa0d878eb3bc4a58a36bcdfa755d,3,0,0.0,1.3570295485611104,3.3494593998086493,0.17608920971049702,0.24889425208860305,unanimous_keep
bluesky_e8b06a64b1db94022c90d4f786d8298b97a4c3b22e090d17eeda2118ae4fa78a,3,0,0.0,1.3570295485611104,3.3494593998086493,0.17608920971049702,0.24889425208860305,unanimous_keep
bluesky_e920f71053cfaf8777f9f550c33255d311e0d4b225d1b3dc075aaaf9eebf03e6,3,1,0.3333333333333333,1.3570295485611104,3.3494593998086493,0.30584998750432507,0.5897241978876234,majority_keep
bluesky_e92f7d78b728d6c1d25d44face7af72f735deb531a176dbb171615d9a6719626,3,1,0.3333333333333333,1.3570295485611104,3.3494593998086493,0.30584998750432507,0.5897241978876234,majority_keep
bluesky_e9863207c26c747ac411e02c6c4f1add57e94328d7198b9ef1336cd18fe4450f,5,1,0.2,1.3570295485611104,3.3494593998086493,0.24283029230224198,0.42933012008301863,majority_keep
bluesky_e9f5163161f0bd15c8445979cd63d3295301e85f731959396d1fd411c0046ea4,3,0,0.0,1.3570295485611104,3.3494593998086493,0.17608920971049702,0.24889425208860305,unanimous_keep
bluesky_ea0c5c3454996e80e1c3e91198db56063a634cb1d708b37e2c80b39b582a9f6d,3,1,0.3333333333333333,1.3570295485611104,3.3494593998086493,0.30584998750432507,0.5897241978876234,majority_keep
bluesky_ea5c90a05f7dcb41339bdf201c404f268b53b31f862de1e09d5b136171f9ae87,3,0,0.0,1.3570295485611104,3.3494593998086493,0.17608920971049702,0.24889425208860305,unanimous_keep
bluesky_ea5db60b76a87c6239e417b6ec4e2b39a6fb5344d253407de1c79ad5b469a063,6,1,0.1666666666666666,1.3570295485611104,3.3494593998086493,0.22014962700914262,0.35987758399354103,majority_keep
bluesky_ea856a11b257ee65b1872962ab42132588ab1c177c940bad567f5430dfc8d1a9,4,1,0.25,1.3570295485611104,3.3494593998086493,0.27072101768445367,0.5068029795233617,majority_keep
bluesky_eaca8666c828b12f72d5bc57492c13d3b387f9616bf52bd8e6566b9bfd6a1785,5,0,0.0,1.3570295485611104,3.3494593998086493,0.13980642802761636,0.15024769217992295,unanimous_keep
bluesky_eacb2c3637ec8f777e2d0d6ab7d0434d440c51f5677edc44b8efcc88ca12bd1b,5,0,0.0,1.3570295485611104,3.3494593998086493,0.13980642802761636,0.15024769217992295,unanimous_keep
bluesky_eb4df340933bc2fa724b14158c9d423e9dcf62d0d4b77d9f84f569bc1e15da08,3,1,0.3333333333333333,1.3570295485611104,3.3494593998086493,0.30584998750432507,0.5897241978876234,majority_keep
bluesky_ebe1bac9d7a9764fc78e58a986c1f2174514a149d896438a9d3bdbc868a73f32,3,3,1.0,1.3570295485611104,3.3494593998086493,0.5653715430919811,0.8201728525283785,unanimous_remove
bluesky_ec13ad9ea1c2ffb77b4d288db8d42d1c87eb6fcd7a02900ce0fdd6bf3df6a68c,9,4,0.4444444444444444,1.3570295485611104,3.3494593998086493,0.3908389353933176,0.859478444294711,majority_keep
bluesky_ec63bacacd836c655a85f73b246aaa743119b53aaaaaea675ffd34dc20acb193,3,0,0.0,1.3570295485611104,3.3494593998086493,0.17608920971049702,0.24889425208860305,unanimous_keep
bluesky_ecab0854a3260f2b7e1f401a8ba82baa858d6c1f4e6473d6c31aa2c206f293cd,4,1,0.25,1.3570295485611104,3.3494593998086493,0.27072101768445367,0.5068029795233617,majority_keep
bluesky_ecdad0147f04141f5d86677cf9522debd61ed2430460ab185ad9593f6f32a82b,5,1,0.2,1.3570295485611104,3.3494593998086493,0.24283029230224198,0.42933012008301863,majority_keep
bluesky_edc2ddea37b276f3e982074bf6b45101ad4364a4855f3e30308b139e1d5a3549,4,0,0.0,1.3570295485611104,3.3494593998086493,0.15586415564395867,0.19375829088398777,unanimous_keep
bluesky_ede42f4bddbbfe661cf0c9684972a8a5d64809769f62eac3a4098b95a91fb345,4,2,0.5,1.3570295485611104,3.3494593998086493,0.38557787972494867,0.7779202155273284,tie
bluesky_ee1226ee41d7911e6f616d328e6d37d62c5fed4d6e4d268caaf36e61f761a957,3,0,0.0,1.3570295485611104,3.3494593998086493,0.17608920971049702,0.24889425208860305,unanimous_keep
bluesky_ee871c25ac3d362a9ce6411d6e6cb1286251e410abaa16837b23563a9e19f040,6,0,0.0,1.3570295485611104,3.3494593998086493,0.1267483257214533,0.11616418362646559,unanimous_keep
bluesky_eef8f858c92cebadc02a2ee8057cffd9ec57e0c4d56bcd0a3a2a14c3e2fdf66a,3,1,0.3333333333333333,1.3570295485611104,3.3494593998086493,0.30584998750432507,0.5897241978876234,majority_keep
bluesky_eefde550e6b4e0c969f7053ba7850d860483679787e2ad7bd6218700e6b4dc99,3,0,0.0,1.3570295485611104,3.3494593998086493,0.17608920971049702,0.24889425208860305,unanimous_keep
bluesky_ef44226845025e7f9891d084ce47114511d04d528c140580d76db6ad5e8c3a40,3,0,0.0,1.3570295485611104,3.3494593998086493,0.17608920971049702,0.24889425208860305,unanimous_keep
bluesky_ef47bcd415f8d57e196ac0c78742b66a747848f88303e14751ac96ec6ac9d0aa,5,0,0.0,1.3570295485611104,3.3494593998086493,0.13980642802761636,0.15024769217992295,unanimous_keep
bluesky_ef595919d0d73cf9fca931bc173521fccbf0e0094afaa64e8cff862c8ec7daf3,3,1,0.3333333333333333,1.3570295485611104,3.3494593998086493,0.30584998750432507,0.5897241978876234,majority_keep
bluesky_f0b16a38b352e6f1ffa704f0482d4546acd40385f57c78876e7ccd169d8a4570,6,1,0.1666666666666666,1.3570295485611104,3.3494593998086493,0.22014962700914262,0.35987758399354103,majority_keep
bluesky_f0d3eb82a94433636c003fb366f6d26fcdc42390ddb037910c31bc359bc76338,4,0,0.0,1.3570295485611104,3.3494593998086493,0.15586415564395867,0.19375829088398777,unanimous_keep
bluesky_f0e0021b15ebd8565ce0d7181d52b8834e7c9b759380acf680fd776ff7eaf0b4,4,1,0.25,1.3570295485611104,3.3494593998086493,0.27072101768445367,0.5068029795233617,majority_keep
bluesky_f0f86f0e07ba6953ee1e3d9c7c102317353f9a420a8c3ec931623ec73a018046,3,0,0.0,1.3570295485611104,3.3494593998086493,0.17608920971049702,0.24889425208860305,unanimous_keep
bluesky_f10c1ef32aaab531e48b97a1b85475f19d145e7b32137d04f63106707d0052a3,3,1,0.3333333333333333,1.3570295485611104,3.3494593998086493,0.30584998750432507,0.5897241978876234,majority_keep
bluesky_f1d1cda2371c1aacbb2d9d6ed3e057a655349134207ed6ba75c77107911cfcde,3,0,0.0,1.3570295485611104,3.3494593998086493,0.17608920971049702,0.24889425208860305,unanimous_keep
bluesky_f214abc785460e7e4e082b3cee565dbe434429120cb5635b36f90f84595ed6f0,3,0,0.0,1.3570295485611104,3.3494593998086493,0.17608920971049702,0.24889425208860305,unanimous_keep
bluesky_f21c0380f4503b13e766c3aec36e3c85057ebcf2cfc3e2c73e7c35092f6a2108,5,0,0.0,1.3570295485611104,3.3494593998086493,0.13980642802761636,0.15024769217992295,unanimous_keep
bluesky_f22ebd98450434f42ff73810e488e5f77b8f1f606cc7b7a8d9427e53caaafcc9,3,1,0.3333333333333333,1.3570295485611104,3.3494593998086493,0.30584998750432507,0.5897241978876234,majority_keep
bluesky_f269ab42bf5ef060397909cdcd773111e1720e2e8671bdd95d6a98428c3a8724,8,0,0.0,1.3570295485611104,3.3494593998086493,0.10679815282373634,0.06897003715873785,unanimous_keep
bluesky_f2d7a5c354662b753f31dac781f7e5cf52d5fa07cbb6002ab4bdc8ac4c95eb40,4,1,0.25,1.3570295485611104,3.3494593998086493,0.27072101768445367,0.5068029795233617,majority_keep
bluesky_f2e28fc96e899d7c0de8591945ec8d0d40cca429f92dba8d0cbbcb309cc3e2e9,3,2,0.6666666666666666,1.3570295485611104,3.3494593998086493,0.4356107652981531,0.8211118630943426,majority_remove
bluesky_f304fa236802d5f63b34ad3a292d2f398aea8644d098dc34b62b1a735533f15e,7,0,0.0,1.3570295485611104,3.3494593998086493,0.11592114036464278,0.08959845962246542,unanimous_keep
bluesky_f356f222f61ddfdd1c6294ba34a5d5ca43e1dfd8ae5eac69c2e0f92d7a746465,4,1,0.25,1.3570295485611104,3.3494593998086493,0.27072101768445367,0.5068029795233617,majority_keep
bluesky_f3be1180df4ff2f2b104148f214f94a5f184a3be1a9b8c1d99d007b832124d35,3,1,0.3333333333333333,1.3570295485611104,3.3494593998086493,0.30584998750432507,0.5897241978876234,majority_keep
bluesky_f3e17c208202ba4824f4c8770e6628e0fe214f494f6829e24ee02eeeab28d791,3,1,0.3333333333333333,1.3570295485611104,3.3494593998086493,0.30584998750432507,0.5897241978876234,majority_keep
bluesky_f3ee3796b2a734f0dae863a9e5ef2fcfaca8c6e5e0d1af4169113bf09a3b98d1,3,1,0.3333333333333333,1.3570295485611104,3.3494593998086493,0.30584998750432507,0.5897241978876234,majority_keep
bluesky_f465ec103c0ef4e2a6ef97378e86e4b6f27b4acf68b6ad125bca1eaafa57e407,3,0,0.0,1.3570295485611104,3.3494593998086493,0.17608920971049702,0.24889425208860305,unanimous_keep
bluesky_f53195216fdf341f713bfd07a36d74e0775496138e75419b62760eea61831d0f,4,1,0.25,1.3570295485611104,3.3494593998086493,0.27072101768445367,0.5068029795233617,majority_keep
bluesky_f53ff14293cadca19de5d639a25a8b87395713c147881e8c98d14f599f35a906,4,2,0.5,1.3570295485611104,3.3494593998086493,0.38557787972494867,0.7779202155273284,tie
bluesky_f56c4469482c088f581536f8e6c57aa4598703acffd586d4e2aedd38b944b13c,3,0,0.0,1.3570295485611104,3.3494593998086493,0.17608920971049702,0.24889425208860305,unanimous_keep
bluesky_f5811a60bab59f60aaabcf4b96297fe9dafc060ad72cfb4c5a1ad3bf37ca4e32,4,0,0.0,1.3570295485611104,3.3494593998086493,0.15586415564395867,0.19375829088398777,unanimous_keep
bluesky_f59bc508b232015b6239cb9e21d8188c63a3fc8eb45c298cee57d733ebd19799,3,2,0.6666666666666666,1.3570295485611104,3.3494593998086493,0.4356107652981531,0.8211118630943426,majority_remove
bluesky_f5b575b45a0c9dea6303e0abacf595b40831b7705c009dd6f613a085ffe3ed9a,3,0,0.0,1.3570295485611104,3.3494593998086493,0.17608920971049702,0.24889425208860305,unanimous_keep
bluesky_f62e3831402eb1d40fc1829c33f53653f03798d79bbbeb42dc16d520161a73d5,5,1,0.2,1.3570295485611104,3.3494593998086493,0.24283029230224198,0.42933012008301863,majority_keep
bluesky_f66b32bbbbf4305fbed366752aef789988c8e27641b42573061f8d3d4a1ce37b,3,1,0.3333333333333333,1.3570295485611104,3.3494593998086493,0.30584998750432507,0.5897241978876234,majority_keep
bluesky_f679b175528704380ca579f8c5d28fd32a72ac82c6dca1a6f82a2e5aa7cf7b19,9,3,0.3333333333333333,1.3570295485611104,3.3494593998086493,0.3178807909869093,0.6866666354255273,majority_keep
bluesky_f6c10a90f9c9b849dea52ab02d5f942b27a6cec030fe483b94858105ab1b2fd6,4,2,0.5,1.3570295485611104,3.3494593998086493,0.38557787972494867,0.7779202155273284,tie
bluesky_f74c9f754b2dafd2c5e4f7134f8ba93ca0daa9a7f02c65ac139cebab662eccbe,4,3,0.75,1.3570295485611104,3.3494593998086493,0.5004347417654437,0.877072144291462,majority_remove
bluesky_f75e33d000b2e52b9625e7825a0d3469590f37e6129152b8a16b76502d96c2c5,3,1,0.3333333333333333,1.3570295485611104,3.3494593998086493,0.30584998750432507,0.5897241978876234,majority_keep
bluesky_f76b9e1032a428942eab4cab768ae6fc1214e65525900c9f8b52a601571fa3ac,3,2,0.6666666666666666,1.3570295485611104,3.3494593998086493,0.4356107652981531,0.8211118630943426,majority_remove
bluesky_f7d3a598708dea13963464cd38159f8c93e4adbe190ee8366c702e562d364eb5,3,0,0.0,1.3570295485611104,3.3494593998086493,0.17608920971049702,0.24889425208860305,unanimous_keep
bluesky_f800acb8cd2f36154190f0af3a38a15fda26beb6416a5a63e8cd5431185859e4,3,1,0.3333333333333333,1.3570295485611104,3.3494593998086493,0.30584998750432507,0.5897241978876234,majority_keep
bluesky_f907606f4e5710eb7a578ec6a7154fb5b3a45cbfd724fa8aa8f4635c91c1a04d,3,0,0.0,1.3570295485611104,3.3494593998086493,0.17608920971049702,0.24889425208860305,unanimous_keep
bluesky_f9e369b48c278bfafcaa3802bbe247f0ed7c86a00560179435ebc453a471800e,7,2,0.2857142857142857,1.3570295485611104,3.3494593998086493,0.28676655856140437,0.575118950925259,majority_keep
bluesky_f9e4130000316faa81e1f1615ef9dd8ce3720749ed8e3930bf7b3ce0a9dcada2,4,1,0.25,1.3570295485611104,3.3494593998086493,0.27072101768445367,0.5068029795233617,majority_keep
bluesky_fa4d97b300297dc11e3bc74f40f994fa9b8e1932999d8f60e024db19d8a8f598,4,1,0.25,1.3570295485611104,3.3494593998086493,0.27072101768445367,0.5068029795233617,majority_keep
bluesky_fb203f9adc685cb5ad051d5d1684078a84c96137e7c11fcd5dd33e97406808b2,4,1,0.25,1.3570295485611104,3.3494593998086493,0.27072101768445367,0.5068029795233617,majority_keep
bluesky_fb471e82c1f9351a7e30ddf3a10e9dd79e4c1e1f85b2497c0868035a9c7d4297,4,0,0.0,1.3570295485611104,3.3494593998086493,0.15586415564395867,0.19375829088398777,unanimous_keep
bluesky_fb5e78b48d778b3d383f9bd35a5a397230fc33de09e62455f2450e776ac2fb49,4,3,0.75,1.3570295485611104,3.3494593998086493,0.5004347417654437,0.877072144291462,majority_remove
bluesky_fb66acccd268ea732293cb0d5d0fea684b52f74e8e0df2d3cce51de56cdb98fe,4,0,0.0,1.3570295485611104,3.3494593998086493,0.15586415564395867,0.19375829088398777,unanimous_keep
bluesky_fc74f1f7945d267e51225db998c1bcfb80c68e42ead0328b53500f5c158a71a0,3,0,0.0,1.3570295485611104,3.3494593998086493,0.17608920971049702,0.24889425208860305,unanimous_keep
bluesky_fc9da11d6a9dae2c2f4277d0253712696a710540c73488dad90e6c834fcee2a8,5,2,0.4,1.3570295485611104,3.3494593998086493,0.34585415657686763,0.7155023565292364,majority_keep
bluesky_fca4e159fa6e244d675e57a0b914050c1f4196a93c4eb7cdcfe55df3d091ff71,6,1,0.1666666666666666,1.3570295485611104,3.3494593998086493,0.22014962700914262,0.35987758399354103,majority_keep
bluesky_fea83dca5a2d111cca09de05b5c045519cd1f5e3b78be9c4ce4857cc92af3adc,3,1,0.3333333333333333,1.3570295485611104,3.3494593998086493,0.30584998750432507,0.5897241978876234,majority_keep
bluesky_fec21c50c5d43a9fa639c803fa0c3358341c6a3ac843538f2d1429feaa2f8c3c,3,2,0.6666666666666666,1.3570295485611104,3.3494593998086493,0.4356107652981531,0.8211118630943426,majority_remove
bluesky_ff18ee1059ec2ce9253a7349cc17635f9e520b8989aed182a6735f8fe70d1776,4,1,0.25,1.3570295485611104,3.3494593998086493,0.27072101768445367,0.5068029795233617,majority_keep
bluesky_ff75e1b6e6448ecff08c27fe152682dd9b85133eab7fecf770b1ccfc982eecb6,4,0,0.0,1.3570295485611104,3.3494593998086493,0.15586415564395867,0.19375829088398777,unanimous_keep
bluesky_ff7741b33607c9d93fbc8e8f552f4c0be4ce76455859caf01a67e98f54c421c6,3,0,0.0,1.3570295485611104,3.3494593998086493,0.17608920971049702,0.24889425208860305,unanimous_keep
bluesky_ffc6692996da15563030d9c502ab9c083ee67fb9c2ae3ebf4e364c0032216ab0,3,0,0.0,1.3570295485611104,3.3494593998086493,0.17608920971049702,0.24889425208860305,unanimous_keep
bluesky_ffeb2aba50fe1682ae8ef8e6368fe0a30fed629ccfd7ea87decccdba4c0e2f5c,4,0,0.0,1.3570295485611104,3.3494593998086493,0.15586415564395867,0.19375829088398777,unanimous_keep
bluesky_fff4f5de08bb09ed6b1579733970adebd5e8c1349a650f363f6329e52feadeca,6,2,0.3333333333333333,1.3570295485611104,3.3494593998086493,0.31355092829683195,0.6458901337489713,majority_keep
reddit_1ic7ftb_mvsyylk,4,0,0.0,1.3570295485611104,3.3494593998086493,0.15586415564395867,0.19375829088398777,unanimous_keep
reddit_1iv52hs_mzvwpva,6,3,0.5,1.3570295485611104,3.3494593998086493,0.40695222958452126,0.8471663696105847,tie
reddit_1ivhii3_mtm3tcv,7,6,0.8571428571428571,1.3570295485611104,3.3494593998086493,0.6284573949549277,0.7995129736991937,majority_remove
reddit_1kbqve2_mpywr4u,5,5,1.0,1.3570295485611104,3.3494593998086493,0.6549257494007446,0.71370101147531,unanimous_remove
reddit_1kbsrmm_mpyar59,3,1,0.3333333333333333,1.3570295485611104,3.3494593998086493,0.30584998750432507,0.5897241978876234,majority_keep
reddit_1kbtl03_mpyu8h0,6,5,0.8333333333333334,1.3570295485611104,3.3494593998086493,0.5937548321598999,0.8461335106224761,majority_remove
reddit_1kbza1m_mpzb0wf,7,2,0.2857142857142857,1.3570295485611104,3.3494593998086493,0.28676655856140437,0.575118950925259,majority_keep
reddit_1kc0109_mpz1fdv,8,2,0.25,1.3570295485611104,3.3494593998086493,0.2641980457545525,0.5064443519420101,majority_keep
reddit_1kc1dne_mpz59f4,8,2,0.25,1.3570295485611104,3.3494593998086493,0.2641980457545525,0.5064443519420101,majority_keep
reddit_1kc5vjr_mq0onuk,4,1,0.25,1.3570295485611104,3.3494593998086493,0.27072101768445367,0.5068029795233617,majority_keep
reddit_1kc5vjr_mq49xzz,7,4,0.5714285714285714,1.3570295485611104,3.3494593998086493,0.45761197675816606,0.9146953129812244,majority_remove
reddit_1kc6dti_mq103lq,4,1,0.25,1.3570295485611104,3.3494593998086493,0.27072101768445367,0.5068029795233617,majority_keep
reddit_1kc6k0f_mq2rhmp,3,0,0.0,1.3570295485611104,3.3494593998086493,0.17608920971049702,0.24889425208860305,unanimous_keep
reddit_1kccd08_mq25puz,8,5,0.625,1.3570295485611104,3.3494593998086493,0.5002978851507769,0.9398878458071548,majority_remove
reddit_1kce10r_mq1x36z,3,2,0.6666666666666666,1.3570295485611104,3.3494593998086493,0.4356107652981531,0.8211118630943426,majority_remove
reddit_1kchwvg_mq4usow,5,2,0.4,1.3570295485611104,3.3494593998086493,0.34585415657686763,0.7155023565292364,majority_keep
reddit_1kcjvfv_mq4alrl,3,0,0.0,1.3570295485611104,3.3494593998086493,0.17608920971049702,0.24889425208860305,unanimous_keep
reddit_1kclz6v_mq6ew13,3,1,0.3333333333333333,1.3570295485611104,3.3494593998086493,0.30584998750432507,0.5897241978876234,majority_keep
reddit_1kcm2gn_mq6bfl7,3,2,0.6666666666666666,1.3570295485611104,3.3494593998086493,0.4356107652981531,0.8211118630943426,majority_remove
reddit_1kcqkoy_mq5biu3,5,4,0.8,1.3570295485611104,3.3494593998086493,0.5519018851261189,0.8767611458907679,majority_remove
reddit_1kcx4ed_mqhjkzd,6,1,0.1666666666666666,1.3570295485611104,3.3494593998086493,0.22014962700914262,0.35987758399354103,majority_keep
reddit_1kcy0mu_mq6vxp3,3,2,0.6666666666666666,1.3570295485611104,3.3494593998086493,0.4356107652981531,0.8211118630943426,majority_remove
reddit_1kcy0mu_mq7510q,3,1,0.3333333333333333,1.3570295485611104,3.3494593998086493,0.30584998750432507,0.5897241978876234,majority_keep
reddit_1kcy0mu_mqan3r2,4,1,0.25,1.3570295485611104,3.3494593998086493,0.27072101768445367,0.5068029795233617,majority_keep
reddit_1kd0y99_mq7cxbn,11,8,0.7272727272727273,1.3570295485611104,3.3494593998086493,0.5957429174221852,0.8995441549507543,majority_remove
reddit_1kd2e74_mq7rldq,3,2,0.6666666666666666,1.3570295485611104,3.3494593998086493,0.4356107652981531,0.8211118630943426,majority_remove
reddit_1kd63h5_mqawmhf,8,5,0.625,1.3570295485611104,3.3494593998086493,0.5002978851507769,0.9398878458071548,majority_remove
reddit_1kd68tv_mqdvza2,3,3,1.0,1.3570295485611104,3.3494593998086493,0.5653715430919811,0.8201728525283785,unanimous_remove
reddit_1kd8gaz_mqaf7bv,4,4,1.0,1.3570295485611104,3.3494593998086493,0.6152916038059387,0.7764316142622218,unanimous_remove
reddit_1kd99ys_mq93r79,6,4,0.6666666666666666,1.3570295485611104,3.3494593998086493,0.5003535308722106,0.9144837987662224,majority_remove
reddit_1kdb50w_mq9m82g,3,1,0.3333333333333333,1.3570295485611104,3.3494593998086493,0.30584998750432507,0.5897241978876234,majority_keep
reddit_1kdhcse_mqd48za,6,4,0.6666666666666666,1.3570295485611104,3.3494593998086493,0.5003535308722106,0.9144837987662224,majority_remove
reddit_1kdjdbr_mqbg7ah,4,1,0.25,1.3570295485611104,3.3494593998086493,0.27072101768445367,0.5068029795233617,majority_keep
reddit_1kdjsrv_mqbgose,4,2,0.5,1.3570295485611104,3.3494593998086493,0.38557787972494867,0.7779202155273284,tie
reddit_1kdkguy_mqdbhtr,4,4,1.0,1.3570295485611104,3.3494593998086493,0.6152916038059387,0.7764316142622218,unanimous_remove
reddit_1kdsslc_mqn7ysp,3,3,1.0,1.3570295485611104,3.3494593998086493,0.5653715430919811,0.8201728525283785,unanimous_remove
reddit_1kdtw54_mqdqgjd,3,1,0.3333333333333333,1.3570295485611104,3.3494593998086493,0.30584998750432507,0.5897241978876234,majority_keep
reddit_1kdu3ja_mqdt8oa,4,2,0.5,1.3570295485611104,3.3494593998086493,0.38557787972494867,0.7779202155273284,tie
reddit_1kduyqe_mqefpvx,6,2,0.3333333333333333,1.3570295485611104,3.3494593998086493,0.31355092829683195,0.6458901337489713,majority_keep
reddit_1ke0sk6_mqgra5h,3,1,0.3333333333333333,1.3570295485611104,3.3494593998086493,0.30584998750432507,0.5897241978876234,majority_keep
reddit_1ke1hwf_mqiwyr3,10,6,0.6,1.3570295485611104,3.3494593998086493,0.5002573744412768,0.9574179609874621,majority_remove
reddit_1kea4ww_mqhf6as,6,4,0.6666666666666666,1.3570295485611104,3.3494593998086493,0.5003535308722106,0.9144837987662224,majority_remove
reddit_1keheq3_mqkxm08,5,1,0.2,1.3570295485611104,3.3494593998086493,0.24283029230224198,0.42933012008301863,majority_keep
reddit_1keheq3_mqn35ai,7,3,0.4285714285714285,1.3570295485611104,3.3494593998086493,0.3721892676597852,0.800827684200982,majority_keep
reddit_1kejgoy_mql3nzg,12,5,0.4166666666666667,1.3570295485611104,3.3494593998086493,0.38051260011646176,0.8685558660259782,majority_keep
reddit_1keltha_mqjof04,4,2,0.5,1.3570295485611104,3.3494593998086493,0.38557787972494867,0.7779202155273284,tie
reddit_1keniyy_mqk37z5,6,2,0.3333333333333333,1.3570295485611104,3.3494593998086493,0.31355092829683195,0.6458901337489713,majority_keep
reddit_1kerfht_mqljaxk,3,2,0.6666666666666666,1.3570295485611104,3.3494593998086493,0.4356107652981531,0.8211118630943426,majority_remove
reddit_1kerfxk_mqmhx74,10,3,0.3,1.3570295485611104,3.3494593998086493,0.2962657887859831,0.6257229803519038,majority_keep
reddit_1kesocd_mqmbypd,3,1,0.3333333333333333,1.3570295485611104,3.3494593998086493,0.30584998750432507,0.5897241978876234,majority_keep
reddit_1kexd68_mqmczz7,3,3,1.0,1.3570295485611104,3.3494593998086493,0.5653715430919811,0.8201728525283785,unanimous_remove
reddit_1kexwzc_mqmf9iq,3,0,0.0,1.3570295485611104,3.3494593998086493,0.17608920971049702,0.24889425208860305,unanimous_keep
reddit_1kf2hgg_mqpouu3,7,4,0.5714285714285714,1.3570295485611104,3.3494593998086493,0.45761197675816606,0.9146953129812244,majority_remove
reddit_1kf5pvv_mqoc9mr,3,2,0.6666666666666666,1.3570295485611104,3.3494593998086493,0.4356107652981531,0.8211118630943426,majority_remove
reddit_1kf99b1_mqpqeu7,3,2,0.6666666666666666,1.3570295485611104,3.3494593998086493,0.4356107652981531,0.8211118630943426,majority_remove
reddit_1kfa750_mqp8882,7,3,0.4285714285714285,1.3570295485611104,3.3494593998086493,0.3721892676597852,0.800827684200982,majority_keep
reddit_1kfef9j_mqqmxru,3,3,1.0,1.3570295485611104,3.3494593998086493,0.5653715430919811,0.8201728525283785,unanimous_remove
reddit_1kfeyz1_mqrihlf,3,0,0.0,1.3570295485611104,3.3494593998086493,0.17608920971049702,0.24889425208860305,unanimous_keep
reddit_1kfo0ut_mqu5lh5,3,2,0.6666666666666666,1.3570295485611104,3.3494593998086493,0.4356107652981531,0.8211118630943426,majority_remove
reddit_1kfohcu_mqt90f3,6,4,0.6666666666666666,1.3570295485611104,3.3494593998086493,0.5003535308722106,0.9144837987662224,majority_remove
reddit_1kfz5qd_mqwat9g,7,2,0.2857142857142857,1.3570295485611104,3.3494593998086493,0.28676655856140437,0.575118950925259,majority_keep
reddit_1kg0w37_mqwf8av,4,2,0.5,1.3570295485611104,3.3494593998086493,0.38557787972494867,0.7779202155273284,tie
reddit_1kg5azy_mqx1nec,3,0,0.0,1.3570295485611104,3.3494593998086493,0.17608920971049702,0.24889425208860305,unanimous_keep
reddit_1kg5azy_mqy0bz7,3,1,0.3333333333333333,1.3570295485611104,3.3494593998086493,0.30584998750432507,0.5897241978876234,majority_keep
reddit_1kg5azy_mx9k2fg,8,5,0.625,1.3570295485611104,3.3494593998086493,0.5002978851507769,0.9398878458071548,majority_remove
reddit_1kg5qlk_mr1z9om,5,4,0.8,1.3570295485611104,3.3494593998086493,0.5519018851261189,0.8767611458907679,majority_remove
reddit_1kgcayc_mqyakjb,7,4,0.5714285714285714,1.3570295485611104,3.3494593998086493,0.45761197675816606,0.9146953129812244,majority_remove
reddit_1kgh0vd_mr0i4m7,7,1,0.1428571428571428,1.3570295485611104,3.3494593998086493,0.20134384946302358,0.2991154978075321,majority_keep
reddit_1kgkc38_mr0jbhl,5,4,0.8,1.3570295485611104,3.3494593998086493,0.5519018851261189,0.8767611458907679,majority_remove
reddit_1kgkc38_mr2fy1m,3,2,0.6666666666666666,1.3570295485611104,3.3494593998086493,0.4356107652981531,0.8211118630943426,majority_remove
reddit_1kgn2n1_mr04lxx,3,1,0.3333333333333333,1.3570295485611104,3.3494593998086493,0.30584998750432507,0.5897241978876234,majority_keep
reddit_1kgqsc9_mr54alo,11,7,0.6363636363636364,1.3570295485611104,3.3494593998086493,0.5320749644323609,0.9573161980808775,majority_remove
reddit_1kgs9fz_mr3bvx9,3,2,0.6666666666666666,1.3570295485611104,3.3494593998086493,0.4356107652981531,0.8211118630943426,majority_remove
reddit_1kgvslf_mr287e2,4,2,0.5,1.3570295485611104,3.3494593998086493,0.38557787972494867,0.7779202155273284,tie
reddit_1kgvslf_mr35zv5,3,2,0.6666666666666666,1.3570295485611104,3.3494593998086493,0.4356107652981531,0.8211118630943426,majority_remove
reddit_1kgy2af_mr2x6x7,3,2,0.6666666666666666,1.3570295485611104,3.3494593998086493,0.4356107652981531,0.8211118630943426,majority_remove
reddit_1kgy2af_mr44a1i,5,1,0.2,1.3570295485611104,3.3494593998086493,0.24283029230224198,0.42933012008301863,majority_keep
reddit_1kgy2af_mr45hnl,5,5,1.0,1.3570295485611104,3.3494593998086493,0.6549257494007446,0.71370101147531,unanimous_remove
reddit_1kgy4kn_mr2gufk,3,1,0.3333333333333333,1.3570295485611104,3.3494593998086493,0.30584998750432507,0.5897241978876234,majority_keep
reddit_1kgz5f8_mr381po,5,1,0.2,1.3570295485611104,3.3494593998086493,0.24283029230224198,0.42933012008301863,majority_keep
reddit_1kh5pb9_mr4rfc2,4,2,0.5,1.3570295485611104,3.3494593998086493,0.38557787972494867,0.7779202155273284,tie
reddit_1kh7zbd_mr5d7p4,3,3,1.0,1.3570295485611104,3.3494593998086493,0.5653715430919811,0.8201728525283785,unanimous_remove
reddit_1kh7zbd_mr5qg9y,3,1,0.3333333333333333,1.3570295485611104,3.3494593998086493,0.30584998750432507,0.5897241978876234,majority_keep
reddit_1kh7zbd_mr6jvbp,10,3,0.3,1.3570295485611104,3.3494593998086493,0.2962657887859831,0.6257229803519038,majority_keep
reddit_1kh7zbd_mr7ajcn,3,3,1.0,1.3570295485611104,3.3494593998086493,0.5653715430919811,0.8201728525283785,unanimous_remove
reddit_1khfdka_mr6u1xt,4,4,1.0,1.3570295485611104,3.3494593998086493,0.6152916038059387,0.7764316142622218,unanimous_remove
reddit_1khn8d7_mr8q22e,7,5,0.7142857142857143,1.3570295485611104,3.3494593998086493,0.5430346858565469,0.9142725834471024,majority_remove
reddit_1khsmnt_mrcpn78,3,2,0.6666666666666666,1.3570295485611104,3.3494593998086493,0.4356107652981531,0.8211118630943426,majority_remove
reddit_1khto5j_mrayepc,7,5,0.7142857142857143,1.3570295485611104,3.3494593998086493,0.5430346858565469,0.9142725834471024,majority_remove
reddit_1khug51_mrad843,6,5,0.8333333333333334,1.3570295485611104,3.3494593998086493,0.5937548321598999,0.8461335106224761,majority_remove
reddit_1khx7jq_mrb9wxw,4,3,0.75,1.3570295485611104,3.3494593998086493,0.5004347417654437,0.877072144291462,majority_remove
reddit_1khyp7b_mrbhzk5,4,1,0.25,1.3570295485611104,3.3494593998086493,0.27072101768445367,0.5068029795233617,majority_keep
reddit_1ki18ju_mrc3g6k,4,1,0.25,1.3570295485611104,3.3494593998086493,0.27072101768445367,0.5068029795233617,majority_keep
reddit_1ki3k0w_mrbvh1p,3,3,1.0,1.3570295485611104,3.3494593998086493,0.5653715430919811,0.8201728525283785,unanimous_remove
reddit_1ki553n_mrf43g8,6,6,1.0,1.3570295485611104,3.3494593998086493,0.6871561334475892,0.6439235665864464,unanimous_remove
reddit_1ki6xuj_mrqxa53,3,1,0.3333333333333333,1.3570295485611104,3.3494593998086493,0.30584998750432507,0.5897241978876234,majority_keep
reddit_1ki8nwd_mrihw1c,3,3,1.0,1.3570295485611104,3.3494593998086493,0.5653715430919811,0.8201728525283785,unanimous_remove
reddit_1kifvs5_mrgave1,3,1,0.3333333333333333,1.3570295485611104,3.3494593998086493,0.30584998750432507,0.5897241978876234,majority_keep
reddit_1kijebe_mrgiui0,4,2,0.5,1.3570295485611104,3.3494593998086493,0.38557787972494867,0.7779202155273284,tie
reddit_1kijebe_mrj4maw,5,2,0.4,1.3570295485611104,3.3494593998086493,0.34585415657686763,0.7155023565292364,majority_keep
reddit_1kik1os_mrfrlcc,3,3,1.0,1.3570295485611104,3.3494593998086493,0.5653715430919811,0.8201728525283785,unanimous_remove
reddit_1kikfi4_mrfsmn1,3,3,1.0,1.3570295485611104,3.3494593998086493,0.5653715430919811,0.8201728525283785,unanimous_remove
reddit_1kikfi4_mrgyfwl,3,1,0.3333333333333333,1.3570295485611104,3.3494593998086493,0.30584998750432507,0.5897241978876234,majority_keep
reddit_1kimqa4_mrjpvhb,4,4,1.0,1.3570295485611104,3.3494593998086493,0.6152916038059387,0.7764316142622218,unanimous_remove
reddit_1kinrnc_mrirkf6,6,3,0.5,1.3570295485611104,3.3494593998086493,0.40695222958452126,0.8471663696105847,tie
reddit_1kiobtd_mrgjf13,8,7,0.875,1.3570295485611104,3.3494593998086493,0.6576977780815931,0.7444108062308672,majority_remove
reddit_1kiokjw_mrinhsc,3,0,0.0,1.3570295485611104,3.3494593998086493,0.17608920971049702,0.24889425208860305,unanimous_keep
reddit_1kiqxkn_mrh6nxb,9,7,0.7777777777777778,1.3570295485611104,3.3494593998086493,0.6097133686125424,0.8585244762460954,majority_remove
reddit_1kis044_mrhv1zr,3,1,0.3333333333333333,1.3570295485611104,3.3494593998086493,0.30584998750432507,0.5897241978876234,majority_keep
reddit_1kisfrq_mrjxs61,7,2,0.2857142857142857,1.3570295485611104,3.3494593998086493,0.28676655856140437,0.575118950925259,majority_keep
reddit_1kiv79p_mrqloy5,3,1,0.3333333333333333,1.3570295485611104,3.3494593998086493,0.30584998750432507,0.5897241978876234,majority_keep
reddit_1kix4ml_mrm7kcs,4,2,0.5,1.3570295485611104,3.3494593998086493,0.38557787972494867,0.7779202155273284,tie
reddit_1kj1005_mrmt0d5,5,0,0.0,1.3570295485611104,3.3494593998086493,0.13980642802761636,0.15024769217992295,unanimous_keep
reddit_1kj3p9z_mrmylsx,6,4,0.6666666666666666,1.3570295485611104,3.3494593998086493,0.5003535308722106,0.9144837987662224,majority_remove
reddit_1kj3p9z_ms06wb5,3,1,0.3333333333333333,1.3570295485611104,3.3494593998086493,0.30584998750432507,0.5897241978876234,majority_keep
reddit_1kj6zrh_mrsdegg,3,2,0.6666666666666666,1.3570295485611104,3.3494593998086493,0.4356107652981531,0.8211118630943426,majority_remove
reddit_1kjb9o9_mroj1xz,6,3,0.5,1.3570295485611104,3.3494593998086493,0.40695222958452126,0.8471663696105847,tie
reddit_1kjdwyo_mrmfowq,5,2,0.4,1.3570295485611104,3.3494593998086493,0.34585415657686763,0.7155023565292364,majority_keep
reddit_1kjj6u8_mrqd29v,5,3,0.6,1.3570295485611104,3.3494593998086493,0.44887802085149325,0.877383683978771,majority_remove
reddit_1kjjpp3_mrn9t0b,3,1,0.3333333333333333,1.3570295485611104,3.3494593998086493,0.30584998750432507,0.5897241978876234,majority_keep
reddit_1kjl2by_mrrph92,3,2,0.6666666666666666,1.3570295485611104,3.3494593998086493,0.4356107652981531,0.8211118630943426,majority_remove
reddit_1kjmyd7_mroltjg,3,1,0.3333333333333333,1.3570295485611104,3.3494593998086493,0.30584998750432507,0.5897241978876234,majority_keep
reddit_1kjndle_mrodv47,3,2,0.6666666666666666,1.3570295485611104,3.3494593998086493,0.4356107652981531,0.8211118630943426,majority_remove
reddit_1kjndle_mrp2vs3,3,2,0.6666666666666666,1.3570295485611104,3.3494593998086493,0.4356107652981531,0.8211118630943426,majority_remove
reddit_1kjpnep_mrqhn36,7,3,0.4285714285714285,1.3570295485611104,3.3494593998086493,0.3721892676597852,0.800827684200982,majority_keep
reddit_1kk1lg6_mrrhmmk,6,0,0.0,1.3570295485611104,3.3494593998086493,0.1267483257214533,0.11616418362646559,unanimous_keep
reddit_1kk1lg6_mru2vmt,9,6,0.6666666666666666,1.3570295485611104,3.3494593998086493,0.5367552242061341,0.9397420798445433,majority_remove
reddit_1kk3rr8_mrrv7gb,7,4,0.5714285714285714,1.3570295485611104,3.3494593998086493,0.45761197675816606,0.9146953129812244,majority_remove
reddit_1kk3rr8_mru1dkf,9,3,0.3333333333333333,1.3570295485611104,3.3494593998086493,0.3178807909869093,0.6866666354255273,majority_keep
reddit_1kk6e4o_mrszapg,5,5,1.0,1.3570295485611104,3.3494593998086493,0.6549257494007446,0.71370101147531,unanimous_remove
reddit_1kk7hs1_mrupo13,3,3,1.0,1.3570295485611104,3.3494593998086493,0.5653715430919811,0.8201728525283785,unanimous_remove
reddit_1kk7yq6_mrsryq8,3,2,0.6666666666666666,1.3570295485611104,3.3494593998086493,0.4356107652981531,0.8211118630943426,majority_remove
reddit_1kk86gk_mrtbrdz,5,1,0.2,1.3570295485611104,3.3494593998086493,0.24283029230224198,0.42933012008301863,majority_keep
reddit_1kkiq63_mrwpbgm,4,1,0.25,1.3570295485611104,3.3494593998086493,0.27072101768445367,0.5068029795233617,majority_keep
reddit_1kkmvb6_mrxrv5u,9,6,0.6666666666666666,1.3570295485611104,3.3494593998086493,0.5367552242061341,0.9397420798445433,majority_remove
reddit_1kknpr7_mryoecg,5,1,0.2,1.3570295485611104,3.3494593998086493,0.24283029230224198,0.42933012008301863,majority_keep
reddit_1kkq6f9_mrx9c37,4,3,0.75,1.3570295485611104,3.3494593998086493,0.5004347417654437,0.877072144291462,majority_remove
reddit_1kksjs7_mryisbi,6,2,0.3333333333333333,1.3570295485611104,3.3494593998086493,0.31355092829683195,0.6458901337489713,majority_keep
reddit_1kkvadr_ms2g7eo,4,3,0.75,1.3570295485611104,3.3494593998086493,0.5004347417654437,0.877072144291462,majority_remove
reddit_1kkwq7f_mrxtwq4,3,0,0.0,1.3570295485611104,3.3494593998086493,0.17608920971049702,0.24889425208860305,unanimous_keep
reddit_1kl0ksq_mrzdxf5,3,1,0.3333333333333333,1.3570295485611104,3.3494593998086493,0.30584998750432507,0.5897241978876234,majority_keep
reddit_1kl4k5p_ms07nuf,3,3,1.0,1.3570295485611104,3.3494593998086493,0.5653715430919811,0.8201728525283785,unanimous_remove
reddit_1kl4k5p_ms0pvvv,4,2,0.5,1.3570295485611104,3.3494593998086493,0.38557787972494867,0.7779202155273284,tie
reddit_1kl504v_ms23dzu,5,5,1.0,1.3570295485611104,3.3494593998086493,0.6549257494007446,0.71370101147531,unanimous_remove
reddit_1kl6ssy_ms1kwmd,9,2,0.2222222222222222,1.3570295485611104,3.3494593998086493,0.24492264658050106,0.44173349491515923,majority_keep
reddit_1kljha9_ms3i8ip,5,0,0.0,1.3570295485611104,3.3494593998086493,0.13980642802761636,0.15024769217992295,unanimous_keep
reddit_1klm8z1_ms68e86,3,2,0.6666666666666666,1.3570295485611104,3.3494593998086493,0.4356107652981531,0.8211118630943426,majority_remove
reddit_1klo83a_ms3tuo1,4,3,0.75,1.3570295485611104,3.3494593998086493,0.5004347417654437,0.877072144291462,majority_remove
reddit_1klo8c8_ms3ugqn,4,2,0.5,1.3570295485611104,3.3494593998086493,0.38557787972494867,0.7779202155273284,tie
reddit_1klodyp_ms3wln1,8,4,0.5,1.3570295485611104,3.3494593998086493,0.42159793868536877,0.8934404101219868,tie
reddit_1klqg58_ms9lpot,3,2,0.6666666666666666,1.3570295485611104,3.3494593998086493,0.4356107652981531,0.8211118630943426,majority_remove
reddit_1klrtv5_ms4tu8u,4,4,1.0,1.3570295485611104,3.3494593998086493,0.6152916038059387,0.7764316142622218,unanimous_remove
reddit_1klrtv5_ms4wvfw,4,1,0.25,1.3570295485611104,3.3494593998086493,0.27072101768445367,0.5068029795233617,majority_keep
reddit_1klrtv5_ms540uz,5,1,0.2,1.3570295485611104,3.3494593998086493,0.24283029230224198,0.42933012008301863,majority_keep
reddit_1klrtv5_ms5tngj,4,1,0.25,1.3570295485611104,3.3494593998086493,0.27072101768445367,0.5068029795233617,majority_keep
reddit_1klrtv5_msgj7zr,3,3,1.0,1.3570295485611104,3.3494593998086493,0.5653715430919811,0.8201728525283785,unanimous_remove
reddit_1klsovz_ms4saw0,3,2,0.6666666666666666,1.3570295485611104,3.3494593998086493,0.4356107652981531,0.8211118630943426,majority_remove
reddit_1kluye9_ms71jvm,6,0,0.0,1.3570295485611104,3.3494593998086493,0.1267483257214533,0.11616418362646559,unanimous_keep
reddit_1klws0f_ms6djbd,3,3,1.0,1.3570295485611104,3.3494593998086493,0.5653715430919811,0.8201728525283785,unanimous_remove
reddit_1km18ir_ms8he0a,4,2,0.5,1.3570295485611104,3.3494593998086493,0.38557787972494867,0.7779202155273284,tie
reddit_1km18ir_ms8yoji,6,4,0.6666666666666666,1.3570295485611104,3.3494593998086493,0.5003535308722106,0.9144837987662224,majority_remove
reddit_1km18ir_msb3huv,5,4,0.8,1.3570295485611104,3.3494593998086493,0.5519018851261189,0.8767611458907679,majority_remove
reddit_1kmahx0_ms9gt18,8,6,0.75,1.3570295485611104,3.3494593998086493,0.578997831616185,0.8927172634719791,majority_remove
reddit_1kmcfwr_ms92wr5,8,6,0.75,1.3570295485611104,3.3494593998086493,0.578997831616185,0.8927172634719791,majority_remove
reddit_1kmdt1g_ms9l681,4,2,0.5,1.3570295485611104,3.3494593998086493,0.38557787972494867,0.7779202155273284,tie
reddit_1kmdt1g_msbl27c,7,2,0.2857142857142857,1.3570295485611104,3.3494593998086493,0.28676655856140437,0.575118950925259,majority_keep
reddit_1kmew4f_ms9mrxo,8,3,0.375,1.3570295485611104,3.3494593998086493,0.34289799221996065,0.7459234577186024,majority_keep
reddit_1kmm69e_msbbfe8,3,2,0.6666666666666666,1.3570295485611104,3.3494593998086493,0.4356107652981531,0.8211118630943426,majority_remove
reddit_1kmrgub_msdwuzy,3,1,0.3333333333333333,1.3570295485611104,3.3494593998086493,0.30584998750432507,0.5897241978876234,majority_keep
reddit_1kn4pwm_msi79sp,4,1,0.25,1.3570295485611104,3.3494593998086493,0.27072101768445367,0.5068029795233617,majority_keep
reddit_1kn6cu1_msgygl1,3,1,0.3333333333333333,1.3570295485611104,3.3494593998086493,0.30584998750432507,0.5897241978876234,majority_keep
reddit_1kna992_msjyyfa,3,2,0.6666666666666666,1.3570295485611104,3.3494593998086493,0.4356107652981531,0.8211118630943426,majority_remove
reddit_1knbc3l_mshft4i,6,5,0.8333333333333334,1.3570295485611104,3.3494593998086493,0.5937548321598999,0.8461335106224761,majority_remove
reddit_1knbwj7_msh0alx,5,2,0.4,1.3570295485611104,3.3494593998086493,0.34585415657686763,0.7155023565292364,majority_keep
reddit_1kndcmn_msik13u,6,4,0.6666666666666666,1.3570295485611104,3.3494593998086493,0.5003535308722106,0.9144837987662224,majority_remove
reddit_1kne9uw_mshz9yj,6,2,0.3333333333333333,1.3570295485611104,3.3494593998086493,0.31355092829683195,0.6458901337489713,majority_keep
reddit_1knep98_mshtabs,7,2,0.2857142857142857,1.3570295485611104,3.3494593998086493,0.28676655856140437,0.575118950925259,majority_keep
reddit_1knep98_msipgrk,3,2,0.6666666666666666,1.3570295485611104,3.3494593998086493,0.4356107652981531,0.8211118630943426,majority_remove
reddit_1knep98_msjg22p,6,2,0.3333333333333333,1.3570295485611104,3.3494593998086493,0.31355092829683195,0.6458901337489713,majority_keep
reddit_1knep98_msmbjen,7,5,0.7142857142857143,1.3570295485611104,3.3494593998086493,0.5430346858565469,0.9142725834471024,majority_remove
reddit_1knep98_msnqjhj,7,3,0.4285714285714285,1.3570295485611104,3.3494593998086493,0.3721892676597852,0.800827684200982,majority_keep
reddit_1knm4f5_msk2m4f,3,2,0.6666666666666666,1.3570295485611104,3.3494593998086493,0.4356107652981531,0.8211118630943426,majority_remove
reddit_1knq26w_msm8lau,3,3,1.0,1.3570295485611104,3.3494593998086493,0.5653715430919811,0.8201728525283785,unanimous_remove
reddit_1knx7j9_mslzwad,6,5,0.8333333333333334,1.3570295485611104,3.3494593998086493,0.5937548321598999,0.8461335106224761,majority_remove
reddit_1knx7j9_msm9ncy,4,2,0.5,1.3570295485611104,3.3494593998086493,0.38557787972494867,0.7779202155273284,tie
reddit_1knx7j9_msmuvaq,3,1,0.3333333333333333,1.3570295485611104,3.3494593998086493,0.30584998750432507,0.5897241978876234,majority_keep
reddit_1knxovz_mslyfa1,7,3,0.4285714285714285,1.3570295485611104,3.3494593998086493,0.3721892676597852,0.800827684200982,majority_keep
reddit_1ko29fy_msx4s2p,4,3,0.75,1.3570295485611104,3.3494593998086493,0.5004347417654437,0.877072144291462,majority_remove
reddit_1ko2gif_msn8euz,6,4,0.6666666666666666,1.3570295485611104,3.3494593998086493,0.5003535308722106,0.9144837987662224,majority_remove
reddit_1ko2gif_msnlq59,7,3,0.4285714285714285,1.3570295485611104,3.3494593998086493,0.3721892676597852,0.800827684200982,majority_keep
reddit_1ko3yf3_mspaxuq,5,0,0.0,1.3570295485611104,3.3494593998086493,0.13980642802761636,0.15024769217992295,unanimous_keep
reddit_1ko4jsf_msnh959,3,1,0.3333333333333333,1.3570295485611104,3.3494593998086493,0.30584998750432507,0.5897241978876234,majority_keep
reddit_1koadeo_mspxjqx,4,3,0.75,1.3570295485611104,3.3494593998086493,0.5004347417654437,0.877072144291462,majority_remove
reddit_1koaxap_msotklj,3,1,0.3333333333333333,1.3570295485611104,3.3494593998086493,0.30584998750432507,0.5897241978876234,majority_keep
reddit_1kohwmm_mssecom,3,3,1.0,1.3570295485611104,3.3494593998086493,0.5653715430919811,0.8201728525283785,unanimous_remove
reddit_1kor2d7_msskef9,7,3,0.4285714285714285,1.3570295485611104,3.3494593998086493,0.3721892676597852,0.800827684200982,majority_keep
reddit_1kos17d_msuwjvg,3,2,0.6666666666666666,1.3570295485611104,3.3494593998086493,0.4356107652981531,0.8211118630943426,majority_remove
reddit_1kouuvz_msu3nql,3,2,0.6666666666666666,1.3570295485611104,3.3494593998086493,0.4356107652981531,0.8211118630943426,majority_remove
reddit_1kozgom_msu0brq,3,2,0.6666666666666666,1.3570295485611104,3.3494593998086493,0.4356107652981531,0.8211118630943426,majority_remove
reddit_1kp0psp_msv921k,5,4,0.8,1.3570295485611104,3.3494593998086493,0.5519018851261189,0.8767611458907679,majority_remove
reddit_1kp4a6b_msvk9fe,4,4,1.0,1.3570295485611104,3.3494593998086493,0.6152916038059387,0.7764316142622218,unanimous_remove
reddit_1kp5lm5_msw4qcq,3,2,0.6666666666666666,1.3570295485611104,3.3494593998086493,0.4356107652981531,0.8211118630943426,majority_remove
reddit_1kp8lpn_msw57ks,4,1,0.25,1.3570295485611104,3.3494593998086493,0.27072101768445367,0.5068029795233617,majority_keep
reddit_1kpermm_msysx4o,5,4,0.8,1.3570295485611104,3.3494593998086493,0.5519018851261189,0.8767611458907679,majority_remove
reddit_1kpgf6p_msy66uq,8,2,0.25,1.3570295485611104,3.3494593998086493,0.2641980457545525,0.5064443519420101,majority_keep
reddit_1kpgf6p_mszxhm8,5,3,0.6,1.3570295485611104,3.3494593998086493,0.44887802085149325,0.877383683978771,majority_remove
reddit_1kpmzrc_mszvn5s,3,3,1.0,1.3570295485611104,3.3494593998086493,0.5653715430919811,0.8201728525283785,unanimous_remove
reddit_1kpmzrc_mt0paez,3,0,0.0,1.3570295485611104,3.3494593998086493,0.17608920971049702,0.24889425208860305,unanimous_keep
reddit_1kpmzrc_mt1p5wd,3,1,0.3333333333333333,1.3570295485611104,3.3494593998086493,0.30584998750432507,0.5897241978876234,majority_keep
reddit_1kpvbpj_mt0v0r7,3,3,1.0,1.3570295485611104,3.3494593998086493,0.5653715430919811,0.8201728525283785,unanimous_remove
reddit_1kpwu8r_mt36qxh,4,2,0.5,1.3570295485611104,3.3494593998086493,0.38557787972494867,0.7779202155273284,tie
reddit_1kpxd21_mt2b10m,6,4,0.6666666666666666,1.3570295485611104,3.3494593998086493,0.5003535308722106,0.9144837987662224,majority_remove
reddit_1kq2ikt_mt2o2pm,9,3,0.3333333333333333,1.3570295485611104,3.3494593998086493,0.3178807909869093,0.6866666354255273,majority_keep
reddit_1kq66l8_mt41ijg,6,3,0.5,1.3570295485611104,3.3494593998086493,0.40695222958452126,0.8471663696105847,tie
reddit_1kqe3w8_mt4y0rw,3,2,0.6666666666666666,1.3570295485611104,3.3494593998086493,0.4356107652981531,0.8211118630943426,majority_remove
reddit_1kqiazw_mt8md78,4,2,0.5,1.3570295485611104,3.3494593998086493,0.38557787972494867,0.7779202155273284,tie
reddit_1kqlad9_mt6qz3d,4,2,0.5,1.3570295485611104,3.3494593998086493,0.38557787972494867,0.7779202155273284,tie
reddit_1kqpl00_mt7bz9h,5,3,0.6,1.3570295485611104,3.3494593998086493,0.44887802085149325,0.877383683978771,majority_remove
reddit_1kr256c_mtae30b,3,1,0.3333333333333333,1.3570295485611104,3.3494593998086493,0.30584998750432507,0.5897241978876234,majority_keep
reddit_1kr256c_mtbzcaj,3,2,0.6666666666666666,1.3570295485611104,3.3494593998086493,0.4356107652981531,0.8211118630943426,majority_remove
reddit_1kr2bpy_mtaf2mv,3,2,0.6666666666666666,1.3570295485611104,3.3494593998086493,0.4356107652981531,0.8211118630943426,majority_remove
reddit_1kr4vzz_mtcdeud,7,4,0.5714285714285714,1.3570295485611104,3.3494593998086493,0.45761197675816606,0.9146953129812244,majority_remove
reddit_1kr6c12_mtbjtw5,3,2,0.6666666666666666,1.3570295485611104,3.3494593998086493,0.4356107652981531,0.8211118630943426,majority_remove
reddit_1kr82xj_mtc3byy,3,2,0.6666666666666666,1.3570295485611104,3.3494593998086493,0.4356107652981531,0.8211118630943426,majority_remove
reddit_1kr82xj_mtcmm3d,3,3,1.0,1.3570295485611104,3.3494593998086493,0.5653715430919811,0.8201728525283785,unanimous_remove
reddit_1kr82xj_mtcnus7,3,3,1.0,1.3570295485611104,3.3494593998086493,0.5653715430919811,0.8201728525283785,unanimous_remove
reddit_1kr91iq_mtbm1p2,8,3,0.375,1.3570295485611104,3.3494593998086493,0.34289799221996065,0.7459234577186024,majority_keep
reddit_1kr91iq_mtbtdth,4,1,0.25,1.3570295485611104,3.3494593998086493,0.27072101768445367,0.5068029795233617,majority_keep
reddit_1kr91iq_mtvd2fh,3,3,1.0,1.3570295485611104,3.3494593998086493,0.5653715430919811,0.8201728525283785,unanimous_remove
reddit_1krbubh_mtdpao3,4,2,0.5,1.3570295485611104,3.3494593998086493,0.38557787972494867,0.7779202155273284,tie
reddit_1krctyl_mtcn5zl,3,2,0.6666666666666666,1.3570295485611104,3.3494593998086493,0.4356107652981531,0.8211118630943426,majority_remove
reddit_1krctyl_mtcrgi2,3,3,1.0,1.3570295485611104,3.3494593998086493,0.5653715430919811,0.8201728525283785,unanimous_remove
reddit_1krctyl_mtd9bfd,10,5,0.5,1.3570295485611104,3.3494593998086493,0.4322601792228456,0.9249970718554126,tie
reddit_1krctyl_mtdgvtg,5,4,0.8,1.3570295485611104,3.3494593998086493,0.5519018851261189,0.8767611458907679,majority_remove
reddit_1krenw1_mtcyejg,3,1,0.3333333333333333,1.3570295485611104,3.3494593998086493,0.30584998750432507,0.5897241978876234,majority_keep
reddit_1krggew_mtesu18,3,2,0.6666666666666666,1.3570295485611104,3.3494593998086493,0.4356107652981531,0.8211118630943426,majority_remove
reddit_1krgnqw_mtdmxoj,6,2,0.3333333333333333,1.3570295485611104,3.3494593998086493,0.31355092829683195,0.6458901337489713,majority_keep
reddit_1krncfs_mthsjmt,4,4,1.0,1.3570295485611104,3.3494593998086493,0.6152916038059387,0.7764316142622218,unanimous_remove
reddit_1krncfs_mtlhica,3,1,0.3333333333333333,1.3570295485611104,3.3494593998086493,0.30584998750432507,0.5897241978876234,majority_keep
reddit_1kru0zk_mtj80e9,4,2,0.5,1.3570295485611104,3.3494593998086493,0.38557787972494867,0.7779202155273284,tie
reddit_1krvdml_mti6yfp,3,3,1.0,1.3570295485611104,3.3494593998086493,0.5653715430919811,0.8201728525283785,unanimous_remove
reddit_1krvkpk_mtic6mx,3,0,0.0,1.3570295485611104,3.3494593998086493,0.17608920971049702,0.24889425208860305,unanimous_keep
reddit_1krwr67_mthcm3v,9,5,0.5555555555555556,1.3570295485611104,3.3494593998086493,0.46379707979972584,0.9400337855593679,majority_remove
reddit_1krzun3_mtiiq8o,5,4,0.8,1.3570295485611104,3.3494593998086493,0.5519018851261189,0.8767611458907679,majority_remove
reddit_1ks0a0d_mtjtgqi,7,6,0.8571428571428571,1.3570295485611104,3.3494593998086493,0.6284573949549277,0.7995129736991937,majority_remove
reddit_1ks3br8_mtin319,4,2,0.5,1.3570295485611104,3.3494593998086493,0.38557787972494867,0.7779202155273284,tie
reddit_1ks874b_mtjis94,5,4,0.8,1.3570295485611104,3.3494593998086493,0.5519018851261189,0.8767611458907679,majority_remove
reddit_1ksao9m_mtl1mlp,5,4,0.8,1.3570295485611104,3.3494593998086493,0.5519018851261189,0.8767611458907679,majority_remove
reddit_1ksecvh_mtlaw7n,3,2,0.6666666666666666,1.3570295485611104,3.3494593998086493,0.4356107652981531,0.8211118630943426,majority_remove
reddit_1ksecvh_mtlnef1,4,2,0.5,1.3570295485611104,3.3494593998086493,0.38557787972494867,0.7779202155273284,tie
reddit_1ksedw6_mtlfvfi,8,4,0.5,1.3570295485611104,3.3494593998086493,0.42159793868536877,0.8934404101219868,tie
reddit_1ksjaqd_mtlyi08,4,0,0.0,1.3570295485611104,3.3494593998086493,0.15586415564395867,0.19375829088398777,unanimous_keep
reddit_1ksmur4_mtnigsy,3,3,1.0,1.3570295485611104,3.3494593998086493,0.5653715430919811,0.8201728525283785,unanimous_remove
reddit_1ksnt46_mtn7m36,3,2,0.6666666666666666,1.3570295485611104,3.3494593998086493,0.4356107652981531,0.8211118630943426,majority_remove
reddit_1ksnzb8_mtnhi49,3,1,0.3333333333333333,1.3570295485611104,3.3494593998086493,0.30584998750432507,0.5897241978876234,majority_keep
reddit_1ksokkt_mtncll0,6,3,0.5,1.3570295485611104,3.3494593998086493,0.40695222958452126,0.8471663696105847,tie
reddit_1kspe1b_mtnc080,6,5,0.8333333333333334,1.3570295485611104,3.3494593998086493,0.5937548321598999,0.8461335106224761,majority_remove
reddit_1kspe1b_mtpfbe5,7,6,0.8571428571428571,1.3570295485611104,3.3494593998086493,0.6284573949549277,0.7995129736991937,majority_remove
reddit_1kspe1b_mtqchpk,5,1,0.2,1.3570295485611104,3.3494593998086493,0.24283029230224198,0.42933012008301863,majority_keep
reddit_1ksr6ho_mtnu98t,4,2,0.5,1.3570295485611104,3.3494593998086493,0.38557787972494867,0.7779202155273284,tie
reddit_1ksrvka_mtq8044,4,0,0.0,1.3570295485611104,3.3494593998086493,0.15586415564395867,0.19375829088398777,unanimous_keep
reddit_1ksthon_mtqmivi,3,1,0.3333333333333333,1.3570295485611104,3.3494593998086493,0.30584998750432507,0.5897241978876234,majority_keep
reddit_1ksy3bs_mtqyap7,3,2,0.6666666666666666,1.3570295485611104,3.3494593998086493,0.4356107652981531,0.8211118630943426,majority_remove
reddit_1ksy3bs_mttjace,3,2,0.6666666666666666,1.3570295485611104,3.3494593998086493,0.4356107652981531,0.8211118630943426,majority_remove
reddit_1ksydgu_mtp9msm,4,3,0.75,1.3570295485611104,3.3494593998086493,0.5004347417654437,0.877072144291462,majority_remove
reddit_1kszj2q_mtpo6vj,5,2,0.4,1.3570295485611104,3.3494593998086493,0.34585415657686763,0.7155023565292364,majority_keep
reddit_1kt6p36_mtswsp7,3,2,0.6666666666666666,1.3570295485611104,3.3494593998086493,0.4356107652981531,0.8211118630943426,majority_remove
reddit_1kt8kyk_mtsnl5i,4,4,1.0,1.3570295485611104,3.3494593998086493,0.6152916038059387,0.7764316142622218,unanimous_remove
reddit_1kthr9g_mtvqesi,6,2,0.3333333333333333,1.3570295485611104,3.3494593998086493,0.31355092829683195,0.6458901337489713,majority_keep
reddit_1ktjhl8_mtufvql,7,4,0.5714285714285714,1.3570295485611104,3.3494593998086493,0.45761197675816606,0.9146953129812244,majority_remove
reddit_1ktjhl8_mtw3iir,7,0,0.0,1.3570295485611104,3.3494593998086493,0.11592114036464278,0.08959845962246542,unanimous_keep
reddit_1ktjhl8_mtw8g2p,5,2,0.4,1.3570295485611104,3.3494593998086493,0.34585415657686763,0.7155023565292364,majority_keep
reddit_1ktm5vi_mtwxkwf,3,3,1.0,1.3570295485611104,3.3494593998086493,0.5653715430919811,0.8201728525283785,unanimous_remove
reddit_1ktpom5_mtxg7px,3,3,1.0,1.3570295485611104,3.3494593998086493,0.5653715430919811,0.8201728525283785,unanimous_remove
reddit_1ktr626_mtvwoe4,3,1,0.3333333333333333,1.3570295485611104,3.3494593998086493,0.30584998750432507,0.5897241978876234,majority_keep
reddit_1ktrw7u_mtwpptb,5,4,0.8,1.3570295485611104,3.3494593998086493,0.5519018851261189,0.8767611458907679,majority_remove
reddit_1ktuzvj_mty41j0,3,3,1.0,1.3570295485611104,3.3494593998086493,0.5653715430919811,0.8201728525283785,unanimous_remove
reddit_1ktwzfn_mtxjm0l,6,5,0.8333333333333334,1.3570295485611104,3.3494593998086493,0.5937548321598999,0.8461335106224761,majority_remove
reddit_1ktzjih_mty0omi,3,2,0.6666666666666666,1.3570295485611104,3.3494593998086493,0.4356107652981531,0.8211118630943426,majority_remove
reddit_1ktzjih_mu9569m,3,2,0.6666666666666666,1.3570295485611104,3.3494593998086493,0.4356107652981531,0.8211118630943426,majority_remove
reddit_1ku2tfb_mtyxan5,3,1,0.3333333333333333,1.3570295485611104,3.3494593998086493,0.30584998750432507,0.5897241978876234,majority_keep
reddit_1ku5bsi_mu07mz0,5,5,1.0,1.3570295485611104,3.3494593998086493,0.6549257494007446,0.71370101147531,unanimous_remove
reddit_1ku5bsi_mu2aqlr,4,2,0.5,1.3570295485611104,3.3494593998086493,0.38557787972494867,0.7779202155273284,tie
reddit_1kubmyy_mu0ffzi,7,4,0.5714285714285714,1.3570295485611104,3.3494593998086493,0.45761197675816606,0.9146953129812244,majority_remove
reddit_1kubmyy_mu16zs3,4,2,0.5,1.3570295485611104,3.3494593998086493,0.38557787972494867,0.7779202155273284,tie
reddit_1kuqyux_mu3r8wr,3,2,0.6666666666666666,1.3570295485611104,3.3494593998086493,0.4356107652981531,0.8211118630943426,majority_remove
reddit_1kv6w8n_mumrkdj,4,1,0.25,1.3570295485611104,3.3494593998086493,0.27072101768445367,0.5068029795233617,majority_keep
reddit_1kv9g6t_mucd99u,3,2,0.6666666666666666,1.3570295485611104,3.3494593998086493,0.4356107652981531,0.8211118630943426,majority_remove
reddit_1kvfzip_muasnko,5,1,0.2,1.3570295485611104,3.3494593998086493,0.24283029230224198,0.42933012008301863,majority_keep
reddit_1kvhzkx_mu9y0tt,3,1,0.3333333333333333,1.3570295485611104,3.3494593998086493,0.30584998750432507,0.5897241978876234,majority_keep
reddit_1kvk5na_mubv20m,4,1,0.25,1.3570295485611104,3.3494593998086493,0.27072101768445367,0.5068029795233617,majority_keep
reddit_1kvrj63_muc5ul7,6,3,0.5,1.3570295485611104,3.3494593998086493,0.40695222958452126,0.8471663696105847,tie
reddit_1kvuvro_muo69pk,4,2,0.5,1.3570295485611104,3.3494593998086493,0.38557787972494867,0.7779202155273284,tie
reddit_1kw5zd9_mugnts2,6,3,0.5,1.3570295485611104,3.3494593998086493,0.40695222958452126,0.8471663696105847,tie
reddit_1kwc0b8_muhma0e,3,2,0.6666666666666666,1.3570295485611104,3.3494593998086493,0.4356107652981531,0.8211118630943426,majority_remove
reddit_1kwjws0_mui9c5p,6,4,0.6666666666666666,1.3570295485611104,3.3494593998086493,0.5003535308722106,0.9144837987662224,majority_remove
reddit_1kwl270_muiq2wv,4,3,0.75,1.3570295485611104,3.3494593998086493,0.5004347417654437,0.877072144291462,majority_remove
reddit_1kwqre2_mum12c6,3,1,0.3333333333333333,1.3570295485611104,3.3494593998086493,0.30584998750432507,0.5897241978876234,majority_keep
reddit_1kwrc53_mujws7h,4,1,0.25,1.3570295485611104,3.3494593998086493,0.27072101768445367,0.5068029795233617,majority_keep
reddit_1kwrc53_muljhyp,4,4,1.0,1.3570295485611104,3.3494593998086493,0.6152916038059387,0.7764316142622218,unanimous_remove
reddit_1kwrc53_muootri,5,4,0.8,1.3570295485611104,3.3494593998086493,0.5519018851261189,0.8767611458907679,majority_remove
reddit_1kwzgin_musbv9y,5,1,0.2,1.3570295485611104,3.3494593998086493,0.24283029230224198,0.42933012008301863,majority_keep
reddit_1kx56bi_mun3bxv,4,2,0.5,1.3570295485611104,3.3494593998086493,0.38557787972494867,0.7779202155273284,tie
reddit_1kxdabt_muomvwh,3,3,1.0,1.3570295485611104,3.3494593998086493,0.5653715430919811,0.8201728525283785,unanimous_remove
reddit_1kxdqqn_murpuxp,4,3,0.75,1.3570295485611104,3.3494593998086493,0.5004347417654437,0.877072144291462,majority_remove
reddit_1kxe63y_mup5l26,8,2,0.25,1.3570295485611104,3.3494593998086493,0.2641980457545525,0.5064443519420101,majority_keep
reddit_1kxhi98_mupwkno,4,1,0.25,1.3570295485611104,3.3494593998086493,0.27072101768445367,0.5068029795233617,majority_keep
reddit_1kxhi98_muq420c,7,2,0.2857142857142857,1.3570295485611104,3.3494593998086493,0.28676655856140437,0.575118950925259,majority_keep
reddit_1kxhjol_mupe0ei,7,7,1.0,1.3570295485611104,3.3494593998086493,0.7138801040533085,0.5730878578934698,unanimous_remove
reddit_1kxhjol_muq5ug7,8,2,0.25,1.3570295485611104,3.3494593998086493,0.2641980457545525,0.5064443519420101,majority_keep
reddit_1kxjv91_muq3s0s,3,0,0.0,1.3570295485611104,3.3494593998086493,0.17608920971049702,0.24889425208860305,unanimous_keep
reddit_1kxmwug_muqtuua,3,2,0.6666666666666666,1.3570295485611104,3.3494593998086493,0.4356107652981531,0.8211118630943426,majority_remove
reddit_1kxvj4m_muu6zmh,6,3,0.5,1.3570295485611104,3.3494593998086493,0.40695222958452126,0.8471663696105847,tie
reddit_1kxxbt5_muve8j6,4,2,0.5,1.3570295485611104,3.3494593998086493,0.38557787972494867,0.7779202155273284,tie
reddit_1ky63uj_muxx8t5,3,0,0.0,1.3570295485611104,3.3494593998086493,0.17608920971049702,0.24889425208860305,unanimous_keep
reddit_1kybr30_muwm8oy,4,1,0.25,1.3570295485611104,3.3494593998086493,0.27072101768445367,0.5068029795233617,majority_keep
reddit_1kyhh4p_mv0g3dg,3,1,0.3333333333333333,1.3570295485611104,3.3494593998086493,0.30584998750432507,0.5897241978876234,majority_keep
reddit_1kyiyst_muydlmh,11,6,0.5454545454545454,1.3570295485611104,3.3494593998086493,0.4684070114425367,0.9575198287126869,majority_remove
reddit_1kyiz6m_muxs55t,9,2,0.2222222222222222,1.3570295485611104,3.3494593998086493,0.24492264658050106,0.44173349491515923,majority_keep
reddit_1kylm33_muycd2s,3,0,0.0,1.3570295485611104,3.3494593998086493,0.17608920971049702,0.24889425208860305,unanimous_keep
reddit_1kyojif_mv0wzlq,4,4,1.0,1.3570295485611104,3.3494593998086493,0.6152916038059387,0.7764316142622218,unanimous_remove
reddit_1kyosf3_muzfu6y,3,3,1.0,1.3570295485611104,3.3494593998086493,0.5653715430919811,0.8201728525283785,unanimous_remove
reddit_1kz0hj9_mv1qmsm,8,3,0.375,1.3570295485611104,3.3494593998086493,0.34289799221996065,0.7459234577186024,majority_keep
reddit_1kz175l_mv20sdn,7,3,0.4285714285714285,1.3570295485611104,3.3494593998086493,0.3721892676597852,0.800827684200982,majority_keep
reddit_1kz1pw8_mv206st,3,2,0.6666666666666666,1.3570295485611104,3.3494593998086493,0.4356107652981531,0.8211118630943426,majority_remove
reddit_1kz1sh2_mv6eq8l,3,1,0.3333333333333333,1.3570295485611104,3.3494593998086493,0.30584998750432507,0.5897241978876234,majority_keep
reddit_1kz5s0r_mv6dhqc,4,3,0.75,1.3570295485611104,3.3494593998086493,0.5004347417654437,0.877072144291462,majority_remove
reddit_1kze0f3_mv4slqa,3,3,1.0,1.3570295485611104,3.3494593998086493,0.5653715430919811,0.8201728525283785,unanimous_remove
reddit_1kze0f3_mvcu6hf,3,1,0.3333333333333333,1.3570295485611104,3.3494593998086493,0.30584998750432507,0.5897241978876234,majority_keep
reddit_1kziugd_mv6bp6p,4,2,0.5,1.3570295485611104,3.3494593998086493,0.38557787972494867,0.7779202155273284,tie
reddit_1kzjrzz_mv6diq4,3,2,0.6666666666666666,1.3570295485611104,3.3494593998086493,0.4356107652981531,0.8211118630943426,majority_remove
reddit_1kzuv1w_mvb8ymj,3,0,0.0,1.3570295485611104,3.3494593998086493,0.17608920971049702,0.24889425208860305,unanimous_keep
reddit_1l0782v_mvbvs4s,4,2,0.5,1.3570295485611104,3.3494593998086493,0.38557787972494867,0.7779202155273284,tie
reddit_1l09l1b_mvckpyk,5,1,0.2,1.3570295485611104,3.3494593998086493,0.24283029230224198,0.42933012008301863,majority_keep
reddit_1l0vp16_mvnvy67,3,1,0.3333333333333333,1.3570295485611104,3.3494593998086493,0.30584998750432507,0.5897241978876234,majority_keep
reddit_1l0w8ik_mvgjmtx,5,1,0.2,1.3570295485611104,3.3494593998086493,0.24283029230224198,0.42933012008301863,majority_keep
reddit_1l0z2b8_mvip3t1,5,0,0.0,1.3570295485611104,3.3494593998086493,0.13980642802761636,0.15024769217992295,unanimous_keep
reddit_1l0z2b8_mvjla39,12,5,0.4166666666666667,1.3570295485611104,3.3494593998086493,0.38051260011646176,0.8685558660259782,majority_keep
reddit_1l0z9lm_mvid43d,4,1,0.25,1.3570295485611104,3.3494593998086493,0.27072101768445367,0.5068029795233617,majority_keep
reddit_1l13og2_mvm3cwj,4,1,0.25,1.3570295485611104,3.3494593998086493,0.27072101768445367,0.5068029795233617,majority_keep
reddit_1l1e80m_mvlbds4,4,1,0.25,1.3570295485611104,3.3494593998086493,0.27072101768445367,0.5068029795233617,majority_keep
reddit_1l1l5qf_mvopl57,6,4,0.6666666666666666,1.3570295485611104,3.3494593998086493,0.5003535308722106,0.9144837987662224,majority_remove
reddit_1l1roga_mvnkr97,10,4,0.4,1.3570295485611104,3.3494593998086493,0.36426298400441437,0.817441564178629,majority_keep
reddit_1l1z4jm_mvpr1tg,7,6,0.8571428571428571,1.3570295485611104,3.3494593998086493,0.6284573949549277,0.7995129736991937,majority_remove
reddit_1l29vo2_mvrlh0x,3,1,0.3333333333333333,1.3570295485611104,3.3494593998086493,0.30584998750432507,0.5897241978876234,majority_keep
reddit_1l2d4kp_mvve3up,5,2,0.4,1.3570295485611104,3.3494593998086493,0.34585415657686763,0.7155023565292364,majority_keep
reddit_1l2fhnt_mvtivak,9,4,0.4444444444444444,1.3570295485611104,3.3494593998086493,0.3908389353933176,0.859478444294711,majority_keep
reddit_1l2jmnx_mvvheu5,6,3,0.5,1.3570295485611104,3.3494593998086493,0.40695222958452126,0.8471663696105847,tie
reddit_1l2ndoc_mvxx1f3,7,5,0.7142857142857143,1.3570295485611104,3.3494593998086493,0.5430346858565469,0.9142725834471024,majority_remove
reddit_1l2nx8d_mvwfy4p,6,3,0.5,1.3570295485611104,3.3494593998086493,0.40695222958452126,0.8471663696105847,tie
reddit_1l2o4z4_mvxplbw,6,1,0.1666666666666666,1.3570295485611104,3.3494593998086493,0.22014962700914262,0.35987758399354103,majority_keep
reddit_1l2qje1_mvye3dh,3,2,0.6666666666666666,1.3570295485611104,3.3494593998086493,0.4356107652981531,0.8211118630943426,majority_remove
reddit_1l35vij_mvynl2l,3,1,0.3333333333333333,1.3570295485611104,3.3494593998086493,0.30584998750432507,0.5897241978876234,majority_keep
reddit_1l35vij_mw12317,6,2,0.3333333333333333,1.3570295485611104,3.3494593998086493,0.31355092829683195,0.6458901337489713,majority_keep
reddit_1l3df7r_mw02wym,4,3,0.75,1.3570295485611104,3.3494593998086493,0.5004347417654437,0.877072144291462,majority_remove
reddit_1l3ey8b_mw25thg,3,0,0.0,1.3570295485611104,3.3494593998086493,0.17608920971049702,0.24889425208860305,unanimous_keep
reddit_1l3fqcb_mw34xff,3,1,0.3333333333333333,1.3570295485611104,3.3494593998086493,0.30584998750432507,0.5897241978876234,majority_keep
reddit_1l3yavl_mw5gmvg,3,1,0.3333333333333333,1.3570295485611104,3.3494593998086493,0.30584998750432507,0.5897241978876234,majority_keep
reddit_1l3yavl_mw5u1nu,8,5,0.625,1.3570295485611104,3.3494593998086493,0.5002978851507769,0.9398878458071548,majority_remove
reddit_1l41df6_mw91wnw,11,6,0.5454545454545454,1.3570295485611104,3.3494593998086493,0.4684070114425367,0.9575198287126869,majority_remove
reddit_1l427gq_mw8tvq2,3,1,0.3333333333333333,1.3570295485611104,3.3494593998086493,0.30584998750432507,0.5897241978876234,majority_keep
reddit_1l44grv_mw7odp0,4,2,0.5,1.3570295485611104,3.3494593998086493,0.38557787972494867,0.7779202155273284,tie
reddit_1l44grv_mwaojjo,3,2,0.6666666666666666,1.3570295485611104,3.3494593998086493,0.4356107652981531,0.8211118630943426,majority_remove
reddit_1l44r75_mw6w0a8,7,6,0.8571428571428571,1.3570295485611104,3.3494593998086493,0.6284573949549277,0.7995129736991937,majority_remove
reddit_1l44r75_mw7l726,5,3,0.6,1.3570295485611104,3.3494593998086493,0.44887802085149325,0.877383683978771,majority_remove
reddit_1l45bof_mw6h05z,6,4,0.6666666666666666,1.3570295485611104,3.3494593998086493,0.5003535308722106,0.9144837987662224,majority_remove
reddit_1l47l5u_mw6tvoi,6,2,0.3333333333333333,1.3570295485611104,3.3494593998086493,0.31355092829683195,0.6458901337489713,majority_keep
reddit_1l4871w_mw743t1,4,2,0.5,1.3570295485611104,3.3494593998086493,0.38557787972494867,0.7779202155273284,tie
reddit_1l489cq_mw6yxsn,6,4,0.6666666666666666,1.3570295485611104,3.3494593998086493,0.5003535308722106,0.9144837987662224,majority_remove
reddit_1l4ary7_mw84ie3,7,1,0.1428571428571428,1.3570295485611104,3.3494593998086493,0.20134384946302358,0.2991154978075321,majority_keep
reddit_1l4b2as_mw889er,3,2,0.6666666666666666,1.3570295485611104,3.3494593998086493,0.4356107652981531,0.8211118630943426,majority_remove
reddit_1l4bw8p_mw7qjk6,3,0,0.0,1.3570295485611104,3.3494593998086493,0.17608920971049702,0.24889425208860305,unanimous_keep
reddit_1l4c1gs_mw80gk7,3,1,0.3333333333333333,1.3570295485611104,3.3494593998086493,0.30584998750432507,0.5897241978876234,majority_keep
reddit_1l4cgw6_mw8644d,3,2,0.6666666666666666,1.3570295485611104,3.3494593998086493,0.4356107652981531,0.8211118630943426,majority_remove
reddit_1l4elhs_mw8e7rb,3,1,0.3333333333333333,1.3570295485611104,3.3494593998086493,0.30584998750432507,0.5897241978876234,majority_keep
reddit_1l4m5l4_mwb0jov,4,3,0.75,1.3570295485611104,3.3494593998086493,0.5004347417654437,0.877072144291462,majority_remove
reddit_1l4uuac_mxnhu9w,3,3,1.0,1.3570295485611104,3.3494593998086493,0.5653715430919811,0.8201728525283785,unanimous_remove
reddit_1l4xvti_mwdbcuu,4,1,0.25,1.3570295485611104,3.3494593998086493,0.27072101768445367,0.5068029795233617,majority_keep
reddit_1l4xvti_mwdg9tp,5,2,0.4,1.3570295485611104,3.3494593998086493,0.34585415657686763,0.7155023565292364,majority_keep
reddit_1l4yhv7_mwcqd5t,3,1,0.3333333333333333,1.3570295485611104,3.3494593998086493,0.30584998750432507,0.5897241978876234,majority_keep
reddit_1l50ui0_mwdbf03,4,3,0.75,1.3570295485611104,3.3494593998086493,0.5004347417654437,0.877072144291462,majority_remove
reddit_1l51cng_mwg7vxa,6,3,0.5,1.3570295485611104,3.3494593998086493,0.40695222958452126,0.8471663696105847,tie
reddit_1l55wkp_mwevaw2,4,2,0.5,1.3570295485611104,3.3494593998086493,0.38557787972494867,0.7779202155273284,tie
reddit_1l55wkp_mwey0m7,6,3,0.5,1.3570295485611104,3.3494593998086493,0.40695222958452126,0.8471663696105847,tie
reddit_1l5krue_mwk22sw,5,3,0.6,1.3570295485611104,3.3494593998086493,0.44887802085149325,0.877383683978771,majority_remove
reddit_1l5qzp8_mwjjeiu,3,3,1.0,1.3570295485611104,3.3494593998086493,0.5653715430919811,0.8201728525283785,unanimous_remove
reddit_1l5vi3g_mwmc7fm,4,4,1.0,1.3570295485611104,3.3494593998086493,0.6152916038059387,0.7764316142622218,unanimous_remove
reddit_1l5x8n5_mwl8rjq,3,0,0.0,1.3570295485611104,3.3494593998086493,0.17608920971049702,0.24889425208860305,unanimous_keep
reddit_1l5y6fx_mwl7dlh,9,3,0.3333333333333333,1.3570295485611104,3.3494593998086493,0.3178807909869093,0.6866666354255273,majority_keep
reddit_1l5y6fx_mwlwm45,9,3,0.3333333333333333,1.3570295485611104,3.3494593998086493,0.3178807909869093,0.6866666354255273,majority_keep
reddit_1l5yq6s_mwlq5er,4,0,0.0,1.3570295485611104,3.3494593998086493,0.15586415564395867,0.19375829088398777,unanimous_keep
reddit_1l6486p_mwocibk,6,2,0.3333333333333333,1.3570295485611104,3.3494593998086493,0.31355092829683195,0.6458901337489713,majority_keep
reddit_1l6bawz_mwww1sd,5,2,0.4,1.3570295485611104,3.3494593998086493,0.34585415657686763,0.7155023565292364,majority_keep
reddit_1l6g0yr_mwoztq7,4,1,0.25,1.3570295485611104,3.3494593998086493,0.27072101768445367,0.5068029795233617,majority_keep
reddit_1l6j2st_mwpccw0,5,1,0.2,1.3570295485611104,3.3494593998086493,0.24283029230224198,0.42933012008301863,majority_keep
reddit_1l6j2st_mwph4x0,4,1,0.25,1.3570295485611104,3.3494593998086493,0.27072101768445367,0.5068029795233617,majority_keep
reddit_1l6jnqp_mwpbia3,3,3,1.0,1.3570295485611104,3.3494593998086493,0.5653715430919811,0.8201728525283785,unanimous_remove
reddit_1l6lcip_mwpvepa,5,1,0.2,1.3570295485611104,3.3494593998086493,0.24283029230224198,0.42933012008301863,majority_keep
reddit_1l6op5v_mwqpjxm,3,2,0.6666666666666666,1.3570295485611104,3.3494593998086493,0.4356107652981531,0.8211118630943426,majority_remove
reddit_1l6qvvm_mwvvgt8,6,5,0.8333333333333334,1.3570295485611104,3.3494593998086493,0.5937548321598999,0.8461335106224761,majority_remove
reddit_1l6sri1_mwt4jbd,7,5,0.7142857142857143,1.3570295485611104,3.3494593998086493,0.5430346858565469,0.9142725834471024,majority_remove
reddit_1l6sri1_mwx7frp,3,1,0.3333333333333333,1.3570295485611104,3.3494593998086493,0.30584998750432507,0.5897241978876234,majority_keep
reddit_1l6tjrt_mwrj28x,4,1,0.25,1.3570295485611104,3.3494593998086493,0.27072101768445367,0.5068029795233617,majority_keep
reddit_1l6tjrt_mwsyerc,3,2,0.6666666666666666,1.3570295485611104,3.3494593998086493,0.4356107652981531,0.8211118630943426,majority_remove
reddit_1l6xik4_mwt5gdw,7,5,0.7142857142857143,1.3570295485611104,3.3494593998086493,0.5430346858565469,0.9142725834471024,majority_remove
reddit_1l6yeqx_mwu6voo,3,3,1.0,1.3570295485611104,3.3494593998086493,0.5653715430919811,0.8201728525283785,unanimous_remove
reddit_1l74253_mwv1kww,5,3,0.6,1.3570295485611104,3.3494593998086493,0.44887802085149325,0.877383683978771,majority_remove
reddit_1l7ae5z_mwvs86w,4,2,0.5,1.3570295485611104,3.3494593998086493,0.38557787972494867,0.7779202155273284,tie
reddit_1l7atc5_mwwsnap,10,5,0.5,1.3570295485611104,3.3494593998086493,0.4322601792228456,0.9249970718554126,tie
reddit_1l7bcd7_mwzdwht,3,0,0.0,1.3570295485611104,3.3494593998086493,0.17608920971049702,0.24889425208860305,unanimous_keep
reddit_1l7bsx2_mwvs6i3,4,2,0.5,1.3570295485611104,3.3494593998086493,0.38557787972494867,0.7779202155273284,tie
reddit_1l7c42o_mwvof6y,3,1,0.3333333333333333,1.3570295485611104,3.3494593998086493,0.30584998750432507,0.5897241978876234,majority_keep
reddit_1l7cg1o_mwwab94,8,7,0.875,1.3570295485611104,3.3494593998086493,0.6576977780815931,0.7444108062308672,majority_remove
reddit_1l7cg1o_mwwvttg,4,2,0.5,1.3570295485611104,3.3494593998086493,0.38557787972494867,0.7779202155273284,tie
reddit_1l7cg1o_mx04lgf,8,5,0.625,1.3570295485611104,3.3494593998086493,0.5002978851507769,0.9398878458071548,majority_remove
reddit_1l7cu2s_mww9spb,3,3,1.0,1.3570295485611104,3.3494593998086493,0.5653715430919811,0.8201728525283785,unanimous_remove
reddit_1l7et4r_mwwqspu,3,1,0.3333333333333333,1.3570295485611104,3.3494593998086493,0.30584998750432507,0.5897241978876234,majority_keep
reddit_1l7ffo5_mwxwt0r,8,3,0.375,1.3570295485611104,3.3494593998086493,0.34289799221996065,0.7459234577186024,majority_keep
reddit_1l7fyn5_mwwdih2,6,2,0.3333333333333333,1.3570295485611104,3.3494593998086493,0.31355092829683195,0.6458901337489713,majority_keep
reddit_1l7fyn5_mwx674y,3,0,0.0,1.3570295485611104,3.3494593998086493,0.17608920971049702,0.24889425208860305,unanimous_keep
reddit_1l7fyn5_mwxvbim,3,1,0.3333333333333333,1.3570295485611104,3.3494593998086493,0.30584998750432507,0.5897241978876234,majority_keep
reddit_1l7h1uv_mwwn2fa,3,0,0.0,1.3570295485611104,3.3494593998086493,0.17608920971049702,0.24889425208860305,unanimous_keep
reddit_1l7kmwd_mwxlugm,4,1,0.25,1.3570295485611104,3.3494593998086493,0.27072101768445367,0.5068029795233617,majority_keep
reddit_1l7lxcv_mwynfqx,4,2,0.5,1.3570295485611104,3.3494593998086493,0.38557787972494867,0.7779202155273284,tie
reddit_1l7q48a_mwyui7q,3,2,0.6666666666666666,1.3570295485611104,3.3494593998086493,0.4356107652981531,0.8211118630943426,majority_remove
reddit_1l7rii5_mwz7sym,4,3,0.75,1.3570295485611104,3.3494593998086493,0.5004347417654437,0.877072144291462,majority_remove
reddit_1l7uxh4_mx0f024,9,6,0.6666666666666666,1.3570295485611104,3.3494593998086493,0.5367552242061341,0.9397420798445433,majority_remove
reddit_1l7xya6_mx0cmts,3,3,1.0,1.3570295485611104,3.3494593998086493,0.5653715430919811,0.8201728525283785,unanimous_remove
reddit_1l7y8hu_mxa7ugu,3,2,0.6666666666666666,1.3570295485611104,3.3494593998086493,0.4356107652981531,0.8211118630943426,majority_remove
reddit_1l821rv_mx3mzzi,3,2,0.6666666666666666,1.3570295485611104,3.3494593998086493,0.4356107652981531,0.8211118630943426,majority_remove
reddit_1l83szj_mx1zerl,8,7,0.875,1.3570295485611104,3.3494593998086493,0.6576977780815931,0.7444108062308672,majority_remove
reddit_1l89k64_mx3618x,4,1,0.25,1.3570295485611104,3.3494593998086493,0.27072101768445367,0.5068029795233617,majority_keep
reddit_1l8ae64_mx3967d,3,3,1.0,1.3570295485611104,3.3494593998086493,0.5653715430919811,0.8201728525283785,unanimous_remove
reddit_1l8eqsg_mx63fei,3,2,0.6666666666666666,1.3570295485611104,3.3494593998086493,0.4356107652981531,0.8211118630943426,majority_remove
reddit_1l8ha5n_mx5ng9w,11,6,0.5454545454545454,1.3570295485611104,3.3494593998086493,0.4684070114425367,0.9575198287126869,majority_remove
reddit_1l8ub8d_mx7j3ap,4,2,0.5,1.3570295485611104,3.3494593998086493,0.38557787972494867,0.7779202155273284,tie
reddit_1l8ytx1_mx8ot0s,7,6,0.8571428571428571,1.3570295485611104,3.3494593998086493,0.6284573949549277,0.7995129736991937,majority_remove
reddit_1l8zsgk_mxbg6x2,8,2,0.25,1.3570295485611104,3.3494593998086493,0.2641980457545525,0.5064443519420101,majority_keep
reddit_1l90581_mx8tbj1,3,1,0.3333333333333333,1.3570295485611104,3.3494593998086493,0.30584998750432507,0.5897241978876234,majority_keep
reddit_1l90e05_mx94ch3,6,4,0.6666666666666666,1.3570295485611104,3.3494593998086493,0.5003535308722106,0.9144837987662224,majority_remove
reddit_1l971n7_mxavc8y,9,4,0.4444444444444444,1.3570295485611104,3.3494593998086493,0.3908389353933176,0.859478444294711,majority_keep
reddit_1l9jij3_mxetx1q,4,2,0.5,1.3570295485611104,3.3494593998086493,0.38557787972494867,0.7779202155273284,tie
reddit_1l9kcqg_mxd9p9a,4,1,0.25,1.3570295485611104,3.3494593998086493,0.27072101768445367,0.5068029795233617,majority_keep
reddit_1l9kcqg_mxeo5r0,6,3,0.5,1.3570295485611104,3.3494593998086493,0.40695222958452126,0.8471663696105847,tie
reddit_1l9kcqg_mxi4sy5,4,1,0.25,1.3570295485611104,3.3494593998086493,0.27072101768445367,0.5068029795233617,majority_keep
reddit_1l9nlap_mxfbf9g,5,2,0.4,1.3570295485611104,3.3494593998086493,0.34585415657686763,0.7155023565292364,majority_keep
reddit_1l9x4u6_mxg3w58,6,0,0.0,1.3570295485611104,3.3494593998086493,0.1267483257214533,0.11616418362646559,unanimous_keep
reddit_1la39e8_mxhzb2y,3,1,0.3333333333333333,1.3570295485611104,3.3494593998086493,0.30584998750432507,0.5897241978876234,majority_keep
reddit_1la39e8_mxkk9zk,5,2,0.4,1.3570295485611104,3.3494593998086493,0.34585415657686763,0.7155023565292364,majority_keep
reddit_1la5fmz_mxi08po,3,1,0.3333333333333333,1.3570295485611104,3.3494593998086493,0.30584998750432507,0.5897241978876234,majority_keep
reddit_1la5sat_mxif8c2,7,4,0.5714285714285714,1.3570295485611104,3.3494593998086493,0.45761197675816606,0.9146953129812244,majority_remove
reddit_1ladra4_mxkks2w,7,5,0.7142857142857143,1.3570295485611104,3.3494593998086493,0.5430346858565469,0.9142725834471024,majority_remove
reddit_1lah4yw_mxlfca5,3,2,0.6666666666666666,1.3570295485611104,3.3494593998086493,0.4356107652981531,0.8211118630943426,majority_remove
reddit_1lah4yw_mxlqgqp,3,1,0.3333333333333333,1.3570295485611104,3.3494593998086493,0.30584998750432507,0.5897241978876234,majority_keep
reddit_1lah4yw_mxmb885,6,3,0.5,1.3570295485611104,3.3494593998086493,0.40695222958452126,0.8471663696105847,tie
reddit_1lak3sm_mxljydv,3,2,0.6666666666666666,1.3570295485611104,3.3494593998086493,0.4356107652981531,0.8211118630943426,majority_remove
reddit_1laoyyl_mxs5gwk,3,2,0.6666666666666666,1.3570295485611104,3.3494593998086493,0.4356107652981531,0.8211118630943426,majority_remove
reddit_1larmmc_mxufr69,7,4,0.5714285714285714,1.3570295485611104,3.3494593998086493,0.45761197675816606,0.9146953129812244,majority_remove
reddit_1lauyl0_mxq44dy,6,3,0.5,1.3570295485611104,3.3494593998086493,0.40695222958452126,0.8471663696105847,tie
reddit_1lb2bgh_mxpeq2f,6,3,0.5,1.3570295485611104,3.3494593998086493,0.40695222958452126,0.8471663696105847,tie
reddit_1lb7j2l_mxqcwtt,3,1,0.3333333333333333,1.3570295485611104,3.3494593998086493,0.30584998750432507,0.5897241978876234,majority_keep
reddit_1lbebmn_mxs2ki0,3,2,0.6666666666666666,1.3570295485611104,3.3494593998086493,0.4356107652981531,0.8211118630943426,majority_remove
reddit_1lbebmn_mxt1107,4,0,0.0,1.3570295485611104,3.3494593998086493,0.15586415564395867,0.19375829088398777,unanimous_keep
reddit_1lbge70_mxt8whl,3,0,0.0,1.3570295485611104,3.3494593998086493,0.17608920971049702,0.24889425208860305,unanimous_keep
reddit_1lbmpv1_my93xao,5,0,0.0,1.3570295485611104,3.3494593998086493,0.13980642802761636,0.15024769217992295,unanimous_keep
reddit_1lbol1g_mxuoti2,4,3,0.75,1.3570295485611104,3.3494593998086493,0.5004347417654437,0.877072144291462,majority_remove
reddit_1lbu9k4_mxvg3ds,3,2,0.6666666666666666,1.3570295485611104,3.3494593998086493,0.4356107652981531,0.8211118630943426,majority_remove
reddit_1lc3k19_mxxd9rj,3,2,0.6666666666666666,1.3570295485611104,3.3494593998086493,0.4356107652981531,0.8211118630943426,majority_remove
reddit_1lc4tz7_mxxy2z2,8,6,0.75,1.3570295485611104,3.3494593998086493,0.578997831616185,0.8927172634719791,majority_remove
reddit_1lc4tz7_mxywa8h,8,5,0.625,1.3570295485611104,3.3494593998086493,0.5002978851507769,0.9398878458071548,majority_remove
reddit_1lc6l57_my0bwfh,8,0,0.0,1.3570295485611104,3.3494593998086493,0.10679815282373634,0.06897003715873785,unanimous_keep
reddit_1lc6l57_my0ytub,4,1,0.25,1.3570295485611104,3.3494593998086493,0.27072101768445367,0.5068029795233617,majority_keep
reddit_1lccvte_mxzu29w,3,0,0.0,1.3570295485611104,3.3494593998086493,0.17608920971049702,0.24889425208860305,unanimous_keep
reddit_1lccvte_my22llo,3,0,0.0,1.3570295485611104,3.3494593998086493,0.17608920971049702,0.24889425208860305,unanimous_keep
reddit_1lcei2c_mxzuzmy,4,2,0.5,1.3570295485611104,3.3494593998086493,0.38557787972494867,0.7779202155273284,tie
reddit_1lcovdy_my2cglp,14,8,0.5714285714285714,1.3570295485611104,3.3494593998086493,0.5002023401818844,0.9782721903295515,majority_remove
reddit_1lcovdy_my3561g,3,2,0.6666666666666666,1.3570295485611104,3.3494593998086493,0.4356107652981531,0.8211118630943426,majority_remove
reddit_1lcqi6x_myakrzf,3,3,1.0,1.3570295485611104,3.3494593998086493,0.5653715430919811,0.8201728525283785,unanimous_remove
reddit_1lcw1or_my5zj61,5,4,0.8,1.3570295485611104,3.3494593998086493,0.5519018851261189,0.8767611458907679,majority_remove
reddit_1lcw71b_my3stt6,3,1,0.3333333333333333,1.3570295485611104,3.3494593998086493,0.30584998750432507,0.5897241978876234,majority_keep
reddit_1ld25h9_my5nlaf,3,0,0.0,1.3570295485611104,3.3494593998086493,0.17608920971049702,0.24889425208860305,unanimous_keep
reddit_1ld36t6_my57phr,7,2,0.2857142857142857,1.3570295485611104,3.3494593998086493,0.28676655856140437,0.575118950925259,majority_keep
reddit_1ld36t6_my5zoeb,4,0,0.0,1.3570295485611104,3.3494593998086493,0.15586415564395867,0.19375829088398777,unanimous_keep
reddit_1ld6xmh_my61je7,5,0,0.0,1.3570295485611104,3.3494593998086493,0.13980642802761636,0.15024769217992295,unanimous_keep
reddit_1ldcmx4_myb5e6t,7,3,0.4285714285714285,1.3570295485611104,3.3494593998086493,0.3721892676597852,0.800827684200982,majority_keep
reddit_1ldfp3f_my9la2q,5,5,1.0,1.3570295485611104,3.3494593998086493,0.6549257494007446,0.71370101147531,unanimous_remove
reddit_1ldsaaf_myb6jib,3,3,1.0,1.3570295485611104,3.3494593998086493,0.5653715430919811,0.8201728525283785,unanimous_remove
reddit_1ldv50r_mybaffg,5,3,0.6,1.3570295485611104,3.3494593998086493,0.44887802085149325,0.877383683978771,majority_remove
reddit_1ldv50r_mychu6v,5,5,1.0,1.3570295485611104,3.3494593998086493,0.6549257494007446,0.71370101147531,unanimous_remove
reddit_1ldv50r_mydfs2z,3,2,0.6666666666666666,1.3570295485611104,3.3494593998086493,0.4356107652981531,0.8211118630943426,majority_remove
reddit_1le53mq_myfenvc,4,3,0.75,1.3570295485611104,3.3494593998086493,0.5004347417654437,0.877072144291462,majority_remove
reddit_1le8acl_myel7tl,5,3,0.6,1.3570295485611104,3.3494593998086493,0.44887802085149325,0.877383683978771,majority_remove
reddit_1le9b7h_myew0mj,5,3,0.6,1.3570295485611104,3.3494593998086493,0.44887802085149325,0.877383683978771,majority_remove
reddit_1leau17_myeyt0t,3,0,0.0,1.3570295485611104,3.3494593998086493,0.17608920971049702,0.24889425208860305,unanimous_keep
reddit_1leau17_myjmash,3,1,0.3333333333333333,1.3570295485611104,3.3494593998086493,0.30584998750432507,0.5897241978876234,majority_keep
reddit_1ledflx_myffytq,3,0,0.0,1.3570295485611104,3.3494593998086493,0.17608920971049702,0.24889425208860305,unanimous_keep
reddit_1ledflx_myflb5i,4,3,0.75,1.3570295485611104,3.3494593998086493,0.5004347417654437,0.877072144291462,majority_remove
reddit_1ledflx_myfnre8,5,3,0.6,1.3570295485611104,3.3494593998086493,0.44887802085149325,0.877383683978771,majority_remove
reddit_1lefqqw_myg1eut,4,1,0.25,1.3570295485611104,3.3494593998086493,0.27072101768445367,0.5068029795233617,majority_keep
reddit_1legu6v_myg9cen,3,1,0.3333333333333333,1.3570295485611104,3.3494593998086493,0.30584998750432507,0.5897241978876234,majority_keep
reddit_1legu6v_mygt2si,4,3,0.75,1.3570295485611104,3.3494593998086493,0.5004347417654437,0.877072144291462,majority_remove
reddit_1lehy84_myiusp4,11,8,0.7272727272727273,1.3570295485611104,3.3494593998086493,0.5957429174221852,0.8995441549507543,majority_remove
reddit_1lejf7b_myhffjv,3,1,0.3333333333333333,1.3570295485611104,3.3494593998086493,0.30584998750432507,0.5897241978876234,majority_keep
reddit_1lel8xy_mykb0o9,7,4,0.5714285714285714,1.3570295485611104,3.3494593998086493,0.45761197675816606,0.9146953129812244,majority_remove
reddit_1lemamg_myhex7t,3,0,0.0,1.3570295485611104,3.3494593998086493,0.17608920971049702,0.24889425208860305,unanimous_keep
reddit_1lenxv4_myhugyl,7,1,0.1428571428571428,1.3570295485611104,3.3494593998086493,0.20134384946302358,0.2991154978075321,majority_keep
reddit_1lenxv4_myhwg1c,4,3,0.75,1.3570295485611104,3.3494593998086493,0.5004347417654437,0.877072144291462,majority_remove
reddit_1lenyao_myl7gku,3,1,0.3333333333333333,1.3570295485611104,3.3494593998086493,0.30584998750432507,0.5897241978876234,majority_keep
reddit_1lepsty_myi2i1q,5,2,0.4,1.3570295485611104,3.3494593998086493,0.34585415657686763,0.7155023565292364,majority_keep
reddit_1lepsty_myj3enb,4,2,0.5,1.3570295485611104,3.3494593998086493,0.38557787972494867,0.7779202155273284,tie
reddit_1ler0ab_myiggh9,5,0,0.0,1.3570295485611104,3.3494593998086493,0.13980642802761636,0.15024769217992295,unanimous_keep
reddit_1let2t2_myjhkwv,3,2,0.6666666666666666,1.3570295485611104,3.3494593998086493,0.4356107652981531,0.8211118630943426,majority_remove
reddit_1let2t2_myk0hxt,3,2,0.6666666666666666,1.3570295485611104,3.3494593998086493,0.4356107652981531,0.8211118630943426,majority_remove
reddit_1let2t2_myki9oj,5,5,1.0,1.3570295485611104,3.3494593998086493,0.6549257494007446,0.71370101147531,unanimous_remove
reddit_1lf1k51_mykyymd,3,2,0.6666666666666666,1.3570295485611104,3.3494593998086493,0.4356107652981531,0.8211118630943426,majority_remove
reddit_1lf1k51_myljmte,4,4,1.0,1.3570295485611104,3.3494593998086493,0.6152916038059387,0.7764316142622218,unanimous_remove
reddit_1lf2x6s_mymcjw9,4,3,0.75,1.3570295485611104,3.3494593998086493,0.5004347417654437,0.877072144291462,majority_remove
reddit_1lf7326_mymmyfy,5,2,0.4,1.3570295485611104,3.3494593998086493,0.34585415657686763,0.7155023565292364,majority_keep
reddit_1lfbzhs_myp2wet,6,3,0.5,1.3570295485611104,3.3494593998086493,0.40695222958452126,0.8471663696105847,tie
reddit_1lfhtpc_myoqf09,6,1,0.1666666666666666,1.3570295485611104,3.3494593998086493,0.22014962700914262,0.35987758399354103,majority_keep
reddit_1lflf8j_myrcho3,7,3,0.4285714285714285,1.3570295485611104,3.3494593998086493,0.3721892676597852,0.800827684200982,majority_keep
reddit_1lfmfhs_myq4ibi,4,2,0.5,1.3570295485611104,3.3494593998086493,0.38557787972494867,0.7779202155273284,tie
reddit_1lfncw1_mypnvr1,5,5,1.0,1.3570295485611104,3.3494593998086493,0.6549257494007446,0.71370101147531,unanimous_remove
reddit_1lfq7q5_myr99xl,4,3,0.75,1.3570295485611104,3.3494593998086493,0.5004347417654437,0.877072144291462,majority_remove
reddit_1lfwhpi_myu1ie6,4,2,0.5,1.3570295485611104,3.3494593998086493,0.38557787972494867,0.7779202155273284,tie
reddit_1lfwyxu_mywt0pr,3,1,0.3333333333333333,1.3570295485611104,3.3494593998086493,0.30584998750432507,0.5897241978876234,majority_keep
reddit_1lg0jx2_myslgv3,7,4,0.5714285714285714,1.3570295485611104,3.3494593998086493,0.45761197675816606,0.9146953129812244,majority_remove
reddit_1lg1iv5_myw2w3x,7,4,0.5714285714285714,1.3570295485611104,3.3494593998086493,0.45761197675816606,0.9146953129812244,majority_remove
reddit_1lg8nfc_myuy2mf,3,1,0.3333333333333333,1.3570295485611104,3.3494593998086493,0.30584998750432507,0.5897241978876234,majority_keep
reddit_1lg8nfc_myxocy2,4,2,0.5,1.3570295485611104,3.3494593998086493,0.38557787972494867,0.7779202155273284,tie
reddit_1lgcokh_myvf1zx,6,4,0.6666666666666666,1.3570295485611104,3.3494593998086493,0.5003535308722106,0.9144837987662224,majority_remove
reddit_1lgdkn9_myxcbvk,4,2,0.5,1.3570295485611104,3.3494593998086493,0.38557787972494867,0.7779202155273284,tie
reddit_1lgg7uy_myw40xj,8,5,0.625,1.3570295485611104,3.3494593998086493,0.5002978851507769,0.9398878458071548,majority_remove
reddit_1lgkon2_myziyi9,6,3,0.5,1.3570295485611104,3.3494593998086493,0.40695222958452126,0.8471663696105847,tie
reddit_1lgvuze_mz04mzj,3,0,0.0,1.3570295485611104,3.3494593998086493,0.17608920971049702,0.24889425208860305,unanimous_keep
reddit_1lgxjda_mz0ft3r,10,7,0.7,1.3570295485611104,3.3494593998086493,0.568254569659708,0.9244869705736072,majority_remove
reddit_1lh1k0s_mz0x3m7,6,2,0.3333333333333333,1.3570295485611104,3.3494593998086493,0.31355092829683195,0.6458901337489713,majority_keep
reddit_1lh3h92_mz2k6wk,3,1,0.3333333333333333,1.3570295485611104,3.3494593998086493,0.30584998750432507,0.5897241978876234,majority_keep
reddit_1lh7wks_mz321f4,3,1,0.3333333333333333,1.3570295485611104,3.3494593998086493,0.30584998750432507,0.5897241978876234,majority_keep
reddit_1lhacy4_mz3owf1,6,3,0.5,1.3570295485611104,3.3494593998086493,0.40695222958452126,0.8471663696105847,tie
reddit_1lhaiqa_mz2soxs,13,6,0.4615384615384615,1.3570295485611104,3.3494593998086493,0.41549906195482494,0.9288070502441963,majority_keep
reddit_1lhaiqa_mz2wefd,7,2,0.2857142857142857,1.3570295485611104,3.3494593998086493,0.28676655856140437,0.575118950925259,majority_keep
reddit_1lhaiqa_mz38zhj,4,4,1.0,1.3570295485611104,3.3494593998086493,0.6152916038059387,0.7764316142622218,unanimous_remove
reddit_1lhaiqa_mz3l0ob,9,8,0.8888888888888888,1.3570295485611104,3.3494593998086493,0.6826715130189507,0.6850197544451352,majority_remove
reddit_1lhaiqa_mz5dk9g,4,3,0.75,1.3570295485611104,3.3494593998086493,0.5004347417654437,0.877072144291462,majority_remove
reddit_1lhaiqa_mz6eag8,5,2,0.4,1.3570295485611104,3.3494593998086493,0.34585415657686763,0.7155023565292364,majority_keep
reddit_1lhasp2_mz2qd3m,6,3,0.5,1.3570295485611104,3.3494593998086493,0.40695222958452126,0.8471663696105847,tie
reddit_1lhb1xc_mz34ou1,5,3,0.6,1.3570295485611104,3.3494593998086493,0.44887802085149325,0.877383683978771,majority_remove
reddit_1lhc2z7_mz3clbl,7,5,0.7142857142857143,1.3570295485611104,3.3494593998086493,0.5430346858565469,0.9142725834471024,majority_remove
reddit_1lhc2z7_mz3evha,5,2,0.4,1.3570295485611104,3.3494593998086493,0.34585415657686763,0.7155023565292364,majority_keep
reddit_1lhc9kv_mz32ep2,3,2,0.6666666666666666,1.3570295485611104,3.3494593998086493,0.4356107652981531,0.8211118630943426,majority_remove
reddit_1lhc9kv_mz3t618,6,3,0.5,1.3570295485611104,3.3494593998086493,0.40695222958452126,0.8471663696105847,tie
reddit_1lhd25r_mz3c86o,3,2,0.6666666666666666,1.3570295485611104,3.3494593998086493,0.4356107652981531,0.8211118630943426,majority_remove
reddit_1lhd2jf_mz399q1,4,3,0.75,1.3570295485611104,3.3494593998086493,0.5004347417654437,0.877072144291462,majority_remove
reddit_1lhdcmq_mz3tdwy,4,1,0.25,1.3570295485611104,3.3494593998086493,0.27072101768445367,0.5068029795233617,majority_keep
reddit_1lhdd2s_mz3d6k5,8,7,0.875,1.3570295485611104,3.3494593998086493,0.6576977780815931,0.7444108062308672,majority_remove
reddit_1lhdd2s_mz3esf7,3,1,0.3333333333333333,1.3570295485611104,3.3494593998086493,0.30584998750432507,0.5897241978876234,majority_keep
reddit_1lhdd2s_mz5yqxo,3,1,0.3333333333333333,1.3570295485611104,3.3494593998086493,0.30584998750432507,0.5897241978876234,majority_keep
reddit_1lhdd2s_mz6c2cj,6,2,0.3333333333333333,1.3570295485611104,3.3494593998086493,0.31355092829683195,0.6458901337489713,majority_keep
reddit_1lhfkqj_mz3xx6j,5,1,0.2,1.3570295485611104,3.3494593998086493,0.24283029230224198,0.42933012008301863,majority_keep
reddit_1lhl7ax_mz5kpu7,3,2,0.6666666666666666,1.3570295485611104,3.3494593998086493,0.4356107652981531,0.8211118630943426,majority_remove
reddit_1lhmao6_mz53jpc,3,0,0.0,1.3570295485611104,3.3494593998086493,0.17608920971049702,0.24889425208860305,unanimous_keep
reddit_1lhnhbh_mz5eo6w,5,5,1.0,1.3570295485611104,3.3494593998086493,0.6549257494007446,0.71370101147531,unanimous_remove
reddit_1lhovep_mz5mk8q,3,3,1.0,1.3570295485611104,3.3494593998086493,0.5653715430919811,0.8201728525283785,unanimous_remove
reddit_1lhrgof_mz6vo58,8,5,0.625,1.3570295485611104,3.3494593998086493,0.5002978851507769,0.9398878458071548,majority_remove
reddit_1lhskj9_mz74jq8,11,9,0.8181818181818182,1.3570295485611104,3.3494593998086493,0.6594108704120094,0.7687103233453793,majority_remove
reddit_1lhu966_mz77e1e,3,3,1.0,1.3570295485611104,3.3494593998086493,0.5653715430919811,0.8201728525283785,unanimous_remove
reddit_1lhvap3_mz7b303,8,5,0.625,1.3570295485611104,3.3494593998086493,0.5002978851507769,0.9398878458071548,majority_remove
reddit_1lhzhcf_mz832zz,4,4,1.0,1.3570295485611104,3.3494593998086493,0.6152916038059387,0.7764316142622218,unanimous_remove
reddit_1li0ysy_mz9enah,3,0,0.0,1.3570295485611104,3.3494593998086493,0.17608920971049702,0.24889425208860305,unanimous_keep
reddit_1li1i09_mzaaog4,3,0,0.0,1.3570295485611104,3.3494593998086493,0.17608920971049702,0.24889425208860305,unanimous_keep
reddit_1li1vg1_mz9ck7x,9,9,1.0,1.3570295485611104,3.3494593998086493,0.7556296574253589,0.43977544115701345,unanimous_remove
reddit_1li24by_mz8nqy3,4,4,1.0,1.3570295485611104,3.3494593998086493,0.6152916038059387,0.7764316142622218,unanimous_remove
reddit_1li51oc_mz9elhs,6,2,0.3333333333333333,1.3570295485611104,3.3494593998086493,0.31355092829683195,0.6458901337489713,majority_keep
reddit_1lid9c0_mzbx3nu,5,2,0.4,1.3570295485611104,3.3494593998086493,0.34585415657686763,0.7155023565292364,majority_keep
reddit_1liejsg_mzbgwyp,6,5,0.8333333333333334,1.3570295485611104,3.3494593998086493,0.5937548321598999,0.8461335106224761,majority_remove
reddit_1liejsg_mzd5b40,6,4,0.6666666666666666,1.3570295485611104,3.3494593998086493,0.5003535308722106,0.9144837987662224,majority_remove
reddit_1lihh6h_mzcpoe8,5,3,0.6,1.3570295485611104,3.3494593998086493,0.44887802085149325,0.877383683978771,majority_remove
reddit_1liihep_mzsjxyx,3,2,0.6666666666666666,1.3570295485611104,3.3494593998086493,0.4356107652981531,0.8211118630943426,majority_remove
reddit_1likxua_mzcvfye,3,1,0.3333333333333333,1.3570295485611104,3.3494593998086493,0.30584998750432507,0.5897241978876234,majority_keep
reddit_1lioyxa_mze2ujl,5,4,0.8,1.3570295485611104,3.3494593998086493,0.5519018851261189,0.8767611458907679,majority_remove
reddit_1litvkr_mzf63vu,4,4,1.0,1.3570295485611104,3.3494593998086493,0.6152916038059387,0.7764316142622218,unanimous_remove
reddit_1liwnnw_mzfdw9h,3,3,1.0,1.3570295485611104,3.3494593998086493,0.5653715430919811,0.8201728525283785,unanimous_remove
reddit_1lixx1v_mzh7xu7,3,1,0.3333333333333333,1.3570295485611104,3.3494593998086493,0.30584998750432507,0.5897241978876234,majority_keep
reddit_1liz1et_mzgct01,3,3,1.0,1.3570295485611104,3.3494593998086493,0.5653715430919811,0.8201728525283785,unanimous_remove
reddit_1liz1et_mzgg47e,3,2,0.6666666666666666,1.3570295485611104,3.3494593998086493,0.4356107652981531,0.8211118630943426,majority_remove
reddit_1liz1et_mzgwvwp,5,2,0.4,1.3570295485611104,3.3494593998086493,0.34585415657686763,0.7155023565292364,majority_keep
reddit_1lj8oo7_mzi1id9,5,5,1.0,1.3570295485611104,3.3494593998086493,0.6549257494007446,0.71370101147531,unanimous_remove
reddit_1lj8w0k_mzi2hs7,6,2,0.3333333333333333,1.3570295485611104,3.3494593998086493,0.31355092829683195,0.6458901337489713,majority_keep
reddit_1lj8w0k_mzjixbl,4,0,0.0,1.3570295485611104,3.3494593998086493,0.15586415564395867,0.19375829088398777,unanimous_keep
reddit_1ljd0io_mzk5kjd,3,0,0.0,1.3570295485611104,3.3494593998086493,0.17608920971049702,0.24889425208860305,unanimous_keep
reddit_1ljewdi_mzjb1d2,4,1,0.25,1.3570295485611104,3.3494593998086493,0.27072101768445367,0.5068029795233617,majority_keep
reddit_1ljgaqj_mzl1a7g,5,4,0.8,1.3570295485611104,3.3494593998086493,0.5519018851261189,0.8767611458907679,majority_remove
reddit_1ljgsrb_mzl9rjj,3,2,0.6666666666666666,1.3570295485611104,3.3494593998086493,0.4356107652981531,0.8211118630943426,majority_remove
reddit_1ljlipu_mzm21t9,5,4,0.8,1.3570295485611104,3.3494593998086493,0.5519018851261189,0.8767611458907679,majority_remove
reddit_1ljlipu_mzm5cxs,4,1,0.25,1.3570295485611104,3.3494593998086493,0.27072101768445367,0.5068029795233617,majority_keep
reddit_1ljlipu_mzmxvco,6,5,0.8333333333333334,1.3570295485611104,3.3494593998086493,0.5937548321598999,0.8461335106224761,majority_remove
reddit_1ljlipu_mznx4ff,9,6,0.6666666666666666,1.3570295485611104,3.3494593998086493,0.5367552242061341,0.9397420798445433,majority_remove
reddit_1ljntpd_mzm7u99,3,1,0.3333333333333333,1.3570295485611104,3.3494593998086493,0.30584998750432507,0.5897241978876234,majority_keep
reddit_1lju5uj_mznktok,3,1,0.3333333333333333,1.3570295485611104,3.3494593998086493,0.30584998750432507,0.5897241978876234,majority_keep
reddit_1ljwllj_mzqzk1u,4,1,0.25,1.3570295485611104,3.3494593998086493,0.27072101768445367,0.5068029795233617,majority_keep
reddit_1ljy33e_mzp8b9t,9,5,0.5555555555555556,1.3570295485611104,3.3494593998086493,0.46379707979972584,0.9400337855593679,majority_remove
reddit_1lk2jrt_mzphy2n,3,2,0.6666666666666666,1.3570295485611104,3.3494593998086493,0.4356107652981531,0.8211118630943426,majority_remove
reddit_1lk2jrt_mzpuz8e,3,2,0.6666666666666666,1.3570295485611104,3.3494593998086493,0.4356107652981531,0.8211118630943426,majority_remove
reddit_1lk2jrt_mzr9wj4,3,0,0.0,1.3570295485611104,3.3494593998086493,0.17608920971049702,0.24889425208860305,unanimous_keep
reddit_1lk9lo4_mzqptjn,5,0,0.0,1.3570295485611104,3.3494593998086493,0.13980642802761636,0.15024769217992295,unanimous_keep
reddit_1lk9lo4_mzrv40p,4,1,0.25,1.3570295485611104,3.3494593998086493,0.27072101768445367,0.5068029795233617,majority_keep
reddit_1lk9r75_mzq7ul4,6,3,0.5,1.3570295485611104,3.3494593998086493,0.40695222958452126,0.8471663696105847,tie
reddit_1lkbvgo_mzqh5dc,3,1,0.3333333333333333,1.3570295485611104,3.3494593998086493,0.30584998750432507,0.5897241978876234,majority_keep
reddit_1lkicqn_mzsqimb,3,1,0.3333333333333333,1.3570295485611104,3.3494593998086493,0.30584998750432507,0.5897241978876234,majority_keep
reddit_1lkiugc_mzsqqwz,3,2,0.6666666666666666,1.3570295485611104,3.3494593998086493,0.4356107652981531,0.8211118630943426,majority_remove
reddit_1lkj9on_mzss677,5,3,0.6,1.3570295485611104,3.3494593998086493,0.44887802085149325,0.877383683978771,majority_remove
reddit_1lkj9on_mztd4nb,6,1,0.1666666666666666,1.3570295485611104,3.3494593998086493,0.22014962700914262,0.35987758399354103,majority_keep
reddit_1lkj9on_mzu7g7e,4,3,0.75,1.3570295485611104,3.3494593998086493,0.5004347417654437,0.877072144291462,majority_remove
reddit_1lkrt15_mzujlb2,3,1,0.3333333333333333,1.3570295485611104,3.3494593998086493,0.30584998750432507,0.5897241978876234,majority_keep
reddit_1lku9rd_mzwvvea,4,2,0.5,1.3570295485611104,3.3494593998086493,0.38557787972494867,0.7779202155273284,tie
reddit_1ll2jq0_mzwd15s,8,5,0.625,1.3570295485611104,3.3494593998086493,0.5002978851507769,0.9398878458071548,majority_remove
reddit_1ll3t6a_mzxvc5t,5,2,0.4,1.3570295485611104,3.3494593998086493,0.34585415657686763,0.7155023565292364,majority_keep
reddit_1ll4zo9_mzwzocn,3,1,0.3333333333333333,1.3570295485611104,3.3494593998086493,0.30584998750432507,0.5897241978876234,majority_keep
reddit_1ll64cx_mzy3xsw,3,2,0.6666666666666666,1.3570295485611104,3.3494593998086493,0.4356107652981531,0.8211118630943426,majority_remove
reddit_1ll6sj4_n0e8jq0,9,2,0.2222222222222222,1.3570295485611104,3.3494593998086493,0.24492264658050106,0.44173349491515923,majority_keep
reddit_1ll7ev6_n0avox8,8,4,0.5,1.3570295485611104,3.3494593998086493,0.42159793868536877,0.8934404101219868,tie
reddit_1ll7qvq_mzz5mod,4,2,0.5,1.3570295485611104,3.3494593998086493,0.38557787972494867,0.7779202155273284,tie
reddit_1llhla8_mzzudo3,4,2,0.5,1.3570295485611104,3.3494593998086493,0.38557787972494867,0.7779202155273284,tie
reddit_1llhsbw_n03wayw,7,3,0.4285714285714285,1.3570295485611104,3.3494593998086493,0.3721892676597852,0.800827684200982,majority_keep
reddit_1llkodo_n00iq4b,4,1,0.25,1.3570295485611104,3.3494593998086493,0.27072101768445367,0.5068029795233617,majority_keep
reddit_1llkodo_n00qp4w,6,4,0.6666666666666666,1.3570295485611104,3.3494593998086493,0.5003535308722106,0.9144837987662224,majority_remove
reddit_1llpslt_n04c3in,4,2,0.5,1.3570295485611104,3.3494593998086493,0.38557787972494867,0.7779202155273284,tie
reddit_1llpslt_n04eyup,3,3,1.0,1.3570295485611104,3.3494593998086493,0.5653715430919811,0.8201728525283785,unanimous_remove
reddit_1llsj73_n02h23v,9,3,0.3333333333333333,1.3570295485611104,3.3494593998086493,0.3178807909869093,0.6866666354255273,majority_keep
reddit_1llv1mo_n02jnqx,5,5,1.0,1.3570295485611104,3.3494593998086493,0.6549257494007446,0.71370101147531,unanimous_remove
reddit_1llvimx_n04o8kr,3,3,1.0,1.3570295485611104,3.3494593998086493,0.5653715430919811,0.8201728525283785,unanimous_remove
reddit_1llxy9h_n03may5,8,4,0.5,1.3570295485611104,3.3494593998086493,0.42159793868536877,0.8934404101219868,tie
reddit_1llzlg3_n0405rv,8,2,0.25,1.3570295485611104,3.3494593998086493,0.2641980457545525,0.5064443519420101,majority_keep
reddit_1llzlg3_n045fi5,5,5,1.0,1.3570295485611104,3.3494593998086493,0.6549257494007446,0.71370101147531,unanimous_remove
reddit_1llzlg3_n05meju,5,1,0.2,1.3570295485611104,3.3494593998086493,0.24283029230224198,0.42933012008301863,majority_keep
reddit_1llzlg3_n07adq5,5,3,0.6,1.3570295485611104,3.3494593998086493,0.44887802085149325,0.877383683978771,majority_remove
reddit_1lm2u7a_n04p2in,5,2,0.4,1.3570295485611104,3.3494593998086493,0.34585415657686763,0.7155023565292364,majority_keep
reddit_1lmagph_n07r0kt,4,4,1.0,1.3570295485611104,3.3494593998086493,0.6152916038059387,0.7764316142622218,unanimous_remove
reddit_1lmagph_n089ea2,4,3,0.75,1.3570295485611104,3.3494593998086493,0.5004347417654437,0.877072144291462,majority_remove
reddit_1lmdum5_n0akldg,5,3,0.6,1.3570295485611104,3.3494593998086493,0.44887802085149325,0.877383683978771,majority_remove
reddit_1lmon84_n090uep,3,3,1.0,1.3570295485611104,3.3494593998086493,0.5653715430919811,0.8201728525283785,unanimous_remove
reddit_1lmpk2r_n09ox4m,4,3,0.75,1.3570295485611104,3.3494593998086493,0.5004347417654437,0.877072144291462,majority_remove
reddit_1lmuz5v_n0agbvg,6,4,0.6666666666666666,1.3570295485611104,3.3494593998086493,0.5003535308722106,0.9144837987662224,majority_remove
reddit_1ln4vc3_n0f5jof,6,6,1.0,1.3570295485611104,3.3494593998086493,0.6871561334475892,0.6439235665864464,unanimous_remove
reddit_1lnawk8_n0e33p2,7,3,0.4285714285714285,1.3570295485611104,3.3494593998086493,0.3721892676597852,0.800827684200982,majority_keep
reddit_1lnd62d_n0h89fl,5,5,1.0,1.3570295485611104,3.3494593998086493,0.6549257494007446,0.71370101147531,unanimous_remove
reddit_1lndmw8_n0f2u35,6,3,0.5,1.3570295485611104,3.3494593998086493,0.40695222958452126,0.8471663696105847,tie
reddit_1lnky8r_n0iggea,6,1,0.1666666666666666,1.3570295485611104,3.3494593998086493,0.22014962700914262,0.35987758399354103,majority_keep
reddit_1lnoh6c_n0grmjx,4,2,0.5,1.3570295485611104,3.3494593998086493,0.38557787972494867,0.7779202155273284,tie
reddit_1lnr12b_n0hgxk8,5,1,0.2,1.3570295485611104,3.3494593998086493,0.24283029230224198,0.42933012008301863,majority_keep
reddit_1lnr12b_n0je2jn,3,2,0.6666666666666666,1.3570295485611104,3.3494593998086493,0.4356107652981531,0.8211118630943426,majority_remove
reddit_1lntb5c_n0i3evd,8,4,0.5,1.3570295485611104,3.3494593998086493,0.42159793868536877,0.8934404101219868,tie
reddit_1lntb5c_n0ilays,3,3,1.0,1.3570295485611104,3.3494593998086493,0.5653715430919811,0.8201728525283785,unanimous_remove
reddit_1lntb5c_n0j2p0p,4,2,0.5,1.3570295485611104,3.3494593998086493,0.38557787972494867,0.7779202155273284,tie
reddit_1lntb5c_n0k3rkl,10,3,0.3,1.3570295485611104,3.3494593998086493,0.2962657887859831,0.6257229803519038,majority_keep
reddit_1lnv2o6_n0ln0ig,3,3,1.0,1.3570295485611104,3.3494593998086493,0.5653715430919811,0.8201728525283785,unanimous_remove
reddit_1lo4shk_n0l77d9,10,9,0.9,1.3570295485611104,3.3494593998086493,0.7042489600965705,0.6239959002538642,majority_remove
reddit_1lo5oib_n0ljnsi,4,2,0.5,1.3570295485611104,3.3494593998086493,0.38557787972494867,0.7779202155273284,tie
reddit_1lo9qaa_n0lzu1w,5,3,0.6,1.3570295485611104,3.3494593998086493,0.44887802085149325,0.877383683978771,majority_remove
reddit_1loaept_n0m95hp,6,2,0.3333333333333333,1.3570295485611104,3.3494593998086493,0.31355092829683195,0.6458901337489713,majority_keep
reddit_1lobsyw_n0nlrzv,4,3,0.75,1.3570295485611104,3.3494593998086493,0.5004347417654437,0.877072144291462,majority_remove
reddit_1lojll9_n0nq8kf,3,1,0.3333333333333333,1.3570295485611104,3.3494593998086493,0.30584998750432507,0.5897241978876234,majority_keep
reddit_1lokvuo_n0ntzlu,3,3,1.0,1.3570295485611104,3.3494593998086493,0.5653715430919811,0.8201728525283785,unanimous_remove
reddit_1rqd674_o9rfscl,6,5,0.8333333333333334,1.3570295485611104,3.3494593998086493,0.5937548321598999,0.8461335106224761,majority_remove
reddit_1rqd674_o9rk2ac,3,1,0.3333333333333333,1.3570295485611104,3.3494593998086493,0.30584998750432507,0.5897241978876234,majority_keep
reddit_1rybeds_obun4av,4,1,0.25,1.3570295485611104,3.3494593998086493,0.27072101768445367,0.5068029795233617,majority_keep
reddit_1sb34fn_oe3gowj,3,1,0.3333333333333333,1.3570295485611104,3.3494593998086493,0.30584998750432507,0.5897241978876234,majority_keep
reddit_1sd2zf3_oepnkz4,4,0,0.0,1.3570295485611104,3.3494593998086493,0.15586415564395867,0.19375829088398777,unanimous_keep
reddit_1suuxc0_oidhocr,5,2,0.4,1.3570295485611104,3.3494593998086493,0.34585415657686763,0.7155023565292364,majority_keep
reddit_1t1vs4b_ojkne0y,3,0,0.0,1.3570295485611104,3.3494593998086493,0.17608920971049702,0.24889425208860305,unanimous_keep
reddit_1t1vs4b_ojkx5ee,4,1,0.25,1.3570295485611104,3.3494593998086493,0.27072101768445367,0.5068029795233617,majority_keep
reddit_1t1x818_ojjsgmt,4,1,0.25,1.3570295485611104,3.3494593998086493,0.27072101768445367,0.5068029795233617,majority_keep
reddit_1t1x818_ojjwqp6,3,0,0.0,1.3570295485611104,3.3494593998086493,0.17608920971049702,0.24889425208860305,unanimous_keep
reddit_1t1x818_ojjzie8,3,0,0.0,1.3570295485611104,3.3494593998086493,0.17608920971049702,0.24889425208860305,unanimous_keep
reddit_1t1x818_ojlduo3,4,1,0.25,1.3570295485611104,3.3494593998086493,0.27072101768445367,0.5068029795233617,majority_keep
reddit_1t1x818_ojn7brr,4,2,0.5,1.3570295485611104,3.3494593998086493,0.38557787972494867,0.7779202155273284,tie
reddit_1t1x818_ojndtg6,3,0,0.0,1.3570295485611104,3.3494593998086493,0.17608920971049702,0.24889425208860305,unanimous_keep
reddit_1t1x818_ojoezsy,3,1,0.3333333333333333,1.3570295485611104,3.3494593998086493,0.30584998750432507,0.5897241978876234,majority_keep
reddit_1t1zmb4_ojkfjhw,5,0,0.0,1.3570295485611104,3.3494593998086493,0.13980642802761636,0.15024769217992295,unanimous_keep
reddit_1t1zmb4_ojklvwl,4,1,0.25,1.3570295485611104,3.3494593998086493,0.27072101768445367,0.5068029795233617,majority_keep
reddit_1t1zmb4_ojkqmr3,3,2,0.6666666666666666,1.3570295485611104,3.3494593998086493,0.4356107652981531,0.8211118630943426,majority_remove
reddit_1t1zmb4_ojkvlnx,5,0,0.0,1.3570295485611104,3.3494593998086493,0.13980642802761636,0.15024769217992295,unanimous_keep
reddit_1t1zmb4_ojlhkn6,3,1,0.3333333333333333,1.3570295485611104,3.3494593998086493,0.30584998750432507,0.5897241978876234,majority_keep
reddit_1t1zmb4_ojljoj8,3,1,0.3333333333333333,1.3570295485611104,3.3494593998086493,0.30584998750432507,0.5897241978876234,majority_keep
reddit_1t1zmb4_ojlnqi7,3,1,0.3333333333333333,1.3570295485611104,3.3494593998086493,0.30584998750432507,0.5897241978876234,majority_keep
reddit_1t1zmb4_ojmillc,3,0,0.0,1.3570295485611104,3.3494593998086493,0.17608920971049702,0.24889425208860305,unanimous_keep
reddit_1t1zmb4_ojmmt4l,3,0,0.0,1.3570295485611104,3.3494593998086493,0.17608920971049702,0.24889425208860305,unanimous_keep
reddit_1t1zmb4_ojmumaa,3,0,0.0,1.3570295485611104,3.3494593998086493,0.17608920971049702,0.24889425208860305,unanimous_keep
reddit_1t1zmb4_ok5blpk,3,1,0.3333333333333333,1.3570295485611104,3.3494593998086493,0.30584998750432507,0.5897241978876234,majority_keep
reddit_1t3183a_ojsd0ci,4,3,0.75,1.3570295485611104,3.3494593998086493,0.5004347417654437,0.877072144291462,majority_remove
reddit_1t3183a_ojt0m2t,3,0,0.0,1.3570295485611104,3.3494593998086493,0.17608920971049702,0.24889425208860305,unanimous_keep
reddit_1t3f5jk_ojw9i1b,4,0,0.0,1.3570295485611104,3.3494593998086493,0.15586415564395867,0.19375829088398777,unanimous_keep
reddit_1t3hfnf_ojwb0xv,3,0,0.0,1.3570295485611104,3.3494593998086493,0.17608920971049702,0.24889425208860305,unanimous_keep
reddit_1t3jf5e_ojzhssf,3,0,0.0,1.3570295485611104,3.3494593998086493,0.17608920971049702,0.24889425208860305,unanimous_keep
reddit_1t3n2ml_ojwbxjg,4,0,0.0,1.3570295485611104,3.3494593998086493,0.15586415564395867,0.19375829088398777,unanimous_keep
reddit_1t3n2ml_ojx4req,3,0,0.0,1.3570295485611104,3.3494593998086493,0.17608920971049702,0.24889425208860305,unanimous_keep
reddit_1t3n2ml_ojy9mt4,3,1,0.3333333333333333,1.3570295485611104,3.3494593998086493,0.30584998750432507,0.5897241978876234,majority_keep
reddit_1t3verj_ojyi2g3,3,0,0.0,1.3570295485611104,3.3494593998086493,0.17608920971049702,0.24889425208860305,unanimous_keep
reddit_1t3yh0u_ojyuwfn,7,4,0.5714285714285714,1.3570295485611104,3.3494593998086493,0.45761197675816606,0.9146953129812244,majority_remove
reddit_1t4cq1d_ok1vmax,4,3,0.75,1.3570295485611104,3.3494593998086493,0.5004347417654437,0.877072144291462,majority_remove
reddit_1t4cq1d_ok3giwy,3,0,0.0,1.3570295485611104,3.3494593998086493,0.17608920971049702,0.24889425208860305,unanimous_keep
reddit_1t4dzcm_ok2gz77,3,1,0.3333333333333333,1.3570295485611104,3.3494593998086493,0.30584998750432507,0.5897241978876234,majority_keep
reddit_1t4dzcm_ok32jfm,3,1,0.3333333333333333,1.3570295485611104,3.3494593998086493,0.30584998750432507,0.5897241978876234,majority_keep
reddit_1t4fs97_ok2mgto,3,0,0.0,1.3570295485611104,3.3494593998086493,0.17608920971049702,0.24889425208860305,unanimous_keep
reddit_1t4fs97_ok2nzyi,3,0,0.0,1.3570295485611104,3.3494593998086493,0.17608920971049702,0.24889425208860305,unanimous_keep
reddit_1t4fs97_ok3e83v,3,0,0.0,1.3570295485611104,3.3494593998086493,0.17608920971049702,0.24889425208860305,unanimous_keep
reddit_1t4fs97_ok3i5l0,4,1,0.25,1.3570295485611104,3.3494593998086493,0.27072101768445367,0.5068029795233617,majority_keep
reddit_1t4fs97_ok41dji,3,0,0.0,1.3570295485611104,3.3494593998086493,0.17608920971049702,0.24889425208860305,unanimous_keep
reddit_1t4fs97_ok4aot8,3,0,0.0,1.3570295485611104,3.3494593998086493,0.17608920971049702,0.24889425208860305,unanimous_keep
reddit_1t4fs97_okdu8ik,3,0,0.0,1.3570295485611104,3.3494593998086493,0.17608920971049702,0.24889425208860305,unanimous_keep
reddit_1t4itkt_ok2rou5,4,2,0.5,1.3570295485611104,3.3494593998086493,0.38557787972494867,0.7779202155273284,tie
reddit_1t4l69v_ok5uwgg,4,1,0.25,1.3570295485611104,3.3494593998086493,0.27072101768445367,0.5068029795233617,majority_keep
reddit_1t4l69v_olgbt8d,5,1,0.2,1.3570295485611104,3.3494593998086493,0.24283029230224198,0.42933012008301863,majority_keep
reddit_1t4l69v_omzbreb,5,1,0.2,1.3570295485611104,3.3494593998086493,0.24283029230224198,0.42933012008301863,majority_keep
reddit_1t4mnob_ok3u9xm,3,0,0.0,1.3570295485611104,3.3494593998086493,0.17608920971049702,0.24889425208860305,unanimous_keep
reddit_1t4ruex_ok6zcgl,6,3,0.5,1.3570295485611104,3.3494593998086493,0.40695222958452126,0.8471663696105847,tie
reddit_1t4ruex_ok6zv1p,5,0,0.0,1.3570295485611104,3.3494593998086493,0.13980642802761636,0.15024769217992295,unanimous_keep
reddit_1t4ruex_ok8m777,3,0,0.0,1.3570295485611104,3.3494593998086493,0.17608920971049702,0.24889425208860305,unanimous_keep
reddit_1t4w5i9_ok6c56k,5,3,0.6,1.3570295485611104,3.3494593998086493,0.44887802085149325,0.877383683978771,majority_remove
reddit_1t4w5i9_ol6vs49,5,1,0.2,1.3570295485611104,3.3494593998086493,0.24283029230224198,0.42933012008301863,majority_keep
reddit_1t54vlp_ok86egt,4,1,0.25,1.3570295485611104,3.3494593998086493,0.27072101768445367,0.5068029795233617,majority_keep
reddit_1t54vlp_ok9aj26,3,1,0.3333333333333333,1.3570295485611104,3.3494593998086493,0.30584998750432507,0.5897241978876234,majority_keep
reddit_1t54vlp_oka0du0,6,2,0.3333333333333333,1.3570295485611104,3.3494593998086493,0.31355092829683195,0.6458901337489713,majority_keep
reddit_1t54vlp_oka2zni,3,0,0.0,1.3570295485611104,3.3494593998086493,0.17608920971049702,0.24889425208860305,unanimous_keep
reddit_1t54vlp_okb29ke,4,1,0.25,1.3570295485611104,3.3494593998086493,0.27072101768445367,0.5068029795233617,majority_keep
reddit_1t5gyoy_okaoymh,5,0,0.0,1.3570295485611104,3.3494593998086493,0.13980642802761636,0.15024769217992295,unanimous_keep
reddit_1t5lm0a_ol5fy3h,4,3,0.75,1.3570295485611104,3.3494593998086493,0.5004347417654437,0.877072144291462,majority_remove
reddit_1t5po5r_okfusb5,3,0,0.0,1.3570295485611104,3.3494593998086493,0.17608920971049702,0.24889425208860305,unanimous_keep
reddit_1t5po5r_okm6qpt,5,1,0.2,1.3570295485611104,3.3494593998086493,0.24283029230224198,0.42933012008301863,majority_keep
reddit_1t68wht_okfqxg6,4,1,0.25,1.3570295485611104,3.3494593998086493,0.27072101768445367,0.5068029795233617,majority_keep
reddit_1t68wht_okg5gb5,5,1,0.2,1.3570295485611104,3.3494593998086493,0.24283029230224198,0.42933012008301863,majority_keep
reddit_1t6aimf_okibjul,4,0,0.0,1.3570295485611104,3.3494593998086493,0.15586415564395867,0.19375829088398777,unanimous_keep
reddit_1t6g0j7_okhfviq,4,0,0.0,1.3570295485611104,3.3494593998086493,0.15586415564395867,0.19375829088398777,unanimous_keep
reddit_1t6icvj_okhzxat,5,2,0.4,1.3570295485611104,3.3494593998086493,0.34585415657686763,0.7155023565292364,majority_keep
reddit_1t6mb7v_okiv6sc,4,0,0.0,1.3570295485611104,3.3494593998086493,0.15586415564395867,0.19375829088398777,unanimous_keep
reddit_1t6mb7v_okjfmrg,3,0,0.0,1.3570295485611104,3.3494593998086493,0.17608920971049702,0.24889425208860305,unanimous_keep
reddit_1t6mb7v_okjnfsq,4,0,0.0,1.3570295485611104,3.3494593998086493,0.15586415564395867,0.19375829088398777,unanimous_keep
reddit_1t6mb7v_okjnnx3,3,1,0.3333333333333333,1.3570295485611104,3.3494593998086493,0.30584998750432507,0.5897241978876234,majority_keep
reddit_1t6mb7v_okjqay7,3,2,0.6666666666666666,1.3570295485611104,3.3494593998086493,0.4356107652981531,0.8211118630943426,majority_remove
reddit_1t75lvb_okmrrk1,5,1,0.2,1.3570295485611104,3.3494593998086493,0.24283029230224198,0.42933012008301863,majority_keep
reddit_1t774fv_okxkmax,5,1,0.2,1.3570295485611104,3.3494593998086493,0.24283029230224198,0.42933012008301863,majority_keep
reddit_1t774fv_oky0elj,5,2,0.4,1.3570295485611104,3.3494593998086493,0.34585415657686763,0.7155023565292364,majority_keep
reddit_1t77fqu_okmt59d,4,1,0.25,1.3570295485611104,3.3494593998086493,0.27072101768445367,0.5068029795233617,majority_keep
reddit_1t77zwb_okrmtr1,3,3,1.0,1.3570295485611104,3.3494593998086493,0.5653715430919811,0.8201728525283785,unanimous_remove
reddit_1t78r90_oknfl8e,3,1,0.3333333333333333,1.3570295485611104,3.3494593998086493,0.30584998750432507,0.5897241978876234,majority_keep
reddit_1t79fp1_okns5xb,4,0,0.0,1.3570295485611104,3.3494593998086493,0.15586415564395867,0.19375829088398777,unanimous_keep
reddit_1t79fp1_oknz90t,4,0,0.0,1.3570295485611104,3.3494593998086493,0.15586415564395867,0.19375829088398777,unanimous_keep
reddit_1t79fp1_okvhy3r,4,0,0.0,1.3570295485611104,3.3494593998086493,0.15586415564395867,0.19375829088398777,unanimous_keep
reddit_1t7d5jc_oko2smc,3,0,0.0,1.3570295485611104,3.3494593998086493,0.17608920971049702,0.24889425208860305,unanimous_keep
reddit_1t7d5jc_oko5y49,3,0,0.0,1.3570295485611104,3.3494593998086493,0.17608920971049702,0.24889425208860305,unanimous_keep
reddit_1t7d5jc_oko7imm,4,0,0.0,1.3570295485611104,3.3494593998086493,0.15586415564395867,0.19375829088398777,unanimous_keep
reddit_1t7d5jc_oko9cmd,3,0,0.0,1.3570295485611104,3.3494593998086493,0.17608920971049702,0.24889425208860305,unanimous_keep
reddit_1t7d5jc_okoah4l,3,2,0.6666666666666666,1.3570295485611104,3.3494593998086493,0.4356107652981531,0.8211118630943426,majority_remove
reddit_1t7d5jc_okobxft,3,0,0.0,1.3570295485611104,3.3494593998086493,0.17608920971049702,0.24889425208860305,unanimous_keep
reddit_1t7d5jc_okofi1w,4,1,0.25,1.3570295485611104,3.3494593998086493,0.27072101768445367,0.5068029795233617,majority_keep
reddit_1t7d5jc_okoil6b,3,0,0.0,1.3570295485611104,3.3494593998086493,0.17608920971049702,0.24889425208860305,unanimous_keep
reddit_1t7d5jc_okpg6u8,5,0,0.0,1.3570295485611104,3.3494593998086493,0.13980642802761636,0.15024769217992295,unanimous_keep
reddit_1t7d5jc_okpmr31,4,0,0.0,1.3570295485611104,3.3494593998086493,0.15586415564395867,0.19375829088398777,unanimous_keep
reddit_1t7d5jc_okqahbj,3,1,0.3333333333333333,1.3570295485611104,3.3494593998086493,0.30584998750432507,0.5897241978876234,majority_keep
reddit_1t7d5jc_okrqjnc,5,0,0.0,1.3570295485611104,3.3494593998086493,0.13980642802761636,0.15024769217992295,unanimous_keep
reddit_1t7d5jc_oksx3ev,7,2,0.2857142857142857,1.3570295485611104,3.3494593998086493,0.28676655856140437,0.575118950925259,majority_keep
reddit_1t7d5jc_okthomr,5,0,0.0,1.3570295485611104,3.3494593998086493,0.13980642802761636,0.15024769217992295,unanimous_keep
reddit_1t7d5jc_oktwy16,3,0,0.0,1.3570295485611104,3.3494593998086493,0.17608920971049702,0.24889425208860305,unanimous_keep
reddit_1t7d5jc_oku1svc,4,1,0.25,1.3570295485611104,3.3494593998086493,0.27072101768445367,0.5068029795233617,majority_keep
reddit_1t7d5jc_oku6sko,4,0,0.0,1.3570295485611104,3.3494593998086493,0.15586415564395867,0.19375829088398777,unanimous_keep
reddit_1t7d5jc_ol0cq4w,3,1,0.3333333333333333,1.3570295485611104,3.3494593998086493,0.30584998750432507,0.5897241978876234,majority_keep
reddit_1t7hgak_okp610f,5,1,0.2,1.3570295485611104,3.3494593998086493,0.24283029230224198,0.42933012008301863,majority_keep
reddit_1t7hgak_okpeleq,3,0,0.0,1.3570295485611104,3.3494593998086493,0.17608920971049702,0.24889425208860305,unanimous_keep
reddit_1t7hgak_okpi6xx,3,1,0.3333333333333333,1.3570295485611104,3.3494593998086493,0.30584998750432507,0.5897241978876234,majority_keep
reddit_1t7hgak_okpt242,3,0,0.0,1.3570295485611104,3.3494593998086493,0.17608920971049702,0.24889425208860305,unanimous_keep
reddit_1t7hgak_okqv3jk,4,1,0.25,1.3570295485611104,3.3494593998086493,0.27072101768445367,0.5068029795233617,majority_keep
reddit_1t7hgak_okr2v16,4,1,0.25,1.3570295485611104,3.3494593998086493,0.27072101768445367,0.5068029795233617,majority_keep
reddit_1t7hgak_okrgjpn,3,1,0.3333333333333333,1.3570295485611104,3.3494593998086493,0.30584998750432507,0.5897241978876234,majority_keep
reddit_1t7hgak_okul9as,6,2,0.3333333333333333,1.3570295485611104,3.3494593998086493,0.31355092829683195,0.6458901337489713,majority_keep
reddit_1t7sgwu_oks3iss,3,0,0.0,1.3570295485611104,3.3494593998086493,0.17608920971049702,0.24889425208860305,unanimous_keep
reddit_1t84e9i_oktierd,4,1,0.25,1.3570295485611104,3.3494593998086493,0.27072101768445367,0.5068029795233617,majority_keep
reddit_1t84e9i_oku5em1,3,0,0.0,1.3570295485611104,3.3494593998086493,0.17608920971049702,0.24889425208860305,unanimous_keep
reddit_1t84e9i_okxfh8s,3,1,0.3333333333333333,1.3570295485611104,3.3494593998086493,0.30584998750432507,0.5897241978876234,majority_keep
reddit_1t84e9i_ol0lpvm,5,1,0.2,1.3570295485611104,3.3494593998086493,0.24283029230224198,0.42933012008301863,majority_keep
reddit_1t8ui91_okxhx16,4,2,0.5,1.3570295485611104,3.3494593998086493,0.38557787972494867,0.7779202155273284,tie
reddit_1t94ew5_ol07b91,3,1,0.3333333333333333,1.3570295485611104,3.3494593998086493,0.30584998750432507,0.5897241978876234,majority_keep
reddit_1t9dxnw_ol1outb,5,1,0.2,1.3570295485611104,3.3494593998086493,0.24283029230224198,0.42933012008301863,majority_keep
reddit_1t9j11f_ol2epre,6,0,0.0,1.3570295485611104,3.3494593998086493,0.1267483257214533,0.11616418362646559,unanimous_keep
reddit_1t9j11f_ol2rd6t,5,2,0.4,1.3570295485611104,3.3494593998086493,0.34585415657686763,0.7155023565292364,majority_keep
reddit_1t9j11f_ol2slt0,4,1,0.25,1.3570295485611104,3.3494593998086493,0.27072101768445367,0.5068029795233617,majority_keep
reddit_1ta0m34_ol675jn,6,1,0.1666666666666666,1.3570295485611104,3.3494593998086493,0.22014962700914262,0.35987758399354103,majority_keep
reddit_1ta0m34_ol6jf3r,4,0,0.0,1.3570295485611104,3.3494593998086493,0.15586415564395867,0.19375829088398777,unanimous_keep
reddit_1ta0m34_ol8pn3p,4,0,0.0,1.3570295485611104,3.3494593998086493,0.15586415564395867,0.19375829088398777,unanimous_keep
reddit_1tafgbu_ol9w91x,3,1,0.3333333333333333,1.3570295485611104,3.3494593998086493,0.30584998750432507,0.5897241978876234,majority_keep
reddit_1tay1l3_olckboz,3,3,1.0,1.3570295485611104,3.3494593998086493,0.5653715430919811,0.8201728525283785,unanimous_remove
reddit_1tb0kz2_oldtcaj,4,1,0.25,1.3570295485611104,3.3494593998086493,0.27072101768445367,0.5068029795233617,majority_keep
reddit_1tb0kz2_olf8kgy,4,1,0.25,1.3570295485611104,3.3494593998086493,0.27072101768445367,0.5068029795233617,majority_keep
reddit_1tb51jw_ole51f5,4,0,0.0,1.3570295485611104,3.3494593998086493,0.15586415564395867,0.19375829088398777,unanimous_keep
reddit_1tb7nve_olhj9ij,4,3,0.75,1.3570295485611104,3.3494593998086493,0.5004347417654437,0.877072144291462,majority_remove
reddit_1tbfpk8_olishgv,3,1,0.3333333333333333,1.3570295485611104,3.3494593998086493,0.30584998750432507,0.5897241978876234,majority_keep
reddit_1tbfpk8_ollijym,5,2,0.4,1.3570295485611104,3.3494593998086493,0.34585415657686763,0.7155023565292364,majority_keep
reddit_1tbh797_olgx8nu,3,0,0.0,1.3570295485611104,3.3494593998086493,0.17608920971049702,0.24889425208860305,unanimous_keep
reddit_1tbl0de_olhi4yp,4,0,0.0,1.3570295485611104,3.3494593998086493,0.15586415564395867,0.19375829088398777,unanimous_keep
reddit_1tbl0de_olk98kt,4,0,0.0,1.3570295485611104,3.3494593998086493,0.15586415564395867,0.19375829088398777,unanimous_keep
reddit_1tbl33j_omq3mwq,5,0,0.0,1.3570295485611104,3.3494593998086493,0.13980642802761636,0.15024769217992295,unanimous_keep
reddit_1tbxjhn_olms1ty,3,1,0.3333333333333333,1.3570295485611104,3.3494593998086493,0.30584998750432507,0.5897241978876234,majority_keep
reddit_1tby132_oln2mqn,3,1,0.3333333333333333,1.3570295485611104,3.3494593998086493,0.30584998750432507,0.5897241978876234,majority_keep
reddit_1tby338_olkufad,5,1,0.2,1.3570295485611104,3.3494593998086493,0.24283029230224198,0.42933012008301863,majority_keep
reddit_1tby338_olog16b,3,0,0.0,1.3570295485611104,3.3494593998086493,0.17608920971049702,0.24889425208860305,unanimous_keep
reddit_1tby4a6_ollmas2,4,1,0.25,1.3570295485611104,3.3494593998086493,0.27072101768445367,0.5068029795233617,majority_keep
reddit_1tbymrb_olk9ohj,5,2,0.4,1.3570295485611104,3.3494593998086493,0.34585415657686763,0.7155023565292364,majority_keep
reddit_1tbymrb_ollmjzr,3,0,0.0,1.3570295485611104,3.3494593998086493,0.17608920971049702,0.24889425208860305,unanimous_keep
reddit_1tbymrb_olmq852,4,1,0.25,1.3570295485611104,3.3494593998086493,0.27072101768445367,0.5068029795233617,majority_keep
reddit_1tbymrb_olp7pl6,3,0,0.0,1.3570295485611104,3.3494593998086493,0.17608920971049702,0.24889425208860305,unanimous_keep
reddit_1tbymrb_olqz9cv,3,2,0.6666666666666666,1.3570295485611104,3.3494593998086493,0.4356107652981531,0.8211118630943426,majority_remove
reddit_1tbymrb_olrhvme,5,2,0.4,1.3570295485611104,3.3494593998086493,0.34585415657686763,0.7155023565292364,majority_keep
reddit_1tbymrb_olri52p,5,3,0.6,1.3570295485611104,3.3494593998086493,0.44887802085149325,0.877383683978771,majority_remove
reddit_1tbzoap_oln0604,3,1,0.3333333333333333,1.3570295485611104,3.3494593998086493,0.30584998750432507,0.5897241978876234,majority_keep
reddit_1tbzoap_olnkun7,4,1,0.25,1.3570295485611104,3.3494593998086493,0.27072101768445367,0.5068029795233617,majority_keep
reddit_1tbzoap_ologahu,4,0,0.0,1.3570295485611104,3.3494593998086493,0.15586415564395867,0.19375829088398777,unanimous_keep
reddit_1tbzoap_oloo6pc,3,2,0.6666666666666666,1.3570295485611104,3.3494593998086493,0.4356107652981531,0.8211118630943426,majority_remove
reddit_1tbzoap_olpsrjm,3,1,0.3333333333333333,1.3570295485611104,3.3494593998086493,0.30584998750432507,0.5897241978876234,majority_keep
reddit_1tc212o_oll3ife,3,0,0.0,1.3570295485611104,3.3494593998086493,0.17608920971049702,0.24889425208860305,unanimous_keep
reddit_1tc5bjg_ollxxgv,4,0,0.0,1.3570295485611104,3.3494593998086493,0.15586415564395867,0.19375829088398777,unanimous_keep
reddit_1tcdabj_oln7ygu,6,3,0.5,1.3570295485611104,3.3494593998086493,0.40695222958452126,0.8471663696105847,tie
reddit_1tcfc4a_olnrtop,4,1,0.25,1.3570295485611104,3.3494593998086493,0.27072101768445367,0.5068029795233617,majority_keep
reddit_1tcxfbg_olrl899,3,1,0.3333333333333333,1.3570295485611104,3.3494593998086493,0.30584998750432507,0.5897241978876234,majority_keep
reddit_1tcxfbg_ols2j68,5,1,0.2,1.3570295485611104,3.3494593998086493,0.24283029230224198,0.42933012008301863,majority_keep
reddit_1td4d2o_olz3vvg,4,2,0.5,1.3570295485611104,3.3494593998086493,0.38557787972494867,0.7779202155273284,tie
reddit_1td5f0g_olu7oke,3,1,0.3333333333333333,1.3570295485611104,3.3494593998086493,0.30584998750432507,0.5897241978876234,majority_keep
reddit_1td5imr_oltobq6,3,2,0.6666666666666666,1.3570295485611104,3.3494593998086493,0.4356107652981531,0.8211118630943426,majority_remove
reddit_1td5imr_olu1i5y,5,0,0.0,1.3570295485611104,3.3494593998086493,0.13980642802761636,0.15024769217992295,unanimous_keep
reddit_1td5imr_oluwtpv,3,0,0.0,1.3570295485611104,3.3494593998086493,0.17608920971049702,0.24889425208860305,unanimous_keep
reddit_1td5imr_olv7u2v,3,1,0.3333333333333333,1.3570295485611104,3.3494593998086493,0.30584998750432507,0.5897241978876234,majority_keep
reddit_1td5imr_olvzmsy,4,1,0.25,1.3570295485611104,3.3494593998086493,0.27072101768445367,0.5068029795233617,majority_keep
reddit_1td5imr_om08cs6,4,0,0.0,1.3570295485611104,3.3494593998086493,0.15586415564395867,0.19375829088398777,unanimous_keep
reddit_1td83n8_olu1gik,3,2,0.6666666666666666,1.3570295485611104,3.3494593998086493,0.4356107652981531,0.8211118630943426,majority_remove
reddit_1tdeeum_olvcq3u,3,0,0.0,1.3570295485611104,3.3494593998086493,0.17608920971049702,0.24889425208860305,unanimous_keep
reddit_1tdva8i_olynv9k,5,3,0.6,1.3570295485611104,3.3494593998086493,0.44887802085149325,0.877383683978771,majority_remove
reddit_1tdva8i_om00wwf,6,0,0.0,1.3570295485611104,3.3494593998086493,0.1267483257214533,0.11616418362646559,unanimous_keep
reddit_1tdva8i_omfozh9,5,2,0.4,1.3570295485611104,3.3494593998086493,0.34585415657686763,0.7155023565292364,majority_keep
reddit_1tdw39i_olyi17n,3,1,0.3333333333333333,1.3570295485611104,3.3494593998086493,0.30584998750432507,0.5897241978876234,majority_keep
reddit_1tdxi7e_olyxmte,6,2,0.3333333333333333,1.3570295485611104,3.3494593998086493,0.31355092829683195,0.6458901337489713,majority_keep
reddit_1tdxi7e_om154fb,4,0,0.0,1.3570295485611104,3.3494593998086493,0.15586415564395867,0.19375829088398777,unanimous_keep
reddit_1tdz1jj_olz786h,4,1,0.25,1.3570295485611104,3.3494593998086493,0.27072101768445367,0.5068029795233617,majority_keep
reddit_1tdz1jj_om14z6d,4,1,0.25,1.3570295485611104,3.3494593998086493,0.27072101768445367,0.5068029795233617,majority_keep
reddit_1te3cn8_om0gy26,3,2,0.6666666666666666,1.3570295485611104,3.3494593998086493,0.4356107652981531,0.8211118630943426,majority_remove
reddit_1te3o84_om1gjvn,5,1,0.2,1.3570295485611104,3.3494593998086493,0.24283029230224198,0.42933012008301863,majority_keep
reddit_1te3o84_om2by07,3,1,0.3333333333333333,1.3570295485611104,3.3494593998086493,0.30584998750432507,0.5897241978876234,majority_keep
reddit_1te63uk_om053mf,3,1,0.3333333333333333,1.3570295485611104,3.3494593998086493,0.30584998750432507,0.5897241978876234,majority_keep
reddit_1te7rzv_om21p4y,5,0,0.0,1.3570295485611104,3.3494593998086493,0.13980642802761636,0.15024769217992295,unanimous_keep
reddit_1te8bkj_om2191f,7,1,0.1428571428571428,1.3570295485611104,3.3494593998086493,0.20134384946302358,0.2991154978075321,majority_keep
reddit_1te9myt_om0woz9,3,1,0.3333333333333333,1.3570295485611104,3.3494593998086493,0.30584998750432507,0.5897241978876234,majority_keep
reddit_1tebmug_oq5x0g7,5,2,0.4,1.3570295485611104,3.3494593998086493,0.34585415657686763,0.7155023565292364,majority_keep
reddit_1tenhje_om3x5p0,6,2,0.3333333333333333,1.3570295485611104,3.3494593998086493,0.31355092829683195,0.6458901337489713,majority_keep
reddit_1tenhje_om40jif,3,1,0.3333333333333333,1.3570295485611104,3.3494593998086493,0.30584998750432507,0.5897241978876234,majority_keep
reddit_1tenhje_om4ni2g,3,3,1.0,1.3570295485611104,3.3494593998086493,0.5653715430919811,0.8201728525283785,unanimous_remove
reddit_1teskmx_om6vp48,3,0,0.0,1.3570295485611104,3.3494593998086493,0.17608920971049702,0.24889425208860305,unanimous_keep
reddit_1tezk4y_om74p92,5,1,0.2,1.3570295485611104,3.3494593998086493,0.24283029230224198,0.42933012008301863,majority_keep
reddit_1tf2h4l_om6lwgb,5,0,0.0,1.3570295485611104,3.3494593998086493,0.13980642802761636,0.15024769217992295,unanimous_keep
reddit_1tfkp9u_omcm6bs,5,0,0.0,1.3570295485611104,3.3494593998086493,0.13980642802761636,0.15024769217992295,unanimous_keep
reddit_1tfsdpo_omciyvs,3,0,0.0,1.3570295485611104,3.3494593998086493,0.17608920971049702,0.24889425208860305,unanimous_keep
reddit_1tfvn1i_omchsm5,5,2,0.4,1.3570295485611104,3.3494593998086493,0.34585415657686763,0.7155023565292364,majority_keep
reddit_1tfyn7h_omf3eod,5,0,0.0,1.3570295485611104,3.3494593998086493,0.13980642802761636,0.15024769217992295,unanimous_keep
reddit_1tg5jhb_omg7e5j,3,0,0.0,1.3570295485611104,3.3494593998086493,0.17608920971049702,0.24889425208860305,unanimous_keep
reddit_1tg5jhb_omgcwul,5,2,0.4,1.3570295485611104,3.3494593998086493,0.34585415657686763,0.7155023565292364,majority_keep
reddit_1tgafkf_omhmrw3,3,3,1.0,1.3570295485611104,3.3494593998086493,0.5653715430919811,0.8201728525283785,unanimous_remove
reddit_1tgp392_omlqo5c,4,0,0.0,1.3570295485611104,3.3494593998086493,0.15586415564395867,0.19375829088398777,unanimous_keep
reddit_1tgtqpq_omj9llo,4,1,0.25,1.3570295485611104,3.3494593998086493,0.27072101768445367,0.5068029795233617,majority_keep
reddit_1tgtqpq_omknbec,3,2,0.6666666666666666,1.3570295485611104,3.3494593998086493,0.4356107652981531,0.8211118630943426,majority_remove
reddit_1tgwl5y_omj5a8g,5,3,0.6,1.3570295485611104,3.3494593998086493,0.44887802085149325,0.877383683978771,majority_remove
reddit_1tgwl5y_omjmjse,6,2,0.3333333333333333,1.3570295485611104,3.3494593998086493,0.31355092829683195,0.6458901337489713,majority_keep
reddit_1tgwl5y_omjmvot,7,2,0.2857142857142857,1.3570295485611104,3.3494593998086493,0.28676655856140437,0.575118950925259,majority_keep
reddit_1tgwl5y_omjy6ar,4,0,0.0,1.3570295485611104,3.3494593998086493,0.15586415564395867,0.19375829088398777,unanimous_keep
reddit_1tgwl5y_oms9xt5,3,1,0.3333333333333333,1.3570295485611104,3.3494593998086493,0.30584998750432507,0.5897241978876234,majority_keep
reddit_1tgwl5y_onh8itk,3,0,0.0,1.3570295485611104,3.3494593998086493,0.17608920971049702,0.24889425208860305,unanimous_keep
reddit_1tgxg10_omle9dp,3,0,0.0,1.3570295485611104,3.3494593998086493,0.17608920971049702,0.24889425208860305,unanimous_keep
reddit_1tgxg10_omlhia5,3,1,0.3333333333333333,1.3570295485611104,3.3494593998086493,0.30584998750432507,0.5897241978876234,majority_keep
reddit_1tgxg10_omlqdzp,3,0,0.0,1.3570295485611104,3.3494593998086493,0.17608920971049702,0.24889425208860305,unanimous_keep
reddit_1tgxg10_omnc9wg,4,0,0.0,1.3570295485611104,3.3494593998086493,0.15586415564395867,0.19375829088398777,unanimous_keep
reddit_1tgxg10_omvq49e,3,0,0.0,1.3570295485611104,3.3494593998086493,0.17608920971049702,0.24889425208860305,unanimous_keep
reddit_1th143w_omk9l50,4,2,0.5,1.3570295485611104,3.3494593998086493,0.38557787972494867,0.7779202155273284,tie
reddit_1th143w_omkaefg,3,1,0.3333333333333333,1.3570295485611104,3.3494593998086493,0.30584998750432507,0.5897241978876234,majority_keep
reddit_1th143w_omkcrg4,6,3,0.5,1.3570295485611104,3.3494593998086493,0.40695222958452126,0.8471663696105847,tie
reddit_1th143w_omkko0y,4,1,0.25,1.3570295485611104,3.3494593998086493,0.27072101768445367,0.5068029795233617,majority_keep
reddit_1th143w_omljdea,3,3,1.0,1.3570295485611104,3.3494593998086493,0.5653715430919811,0.8201728525283785,unanimous_remove
reddit_1th143w_omlnamo,3,1,0.3333333333333333,1.3570295485611104,3.3494593998086493,0.30584998750432507,0.5897241978876234,majority_keep
reddit_1th143w_omofznr,3,0,0.0,1.3570295485611104,3.3494593998086493,0.17608920971049702,0.24889425208860305,unanimous_keep
reddit_1th143w_ompft8a,4,0,0.0,1.3570295485611104,3.3494593998086493,0.15586415564395867,0.19375829088398777,unanimous_keep
reddit_1th143w_omr9foo,3,0,0.0,1.3570295485611104,3.3494593998086493,0.17608920971049702,0.24889425208860305,unanimous_keep
reddit_1th7kwt_omo23ln,6,1,0.1666666666666666,1.3570295485611104,3.3494593998086493,0.22014962700914262,0.35987758399354103,majority_keep
reddit_1thjzsf_omo9ynk,3,1,0.3333333333333333,1.3570295485611104,3.3494593998086493,0.30584998750432507,0.5897241978876234,majority_keep
reddit_1thkj73_omqxcsz,3,0,0.0,1.3570295485611104,3.3494593998086493,0.17608920971049702,0.24889425208860305,unanimous_keep
reddit_1thmgk5_omp1bxa,3,1,0.3333333333333333,1.3570295485611104,3.3494593998086493,0.30584998750432507,0.5897241978876234,majority_keep
reddit_1thox1m_ompbprv,3,0,0.0,1.3570295485611104,3.3494593998086493,0.17608920971049702,0.24889425208860305,unanimous_keep
reddit_1thox1m_ompd8zn,4,3,0.75,1.3570295485611104,3.3494593998086493,0.5004347417654437,0.877072144291462,majority_remove
reddit_1thox1m_omqkoiu,7,2,0.2857142857142857,1.3570295485611104,3.3494593998086493,0.28676655856140437,0.575118950925259,majority_keep
reddit_1thqwmy_ompi3zg,5,1,0.2,1.3570295485611104,3.3494593998086493,0.24283029230224198,0.42933012008301863,majority_keep
reddit_1thqwmy_ompl1kw,5,1,0.2,1.3570295485611104,3.3494593998086493,0.24283029230224198,0.42933012008301863,majority_keep
reddit_1thqwmy_ompl7n7,4,0,0.0,1.3570295485611104,3.3494593998086493,0.15586415564395867,0.19375829088398777,unanimous_keep
reddit_1thqwmy_ompsmyo,4,0,0.0,1.3570295485611104,3.3494593998086493,0.15586415564395867,0.19375829088398777,unanimous_keep
reddit_1thqwmy_omptxn2,3,1,0.3333333333333333,1.3570295485611104,3.3494593998086493,0.30584998750432507,0.5897241978876234,majority_keep
reddit_1thqwmy_omq81hl,3,0,0.0,1.3570295485611104,3.3494593998086493,0.17608920971049702,0.24889425208860305,unanimous_keep
reddit_1thqwmy_omqd6ie,4,2,0.5,1.3570295485611104,3.3494593998086493,0.38557787972494867,0.7779202155273284,tie
reddit_1thqwmy_omqi22a,3,1,0.3333333333333333,1.3570295485611104,3.3494593998086493,0.30584998750432507,0.5897241978876234,majority_keep
reddit_1thqwmy_oms9fxc,4,0,0.0,1.3570295485611104,3.3494593998086493,0.15586415564395867,0.19375829088398777,unanimous_keep
reddit_1thqwmy_omsc4xw,3,0,0.0,1.3570295485611104,3.3494593998086493,0.17608920971049702,0.24889425208860305,unanimous_keep
reddit_1thqwmy_omt19aj,3,0,0.0,1.3570295485611104,3.3494593998086493,0.17608920971049702,0.24889425208860305,unanimous_keep
reddit_1ti0vzj_omrv089,5,0,0.0,1.3570295485611104,3.3494593998086493,0.13980642802761636,0.15024769217992295,unanimous_keep
reddit_1ti151j_omrb113,3,0,0.0,1.3570295485611104,3.3494593998086493,0.17608920971049702,0.24889425208860305,unanimous_keep
reddit_1ti151j_omrce6d,11,6,0.5454545454545454,1.3570295485611104,3.3494593998086493,0.4684070114425367,0.9575198287126869,majority_remove
reddit_1ti151j_omreu3n,4,0,0.0,1.3570295485611104,3.3494593998086493,0.15586415564395867,0.19375829088398777,unanimous_keep
reddit_1ti151j_omrlwdv,3,0,0.0,1.3570295485611104,3.3494593998086493,0.17608920971049702,0.24889425208860305,unanimous_keep
reddit_1ti151j_omrriit,4,1,0.25,1.3570295485611104,3.3494593998086493,0.27072101768445367,0.5068029795233617,majority_keep
reddit_1ti151j_omvz46r,4,0,0.0,1.3570295485611104,3.3494593998086493,0.15586415564395867,0.19375829088398777,unanimous_keep
reddit_1ti509f_omrvw42,5,3,0.6,1.3570295485611104,3.3494593998086493,0.44887802085149325,0.877383683978771,majority_remove
reddit_1ti509f_oms2ca2,4,2,0.5,1.3570295485611104,3.3494593998086493,0.38557787972494867,0.7779202155273284,tie
reddit_1ti509f_oms5oeq,4,2,0.5,1.3570295485611104,3.3494593998086493,0.38557787972494867,0.7779202155273284,tie
reddit_1ti509f_oms60op,5,0,0.0,1.3570295485611104,3.3494593998086493,0.13980642802761636,0.15024769217992295,unanimous_keep
reddit_1ti509f_oms948i,5,0,0.0,1.3570295485611104,3.3494593998086493,0.13980642802761636,0.15024769217992295,unanimous_keep
reddit_1ti509f_omspxwi,3,0,0.0,1.3570295485611104,3.3494593998086493,0.17608920971049702,0.24889425208860305,unanimous_keep
reddit_1ti5cqx_oms3iij,6,1,0.1666666666666666,1.3570295485611104,3.3494593998086493,0.22014962700914262,0.35987758399354103,majority_keep
reddit_1ti5cqx_oms4w49,7,0,0.0,1.3570295485611104,3.3494593998086493,0.11592114036464278,0.08959845962246542,unanimous_keep
reddit_1ti5cqx_omsgcr2,4,1,0.25,1.3570295485611104,3.3494593998086493,0.27072101768445367,0.5068029795233617,majority_keep
reddit_1ti5cqx_omszsu8,7,3,0.4285714285714285,1.3570295485611104,3.3494593998086493,0.3721892676597852,0.800827684200982,majority_keep
reddit_1ti5cqx_omu0snk,3,0,0.0,1.3570295485611104,3.3494593998086493,0.17608920971049702,0.24889425208860305,unanimous_keep
reddit_1ti5cqx_omvgenp,3,0,0.0,1.3570295485611104,3.3494593998086493,0.17608920971049702,0.24889425208860305,unanimous_keep
reddit_1ti5cqx_omvuygi,3,1,0.3333333333333333,1.3570295485611104,3.3494593998086493,0.30584998750432507,0.5897241978876234,majority_keep
reddit_1ti5ovh_omsbj5w,5,1,0.2,1.3570295485611104,3.3494593998086493,0.24283029230224198,0.42933012008301863,majority_keep
reddit_1ti5ovh_omt7uld,6,2,0.3333333333333333,1.3570295485611104,3.3494593998086493,0.31355092829683195,0.6458901337489713,majority_keep
reddit_1ti5ovh_omu2l6g,6,1,0.1666666666666666,1.3570295485611104,3.3494593998086493,0.22014962700914262,0.35987758399354103,majority_keep
reddit_1ti5ovh_omustwm,6,2,0.3333333333333333,1.3570295485611104,3.3494593998086493,0.31355092829683195,0.6458901337489713,majority_keep
reddit_1ti6ied_oms7bdb,6,0,0.0,1.3570295485611104,3.3494593998086493,0.1267483257214533,0.11616418362646559,unanimous_keep
reddit_1ti6ied_omsbfee,5,3,0.6,1.3570295485611104,3.3494593998086493,0.44887802085149325,0.877383683978771,majority_remove
reddit_1ti6ied_omtbx2k,3,0,0.0,1.3570295485611104,3.3494593998086493,0.17608920971049702,0.24889425208860305,unanimous_keep
reddit_1ti6ied_omvt302,5,0,0.0,1.3570295485611104,3.3494593998086493,0.13980642802761636,0.15024769217992295,unanimous_keep
reddit_1ti6ied_on1o0a6,3,1,0.3333333333333333,1.3570295485611104,3.3494593998086493,0.30584998750432507,0.5897241978876234,majority_keep
reddit_1ti75h1_omsi2rp,4,0,0.0,1.3570295485611104,3.3494593998086493,0.15586415564395867,0.19375829088398777,unanimous_keep
reddit_1ti75h1_omskbai,3,1,0.3333333333333333,1.3570295485611104,3.3494593998086493,0.30584998750432507,0.5897241978876234,majority_keep
reddit_1ti75h1_omsm0uv,4,0,0.0,1.3570295485611104,3.3494593998086493,0.15586415564395867,0.19375829088398777,unanimous_keep
reddit_1tig64l_omugf9o,5,2,0.4,1.3570295485611104,3.3494593998086493,0.34585415657686763,0.7155023565292364,majority_keep
reddit_1tig64l_omurknw,5,2,0.4,1.3570295485611104,3.3494593998086493,0.34585415657686763,0.7155023565292364,majority_keep
reddit_1tig64l_omwxi27,4,0,0.0,1.3570295485611104,3.3494593998086493,0.15586415564395867,0.19375829088398777,unanimous_keep
reddit_1tig64l_omzp21h,3,2,0.6666666666666666,1.3570295485611104,3.3494593998086493,0.4356107652981531,0.8211118630943426,majority_remove
reddit_1tikf90_omwfw3v,3,1,0.3333333333333333,1.3570295485611104,3.3494593998086493,0.30584998750432507,0.5897241978876234,majority_keep
reddit_1tikf90_omxjsqv,3,0,0.0,1.3570295485611104,3.3494593998086493,0.17608920971049702,0.24889425208860305,unanimous_keep
reddit_1til7dr_omxbr4r,3,0,0.0,1.3570295485611104,3.3494593998086493,0.17608920971049702,0.24889425208860305,unanimous_keep
reddit_1til7dr_omxx2tg,4,0,0.0,1.3570295485611104,3.3494593998086493,0.15586415564395867,0.19375829088398777,unanimous_keep
reddit_1til7dr_omxyyx5,6,1,0.1666666666666666,1.3570295485611104,3.3494593998086493,0.22014962700914262,0.35987758399354103,majority_keep
reddit_1til7dr_omzmcn6,3,1,0.3333333333333333,1.3570295485611104,3.3494593998086493,0.30584998750432507,0.5897241978876234,majority_keep
reddit_1til7dr_on3ahn3,4,0,0.0,1.3570295485611104,3.3494593998086493,0.15586415564395867,0.19375829088398777,unanimous_keep
reddit_1tim947_omvanuz,3,1,0.3333333333333333,1.3570295485611104,3.3494593998086493,0.30584998750432507,0.5897241978876234,majority_keep
reddit_1tim947_omvr4ts,6,2,0.3333333333333333,1.3570295485611104,3.3494593998086493,0.31355092829683195,0.6458901337489713,majority_keep
reddit_1tin8qq_omwo6nq,3,1,0.3333333333333333,1.3570295485611104,3.3494593998086493,0.30584998750432507,0.5897241978876234,majority_keep
reddit_1tiody8_omxig9v,3,2,0.6666666666666666,1.3570295485611104,3.3494593998086493,0.4356107652981531,0.8211118630943426,majority_remove
reddit_1tiody8_omxlojc,4,1,0.25,1.3570295485611104,3.3494593998086493,0.27072101768445367,0.5068029795233617,majority_keep
reddit_1tiody8_omxmdhs,3,0,0.0,1.3570295485611104,3.3494593998086493,0.17608920971049702,0.24889425208860305,unanimous_keep
reddit_1tiody8_omxs4db,4,0,0.0,1.3570295485611104,3.3494593998086493,0.15586415564395867,0.19375829088398777,unanimous_keep
reddit_1tiody8_omxz6kv,3,1,0.3333333333333333,1.3570295485611104,3.3494593998086493,0.30584998750432507,0.5897241978876234,majority_keep
reddit_1tiody8_omyyrp6,7,1,0.1428571428571428,1.3570295485611104,3.3494593998086493,0.20134384946302358,0.2991154978075321,majority_keep
reddit_1tis5zu_omxtdlz,4,0,0.0,1.3570295485611104,3.3494593998086493,0.15586415564395867,0.19375829088398777,unanimous_keep
reddit_1tis5zu_omzozhs,4,0,0.0,1.3570295485611104,3.3494593998086493,0.15586415564395867,0.19375829088398777,unanimous_keep
reddit_1tiu061_omxart6,3,0,0.0,1.3570295485611104,3.3494593998086493,0.17608920971049702,0.24889425208860305,unanimous_keep
reddit_1tiu061_omxubjx,3,0,0.0,1.3570295485611104,3.3494593998086493,0.17608920971049702,0.24889425208860305,unanimous_keep
reddit_1tiweup_opzn4fj,4,2,0.5,1.3570295485611104,3.3494593998086493,0.38557787972494867,0.7779202155273284,tie
reddit_1tiwm9n_omy5yei,4,0,0.0,1.3570295485611104,3.3494593998086493,0.15586415564395867,0.19375829088398777,unanimous_keep
reddit_1tiwm9n_ond63mw,3,2,0.6666666666666666,1.3570295485611104,3.3494593998086493,0.4356107652981531,0.8211118630943426,majority_remove
reddit_1tj016u_omxz8oe,3,0,0.0,1.3570295485611104,3.3494593998086493,0.17608920971049702,0.24889425208860305,unanimous_keep
reddit_1tj016u_omzvm8i,4,3,0.75,1.3570295485611104,3.3494593998086493,0.5004347417654437,0.877072144291462,majority_remove
reddit_1tjgzeh_on38qk1,4,1,0.25,1.3570295485611104,3.3494593998086493,0.27072101768445367,0.5068029795233617,majority_keep
reddit_1tjgzeh_on3nu3v,4,0,0.0,1.3570295485611104,3.3494593998086493,0.15586415564395867,0.19375829088398777,unanimous_keep
reddit_1tjltsf_on3e3ne,6,2,0.3333333333333333,1.3570295485611104,3.3494593998086493,0.31355092829683195,0.6458901337489713,majority_keep
reddit_1tjno36_on2o77a,3,2,0.6666666666666666,1.3570295485611104,3.3494593998086493,0.4356107652981531,0.8211118630943426,majority_remove
reddit_1tjno36_on2q4tq,6,4,0.6666666666666666,1.3570295485611104,3.3494593998086493,0.5003535308722106,0.9144837987662224,majority_remove
reddit_1tjno36_on9mz6p,4,1,0.25,1.3570295485611104,3.3494593998086493,0.27072101768445367,0.5068029795233617,majority_keep
reddit_1tjqo6g_on3lub6,5,2,0.4,1.3570295485611104,3.3494593998086493,0.34585415657686763,0.7155023565292364,majority_keep
reddit_1tjqo6g_on42gg1,5,1,0.2,1.3570295485611104,3.3494593998086493,0.24283029230224198,0.42933012008301863,majority_keep
reddit_1tjs35z_on41ada,4,2,0.5,1.3570295485611104,3.3494593998086493,0.38557787972494867,0.7779202155273284,tie
reddit_1tjs35z_on5bp0m,4,1,0.25,1.3570295485611104,3.3494593998086493,0.27072101768445367,0.5068029795233617,majority_keep
reddit_1tjs35z_on5jogp,6,2,0.3333333333333333,1.3570295485611104,3.3494593998086493,0.31355092829683195,0.6458901337489713,majority_keep
reddit_1tjs35z_on5nh4x,7,6,0.8571428571428571,1.3570295485611104,3.3494593998086493,0.6284573949549277,0.7995129736991937,majority_remove
reddit_1tjs35z_on5ohxz,4,0,0.0,1.3570295485611104,3.3494593998086493,0.15586415564395867,0.19375829088398777,unanimous_keep
reddit_1tjuw8j_on4fua1,3,0,0.0,1.3570295485611104,3.3494593998086493,0.17608920971049702,0.24889425208860305,unanimous_keep
reddit_1tjuw8j_on63m2o,6,2,0.3333333333333333,1.3570295485611104,3.3494593998086493,0.31355092829683195,0.6458901337489713,majority_keep
reddit_1tk95ck_on8jf3y,7,2,0.2857142857142857,1.3570295485611104,3.3494593998086493,0.28676655856140437,0.575118950925259,majority_keep
reddit_1tki53j_on9j9zl,4,1,0.25,1.3570295485611104,3.3494593998086493,0.27072101768445367,0.5068029795233617,majority_keep
reddit_1tkic8a_onb9vab,4,1,0.25,1.3570295485611104,3.3494593998086493,0.27072101768445367,0.5068029795233617,majority_keep
reddit_1tkj0a7_ona4pku,4,0,0.0,1.3570295485611104,3.3494593998086493,0.15586415564395867,0.19375829088398777,unanimous_keep
reddit_1tkkoy6_onctmds,6,3,0.5,1.3570295485611104,3.3494593998086493,0.40695222958452126,0.8471663696105847,tie
reddit_1tklc7j_on9v8ik,3,1,0.3333333333333333,1.3570295485611104,3.3494593998086493,0.30584998750432507,0.5897241978876234,majority_keep
reddit_1tklc7j_on9x6ef,3,0,0.0,1.3570295485611104,3.3494593998086493,0.17608920971049702,0.24889425208860305,unanimous_keep
reddit_1tklc7j_ona90am,5,3,0.6,1.3570295485611104,3.3494593998086493,0.44887802085149325,0.877383683978771,majority_remove
reddit_1tklc7j_onaikho,3,0,0.0,1.3570295485611104,3.3494593998086493,0.17608920971049702,0.24889425208860305,unanimous_keep
reddit_1tklc7j_onbcbkp,3,3,1.0,1.3570295485611104,3.3494593998086493,0.5653715430919811,0.8201728525283785,unanimous_remove
reddit_1tklc7j_onc3fb1,8,2,0.25,1.3570295485611104,3.3494593998086493,0.2641980457545525,0.5064443519420101,majority_keep
reddit_1tklc7j_ond7yb9,3,0,0.0,1.3570295485611104,3.3494593998086493,0.17608920971049702,0.24889425208860305,unanimous_keep
reddit_1tksbme_onchwrg,4,0,0.0,1.3570295485611104,3.3494593998086493,0.15586415564395867,0.19375829088398777,unanimous_keep
reddit_1tkt34z_onbc0k9,8,3,0.375,1.3570295485611104,3.3494593998086493,0.34289799221996065,0.7459234577186024,majority_keep
reddit_1tkvbmy_oncghdv,5,0,0.0,1.3570295485611104,3.3494593998086493,0.13980642802761636,0.15024769217992295,unanimous_keep
reddit_1tkvbmy_oncpvkz,4,1,0.25,1.3570295485611104,3.3494593998086493,0.27072101768445367,0.5068029795233617,majority_keep
reddit_1tkvbmy_oncx27a,3,0,0.0,1.3570295485611104,3.3494593998086493,0.17608920971049702,0.24889425208860305,unanimous_keep
reddit_1tkvbmy_ond970n,3,0,0.0,1.3570295485611104,3.3494593998086493,0.17608920971049702,0.24889425208860305,unanimous_keep
reddit_1tkvbmy_onddfue,3,1,0.3333333333333333,1.3570295485611104,3.3494593998086493,0.30584998750432507,0.5897241978876234,majority_keep
reddit_1tkvbmy_ondf200,6,0,0.0,1.3570295485611104,3.3494593998086493,0.1267483257214533,0.11616418362646559,unanimous_keep
reddit_1tkvbmy_one84oe,4,0,0.0,1.3570295485611104,3.3494593998086493,0.15586415564395867,0.19375829088398777,unanimous_keep
reddit_1tkvbmy_onfdw9t,3,1,0.3333333333333333,1.3570295485611104,3.3494593998086493,0.30584998750432507,0.5897241978876234,majority_keep
reddit_1tkvbmy_ongjer4,6,0,0.0,1.3570295485611104,3.3494593998086493,0.1267483257214533,0.11616418362646559,unanimous_keep
reddit_1tkvbmy_ongsboh,3,0,0.0,1.3570295485611104,3.3494593998086493,0.17608920971049702,0.24889425208860305,unanimous_keep
reddit_1tkvbmy_onh4qm8,3,0,0.0,1.3570295485611104,3.3494593998086493,0.17608920971049702,0.24889425208860305,unanimous_keep
reddit_1tkxn2n_oncdhxu,4,2,0.5,1.3570295485611104,3.3494593998086493,0.38557787972494867,0.7779202155273284,tie
reddit_1tl3tai_oneuzql,6,3,0.5,1.3570295485611104,3.3494593998086493,0.40695222958452126,0.8471663696105847,tie
reddit_1tle2vc_onf0wb4,7,5,0.7142857142857143,1.3570295485611104,3.3494593998086493,0.5430346858565469,0.9142725834471024,majority_remove
reddit_1tle2vc_onf1ixe,4,2,0.5,1.3570295485611104,3.3494593998086493,0.38557787972494867,0.7779202155273284,tie
reddit_1tle2vc_onf49sq,3,2,0.6666666666666666,1.3570295485611104,3.3494593998086493,0.4356107652981531,0.8211118630943426,majority_remove
reddit_1tle2vc_onfbbf5,3,0,0.0,1.3570295485611104,3.3494593998086493,0.17608920971049702,0.24889425208860305,unanimous_keep
reddit_1tle2vc_onfk4d7,5,2,0.4,1.3570295485611104,3.3494593998086493,0.34585415657686763,0.7155023565292364,majority_keep
reddit_1tle2vc_onhyhcy,5,1,0.2,1.3570295485611104,3.3494593998086493,0.24283029230224198,0.42933012008301863,majority_keep
reddit_1tle5je_onf502s,4,0,0.0,1.3570295485611104,3.3494593998086493,0.15586415564395867,0.19375829088398777,unanimous_keep
reddit_1tlgx2b_ongakh7,4,3,0.75,1.3570295485611104,3.3494593998086493,0.5004347417654437,0.877072144291462,majority_remove
reddit_1tlgx2b_onh0q3b,3,0,0.0,1.3570295485611104,3.3494593998086493,0.17608920971049702,0.24889425208860305,unanimous_keep
reddit_1tlgx2b_ooal5bj,5,2,0.4,1.3570295485611104,3.3494593998086493,0.34585415657686763,0.7155023565292364,majority_keep
reddit_1tlu4l3_onitj4j,6,0,0.0,1.3570295485611104,3.3494593998086493,0.1267483257214533,0.11616418362646559,unanimous_keep
reddit_1tlu4l3_onj8ys4,5,3,0.6,1.3570295485611104,3.3494593998086493,0.44887802085149325,0.877383683978771,majority_remove
reddit_1tlu4l3_onkm5j3,3,1,0.3333333333333333,1.3570295485611104,3.3494593998086493,0.30584998750432507,0.5897241978876234,majority_keep
reddit_1tlur1u_oniyxei,4,0,0.0,1.3570295485611104,3.3494593998086493,0.15586415564395867,0.19375829088398777,unanimous_keep
reddit_1tlur1u_onjn3wx,4,1,0.25,1.3570295485611104,3.3494593998086493,0.27072101768445367,0.5068029795233617,majority_keep
reddit_1tlur1u_onla01n,3,1,0.3333333333333333,1.3570295485611104,3.3494593998086493,0.30584998750432507,0.5897241978876234,majority_keep
reddit_1tlvx07_onpbnfj,3,1,0.3333333333333333,1.3570295485611104,3.3494593998086493,0.30584998750432507,0.5897241978876234,majority_keep
reddit_1tlwlyk_onlms1f,6,1,0.1666666666666666,1.3570295485611104,3.3494593998086493,0.22014962700914262,0.35987758399354103,majority_keep
reddit_1tlwrxj_onj3hqr,3,1,0.3333333333333333,1.3570295485611104,3.3494593998086493,0.30584998750432507,0.5897241978876234,majority_keep
reddit_1tlwrxj_onjz538,4,2,0.5,1.3570295485611104,3.3494593998086493,0.38557787972494867,0.7779202155273284,tie
reddit_1tm8832_onocm29,4,0,0.0,1.3570295485611104,3.3494593998086493,0.15586415564395867,0.19375829088398777,unanimous_keep
reddit_1tmaez8_onmhtfo,3,1,0.3333333333333333,1.3570295485611104,3.3494593998086493,0.30584998750432507,0.5897241978876234,majority_keep
reddit_1tmhzua_onn0ips,4,1,0.25,1.3570295485611104,3.3494593998086493,0.27072101768445367,0.5068029795233617,majority_keep
reddit_1tmich2_onpb1q1,3,2,0.6666666666666666,1.3570295485611104,3.3494593998086493,0.4356107652981531,0.8211118630943426,majority_remove
reddit_1tmseux_onpq2ap,4,2,0.5,1.3570295485611104,3.3494593998086493,0.38557787972494867,0.7779202155273284,tie
reddit_1tmu2bz_onpxncm,5,1,0.2,1.3570295485611104,3.3494593998086493,0.24283029230224198,0.42933012008301863,majority_keep
reddit_1tn4kot_ooe5uyz,8,2,0.25,1.3570295485611104,3.3494593998086493,0.2641980457545525,0.5064443519420101,majority_keep
reddit_1tn7lg4_ons1jgg,3,0,0.0,1.3570295485611104,3.3494593998086493,0.17608920971049702,0.24889425208860305,unanimous_keep
reddit_1tn7lg4_onsac8f,6,1,0.1666666666666666,1.3570295485611104,3.3494593998086493,0.22014962700914262,0.35987758399354103,majority_keep
reddit_1tn7lg4_onsh1oq,3,1,0.3333333333333333,1.3570295485611104,3.3494593998086493,0.30584998750432507,0.5897241978876234,majority_keep
reddit_1tn7lg4_onskzbl,3,0,0.0,1.3570295485611104,3.3494593998086493,0.17608920971049702,0.24889425208860305,unanimous_keep
reddit_1tn7lg4_ontelek,4,2,0.5,1.3570295485611104,3.3494593998086493,0.38557787972494867,0.7779202155273284,tie
reddit_1tn7lg4_ontjmrc,3,0,0.0,1.3570295485611104,3.3494593998086493,0.17608920971049702,0.24889425208860305,unanimous_keep
reddit_1tn7lg4_onu4d7k,6,0,0.0,1.3570295485611104,3.3494593998086493,0.1267483257214533,0.11616418362646559,unanimous_keep
reddit_1tnf5qd_onu9xj7,5,0,0.0,1.3570295485611104,3.3494593998086493,0.13980642802761636,0.15024769217992295,unanimous_keep
reddit_1tnf5qd_onvivpp,3,0,0.0,1.3570295485611104,3.3494593998086493,0.17608920971049702,0.24889425208860305,unanimous_keep
reddit_1tnf5qd_onvkvic,3,2,0.6666666666666666,1.3570295485611104,3.3494593998086493,0.4356107652981531,0.8211118630943426,majority_remove
reddit_1tnf5qd_onvrh4o,3,1,0.3333333333333333,1.3570295485611104,3.3494593998086493,0.30584998750432507,0.5897241978876234,majority_keep
reddit_1tnf5qd_onvv20i,3,1,0.3333333333333333,1.3570295485611104,3.3494593998086493,0.30584998750432507,0.5897241978876234,majority_keep
reddit_1tnf5qd_onvyes2,4,1,0.25,1.3570295485611104,3.3494593998086493,0.27072101768445367,0.5068029795233617,majority_keep
reddit_1tnf5qd_onx85se,4,0,0.0,1.3570295485611104,3.3494593998086493,0.15586415564395867,0.19375829088398777,unanimous_keep
reddit_1tnf5qd_onyanhw,3,1,0.3333333333333333,1.3570295485611104,3.3494593998086493,0.30584998750432507,0.5897241978876234,majority_keep
reddit_1tnf5qd_oo5svy9,3,1,0.3333333333333333,1.3570295485611104,3.3494593998086493,0.30584998750432507,0.5897241978876234,majority_keep
reddit_1tnjdl9_onufg7h,5,2,0.4,1.3570295485611104,3.3494593998086493,0.34585415657686763,0.7155023565292364,majority_keep
reddit_1tnjwbi_ony7ksg,3,1,0.3333333333333333,1.3570295485611104,3.3494593998086493,0.30584998750432507,0.5897241978876234,majority_keep
reddit_1tnl317_onurqk5,3,2,0.6666666666666666,1.3570295485611104,3.3494593998086493,0.4356107652981531,0.8211118630943426,majority_remove
reddit_1tnmoob_onznfoj,4,0,0.0,1.3570295485611104,3.3494593998086493,0.15586415564395867,0.19375829088398777,unanimous_keep
reddit_1tnobm9_onvde6z,3,0,0.0,1.3570295485611104,3.3494593998086493,0.17608920971049702,0.24889425208860305,unanimous_keep
reddit_1tnobm9_onvitbr,5,0,0.0,1.3570295485611104,3.3494593998086493,0.13980642802761636,0.15024769217992295,unanimous_keep
reddit_1tnobm9_onvjxxf,3,1,0.3333333333333333,1.3570295485611104,3.3494593998086493,0.30584998750432507,0.5897241978876234,majority_keep
reddit_1tnobm9_onvnqez,3,0,0.0,1.3570295485611104,3.3494593998086493,0.17608920971049702,0.24889425208860305,unanimous_keep
reddit_1tnobm9_onvowr1,7,0,0.0,1.3570295485611104,3.3494593998086493,0.11592114036464278,0.08959845962246542,unanimous_keep
reddit_1tnobm9_onvz00r,5,0,0.0,1.3570295485611104,3.3494593998086493,0.13980642802761636,0.15024769217992295,unanimous_keep
reddit_1tnobm9_onxadx3,4,0,0.0,1.3570295485611104,3.3494593998086493,0.15586415564395867,0.19375829088398777,unanimous_keep
reddit_1tnobm9_onyw1zh,3,0,0.0,1.3570295485611104,3.3494593998086493,0.17608920971049702,0.24889425208860305,unanimous_keep
reddit_1tnobm9_oo20ia1,4,0,0.0,1.3570295485611104,3.3494593998086493,0.15586415564395867,0.19375829088398777,unanimous_keep
reddit_1tnobm9_oo2ntej,5,1,0.2,1.3570295485611104,3.3494593998086493,0.24283029230224198,0.42933012008301863,majority_keep
reddit_1tobgfe_oo2631f,5,2,0.4,1.3570295485611104,3.3494593998086493,0.34585415657686763,0.7155023565292364,majority_keep
reddit_1tohbe9_oo1g5ru,4,0,0.0,1.3570295485611104,3.3494593998086493,0.15586415564395867,0.19375829088398777,unanimous_keep
reddit_1tonmo5_oo2kva9,3,2,0.6666666666666666,1.3570295485611104,3.3494593998086493,0.4356107652981531,0.8211118630943426,majority_remove
reddit_1tonmo5_oo6v724,3,0,0.0,1.3570295485611104,3.3494593998086493,0.17608920971049702,0.24889425208860305,unanimous_keep
reddit_1toqwtm_oo3egv7,8,6,0.75,1.3570295485611104,3.3494593998086493,0.578997831616185,0.8927172634719791,majority_remove
reddit_1toqwtm_oo3q4ze,3,1,0.3333333333333333,1.3570295485611104,3.3494593998086493,0.30584998750432507,0.5897241978876234,majority_keep
reddit_1toqwtm_oo8abn6,8,3,0.375,1.3570295485611104,3.3494593998086493,0.34289799221996065,0.7459234577186024,majority_keep
reddit_1tow6us_oo72951,3,0,0.0,1.3570295485611104,3.3494593998086493,0.17608920971049702,0.24889425208860305,unanimous_keep
reddit_1tp5g11_oo64hdy,4,0,0.0,1.3570295485611104,3.3494593998086493,0.15586415564395867,0.19375829088398777,unanimous_keep
reddit_1tp5g11_oo68eji,4,0,0.0,1.3570295485611104,3.3494593998086493,0.15586415564395867,0.19375829088398777,unanimous_keep
reddit_1tp5g11_oo69myf,4,0,0.0,1.3570295485611104,3.3494593998086493,0.15586415564395867,0.19375829088398777,unanimous_keep
reddit_1tp5g11_oo6atkk,6,3,0.5,1.3570295485611104,3.3494593998086493,0.40695222958452126,0.8471663696105847,tie
reddit_1tp5g11_oo806eu,5,1,0.2,1.3570295485611104,3.3494593998086493,0.24283029230224198,0.42933012008301863,majority_keep
reddit_1tp5g11_oo8cul8,3,0,0.0,1.3570295485611104,3.3494593998086493,0.17608920971049702,0.24889425208860305,unanimous_keep
reddit_1tp5g11_oo9joxr,4,0,0.0,1.3570295485611104,3.3494593998086493,0.15586415564395867,0.19375829088398777,unanimous_keep
reddit_1tp6tgh_oo6fpok,3,2,0.6666666666666666,1.3570295485611104,3.3494593998086493,0.4356107652981531,0.8211118630943426,majority_remove
reddit_1tp6tgh_oo72pwj,6,0,0.0,1.3570295485611104,3.3494593998086493,0.1267483257214533,0.11616418362646559,unanimous_keep
reddit_1tpehvg_oo8ftr6,4,0,0.0,1.3570295485611104,3.3494593998086493,0.15586415564395867,0.19375829088398777,unanimous_keep
reddit_1tpehvg_oo9wh4f,4,0,0.0,1.3570295485611104,3.3494593998086493,0.15586415564395867,0.19375829088398777,unanimous_keep
reddit_1tpf0kw_oo8y36y,4,2,0.5,1.3570295485611104,3.3494593998086493,0.38557787972494867,0.7779202155273284,tie
reddit_1tpf0kw_oo97z9w,6,1,0.1666666666666666,1.3570295485611104,3.3494593998086493,0.22014962700914262,0.35987758399354103,majority_keep
reddit_1tpf0kw_oo9ah7u,8,1,0.125,1.3570295485611104,3.3494593998086493,0.18549809928914443,0.2468471699588298,majority_keep
reddit_1tpf0kw_oobbs3q,4,0,0.0,1.3570295485611104,3.3494593998086493,0.15586415564395867,0.19375829088398777,unanimous_keep
reddit_1tpf0kw_ool5zg6,3,0,0.0,1.3570295485611104,3.3494593998086493,0.17608920971049702,0.24889425208860305,unanimous_keep
reddit_1tpf0kw_ooush6l,3,1,0.3333333333333333,1.3570295485611104,3.3494593998086493,0.30584998750432507,0.5897241978876234,majority_keep
reddit_1tpf0kw_oouurn0,3,1,0.3333333333333333,1.3570295485611104,3.3494593998086493,0.30584998750432507,0.5897241978876234,majority_keep
reddit_1tpltp7_ooa8qgq,3,3,1.0,1.3570295485611104,3.3494593998086493,0.5653715430919811,0.8201728525283785,unanimous_remove
reddit_1tppsc5_ooasdnq,4,2,0.5,1.3570295485611104,3.3494593998086493,0.38557787972494867,0.7779202155273284,tie
reddit_1tptswd_op00c7g,3,3,1.0,1.3570295485611104,3.3494593998086493,0.5653715430919811,0.8201728525283785,unanimous_remove
reddit_1tq2lod_oodc8ls,6,2,0.3333333333333333,1.3570295485611104,3.3494593998086493,0.31355092829683195,0.6458901337489713,majority_keep
reddit_1tq62gs_ooe1j96,3,3,1.0,1.3570295485611104,3.3494593998086493,0.5653715430919811,0.8201728525283785,unanimous_remove
reddit_1tq6vyl_oof0uce,6,0,0.0,1.3570295485611104,3.3494593998086493,0.1267483257214533,0.11616418362646559,unanimous_keep
reddit_1tq7ea2_oofnort,3,1,0.3333333333333333,1.3570295485611104,3.3494593998086493,0.30584998750432507,0.5897241978876234,majority_keep
reddit_1tqcf7r_oog0ky7,3,1,0.3333333333333333,1.3570295485611104,3.3494593998086493,0.30584998750432507,0.5897241978876234,majority_keep
reddit_1tqcf7r_oog2o63,3,3,1.0,1.3570295485611104,3.3494593998086493,0.5653715430919811,0.8201728525283785,unanimous_remove
reddit_1tqcf7r_ooh4o8k,4,2,0.5,1.3570295485611104,3.3494593998086493,0.38557787972494867,0.7779202155273284,tie
reddit_1tqcltq_oofryhp,7,0,0.0,1.3570295485611104,3.3494593998086493,0.11592114036464278,0.08959845962246542,unanimous_keep
reddit_1tqdpjl_oohvxuf,4,1,0.25,1.3570295485611104,3.3494593998086493,0.27072101768445367,0.5068029795233617,majority_keep
reddit_1tqer7a_oohq6i2,3,1,0.3333333333333333,1.3570295485611104,3.3494593998086493,0.30584998750432507,0.5897241978876234,majority_keep
reddit_1tqf4v3_oog0k8c,4,0,0.0,1.3570295485611104,3.3494593998086493,0.15586415564395867,0.19375829088398777,unanimous_keep
reddit_1tqf4v3_ooh3bzk,4,1,0.25,1.3570295485611104,3.3494593998086493,0.27072101768445367,0.5068029795233617,majority_keep
reddit_1tqf4v3_ookgp9z,3,0,0.0,1.3570295485611104,3.3494593998086493,0.17608920971049702,0.24889425208860305,unanimous_keep
reddit_1tqfpwr_oog28zn,3,3,1.0,1.3570295485611104,3.3494593998086493,0.5653715430919811,0.8201728525283785,unanimous_remove
reddit_1tqhy93_oogw90g,3,0,0.0,1.3570295485611104,3.3494593998086493,0.17608920971049702,0.24889425208860305,unanimous_keep
reddit_1tqhy93_oohtsgu,3,0,0.0,1.3570295485611104,3.3494593998086493,0.17608920971049702,0.24889425208860305,unanimous_keep
reddit_1tqhy93_ook38k6,3,1,0.3333333333333333,1.3570295485611104,3.3494593998086493,0.30584998750432507,0.5897241978876234,majority_keep
reddit_1tqj8np_oohk7vv,6,0,0.0,1.3570295485611104,3.3494593998086493,0.1267483257214533,0.11616418362646559,unanimous_keep
reddit_1tql6ez_ooh9unr,3,2,0.6666666666666666,1.3570295485611104,3.3494593998086493,0.4356107652981531,0.8211118630943426,majority_remove
reddit_1tql6ez_ooha8vq,3,2,0.6666666666666666,1.3570295485611104,3.3494593998086493,0.4356107652981531,0.8211118630943426,majority_remove
reddit_1tql6ez_ooi0xbv,3,0,0.0,1.3570295485611104,3.3494593998086493,0.17608920971049702,0.24889425208860305,unanimous_keep
reddit_1tql6ez_ooio37b,4,1,0.25,1.3570295485611104,3.3494593998086493,0.27072101768445367,0.5068029795233617,majority_keep
reddit_1tql6ez_oojaowy,5,1,0.2,1.3570295485611104,3.3494593998086493,0.24283029230224198,0.42933012008301863,majority_keep
reddit_1tqpaom_ooii0hd,3,2,0.6666666666666666,1.3570295485611104,3.3494593998086493,0.4356107652981531,0.8211118630943426,majority_remove
reddit_1tqyx7p_ook8j6h,4,0,0.0,1.3570295485611104,3.3494593998086493,0.15586415564395867,0.19375829088398777,unanimous_keep
reddit_1tqyx7p_ookgk27,4,0,0.0,1.3570295485611104,3.3494593998086493,0.15586415564395867,0.19375829088398777,unanimous_keep
reddit_1tqyx7p_ookix63,4,1,0.25,1.3570295485611104,3.3494593998086493,0.27072101768445367,0.5068029795233617,majority_keep
reddit_1tqyx7p_ooklywp,4,0,0.0,1.3570295485611104,3.3494593998086493,0.15586415564395867,0.19375829088398777,unanimous_keep
reddit_1tqyx7p_ool93xq,3,0,0.0,1.3570295485611104,3.3494593998086493,0.17608920971049702,0.24889425208860305,unanimous_keep
reddit_1tqyx7p_oomajai,4,0,0.0,1.3570295485611104,3.3494593998086493,0.15586415564395867,0.19375829088398777,unanimous_keep
reddit_1tqyx7p_oonrbud,5,1,0.2,1.3570295485611104,3.3494593998086493,0.24283029230224198,0.42933012008301863,majority_keep
reddit_1tr0y3m_oomn4t3,3,0,0.0,1.3570295485611104,3.3494593998086493,0.17608920971049702,0.24889425208860305,unanimous_keep
reddit_1tr2x1s_ookpm7h,5,5,1.0,1.3570295485611104,3.3494593998086493,0.6549257494007446,0.71370101147531,unanimous_remove
reddit_1tr4qpt_oolnzpw,4,0,0.0,1.3570295485611104,3.3494593998086493,0.15586415564395867,0.19375829088398777,unanimous_keep
reddit_1tr6mt1_oolg76y,3,2,0.6666666666666666,1.3570295485611104,3.3494593998086493,0.4356107652981531,0.8211118630943426,majority_remove
reddit_1trb2js_ooo1j99,3,0,0.0,1.3570295485611104,3.3494593998086493,0.17608920971049702,0.24889425208860305,unanimous_keep
reddit_1trb2js_ooy6f38,3,2,0.6666666666666666,1.3570295485611104,3.3494593998086493,0.4356107652981531,0.8211118630943426,majority_remove
reddit_1trb2js_opmihcr,3,1,0.3333333333333333,1.3570295485611104,3.3494593998086493,0.30584998750432507,0.5897241978876234,majority_keep
reddit_1trbfkm_oos9h8v,3,0,0.0,1.3570295485611104,3.3494593998086493,0.17608920971049702,0.24889425208860305,unanimous_keep
reddit_1trbfkm_oothhcp,3,1,0.3333333333333333,1.3570295485611104,3.3494593998086493,0.30584998750432507,0.5897241978876234,majority_keep
reddit_1trbfkm_oowv2gb,4,1,0.25,1.3570295485611104,3.3494593998086493,0.27072101768445367,0.5068029795233617,majority_keep
reddit_1trbmne_oomy1jp,5,2,0.4,1.3570295485611104,3.3494593998086493,0.34585415657686763,0.7155023565292364,majority_keep
reddit_1trbmne_ooo5eey,5,1,0.2,1.3570295485611104,3.3494593998086493,0.24283029230224198,0.42933012008301863,majority_keep
reddit_1trbmne_ooocimr,3,0,0.0,1.3570295485611104,3.3494593998086493,0.17608920971049702,0.24889425208860305,unanimous_keep
reddit_1trbmne_ooov2ov,3,0,0.0,1.3570295485611104,3.3494593998086493,0.17608920971049702,0.24889425208860305,unanimous_keep
reddit_1trbmne_oop7dch,3,0,0.0,1.3570295485611104,3.3494593998086493,0.17608920971049702,0.24889425208860305,unanimous_keep
reddit_1trbmne_oos7s3p,6,2,0.3333333333333333,1.3570295485611104,3.3494593998086493,0.31355092829683195,0.6458901337489713,majority_keep
reddit_1trbp3u_oomvxx0,4,0,0.0,1.3570295485611104,3.3494593998086493,0.15586415564395867,0.19375829088398777,unanimous_keep
reddit_1trc1na_oooihjc,4,0,0.0,1.3570295485611104,3.3494593998086493,0.15586415564395867,0.19375829088398777,unanimous_keep
reddit_1trc1na_ooq6wo3,6,1,0.1666666666666666,1.3570295485611104,3.3494593998086493,0.22014962700914262,0.35987758399354103,majority_keep
reddit_1trdy16_oonakj4,4,2,0.5,1.3570295485611104,3.3494593998086493,0.38557787972494867,0.7779202155273284,tie
reddit_1trdy16_op0sdu2,5,3,0.6,1.3570295485611104,3.3494593998086493,0.44887802085149325,0.877383683978771,majority_remove
reddit_1trf9va_oona16i,5,0,0.0,1.3570295485611104,3.3494593998086493,0.13980642802761636,0.15024769217992295,unanimous_keep
reddit_1trf9va_oonb3tq,5,3,0.6,1.3570295485611104,3.3494593998086493,0.44887802085149325,0.877383683978771,majority_remove
reddit_1trf9va_ooofvrv,3,2,0.6666666666666666,1.3570295485611104,3.3494593998086493,0.4356107652981531,0.8211118630943426,majority_remove
reddit_1trj3a5_ootl49r,3,0,0.0,1.3570295485611104,3.3494593998086493,0.17608920971049702,0.24889425208860305,unanimous_keep
reddit_1trnhrp_ooppz7k,4,1,0.25,1.3570295485611104,3.3494593998086493,0.27072101768445367,0.5068029795233617,majority_keep
reddit_1trnhrp_ooqpry4,3,1,0.3333333333333333,1.3570295485611104,3.3494593998086493,0.30584998750432507,0.5897241978876234,majority_keep
reddit_1trnhrp_oostcnq,5,0,0.0,1.3570295485611104,3.3494593998086493,0.13980642802761636,0.15024769217992295,unanimous_keep
reddit_1trnhrp_op5yzzd,3,0,0.0,1.3570295485611104,3.3494593998086493,0.17608920971049702,0.24889425208860305,unanimous_keep
reddit_1trnhrp_op61ap9,5,0,0.0,1.3570295485611104,3.3494593998086493,0.13980642802761636,0.15024769217992295,unanimous_keep
reddit_1trtion_oorrk2d,6,1,0.1666666666666666,1.3570295485611104,3.3494593998086493,0.22014962700914262,0.35987758399354103,majority_keep
reddit_1try6d7_oor8zsa,3,1,0.3333333333333333,1.3570295485611104,3.3494593998086493,0.30584998750432507,0.5897241978876234,majority_keep
reddit_1try6d7_oorvw2d,3,1,0.3333333333333333,1.3570295485611104,3.3494593998086493,0.30584998750432507,0.5897241978876234,majority_keep
reddit_1try6d7_oott33j,3,1,0.3333333333333333,1.3570295485611104,3.3494593998086493,0.30584998750432507,0.5897241978876234,majority_keep
reddit_1try6d7_oouyx1c,3,0,0.0,1.3570295485611104,3.3494593998086493,0.17608920971049702,0.24889425208860305,unanimous_keep
reddit_1try6d7_oq53g75,3,0,0.0,1.3570295485611104,3.3494593998086493,0.17608920971049702,0.24889425208860305,unanimous_keep
reddit_1ts2hnv_oovh9us,4,1,0.25,1.3570295485611104,3.3494593998086493,0.27072101768445367,0.5068029795233617,majority_keep
reddit_1ts2hnv_oow4a6z,3,1,0.3333333333333333,1.3570295485611104,3.3494593998086493,0.30584998750432507,0.5897241978876234,majority_keep
reddit_1ts5npc_ooujvyq,5,1,0.2,1.3570295485611104,3.3494593998086493,0.24283029230224198,0.42933012008301863,majority_keep
reddit_1ts7ucn_oovp8d8,4,1,0.25,1.3570295485611104,3.3494593998086493,0.27072101768445367,0.5068029795233617,majority_keep
reddit_1ts7wt8_oot9gi9,3,2,0.6666666666666666,1.3570295485611104,3.3494593998086493,0.4356107652981531,0.8211118630943426,majority_remove
reddit_1ts7wt8_oou1zwn,3,1,0.3333333333333333,1.3570295485611104,3.3494593998086493,0.30584998750432507,0.5897241978876234,majority_keep
reddit_1ts7wt8_oouryyx,3,2,0.6666666666666666,1.3570295485611104,3.3494593998086493,0.4356107652981531,0.8211118630943426,majority_remove
reddit_1ts7wt8_oovyi71,4,0,0.0,1.3570295485611104,3.3494593998086493,0.15586415564395867,0.19375829088398777,unanimous_keep
reddit_1ts8q7t_ootph1v,4,1,0.25,1.3570295485611104,3.3494593998086493,0.27072101768445367,0.5068029795233617,majority_keep
reddit_1ts8q7t_ooul613,7,1,0.1428571428571428,1.3570295485611104,3.3494593998086493,0.20134384946302358,0.2991154978075321,majority_keep
reddit_1ts91q8_oou2n59,3,0,0.0,1.3570295485611104,3.3494593998086493,0.17608920971049702,0.24889425208860305,unanimous_keep
reddit_1ts91q8_oou3j1e,7,0,0.0,1.3570295485611104,3.3494593998086493,0.11592114036464278,0.08959845962246542,unanimous_keep
reddit_1ts91q8_oouzxky,3,3,1.0,1.3570295485611104,3.3494593998086493,0.5653715430919811,0.8201728525283785,unanimous_remove
reddit_1ts91q8_oox7bzl,4,2,0.5,1.3570295485611104,3.3494593998086493,0.38557787972494867,0.7779202155273284,tie
reddit_1ts91q8_op1ibpl,4,0,0.0,1.3570295485611104,3.3494593998086493,0.15586415564395867,0.19375829088398777,unanimous_keep
reddit_1tsd2hr_oourfzr,4,0,0.0,1.3570295485611104,3.3494593998086493,0.15586415564395867,0.19375829088398777,unanimous_keep
reddit_1tsd2hr_oouww6y,10,3,0.3,1.3570295485611104,3.3494593998086493,0.2962657887859831,0.6257229803519038,majority_keep
reddit_1tsfgd5_opax0h0,3,0,0.0,1.3570295485611104,3.3494593998086493,0.17608920971049702,0.24889425208860305,unanimous_keep
reddit_1tshfyq_oovh0mi,4,1,0.25,1.3570295485611104,3.3494593998086493,0.27072101768445367,0.5068029795233617,majority_keep
reddit_1tsj7e8_oow2khv,3,1,0.3333333333333333,1.3570295485611104,3.3494593998086493,0.30584998750432507,0.5897241978876234,majority_keep
reddit_1tsj7e8_ooxdvzj,3,1,0.3333333333333333,1.3570295485611104,3.3494593998086493,0.30584998750432507,0.5897241978876234,majority_keep
reddit_1tsj7e8_ooy0olb,3,1,0.3333333333333333,1.3570295485611104,3.3494593998086493,0.30584998750432507,0.5897241978876234,majority_keep
reddit_1tsr4st_ooxxdjt,3,2,0.6666666666666666,1.3570295485611104,3.3494593998086493,0.4356107652981531,0.8211118630943426,majority_remove
reddit_1tsr4st_op1h063,4,1,0.25,1.3570295485611104,3.3494593998086493,0.27072101768445367,0.5068029795233617,majority_keep
reddit_1tsrnbn_ooy9ccb,3,0,0.0,1.3570295485611104,3.3494593998086493,0.17608920971049702,0.24889425208860305,unanimous_keep
reddit_1tst7uo_ooxmlcu,3,2,0.6666666666666666,1.3570295485611104,3.3494593998086493,0.4356107652981531,0.8211118630943426,majority_remove
reddit_1tstha7_oozj6px,4,1,0.25,1.3570295485611104,3.3494593998086493,0.27072101768445367,0.5068029795233617,majority_keep
reddit_1tstha7_op2czlm,8,4,0.5,1.3570295485611104,3.3494593998086493,0.42159793868536877,0.8934404101219868,tie
reddit_1tstlbr_ooz08t6,3,2,0.6666666666666666,1.3570295485611104,3.3494593998086493,0.4356107652981531,0.8211118630943426,majority_remove
reddit_1tstlbr_op0hcfp,3,1,0.3333333333333333,1.3570295485611104,3.3494593998086493,0.30584998750432507,0.5897241978876234,majority_keep
reddit_1tstlbr_op0i9yl,6,0,0.0,1.3570295485611104,3.3494593998086493,0.1267483257214533,0.11616418362646559,unanimous_keep
reddit_1tstlbr_op0jeay,4,3,0.75,1.3570295485611104,3.3494593998086493,0.5004347417654437,0.877072144291462,majority_remove
reddit_1tstlbr_op11qjw,6,2,0.3333333333333333,1.3570295485611104,3.3494593998086493,0.31355092829683195,0.6458901337489713,majority_keep
reddit_1tstwrk_ooxm6g6,8,3,0.375,1.3570295485611104,3.3494593998086493,0.34289799221996065,0.7459234577186024,majority_keep
reddit_1tstwrk_ooym2bu,3,1,0.3333333333333333,1.3570295485611104,3.3494593998086493,0.30584998750432507,0.5897241978876234,majority_keep
reddit_1tstwrk_ooyuw1g,3,1,0.3333333333333333,1.3570295485611104,3.3494593998086493,0.30584998750432507,0.5897241978876234,majority_keep
reddit_1tsurmm_oozl3w2,3,1,0.3333333333333333,1.3570295485611104,3.3494593998086493,0.30584998750432507,0.5897241978876234,majority_keep
reddit_1tsurmm_op062k7,3,0,0.0,1.3570295485611104,3.3494593998086493,0.17608920971049702,0.24889425208860305,unanimous_keep
reddit_1tsv1fn_ooxwq3i,6,1,0.1666666666666666,1.3570295485611104,3.3494593998086493,0.22014962700914262,0.35987758399354103,majority_keep
reddit_1tsv1fn_ooy36yf,5,0,0.0,1.3570295485611104,3.3494593998086493,0.13980642802761636,0.15024769217992295,unanimous_keep
reddit_1tsv1fn_ooyfzme,4,2,0.5,1.3570295485611104,3.3494593998086493,0.38557787972494867,0.7779202155273284,tie
reddit_1tsv1fn_ooykhbx,4,0,0.0,1.3570295485611104,3.3494593998086493,0.15586415564395867,0.19375829088398777,unanimous_keep
reddit_1tsv1fn_ooyzqin,3,0,0.0,1.3570295485611104,3.3494593998086493,0.17608920971049702,0.24889425208860305,unanimous_keep
reddit_1tsv1fn_oozrfyb,3,0,0.0,1.3570295485611104,3.3494593998086493,0.17608920971049702,0.24889425208860305,unanimous_keep
reddit_1tsv1fn_op0s58c,3,2,0.6666666666666666,1.3570295485611104,3.3494593998086493,0.4356107652981531,0.8211118630943426,majority_remove
reddit_1tsvd1m_ooxudnt,3,0,0.0,1.3570295485611104,3.3494593998086493,0.17608920971049702,0.24889425208860305,unanimous_keep
reddit_1tsvd1m_ooyh3np,4,1,0.25,1.3570295485611104,3.3494593998086493,0.27072101768445367,0.5068029795233617,majority_keep
reddit_1tsvd1m_op0md45,3,1,0.3333333333333333,1.3570295485611104,3.3494593998086493,0.30584998750432507,0.5897241978876234,majority_keep
reddit_1tsvgs3_ooy8j12,3,0,0.0,1.3570295485611104,3.3494593998086493,0.17608920971049702,0.24889425208860305,unanimous_keep
reddit_1tsvgs3_ooyj6g3,4,0,0.0,1.3570295485611104,3.3494593998086493,0.15586415564395867,0.19375829088398777,unanimous_keep
reddit_1tsvgs3_ooz7nqu,3,0,0.0,1.3570295485611104,3.3494593998086493,0.17608920971049702,0.24889425208860305,unanimous_keep
reddit_1tsvgs3_op12ugb,4,0,0.0,1.3570295485611104,3.3494593998086493,0.15586415564395867,0.19375829088398777,unanimous_keep
reddit_1tsvrdr_ooxxsy9,3,0,0.0,1.3570295485611104,3.3494593998086493,0.17608920971049702,0.24889425208860305,unanimous_keep
reddit_1tsvrdr_oozuxnb,5,2,0.4,1.3570295485611104,3.3494593998086493,0.34585415657686763,0.7155023565292364,majority_keep
reddit_1tsvrr2_ooyslxr,3,2,0.6666666666666666,1.3570295485611104,3.3494593998086493,0.4356107652981531,0.8211118630943426,majority_remove
reddit_1tsvrr2_ooyz7z0,6,0,0.0,1.3570295485611104,3.3494593998086493,0.1267483257214533,0.11616418362646559,unanimous_keep
reddit_1tsw127_ooy9nl9,5,3,0.6,1.3570295485611104,3.3494593998086493,0.44887802085149325,0.877383683978771,majority_remove
reddit_1tsw127_oozo72a,3,0,0.0,1.3570295485611104,3.3494593998086493,0.17608920971049702,0.24889425208860305,unanimous_keep
reddit_1tsw927_ooybawc,3,0,0.0,1.3570295485611104,3.3494593998086493,0.17608920971049702,0.24889425208860305,unanimous_keep
reddit_1tswff0_ooz68s4,5,0,0.0,1.3570295485611104,3.3494593998086493,0.13980642802761636,0.15024769217992295,unanimous_keep
reddit_1tswff0_op1kzsj,5,3,0.6,1.3570295485611104,3.3494593998086493,0.44887802085149325,0.877383683978771,majority_remove
reddit_1tswg2c_ooy48hi,3,1,0.3333333333333333,1.3570295485611104,3.3494593998086493,0.30584998750432507,0.5897241978876234,majority_keep
reddit_1tswg2c_ooy4ggg,4,2,0.5,1.3570295485611104,3.3494593998086493,0.38557787972494867,0.7779202155273284,tie
reddit_1tswg2c_ooy5rzu,4,0,0.0,1.3570295485611104,3.3494593998086493,0.15586415564395867,0.19375829088398777,unanimous_keep
reddit_1tswg2c_ooy6lnp,3,1,0.3333333333333333,1.3570295485611104,3.3494593998086493,0.30584998750432507,0.5897241978876234,majority_keep
reddit_1tswg2c_ooy7jdy,6,1,0.1666666666666666,1.3570295485611104,3.3494593998086493,0.22014962700914262,0.35987758399354103,majority_keep
reddit_1tswg2c_ooylu1z,5,1,0.2,1.3570295485611104,3.3494593998086493,0.24283029230224198,0.42933012008301863,majority_keep
reddit_1tswg2c_ooyrg1c,5,0,0.0,1.3570295485611104,3.3494593998086493,0.13980642802761636,0.15024769217992295,unanimous_keep
reddit_1tswg2c_op0700e,3,0,0.0,1.3570295485611104,3.3494593998086493,0.17608920971049702,0.24889425208860305,unanimous_keep
reddit_1tswg2c_op0beo8,3,2,0.6666666666666666,1.3570295485611104,3.3494593998086493,0.4356107652981531,0.8211118630943426,majority_remove
reddit_1tswg2c_op0e4ie,3,1,0.3333333333333333,1.3570295485611104,3.3494593998086493,0.30584998750432507,0.5897241978876234,majority_keep
reddit_1tswg2c_op1aht0,3,2,0.6666666666666666,1.3570295485611104,3.3494593998086493,0.4356107652981531,0.8211118630943426,majority_remove
reddit_1tsx0f1_ooy8fve,3,0,0.0,1.3570295485611104,3.3494593998086493,0.17608920971049702,0.24889425208860305,unanimous_keep
reddit_1tsx0f1_ooy8z8m,3,0,0.0,1.3570295485611104,3.3494593998086493,0.17608920971049702,0.24889425208860305,unanimous_keep
reddit_1tsx0f1_ooyapx1,5,1,0.2,1.3570295485611104,3.3494593998086493,0.24283029230224198,0.42933012008301863,majority_keep
reddit_1tsx0f1_ooycwq8,3,1,0.3333333333333333,1.3570295485611104,3.3494593998086493,0.30584998750432507,0.5897241978876234,majority_keep
reddit_1tsx0f1_ooygdr1,3,1,0.3333333333333333,1.3570295485611104,3.3494593998086493,0.30584998750432507,0.5897241978876234,majority_keep
reddit_1tsx0f1_ooylnh8,3,1,0.3333333333333333,1.3570295485611104,3.3494593998086493,0.30584998750432507,0.5897241978876234,majority_keep
reddit_1tsxfco_ooyjubd,4,0,0.0,1.3570295485611104,3.3494593998086493,0.15586415564395867,0.19375829088398777,unanimous_keep
reddit_1tsxfco_ooyzye9,5,1,0.2,1.3570295485611104,3.3494593998086493,0.24283029230224198,0.42933012008301863,majority_keep
reddit_1tsxfco_ooztj59,4,0,0.0,1.3570295485611104,3.3494593998086493,0.15586415564395867,0.19375829088398777,unanimous_keep
reddit_1tsxfco_op2aoko,4,1,0.25,1.3570295485611104,3.3494593998086493,0.27072101768445367,0.5068029795233617,majority_keep
reddit_1tsydyo_op0zvqr,4,0,0.0,1.3570295485611104,3.3494593998086493,0.15586415564395867,0.19375829088398777,unanimous_keep
reddit_1tsydyo_op1pp9w,3,2,0.6666666666666666,1.3570295485611104,3.3494593998086493,0.4356107652981531,0.8211118630943426,majority_remove
reddit_1tsydyo_op21idj,4,0,0.0,1.3570295485611104,3.3494593998086493,0.15586415564395867,0.19375829088398777,unanimous_keep
reddit_1tsydyo_op75ktb,3,1,0.3333333333333333,1.3570295485611104,3.3494593998086493,0.30584998750432507,0.5897241978876234,majority_keep
reddit_1tsyeyo_ooyj5t9,3,1,0.3333333333333333,1.3570295485611104,3.3494593998086493,0.30584998750432507,0.5897241978876234,majority_keep
reddit_1tsyeyo_oozyo2c,3,1,0.3333333333333333,1.3570295485611104,3.3494593998086493,0.30584998750432507,0.5897241978876234,majority_keep
reddit_1tsyeyo_op0zrbm,3,1,0.3333333333333333,1.3570295485611104,3.3494593998086493,0.30584998750432507,0.5897241978876234,majority_keep
reddit_1tsyeyo_op14m5r,4,1,0.25,1.3570295485611104,3.3494593998086493,0.27072101768445367,0.5068029795233617,majority_keep
reddit_1tsyeyo_op18thd,3,0,0.0,1.3570295485611104,3.3494593998086493,0.17608920971049702,0.24889425208860305,unanimous_keep
reddit_1tszmoe_ooz9wa1,4,2,0.5,1.3570295485611104,3.3494593998086493,0.38557787972494867,0.7779202155273284,tie
reddit_1tszxri_ooyysxa,3,0,0.0,1.3570295485611104,3.3494593998086493,0.17608920971049702,0.24889425208860305,unanimous_keep
reddit_1tszxri_op0492h,4,0,0.0,1.3570295485611104,3.3494593998086493,0.15586415564395867,0.19375829088398777,unanimous_keep
reddit_1tszxri_op42eik,3,0,0.0,1.3570295485611104,3.3494593998086493,0.17608920971049702,0.24889425208860305,unanimous_keep
reddit_1tszxri_op44ssz,5,0,0.0,1.3570295485611104,3.3494593998086493,0.13980642802761636,0.15024769217992295,unanimous_keep
reddit_1tt0mlj_oozoji8,5,0,0.0,1.3570295485611104,3.3494593998086493,0.13980642802761636,0.15024769217992295,unanimous_keep
reddit_1tt0mlj_op05q94,3,2,0.6666666666666666,1.3570295485611104,3.3494593998086493,0.4356107652981531,0.8211118630943426,majority_remove
reddit_1tt0mlj_op0ghjy,4,0,0.0,1.3570295485611104,3.3494593998086493,0.15586415564395867,0.19375829088398777,unanimous_keep
reddit_1tt0mlj_op1zgxc,3,0,0.0,1.3570295485611104,3.3494593998086493,0.17608920971049702,0.24889425208860305,unanimous_keep
reddit_1tt1cw0_op09g9e,3,0,0.0,1.3570295485611104,3.3494593998086493,0.17608920971049702,0.24889425208860305,unanimous_keep
reddit_1tt1cw0_op0kv5f,7,5,0.7142857142857143,1.3570295485611104,3.3494593998086493,0.5430346858565469,0.9142725834471024,majority_remove
reddit_1tt1nt4_oozquzi,4,0,0.0,1.3570295485611104,3.3494593998086493,0.15586415564395867,0.19375829088398777,unanimous_keep
reddit_1tt1r86_oozojbm,4,0,0.0,1.3570295485611104,3.3494593998086493,0.15586415564395867,0.19375829088398777,unanimous_keep
reddit_1tt1uwg_oozv2cv,4,1,0.25,1.3570295485611104,3.3494593998086493,0.27072101768445367,0.5068029795233617,majority_keep
reddit_1tt1xag_oozfi9h,3,0,0.0,1.3570295485611104,3.3494593998086493,0.17608920971049702,0.24889425208860305,unanimous_keep
reddit_1tt2zbu_op18o09,3,0,0.0,1.3570295485611104,3.3494593998086493,0.17608920971049702,0.24889425208860305,unanimous_keep
reddit_1tt31k9_op069do,3,0,0.0,1.3570295485611104,3.3494593998086493,0.17608920971049702,0.24889425208860305,unanimous_keep
reddit_1tt39gf_oozrdk1,5,3,0.6,1.3570295485611104,3.3494593998086493,0.44887802085149325,0.877383683978771,majority_remove
reddit_1tt3fgk_op00xkk,5,2,0.4,1.3570295485611104,3.3494593998086493,0.34585415657686763,0.7155023565292364,majority_keep
reddit_1tt3fgk_op0f6tn,3,0,0.0,1.3570295485611104,3.3494593998086493,0.17608920971049702,0.24889425208860305,unanimous_keep
reddit_1tt3m71_oozuigz,4,0,0.0,1.3570295485611104,3.3494593998086493,0.15586415564395867,0.19375829088398777,unanimous_keep
reddit_1tt3m71_op0654w,3,0,0.0,1.3570295485611104,3.3494593998086493,0.17608920971049702,0.24889425208860305,unanimous_keep
reddit_1tt3m71_op16a7k,4,1,0.25,1.3570295485611104,3.3494593998086493,0.27072101768445367,0.5068029795233617,majority_keep
reddit_1tt3vbp_op0184y,8,5,0.625,1.3570295485611104,3.3494593998086493,0.5002978851507769,0.9398878458071548,majority_remove
reddit_1tt4bg8_oozvqz3,4,1,0.25,1.3570295485611104,3.3494593998086493,0.27072101768445367,0.5068029795233617,majority_keep
reddit_1tt6meg_op185e4,3,2,0.6666666666666666,1.3570295485611104,3.3494593998086493,0.4356107652981531,0.8211118630943426,majority_remove
reddit_1tt6o9m_op0j3gt,5,1,0.2,1.3570295485611104,3.3494593998086493,0.24283029230224198,0.42933012008301863,majority_keep
reddit_1tt6o9m_op0m8il,3,0,0.0,1.3570295485611104,3.3494593998086493,0.17608920971049702,0.24889425208860305,unanimous_keep
reddit_1tt6o9m_op0mg7h,5,0,0.0,1.3570295485611104,3.3494593998086493,0.13980642802761636,0.15024769217992295,unanimous_keep
reddit_1tt6o9m_op10xta,3,1,0.3333333333333333,1.3570295485611104,3.3494593998086493,0.30584998750432507,0.5897241978876234,majority_keep
reddit_1tt6yir_op11c79,4,0,0.0,1.3570295485611104,3.3494593998086493,0.15586415564395867,0.19375829088398777,unanimous_keep
reddit_1tt6yir_opm374n,5,1,0.2,1.3570295485611104,3.3494593998086493,0.24283029230224198,0.42933012008301863,majority_keep
reddit_1tt8acb_op97aqo,5,3,0.6,1.3570295485611104,3.3494593998086493,0.44887802085149325,0.877383683978771,majority_remove
reddit_1tt8k9j_op0s1xy,3,1,0.3333333333333333,1.3570295485611104,3.3494593998086493,0.30584998750432507,0.5897241978876234,majority_keep
reddit_1tt8k9j_op0uwnz,7,2,0.2857142857142857,1.3570295485611104,3.3494593998086493,0.28676655856140437,0.575118950925259,majority_keep
reddit_1tt8k9j_op18y8y,4,1,0.25,1.3570295485611104,3.3494593998086493,0.27072101768445367,0.5068029795233617,majority_keep
reddit_1tt8k9j_op1a3h7,4,2,0.5,1.3570295485611104,3.3494593998086493,0.38557787972494867,0.7779202155273284,tie
reddit_1tt8k9j_op1k1s6,6,1,0.1666666666666666,1.3570295485611104,3.3494593998086493,0.22014962700914262,0.35987758399354103,majority_keep
reddit_1tt8k9j_op1q4q2,4,1,0.25,1.3570295485611104,3.3494593998086493,0.27072101768445367,0.5068029795233617,majority_keep
reddit_1tt99ox_op0yaon,3,1,0.3333333333333333,1.3570295485611104,3.3494593998086493,0.30584998750432507,0.5897241978876234,majority_keep
reddit_1tt99ox_op19p6g,3,0,0.0,1.3570295485611104,3.3494593998086493,0.17608920971049702,0.24889425208860305,unanimous_keep
reddit_1tt99ox_op1ki5u,6,1,0.1666666666666666,1.3570295485611104,3.3494593998086493,0.22014962700914262,0.35987758399354103,majority_keep
reddit_1tta0q0_op11bt2,3,0,0.0,1.3570295485611104,3.3494593998086493,0.17608920971049702,0.24889425208860305,unanimous_keep
reddit_1ttadso_op17vyg,4,1,0.25,1.3570295485611104,3.3494593998086493,0.27072101768445367,0.5068029795233617,majority_keep
reddit_1ttadso_op1b296,3,1,0.3333333333333333,1.3570295485611104,3.3494593998086493,0.30584998750432507,0.5897241978876234,majority_keep
reddit_1ttadso_op1ce7m,5,2,0.4,1.3570295485611104,3.3494593998086493,0.34585415657686763,0.7155023565292364,majority_keep
reddit_1ttadso_op1zt0g,4,2,0.5,1.3570295485611104,3.3494593998086493,0.38557787972494867,0.7779202155273284,tie
reddit_1ttadso_op226g0,5,4,0.8,1.3570295485611104,3.3494593998086493,0.5519018851261189,0.8767611458907679,majority_remove
reddit_1ttadso_op2sy4k,3,1,0.3333333333333333,1.3570295485611104,3.3494593998086493,0.30584998750432507,0.5897241978876234,majority_keep
reddit_1ttadso_op2ur4s,4,0,0.0,1.3570295485611104,3.3494593998086493,0.15586415564395867,0.19375829088398777,unanimous_keep
reddit_1ttadso_op45dt3,5,1,0.2,1.3570295485611104,3.3494593998086493,0.24283029230224198,0.42933012008301863,majority_keep
reddit_1ttbe3e_op1bk2m,4,0,0.0,1.3570295485611104,3.3494593998086493,0.15586415564395867,0.19375829088398777,unanimous_keep
reddit_1ttbe3e_op1eyqv,4,3,0.75,1.3570295485611104,3.3494593998086493,0.5004347417654437,0.877072144291462,majority_remove
reddit_1ttbe3e_op1fr75,3,3,1.0,1.3570295485611104,3.3494593998086493,0.5653715430919811,0.8201728525283785,unanimous_remove
reddit_1ttbqa6_op2h4mb,5,2,0.4,1.3570295485611104,3.3494593998086493,0.34585415657686763,0.7155023565292364,majority_keep
reddit_1ttbse9_op1e1eg,3,0,0.0,1.3570295485611104,3.3494593998086493,0.17608920971049702,0.24889425208860305,unanimous_keep
reddit_1ttbse9_op1nx3c,4,4,1.0,1.3570295485611104,3.3494593998086493,0.6152916038059387,0.7764316142622218,unanimous_remove
reddit_1ttbse9_op1roms,3,2,0.6666666666666666,1.3570295485611104,3.3494593998086493,0.4356107652981531,0.8211118630943426,majority_remove
reddit_1ttbse9_op23gdc,3,1,0.3333333333333333,1.3570295485611104,3.3494593998086493,0.30584998750432507,0.5897241978876234,majority_keep
reddit_1ttbse9_op2t5j2,3,2,0.6666666666666666,1.3570295485611104,3.3494593998086493,0.4356107652981531,0.8211118630943426,majority_remove
reddit_1ttbse9_op2yyg0,4,3,0.75,1.3570295485611104,3.3494593998086493,0.5004347417654437,0.877072144291462,majority_remove
reddit_1ttbse9_op4rgor,4,3,0.75,1.3570295485611104,3.3494593998086493,0.5004347417654437,0.877072144291462,majority_remove
reddit_1ttca9v_op1jeaj,4,2,0.5,1.3570295485611104,3.3494593998086493,0.38557787972494867,0.7779202155273284,tie
reddit_1ttcu5f_op1rlse,4,0,0.0,1.3570295485611104,3.3494593998086493,0.15586415564395867,0.19375829088398777,unanimous_keep
reddit_1ttcu5f_op1v1ek,4,0,0.0,1.3570295485611104,3.3494593998086493,0.15586415564395867,0.19375829088398777,unanimous_keep
reddit_1ttcu5f_op261bm,3,1,0.3333333333333333,1.3570295485611104,3.3494593998086493,0.30584998750432507,0.5897241978876234,majority_keep
reddit_1ttcu5f_op27edo,4,1,0.25,1.3570295485611104,3.3494593998086493,0.27072101768445367,0.5068029795233617,majority_keep
reddit_1ttcu5f_op2eyh8,3,1,0.3333333333333333,1.3570295485611104,3.3494593998086493,0.30584998750432507,0.5897241978876234,majority_keep
reddit_1ttcu5f_op2plcf,3,1,0.3333333333333333,1.3570295485611104,3.3494593998086493,0.30584998750432507,0.5897241978876234,majority_keep
reddit_1ttcu5f_op2qxhn,4,0,0.0,1.3570295485611104,3.3494593998086493,0.15586415564395867,0.19375829088398777,unanimous_keep
reddit_1ttcu5f_op2smi9,4,0,0.0,1.3570295485611104,3.3494593998086493,0.15586415564395867,0.19375829088398777,unanimous_keep
reddit_1ttcu5f_op7r8mn,4,1,0.25,1.3570295485611104,3.3494593998086493,0.27072101768445367,0.5068029795233617,majority_keep
reddit_1ttdpd3_op1v30d,4,0,0.0,1.3570295485611104,3.3494593998086493,0.15586415564395867,0.19375829088398777,unanimous_keep
reddit_1ttmc22_op5l8lc,6,0,0.0,1.3570295485611104,3.3494593998086493,0.1267483257214533,0.11616418362646559,unanimous_keep
reddit_1ttmc22_op663s9,3,0,0.0,1.3570295485611104,3.3494593998086493,0.17608920971049702,0.24889425208860305,unanimous_keep
reddit_1ttnjf7_op4ug94,3,1,0.3333333333333333,1.3570295485611104,3.3494593998086493,0.30584998750432507,0.5897241978876234,majority_keep
reddit_1ttp1d5_op48f8o,3,0,0.0,1.3570295485611104,3.3494593998086493,0.17608920971049702,0.24889425208860305,unanimous_keep
reddit_1ttsfrd_op4s9lz,4,1,0.25,1.3570295485611104,3.3494593998086493,0.27072101768445367,0.5068029795233617,majority_keep
reddit_1ttsfrd_op4w6al,5,0,0.0,1.3570295485611104,3.3494593998086493,0.13980642802761636,0.15024769217992295,unanimous_keep
reddit_1ttsfrd_op4zglv,3,2,0.6666666666666666,1.3570295485611104,3.3494593998086493,0.4356107652981531,0.8211118630943426,majority_remove
reddit_1tttfo9_op4ud6k,4,1,0.25,1.3570295485611104,3.3494593998086493,0.27072101768445367,0.5068029795233617,majority_keep
reddit_1tttfo9_op599v1,4,1,0.25,1.3570295485611104,3.3494593998086493,0.27072101768445367,0.5068029795233617,majority_keep
reddit_1tttfo9_op645dc,3,1,0.3333333333333333,1.3570295485611104,3.3494593998086493,0.30584998750432507,0.5897241978876234,majority_keep
reddit_1ttubgf_op524it,4,0,0.0,1.3570295485611104,3.3494593998086493,0.15586415564395867,0.19375829088398777,unanimous_keep
reddit_1ttui2j_op539m6,3,0,0.0,1.3570295485611104,3.3494593998086493,0.17608920971049702,0.24889425208860305,unanimous_keep
reddit_1ttui2j_op5bxfq,3,0,0.0,1.3570295485611104,3.3494593998086493,0.17608920971049702,0.24889425208860305,unanimous_keep
reddit_1ttui2j_op5c76d,4,0,0.0,1.3570295485611104,3.3494593998086493,0.15586415564395867,0.19375829088398777,unanimous_keep
reddit_1ttui2j_op5iwif,3,1,0.3333333333333333,1.3570295485611104,3.3494593998086493,0.30584998750432507,0.5897241978876234,majority_keep
reddit_1ttui2j_op5rbxk,4,3,0.75,1.3570295485611104,3.3494593998086493,0.5004347417654437,0.877072144291462,majority_remove
reddit_1ttui2j_op5wba1,4,0,0.0,1.3570295485611104,3.3494593998086493,0.15586415564395867,0.19375829088398777,unanimous_keep
reddit_1ttui2j_op5wnwg,4,0,0.0,1.3570295485611104,3.3494593998086493,0.15586415564395867,0.19375829088398777,unanimous_keep
reddit_1ttui2j_op5xvkf,3,2,0.6666666666666666,1.3570295485611104,3.3494593998086493,0.4356107652981531,0.8211118630943426,majority_remove
reddit_1ttui2j_op636xx,3,3,1.0,1.3570295485611104,3.3494593998086493,0.5653715430919811,0.8201728525283785,unanimous_remove
reddit_1ttui2j_op6ip26,5,1,0.2,1.3570295485611104,3.3494593998086493,0.24283029230224198,0.42933012008301863,majority_keep
reddit_1ttun3g_op53azi,5,1,0.2,1.3570295485611104,3.3494593998086493,0.24283029230224198,0.42933012008301863,majority_keep
reddit_1ttun3g_op5v3en,4,3,0.75,1.3570295485611104,3.3494593998086493,0.5004347417654437,0.877072144291462,majority_remove
reddit_1ttv5xp_op5iog7,3,1,0.3333333333333333,1.3570295485611104,3.3494593998086493,0.30584998750432507,0.5897241978876234,majority_keep
reddit_1ttv5xp_op74ooh,4,0,0.0,1.3570295485611104,3.3494593998086493,0.15586415564395867,0.19375829088398777,unanimous_keep
reddit_1ttx203_op5rdpf,3,0,0.0,1.3570295485611104,3.3494593998086493,0.17608920971049702,0.24889425208860305,unanimous_keep
reddit_1ttx203_op5rjl1,3,1,0.3333333333333333,1.3570295485611104,3.3494593998086493,0.30584998750432507,0.5897241978876234,majority_keep
reddit_1ttx203_op5sci4,3,1,0.3333333333333333,1.3570295485611104,3.3494593998086493,0.30584998750432507,0.5897241978876234,majority_keep
reddit_1ttx203_op5upai,3,0,0.0,1.3570295485611104,3.3494593998086493,0.17608920971049702,0.24889425208860305,unanimous_keep
reddit_1ttx203_op7ax97,3,0,0.0,1.3570295485611104,3.3494593998086493,0.17608920971049702,0.24889425208860305,unanimous_keep
reddit_1ttx203_opb1aep,7,1,0.1428571428571428,1.3570295485611104,3.3494593998086493,0.20134384946302358,0.2991154978075321,majority_keep
reddit_1ttxea2_op6dilg,3,1,0.3333333333333333,1.3570295485611104,3.3494593998086493,0.30584998750432507,0.5897241978876234,majority_keep
reddit_1ttxea2_op7ap5l,3,0,0.0,1.3570295485611104,3.3494593998086493,0.17608920971049702,0.24889425208860305,unanimous_keep
reddit_1ttxj3b_op7jku3,4,0,0.0,1.3570295485611104,3.3494593998086493,0.15586415564395867,0.19375829088398777,unanimous_keep
reddit_1tu1v6y_op6hd7j,3,0,0.0,1.3570295485611104,3.3494593998086493,0.17608920971049702,0.24889425208860305,unanimous_keep
reddit_1tu3uj9_opfxhkf,3,1,0.3333333333333333,1.3570295485611104,3.3494593998086493,0.30584998750432507,0.5897241978876234,majority_keep
reddit_1tu4roc_op7ysvr,4,1,0.25,1.3570295485611104,3.3494593998086493,0.27072101768445367,0.5068029795233617,majority_keep
reddit_1tu5tml_op88ky5,3,1,0.3333333333333333,1.3570295485611104,3.3494593998086493,0.30584998750432507,0.5897241978876234,majority_keep
reddit_1tu5tml_op9o023,4,3,0.75,1.3570295485611104,3.3494593998086493,0.5004347417654437,0.877072144291462,majority_remove
reddit_1tu7mub_op8rp6u,4,0,0.0,1.3570295485611104,3.3494593998086493,0.15586415564395867,0.19375829088398777,unanimous_keep
reddit_1tu7mub_op8udhe,4,1,0.25,1.3570295485611104,3.3494593998086493,0.27072101768445367,0.5068029795233617,majority_keep
reddit_1tu7mub_opbvykc,3,2,0.6666666666666666,1.3570295485611104,3.3494593998086493,0.4356107652981531,0.8211118630943426,majority_remove
reddit_1tucjhu_op8oifj,4,2,0.5,1.3570295485611104,3.3494593998086493,0.38557787972494867,0.7779202155273284,tie
reddit_1tucjhu_op8vg2i,3,0,0.0,1.3570295485611104,3.3494593998086493,0.17608920971049702,0.24889425208860305,unanimous_keep
reddit_1tucjhu_op8vidx,4,1,0.25,1.3570295485611104,3.3494593998086493,0.27072101768445367,0.5068029795233617,majority_keep
reddit_1tucjhu_op8yz1j,3,1,0.3333333333333333,1.3570295485611104,3.3494593998086493,0.30584998750432507,0.5897241978876234,majority_keep
reddit_1tucjhu_op99r08,4,1,0.25,1.3570295485611104,3.3494593998086493,0.27072101768445367,0.5068029795233617,majority_keep
reddit_1tucjhu_op9bbfn,4,0,0.0,1.3570295485611104,3.3494593998086493,0.15586415564395867,0.19375829088398777,unanimous_keep
reddit_1tucjhu_opapfna,4,3,0.75,1.3570295485611104,3.3494593998086493,0.5004347417654437,0.877072144291462,majority_remove
reddit_1tuebh8_op8ytk5,5,3,0.6,1.3570295485611104,3.3494593998086493,0.44887802085149325,0.877383683978771,majority_remove
reddit_1tuebh8_op919im,11,7,0.6363636363636364,1.3570295485611104,3.3494593998086493,0.5320749644323609,0.9573161980808775,majority_remove
reddit_1tuebh8_op9twf0,8,7,0.875,1.3570295485611104,3.3494593998086493,0.6576977780815931,0.7444108062308672,majority_remove
reddit_1tuebh8_op9v6nb,3,1,0.3333333333333333,1.3570295485611104,3.3494593998086493,0.30584998750432507,0.5897241978876234,majority_keep
reddit_1tuebh8_opa2ek0,3,0,0.0,1.3570295485611104,3.3494593998086493,0.17608920971049702,0.24889425208860305,unanimous_keep
reddit_1tuebh8_opardvt,3,0,0.0,1.3570295485611104,3.3494593998086493,0.17608920971049702,0.24889425208860305,unanimous_keep
reddit_1tuebh8_opbo80p,6,3,0.5,1.3570295485611104,3.3494593998086493,0.40695222958452126,0.8471663696105847,tie
reddit_1tuebh8_opbx2tj,3,1,0.3333333333333333,1.3570295485611104,3.3494593998086493,0.30584998750432507,0.5897241978876234,majority_keep
reddit_1tug26y_opbydy8,5,1,0.2,1.3570295485611104,3.3494593998086493,0.24283029230224198,0.42933012008301863,majority_keep
reddit_1tug26y_opdl119,3,0,0.0,1.3570295485611104,3.3494593998086493,0.17608920971049702,0.24889425208860305,unanimous_keep
reddit_1tug26y_opfgrn0,3,1,0.3333333333333333,1.3570295485611104,3.3494593998086493,0.30584998750432507,0.5897241978876234,majority_keep
reddit_1tuh5dj_opgdt6o,6,1,0.1666666666666666,1.3570295485611104,3.3494593998086493,0.22014962700914262,0.35987758399354103,majority_keep
reddit_1tuly4n_opamfz1,4,1,0.25,1.3570295485611104,3.3494593998086493,0.27072101768445367,0.5068029795233617,majority_keep
reddit_1tuly4n_opbnx7u,3,2,0.6666666666666666,1.3570295485611104,3.3494593998086493,0.4356107652981531,0.8211118630943426,majority_remove
reddit_1tupifu_opd792n,4,2,0.5,1.3570295485611104,3.3494593998086493,0.38557787972494867,0.7779202155273284,tie
reddit_1tupifu_opgm1tc,5,4,0.8,1.3570295485611104,3.3494593998086493,0.5519018851261189,0.8767611458907679,majority_remove
reddit_1ture29_opc209a,3,2,0.6666666666666666,1.3570295485611104,3.3494593998086493,0.4356107652981531,0.8211118630943426,majority_remove
reddit_1ture29_opcesos,4,1,0.25,1.3570295485611104,3.3494593998086493,0.27072101768445367,0.5068029795233617,majority_keep
reddit_1ture29_opg5wk3,4,0,0.0,1.3570295485611104,3.3494593998086493,0.15586415564395867,0.19375829088398777,unanimous_keep
reddit_1tuttj1_opce1zm,3,0,0.0,1.3570295485611104,3.3494593998086493,0.17608920971049702,0.24889425208860305,unanimous_keep
reddit_1tuttj1_opi5ske,4,1,0.25,1.3570295485611104,3.3494593998086493,0.27072101768445367,0.5068029795233617,majority_keep
reddit_1tuttj1_opr6bav,6,3,0.5,1.3570295485611104,3.3494593998086493,0.40695222958452126,0.8471663696105847,tie
reddit_1tutxzr_opctx4z,6,4,0.6666666666666666,1.3570295485611104,3.3494593998086493,0.5003535308722106,0.9144837987662224,majority_remove
reddit_1tutxzr_opcuwvg,5,3,0.6,1.3570295485611104,3.3494593998086493,0.44887802085149325,0.877383683978771,majority_remove
reddit_1tutxzr_opdn8rc,3,2,0.6666666666666666,1.3570295485611104,3.3494593998086493,0.4356107652981531,0.8211118630943426,majority_remove
reddit_1tutxzr_opebu0l,3,3,1.0,1.3570295485611104,3.3494593998086493,0.5653715430919811,0.8201728525283785,unanimous_remove
reddit_1tuue1j_opc803a,5,1,0.2,1.3570295485611104,3.3494593998086493,0.24283029230224198,0.42933012008301863,majority_keep
reddit_1tuue1j_opc9dji,4,2,0.5,1.3570295485611104,3.3494593998086493,0.38557787972494867,0.7779202155273284,tie
reddit_1tuue1j_opchx64,4,0,0.0,1.3570295485611104,3.3494593998086493,0.15586415564395867,0.19375829088398777,unanimous_keep
reddit_1tuue1j_opdkhnv,3,1,0.3333333333333333,1.3570295485611104,3.3494593998086493,0.30584998750432507,0.5897241978876234,majority_keep
reddit_1tuue1j_opdmiro,4,2,0.5,1.3570295485611104,3.3494593998086493,0.38557787972494867,0.7779202155273284,tie
reddit_1tuue1j_opf76fn,3,0,0.0,1.3570295485611104,3.3494593998086493,0.17608920971049702,0.24889425208860305,unanimous_keep
reddit_1tuue1j_opf84js,3,1,0.3333333333333333,1.3570295485611104,3.3494593998086493,0.30584998750432507,0.5897241978876234,majority_keep
reddit_1tuue1j_opiozsd,3,0,0.0,1.3570295485611104,3.3494593998086493,0.17608920971049702,0.24889425208860305,unanimous_keep
reddit_1tuue1j_opj2o5r,4,1,0.25,1.3570295485611104,3.3494593998086493,0.27072101768445367,0.5068029795233617,majority_keep
reddit_1tuue1j_opj8xx7,5,0,0.0,1.3570295485611104,3.3494593998086493,0.13980642802761636,0.15024769217992295,unanimous_keep
reddit_1tuwb8f_opcv4mn,4,1,0.25,1.3570295485611104,3.3494593998086493,0.27072101768445367,0.5068029795233617,majority_keep
reddit_1tuwb8f_opcw6z6,4,2,0.5,1.3570295485611104,3.3494593998086493,0.38557787972494867,0.7779202155273284,tie
reddit_1tuwb8f_opd0nfr,3,3,1.0,1.3570295485611104,3.3494593998086493,0.5653715430919811,0.8201728525283785,unanimous_remove
reddit_1tuwb8f_opd1klp,3,0,0.0,1.3570295485611104,3.3494593998086493,0.17608920971049702,0.24889425208860305,unanimous_keep
reddit_1tuwb8f_opd3wgi,8,1,0.125,1.3570295485611104,3.3494593998086493,0.18549809928914443,0.2468471699588298,majority_keep
reddit_1tuwb8f_opdgite,7,3,0.4285714285714285,1.3570295485611104,3.3494593998086493,0.3721892676597852,0.800827684200982,majority_keep
reddit_1tuwb8f_opem0ym,4,0,0.0,1.3570295485611104,3.3494593998086493,0.15586415564395867,0.19375829088398777,unanimous_keep
reddit_1tuwb8f_opf408q,3,0,0.0,1.3570295485611104,3.3494593998086493,0.17608920971049702,0.24889425208860305,unanimous_keep
reddit_1tuwb8f_opqyz7h,8,0,0.0,1.3570295485611104,3.3494593998086493,0.10679815282373634,0.06897003715873785,unanimous_keep
reddit_1tuwb8f_oq71vy3,3,0,0.0,1.3570295485611104,3.3494593998086493,0.17608920971049702,0.24889425208860305,unanimous_keep
reddit_1tux6at_opcpfwl,3,1,0.3333333333333333,1.3570295485611104,3.3494593998086493,0.30584998750432507,0.5897241978876234,majority_keep
reddit_1tux6at_opd8mjj,4,1,0.25,1.3570295485611104,3.3494593998086493,0.27072101768445367,0.5068029795233617,majority_keep
reddit_1tux6at_opdam72,3,2,0.6666666666666666,1.3570295485611104,3.3494593998086493,0.4356107652981531,0.8211118630943426,majority_remove
reddit_1tux6at_opddc63,4,1,0.25,1.3570295485611104,3.3494593998086493,0.27072101768445367,0.5068029795233617,majority_keep
reddit_1tux6at_opdn8zt,3,1,0.3333333333333333,1.3570295485611104,3.3494593998086493,0.30584998750432507,0.5897241978876234,majority_keep
reddit_1tux6at_opdrjia,3,1,0.3333333333333333,1.3570295485611104,3.3494593998086493,0.30584998750432507,0.5897241978876234,majority_keep
reddit_1tux6at_ope0vru,3,0,0.0,1.3570295485611104,3.3494593998086493,0.17608920971049702,0.24889425208860305,unanimous_keep
reddit_1tuzkhw_opdf6j5,4,0,0.0,1.3570295485611104,3.3494593998086493,0.15586415564395867,0.19375829088398777,unanimous_keep
reddit_1tuzkhw_opdm4hb,4,0,0.0,1.3570295485611104,3.3494593998086493,0.15586415564395867,0.19375829088398777,unanimous_keep
reddit_1tuzkhw_opdty67,5,1,0.2,1.3570295485611104,3.3494593998086493,0.24283029230224198,0.42933012008301863,majority_keep
reddit_1tuzkhw_ope5oe1,6,1,0.1666666666666666,1.3570295485611104,3.3494593998086493,0.22014962700914262,0.35987758399354103,majority_keep
reddit_1tuzkhw_opfmys1,3,0,0.0,1.3570295485611104,3.3494593998086493,0.17608920971049702,0.24889425208860305,unanimous_keep
reddit_1tuzwvu_opdmsbj,3,1,0.3333333333333333,1.3570295485611104,3.3494593998086493,0.30584998750432507,0.5897241978876234,majority_keep
reddit_1tuzwvu_ope0wjp,3,0,0.0,1.3570295485611104,3.3494593998086493,0.17608920971049702,0.24889425208860305,unanimous_keep
reddit_1tuzwvu_opeseng,5,1,0.2,1.3570295485611104,3.3494593998086493,0.24283029230224198,0.42933012008301863,majority_keep
reddit_1tv1z4j_opdv7rq,4,1,0.25,1.3570295485611104,3.3494593998086493,0.27072101768445367,0.5068029795233617,majority_keep
reddit_1tv1z4j_opdvsat,5,2,0.4,1.3570295485611104,3.3494593998086493,0.34585415657686763,0.7155023565292364,majority_keep
reddit_1tv1z4j_ope05co,3,1,0.3333333333333333,1.3570295485611104,3.3494593998086493,0.30584998750432507,0.5897241978876234,majority_keep
reddit_1tv1z4j_opex90l,3,1,0.3333333333333333,1.3570295485611104,3.3494593998086493,0.30584998750432507,0.5897241978876234,majority_keep
reddit_1tv1z4j_opf7jvm,6,6,1.0,1.3570295485611104,3.3494593998086493,0.6871561334475892,0.6439235665864464,unanimous_remove
reddit_1tv1z4j_opfcmo9,5,4,0.8,1.3570295485611104,3.3494593998086493,0.5519018851261189,0.8767611458907679,majority_remove
reddit_1tv1z4j_opfyrdh,4,1,0.25,1.3570295485611104,3.3494593998086493,0.27072101768445367,0.5068029795233617,majority_keep
reddit_1tv1z4j_opi6zks,3,0,0.0,1.3570295485611104,3.3494593998086493,0.17608920971049702,0.24889425208860305,unanimous_keep
reddit_1tv4g76_opfj4ak,4,2,0.5,1.3570295485611104,3.3494593998086493,0.38557787972494867,0.7779202155273284,tie
reddit_1tv4g76_opfu68f,5,2,0.4,1.3570295485611104,3.3494593998086493,0.34585415657686763,0.7155023565292364,majority_keep
reddit_1tv4g76_opfvmi7,3,0,0.0,1.3570295485611104,3.3494593998086493,0.17608920971049702,0.24889425208860305,unanimous_keep
reddit_1tv4g76_opg6evi,3,1,0.3333333333333333,1.3570295485611104,3.3494593998086493,0.30584998750432507,0.5897241978876234,majority_keep
reddit_1tv4g76_oqjo5ds,3,0,0.0,1.3570295485611104,3.3494593998086493,0.17608920971049702,0.24889425208860305,unanimous_keep
reddit_1tv4g76_oqs8qvb,3,1,0.3333333333333333,1.3570295485611104,3.3494593998086493,0.30584998750432507,0.5897241978876234,majority_keep
reddit_1tv4jag_opgj3rh,4,0,0.0,1.3570295485611104,3.3494593998086493,0.15586415564395867,0.19375829088398777,unanimous_keep
reddit_1tv4jag_opixq4s,4,1,0.25,1.3570295485611104,3.3494593998086493,0.27072101768445367,0.5068029795233617,majority_keep
reddit_1tv4jag_opkpmxv,3,0,0.0,1.3570295485611104,3.3494593998086493,0.17608920971049702,0.24889425208860305,unanimous_keep
reddit_1tv69vk_opw9cot,3,1,0.3333333333333333,1.3570295485611104,3.3494593998086493,0.30584998750432507,0.5897241978876234,majority_keep
reddit_1tv6efo_opeq3be,4,2,0.5,1.3570295485611104,3.3494593998086493,0.38557787972494867,0.7779202155273284,tie
reddit_1tv7vfu_opf40lj,3,2,0.6666666666666666,1.3570295485611104,3.3494593998086493,0.4356107652981531,0.8211118630943426,majority_remove
reddit_1tv7vfu_opg8cfp,3,0,0.0,1.3570295485611104,3.3494593998086493,0.17608920971049702,0.24889425208860305,unanimous_keep
reddit_1tv7vfu_opg8z19,4,0,0.0,1.3570295485611104,3.3494593998086493,0.15586415564395867,0.19375829088398777,unanimous_keep
reddit_1tv7vfu_opgl1xc,3,1,0.3333333333333333,1.3570295485611104,3.3494593998086493,0.30584998750432507,0.5897241978876234,majority_keep
reddit_1tv7vfu_ophvt4q,6,5,0.8333333333333334,1.3570295485611104,3.3494593998086493,0.5937548321598999,0.8461335106224761,majority_remove
reddit_1tv7vfu_opiimgu,6,4,0.6666666666666666,1.3570295485611104,3.3494593998086493,0.5003535308722106,0.9144837987662224,majority_remove
reddit_1tv99t4_opfvlzk,3,1,0.3333333333333333,1.3570295485611104,3.3494593998086493,0.30584998750432507,0.5897241978876234,majority_keep
reddit_1tv99t4_opj87qw,4,0,0.0,1.3570295485611104,3.3494593998086493,0.15586415564395867,0.19375829088398777,unanimous_keep
reddit_1tv99t4_opjqklu,5,2,0.4,1.3570295485611104,3.3494593998086493,0.34585415657686763,0.7155023565292364,majority_keep
reddit_1tv99t4_opkq9my,3,0,0.0,1.3570295485611104,3.3494593998086493,0.17608920971049702,0.24889425208860305,unanimous_keep
reddit_1tv99t4_opt7c80,4,1,0.25,1.3570295485611104,3.3494593998086493,0.27072101768445367,0.5068029795233617,majority_keep
reddit_1tvaatt_opfrae8,3,0,0.0,1.3570295485611104,3.3494593998086493,0.17608920971049702,0.24889425208860305,unanimous_keep
reddit_1tvaatt_opgcqsc,4,1,0.25,1.3570295485611104,3.3494593998086493,0.27072101768445367,0.5068029795233617,majority_keep
reddit_1tvaatt_opi6aiz,3,0,0.0,1.3570295485611104,3.3494593998086493,0.17608920971049702,0.24889425208860305,unanimous_keep
reddit_1tvaatt_opj5q8n,3,1,0.3333333333333333,1.3570295485611104,3.3494593998086493,0.30584998750432507,0.5897241978876234,majority_keep
reddit_1tvaatt_opl89eb,6,2,0.3333333333333333,1.3570295485611104,3.3494593998086493,0.31355092829683195,0.6458901337489713,majority_keep
reddit_1tvaatt_oq86fhh,4,0,0.0,1.3570295485611104,3.3494593998086493,0.15586415564395867,0.19375829088398777,unanimous_keep
reddit_1tvc3um_oplw2g7,3,0,0.0,1.3570295485611104,3.3494593998086493,0.17608920971049702,0.24889425208860305,unanimous_keep
reddit_1tvll8k_ophnthh,4,3,0.75,1.3570295485611104,3.3494593998086493,0.5004347417654437,0.877072144291462,majority_remove
reddit_1tvll8k_ophwbab,4,0,0.0,1.3570295485611104,3.3494593998086493,0.15586415564395867,0.19375829088398777,unanimous_keep
reddit_1tvll8k_opi1q4v,3,0,0.0,1.3570295485611104,3.3494593998086493,0.17608920971049702,0.24889425208860305,unanimous_keep
reddit_1tvll8k_opi30yr,3,1,0.3333333333333333,1.3570295485611104,3.3494593998086493,0.30584998750432507,0.5897241978876234,majority_keep
reddit_1tvll8k_opicflf,6,3,0.5,1.3570295485611104,3.3494593998086493,0.40695222958452126,0.8471663696105847,tie
reddit_1tvll8k_opik33y,3,0,0.0,1.3570295485611104,3.3494593998086493,0.17608920971049702,0.24889425208860305,unanimous_keep
reddit_1tvll8k_opiozzo,6,2,0.3333333333333333,1.3570295485611104,3.3494593998086493,0.31355092829683195,0.6458901337489713,majority_keep
reddit_1tvll8k_opj3z63,3,1,0.3333333333333333,1.3570295485611104,3.3494593998086493,0.30584998750432507,0.5897241978876234,majority_keep
reddit_1tvll8k_opjf0hz,6,1,0.1666666666666666,1.3570295485611104,3.3494593998086493,0.22014962700914262,0.35987758399354103,majority_keep
reddit_1tvmfag_ophz7zx,5,1,0.2,1.3570295485611104,3.3494593998086493,0.24283029230224198,0.42933012008301863,majority_keep
reddit_1tvp4r1_opis8b9,3,0,0.0,1.3570295485611104,3.3494593998086493,0.17608920971049702,0.24889425208860305,unanimous_keep
reddit_1tvp4r1_opk3apc,4,3,0.75,1.3570295485611104,3.3494593998086493,0.5004347417654437,0.877072144291462,majority_remove
reddit_1tvpt28_opirhe5,3,2,0.6666666666666666,1.3570295485611104,3.3494593998086493,0.4356107652981531,0.8211118630943426,majority_remove
reddit_1tvr63e_opk1fxu,3,2,0.6666666666666666,1.3570295485611104,3.3494593998086493,0.4356107652981531,0.8211118630943426,majority_remove
reddit_1tvr63e_opn1sx9,4,2,0.5,1.3570295485611104,3.3494593998086493,0.38557787972494867,0.7779202155273284,tie
reddit_1tvro8z_opknelo,3,1,0.3333333333333333,1.3570295485611104,3.3494593998086493,0.30584998750432507,0.5897241978876234,majority_keep
reddit_1tvsdbe_opjzmjf,3,2,0.6666666666666666,1.3570295485611104,3.3494593998086493,0.4356107652981531,0.8211118630943426,majority_remove
reddit_1tvsdbe_oplsmr8,3,0,0.0,1.3570295485611104,3.3494593998086493,0.17608920971049702,0.24889425208860305,unanimous_keep
reddit_1tvsp9t_opjp30t,4,2,0.5,1.3570295485611104,3.3494593998086493,0.38557787972494867,0.7779202155273284,tie
reddit_1tvsp9t_opk4hyd,3,2,0.6666666666666666,1.3570295485611104,3.3494593998086493,0.4356107652981531,0.8211118630943426,majority_remove
reddit_1tvu9kc_opjkfdd,4,0,0.0,1.3570295485611104,3.3494593998086493,0.15586415564395867,0.19375829088398777,unanimous_keep
reddit_1tvu9kc_opky419,3,0,0.0,1.3570295485611104,3.3494593998086493,0.17608920971049702,0.24889425208860305,unanimous_keep
reddit_1tvu9kc_opleaoj,4,1,0.25,1.3570295485611104,3.3494593998086493,0.27072101768445367,0.5068029795233617,majority_keep
reddit_1tvu9kc_opnf5xp,5,1,0.2,1.3570295485611104,3.3494593998086493,0.24283029230224198,0.42933012008301863,majority_keep
reddit_1tvumlg_opjoyge,4,2,0.5,1.3570295485611104,3.3494593998086493,0.38557787972494867,0.7779202155273284,tie
reddit_1tvumlg_opjyiw2,8,1,0.125,1.3570295485611104,3.3494593998086493,0.18549809928914443,0.2468471699588298,majority_keep
reddit_1tvumlg_opk3jd9,3,0,0.0,1.3570295485611104,3.3494593998086493,0.17608920971049702,0.24889425208860305,unanimous_keep
reddit_1tvyk2a_opmlwkz,5,1,0.2,1.3570295485611104,3.3494593998086493,0.24283029230224198,0.42933012008301863,majority_keep
reddit_1tvyk2a_opp7g6h,7,2,0.2857142857142857,1.3570295485611104,3.3494593998086493,0.28676655856140437,0.575118950925259,majority_keep
reddit_1tvyk2a_oppxc8e,6,2,0.3333333333333333,1.3570295485611104,3.3494593998086493,0.31355092829683195,0.6458901337489713,majority_keep
reddit_1tvyk2a_opqcqvn,4,0,0.0,1.3570295485611104,3.3494593998086493,0.15586415564395867,0.19375829088398777,unanimous_keep
reddit_1tvyk2a_opscwd7,3,1,0.3333333333333333,1.3570295485611104,3.3494593998086493,0.30584998750432507,0.5897241978876234,majority_keep
reddit_1tvyk2a_opxkiht,3,0,0.0,1.3570295485611104,3.3494593998086493,0.17608920971049702,0.24889425208860305,unanimous_keep
reddit_1tvyk2a_oqdkcy4,4,2,0.5,1.3570295485611104,3.3494593998086493,0.38557787972494867,0.7779202155273284,tie
reddit_1tvyw6x_oposdns,3,1,0.3333333333333333,1.3570295485611104,3.3494593998086493,0.30584998750432507,0.5897241978876234,majority_keep
reddit_1tvyw6x_opsd4ze,4,1,0.25,1.3570295485611104,3.3494593998086493,0.27072101768445367,0.5068029795233617,majority_keep
reddit_1tvyw6x_opw2k8y,4,1,0.25,1.3570295485611104,3.3494593998086493,0.27072101768445367,0.5068029795233617,majority_keep
reddit_1tvywom_opklqr5,3,0,0.0,1.3570295485611104,3.3494593998086493,0.17608920971049702,0.24889425208860305,unanimous_keep
reddit_1tvywom_opkrf4h,3,0,0.0,1.3570295485611104,3.3494593998086493,0.17608920971049702,0.24889425208860305,unanimous_keep
reddit_1tvywom_oplxneq,4,0,0.0,1.3570295485611104,3.3494593998086493,0.15586415564395867,0.19375829088398777,unanimous_keep
reddit_1tvywom_opm3ctw,5,4,0.8,1.3570295485611104,3.3494593998086493,0.5519018851261189,0.8767611458907679,majority_remove
reddit_1tvzs8j_opl3fqa,3,1,0.3333333333333333,1.3570295485611104,3.3494593998086493,0.30584998750432507,0.5897241978876234,majority_keep
reddit_1tw0vcu_opky6he,3,1,0.3333333333333333,1.3570295485611104,3.3494593998086493,0.30584998750432507,0.5897241978876234,majority_keep
reddit_1tw1yjv_opq90hg,4,0,0.0,1.3570295485611104,3.3494593998086493,0.15586415564395867,0.19375829088398777,unanimous_keep
reddit_1tw1yjv_oq9c9hq,3,0,0.0,1.3570295485611104,3.3494593998086493,0.17608920971049702,0.24889425208860305,unanimous_keep
reddit_1tw3aly_oplnpvf,3,1,0.3333333333333333,1.3570295485611104,3.3494593998086493,0.30584998750432507,0.5897241978876234,majority_keep
reddit_1tw3aly_opmebns,4,0,0.0,1.3570295485611104,3.3494593998086493,0.15586415564395867,0.19375829088398777,unanimous_keep
reddit_1tw57mx_opmmljj,3,0,0.0,1.3570295485611104,3.3494593998086493,0.17608920971049702,0.24889425208860305,unanimous_keep
reddit_1tw67am_opnihy8,3,0,0.0,1.3570295485611104,3.3494593998086493,0.17608920971049702,0.24889425208860305,unanimous_keep
reddit_1tw67am_opp0tc1,4,1,0.25,1.3570295485611104,3.3494593998086493,0.27072101768445367,0.5068029795233617,majority_keep
reddit_1tw6zcr_opmnhnz,3,0,0.0,1.3570295485611104,3.3494593998086493,0.17608920971049702,0.24889425208860305,unanimous_keep
reddit_1tw6zcr_opnzbsm,3,0,0.0,1.3570295485611104,3.3494593998086493,0.17608920971049702,0.24889425208860305,unanimous_keep
reddit_1tw6zcr_opo4gz2,3,2,0.6666666666666666,1.3570295485611104,3.3494593998086493,0.4356107652981531,0.8211118630943426,majority_remove
reddit_1tw6zcr_opokn6v,5,1,0.2,1.3570295485611104,3.3494593998086493,0.24283029230224198,0.42933012008301863,majority_keep
reddit_1tw739j_opn5yej,4,2,0.5,1.3570295485611104,3.3494593998086493,0.38557787972494867,0.7779202155273284,tie
reddit_1tw81gp_opmkf0q,4,2,0.5,1.3570295485611104,3.3494593998086493,0.38557787972494867,0.7779202155273284,tie
reddit_1tw81gp_opozbag,3,0,0.0,1.3570295485611104,3.3494593998086493,0.17608920971049702,0.24889425208860305,unanimous_keep
reddit_1twc1po_opucmp7,5,1,0.2,1.3570295485611104,3.3494593998086493,0.24283029230224198,0.42933012008301863,majority_keep
reddit_1twc57o_opnhuhz,3,0,0.0,1.3570295485611104,3.3494593998086493,0.17608920971049702,0.24889425208860305,unanimous_keep
reddit_1twc57o_oprl376,3,0,0.0,1.3570295485611104,3.3494593998086493,0.17608920971049702,0.24889425208860305,unanimous_keep
reddit_1twd1b6_oppjzlg,3,0,0.0,1.3570295485611104,3.3494593998086493,0.17608920971049702,0.24889425208860305,unanimous_keep
reddit_1twd1b6_opqcvuz,4,0,0.0,1.3570295485611104,3.3494593998086493,0.15586415564395867,0.19375829088398777,unanimous_keep
reddit_1twd1b6_opr5r8v,4,0,0.0,1.3570295485611104,3.3494593998086493,0.15586415564395867,0.19375829088398777,unanimous_keep
reddit_1twd1b6_opsdppc,3,1,0.3333333333333333,1.3570295485611104,3.3494593998086493,0.30584998750432507,0.5897241978876234,majority_keep
reddit_1twd1b6_opvlh0u,4,3,0.75,1.3570295485611104,3.3494593998086493,0.5004347417654437,0.877072144291462,majority_remove
reddit_1twd1b6_oq0su2p,7,3,0.4285714285714285,1.3570295485611104,3.3494593998086493,0.3721892676597852,0.800827684200982,majority_keep
reddit_1twgtct_opogji5,3,0,0.0,1.3570295485611104,3.3494593998086493,0.17608920971049702,0.24889425208860305,unanimous_keep
reddit_1twgtct_opp2rdu,4,2,0.5,1.3570295485611104,3.3494593998086493,0.38557787972494867,0.7779202155273284,tie
reddit_1twgtct_oppcncs,4,1,0.25,1.3570295485611104,3.3494593998086493,0.27072101768445367,0.5068029795233617,majority_keep
reddit_1twgtct_oppkrkm,3,0,0.0,1.3570295485611104,3.3494593998086493,0.17608920971049702,0.24889425208860305,unanimous_keep
reddit_1twgtct_oppt13l,6,4,0.6666666666666666,1.3570295485611104,3.3494593998086493,0.5003535308722106,0.9144837987662224,majority_remove
reddit_1twgtct_opqvx2o,3,2,0.6666666666666666,1.3570295485611104,3.3494593998086493,0.4356107652981531,0.8211118630943426,majority_remove
reddit_1twgtct_opthdhs,6,2,0.3333333333333333,1.3570295485611104,3.3494593998086493,0.31355092829683195,0.6458901337489713,majority_keep
reddit_1two3nw_opq6x8j,3,0,0.0,1.3570295485611104,3.3494593998086493,0.17608920971049702,0.24889425208860305,unanimous_keep
reddit_1two3nw_opqhxzu,4,2,0.5,1.3570295485611104,3.3494593998086493,0.38557787972494867,0.7779202155273284,tie
reddit_1two3nw_opsa16w,4,3,0.75,1.3570295485611104,3.3494593998086493,0.5004347417654437,0.877072144291462,majority_remove
reddit_1twq42a_opqixm4,4,1,0.25,1.3570295485611104,3.3494593998086493,0.27072101768445367,0.5068029795233617,majority_keep
reddit_1twq42a_opqproo,3,0,0.0,1.3570295485611104,3.3494593998086493,0.17608920971049702,0.24889425208860305,unanimous_keep
reddit_1twq42a_opqypuc,4,0,0.0,1.3570295485611104,3.3494593998086493,0.15586415564395867,0.19375829088398777,unanimous_keep
reddit_1twq42a_opr2rb9,3,1,0.3333333333333333,1.3570295485611104,3.3494593998086493,0.30584998750432507,0.5897241978876234,majority_keep
reddit_1twq42a_opr32cc,4,1,0.25,1.3570295485611104,3.3494593998086493,0.27072101768445367,0.5068029795233617,majority_keep
reddit_1twq42a_oqbw8wp,4,2,0.5,1.3570295485611104,3.3494593998086493,0.38557787972494867,0.7779202155273284,tie
reddit_1twr00b_opvix1y,3,2,0.6666666666666666,1.3570295485611104,3.3494593998086493,0.4356107652981531,0.8211118630943426,majority_remove
reddit_1tws6al_opqlw30,3,1,0.3333333333333333,1.3570295485611104,3.3494593998086493,0.30584998750432507,0.5897241978876234,majority_keep
reddit_1tws6al_opqnnmd,4,2,0.5,1.3570295485611104,3.3494593998086493,0.38557787972494867,0.7779202155273284,tie
reddit_1tws6al_opqt2c6,3,1,0.3333333333333333,1.3570295485611104,3.3494593998086493,0.30584998750432507,0.5897241978876234,majority_keep
reddit_1tws6al_opqtdcy,4,1,0.25,1.3570295485611104,3.3494593998086493,0.27072101768445367,0.5068029795233617,majority_keep
reddit_1tws6al_opquqs4,4,0,0.0,1.3570295485611104,3.3494593998086493,0.15586415564395867,0.19375829088398777,unanimous_keep
reddit_1tws6al_opquwlu,3,0,0.0,1.3570295485611104,3.3494593998086493,0.17608920971049702,0.24889425208860305,unanimous_keep
reddit_1tws6al_opr0kf7,4,0,0.0,1.3570295485611104,3.3494593998086493,0.15586415564395867,0.19375829088398777,unanimous_keep
reddit_1tws6al_optiqie,3,1,0.3333333333333333,1.3570295485611104,3.3494593998086493,0.30584998750432507,0.5897241978876234,majority_keep
reddit_1tx0770_opvme5k,3,0,0.0,1.3570295485611104,3.3494593998086493,0.17608920971049702,0.24889425208860305,unanimous_keep
reddit_1tx0770_oq3uawa,5,1,0.2,1.3570295485611104,3.3494593998086493,0.24283029230224198,0.42933012008301863,majority_keep
reddit_1tx0770_oqecl2d,3,0,0.0,1.3570295485611104,3.3494593998086493,0.17608920971049702,0.24889425208860305,unanimous_keep
reddit_1tx0jmc_optdd4a,4,1,0.25,1.3570295485611104,3.3494593998086493,0.27072101768445367,0.5068029795233617,majority_keep
reddit_1tx0jmc_optkdlv,5,1,0.2,1.3570295485611104,3.3494593998086493,0.24283029230224198,0.42933012008301863,majority_keep
reddit_1tx0jmc_opukxsw,6,3,0.5,1.3570295485611104,3.3494593998086493,0.40695222958452126,0.8471663696105847,tie
reddit_1tx0jmc_oq11psy,4,1,0.25,1.3570295485611104,3.3494593998086493,0.27072101768445367,0.5068029795233617,majority_keep
reddit_1tx0uiq_opsg7g6,5,1,0.2,1.3570295485611104,3.3494593998086493,0.24283029230224198,0.42933012008301863,majority_keep
reddit_1tx0uiq_opsh2dz,3,0,0.0,1.3570295485611104,3.3494593998086493,0.17608920971049702,0.24889425208860305,unanimous_keep
reddit_1tx0uiq_opsnk62,3,0,0.0,1.3570295485611104,3.3494593998086493,0.17608920971049702,0.24889425208860305,unanimous_keep
reddit_1tx0uiq_opssmic,4,1,0.25,1.3570295485611104,3.3494593998086493,0.27072101768445367,0.5068029795233617,majority_keep
reddit_1tx4xmh_opu7ilj,3,1,0.3333333333333333,1.3570295485611104,3.3494593998086493,0.30584998750432507,0.5897241978876234,majority_keep
reddit_1tx4xmh_opuc9mc,5,0,0.0,1.3570295485611104,3.3494593998086493,0.13980642802761636,0.15024769217992295,unanimous_keep
reddit_1tx4xmh_opv4frg,4,0,0.0,1.3570295485611104,3.3494593998086493,0.15586415564395867,0.19375829088398777,unanimous_keep
reddit_1txekxo_opv939j,3,1,0.3333333333333333,1.3570295485611104,3.3494593998086493,0.30584998750432507,0.5897241978876234,majority_keep
reddit_1txekxo_opvpa3p,3,1,0.3333333333333333,1.3570295485611104,3.3494593998086493,0.30584998750432507,0.5897241978876234,majority_keep
reddit_1txekxo_opx0w7h,3,1,0.3333333333333333,1.3570295485611104,3.3494593998086493,0.30584998750432507,0.5897241978876234,majority_keep
reddit_1txi7g6_opvxtyp,4,0,0.0,1.3570295485611104,3.3494593998086493,0.15586415564395867,0.19375829088398777,unanimous_keep
reddit_1txi7g6_opw8x4o,3,1,0.3333333333333333,1.3570295485611104,3.3494593998086493,0.30584998750432507,0.5897241978876234,majority_keep
reddit_1txi7g6_opwp974,4,1,0.25,1.3570295485611104,3.3494593998086493,0.27072101768445367,0.5068029795233617,majority_keep
reddit_1txi7g6_opwrqme,3,2,0.6666666666666666,1.3570295485611104,3.3494593998086493,0.4356107652981531,0.8211118630943426,majority_remove
reddit_1txi7g6_opxld1s,3,0,0.0,1.3570295485611104,3.3494593998086493,0.17608920971049702,0.24889425208860305,unanimous_keep
reddit_1txi7g6_opy1ltr,4,0,0.0,1.3570295485611104,3.3494593998086493,0.15586415564395867,0.19375829088398777,unanimous_keep
reddit_1txi7g6_opybsec,3,1,0.3333333333333333,1.3570295485611104,3.3494593998086493,0.30584998750432507,0.5897241978876234,majority_keep
reddit_1txm3lk_opxazs6,3,1,0.3333333333333333,1.3570295485611104,3.3494593998086493,0.30584998750432507,0.5897241978876234,majority_keep
reddit_1txm3lk_opxz1w5,5,2,0.4,1.3570295485611104,3.3494593998086493,0.34585415657686763,0.7155023565292364,majority_keep
reddit_1txme1m_opxckpr,5,3,0.6,1.3570295485611104,3.3494593998086493,0.44887802085149325,0.877383683978771,majority_remove
reddit_1txme1m_opxhkea,3,2,0.6666666666666666,1.3570295485611104,3.3494593998086493,0.4356107652981531,0.8211118630943426,majority_remove
reddit_1txme1m_oq0wlzl,3,1,0.3333333333333333,1.3570295485611104,3.3494593998086493,0.30584998750432507,0.5897241978876234,majority_keep
reddit_1txnigx_opx7syx,3,0,0.0,1.3570295485611104,3.3494593998086493,0.17608920971049702,0.24889425208860305,unanimous_keep
reddit_1txnigx_opxk3qx,4,1,0.25,1.3570295485611104,3.3494593998086493,0.27072101768445367,0.5068029795233617,majority_keep
reddit_1txnigx_opxm697,5,1,0.2,1.3570295485611104,3.3494593998086493,0.24283029230224198,0.42933012008301863,majority_keep
reddit_1txnigx_opxnpi8,3,1,0.3333333333333333,1.3570295485611104,3.3494593998086493,0.30584998750432507,0.5897241978876234,majority_keep
reddit_1txnigx_opys1o0,5,0,0.0,1.3570295485611104,3.3494593998086493,0.13980642802761636,0.15024769217992295,unanimous_keep
reddit_1txnqc1_opxj9am,4,2,0.5,1.3570295485611104,3.3494593998086493,0.38557787972494867,0.7779202155273284,tie
reddit_1txnqc1_opy2g1c,3,1,0.3333333333333333,1.3570295485611104,3.3494593998086493,0.30584998750432507,0.5897241978876234,majority_keep
reddit_1txnqc1_opydi81,4,0,0.0,1.3570295485611104,3.3494593998086493,0.15586415564395867,0.19375829088398777,unanimous_keep
reddit_1txnqc1_oq0hn26,3,0,0.0,1.3570295485611104,3.3494593998086493,0.17608920971049702,0.24889425208860305,unanimous_keep
reddit_1txopv4_opxewvj,3,1,0.3333333333333333,1.3570295485611104,3.3494593998086493,0.30584998750432507,0.5897241978876234,majority_keep
reddit_1txopv4_opxm8wf,4,0,0.0,1.3570295485611104,3.3494593998086493,0.15586415564395867,0.19375829088398777,unanimous_keep
reddit_1txopv4_opyk3lr,4,0,0.0,1.3570295485611104,3.3494593998086493,0.15586415564395867,0.19375829088398777,unanimous_keep
reddit_1txrgkr_oq0zyly,4,3,0.75,1.3570295485611104,3.3494593998086493,0.5004347417654437,0.877072144291462,majority_remove
reddit_1txrk7b_oq6s4ab,5,1,0.2,1.3570295485611104,3.3494593998086493,0.24283029230224198,0.42933012008301863,majority_keep
reddit_1txrv9p_opydtom,6,1,0.1666666666666666,1.3570295485611104,3.3494593998086493,0.22014962700914262,0.35987758399354103,majority_keep
reddit_1txrv9p_opykf67,3,1,0.3333333333333333,1.3570295485611104,3.3494593998086493,0.30584998750432507,0.5897241978876234,majority_keep
reddit_1txrv9p_opypogo,4,2,0.5,1.3570295485611104,3.3494593998086493,0.38557787972494867,0.7779202155273284,tie
reddit_1txrv9p_opz35l8,6,0,0.0,1.3570295485611104,3.3494593998086493,0.1267483257214533,0.11616418362646559,unanimous_keep
reddit_1txrv9p_oq1hpco,4,1,0.25,1.3570295485611104,3.3494593998086493,0.27072101768445367,0.5068029795233617,majority_keep
reddit_1txrvp0_opyb7pa,7,2,0.2857142857142857,1.3570295485611104,3.3494593998086493,0.28676655856140437,0.575118950925259,majority_keep
reddit_1txrvp0_opyfkug,3,0,0.0,1.3570295485611104,3.3494593998086493,0.17608920971049702,0.24889425208860305,unanimous_keep
reddit_1txrvp0_opygk91,5,0,0.0,1.3570295485611104,3.3494593998086493,0.13980642802761636,0.15024769217992295,unanimous_keep
reddit_1txsm52_opzntg1,4,0,0.0,1.3570295485611104,3.3494593998086493,0.15586415564395867,0.19375829088398777,unanimous_keep
reddit_1txsm52_opzqq1h,4,0,0.0,1.3570295485611104,3.3494593998086493,0.15586415564395867,0.19375829088398777,unanimous_keep
reddit_1txsm52_opzu7iw,3,1,0.3333333333333333,1.3570295485611104,3.3494593998086493,0.30584998750432507,0.5897241978876234,majority_keep
reddit_1txsm52_oq0c63j,4,1,0.25,1.3570295485611104,3.3494593998086493,0.27072101768445367,0.5068029795233617,majority_keep
reddit_1txsm52_oq0g7r0,4,2,0.5,1.3570295485611104,3.3494593998086493,0.38557787972494867,0.7779202155273284,tie
reddit_1txsm52_oq0tap9,5,1,0.2,1.3570295485611104,3.3494593998086493,0.24283029230224198,0.42933012008301863,majority_keep
reddit_1txsm52_oq1k93m,3,2,0.6666666666666666,1.3570295485611104,3.3494593998086493,0.4356107652981531,0.8211118630943426,majority_remove
reddit_1txsumx_opy9cbu,3,1,0.3333333333333333,1.3570295485611104,3.3494593998086493,0.30584998750432507,0.5897241978876234,majority_keep
reddit_1txsumx_opyjwk8,6,5,0.8333333333333334,1.3570295485611104,3.3494593998086493,0.5937548321598999,0.8461335106224761,majority_remove
reddit_1txsumx_opys90g,3,1,0.3333333333333333,1.3570295485611104,3.3494593998086493,0.30584998750432507,0.5897241978876234,majority_keep
reddit_1txsumx_oq19biw,3,1,0.3333333333333333,1.3570295485611104,3.3494593998086493,0.30584998750432507,0.5897241978876234,majority_keep
reddit_1txtwqc_oq3cwe9,4,1,0.25,1.3570295485611104,3.3494593998086493,0.27072101768445367,0.5068029795233617,majority_keep
reddit_1txtwqc_oq45ead,4,0,0.0,1.3570295485611104,3.3494593998086493,0.15586415564395867,0.19375829088398777,unanimous_keep
reddit_1txvz2c_opzweh8,4,1,0.25,1.3570295485611104,3.3494593998086493,0.27072101768445367,0.5068029795233617,majority_keep
reddit_1txvz2c_oq0e3nz,4,0,0.0,1.3570295485611104,3.3494593998086493,0.15586415564395867,0.19375829088398777,unanimous_keep
reddit_1txvz2c_oq0e8fv,3,2,0.6666666666666666,1.3570295485611104,3.3494593998086493,0.4356107652981531,0.8211118630943426,majority_remove
reddit_1txvz2c_oq0zwhs,4,1,0.25,1.3570295485611104,3.3494593998086493,0.27072101768445367,0.5068029795233617,majority_keep
reddit_1txvz2c_oq69bjc,3,0,0.0,1.3570295485611104,3.3494593998086493,0.17608920971049702,0.24889425208860305,unanimous_keep
reddit_1ty27wv_oq0gqcf,4,4,1.0,1.3570295485611104,3.3494593998086493,0.6152916038059387,0.7764316142622218,unanimous_remove
reddit_1ty956s_oq25tiz,4,0,0.0,1.3570295485611104,3.3494593998086493,0.15586415564395867,0.19375829088398777,unanimous_keep
reddit_1ty956s_oq3i69o,6,1,0.1666666666666666,1.3570295485611104,3.3494593998086493,0.22014962700914262,0.35987758399354103,majority_keep
reddit_1tycvfj_oqgqyhc,3,1,0.3333333333333333,1.3570295485611104,3.3494593998086493,0.30584998750432507,0.5897241978876234,majority_keep
reddit_1tyet91_oq2w3bk,4,2,0.5,1.3570295485611104,3.3494593998086493,0.38557787972494867,0.7779202155273284,tie
reddit_1tyet91_oq41f9h,3,1,0.3333333333333333,1.3570295485611104,3.3494593998086493,0.30584998750432507,0.5897241978876234,majority_keep
reddit_1tyet91_oq516sz,4,0,0.0,1.3570295485611104,3.3494593998086493,0.15586415564395867,0.19375829088398777,unanimous_keep
reddit_1tyjfbd_oq3ozq6,5,2,0.4,1.3570295485611104,3.3494593998086493,0.34585415657686763,0.7155023565292364,majority_keep
reddit_1tyk2vf_oq3vh7t,3,0,0.0,1.3570295485611104,3.3494593998086493,0.17608920971049702,0.24889425208860305,unanimous_keep
reddit_1tyk2vf_oqc32ou,4,0,0.0,1.3570295485611104,3.3494593998086493,0.15586415564395867,0.19375829088398777,unanimous_keep
reddit_1tymfag_oq6guvp,4,0,0.0,1.3570295485611104,3.3494593998086493,0.15586415564395867,0.19375829088398777,unanimous_keep
reddit_1tyojpm_oqa0qxm,3,0,0.0,1.3570295485611104,3.3494593998086493,0.17608920971049702,0.24889425208860305,unanimous_keep
reddit_1tytmjd_oqaixqi,5,3,0.6,1.3570295485611104,3.3494593998086493,0.44887802085149325,0.877383683978771,majority_remove
reddit_1tyu1q6_oq6yvyb,3,0,0.0,1.3570295485611104,3.3494593998086493,0.17608920971049702,0.24889425208860305,unanimous_keep
reddit_1tyu1q6_oq9bfsc,3,2,0.6666666666666666,1.3570295485611104,3.3494593998086493,0.4356107652981531,0.8211118630943426,majority_remove
reddit_1tyu1q6_oqc9or9,3,0,0.0,1.3570295485611104,3.3494593998086493,0.17608920971049702,0.24889425208860305,unanimous_keep
reddit_1tz4l7k_oq8k6qg,6,2,0.3333333333333333,1.3570295485611104,3.3494593998086493,0.31355092829683195,0.6458901337489713,majority_keep
reddit_1tz4l7k_oq9ovum,4,0,0.0,1.3570295485611104,3.3494593998086493,0.15586415564395867,0.19375829088398777,unanimous_keep
reddit_1tz4l7k_oq9s7ca,4,1,0.25,1.3570295485611104,3.3494593998086493,0.27072101768445367,0.5068029795233617,majority_keep
reddit_1tz4l7k_oqa0hhl,3,3,1.0,1.3570295485611104,3.3494593998086493,0.5653715430919811,0.8201728525283785,unanimous_remove
reddit_1tzb8pt_oqfx5xw,4,3,0.75,1.3570295485611104,3.3494593998086493,0.5004347417654437,0.877072144291462,majority_remove
reddit_1tzcqta_oqv2ivt,3,0,0.0,1.3570295485611104,3.3494593998086493,0.17608920971049702,0.24889425208860305,unanimous_keep
reddit_1tzdiak_oqa5sxo,4,0,0.0,1.3570295485611104,3.3494593998086493,0.15586415564395867,0.19375829088398777,unanimous_keep
reddit_1tzdiak_oqb120e,5,0,0.0,1.3570295485611104,3.3494593998086493,0.13980642802761636,0.15024769217992295,unanimous_keep
reddit_1tzdiak_oqbc597,6,2,0.3333333333333333,1.3570295485611104,3.3494593998086493,0.31355092829683195,0.6458901337489713,majority_keep
reddit_1tzdiak_oqc3v51,3,0,0.0,1.3570295485611104,3.3494593998086493,0.17608920971049702,0.24889425208860305,unanimous_keep
reddit_1tzdiak_oqdeh3v,3,0,0.0,1.3570295485611104,3.3494593998086493,0.17608920971049702,0.24889425208860305,unanimous_keep
reddit_1tzdiak_oqe6l4g,3,0,0.0,1.3570295485611104,3.3494593998086493,0.17608920971049702,0.24889425208860305,unanimous_keep
reddit_1tzdiak_oqel1wq,3,2,0.6666666666666666,1.3570295485611104,3.3494593998086493,0.4356107652981531,0.8211118630943426,majority_remove
reddit_1tzdiak_oqhw8la,10,0,0.0,1.3570295485611104,3.3494593998086493,0.09227420313068943,0.04066732755478492,unanimous_keep
reddit_1tzdiak_oqir5dc,3,0,0.0,1.3570295485611104,3.3494593998086493,0.17608920971049702,0.24889425208860305,unanimous_keep
reddit_1tzfhxv_oqadx03,3,2,0.6666666666666666,1.3570295485611104,3.3494593998086493,0.4356107652981531,0.8211118630943426,majority_remove
reddit_1tzfhxv_oqcr8b0,3,1,0.3333333333333333,1.3570295485611104,3.3494593998086493,0.30584998750432507,0.5897241978876234,majority_keep
reddit_1tzgcp8_oqajozd,5,3,0.6,1.3570295485611104,3.3494593998086493,0.44887802085149325,0.877383683978771,majority_remove
reddit_1tzgcp8_oqb77ur,3,2,0.6666666666666666,1.3570295485611104,3.3494593998086493,0.4356107652981531,0.8211118630943426,majority_remove
reddit_1tzgcp8_oqbku4u,4,2,0.5,1.3570295485611104,3.3494593998086493,0.38557787972494867,0.7779202155273284,tie
reddit_1tzgcp8_oqbmr84,4,0,0.0,1.3570295485611104,3.3494593998086493,0.15586415564395867,0.19375829088398777,unanimous_keep
reddit_1tzhbpv_oqay57u,3,2,0.6666666666666666,1.3570295485611104,3.3494593998086493,0.4356107652981531,0.8211118630943426,majority_remove
reddit_1tzjirf_oqbqwvw,3,0,0.0,1.3570295485611104,3.3494593998086493,0.17608920971049702,0.24889425208860305,unanimous_keep
reddit_1tzjirf_oqdwoso,5,0,0.0,1.3570295485611104,3.3494593998086493,0.13980642802761636,0.15024769217992295,unanimous_keep
reddit_1tzjirf_oqgmcra,4,2,0.5,1.3570295485611104,3.3494593998086493,0.38557787972494867,0.7779202155273284,tie
reddit_1tzmjlz_oqca42o,6,1,0.1666666666666666,1.3570295485611104,3.3494593998086493,0.22014962700914262,0.35987758399354103,majority_keep
reddit_1tzmjlz_oqdci69,3,0,0.0,1.3570295485611104,3.3494593998086493,0.17608920971049702,0.24889425208860305,unanimous_keep
reddit_1tzmjlz_oqdeovc,5,0,0.0,1.3570295485611104,3.3494593998086493,0.13980642802761636,0.15024769217992295,unanimous_keep
reddit_1tzmjlz_oqdr769,3,0,0.0,1.3570295485611104,3.3494593998086493,0.17608920971049702,0.24889425208860305,unanimous_keep
reddit_1tzmjlz_oqfhg0e,3,0,0.0,1.3570295485611104,3.3494593998086493,0.17608920971049702,0.24889425208860305,unanimous_keep
reddit_1tznn66_oqc8256,3,1,0.3333333333333333,1.3570295485611104,3.3494593998086493,0.30584998750432507,0.5897241978876234,majority_keep
reddit_1tzoxl1_oqcdibh,6,0,0.0,1.3570295485611104,3.3494593998086493,0.1267483257214533,0.11616418362646559,unanimous_keep
reddit_1tzoxl1_oqdj594,3,1,0.3333333333333333,1.3570295485611104,3.3494593998086493,0.30584998750432507,0.5897241978876234,majority_keep
reddit_1tzrws1_oqdmoph,10,1,0.1,1.3570295485611104,3.3494593998086493,0.16027139834912066,0.16516593863168272,majority_keep
reddit_1tzrws1_oqdn7da,3,0,0.0,1.3570295485611104,3.3494593998086493,0.17608920971049702,0.24889425208860305,unanimous_keep
reddit_1tzrws1_oqfg5oq,5,0,0.0,1.3570295485611104,3.3494593998086493,0.13980642802761636,0.15024769217992295,unanimous_keep
reddit_1tzrws1_or0s6af,7,1,0.1428571428571428,1.3570295485611104,3.3494593998086493,0.20134384946302358,0.2991154978075321,majority_keep
reddit_1tzs7nk_oqdq15t,3,1,0.3333333333333333,1.3570295485611104,3.3494593998086493,0.30584998750432507,0.5897241978876234,majority_keep
reddit_1tzs7nk_oqdwasa,3,1,0.3333333333333333,1.3570295485611104,3.3494593998086493,0.30584998750432507,0.5897241978876234,majority_keep
reddit_1tzs7nk_oqe6hi1,3,2,0.6666666666666666,1.3570295485611104,3.3494593998086493,0.4356107652981531,0.8211118630943426,majority_remove
reddit_1tzs7nk_oqeg4nb,3,0,0.0,1.3570295485611104,3.3494593998086493,0.17608920971049702,0.24889425208860305,unanimous_keep
reddit_1tzs7nk_oqfgh13,3,0,0.0,1.3570295485611104,3.3494593998086493,0.17608920971049702,0.24889425208860305,unanimous_keep
reddit_1tztcf9_oqdauw0,4,1,0.25,1.3570295485611104,3.3494593998086493,0.27072101768445367,0.5068029795233617,majority_keep
reddit_1tztcf9_oqddunx,7,7,1.0,1.3570295485611104,3.3494593998086493,0.7138801040533085,0.5730878578934698,unanimous_remove
reddit_1tztcf9_oqdvqzo,5,2,0.4,1.3570295485611104,3.3494593998086493,0.34585415657686763,0.7155023565292364,majority_keep
reddit_1tztcf9_oqdysgf,4,3,0.75,1.3570295485611104,3.3494593998086493,0.5004347417654437,0.877072144291462,majority_remove
reddit_1tztcf9_oqfz6s0,3,2,0.6666666666666666,1.3570295485611104,3.3494593998086493,0.4356107652981531,0.8211118630943426,majority_remove
reddit_1tzwh8s_oqfd2ml,4,0,0.0,1.3570295485611104,3.3494593998086493,0.15586415564395867,0.19375829088398777,unanimous_keep
reddit_1tzwh8s_oqfe6nv,3,1,0.3333333333333333,1.3570295485611104,3.3494593998086493,0.30584998750432507,0.5897241978876234,majority_keep
reddit_1tzwh8s_oqfs66e,4,1,0.25,1.3570295485611104,3.3494593998086493,0.27072101768445367,0.5068029795233617,majority_keep
reddit_1tzwh8s_oqfvgpw,6,4,0.6666666666666666,1.3570295485611104,3.3494593998086493,0.5003535308722106,0.9144837987662224,majority_remove
reddit_1tzwh8s_oqg20gy,5,2,0.4,1.3570295485611104,3.3494593998086493,0.34585415657686763,0.7155023565292364,majority_keep
reddit_1tzwh8s_oqg971z,5,1,0.2,1.3570295485611104,3.3494593998086493,0.24283029230224198,0.42933012008301863,majority_keep
reddit_1tzwh8s_oqjd30e,3,0,0.0,1.3570295485611104,3.3494593998086493,0.17608920971049702,0.24889425208860305,unanimous_keep
reddit_1u008ep_oqrewbg,4,3,0.75,1.3570295485611104,3.3494593998086493,0.5004347417654437,0.877072144291462,majority_remove
reddit_1u03hbz_oqylf7r,4,2,0.5,1.3570295485611104,3.3494593998086493,0.38557787972494867,0.7779202155273284,tie
reddit_1u05n1d_oqg7dej,6,2,0.3333333333333333,1.3570295485611104,3.3494593998086493,0.31355092829683195,0.6458901337489713,majority_keep
reddit_1u05n1d_oqi1uo1,4,0,0.0,1.3570295485611104,3.3494593998086493,0.15586415564395867,0.19375829088398777,unanimous_keep
reddit_1u06twk_oqh1fti,3,0,0.0,1.3570295485611104,3.3494593998086493,0.17608920971049702,0.24889425208860305,unanimous_keep
reddit_1u06twk_oqh4lm0,3,1,0.3333333333333333,1.3570295485611104,3.3494593998086493,0.30584998750432507,0.5897241978876234,majority_keep
reddit_1u08bq4_oqh98ow,5,1,0.2,1.3570295485611104,3.3494593998086493,0.24283029230224198,0.42933012008301863,majority_keep
reddit_1u08bq4_oqhayw3,4,1,0.25,1.3570295485611104,3.3494593998086493,0.27072101768445367,0.5068029795233617,majority_keep
reddit_1u08bq4_oqi7hgj,3,1,0.3333333333333333,1.3570295485611104,3.3494593998086493,0.30584998750432507,0.5897241978876234,majority_keep
reddit_1u08bq4_oqih6rb,6,3,0.5,1.3570295485611104,3.3494593998086493,0.40695222958452126,0.8471663696105847,tie
reddit_1u08bq4_oqjx3ar,4,0,0.0,1.3570295485611104,3.3494593998086493,0.15586415564395867,0.19375829088398777,unanimous_keep
reddit_1u08yl1_oqgf8jy,8,5,0.625,1.3570295485611104,3.3494593998086493,0.5002978851507769,0.9398878458071548,majority_remove
reddit_1u09w82_oqgpaay,5,0,0.0,1.3570295485611104,3.3494593998086493,0.13980642802761636,0.15024769217992295,unanimous_keep
reddit_1u09w82_oqizse3,4,1,0.25,1.3570295485611104,3.3494593998086493,0.27072101768445367,0.5068029795233617,majority_keep
reddit_1u0d0s5_oqiefjn,3,1,0.3333333333333333,1.3570295485611104,3.3494593998086493,0.30584998750432507,0.5897241978876234,majority_keep
reddit_1u0ffqm_oqjwix2,3,1,0.3333333333333333,1.3570295485611104,3.3494593998086493,0.30584998750432507,0.5897241978876234,majority_keep
reddit_1u0gjyt_oqi2kut,4,1,0.25,1.3570295485611104,3.3494593998086493,0.27072101768445367,0.5068029795233617,majority_keep
reddit_1u0gjyt_oqi3roe,4,0,0.0,1.3570295485611104,3.3494593998086493,0.15586415564395867,0.19375829088398777,unanimous_keep
reddit_1u0gjyt_oqigk6s,3,0,0.0,1.3570295485611104,3.3494593998086493,0.17608920971049702,0.24889425208860305,unanimous_keep
reddit_1u0gjyt_oqj0n27,3,3,1.0,1.3570295485611104,3.3494593998086493,0.5653715430919811,0.8201728525283785,unanimous_remove
reddit_1u0gjyt_oqjg8oj,8,1,0.125,1.3570295485611104,3.3494593998086493,0.18549809928914443,0.2468471699588298,majority_keep
reddit_1u0gjyt_oqk6rng,3,1,0.3333333333333333,1.3570295485611104,3.3494593998086493,0.30584998750432507,0.5897241978876234,majority_keep
reddit_1u0gyo8_oqigqqd,5,2,0.4,1.3570295485611104,3.3494593998086493,0.34585415657686763,0.7155023565292364,majority_keep
reddit_1u0gyo8_oqmycyf,6,2,0.3333333333333333,1.3570295485611104,3.3494593998086493,0.31355092829683195,0.6458901337489713,majority_keep
reddit_1u0l8qh_oqj0m6j,5,1,0.2,1.3570295485611104,3.3494593998086493,0.24283029230224198,0.42933012008301863,majority_keep
reddit_1u0l8qh_oqj3g9r,4,0,0.0,1.3570295485611104,3.3494593998086493,0.15586415564395867,0.19375829088398777,unanimous_keep
reddit_1u0l8qh_oqj7zeh,3,0,0.0,1.3570295485611104,3.3494593998086493,0.17608920971049702,0.24889425208860305,unanimous_keep
reddit_1u0l8qh_oqjl7hi,3,1,0.3333333333333333,1.3570295485611104,3.3494593998086493,0.30584998750432507,0.5897241978876234,majority_keep
reddit_1u0l8qh_oqjpkg5,3,1,0.3333333333333333,1.3570295485611104,3.3494593998086493,0.30584998750432507,0.5897241978876234,majority_keep
reddit_1u0l8qh_oqjt173,5,1,0.2,1.3570295485611104,3.3494593998086493,0.24283029230224198,0.42933012008301863,majority_keep
reddit_1u0l8qh_oqjwmae,5,1,0.2,1.3570295485611104,3.3494593998086493,0.24283029230224198,0.42933012008301863,majority_keep
reddit_1u0l8qh_oqkh0kr,5,1,0.2,1.3570295485611104,3.3494593998086493,0.24283029230224198,0.42933012008301863,majority_keep
reddit_1u0l8qh_oqkhpjw,4,0,0.0,1.3570295485611104,3.3494593998086493,0.15586415564395867,0.19375829088398777,unanimous_keep
reddit_1u0l8qh_oqkx4ad,3,1,0.3333333333333333,1.3570295485611104,3.3494593998086493,0.30584998750432507,0.5897241978876234,majority_keep
reddit_1u0l8qh_oql4yxf,3,2,0.6666666666666666,1.3570295485611104,3.3494593998086493,0.4356107652981531,0.8211118630943426,majority_remove
reddit_1u0l8qh_oqn9vy6,5,2,0.4,1.3570295485611104,3.3494593998086493,0.34585415657686763,0.7155023565292364,majority_keep
reddit_1u0l8qh_oqncysl,5,1,0.2,1.3570295485611104,3.3494593998086493,0.24283029230224198,0.42933012008301863,majority_keep
reddit_1u0l8qh_oqotlq2,4,1,0.25,1.3570295485611104,3.3494593998086493,0.27072101768445367,0.5068029795233617,majority_keep
reddit_1u0n3rj_oqkcp9a,4,1,0.25,1.3570295485611104,3.3494593998086493,0.27072101768445367,0.5068029795233617,majority_keep
reddit_1u0oc51_oql9wo4,3,0,0.0,1.3570295485611104,3.3494593998086493,0.17608920971049702,0.24889425208860305,unanimous_keep
reddit_1u0oc51_oqlcsuw,3,2,0.6666666666666666,1.3570295485611104,3.3494593998086493,0.4356107652981531,0.8211118630943426,majority_remove
reddit_1u0oc51_oqlgwrv,3,0,0.0,1.3570295485611104,3.3494593998086493,0.17608920971049702,0.24889425208860305,unanimous_keep
reddit_1u0oc51_oqmacus,4,2,0.5,1.3570295485611104,3.3494593998086493,0.38557787972494867,0.7779202155273284,tie
reddit_1u0qe3k_oqkabr9,3,0,0.0,1.3570295485611104,3.3494593998086493,0.17608920971049702,0.24889425208860305,unanimous_keep
reddit_1u0qe3k_oqmhrye,5,1,0.2,1.3570295485611104,3.3494593998086493,0.24283029230224198,0.42933012008301863,majority_keep
reddit_1u0trnc_oqnqs6s,3,0,0.0,1.3570295485611104,3.3494593998086493,0.17608920971049702,0.24889425208860305,unanimous_keep
reddit_1u0uj6d_oqu330j,3,2,0.6666666666666666,1.3570295485611104,3.3494593998086493,0.4356107652981531,0.8211118630943426,majority_remove
reddit_1u0y1yy_oqnrjsm,4,2,0.5,1.3570295485611104,3.3494593998086493,0.38557787972494867,0.7779202155273284,tie
reddit_1u0y1yy_oqociw1,3,3,1.0,1.3570295485611104,3.3494593998086493,0.5653715430919811,0.8201728525283785,unanimous_remove
reddit_1u0y79a_oqnwqwe,4,1,0.25,1.3570295485611104,3.3494593998086493,0.27072101768445367,0.5068029795233617,majority_keep
reddit_1u0y79a_oqo0he3,4,2,0.5,1.3570295485611104,3.3494593998086493,0.38557787972494867,0.7779202155273284,tie
reddit_1u0y79a_oqqy4my,3,0,0.0,1.3570295485611104,3.3494593998086493,0.17608920971049702,0.24889425208860305,unanimous_keep
reddit_1u0y79a_oqrl1ik,3,2,0.6666666666666666,1.3570295485611104,3.3494593998086493,0.4356107652981531,0.8211118630943426,majority_remove
reddit_1u0y79a_oqtgzr8,4,0,0.0,1.3570295485611104,3.3494593998086493,0.15586415564395867,0.19375829088398777,unanimous_keep
reddit_1u0y79a_oqu7bpv,3,2,0.6666666666666666,1.3570295485611104,3.3494593998086493,0.4356107652981531,0.8211118630943426,majority_remove
reddit_1u12ug8_oqmmm80,4,0,0.0,1.3570295485611104,3.3494593998086493,0.15586415564395867,0.19375829088398777,unanimous_keep
reddit_1u12ug8_oqmnjbn,4,1,0.25,1.3570295485611104,3.3494593998086493,0.27072101768445367,0.5068029795233617,majority_keep
reddit_1u12ug8_oqn7pw7,5,0,0.0,1.3570295485611104,3.3494593998086493,0.13980642802761636,0.15024769217992295,unanimous_keep
reddit_1u12ug8_oqnrtpe,4,0,0.0,1.3570295485611104,3.3494593998086493,0.15586415564395867,0.19375829088398777,unanimous_keep
reddit_1u12ug8_oqo0blq,5,1,0.2,1.3570295485611104,3.3494593998086493,0.24283029230224198,0.42933012008301863,majority_keep
reddit_1u12ug8_oqppwcu,3,1,0.3333333333333333,1.3570295485611104,3.3494593998086493,0.30584998750432507,0.5897241978876234,majority_keep
reddit_1u16m18_oqnlc9p,4,0,0.0,1.3570295485611104,3.3494593998086493,0.15586415564395867,0.19375829088398777,unanimous_keep
reddit_1u16m18_oqnn53c,3,1,0.3333333333333333,1.3570295485611104,3.3494593998086493,0.30584998750432507,0.5897241978876234,majority_keep
reddit_1u16m18_oqpzrds,3,2,0.6666666666666666,1.3570295485611104,3.3494593998086493,0.4356107652981531,0.8211118630943426,majority_remove
reddit_1u185il_oqrqen9,3,1,0.3333333333333333,1.3570295485611104,3.3494593998086493,0.30584998750432507,0.5897241978876234,majority_keep
reddit_1u185il_or1w7ex,5,1,0.2,1.3570295485611104,3.3494593998086493,0.24283029230224198,0.42933012008301863,majority_keep
reddit_1u18ir0_oqoljvk,8,4,0.5,1.3570295485611104,3.3494593998086493,0.42159793868536877,0.8934404101219868,tie
reddit_1u18ir0_oqop1fg,4,2,0.5,1.3570295485611104,3.3494593998086493,0.38557787972494867,0.7779202155273284,tie
reddit_1u18ir0_oqowd5r,3,0,0.0,1.3570295485611104,3.3494593998086493,0.17608920971049702,0.24889425208860305,unanimous_keep
reddit_1u18ir0_oqp6iby,4,1,0.25,1.3570295485611104,3.3494593998086493,0.27072101768445367,0.5068029795233617,majority_keep
reddit_1u18ir0_oqpf8cf,3,0,0.0,1.3570295485611104,3.3494593998086493,0.17608920971049702,0.24889425208860305,unanimous_keep
reddit_1u1apqh_oqrseyf,6,3,0.5,1.3570295485611104,3.3494593998086493,0.40695222958452126,0.8471663696105847,tie
reddit_1u1baux_oqp71m2,7,1,0.1428571428571428,1.3570295485611104,3.3494593998086493,0.20134384946302358,0.2991154978075321,majority_keep
reddit_1u1c4u6_oqosjtk,5,1,0.2,1.3570295485611104,3.3494593998086493,0.24283029230224198,0.42933012008301863,majority_keep
reddit_1u1c4u6_oqouolr,4,0,0.0,1.3570295485611104,3.3494593998086493,0.15586415564395867,0.19375829088398777,unanimous_keep
reddit_1u1c4u6_oqpjtnr,5,1,0.2,1.3570295485611104,3.3494593998086493,0.24283029230224198,0.42933012008301863,majority_keep
reddit_1u1c4u6_oqpzqip,4,3,0.75,1.3570295485611104,3.3494593998086493,0.5004347417654437,0.877072144291462,majority_remove
reddit_1u1c4u6_oqqv8v8,5,0,0.0,1.3570295485611104,3.3494593998086493,0.13980642802761636,0.15024769217992295,unanimous_keep
reddit_1u1fnvf_oqplghv,3,0,0.0,1.3570295485611104,3.3494593998086493,0.17608920971049702,0.24889425208860305,unanimous_keep
reddit_1u1fnvf_oqpm1vc,6,2,0.3333333333333333,1.3570295485611104,3.3494593998086493,0.31355092829683195,0.6458901337489713,majority_keep
reddit_1u1fnvf_oqpr4a9,3,0,0.0,1.3570295485611104,3.3494593998086493,0.17608920971049702,0.24889425208860305,unanimous_keep
reddit_1u1fnvf_oqr4j6a,3,1,0.3333333333333333,1.3570295485611104,3.3494593998086493,0.30584998750432507,0.5897241978876234,majority_keep
reddit_1u1fnvf_oqr54cm,3,1,0.3333333333333333,1.3570295485611104,3.3494593998086493,0.30584998750432507,0.5897241978876234,majority_keep
reddit_1u1fnvf_oqrhwed,5,1,0.2,1.3570295485611104,3.3494593998086493,0.24283029230224198,0.42933012008301863,majority_keep
reddit_1u1ijaj_oqr7v79,5,0,0.0,1.3570295485611104,3.3494593998086493,0.13980642802761636,0.15024769217992295,unanimous_keep
reddit_1u1k8nd_oqqd7z9,5,2,0.4,1.3570295485611104,3.3494593998086493,0.34585415657686763,0.7155023565292364,majority_keep
reddit_1u1k8nd_oqrrizs,3,1,0.3333333333333333,1.3570295485611104,3.3494593998086493,0.30584998750432507,0.5897241978876234,majority_keep
reddit_1u1k8nd_oqtkb8g,3,0,0.0,1.3570295485611104,3.3494593998086493,0.17608920971049702,0.24889425208860305,unanimous_keep
reddit_1u1k8nd_oqts8q6,3,0,0.0,1.3570295485611104,3.3494593998086493,0.17608920971049702,0.24889425208860305,unanimous_keep
reddit_1u1ngzk_oqr6529,3,1,0.3333333333333333,1.3570295485611104,3.3494593998086493,0.30584998750432507,0.5897241978876234,majority_keep
reddit_1u1ngzk_oqr6q3k,3,1,0.3333333333333333,1.3570295485611104,3.3494593998086493,0.30584998750432507,0.5897241978876234,majority_keep
reddit_1u1nsuy_oqr9qkb,5,1,0.2,1.3570295485611104,3.3494593998086493,0.24283029230224198,0.42933012008301863,majority_keep
reddit_1u1nsuy_oqrhiqe,5,3,0.6,1.3570295485611104,3.3494593998086493,0.44887802085149325,0.877383683978771,majority_remove
reddit_1u1nsuy_oqrxs6i,4,0,0.0,1.3570295485611104,3.3494593998086493,0.15586415564395867,0.19375829088398777,unanimous_keep
reddit_1u1nsuy_oqsepu7,3,0,0.0,1.3570295485611104,3.3494593998086493,0.17608920971049702,0.24889425208860305,unanimous_keep
reddit_1u1z88l_oqtf2w3,3,1,0.3333333333333333,1.3570295485611104,3.3494593998086493,0.30584998750432507,0.5897241978876234,majority_keep
reddit_1u1z88l_oqtmg09,6,4,0.6666666666666666,1.3570295485611104,3.3494593998086493,0.5003535308722106,0.9144837987662224,majority_remove
reddit_1u1z88l_oqtp3fq,3,1,0.3333333333333333,1.3570295485611104,3.3494593998086493,0.30584998750432507,0.5897241978876234,majority_keep
reddit_1u1z88l_oqtq2dv,4,1,0.25,1.3570295485611104,3.3494593998086493,0.27072101768445367,0.5068029795233617,majority_keep
reddit_1u1z88l_oqtvcd2,3,1,0.3333333333333333,1.3570295485611104,3.3494593998086493,0.30584998750432507,0.5897241978876234,majority_keep
reddit_1u1z88l_oqtzdzz,3,0,0.0,1.3570295485611104,3.3494593998086493,0.17608920971049702,0.24889425208860305,unanimous_keep
reddit_1u1z88l_oqu3wg4,3,0,0.0,1.3570295485611104,3.3494593998086493,0.17608920971049702,0.24889425208860305,unanimous_keep
reddit_1u1z88l_oqu64vx,3,1,0.3333333333333333,1.3570295485611104,3.3494593998086493,0.30584998750432507,0.5897241978876234,majority_keep
reddit_1u1z88l_oquujwf,3,2,0.6666666666666666,1.3570295485611104,3.3494593998086493,0.4356107652981531,0.8211118630943426,majority_remove
reddit_1u20knn_oqv52mg,3,0,0.0,1.3570295485611104,3.3494593998086493,0.17608920971049702,0.24889425208860305,unanimous_keep
reddit_1u20knn_oqx44iq,3,1,0.3333333333333333,1.3570295485611104,3.3494593998086493,0.30584998750432507,0.5897241978876234,majority_keep
reddit_1u20knn_or139c1,3,2,0.6666666666666666,1.3570295485611104,3.3494593998086493,0.4356107652981531,0.8211118630943426,majority_remove
reddit_1u21326_oqui9sx,3,1,0.3333333333333333,1.3570295485611104,3.3494593998086493,0.30584998750432507,0.5897241978876234,majority_keep
reddit_1u21326_oqwam70,4,0,0.0,1.3570295485611104,3.3494593998086493,0.15586415564395867,0.19375829088398777,unanimous_keep
reddit_1u21326_oqwenzk,3,1,0.3333333333333333,1.3570295485611104,3.3494593998086493,0.30584998750432507,0.5897241978876234,majority_keep
reddit_1u21326_oqyygm3,4,1,0.25,1.3570295485611104,3.3494593998086493,0.27072101768445367,0.5068029795233617,majority_keep
reddit_1u2194a_oqtybmh,4,0,0.0,1.3570295485611104,3.3494593998086493,0.15586415564395867,0.19375829088398777,unanimous_keep
reddit_1u2194a_oqtyugp,3,0,0.0,1.3570295485611104,3.3494593998086493,0.17608920971049702,0.24889425208860305,unanimous_keep
reddit_1u2194a_oqu4835,4,0,0.0,1.3570295485611104,3.3494593998086493,0.15586415564395867,0.19375829088398777,unanimous_keep
reddit_1u2194a_oqu78ba,5,0,0.0,1.3570295485611104,3.3494593998086493,0.13980642802761636,0.15024769217992295,unanimous_keep
reddit_1u2194a_oqwf5b0,3,1,0.3333333333333333,1.3570295485611104,3.3494593998086493,0.30584998750432507,0.5897241978876234,majority_keep
reddit_1u21p80_oqu3p8l,3,0,0.0,1.3570295485611104,3.3494593998086493,0.17608920971049702,0.24889425208860305,unanimous_keep
reddit_1u22dnh_oqu3rkv,3,2,0.6666666666666666,1.3570295485611104,3.3494593998086493,0.4356107652981531,0.8211118630943426,majority_remove
reddit_1u22dnh_oqwezw2,3,1,0.3333333333333333,1.3570295485611104,3.3494593998086493,0.30584998750432507,0.5897241978876234,majority_keep
reddit_1u22dnh_oqxqzqy,3,0,0.0,1.3570295485611104,3.3494593998086493,0.17608920971049702,0.24889425208860305,unanimous_keep
reddit_1u22gzn_oquefor,4,1,0.25,1.3570295485611104,3.3494593998086493,0.27072101768445367,0.5068029795233617,majority_keep
reddit_1u22gzn_oqumb02,4,0,0.0,1.3570295485611104,3.3494593998086493,0.15586415564395867,0.19375829088398777,unanimous_keep
reddit_1u22gzn_oqv6pem,3,0,0.0,1.3570295485611104,3.3494593998086493,0.17608920971049702,0.24889425208860305,unanimous_keep
reddit_1u22gzn_oqv9xp1,3,1,0.3333333333333333,1.3570295485611104,3.3494593998086493,0.30584998750432507,0.5897241978876234,majority_keep
reddit_1u22gzn_oqxdp64,4,0,0.0,1.3570295485611104,3.3494593998086493,0.15586415564395867,0.19375829088398777,unanimous_keep
reddit_1u237rb_oquyzks,3,0,0.0,1.3570295485611104,3.3494593998086493,0.17608920971049702,0.24889425208860305,unanimous_keep
reddit_1u237rb_oqv5hf6,5,0,0.0,1.3570295485611104,3.3494593998086493,0.13980642802761636,0.15024769217992295,unanimous_keep
reddit_1u237rb_oqv96uw,4,1,0.25,1.3570295485611104,3.3494593998086493,0.27072101768445367,0.5068029795233617,majority_keep
reddit_1u237rb_oqvo47u,3,1,0.3333333333333333,1.3570295485611104,3.3494593998086493,0.30584998750432507,0.5897241978876234,majority_keep
reddit_1u2391z_oqvahem,3,2,0.6666666666666666,1.3570295485611104,3.3494593998086493,0.4356107652981531,0.8211118630943426,majority_remove
reddit_1u2391z_oqvfhql,4,0,0.0,1.3570295485611104,3.3494593998086493,0.15586415564395867,0.19375829088398777,unanimous_keep
reddit_1u23s25_oqvxgpp,3,0,0.0,1.3570295485611104,3.3494593998086493,0.17608920971049702,0.24889425208860305,unanimous_keep
reddit_1u23s25_oqwd90w,5,2,0.4,1.3570295485611104,3.3494593998086493,0.34585415657686763,0.7155023565292364,majority_keep
reddit_1u23s25_oqy10l0,7,0,0.0,1.3570295485611104,3.3494593998086493,0.11592114036464278,0.08959845962246542,unanimous_keep
reddit_1u24ryn_oqurh7c,5,3,0.6,1.3570295485611104,3.3494593998086493,0.44887802085149325,0.877383683978771,majority_remove
reddit_1u24ryn_oqx61o4,5,2,0.4,1.3570295485611104,3.3494593998086493,0.34585415657686763,0.7155023565292364,majority_keep
reddit_1u24ryn_oqy7p2u,4,0,0.0,1.3570295485611104,3.3494593998086493,0.15586415564395867,0.19375829088398777,unanimous_keep
reddit_1u24ryn_or0d726,3,0,0.0,1.3570295485611104,3.3494593998086493,0.17608920971049702,0.24889425208860305,unanimous_keep
reddit_1u26v2r_oqwnug1,5,2,0.4,1.3570295485611104,3.3494593998086493,0.34585415657686763,0.7155023565292364,majority_keep
reddit_1u26v2r_or1fm4d,5,0,0.0,1.3570295485611104,3.3494593998086493,0.13980642802761636,0.15024769217992295,unanimous_keep
reddit_1u276eu_oqv88kg,5,1,0.2,1.3570295485611104,3.3494593998086493,0.24283029230224198,0.42933012008301863,majority_keep
reddit_1u276eu_oqveel8,6,1,0.1666666666666666,1.3570295485611104,3.3494593998086493,0.22014962700914262,0.35987758399354103,majority_keep
reddit_1u276eu_oqvv3pd,3,1,0.3333333333333333,1.3570295485611104,3.3494593998086493,0.30584998750432507,0.5897241978876234,majority_keep
reddit_1u28e60_oqvitz7,4,0,0.0,1.3570295485611104,3.3494593998086493,0.15586415564395867,0.19375829088398777,unanimous_keep
reddit_1u28e60_oqvksow,3,1,0.3333333333333333,1.3570295485611104,3.3494593998086493,0.30584998750432507,0.5897241978876234,majority_keep
reddit_1u28e60_oqvnua7,3,0,0.0,1.3570295485611104,3.3494593998086493,0.17608920971049702,0.24889425208860305,unanimous_keep
reddit_1u28e60_oqw7kwm,4,2,0.5,1.3570295485611104,3.3494593998086493,0.38557787972494867,0.7779202155273284,tie
reddit_1u28e60_oqwj67f,7,3,0.4285714285714285,1.3570295485611104,3.3494593998086493,0.3721892676597852,0.800827684200982,majority_keep
reddit_1u28e60_oqx2hwo,3,0,0.0,1.3570295485611104,3.3494593998086493,0.17608920971049702,0.24889425208860305,unanimous_keep
reddit_1u29zb9_oqw9qey,3,0,0.0,1.3570295485611104,3.3494593998086493,0.17608920971049702,0.24889425208860305,unanimous_keep
reddit_1u29zb9_oqxhccx,3,0,0.0,1.3570295485611104,3.3494593998086493,0.17608920971049702,0.24889425208860305,unanimous_keep
reddit_1u2almy_oqw1wt3,11,2,0.1818181818181818,1.3570295485611104,3.3494593998086493,0.21373519948323969,0.32794505208881425,majority_keep
reddit_1u2almy_oqxyac4,4,2,0.5,1.3570295485611104,3.3494593998086493,0.38557787972494867,0.7779202155273284,tie
reddit_1u2bp73_oqxilvu,7,3,0.4285714285714285,1.3570295485611104,3.3494593998086493,0.3721892676597852,0.800827684200982,majority_keep
reddit_1u2bp73_oqy7qrk,3,0,0.0,1.3570295485611104,3.3494593998086493,0.17608920971049702,0.24889425208860305,unanimous_keep
reddit_1u2ek28_oqwulr4,5,3,0.6,1.3570295485611104,3.3494593998086493,0.44887802085149325,0.877383683978771,majority_remove
reddit_1u2ek28_oqww40l,3,1,0.3333333333333333,1.3570295485611104,3.3494593998086493,0.30584998750432507,0.5897241978876234,majority_keep
reddit_1u2ek28_oqx054h,4,2,0.5,1.3570295485611104,3.3494593998086493,0.38557787972494867,0.7779202155273284,tie
reddit_1u2ek28_oqx9rpk,4,0,0.0,1.3570295485611104,3.3494593998086493,0.15586415564395867,0.19375829088398777,unanimous_keep
reddit_1u2ek28_oqxcs7i,3,0,0.0,1.3570295485611104,3.3494593998086493,0.17608920971049702,0.24889425208860305,unanimous_keep
reddit_1u2ek28_oqxjcoy,5,1,0.2,1.3570295485611104,3.3494593998086493,0.24283029230224198,0.42933012008301863,majority_keep
reddit_1u2ek28_oqxnkii,3,1,0.3333333333333333,1.3570295485611104,3.3494593998086493,0.30584998750432507,0.5897241978876234,majority_keep
reddit_1u2ek28_oqxz5cg,5,2,0.4,1.3570295485611104,3.3494593998086493,0.34585415657686763,0.7155023565292364,majority_keep
reddit_1u2ek28_oqzmgb8,5,1,0.2,1.3570295485611104,3.3494593998086493,0.24283029230224198,0.42933012008301863,majority_keep
reddit_1u2ek28_or0xxc8,4,0,0.0,1.3570295485611104,3.3494593998086493,0.15586415564395867,0.19375829088398777,unanimous_keep
reddit_1u2ekz6_or0gyu6,5,3,0.6,1.3570295485611104,3.3494593998086493,0.44887802085149325,0.877383683978771,majority_remove
reddit_1u2eldl_or2wf09,4,1,0.25,1.3570295485611104,3.3494593998086493,0.27072101768445367,0.5068029795233617,majority_keep
reddit_1u2ipxp_oqxt08z,3,0,0.0,1.3570295485611104,3.3494593998086493,0.17608920971049702,0.24889425208860305,unanimous_keep
reddit_1u2ipxp_oqyljt4,4,0,0.0,1.3570295485611104,3.3494593998086493,0.15586415564395867,0.19375829088398777,unanimous_keep
reddit_1u2nrer_oqzi158,3,1,0.3333333333333333,1.3570295485611104,3.3494593998086493,0.30584998750432507,0.5897241978876234,majority_keep
reddit_1u2nrer_oqzu964,4,0,0.0,1.3570295485611104,3.3494593998086493,0.15586415564395867,0.19375829088398777,unanimous_keep
reddit_1u2pvqp_or0stbb,3,2,0.6666666666666666,1.3570295485611104,3.3494593998086493,0.4356107652981531,0.8211118630943426,majority_remove
reddit_1u2pvqp_or13k7z,5,1,0.2,1.3570295485611104,3.3494593998086493,0.24283029230224198,0.42933012008301863,majority_keep
reddit_1u2xqsq_or1lavs,4,0,0.0,1.3570295485611104,3.3494593998086493,0.15586415564395867,0.19375829088398777,unanimous_keep
reddit_1u31653_or1p4j4,3,1,0.3333333333333333,1.3570295485611104,3.3494593998086493,0.30584998750432507,0.5897241978876234,majority_keep
reddit_1u31653_or1r4q3,6,2,0.3333333333333333,1.3570295485611104,3.3494593998086493,0.31355092829683195,0.6458901337489713,majority_keep
reddit_1u31653_or4boss,4,0,0.0,1.3570295485611104,3.3494593998086493,0.15586415564395867,0.19375829088398777,unanimous_keep
reddit_1u33tv7_or2asyp,3,0,0.0,1.3570295485611104,3.3494593998086493,0.17608920971049702,0.24889425208860305,unanimous_keep
twitter_2059072190193307746,3,1,0.3333333333333333,1.3570295485611104,3.3494593998086493,0.30584998750432507,0.5897241978876234,majority_keep
twitter_2059082439784644839,3,0,0.0,1.3570295485611104,3.3494593998086493,0.17608920971049702,0.24889425208860305,unanimous_keep
twitter_2059088675850555576,3,0,0.0,1.3570295485611104,3.3494593998086493,0.17608920971049702,0.24889425208860305,unanimous_keep
twitter_2059101549196955978,4,2,0.5,1.3570295485611104,3.3494593998086493,0.38557787972494867,0.7779202155273284,tie
twitter_2059112774249132253,4,0,0.0,1.3570295485611104,3.3494593998086493,0.15586415564395867,0.19375829088398777,unanimous_keep
twitter_2059160026942779727,3,2,0.6666666666666666,1.3570295485611104,3.3494593998086493,0.4356107652981531,0.8211118630943426,majority_remove
twitter_2059171286371422679,6,0,0.0,1.3570295485611104,3.3494593998086493,0.1267483257214533,0.11616418362646559,unanimous_keep
twitter_2059202173586579666,3,0,0.0,1.3570295485611104,3.3494593998086493,0.17608920971049702,0.24889425208860305,unanimous_keep
twitter_2059205747033182344,4,0,0.0,1.3570295485611104,3.3494593998086493,0.15586415564395867,0.19375829088398777,unanimous_keep
twitter_2059238678199926908,5,1,0.2,1.3570295485611104,3.3494593998086493,0.24283029230224198,0.42933012008301863,majority_keep
twitter_2059249692026794085,3,0,0.0,1.3570295485611104,3.3494593998086493,0.17608920971049702,0.24889425208860305,unanimous_keep
twitter_2059253236326940829,4,0,0.0,1.3570295485611104,3.3494593998086493,0.15586415564395867,0.19375829088398777,unanimous_keep
twitter_2059256766966137229,4,0,0.0,1.3570295485611104,3.3494593998086493,0.15586415564395867,0.19375829088398777,unanimous_keep
twitter_2059280505091277105,3,1,0.3333333333333333,1.3570295485611104,3.3494593998086493,0.30584998750432507,0.5897241978876234,majority_keep
twitter_2059295274959356271,3,1,0.3333333333333333,1.3570295485611104,3.3494593998086493,0.30584998750432507,0.5897241978876234,majority_keep
twitter_2059296457694298555,3,0,0.0,1.3570295485611104,3.3494593998086493,0.17608920971049702,0.24889425208860305,unanimous_keep
twitter_2059301074125644151,4,0,0.0,1.3570295485611104,3.3494593998086493,0.15586415564395867,0.19375829088398777,unanimous_keep
twitter_2059320239112773673,3,0,0.0,1.3570295485611104,3.3494593998086493,0.17608920971049702,0.24889425208860305,unanimous_keep
twitter_2059325530365956319,3,1,0.3333333333333333,1.3570295485611104,3.3494593998086493,0.30584998750432507,0.5897241978876234,majority_keep
twitter_2059337884260581864,6,4,0.6666666666666666,1.3570295485611104,3.3494593998086493,0.5003535308722106,0.9144837987662224,majority_remove
twitter_2059348921151828158,7,1,0.1428571428571428,1.3570295485611104,3.3494593998086493,0.20134384946302358,0.2991154978075321,majority_keep
twitter_2059355394955497975,3,1,0.3333333333333333,1.3570295485611104,3.3494593998086493,0.30584998750432507,0.5897241978876234,majority_keep
twitter_2059358408160182748,3,1,0.3333333333333333,1.3570295485611104,3.3494593998086493,0.30584998750432507,0.5897241978876234,majority_keep
twitter_2059358541409079421,3,0,0.0,1.3570295485611104,3.3494593998086493,0.17608920971049702,0.24889425208860305,unanimous_keep
twitter_2059359537673744708,5,0,0.0,1.3570295485611104,3.3494593998086493,0.13980642802761636,0.15024769217992295,unanimous_keep
twitter_2059370022644953565,4,0,0.0,1.3570295485611104,3.3494593998086493,0.15586415564395867,0.19375829088398777,unanimous_keep
twitter_2059370125636276307,3,0,0.0,1.3570295485611104,3.3494593998086493,0.17608920971049702,0.24889425208860305,unanimous_keep
twitter_2059377633813504387,5,1,0.2,1.3570295485611104,3.3494593998086493,0.24283029230224198,0.42933012008301863,majority_keep
twitter_2059379114868625494,4,0,0.0,1.3570295485611104,3.3494593998086493,0.15586415564395867,0.19375829088398777,unanimous_keep
twitter_2059380780904665388,6,1,0.1666666666666666,1.3570295485611104,3.3494593998086493,0.22014962700914262,0.35987758399354103,majority_keep
twitter_2059382154191106217,3,2,0.6666666666666666,1.3570295485611104,3.3494593998086493,0.4356107652981531,0.8211118630943426,majority_remove
twitter_2059383299424899104,4,3,0.75,1.3570295485611104,3.3494593998086493,0.5004347417654437,0.877072144291462,majority_remove
twitter_2059383687771525628,3,0,0.0,1.3570295485611104,3.3494593998086493,0.17608920971049702,0.24889425208860305,unanimous_keep
twitter_2059384203444392213,4,0,0.0,1.3570295485611104,3.3494593998086493,0.15586415564395867,0.19375829088398777,unanimous_keep
twitter_2059388503075533204,4,0,0.0,1.3570295485611104,3.3494593998086493,0.15586415564395867,0.19375829088398777,unanimous_keep
twitter_2059393540883718360,3,0,0.0,1.3570295485611104,3.3494593998086493,0.17608920971049702,0.24889425208860305,unanimous_keep
twitter_2059403706647581054,3,0,0.0,1.3570295485611104,3.3494593998086493,0.17608920971049702,0.24889425208860305,unanimous_keep
twitter_2059404130087801256,4,1,0.25,1.3570295485611104,3.3494593998086493,0.27072101768445367,0.5068029795233617,majority_keep
twitter_2059406900933087367,5,2,0.4,1.3570295485611104,3.3494593998086493,0.34585415657686763,0.7155023565292364,majority_keep
twitter_2059414276478005375,3,2,0.6666666666666666,1.3570295485611104,3.3494593998086493,0.4356107652981531,0.8211118630943426,majority_remove
twitter_2059415623524831503,3,1,0.3333333333333333,1.3570295485611104,3.3494593998086493,0.30584998750432507,0.5897241978876234,majority_keep
twitter_2059419372054254032,3,0,0.0,1.3570295485611104,3.3494593998086493,0.17608920971049702,0.24889425208860305,unanimous_keep
twitter_2059425955051901050,3,0,0.0,1.3570295485611104,3.3494593998086493,0.17608920971049702,0.24889425208860305,unanimous_keep
twitter_2059433754033074233,3,0,0.0,1.3570295485611104,3.3494593998086493,0.17608920971049702,0.24889425208860305,unanimous_keep
twitter_2059436637080142301,7,1,0.1428571428571428,1.3570295485611104,3.3494593998086493,0.20134384946302358,0.2991154978075321,majority_keep
twitter_2059442958579999162,4,0,0.0,1.3570295485611104,3.3494593998086493,0.15586415564395867,0.19375829088398777,unanimous_keep
twitter_2059443049650942305,4,1,0.25,1.3570295485611104,3.3494593998086493,0.27072101768445367,0.5068029795233617,majority_keep
twitter_2059446702692560958,4,1,0.25,1.3570295485611104,3.3494593998086493,0.27072101768445367,0.5068029795233617,majority_keep
twitter_2059465649630699930,6,3,0.5,1.3570295485611104,3.3494593998086493,0.40695222958452126,0.8471663696105847,tie
twitter_2059466511803400306,3,0,0.0,1.3570295485611104,3.3494593998086493,0.17608920971049702,0.24889425208860305,unanimous_keep
twitter_2059469777953865959,4,0,0.0,1.3570295485611104,3.3494593998086493,0.15586415564395867,0.19375829088398777,unanimous_keep
twitter_2059472183483613589,3,0,0.0,1.3570295485611104,3.3494593998086493,0.17608920971049702,0.24889425208860305,unanimous_keep
twitter_2059473090141151457,6,1,0.1666666666666666,1.3570295485611104,3.3494593998086493,0.22014962700914262,0.35987758399354103,majority_keep
twitter_2059477959849738309,3,0,0.0,1.3570295485611104,3.3494593998086493,0.17608920971049702,0.24889425208860305,unanimous_keep
twitter_2059480677394116901,5,0,0.0,1.3570295485611104,3.3494593998086493,0.13980642802761636,0.15024769217992295,unanimous_keep
twitter_2059482224035004749,4,2,0.5,1.3570295485611104,3.3494593998086493,0.38557787972494867,0.7779202155273284,tie
twitter_2059491408978039239,3,0,0.0,1.3570295485611104,3.3494593998086493,0.17608920971049702,0.24889425208860305,unanimous_keep
twitter_2059499684482392456,4,4,1.0,1.3570295485611104,3.3494593998086493,0.6152916038059387,0.7764316142622218,unanimous_remove
twitter_2059500635372798443,5,4,0.8,1.3570295485611104,3.3494593998086493,0.5519018851261189,0.8767611458907679,majority_remove
twitter_2059508542248280177,3,0,0.0,1.3570295485611104,3.3494593998086493,0.17608920971049702,0.24889425208860305,unanimous_keep
twitter_2059511132939755607,4,0,0.0,1.3570295485611104,3.3494593998086493,0.15586415564395867,0.19375829088398777,unanimous_keep
twitter_2059527883165708722,5,0,0.0,1.3570295485611104,3.3494593998086493,0.13980642802761636,0.15024769217992295,unanimous_keep
twitter_2059533616204460109,4,1,0.25,1.3570295485611104,3.3494593998086493,0.27072101768445367,0.5068029795233617,majority_keep
twitter_2059542444966842463,3,0,0.0,1.3570295485611104,3.3494593998086493,0.17608920971049702,0.24889425208860305,unanimous_keep
twitter_2059550593715216814,3,0,0.0,1.3570295485611104,3.3494593998086493,0.17608920971049702,0.24889425208860305,unanimous_keep
twitter_2059552562357965120,3,1,0.3333333333333333,1.3570295485611104,3.3494593998086493,0.30584998750432507,0.5897241978876234,majority_keep
twitter_2059570700814602666,4,0,0.0,1.3570295485611104,3.3494593998086493,0.15586415564395867,0.19375829088398777,unanimous_keep
twitter_2059581033901683037,9,4,0.4444444444444444,1.3570295485611104,3.3494593998086493,0.3908389353933176,0.859478444294711,majority_keep
twitter_2059618631143543105,3,0,0.0,1.3570295485611104,3.3494593998086493,0.17608920971049702,0.24889425208860305,unanimous_keep
twitter_2059626257784930414,3,0,0.0,1.3570295485611104,3.3494593998086493,0.17608920971049702,0.24889425208860305,unanimous_keep
twitter_2059628846094111205,3,1,0.3333333333333333,1.3570295485611104,3.3494593998086493,0.30584998750432507,0.5897241978876234,majority_keep
twitter_2059635547908247953,3,0,0.0,1.3570295485611104,3.3494593998086493,0.17608920971049702,0.24889425208860305,unanimous_keep
twitter_2059636911892050223,5,1,0.2,1.3570295485611104,3.3494593998086493,0.24283029230224198,0.42933012008301863,majority_keep
twitter_2059658976040460681,3,0,0.0,1.3570295485611104,3.3494593998086493,0.17608920971049702,0.24889425208860305,unanimous_keep
twitter_2059663523161215406,5,3,0.6,1.3570295485611104,3.3494593998086493,0.44887802085149325,0.877383683978771,majority_remove
twitter_2059664740352184363,3,1,0.3333333333333333,1.3570295485611104,3.3494593998086493,0.30584998750432507,0.5897241978876234,majority_keep
twitter_2059666512756064572,3,0,0.0,1.3570295485611104,3.3494593998086493,0.17608920971049702,0.24889425208860305,unanimous_keep
twitter_2059670904653652439,3,0,0.0,1.3570295485611104,3.3494593998086493,0.17608920971049702,0.24889425208860305,unanimous_keep
twitter_2059676897525563700,4,0,0.0,1.3570295485611104,3.3494593998086493,0.15586415564395867,0.19375829088398777,unanimous_keep
twitter_2059677758876168595,4,0,0.0,1.3570295485611104,3.3494593998086493,0.15586415564395867,0.19375829088398777,unanimous_keep
twitter_2059687382006300888,3,0,0.0,1.3570295485611104,3.3494593998086493,0.17608920971049702,0.24889425208860305,unanimous_keep
twitter_2059689756142026917,6,2,0.3333333333333333,1.3570295485611104,3.3494593998086493,0.31355092829683195,0.6458901337489713,majority_keep
twitter_2059690709729546399,3,0,0.0,1.3570295485611104,3.3494593998086493,0.17608920971049702,0.24889425208860305,unanimous_keep
twitter_2059691692756722113,3,2,0.6666666666666666,1.3570295485611104,3.3494593998086493,0.4356107652981531,0.8211118630943426,majority_remove
twitter_2059693727308759290,3,0,0.0,1.3570295485611104,3.3494593998086493,0.17608920971049702,0.24889425208860305,unanimous_keep
twitter_2059695338668396671,5,0,0.0,1.3570295485611104,3.3494593998086493,0.13980642802761636,0.15024769217992295,unanimous_keep
twitter_2059696137011925054,3,1,0.3333333333333333,1.3570295485611104,3.3494593998086493,0.30584998750432507,0.5897241978876234,majority_keep
twitter_2059702432020512964,3,0,0.0,1.3570295485611104,3.3494593998086493,0.17608920971049702,0.24889425208860305,unanimous_keep
twitter_2059703201784623311,3,1,0.3333333333333333,1.3570295485611104,3.3494593998086493,0.30584998750432507,0.5897241978876234,majority_keep
twitter_2059713830062612951,6,0,0.0,1.3570295485611104,3.3494593998086493,0.1267483257214533,0.11616418362646559,unanimous_keep
twitter_2059715428822208731,3,1,0.3333333333333333,1.3570295485611104,3.3494593998086493,0.30584998750432507,0.5897241978876234,majority_keep
twitter_2059717976601907391,3,1,0.3333333333333333,1.3570295485611104,3.3494593998086493,0.30584998750432507,0.5897241978876234,majority_keep
twitter_2059728173869289558,3,0,0.0,1.3570295485611104,3.3494593998086493,0.17608920971049702,0.24889425208860305,unanimous_keep
twitter_2059731351373496538,4,2,0.5,1.3570295485611104,3.3494593998086493,0.38557787972494867,0.7779202155273284,tie
twitter_2059731702574936330,4,2,0.5,1.3570295485611104,3.3494593998086493,0.38557787972494867,0.7779202155273284,tie
twitter_2059732998417752418,7,3,0.4285714285714285,1.3570295485611104,3.3494593998086493,0.3721892676597852,0.800827684200982,majority_keep
twitter_2059733422369607894,5,3,0.6,1.3570295485611104,3.3494593998086493,0.44887802085149325,0.877383683978771,majority_remove
twitter_2059743706303832512,6,1,0.1666666666666666,1.3570295485611104,3.3494593998086493,0.22014962700914262,0.35987758399354103,majority_keep
twitter_2059749972040401295,6,0,0.0,1.3570295485611104,3.3494593998086493,0.1267483257214533,0.11616418362646559,unanimous_keep
twitter_2059753669495497077,5,0,0.0,1.3570295485611104,3.3494593998086493,0.13980642802761636,0.15024769217992295,unanimous_keep
twitter_2059754183843020917,3,2,0.6666666666666666,1.3570295485611104,3.3494593998086493,0.4356107652981531,0.8211118630943426,majority_remove
twitter_2059755508941168899,7,1,0.1428571428571428,1.3570295485611104,3.3494593998086493,0.20134384946302358,0.2991154978075321,majority_keep
twitter_2059756068943659423,3,0,0.0,1.3570295485611104,3.3494593998086493,0.17608920971049702,0.24889425208860305,unanimous_keep
twitter_2059766444510855427,4,0,0.0,1.3570295485611104,3.3494593998086493,0.15586415564395867,0.19375829088398777,unanimous_keep
twitter_2059768751541666208,3,1,0.3333333333333333,1.3570295485611104,3.3494593998086493,0.30584998750432507,0.5897241978876234,majority_keep
twitter_2059777848370708856,3,0,0.0,1.3570295485611104,3.3494593998086493,0.17608920971049702,0.24889425208860305,unanimous_keep
twitter_2059786328783368491,7,2,0.2857142857142857,1.3570295485611104,3.3494593998086493,0.28676655856140437,0.575118950925259,majority_keep
twitter_2059787257481978068,5,1,0.2,1.3570295485611104,3.3494593998086493,0.24283029230224198,0.42933012008301863,majority_keep
twitter_2059792063470923899,4,4,1.0,1.3570295485611104,3.3494593998086493,0.6152916038059387,0.7764316142622218,unanimous_remove
twitter_2059808704204251311,3,1,0.3333333333333333,1.3570295485611104,3.3494593998086493,0.30584998750432507,0.5897241978876234,majority_keep
twitter_2059816188687896826,3,0,0.0,1.3570295485611104,3.3494593998086493,0.17608920971049702,0.24889425208860305,unanimous_keep
twitter_2059817045915783271,4,1,0.25,1.3570295485611104,3.3494593998086493,0.27072101768445367,0.5068029795233617,majority_keep
twitter_2059829676298866903,5,0,0.0,1.3570295485611104,3.3494593998086493,0.13980642802761636,0.15024769217992295,unanimous_keep
twitter_2059840837274776021,4,0,0.0,1.3570295485611104,3.3494593998086493,0.15586415564395867,0.19375829088398777,unanimous_keep
twitter_2059843040454549908,3,0,0.0,1.3570295485611104,3.3494593998086493,0.17608920971049702,0.24889425208860305,unanimous_keep
twitter_2059848531372892458,3,0,0.0,1.3570295485611104,3.3494593998086493,0.17608920971049702,0.24889425208860305,unanimous_keep
twitter_2059852379067916547,3,2,0.6666666666666666,1.3570295485611104,3.3494593998086493,0.4356107652981531,0.8211118630943426,majority_remove
twitter_2059852558294802439,3,0,0.0,1.3570295485611104,3.3494593998086493,0.17608920971049702,0.24889425208860305,unanimous_keep
twitter_2059853369444118694,3,0,0.0,1.3570295485611104,3.3494593998086493,0.17608920971049702,0.24889425208860305,unanimous_keep
twitter_2059891876543832328,6,0,0.0,1.3570295485611104,3.3494593998086493,0.1267483257214533,0.11616418362646559,unanimous_keep
twitter_2059900821634990503,3,0,0.0,1.3570295485611104,3.3494593998086493,0.17608920971049702,0.24889425208860305,unanimous_keep
twitter_2059910535773323762,4,1,0.25,1.3570295485611104,3.3494593998086493,0.27072101768445367,0.5068029795233617,majority_keep
twitter_2059953200862552239,6,0,0.0,1.3570295485611104,3.3494593998086493,0.1267483257214533,0.11616418362646559,unanimous_keep
twitter_2059959157013541270,4,0,0.0,1.3570295485611104,3.3494593998086493,0.15586415564395867,0.19375829088398777,unanimous_keep
twitter_2059960054497907123,4,0,0.0,1.3570295485611104,3.3494593998086493,0.15586415564395867,0.19375829088398777,unanimous_keep
twitter_2059967541829664900,3,2,0.6666666666666666,1.3570295485611104,3.3494593998086493,0.4356107652981531,0.8211118630943426,majority_remove
twitter_2059969741108675026,5,2,0.4,1.3570295485611104,3.3494593998086493,0.34585415657686763,0.7155023565292364,majority_keep
twitter_2059978803204559057,6,4,0.6666666666666666,1.3570295485611104,3.3494593998086493,0.5003535308722106,0.9144837987662224,majority_remove
twitter_2059985587948445954,7,0,0.0,1.3570295485611104,3.3494593998086493,0.11592114036464278,0.08959845962246542,unanimous_keep
twitter_2059991028162044034,6,4,0.6666666666666666,1.3570295485611104,3.3494593998086493,0.5003535308722106,0.9144837987662224,majority_remove
twitter_2059999756454093272,3,0,0.0,1.3570295485611104,3.3494593998086493,0.17608920971049702,0.24889425208860305,unanimous_keep
twitter_2060001263203316029,3,0,0.0,1.3570295485611104,3.3494593998086493,0.17608920971049702,0.24889425208860305,unanimous_keep
twitter_2060001899064234029,5,0,0.0,1.3570295485611104,3.3494593998086493,0.13980642802761636,0.15024769217992295,unanimous_keep
twitter_2060007174764462425,3,2,0.6666666666666666,1.3570295485611104,3.3494593998086493,0.4356107652981531,0.8211118630943426,majority_remove
twitter_2060007851691569203,3,0,0.0,1.3570295485611104,3.3494593998086493,0.17608920971049702,0.24889425208860305,unanimous_keep
twitter_2060007928619278416,4,0,0.0,1.3570295485611104,3.3494593998086493,0.15586415564395867,0.19375829088398777,unanimous_keep
twitter_2060013479810007088,3,0,0.0,1.3570295485611104,3.3494593998086493,0.17608920971049702,0.24889425208860305,unanimous_keep
twitter_2060015198824513769,3,1,0.3333333333333333,1.3570295485611104,3.3494593998086493,0.30584998750432507,0.5897241978876234,majority_keep
twitter_2060015822391619947,3,0,0.0,1.3570295485611104,3.3494593998086493,0.17608920971049702,0.24889425208860305,unanimous_keep
twitter_2060016998227304542,4,0,0.0,1.3570295485611104,3.3494593998086493,0.15586415564395867,0.19375829088398777,unanimous_keep
twitter_2060017768708079630,3,0,0.0,1.3570295485611104,3.3494593998086493,0.17608920971049702,0.24889425208860305,unanimous_keep
twitter_2060024663548248196,3,0,0.0,1.3570295485611104,3.3494593998086493,0.17608920971049702,0.24889425208860305,unanimous_keep
twitter_2060026156246602113,4,0,0.0,1.3570295485611104,3.3494593998086493,0.15586415564395867,0.19375829088398777,unanimous_keep
twitter_2060027271235182959,3,0,0.0,1.3570295485611104,3.3494593998086493,0.17608920971049702,0.24889425208860305,unanimous_keep
twitter_2060028326949830835,3,0,0.0,1.3570295485611104,3.3494593998086493,0.17608920971049702,0.24889425208860305,unanimous_keep
twitter_2060028364023300572,3,2,0.6666666666666666,1.3570295485611104,3.3494593998086493,0.4356107652981531,0.8211118630943426,majority_remove
twitter_2060028651735826768,4,0,0.0,1.3570295485611104,3.3494593998086493,0.15586415564395867,0.19375829088398777,unanimous_keep
twitter_2060033795169112227,4,2,0.5,1.3570295485611104,3.3494593998086493,0.38557787972494867,0.7779202155273284,tie
twitter_2060036837654016373,4,3,0.75,1.3570295485611104,3.3494593998086493,0.5004347417654437,0.877072144291462,majority_remove
twitter_2060037363624230954,4,1,0.25,1.3570295485611104,3.3494593998086493,0.27072101768445367,0.5068029795233617,majority_keep
twitter_2060037504032752117,3,0,0.0,1.3570295485611104,3.3494593998086493,0.17608920971049702,0.24889425208860305,unanimous_keep
twitter_2060041296824140275,4,2,0.5,1.3570295485611104,3.3494593998086493,0.38557787972494867,0.7779202155273284,tie
twitter_2060042603362422818,3,0,0.0,1.3570295485611104,3.3494593998086493,0.17608920971049702,0.24889425208860305,unanimous_keep
twitter_2060043429951017043,3,1,0.3333333333333333,1.3570295485611104,3.3494593998086493,0.30584998750432507,0.5897241978876234,majority_keep
twitter_2060043856477892788,3,2,0.6666666666666666,1.3570295485611104,3.3494593998086493,0.4356107652981531,0.8211118630943426,majority_remove
twitter_2060047584022946076,4,2,0.5,1.3570295485611104,3.3494593998086493,0.38557787972494867,0.7779202155273284,tie
twitter_2060050973079269417,4,0,0.0,1.3570295485611104,3.3494593998086493,0.15586415564395867,0.19375829088398777,unanimous_keep
twitter_2060052812759969934,3,3,1.0,1.3570295485611104,3.3494593998086493,0.5653715430919811,0.8201728525283785,unanimous_remove
twitter_2060060077806014515,4,0,0.0,1.3570295485611104,3.3494593998086493,0.15586415564395867,0.19375829088398777,unanimous_keep
twitter_2060065054037246354,3,0,0.0,1.3570295485611104,3.3494593998086493,0.17608920971049702,0.24889425208860305,unanimous_keep
twitter_2060065769703002433,3,1,0.3333333333333333,1.3570295485611104,3.3494593998086493,0.30584998750432507,0.5897241978876234,majority_keep
twitter_2060069909149704267,5,0,0.0,1.3570295485611104,3.3494593998086493,0.13980642802761636,0.15024769217992295,unanimous_keep
twitter_2060070589088387347,6,5,0.8333333333333334,1.3570295485611104,3.3494593998086493,0.5937548321598999,0.8461335106224761,majority_remove
twitter_2060071996633805203,4,1,0.25,1.3570295485611104,3.3494593998086493,0.27072101768445367,0.5068029795233617,majority_keep
twitter_2060072476055351712,3,2,0.6666666666666666,1.3570295485611104,3.3494593998086493,0.4356107652981531,0.8211118630943426,majority_remove
twitter_2060076873887986112,3,0,0.0,1.3570295485611104,3.3494593998086493,0.17608920971049702,0.24889425208860305,unanimous_keep
twitter_2060077624706109460,3,2,0.6666666666666666,1.3570295485611104,3.3494593998086493,0.4356107652981531,0.8211118630943426,majority_remove
twitter_2060077674094104650,3,0,0.0,1.3570295485611104,3.3494593998086493,0.17608920971049702,0.24889425208860305,unanimous_keep
twitter_2060078471116685688,3,0,0.0,1.3570295485611104,3.3494593998086493,0.17608920971049702,0.24889425208860305,unanimous_keep
twitter_2060081566286537124,4,1,0.25,1.3570295485611104,3.3494593998086493,0.27072101768445367,0.5068029795233617,majority_keep
twitter_2060082218936983629,3,1,0.3333333333333333,1.3570295485611104,3.3494593998086493,0.30584998750432507,0.5897241978876234,majority_keep
twitter_2060089242911674462,4,2,0.5,1.3570295485611104,3.3494593998086493,0.38557787972494867,0.7779202155273284,tie
twitter_2060091890591248691,8,2,0.25,1.3570295485611104,3.3494593998086493,0.2641980457545525,0.5064443519420101,majority_keep
twitter_2060093626135580815,3,1,0.3333333333333333,1.3570295485611104,3.3494593998086493,0.30584998750432507,0.5897241978876234,majority_keep
twitter_2060094698455506989,4,1,0.25,1.3570295485611104,3.3494593998086493,0.27072101768445367,0.5068029795233617,majority_keep
twitter_2060096254034792942,4,0,0.0,1.3570295485611104,3.3494593998086493,0.15586415564395867,0.19375829088398777,unanimous_keep
twitter_2060100192901181677,3,2,0.6666666666666666,1.3570295485611104,3.3494593998086493,0.4356107652981531,0.8211118630943426,majority_remove
twitter_2060103043576709566,4,0,0.0,1.3570295485611104,3.3494593998086493,0.15586415564395867,0.19375829088398777,unanimous_keep
twitter_2060107082666287374,3,0,0.0,1.3570295485611104,3.3494593998086493,0.17608920971049702,0.24889425208860305,unanimous_keep
twitter_2060116990094667871,5,1,0.2,1.3570295485611104,3.3494593998086493,0.24283029230224198,0.42933012008301863,majority_keep
twitter_2060119354285449640,4,1,0.25,1.3570295485611104,3.3494593998086493,0.27072101768445367,0.5068029795233617,majority_keep
twitter_2060121579900543325,4,0,0.0,1.3570295485611104,3.3494593998086493,0.15586415564395867,0.19375829088398777,unanimous_keep
twitter_2060126806737555634,4,0,0.0,1.3570295485611104,3.3494593998086493,0.15586415564395867,0.19375829088398777,unanimous_keep
twitter_2060127270593765512,4,0,0.0,1.3570295485611104,3.3494593998086493,0.15586415564395867,0.19375829088398777,unanimous_keep
twitter_2060128910751187135,3,0,0.0,1.3570295485611104,3.3494593998086493,0.17608920971049702,0.24889425208860305,unanimous_keep
twitter_2060132304178078119,3,1,0.3333333333333333,1.3570295485611104,3.3494593998086493,0.30584998750432507,0.5897241978876234,majority_keep
twitter_2060134828335321560,4,1,0.25,1.3570295485611104,3.3494593998086493,0.27072101768445367,0.5068029795233617,majority_keep
twitter_2060135380196741294,3,2,0.6666666666666666,1.3570295485611104,3.3494593998086493,0.4356107652981531,0.8211118630943426,majority_remove
twitter_2060138385306689823,6,0,0.0,1.3570295485611104,3.3494593998086493,0.1267483257214533,0.11616418362646559,unanimous_keep
twitter_2060138956537143544,5,0,0.0,1.3570295485611104,3.3494593998086493,0.13980642802761636,0.15024769217992295,unanimous_keep
twitter_2060141114955284763,8,0,0.0,1.3570295485611104,3.3494593998086493,0.10679815282373634,0.06897003715873785,unanimous_keep
twitter_2060149644953272762,3,2,0.6666666666666666,1.3570295485611104,3.3494593998086493,0.4356107652981531,0.8211118630943426,majority_remove
twitter_2060154712389714412,3,0,0.0,1.3570295485611104,3.3494593998086493,0.17608920971049702,0.24889425208860305,unanimous_keep
twitter_2060160384355520553,3,1,0.3333333333333333,1.3570295485611104,3.3494593998086493,0.30584998750432507,0.5897241978876234,majority_keep
twitter_2060163283869413523,5,1,0.2,1.3570295485611104,3.3494593998086493,0.24283029230224198,0.42933012008301863,majority_keep
twitter_2060164623148757078,4,1,0.25,1.3570295485611104,3.3494593998086493,0.27072101768445367,0.5068029795233617,majority_keep
twitter_2060166997472931971,4,3,0.75,1.3570295485611104,3.3494593998086493,0.5004347417654437,0.877072144291462,majority_remove
twitter_2060170282426351957,5,1,0.2,1.3570295485611104,3.3494593998086493,0.24283029230224198,0.42933012008301863,majority_keep
twitter_2060179094478979438,7,4,0.5714285714285714,1.3570295485611104,3.3494593998086493,0.45761197675816606,0.9146953129812244,majority_remove
twitter_2060183092183339183,5,1,0.2,1.3570295485611104,3.3494593998086493,0.24283029230224198,0.42933012008301863,majority_keep
twitter_2060183766308471151,3,0,0.0,1.3570295485611104,3.3494593998086493,0.17608920971049702,0.24889425208860305,unanimous_keep
twitter_2060186886010745336,5,1,0.2,1.3570295485611104,3.3494593998086493,0.24283029230224198,0.42933012008301863,majority_keep
twitter_2060186958538887664,3,1,0.3333333333333333,1.3570295485611104,3.3494593998086493,0.30584998750432507,0.5897241978876234,majority_keep
twitter_2060188577091215777,4,0,0.0,1.3570295485611104,3.3494593998086493,0.15586415564395867,0.19375829088398777,unanimous_keep
twitter_2060190674214076925,3,0,0.0,1.3570295485611104,3.3494593998086493,0.17608920971049702,0.24889425208860305,unanimous_keep
twitter_2060191253283704940,3,0,0.0,1.3570295485611104,3.3494593998086493,0.17608920971049702,0.24889425208860305,unanimous_keep
twitter_2060198501665910990,3,1,0.3333333333333333,1.3570295485611104,3.3494593998086493,0.30584998750432507,0.5897241978876234,majority_keep
twitter_2060202733521576253,4,1,0.25,1.3570295485611104,3.3494593998086493,0.27072101768445367,0.5068029795233617,majority_keep
twitter_2060206610585141461,5,1,0.2,1.3570295485611104,3.3494593998086493,0.24283029230224198,0.42933012008301863,majority_keep
twitter_2060213813811806386,7,1,0.1428571428571428,1.3570295485611104,3.3494593998086493,0.20134384946302358,0.2991154978075321,majority_keep
twitter_2060218650779357269,7,4,0.5714285714285714,1.3570295485611104,3.3494593998086493,0.45761197675816606,0.9146953129812244,majority_remove
twitter_2060223322151948666,7,2,0.2857142857142857,1.3570295485611104,3.3494593998086493,0.28676655856140437,0.575118950925259,majority_keep
twitter_2060224349408264661,3,0,0.0,1.3570295485611104,3.3494593998086493,0.17608920971049702,0.24889425208860305,unanimous_keep
twitter_2060229806680121519,3,0,0.0,1.3570295485611104,3.3494593998086493,0.17608920971049702,0.24889425208860305,unanimous_keep
twitter_2060238548067119356,3,0,0.0,1.3570295485611104,3.3494593998086493,0.17608920971049702,0.24889425208860305,unanimous_keep
twitter_2060249532940579284,6,2,0.3333333333333333,1.3570295485611104,3.3494593998086493,0.31355092829683195,0.6458901337489713,majority_keep
twitter_2060253833960313052,3,0,0.0,1.3570295485611104,3.3494593998086493,0.17608920971049702,0.24889425208860305,unanimous_keep
twitter_2060256683893403845,3,1,0.3333333333333333,1.3570295485611104,3.3494593998086493,0.30584998750432507,0.5897241978876234,majority_keep
twitter_2060263201980256678,3,1,0.3333333333333333,1.3570295485611104,3.3494593998086493,0.30584998750432507,0.5897241978876234,majority_keep
twitter_2060263506025369857,3,0,0.0,1.3570295485611104,3.3494593998086493,0.17608920971049702,0.24889425208860305,unanimous_keep
twitter_2060279658239939043,4,0,0.0,1.3570295485611104,3.3494593998086493,0.15586415564395867,0.19375829088398777,unanimous_keep
twitter_2060286563771093152,3,0,0.0,1.3570295485611104,3.3494593998086493,0.17608920971049702,0.24889425208860305,unanimous_keep
twitter_2060287617204412665,3,0,0.0,1.3570295485611104,3.3494593998086493,0.17608920971049702,0.24889425208860305,unanimous_keep
twitter_2060314832767709291,6,0,0.0,1.3570295485611104,3.3494593998086493,0.1267483257214533,0.11616418362646559,unanimous_keep
twitter_2060318885463679283,3,0,0.0,1.3570295485611104,3.3494593998086493,0.17608920971049702,0.24889425208860305,unanimous_keep
twitter_2060321710193156291,4,0,0.0,1.3570295485611104,3.3494593998086493,0.15586415564395867,0.19375829088398777,unanimous_keep
twitter_2060326285314797840,6,2,0.3333333333333333,1.3570295485611104,3.3494593998086493,0.31355092829683195,0.6458901337489713,majority_keep
twitter_2060330564490871087,3,0,0.0,1.3570295485611104,3.3494593998086493,0.17608920971049702,0.24889425208860305,unanimous_keep
twitter_2060335843584200914,3,0,0.0,1.3570295485611104,3.3494593998086493,0.17608920971049702,0.24889425208860305,unanimous_keep
twitter_2060343480589951260,3,0,0.0,1.3570295485611104,3.3494593998086493,0.17608920971049702,0.24889425208860305,unanimous_keep
twitter_2060345418026811519,7,1,0.1428571428571428,1.3570295485611104,3.3494593998086493,0.20134384946302358,0.2991154978075321,majority_keep
twitter_2060345522347549100,3,0,0.0,1.3570295485611104,3.3494593998086493,0.17608920971049702,0.24889425208860305,unanimous_keep
twitter_2060350748353810873,4,1,0.25,1.3570295485611104,3.3494593998086493,0.27072101768445367,0.5068029795233617,majority_keep
twitter_2060350973877641472,3,1,0.3333333333333333,1.3570295485611104,3.3494593998086493,0.30584998750432507,0.5897241978876234,majority_keep
twitter_2060352574700605772,4,1,0.25,1.3570295485611104,3.3494593998086493,0.27072101768445367,0.5068029795233617,majority_keep
twitter_2060352577141657787,9,2,0.2222222222222222,1.3570295485611104,3.3494593998086493,0.24492264658050106,0.44173349491515923,majority_keep
twitter_2060361295967228042,4,1,0.25,1.3570295485611104,3.3494593998086493,0.27072101768445367,0.5068029795233617,majority_keep
twitter_2060362498096660847,3,0,0.0,1.3570295485611104,3.3494593998086493,0.17608920971049702,0.24889425208860305,unanimous_keep
twitter_2060364776186757383,4,0,0.0,1.3570295485611104,3.3494593998086493,0.15586415564395867,0.19375829088398777,unanimous_keep
twitter_2060368174735098250,3,1,0.3333333333333333,1.3570295485611104,3.3494593998086493,0.30584998750432507,0.5897241978876234,majority_keep
twitter_2060372655111348336,4,0,0.0,1.3570295485611104,3.3494593998086493,0.15586415564395867,0.19375829088398777,unanimous_keep
twitter_2060373206029275598,3,1,0.3333333333333333,1.3570295485611104,3.3494593998086493,0.30584998750432507,0.5897241978876234,majority_keep
twitter_2060375863632232502,3,0,0.0,1.3570295485611104,3.3494593998086493,0.17608920971049702,0.24889425208860305,unanimous_keep
twitter_2060376049435791513,3,0,0.0,1.3570295485611104,3.3494593998086493,0.17608920971049702,0.24889425208860305,unanimous_keep
twitter_2060376366227583387,3,0,0.0,1.3570295485611104,3.3494593998086493,0.17608920971049702,0.24889425208860305,unanimous_keep
twitter_2060385774105710828,3,1,0.3333333333333333,1.3570295485611104,3.3494593998086493,0.30584998750432507,0.5897241978876234,majority_keep
twitter_2060386143342928146,3,0,0.0,1.3570295485611104,3.3494593998086493,0.17608920971049702,0.24889425208860305,unanimous_keep
twitter_2060386367092203934,6,0,0.0,1.3570295485611104,3.3494593998086493,0.1267483257214533,0.11616418362646559,unanimous_keep
twitter_2060390403933905135,4,3,0.75,1.3570295485611104,3.3494593998086493,0.5004347417654437,0.877072144291462,majority_remove
twitter_2060390711254454312,4,0,0.0,1.3570295485611104,3.3494593998086493,0.15586415564395867,0.19375829088398777,unanimous_keep
twitter_2060390848269844706,4,0,0.0,1.3570295485611104,3.3494593998086493,0.15586415564395867,0.19375829088398777,unanimous_keep
twitter_2060393127681368324,5,0,0.0,1.3570295485611104,3.3494593998086493,0.13980642802761636,0.15024769217992295,unanimous_keep
twitter_2060393140100767757,5,2,0.4,1.3570295485611104,3.3494593998086493,0.34585415657686763,0.7155023565292364,majority_keep
twitter_2060394551295029281,3,0,0.0,1.3570295485611104,3.3494593998086493,0.17608920971049702,0.24889425208860305,unanimous_keep
twitter_2060395216801317357,6,1,0.1666666666666666,1.3570295485611104,3.3494593998086493,0.22014962700914262,0.35987758399354103,majority_keep
twitter_2060395378873414000,4,2,0.5,1.3570295485611104,3.3494593998086493,0.38557787972494867,0.7779202155273284,tie
twitter_2060397592891032007,6,1,0.1666666666666666,1.3570295485611104,3.3494593998086493,0.22014962700914262,0.35987758399354103,majority_keep
twitter_2060402518832673107,3,0,0.0,1.3570295485611104,3.3494593998086493,0.17608920971049702,0.24889425208860305,unanimous_keep
twitter_2060403946406150432,4,0,0.0,1.3570295485611104,3.3494593998086493,0.15586415564395867,0.19375829088398777,unanimous_keep
twitter_2060405776808563034,5,1,0.2,1.3570295485611104,3.3494593998086493,0.24283029230224198,0.42933012008301863,majority_keep
twitter_2060405996938297541,5,0,0.0,1.3570295485611104,3.3494593998086493,0.13980642802761636,0.15024769217992295,unanimous_keep
twitter_2060407479054602699,5,2,0.4,1.3570295485611104,3.3494593998086493,0.34585415657686763,0.7155023565292364,majority_keep
twitter_2060407590849216584,3,3,1.0,1.3570295485611104,3.3494593998086493,0.5653715430919811,0.8201728525283785,unanimous_remove
twitter_2060413802894827713,4,0,0.0,1.3570295485611104,3.3494593998086493,0.15586415564395867,0.19375829088398777,unanimous_keep
twitter_2060414391615393938,5,0,0.0,1.3570295485611104,3.3494593998086493,0.13980642802761636,0.15024769217992295,unanimous_keep
twitter_2060416127692669014,4,2,0.5,1.3570295485611104,3.3494593998086493,0.38557787972494867,0.7779202155273284,tie
twitter_2060417305813610523,6,4,0.6666666666666666,1.3570295485611104,3.3494593998086493,0.5003535308722106,0.9144837987662224,majority_remove
twitter_2060418622149779570,6,3,0.5,1.3570295485611104,3.3494593998086493,0.40695222958452126,0.8471663696105847,tie
twitter_2060418944947904948,4,3,0.75,1.3570295485611104,3.3494593998086493,0.5004347417654437,0.877072144291462,majority_remove
twitter_2060421768913793130,4,0,0.0,1.3570295485611104,3.3494593998086493,0.15586415564395867,0.19375829088398777,unanimous_keep
twitter_2060424465364746267,6,3,0.5,1.3570295485611104,3.3494593998086493,0.40695222958452126,0.8471663696105847,tie
twitter_2060424756877230481,6,2,0.3333333333333333,1.3570295485611104,3.3494593998086493,0.31355092829683195,0.6458901337489713,majority_keep
twitter_2060427431278743814,4,0,0.0,1.3570295485611104,3.3494593998086493,0.15586415564395867,0.19375829088398777,unanimous_keep
twitter_2060428459189645746,6,1,0.1666666666666666,1.3570295485611104,3.3494593998086493,0.22014962700914262,0.35987758399354103,majority_keep
twitter_2060428629381693754,3,0,0.0,1.3570295485611104,3.3494593998086493,0.17608920971049702,0.24889425208860305,unanimous_keep
twitter_2060430594526302587,4,0,0.0,1.3570295485611104,3.3494593998086493,0.15586415564395867,0.19375829088398777,unanimous_keep
twitter_2060432545599365410,3,0,0.0,1.3570295485611104,3.3494593998086493,0.17608920971049702,0.24889425208860305,unanimous_keep
twitter_2060434995484008602,4,0,0.0,1.3570295485611104,3.3494593998086493,0.15586415564395867,0.19375829088398777,unanimous_keep
twitter_2060435017612816643,5,0,0.0,1.3570295485611104,3.3494593998086493,0.13980642802761636,0.15024769217992295,unanimous_keep
twitter_2060435240712053171,3,1,0.3333333333333333,1.3570295485611104,3.3494593998086493,0.30584998750432507,0.5897241978876234,majority_keep
twitter_2060435665678942447,3,1,0.3333333333333333,1.3570295485611104,3.3494593998086493,0.30584998750432507,0.5897241978876234,majority_keep
twitter_2060435780447633608,4,0,0.0,1.3570295485611104,3.3494593998086493,0.15586415564395867,0.19375829088398777,unanimous_keep
twitter_2060437292343267820,4,1,0.25,1.3570295485611104,3.3494593998086493,0.27072101768445367,0.5068029795233617,majority_keep
twitter_2060437696473137155,3,2,0.6666666666666666,1.3570295485611104,3.3494593998086493,0.4356107652981531,0.8211118630943426,majority_remove
twitter_2060438853614231931,4,2,0.5,1.3570295485611104,3.3494593998086493,0.38557787972494867,0.7779202155273284,tie
twitter_2060445002765861315,3,0,0.0,1.3570295485611104,3.3494593998086493,0.17608920971049702,0.24889425208860305,unanimous_keep
twitter_2060446334490976516,3,1,0.3333333333333333,1.3570295485611104,3.3494593998086493,0.30584998750432507,0.5897241978876234,majority_keep
twitter_2060450480334180794,3,1,0.3333333333333333,1.3570295485611104,3.3494593998086493,0.30584998750432507,0.5897241978876234,majority_keep
twitter_2060450574823219650,4,2,0.5,1.3570295485611104,3.3494593998086493,0.38557787972494867,0.7779202155273284,tie
twitter_2060450805560553743,5,1,0.2,1.3570295485611104,3.3494593998086493,0.24283029230224198,0.42933012008301863,majority_keep
twitter_2060451056837108220,5,4,0.8,1.3570295485611104,3.3494593998086493,0.5519018851261189,0.8767611458907679,majority_remove
twitter_2060455875827880118,5,3,0.6,1.3570295485611104,3.3494593998086493,0.44887802085149325,0.877383683978771,majority_remove
twitter_2060456141755208008,3,0,0.0,1.3570295485611104,3.3494593998086493,0.17608920971049702,0.24889425208860305,unanimous_keep
twitter_2060457580401455193,3,0,0.0,1.3570295485611104,3.3494593998086493,0.17608920971049702,0.24889425208860305,unanimous_keep
twitter_2060465207126974658,3,1,0.3333333333333333,1.3570295485611104,3.3494593998086493,0.30584998750432507,0.5897241978876234,majority_keep
twitter_2060465604407038441,3,1,0.3333333333333333,1.3570295485611104,3.3494593998086493,0.30584998750432507,0.5897241978876234,majority_keep
twitter_2060470076235469226,4,2,0.5,1.3570295485611104,3.3494593998086493,0.38557787972494867,0.7779202155273284,tie
twitter_2060473757425098907,5,1,0.2,1.3570295485611104,3.3494593998086493,0.24283029230224198,0.42933012008301863,majority_keep
twitter_2060474149366124900,4,1,0.25,1.3570295485611104,3.3494593998086493,0.27072101768445367,0.5068029795233617,majority_keep
twitter_2060475083844657292,5,0,0.0,1.3570295485611104,3.3494593998086493,0.13980642802761636,0.15024769217992295,unanimous_keep
twitter_2060475859392196795,4,0,0.0,1.3570295485611104,3.3494593998086493,0.15586415564395867,0.19375829088398777,unanimous_keep
twitter_2060475945568604489,4,3,0.75,1.3570295485611104,3.3494593998086493,0.5004347417654437,0.877072144291462,majority_remove
twitter_2060476578212057517,3,1,0.3333333333333333,1.3570295485611104,3.3494593998086493,0.30584998750432507,0.5897241978876234,majority_keep
twitter_2060477468457234795,3,2,0.6666666666666666,1.3570295485611104,3.3494593998086493,0.4356107652981531,0.8211118630943426,majority_remove
twitter_2060478129764741283,4,2,0.5,1.3570295485611104,3.3494593998086493,0.38557787972494867,0.7779202155273284,tie
twitter_2060482104081989639,5,1,0.2,1.3570295485611104,3.3494593998086493,0.24283029230224198,0.42933012008301863,majority_keep
twitter_2060484155822035343,3,1,0.3333333333333333,1.3570295485611104,3.3494593998086493,0.30584998750432507,0.5897241978876234,majority_keep
twitter_2060496270519603406,5,1,0.2,1.3570295485611104,3.3494593998086493,0.24283029230224198,0.42933012008301863,majority_keep
twitter_2060498779673907487,4,0,0.0,1.3570295485611104,3.3494593998086493,0.15586415564395867,0.19375829088398777,unanimous_keep
twitter_2060505986129969322,4,1,0.25,1.3570295485611104,3.3494593998086493,0.27072101768445367,0.5068029795233617,majority_keep
twitter_2060510485611720955,4,0,0.0,1.3570295485611104,3.3494593998086493,0.15586415564395867,0.19375829088398777,unanimous_keep
twitter_2060510905251561828,3,0,0.0,1.3570295485611104,3.3494593998086493,0.17608920971049702,0.24889425208860305,unanimous_keep
twitter_2060516618711491016,5,0,0.0,1.3570295485611104,3.3494593998086493,0.13980642802761636,0.15024769217992295,unanimous_keep
twitter_2060527990719844776,4,0,0.0,1.3570295485611104,3.3494593998086493,0.15586415564395867,0.19375829088398777,unanimous_keep
twitter_2060531959634276550,3,0,0.0,1.3570295485611104,3.3494593998086493,0.17608920971049702,0.24889425208860305,unanimous_keep
twitter_2060539450690605270,3,0,0.0,1.3570295485611104,3.3494593998086493,0.17608920971049702,0.24889425208860305,unanimous_keep
twitter_2060544855038709988,3,0,0.0,1.3570295485611104,3.3494593998086493,0.17608920971049702,0.24889425208860305,unanimous_keep
twitter_2060547735053361344,3,1,0.3333333333333333,1.3570295485611104,3.3494593998086493,0.30584998750432507,0.5897241978876234,majority_keep
twitter_2060557541227000049,3,2,0.6666666666666666,1.3570295485611104,3.3494593998086493,0.4356107652981531,0.8211118630943426,majority_remove
twitter_2060558966627750177,8,0,0.0,1.3570295485611104,3.3494593998086493,0.10679815282373634,0.06897003715873785,unanimous_keep
twitter_2060564211822887352,4,0,0.0,1.3570295485611104,3.3494593998086493,0.15586415564395867,0.19375829088398777,unanimous_keep
twitter_2060572172532285827,3,0,0.0,1.3570295485611104,3.3494593998086493,0.17608920971049702,0.24889425208860305,unanimous_keep
twitter_2060578723766972554,3,1,0.3333333333333333,1.3570295485611104,3.3494593998086493,0.30584998750432507,0.5897241978876234,majority_keep
twitter_2060578761922207858,6,0,0.0,1.3570295485611104,3.3494593998086493,0.1267483257214533,0.11616418362646559,unanimous_keep
twitter_2060592337840160809,3,2,0.6666666666666666,1.3570295485611104,3.3494593998086493,0.4356107652981531,0.8211118630943426,majority_remove
twitter_2060599494396223854,4,4,1.0,1.3570295485611104,3.3494593998086493,0.6152916038059387,0.7764316142622218,unanimous_remove
twitter_2060601929433280962,4,3,0.75,1.3570295485611104,3.3494593998086493,0.5004347417654437,0.877072144291462,majority_remove
twitter_2060603806170145047,3,0,0.0,1.3570295485611104,3.3494593998086493,0.17608920971049702,0.24889425208860305,unanimous_keep
twitter_2060606006003192079,6,2,0.3333333333333333,1.3570295485611104,3.3494593998086493,0.31355092829683195,0.6458901337489713,majority_keep
twitter_2060617474110882202,3,0,0.0,1.3570295485611104,3.3494593998086493,0.17608920971049702,0.24889425208860305,unanimous_keep
twitter_2060631839015051519,5,2,0.4,1.3570295485611104,3.3494593998086493,0.34585415657686763,0.7155023565292364,majority_keep
twitter_2060636474312188320,3,1,0.3333333333333333,1.3570295485611104,3.3494593998086493,0.30584998750432507,0.5897241978876234,majority_keep
twitter_2060638825517400319,3,0,0.0,1.3570295485611104,3.3494593998086493,0.17608920971049702,0.24889425208860305,unanimous_keep
twitter_2060639642899091850,3,1,0.3333333333333333,1.3570295485611104,3.3494593998086493,0.30584998750432507,0.5897241978876234,majority_keep
twitter_2060668920344838562,6,1,0.1666666666666666,1.3570295485611104,3.3494593998086493,0.22014962700914262,0.35987758399354103,majority_keep
twitter_2060673758700970116,4,4,1.0,1.3570295485611104,3.3494593998086493,0.6152916038059387,0.7764316142622218,unanimous_remove
twitter_2060673958442160524,4,2,0.5,1.3570295485611104,3.3494593998086493,0.38557787972494867,0.7779202155273284,tie
twitter_2060674540938682563,3,0,0.0,1.3570295485611104,3.3494593998086493,0.17608920971049702,0.24889425208860305,unanimous_keep
twitter_2060676038661955671,3,0,0.0,1.3570295485611104,3.3494593998086493,0.17608920971049702,0.24889425208860305,unanimous_keep
twitter_2060678412109283705,6,3,0.5,1.3570295485611104,3.3494593998086493,0.40695222958452126,0.8471663696105847,tie
twitter_2060681819008192753,4,0,0.0,1.3570295485611104,3.3494593998086493,0.15586415564395867,0.19375829088398777,unanimous_keep
twitter_2060687735908626733,3,2,0.6666666666666666,1.3570295485611104,3.3494593998086493,0.4356107652981531,0.8211118630943426,majority_remove
twitter_2060700348235321425,3,2,0.6666666666666666,1.3570295485611104,3.3494593998086493,0.4356107652981531,0.8211118630943426,majority_remove
twitter_2060706850153107637,4,1,0.25,1.3570295485611104,3.3494593998086493,0.27072101768445367,0.5068029795233617,majority_keep
twitter_2060707868316213282,3,1,0.3333333333333333,1.3570295485611104,3.3494593998086493,0.30584998750432507,0.5897241978876234,majority_keep
twitter_2060708592177623356,7,1,0.1428571428571428,1.3570295485611104,3.3494593998086493,0.20134384946302358,0.2991154978075321,majority_keep
twitter_2060711670670897503,6,1,0.1666666666666666,1.3570295485611104,3.3494593998086493,0.22014962700914262,0.35987758399354103,majority_keep
twitter_2060712444729708837,6,1,0.1666666666666666,1.3570295485611104,3.3494593998086493,0.22014962700914262,0.35987758399354103,majority_keep
twitter_2060717062062793151,4,0,0.0,1.3570295485611104,3.3494593998086493,0.15586415564395867,0.19375829088398777,unanimous_keep
twitter_2060721245839061183,5,0,0.0,1.3570295485611104,3.3494593998086493,0.13980642802761636,0.15024769217992295,unanimous_keep
twitter_2060722144502329402,3,0,0.0,1.3570295485611104,3.3494593998086493,0.17608920971049702,0.24889425208860305,unanimous_keep
twitter_2060722914962370889,3,2,0.6666666666666666,1.3570295485611104,3.3494593998086493,0.4356107652981531,0.8211118630943426,majority_remove
twitter_2060722916195500455,4,2,0.5,1.3570295485611104,3.3494593998086493,0.38557787972494867,0.7779202155273284,tie
twitter_2060724579631349855,3,1,0.3333333333333333,1.3570295485611104,3.3494593998086493,0.30584998750432507,0.5897241978876234,majority_keep
twitter_2060726087995293835,4,0,0.0,1.3570295485611104,3.3494593998086493,0.15586415564395867,0.19375829088398777,unanimous_keep
twitter_2060726990697791579,3,0,0.0,1.3570295485611104,3.3494593998086493,0.17608920971049702,0.24889425208860305,unanimous_keep
twitter_2060727363814752560,4,0,0.0,1.3570295485611104,3.3494593998086493,0.15586415564395867,0.19375829088398777,unanimous_keep
twitter_2060729413528871285,3,1,0.3333333333333333,1.3570295485611104,3.3494593998086493,0.30584998750432507,0.5897241978876234,majority_keep
twitter_2060732891835892191,4,3,0.75,1.3570295485611104,3.3494593998086493,0.5004347417654437,0.877072144291462,majority_remove
twitter_2060733361740530166,4,3,0.75,1.3570295485611104,3.3494593998086493,0.5004347417654437,0.877072144291462,majority_remove
twitter_2060735505306652712,3,0,0.0,1.3570295485611104,3.3494593998086493,0.17608920971049702,0.24889425208860305,unanimous_keep
twitter_2060736713530761553,4,0,0.0,1.3570295485611104,3.3494593998086493,0.15586415564395867,0.19375829088398777,unanimous_keep
twitter_2060750141330805068,3,0,0.0,1.3570295485611104,3.3494593998086493,0.17608920971049702,0.24889425208860305,unanimous_keep
twitter_2060751131874111722,4,0,0.0,1.3570295485611104,3.3494593998086493,0.15586415564395867,0.19375829088398777,unanimous_keep
twitter_2060751535869681774,4,2,0.5,1.3570295485611104,3.3494593998086493,0.38557787972494867,0.7779202155273284,tie
twitter_2060752268169748645,3,1,0.3333333333333333,1.3570295485611104,3.3494593998086493,0.30584998750432507,0.5897241978876234,majority_keep
twitter_2060752436785303888,3,2,0.6666666666666666,1.3570295485611104,3.3494593998086493,0.4356107652981531,0.8211118630943426,majority_remove
twitter_2060755033835401444,3,0,0.0,1.3570295485611104,3.3494593998086493,0.17608920971049702,0.24889425208860305,unanimous_keep
twitter_2060756089310753109,7,0,0.0,1.3570295485611104,3.3494593998086493,0.11592114036464278,0.08959845962246542,unanimous_keep
twitter_2060757903754117210,3,0,0.0,1.3570295485611104,3.3494593998086493,0.17608920971049702,0.24889425208860305,unanimous_keep
twitter_2060758183694446694,3,2,0.6666666666666666,1.3570295485611104,3.3494593998086493,0.4356107652981531,0.8211118630943426,majority_remove
twitter_2060758270881701904,4,0,0.0,1.3570295485611104,3.3494593998086493,0.15586415564395867,0.19375829088398777,unanimous_keep
twitter_2060771585707913397,6,1,0.1666666666666666,1.3570295485611104,3.3494593998086493,0.22014962700914262,0.35987758399354103,majority_keep
twitter_2060771935982666140,3,0,0.0,1.3570295485611104,3.3494593998086493,0.17608920971049702,0.24889425208860305,unanimous_keep
twitter_2060778264029782163,3,1,0.3333333333333333,1.3570295485611104,3.3494593998086493,0.30584998750432507,0.5897241978876234,majority_keep
twitter_2060778578095280238,3,2,0.6666666666666666,1.3570295485611104,3.3494593998086493,0.4356107652981531,0.8211118630943426,majority_remove
twitter_2060783327376777321,6,2,0.3333333333333333,1.3570295485611104,3.3494593998086493,0.31355092829683195,0.6458901337489713,majority_keep
twitter_2060786729624244395,4,0,0.0,1.3570295485611104,3.3494593998086493,0.15586415564395867,0.19375829088398777,unanimous_keep
twitter_2060790561762582583,3,0,0.0,1.3570295485611104,3.3494593998086493,0.17608920971049702,0.24889425208860305,unanimous_keep
twitter_2060791852853530849,4,2,0.5,1.3570295485611104,3.3494593998086493,0.38557787972494867,0.7779202155273284,tie
twitter_2060799249131126921,3,0,0.0,1.3570295485611104,3.3494593998086493,0.17608920971049702,0.24889425208860305,unanimous_keep
twitter_2060801825016512633,3,0,0.0,1.3570295485611104,3.3494593998086493,0.17608920971049702,0.24889425208860305,unanimous_keep
twitter_2060805025644028059,5,0,0.0,1.3570295485611104,3.3494593998086493,0.13980642802761636,0.15024769217992295,unanimous_keep
twitter_2060805287859068951,3,0,0.0,1.3570295485611104,3.3494593998086493,0.17608920971049702,0.24889425208860305,unanimous_keep
twitter_2060805448010227948,3,0,0.0,1.3570295485611104,3.3494593998086493,0.17608920971049702,0.24889425208860305,unanimous_keep
twitter_2060806191224168546,3,0,0.0,1.3570295485611104,3.3494593998086493,0.17608920971049702,0.24889425208860305,unanimous_keep
twitter_2060806724701790231,3,1,0.3333333333333333,1.3570295485611104,3.3494593998086493,0.30584998750432507,0.5897241978876234,majority_keep
twitter_2060808237427933457,3,1,0.3333333333333333,1.3570295485611104,3.3494593998086493,0.30584998750432507,0.5897241978876234,majority_keep
twitter_2060809286645690809,3,0,0.0,1.3570295485611104,3.3494593998086493,0.17608920971049702,0.24889425208860305,unanimous_keep
twitter_2060809766348161530,5,0,0.0,1.3570295485611104,3.3494593998086493,0.13980642802761636,0.15024769217992295,unanimous_keep
twitter_2060812418993832109,4,0,0.0,1.3570295485611104,3.3494593998086493,0.15586415564395867,0.19375829088398777,unanimous_keep
twitter_2060812848994091457,3,0,0.0,1.3570295485611104,3.3494593998086493,0.17608920971049702,0.24889425208860305,unanimous_keep
twitter_2060814027048047106,4,0,0.0,1.3570295485611104,3.3494593998086493,0.15586415564395867,0.19375829088398777,unanimous_keep
twitter_2060820195287941303,3,2,0.6666666666666666,1.3570295485611104,3.3494593998086493,0.4356107652981531,0.8211118630943426,majority_remove
twitter_2060820792959545423,3,0,0.0,1.3570295485611104,3.3494593998086493,0.17608920971049702,0.24889425208860305,unanimous_keep
twitter_2060821045737894234,4,1,0.25,1.3570295485611104,3.3494593998086493,0.27072101768445367,0.5068029795233617,majority_keep
twitter_2060824656999809109,4,1,0.25,1.3570295485611104,3.3494593998086493,0.27072101768445367,0.5068029795233617,majority_keep
twitter_2060824795592188005,3,1,0.3333333333333333,1.3570295485611104,3.3494593998086493,0.30584998750432507,0.5897241978876234,majority_keep
twitter_2060832854930788579,4,2,0.5,1.3570295485611104,3.3494593998086493,0.38557787972494867,0.7779202155273284,tie
twitter_2060835371835851046,3,0,0.0,1.3570295485611104,3.3494593998086493,0.17608920971049702,0.24889425208860305,unanimous_keep
twitter_2060838954748838037,4,2,0.5,1.3570295485611104,3.3494593998086493,0.38557787972494867,0.7779202155273284,tie
twitter_2060839810546143572,4,0,0.0,1.3570295485611104,3.3494593998086493,0.15586415564395867,0.19375829088398777,unanimous_keep
twitter_2060839974497341623,3,1,0.3333333333333333,1.3570295485611104,3.3494593998086493,0.30584998750432507,0.5897241978876234,majority_keep
twitter_2060840132597436760,5,1,0.2,1.3570295485611104,3.3494593998086493,0.24283029230224198,0.42933012008301863,majority_keep
twitter_2060841587467333696,6,2,0.3333333333333333,1.3570295485611104,3.3494593998086493,0.31355092829683195,0.6458901337489713,majority_keep
twitter_2060842342978838967,3,1,0.3333333333333333,1.3570295485611104,3.3494593998086493,0.30584998750432507,0.5897241978876234,majority_keep
twitter_2060844738299785409,3,0,0.0,1.3570295485611104,3.3494593998086493,0.17608920971049702,0.24889425208860305,unanimous_keep
twitter_2060846007953310102,4,4,1.0,1.3570295485611104,3.3494593998086493,0.6152916038059387,0.7764316142622218,unanimous_remove
twitter_2060847867166605378,3,0,0.0,1.3570295485611104,3.3494593998086493,0.17608920971049702,0.24889425208860305,unanimous_keep
twitter_2060850243411886468,3,0,0.0,1.3570295485611104,3.3494593998086493,0.17608920971049702,0.24889425208860305,unanimous_keep
twitter_2060853647311769874,5,0,0.0,1.3570295485611104,3.3494593998086493,0.13980642802761636,0.15024769217992295,unanimous_keep
twitter_2060857810779349171,4,0,0.0,1.3570295485611104,3.3494593998086493,0.15586415564395867,0.19375829088398777,unanimous_keep
twitter_2060861488810598803,3,1,0.3333333333333333,1.3570295485611104,3.3494593998086493,0.30584998750432507,0.5897241978876234,majority_keep
twitter_2060864102231343391,4,1,0.25,1.3570295485611104,3.3494593998086493,0.27072101768445367,0.5068029795233617,majority_keep
twitter_2060867895203344615,3,1,0.3333333333333333,1.3570295485611104,3.3494593998086493,0.30584998750432507,0.5897241978876234,majority_keep
twitter_2060877322337558564,4,1,0.25,1.3570295485611104,3.3494593998086493,0.27072101768445367,0.5068029795233617,majority_keep
twitter_2060878797751148685,3,1,0.3333333333333333,1.3570295485611104,3.3494593998086493,0.30584998750432507,0.5897241978876234,majority_keep
twitter_2060879672355979576,4,1,0.25,1.3570295485611104,3.3494593998086493,0.27072101768445367,0.5068029795233617,majority_keep
twitter_2060891809526558981,5,0,0.0,1.3570295485611104,3.3494593998086493,0.13980642802761636,0.15024769217992295,unanimous_keep
twitter_2060894102208561543,4,2,0.5,1.3570295485611104,3.3494593998086493,0.38557787972494867,0.7779202155273284,tie
twitter_2060897848560939264,5,1,0.2,1.3570295485611104,3.3494593998086493,0.24283029230224198,0.42933012008301863,majority_keep
twitter_2060903378792714627,5,0,0.0,1.3570295485611104,3.3494593998086493,0.13980642802761636,0.15024769217992295,unanimous_keep
twitter_2060910478797222344,3,1,0.3333333333333333,1.3570295485611104,3.3494593998086493,0.30584998750432507,0.5897241978876234,majority_keep
twitter_2060910542185726371,5,0,0.0,1.3570295485611104,3.3494593998086493,0.13980642802761636,0.15024769217992295,unanimous_keep
twitter_2060911117820457172,3,0,0.0,1.3570295485611104,3.3494593998086493,0.17608920971049702,0.24889425208860305,unanimous_keep
twitter_2060912746674164023,3,1,0.3333333333333333,1.3570295485611104,3.3494593998086493,0.30584998750432507,0.5897241978876234,majority_keep
twitter_2060918428773539930,3,0,0.0,1.3570295485611104,3.3494593998086493,0.17608920971049702,0.24889425208860305,unanimous_keep
twitter_2060922997108842619,4,1,0.25,1.3570295485611104,3.3494593998086493,0.27072101768445367,0.5068029795233617,majority_keep
twitter_2060930878126301617,9,4,0.4444444444444444,1.3570295485611104,3.3494593998086493,0.3908389353933176,0.859478444294711,majority_keep
twitter_2060934355069829268,3,0,0.0,1.3570295485611104,3.3494593998086493,0.17608920971049702,0.24889425208860305,unanimous_keep
twitter_2060937414600773891,5,0,0.0,1.3570295485611104,3.3494593998086493,0.13980642802761636,0.15024769217992295,unanimous_keep
twitter_2060937553214075379,5,4,0.8,1.3570295485611104,3.3494593998086493,0.5519018851261189,0.8767611458907679,majority_remove
twitter_2060945083415859408,3,1,0.3333333333333333,1.3570295485611104,3.3494593998086493,0.30584998750432507,0.5897241978876234,majority_keep
twitter_2060947308586373373,5,1,0.2,1.3570295485611104,3.3494593998086493,0.24283029230224198,0.42933012008301863,majority_keep
twitter_2060953765268553808,6,4,0.6666666666666666,1.3570295485611104,3.3494593998086493,0.5003535308722106,0.9144837987662224,majority_remove
twitter_2060955190614782066,4,1,0.25,1.3570295485611104,3.3494593998086493,0.27072101768445367,0.5068029795233617,majority_keep
twitter_2060967434576953751,3,3,1.0,1.3570295485611104,3.3494593998086493,0.5653715430919811,0.8201728525283785,unanimous_remove
twitter_2060988882439585866,3,0,0.0,1.3570295485611104,3.3494593998086493,0.17608920971049702,0.24889425208860305,unanimous_keep
twitter_2060999609732988944,5,1,0.2,1.3570295485611104,3.3494593998086493,0.24283029230224198,0.42933012008301863,majority_keep
twitter_2061009608307511761,3,1,0.3333333333333333,1.3570295485611104,3.3494593998086493,0.30584998750432507,0.5897241978876234,majority_keep
twitter_2061025922933772734,10,0,0.0,1.3570295485611104,3.3494593998086493,0.09227420313068943,0.04066732755478492,unanimous_keep
twitter_2061031033475096816,4,1,0.25,1.3570295485611104,3.3494593998086493,0.27072101768445367,0.5068029795233617,majority_keep
twitter_2061032441104495046,3,0,0.0,1.3570295485611104,3.3494593998086493,0.17608920971049702,0.24889425208860305,unanimous_keep
twitter_2061038624087433709,5,1,0.2,1.3570295485611104,3.3494593998086493,0.24283029230224198,0.42933012008301863,majority_keep
twitter_2061045166153040274,3,0,0.0,1.3570295485611104,3.3494593998086493,0.17608920971049702,0.24889425208860305,unanimous_keep
twitter_2061049431148183667,6,0,0.0,1.3570295485611104,3.3494593998086493,0.1267483257214533,0.11616418362646559,unanimous_keep
twitter_2061052327822569537,4,1,0.25,1.3570295485611104,3.3494593998086493,0.27072101768445367,0.5068029795233617,majority_keep
twitter_2061054560542818698,5,0,0.0,1.3570295485611104,3.3494593998086493,0.13980642802761636,0.15024769217992295,unanimous_keep
twitter_2061059269089227167,3,0,0.0,1.3570295485611104,3.3494593998086493,0.17608920971049702,0.24889425208860305,unanimous_keep
twitter_2061064210269024336,3,0,0.0,1.3570295485611104,3.3494593998086493,0.17608920971049702,0.24889425208860305,unanimous_keep
twitter_2061064441366716419,3,0,0.0,1.3570295485611104,3.3494593998086493,0.17608920971049702,0.24889425208860305,unanimous_keep
twitter_2061066935328973239,3,1,0.3333333333333333,1.3570295485611104,3.3494593998086493,0.30584998750432507,0.5897241978876234,majority_keep
twitter_2061070189521997965,3,0,0.0,1.3570295485611104,3.3494593998086493,0.17608920971049702,0.24889425208860305,unanimous_keep
twitter_2061072962426409445,3,0,0.0,1.3570295485611104,3.3494593998086493,0.17608920971049702,0.24889425208860305,unanimous_keep
twitter_2061073084216492488,5,0,0.0,1.3570295485611104,3.3494593998086493,0.13980642802761636,0.15024769217992295,unanimous_keep
twitter_2061074248165183724,7,1,0.1428571428571428,1.3570295485611104,3.3494593998086493,0.20134384946302358,0.2991154978075321,majority_keep
twitter_2061078361015980285,4,3,0.75,1.3570295485611104,3.3494593998086493,0.5004347417654437,0.877072144291462,majority_remove
twitter_2061079336824811591,3,0,0.0,1.3570295485611104,3.3494593998086493,0.17608920971049702,0.24889425208860305,unanimous_keep
twitter_2061085029573304373,3,1,0.3333333333333333,1.3570295485611104,3.3494593998086493,0.30584998750432507,0.5897241978876234,majority_keep
twitter_2061085287648760234,4,0,0.0,1.3570295485611104,3.3494593998086493,0.15586415564395867,0.19375829088398777,unanimous_keep
twitter_2061088486397301203,3,0,0.0,1.3570295485611104,3.3494593998086493,0.17608920971049702,0.24889425208860305,unanimous_keep
twitter_2061090429966418253,4,1,0.25,1.3570295485611104,3.3494593998086493,0.27072101768445367,0.5068029795233617,majority_keep
twitter_2061090783814435132,4,0,0.0,1.3570295485611104,3.3494593998086493,0.15586415564395867,0.19375829088398777,unanimous_keep
twitter_2061091048982712709,4,1,0.25,1.3570295485611104,3.3494593998086493,0.27072101768445367,0.5068029795233617,majority_keep
twitter_2061091882038333761,3,1,0.3333333333333333,1.3570295485611104,3.3494593998086493,0.30584998750432507,0.5897241978876234,majority_keep
twitter_2061092151866372495,3,0,0.0,1.3570295485611104,3.3494593998086493,0.17608920971049702,0.24889425208860305,unanimous_keep
twitter_2061096035909353743,5,1,0.2,1.3570295485611104,3.3494593998086493,0.24283029230224198,0.42933012008301863,majority_keep
twitter_2061097926521422066,3,0,0.0,1.3570295485611104,3.3494593998086493,0.17608920971049702,0.24889425208860305,unanimous_keep
twitter_2061099750779187582,4,2,0.5,1.3570295485611104,3.3494593998086493,0.38557787972494867,0.7779202155273284,tie
twitter_2061100606400438283,4,0,0.0,1.3570295485611104,3.3494593998086493,0.15586415564395867,0.19375829088398777,unanimous_keep
twitter_2061100837783339205,5,2,0.4,1.3570295485611104,3.3494593998086493,0.34585415657686763,0.7155023565292364,majority_keep
twitter_2061106535221068080,3,0,0.0,1.3570295485611104,3.3494593998086493,0.17608920971049702,0.24889425208860305,unanimous_keep
twitter_2061108033761976347,5,1,0.2,1.3570295485611104,3.3494593998086493,0.24283029230224198,0.42933012008301863,majority_keep
twitter_2061108655496302917,3,0,0.0,1.3570295485611104,3.3494593998086493,0.17608920971049702,0.24889425208860305,unanimous_keep
twitter_2061110867987447965,4,0,0.0,1.3570295485611104,3.3494593998086493,0.15586415564395867,0.19375829088398777,unanimous_keep
twitter_2061111044475605133,3,1,0.3333333333333333,1.3570295485611104,3.3494593998086493,0.30584998750432507,0.5897241978876234,majority_keep
twitter_2061111507648208971,4,0,0.0,1.3570295485611104,3.3494593998086493,0.15586415564395867,0.19375829088398777,unanimous_keep
twitter_2061116480704364884,5,2,0.4,1.3570295485611104,3.3494593998086493,0.34585415657686763,0.7155023565292364,majority_keep
twitter_2061116689186541821,4,0,0.0,1.3570295485611104,3.3494593998086493,0.15586415564395867,0.19375829088398777,unanimous_keep
twitter_2061117135586287757,3,3,1.0,1.3570295485611104,3.3494593998086493,0.5653715430919811,0.8201728525283785,unanimous_remove
twitter_2061121742911991965,4,1,0.25,1.3570295485611104,3.3494593998086493,0.27072101768445367,0.5068029795233617,majority_keep
twitter_2061129864481300790,5,0,0.0,1.3570295485611104,3.3494593998086493,0.13980642802761636,0.15024769217992295,unanimous_keep
twitter_2061130697163538862,4,0,0.0,1.3570295485611104,3.3494593998086493,0.15586415564395867,0.19375829088398777,unanimous_keep
twitter_2061134689604129054,3,0,0.0,1.3570295485611104,3.3494593998086493,0.17608920971049702,0.24889425208860305,unanimous_keep
twitter_2061136257275904182,4,1,0.25,1.3570295485611104,3.3494593998086493,0.27072101768445367,0.5068029795233617,majority_keep
twitter_2061138122872631604,6,1,0.1666666666666666,1.3570295485611104,3.3494593998086493,0.22014962700914262,0.35987758399354103,majority_keep
twitter_2061141671199268881,4,0,0.0,1.3570295485611104,3.3494593998086493,0.15586415564395867,0.19375829088398777,unanimous_keep
twitter_2061141772357484740,3,2,0.6666666666666666,1.3570295485611104,3.3494593998086493,0.4356107652981531,0.8211118630943426,majority_remove
twitter_2061143936207302806,3,1,0.3333333333333333,1.3570295485611104,3.3494593998086493,0.30584998750432507,0.5897241978876234,majority_keep
twitter_2061149964529508688,5,2,0.4,1.3570295485611104,3.3494593998086493,0.34585415657686763,0.7155023565292364,majority_keep
twitter_2061150034570162605,7,0,0.0,1.3570295485611104,3.3494593998086493,0.11592114036464278,0.08959845962246542,unanimous_keep
twitter_2061152409163071909,4,1,0.25,1.3570295485611104,3.3494593998086493,0.27072101768445367,0.5068029795233617,majority_keep
twitter_2061153477565268429,3,1,0.3333333333333333,1.3570295485611104,3.3494593998086493,0.30584998750432507,0.5897241978876234,majority_keep
twitter_2061153970018771222,4,1,0.25,1.3570295485611104,3.3494593998086493,0.27072101768445367,0.5068029795233617,majority_keep
twitter_2061156972871700865,4,0,0.0,1.3570295485611104,3.3494593998086493,0.15586415564395867,0.19375829088398777,unanimous_keep
twitter_2061157605821542635,6,2,0.3333333333333333,1.3570295485611104,3.3494593998086493,0.31355092829683195,0.6458901337489713,majority_keep
twitter_2061160788186825056,5,1,0.2,1.3570295485611104,3.3494593998086493,0.24283029230224198,0.42933012008301863,majority_keep
twitter_2061162473210679802,3,0,0.0,1.3570295485611104,3.3494593998086493,0.17608920971049702,0.24889425208860305,unanimous_keep
twitter_2061171692693602517,3,0,0.0,1.3570295485611104,3.3494593998086493,0.17608920971049702,0.24889425208860305,unanimous_keep
twitter_2061174588487160244,4,0,0.0,1.3570295485611104,3.3494593998086493,0.15586415564395867,0.19375829088398777,unanimous_keep
twitter_2061186409046663457,6,0,0.0,1.3570295485611104,3.3494593998086493,0.1267483257214533,0.11616418362646559,unanimous_keep
twitter_2061187028365008932,4,0,0.0,1.3570295485611104,3.3494593998086493,0.15586415564395867,0.19375829088398777,unanimous_keep
twitter_2061187637327589616,3,1,0.3333333333333333,1.3570295485611104,3.3494593998086493,0.30584998750432507,0.5897241978876234,majority_keep
twitter_2061189884946075943,4,0,0.0,1.3570295485611104,3.3494593998086493,0.15586415564395867,0.19375829088398777,unanimous_keep
twitter_2061195374455341234,4,1,0.25,1.3570295485611104,3.3494593998086493,0.27072101768445367,0.5068029795233617,majority_keep
twitter_2061196779509469462,3,2,0.6666666666666666,1.3570295485611104,3.3494593998086493,0.4356107652981531,0.8211118630943426,majority_remove
twitter_2061200595600494975,4,1,0.25,1.3570295485611104,3.3494593998086493,0.27072101768445367,0.5068029795233617,majority_keep
twitter_2061201045942903257,3,1,0.3333333333333333,1.3570295485611104,3.3494593998086493,0.30584998750432507,0.5897241978876234,majority_keep
twitter_2061201957881057599,3,0,0.0,1.3570295485611104,3.3494593998086493,0.17608920971049702,0.24889425208860305,unanimous_keep
twitter_2061203484049830038,3,1,0.3333333333333333,1.3570295485611104,3.3494593998086493,0.30584998750432507,0.5897241978876234,majority_keep
twitter_2061204039056965880,4,0,0.0,1.3570295485611104,3.3494593998086493,0.15586415564395867,0.19375829088398777,unanimous_keep
twitter_2061204173702512809,4,1,0.25,1.3570295485611104,3.3494593998086493,0.27072101768445367,0.5068029795233617,majority_keep
twitter_2061205562910532024,3,0,0.0,1.3570295485611104,3.3494593998086493,0.17608920971049702,0.24889425208860305,unanimous_keep
twitter_2061207835707408856,4,2,0.5,1.3570295485611104,3.3494593998086493,0.38557787972494867,0.7779202155273284,tie
twitter_2061208445051711640,4,0,0.0,1.3570295485611104,3.3494593998086493,0.15586415564395867,0.19375829088398777,unanimous_keep
twitter_2061211979511959749,3,0,0.0,1.3570295485611104,3.3494593998086493,0.17608920971049702,0.24889425208860305,unanimous_keep
twitter_2061212501954502755,3,2,0.6666666666666666,1.3570295485611104,3.3494593998086493,0.4356107652981531,0.8211118630943426,majority_remove
twitter_2061213441721876988,4,1,0.25,1.3570295485611104,3.3494593998086493,0.27072101768445367,0.5068029795233617,majority_keep
twitter_2061214671701692785,3,1,0.3333333333333333,1.3570295485611104,3.3494593998086493,0.30584998750432507,0.5897241978876234,majority_keep
twitter_2061214715926204697,3,0,0.0,1.3570295485611104,3.3494593998086493,0.17608920971049702,0.24889425208860305,unanimous_keep
twitter_2061214916502007824,3,1,0.3333333333333333,1.3570295485611104,3.3494593998086493,0.30584998750432507,0.5897241978876234,majority_keep
twitter_2061217150946197977,5,0,0.0,1.3570295485611104,3.3494593998086493,0.13980642802761636,0.15024769217992295,unanimous_keep
twitter_2061219723778380164,3,0,0.0,1.3570295485611104,3.3494593998086493,0.17608920971049702,0.24889425208860305,unanimous_keep
twitter_2061220081300869583,3,3,1.0,1.3570295485611104,3.3494593998086493,0.5653715430919811,0.8201728525283785,unanimous_remove
twitter_2061221903252230473,3,0,0.0,1.3570295485611104,3.3494593998086493,0.17608920971049702,0.24889425208860305,unanimous_keep
twitter_2061223343265845433,3,1,0.3333333333333333,1.3570295485611104,3.3494593998086493,0.30584998750432507,0.5897241978876234,majority_keep
twitter_2061223699097743384,5,1,0.2,1.3570295485611104,3.3494593998086493,0.24283029230224198,0.42933012008301863,majority_keep
twitter_2061225129435128063,4,1,0.25,1.3570295485611104,3.3494593998086493,0.27072101768445367,0.5068029795233617,majority_keep
twitter_2061227522092589408,5,0,0.0,1.3570295485611104,3.3494593998086493,0.13980642802761636,0.15024769217992295,unanimous_keep
twitter_2061230706408477113,3,0,0.0,1.3570295485611104,3.3494593998086493,0.17608920971049702,0.24889425208860305,unanimous_keep
twitter_2061231010948276598,3,0,0.0,1.3570295485611104,3.3494593998086493,0.17608920971049702,0.24889425208860305,unanimous_keep
twitter_2061235876802228636,5,0,0.0,1.3570295485611104,3.3494593998086493,0.13980642802761636,0.15024769217992295,unanimous_keep
twitter_2061236286933885018,7,0,0.0,1.3570295485611104,3.3494593998086493,0.11592114036464278,0.08959845962246542,unanimous_keep
twitter_2061236485115002891,7,1,0.1428571428571428,1.3570295485611104,3.3494593998086493,0.20134384946302358,0.2991154978075321,majority_keep
twitter_2061249366174937370,3,2,0.6666666666666666,1.3570295485611104,3.3494593998086493,0.4356107652981531,0.8211118630943426,majority_remove
twitter_2061254253843530192,6,3,0.5,1.3570295485611104,3.3494593998086493,0.40695222958452126,0.8471663696105847,tie
twitter_2061256231764017378,3,0,0.0,1.3570295485611104,3.3494593998086493,0.17608920971049702,0.24889425208860305,unanimous_keep
twitter_2061259839897227548,4,1,0.25,1.3570295485611104,3.3494593998086493,0.27072101768445367,0.5068029795233617,majority_keep
twitter_2061266085093969923,5,2,0.4,1.3570295485611104,3.3494593998086493,0.34585415657686763,0.7155023565292364,majority_keep
twitter_2061267297096835097,3,3,1.0,1.3570295485611104,3.3494593998086493,0.5653715430919811,0.8201728525283785,unanimous_remove
twitter_2061273054240518531,3,1,0.3333333333333333,1.3570295485611104,3.3494593998086493,0.30584998750432507,0.5897241978876234,majority_keep
twitter_2061273075174293756,6,4,0.6666666666666666,1.3570295485611104,3.3494593998086493,0.5003535308722106,0.9144837987662224,majority_remove
twitter_2061273316531573203,3,0,0.0,1.3570295485611104,3.3494593998086493,0.17608920971049702,0.24889425208860305,unanimous_keep
twitter_2061284896661016580,4,2,0.5,1.3570295485611104,3.3494593998086493,0.38557787972494867,0.7779202155273284,tie
twitter_2061286246219931800,3,1,0.3333333333333333,1.3570295485611104,3.3494593998086493,0.30584998750432507,0.5897241978876234,majority_keep
twitter_2061287090168438890,3,0,0.0,1.3570295485611104,3.3494593998086493,0.17608920971049702,0.24889425208860305,unanimous_keep
twitter_2061287844346233239,5,0,0.0,1.3570295485611104,3.3494593998086493,0.13980642802761636,0.15024769217992295,unanimous_keep
twitter_2061291454161461337,5,0,0.0,1.3570295485611104,3.3494593998086493,0.13980642802761636,0.15024769217992295,unanimous_keep
twitter_2061300132675522899,3,0,0.0,1.3570295485611104,3.3494593998086493,0.17608920971049702,0.24889425208860305,unanimous_keep
twitter_2061302972982636676,4,1,0.25,1.3570295485611104,3.3494593998086493,0.27072101768445367,0.5068029795233617,majority_keep
twitter_2061310438844068212,3,0,0.0,1.3570295485611104,3.3494593998086493,0.17608920971049702,0.24889425208860305,unanimous_keep
twitter_2061314350929924446,3,1,0.3333333333333333,1.3570295485611104,3.3494593998086493,0.30584998750432507,0.5897241978876234,majority_keep
twitter_2061316750629601344,5,2,0.4,1.3570295485611104,3.3494593998086493,0.34585415657686763,0.7155023565292364,majority_keep
twitter_2061320240412152002,7,1,0.1428571428571428,1.3570295485611104,3.3494593998086493,0.20134384946302358,0.2991154978075321,majority_keep
twitter_2061322996988756133,4,0,0.0,1.3570295485611104,3.3494593998086493,0.15586415564395867,0.19375829088398777,unanimous_keep
twitter_2061323601731793390,3,0,0.0,1.3570295485611104,3.3494593998086493,0.17608920971049702,0.24889425208860305,unanimous_keep
twitter_2061324417712685316,3,0,0.0,1.3570295485611104,3.3494593998086493,0.17608920971049702,0.24889425208860305,unanimous_keep
twitter_2061324795946688594,6,0,0.0,1.3570295485611104,3.3494593998086493,0.1267483257214533,0.11616418362646559,unanimous_keep
twitter_2061326915772813660,5,0,0.0,1.3570295485611104,3.3494593998086493,0.13980642802761636,0.15024769217992295,unanimous_keep
twitter_2061334155334451432,3,0,0.0,1.3570295485611104,3.3494593998086493,0.17608920971049702,0.24889425208860305,unanimous_keep
twitter_2061337058203803876,5,1,0.2,1.3570295485611104,3.3494593998086493,0.24283029230224198,0.42933012008301863,majority_keep
twitter_2061343897645662693,3,1,0.3333333333333333,1.3570295485611104,3.3494593998086493,0.30584998750432507,0.5897241978876234,majority_keep
twitter_2061347183165681688,3,0,0.0,1.3570295485611104,3.3494593998086493,0.17608920971049702,0.24889425208860305,unanimous_keep
twitter_2061347714630078885,5,3,0.6,1.3570295485611104,3.3494593998086493,0.44887802085149325,0.877383683978771,majority_remove
twitter_2061349993609678893,6,2,0.3333333333333333,1.3570295485611104,3.3494593998086493,0.31355092829683195,0.6458901337489713,majority_keep
twitter_2061350776803303478,4,2,0.5,1.3570295485611104,3.3494593998086493,0.38557787972494867,0.7779202155273284,tie
twitter_2061353126733447232,5,2,0.4,1.3570295485611104,3.3494593998086493,0.34585415657686763,0.7155023565292364,majority_keep
twitter_2061357181757186283,5,1,0.2,1.3570295485611104,3.3494593998086493,0.24283029230224198,0.42933012008301863,majority_keep
twitter_2061364109271077037,5,2,0.4,1.3570295485611104,3.3494593998086493,0.34585415657686763,0.7155023565292364,majority_keep
twitter_2061368976253301167,3,1,0.3333333333333333,1.3570295485611104,3.3494593998086493,0.30584998750432507,0.5897241978876234,majority_keep
twitter_2061373271572897968,5,3,0.6,1.3570295485611104,3.3494593998086493,0.44887802085149325,0.877383683978771,majority_remove
twitter_2061377063567688185,4,0,0.0,1.3570295485611104,3.3494593998086493,0.15586415564395867,0.19375829088398777,unanimous_keep
twitter_2061382200050975210,4,1,0.25,1.3570295485611104,3.3494593998086493,0.27072101768445367,0.5068029795233617,majority_keep
twitter_2061385066505437485,3,0,0.0,1.3570295485611104,3.3494593998086493,0.17608920971049702,0.24889425208860305,unanimous_keep
twitter_2061390316351984011,4,1,0.25,1.3570295485611104,3.3494593998086493,0.27072101768445367,0.5068029795233617,majority_keep
twitter_2061392484215996758,4,0,0.0,1.3570295485611104,3.3494593998086493,0.15586415564395867,0.19375829088398777,unanimous_keep
twitter_2061392769462018431,4,1,0.25,1.3570295485611104,3.3494593998086493,0.27072101768445367,0.5068029795233617,majority_keep
twitter_2061393969410392502,6,2,0.3333333333333333,1.3570295485611104,3.3494593998086493,0.31355092829683195,0.6458901337489713,majority_keep
twitter_2061397439936925851,4,0,0.0,1.3570295485611104,3.3494593998086493,0.15586415564395867,0.19375829088398777,unanimous_keep
twitter_2061400163101389222,3,2,0.6666666666666666,1.3570295485611104,3.3494593998086493,0.4356107652981531,0.8211118630943426,majority_remove
twitter_2061400962523091310,4,0,0.0,1.3570295485611104,3.3494593998086493,0.15586415564395867,0.19375829088398777,unanimous_keep
twitter_2061401867750379644,6,3,0.5,1.3570295485611104,3.3494593998086493,0.40695222958452126,0.8471663696105847,tie
twitter_2061402461424812298,3,0,0.0,1.3570295485611104,3.3494593998086493,0.17608920971049702,0.24889425208860305,unanimous_keep
twitter_2061413229440467119,6,2,0.3333333333333333,1.3570295485611104,3.3494593998086493,0.31355092829683195,0.6458901337489713,majority_keep
twitter_2061414874459066406,3,0,0.0,1.3570295485611104,3.3494593998086493,0.17608920971049702,0.24889425208860305,unanimous_keep
twitter_2061415449737437553,4,0,0.0,1.3570295485611104,3.3494593998086493,0.15586415564395867,0.19375829088398777,unanimous_keep
twitter_2061416892850487406,3,0,0.0,1.3570295485611104,3.3494593998086493,0.17608920971049702,0.24889425208860305,unanimous_keep
twitter_2061418023739605025,3,0,0.0,1.3570295485611104,3.3494593998086493,0.17608920971049702,0.24889425208860305,unanimous_keep
twitter_2061418049232658554,4,1,0.25,1.3570295485611104,3.3494593998086493,0.27072101768445367,0.5068029795233617,majority_keep
twitter_2061419437496947047,3,0,0.0,1.3570295485611104,3.3494593998086493,0.17608920971049702,0.24889425208860305,unanimous_keep
twitter_2061423119185707099,3,2,0.6666666666666666,1.3570295485611104,3.3494593998086493,0.4356107652981531,0.8211118630943426,majority_remove
twitter_2061423216325968181,5,0,0.0,1.3570295485611104,3.3494593998086493,0.13980642802761636,0.15024769217992295,unanimous_keep
twitter_2061423942544338990,8,5,0.625,1.3570295485611104,3.3494593998086493,0.5002978851507769,0.9398878458071548,majority_remove
twitter_2061424654628294661,4,1,0.25,1.3570295485611104,3.3494593998086493,0.27072101768445367,0.5068029795233617,majority_keep
twitter_2061427131968520243,3,0,0.0,1.3570295485611104,3.3494593998086493,0.17608920971049702,0.24889425208860305,unanimous_keep
twitter_2061428833807393105,3,0,0.0,1.3570295485611104,3.3494593998086493,0.17608920971049702,0.24889425208860305,unanimous_keep
twitter_2061429808446205993,7,0,0.0,1.3570295485611104,3.3494593998086493,0.11592114036464278,0.08959845962246542,unanimous_keep
twitter_2061432567740440899,3,0,0.0,1.3570295485611104,3.3494593998086493,0.17608920971049702,0.24889425208860305,unanimous_keep
twitter_2061432666616926282,4,1,0.25,1.3570295485611104,3.3494593998086493,0.27072101768445367,0.5068029795233617,majority_keep
twitter_2061432778659381721,3,0,0.0,1.3570295485611104,3.3494593998086493,0.17608920971049702,0.24889425208860305,unanimous_keep
twitter_2061434544780095931,3,0,0.0,1.3570295485611104,3.3494593998086493,0.17608920971049702,0.24889425208860305,unanimous_keep
twitter_2061435072880750895,4,0,0.0,1.3570295485611104,3.3494593998086493,0.15586415564395867,0.19375829088398777,unanimous_keep
twitter_2061435112214925391,3,0,0.0,1.3570295485611104,3.3494593998086493,0.17608920971049702,0.24889425208860305,unanimous_keep
twitter_2061435798650499262,4,1,0.25,1.3570295485611104,3.3494593998086493,0.27072101768445367,0.5068029795233617,majority_keep
twitter_2061436098853962026,3,0,0.0,1.3570295485611104,3.3494593998086493,0.17608920971049702,0.24889425208860305,unanimous_keep
twitter_2061436265854103718,3,0,0.0,1.3570295485611104,3.3494593998086493,0.17608920971049702,0.24889425208860305,unanimous_keep
twitter_2061437370470129700,4,1,0.25,1.3570295485611104,3.3494593998086493,0.27072101768445367,0.5068029795233617,majority_keep
twitter_2061438462876631380,3,0,0.0,1.3570295485611104,3.3494593998086493,0.17608920971049702,0.24889425208860305,unanimous_keep
twitter_2061440299638141369,3,2,0.6666666666666666,1.3570295485611104,3.3494593998086493,0.4356107652981531,0.8211118630943426,majority_remove
twitter_2061440792867086786,4,0,0.0,1.3570295485611104,3.3494593998086493,0.15586415564395867,0.19375829088398777,unanimous_keep
twitter_2061442486774432007,5,2,0.4,1.3570295485611104,3.3494593998086493,0.34585415657686763,0.7155023565292364,majority_keep
twitter_2061444496404168907,7,1,0.1428571428571428,1.3570295485611104,3.3494593998086493,0.20134384946302358,0.2991154978075321,majority_keep
twitter_2061445632330465715,3,0,0.0,1.3570295485611104,3.3494593998086493,0.17608920971049702,0.24889425208860305,unanimous_keep
twitter_2061447842632196607,3,0,0.0,1.3570295485611104,3.3494593998086493,0.17608920971049702,0.24889425208860305,unanimous_keep
twitter_2061448164478214384,3,0,0.0,1.3570295485611104,3.3494593998086493,0.17608920971049702,0.24889425208860305,unanimous_keep
twitter_2061448212435648941,3,0,0.0,1.3570295485611104,3.3494593998086493,0.17608920971049702,0.24889425208860305,unanimous_keep
twitter_2061448464249024840,3,0,0.0,1.3570295485611104,3.3494593998086493,0.17608920971049702,0.24889425208860305,unanimous_keep
twitter_2061452521760055351,9,7,0.7777777777777778,1.3570295485611104,3.3494593998086493,0.6097133686125424,0.8585244762460954,majority_remove
twitter_2061452847384801382,3,0,0.0,1.3570295485611104,3.3494593998086493,0.17608920971049702,0.24889425208860305,unanimous_keep
twitter_2061453414978982337,3,0,0.0,1.3570295485611104,3.3494593998086493,0.17608920971049702,0.24889425208860305,unanimous_keep
twitter_2061453938390712430,4,0,0.0,1.3570295485611104,3.3494593998086493,0.15586415564395867,0.19375829088398777,unanimous_keep
twitter_2061455606419243366,3,1,0.3333333333333333,1.3570295485611104,3.3494593998086493,0.30584998750432507,0.5897241978876234,majority_keep
twitter_2061456035634659536,4,0,0.0,1.3570295485611104,3.3494593998086493,0.15586415564395867,0.19375829088398777,unanimous_keep
twitter_2061456465110655167,4,1,0.25,1.3570295485611104,3.3494593998086493,0.27072101768445367,0.5068029795233617,majority_keep
twitter_2061456479270453264,4,3,0.75,1.3570295485611104,3.3494593998086493,0.5004347417654437,0.877072144291462,majority_remove
twitter_2061457015210467436,3,1,0.3333333333333333,1.3570295485611104,3.3494593998086493,0.30584998750432507,0.5897241978876234,majority_keep
twitter_2061458491051549114,6,1,0.1666666666666666,1.3570295485611104,3.3494593998086493,0.22014962700914262,0.35987758399354103,majority_keep
twitter_2061460380212236366,4,0,0.0,1.3570295485611104,3.3494593998086493,0.15586415564395867,0.19375829088398777,unanimous_keep
twitter_2061461782170943708,4,1,0.25,1.3570295485611104,3.3494593998086493,0.27072101768445367,0.5068029795233617,majority_keep
twitter_2061462503117258959,4,1,0.25,1.3570295485611104,3.3494593998086493,0.27072101768445367,0.5068029795233617,majority_keep
twitter_2061462615000317972,4,0,0.0,1.3570295485611104,3.3494593998086493,0.15586415564395867,0.19375829088398777,unanimous_keep
twitter_2061462709095330190,4,1,0.25,1.3570295485611104,3.3494593998086493,0.27072101768445367,0.5068029795233617,majority_keep
twitter_2061463002042232917,4,1,0.25,1.3570295485611104,3.3494593998086493,0.27072101768445367,0.5068029795233617,majority_keep
twitter_2061464874677325928,3,0,0.0,1.3570295485611104,3.3494593998086493,0.17608920971049702,0.24889425208860305,unanimous_keep
twitter_2061466289613541635,3,1,0.3333333333333333,1.3570295485611104,3.3494593998086493,0.30584998750432507,0.5897241978876234,majority_keep
twitter_2061467569052110866,6,3,0.5,1.3570295485611104,3.3494593998086493,0.40695222958452126,0.8471663696105847,tie
twitter_2061467874120679813,5,0,0.0,1.3570295485611104,3.3494593998086493,0.13980642802761636,0.15024769217992295,unanimous_keep
twitter_2061468816266117314,3,0,0.0,1.3570295485611104,3.3494593998086493,0.17608920971049702,0.24889425208860305,unanimous_keep
twitter_2061468948592460204,4,1,0.25,1.3570295485611104,3.3494593998086493,0.27072101768445367,0.5068029795233617,majority_keep
twitter_2061469766632530431,3,0,0.0,1.3570295485611104,3.3494593998086493,0.17608920971049702,0.24889425208860305,unanimous_keep
twitter_2061470388702376129,5,0,0.0,1.3570295485611104,3.3494593998086493,0.13980642802761636,0.15024769217992295,unanimous_keep
twitter_2061470710275387697,3,2,0.6666666666666666,1.3570295485611104,3.3494593998086493,0.4356107652981531,0.8211118630943426,majority_remove
twitter_2061471278343819431,3,1,0.3333333333333333,1.3570295485611104,3.3494593998086493,0.30584998750432507,0.5897241978876234,majority_keep
twitter_2061471565439451569,3,0,0.0,1.3570295485611104,3.3494593998086493,0.17608920971049702,0.24889425208860305,unanimous_keep
twitter_2061471721769615564,3,0,0.0,1.3570295485611104,3.3494593998086493,0.17608920971049702,0.24889425208860305,unanimous_keep
twitter_2061471806045687921,3,1,0.3333333333333333,1.3570295485611104,3.3494593998086493,0.30584998750432507,0.5897241978876234,majority_keep
twitter_2061471986811826307,4,2,0.5,1.3570295485611104,3.3494593998086493,0.38557787972494867,0.7779202155273284,tie
twitter_2061472652334694864,3,1,0.3333333333333333,1.3570295485611104,3.3494593998086493,0.30584998750432507,0.5897241978876234,majority_keep
twitter_2061472760719614146,5,2,0.4,1.3570295485611104,3.3494593998086493,0.34585415657686763,0.7155023565292364,majority_keep
twitter_2061473448946250097,3,1,0.3333333333333333,1.3570295485611104,3.3494593998086493,0.30584998750432507,0.5897241978876234,majority_keep
twitter_2061473931371139137,3,0,0.0,1.3570295485611104,3.3494593998086493,0.17608920971049702,0.24889425208860305,unanimous_keep
twitter_2061474360452317677,6,1,0.1666666666666666,1.3570295485611104,3.3494593998086493,0.22014962700914262,0.35987758399354103,majority_keep
twitter_2061475681226121270,4,1,0.25,1.3570295485611104,3.3494593998086493,0.27072101768445367,0.5068029795233617,majority_keep
twitter_2061475899539636271,4,0,0.0,1.3570295485611104,3.3494593998086493,0.15586415564395867,0.19375829088398777,unanimous_keep
twitter_2061476384006967756,5,2,0.4,1.3570295485611104,3.3494593998086493,0.34585415657686763,0.7155023565292364,majority_keep
twitter_2061476819757330924,3,2,0.6666666666666666,1.3570295485611104,3.3494593998086493,0.4356107652981531,0.8211118630943426,majority_remove
twitter_2061477646731493524,3,0,0.0,1.3570295485611104,3.3494593998086493,0.17608920971049702,0.24889425208860305,unanimous_keep
twitter_2061477887715213396,3,0,0.0,1.3570295485611104,3.3494593998086493,0.17608920971049702,0.24889425208860305,unanimous_keep
twitter_2061477892706439476,5,0,0.0,1.3570295485611104,3.3494593998086493,0.13980642802761636,0.15024769217992295,unanimous_keep
twitter_2061477910364532774,4,1,0.25,1.3570295485611104,3.3494593998086493,0.27072101768445367,0.5068029795233617,majority_keep
twitter_2061477973220335819,3,1,0.3333333333333333,1.3570295485611104,3.3494593998086493,0.30584998750432507,0.5897241978876234,majority_keep
twitter_2061479124078575784,3,0,0.0,1.3570295485611104,3.3494593998086493,0.17608920971049702,0.24889425208860305,unanimous_keep
twitter_2061479139207442913,3,3,1.0,1.3570295485611104,3.3494593998086493,0.5653715430919811,0.8201728525283785,unanimous_remove
twitter_2061479497895993622,4,0,0.0,1.3570295485611104,3.3494593998086493,0.15586415564395867,0.19375829088398777,unanimous_keep
twitter_2061479572202209520,3,1,0.3333333333333333,1.3570295485611104,3.3494593998086493,0.30584998750432507,0.5897241978876234,majority_keep
twitter_2061481017198682249,3,0,0.0,1.3570295485611104,3.3494593998086493,0.17608920971049702,0.24889425208860305,unanimous_keep
twitter_2061481354320019900,3,1,0.3333333333333333,1.3570295485611104,3.3494593998086493,0.30584998750432507,0.5897241978876234,majority_keep
twitter_2061483850782609452,5,2,0.4,1.3570295485611104,3.3494593998086493,0.34585415657686763,0.7155023565292364,majority_keep
twitter_2061484264978575823,4,0,0.0,1.3570295485611104,3.3494593998086493,0.15586415564395867,0.19375829088398777,unanimous_keep
twitter_2061484925778366888,4,1,0.25,1.3570295485611104,3.3494593998086493,0.27072101768445367,0.5068029795233617,majority_keep
twitter_2061485451228106872,4,0,0.0,1.3570295485611104,3.3494593998086493,0.15586415564395867,0.19375829088398777,unanimous_keep
twitter_2061486632432197643,6,4,0.6666666666666666,1.3570295485611104,3.3494593998086493,0.5003535308722106,0.9144837987662224,majority_remove
twitter_2061486685993803848,6,3,0.5,1.3570295485611104,3.3494593998086493,0.40695222958452126,0.8471663696105847,tie
twitter_2061486778654097672,5,1,0.2,1.3570295485611104,3.3494593998086493,0.24283029230224198,0.42933012008301863,majority_keep
twitter_2061489029950910977,3,0,0.0,1.3570295485611104,3.3494593998086493,0.17608920971049702,0.24889425208860305,unanimous_keep
twitter_2061489105381331339,3,0,0.0,1.3570295485611104,3.3494593998086493,0.17608920971049702,0.24889425208860305,unanimous_keep
twitter_2061490140950716746,3,1,0.3333333333333333,1.3570295485611104,3.3494593998086493,0.30584998750432507,0.5897241978876234,majority_keep
twitter_2061491430716219660,3,1,0.3333333333333333,1.3570295485611104,3.3494593998086493,0.30584998750432507,0.5897241978876234,majority_keep
twitter_2061493148044366263,3,0,0.0,1.3570295485611104,3.3494593998086493,0.17608920971049702,0.24889425208860305,unanimous_keep
twitter_2061493566430482496,3,0,0.0,1.3570295485611104,3.3494593998086493,0.17608920971049702,0.24889425208860305,unanimous_keep
twitter_2061493873499640114,3,1,0.3333333333333333,1.3570295485611104,3.3494593998086493,0.30584998750432507,0.5897241978876234,majority_keep
twitter_2061494752780939642,3,1,0.3333333333333333,1.3570295485611104,3.3494593998086493,0.30584998750432507,0.5897241978876234,majority_keep
twitter_2061495233393631526,3,0,0.0,1.3570295485611104,3.3494593998086493,0.17608920971049702,0.24889425208860305,unanimous_keep
twitter_2061495821007229121,3,0,0.0,1.3570295485611104,3.3494593998086493,0.17608920971049702,0.24889425208860305,unanimous_keep
twitter_2061495979669344639,3,0,0.0,1.3570295485611104,3.3494593998086493,0.17608920971049702,0.24889425208860305,unanimous_keep
twitter_2061496609129848931,4,1,0.25,1.3570295485611104,3.3494593998086493,0.27072101768445367,0.5068029795233617,majority_keep
twitter_2061496839216529854,4,0,0.0,1.3570295485611104,3.3494593998086493,0.15586415564395867,0.19375829088398777,unanimous_keep
twitter_2061497283984888293,6,1,0.1666666666666666,1.3570295485611104,3.3494593998086493,0.22014962700914262,0.35987758399354103,majority_keep
twitter_2061498615227625951,3,2,0.6666666666666666,1.3570295485611104,3.3494593998086493,0.4356107652981531,0.8211118630943426,majority_remove
twitter_2061499626788991052,3,0,0.0,1.3570295485611104,3.3494593998086493,0.17608920971049702,0.24889425208860305,unanimous_keep
twitter_2061500625360142703,3,0,0.0,1.3570295485611104,3.3494593998086493,0.17608920971049702,0.24889425208860305,unanimous_keep
twitter_2061501409065894136,5,2,0.4,1.3570295485611104,3.3494593998086493,0.34585415657686763,0.7155023565292364,majority_keep
twitter_2061501762754756943,4,3,0.75,1.3570295485611104,3.3494593998086493,0.5004347417654437,0.877072144291462,majority_remove
twitter_2061502284031283600,3,0,0.0,1.3570295485611104,3.3494593998086493,0.17608920971049702,0.24889425208860305,unanimous_keep
twitter_2061503409417552277,3,1,0.3333333333333333,1.3570295485611104,3.3494593998086493,0.30584998750432507,0.5897241978876234,majority_keep
twitter_2061504370450248175,4,0,0.0,1.3570295485611104,3.3494593998086493,0.15586415564395867,0.19375829088398777,unanimous_keep
twitter_2061504991550931364,3,0,0.0,1.3570295485611104,3.3494593998086493,0.17608920971049702,0.24889425208860305,unanimous_keep
twitter_2061504996642816139,3,0,0.0,1.3570295485611104,3.3494593998086493,0.17608920971049702,0.24889425208860305,unanimous_keep
twitter_2061507149574951112,3,0,0.0,1.3570295485611104,3.3494593998086493,0.17608920971049702,0.24889425208860305,unanimous_keep
twitter_2061507553222107277,3,1,0.3333333333333333,1.3570295485611104,3.3494593998086493,0.30584998750432507,0.5897241978876234,majority_keep
twitter_2061507754666189157,3,2,0.6666666666666666,1.3570295485611104,3.3494593998086493,0.4356107652981531,0.8211118630943426,majority_remove
twitter_2061507833602928803,3,2,0.6666666666666666,1.3570295485611104,3.3494593998086493,0.4356107652981531,0.8211118630943426,majority_remove
twitter_2061509768963842440,3,0,0.0,1.3570295485611104,3.3494593998086493,0.17608920971049702,0.24889425208860305,unanimous_keep
twitter_2061510392212529172,6,0,0.0,1.3570295485611104,3.3494593998086493,0.1267483257214533,0.11616418362646559,unanimous_keep
twitter_2061511616223445480,4,0,0.0,1.3570295485611104,3.3494593998086493,0.15586415564395867,0.19375829088398777,unanimous_keep
twitter_2061513964308345235,6,4,0.6666666666666666,1.3570295485611104,3.3494593998086493,0.5003535308722106,0.9144837987662224,majority_remove
twitter_2061514289870000591,3,0,0.0,1.3570295485611104,3.3494593998086493,0.17608920971049702,0.24889425208860305,unanimous_keep
twitter_2061516653746352187,4,0,0.0,1.3570295485611104,3.3494593998086493,0.15586415564395867,0.19375829088398777,unanimous_keep
twitter_2061518814613782857,4,1,0.25,1.3570295485611104,3.3494593998086493,0.27072101768445367,0.5068029795233617,majority_keep
twitter_2061519977262231706,6,4,0.6666666666666666,1.3570295485611104,3.3494593998086493,0.5003535308722106,0.9144837987662224,majority_remove
twitter_2061520951783637484,4,2,0.5,1.3570295485611104,3.3494593998086493,0.38557787972494867,0.7779202155273284,tie
twitter_2061521903311823144,4,1,0.25,1.3570295485611104,3.3494593998086493,0.27072101768445367,0.5068029795233617,majority_keep
twitter_2061521975747445230,3,0,0.0,1.3570295485611104,3.3494593998086493,0.17608920971049702,0.24889425208860305,unanimous_keep
twitter_2061522371891393004,3,0,0.0,1.3570295485611104,3.3494593998086493,0.17608920971049702,0.24889425208860305,unanimous_keep
twitter_2061522834820829620,4,1,0.25,1.3570295485611104,3.3494593998086493,0.27072101768445367,0.5068029795233617,majority_keep
twitter_2061523174458540210,6,0,0.0,1.3570295485611104,3.3494593998086493,0.1267483257214533,0.11616418362646559,unanimous_keep
twitter_2061523424355275156,3,0,0.0,1.3570295485611104,3.3494593998086493,0.17608920971049702,0.24889425208860305,unanimous_keep
twitter_2061523963071864965,4,0,0.0,1.3570295485611104,3.3494593998086493,0.15586415564395867,0.19375829088398777,unanimous_keep
twitter_2061524380115464597,4,0,0.0,1.3570295485611104,3.3494593998086493,0.15586415564395867,0.19375829088398777,unanimous_keep
twitter_2061524543286452699,3,0,0.0,1.3570295485611104,3.3494593998086493,0.17608920971049702,0.24889425208860305,unanimous_keep
twitter_2061524657560252680,3,0,0.0,1.3570295485611104,3.3494593998086493,0.17608920971049702,0.24889425208860305,unanimous_keep
twitter_2061525682480447868,6,1,0.1666666666666666,1.3570295485611104,3.3494593998086493,0.22014962700914262,0.35987758399354103,majority_keep
twitter_2061526476034355283,4,0,0.0,1.3570295485611104,3.3494593998086493,0.15586415564395867,0.19375829088398777,unanimous_keep
twitter_2061527275791880332,3,0,0.0,1.3570295485611104,3.3494593998086493,0.17608920971049702,0.24889425208860305,unanimous_keep
twitter_2061528144314601497,3,2,0.6666666666666666,1.3570295485611104,3.3494593998086493,0.4356107652981531,0.8211118630943426,majority_remove
twitter_2061528539128648031,4,0,0.0,1.3570295485611104,3.3494593998086493,0.15586415564395867,0.19375829088398777,unanimous_keep
twitter_2061529349250253260,4,0,0.0,1.3570295485611104,3.3494593998086493,0.15586415564395867,0.19375829088398777,unanimous_keep
twitter_2061530700633833774,4,0,0.0,1.3570295485611104,3.3494593998086493,0.15586415564395867,0.19375829088398777,unanimous_keep
twitter_2061531894299369582,3,2,0.6666666666666666,1.3570295485611104,3.3494593998086493,0.4356107652981531,0.8211118630943426,majority_remove
twitter_2061532824813936853,3,0,0.0,1.3570295485611104,3.3494593998086493,0.17608920971049702,0.24889425208860305,unanimous_keep
twitter_2061532873908511090,4,2,0.5,1.3570295485611104,3.3494593998086493,0.38557787972494867,0.7779202155273284,tie
twitter_2061532971732263114,9,6,0.6666666666666666,1.3570295485611104,3.3494593998086493,0.5367552242061341,0.9397420798445433,majority_remove
twitter_2061533290360647769,4,2,0.5,1.3570295485611104,3.3494593998086493,0.38557787972494867,0.7779202155273284,tie
twitter_2061533564051616039,7,3,0.4285714285714285,1.3570295485611104,3.3494593998086493,0.3721892676597852,0.800827684200982,majority_keep
twitter_2061534723923718441,4,2,0.5,1.3570295485611104,3.3494593998086493,0.38557787972494867,0.7779202155273284,tie
twitter_2061535437328355703,5,0,0.0,1.3570295485611104,3.3494593998086493,0.13980642802761636,0.15024769217992295,unanimous_keep
twitter_2061536095054041500,8,2,0.25,1.3570295485611104,3.3494593998086493,0.2641980457545525,0.5064443519420101,majority_keep
twitter_2061536446180438205,4,0,0.0,1.3570295485611104,3.3494593998086493,0.15586415564395867,0.19375829088398777,unanimous_keep
twitter_2061536499137761580,3,1,0.3333333333333333,1.3570295485611104,3.3494593998086493,0.30584998750432507,0.5897241978876234,majority_keep
twitter_2061537355740188783,3,0,0.0,1.3570295485611104,3.3494593998086493,0.17608920971049702,0.24889425208860305,unanimous_keep
twitter_2061538317842157780,4,0,0.0,1.3570295485611104,3.3494593998086493,0.15586415564395867,0.19375829088398777,unanimous_keep
twitter_2061538553151230251,5,0,0.0,1.3570295485611104,3.3494593998086493,0.13980642802761636,0.15024769217992295,unanimous_keep
twitter_2061539084825207005,4,0,0.0,1.3570295485611104,3.3494593998086493,0.15586415564395867,0.19375829088398777,unanimous_keep
twitter_2061539103053849020,4,0,0.0,1.3570295485611104,3.3494593998086493,0.15586415564395867,0.19375829088398777,unanimous_keep
twitter_2061539132615098504,3,0,0.0,1.3570295485611104,3.3494593998086493,0.17608920971049702,0.24889425208860305,unanimous_keep
twitter_2061539702881079788,3,1,0.3333333333333333,1.3570295485611104,3.3494593998086493,0.30584998750432507,0.5897241978876234,majority_keep
twitter_2061539866786005010,3,0,0.0,1.3570295485611104,3.3494593998086493,0.17608920971049702,0.24889425208860305,unanimous_keep
twitter_2061541440388243817,8,2,0.25,1.3570295485611104,3.3494593998086493,0.2641980457545525,0.5064443519420101,majority_keep
twitter_2061542737720099035,5,1,0.2,1.3570295485611104,3.3494593998086493,0.24283029230224198,0.42933012008301863,majority_keep
twitter_2061543307449123204,3,0,0.0,1.3570295485611104,3.3494593998086493,0.17608920971049702,0.24889425208860305,unanimous_keep
twitter_2061543605030760840,5,0,0.0,1.3570295485611104,3.3494593998086493,0.13980642802761636,0.15024769217992295,unanimous_keep
twitter_2061543837730832512,3,1,0.3333333333333333,1.3570295485611104,3.3494593998086493,0.30584998750432507,0.5897241978876234,majority_keep
twitter_2061543962910089583,4,2,0.5,1.3570295485611104,3.3494593998086493,0.38557787972494867,0.7779202155273284,tie
twitter_2061544496442052989,3,0,0.0,1.3570295485611104,3.3494593998086493,0.17608920971049702,0.24889425208860305,unanimous_keep
twitter_2061544617795801480,3,1,0.3333333333333333,1.3570295485611104,3.3494593998086493,0.30584998750432507,0.5897241978876234,majority_keep
twitter_2061544960726303109,7,5,0.7142857142857143,1.3570295485611104,3.3494593998086493,0.5430346858565469,0.9142725834471024,majority_remove
twitter_2061545662307561682,6,0,0.0,1.3570295485611104,3.3494593998086493,0.1267483257214533,0.11616418362646559,unanimous_keep
twitter_2061546008685727902,3,0,0.0,1.3570295485611104,3.3494593998086493,0.17608920971049702,0.24889425208860305,unanimous_keep
twitter_2061547420748578936,3,0,0.0,1.3570295485611104,3.3494593998086493,0.17608920971049702,0.24889425208860305,unanimous_keep
twitter_2061548323366953038,3,0,0.0,1.3570295485611104,3.3494593998086493,0.17608920971049702,0.24889425208860305,unanimous_keep
twitter_2061549070464999793,3,0,0.0,1.3570295485611104,3.3494593998086493,0.17608920971049702,0.24889425208860305,unanimous_keep
twitter_2061549339005046951,4,2,0.5,1.3570295485611104,3.3494593998086493,0.38557787972494867,0.7779202155273284,tie
twitter_2061551144019657128,3,0,0.0,1.3570295485611104,3.3494593998086493,0.17608920971049702,0.24889425208860305,unanimous_keep
twitter_2061551170833858997,4,0,0.0,1.3570295485611104,3.3494593998086493,0.15586415564395867,0.19375829088398777,unanimous_keep
twitter_2061551820212723789,4,2,0.5,1.3570295485611104,3.3494593998086493,0.38557787972494867,0.7779202155273284,tie
twitter_2061551986781069482,3,1,0.3333333333333333,1.3570295485611104,3.3494593998086493,0.30584998750432507,0.5897241978876234,majority_keep
twitter_2061552537124135008,6,3,0.5,1.3570295485611104,3.3494593998086493,0.40695222958452126,0.8471663696105847,tie
twitter_2061553200524599340,3,0,0.0,1.3570295485611104,3.3494593998086493,0.17608920971049702,0.24889425208860305,unanimous_keep
twitter_2061553393869443128,5,1,0.2,1.3570295485611104,3.3494593998086493,0.24283029230224198,0.42933012008301863,majority_keep
twitter_2061553395043832298,3,0,0.0,1.3570295485611104,3.3494593998086493,0.17608920971049702,0.24889425208860305,unanimous_keep
twitter_2061553429034467653,3,0,0.0,1.3570295485611104,3.3494593998086493,0.17608920971049702,0.24889425208860305,unanimous_keep
twitter_2061553552896483343,5,1,0.2,1.3570295485611104,3.3494593998086493,0.24283029230224198,0.42933012008301863,majority_keep
twitter_2061554055978311844,4,3,0.75,1.3570295485611104,3.3494593998086493,0.5004347417654437,0.877072144291462,majority_remove
twitter_2061554111032730017,3,1,0.3333333333333333,1.3570295485611104,3.3494593998086493,0.30584998750432507,0.5897241978876234,majority_keep
twitter_2061554920180891977,3,0,0.0,1.3570295485611104,3.3494593998086493,0.17608920971049702,0.24889425208860305,unanimous_keep
twitter_2061555941875601534,4,0,0.0,1.3570295485611104,3.3494593998086493,0.15586415564395867,0.19375829088398777,unanimous_keep
twitter_2061556346604970193,4,2,0.5,1.3570295485611104,3.3494593998086493,0.38557787972494867,0.7779202155273284,tie
twitter_2061556509344186830,5,0,0.0,1.3570295485611104,3.3494593998086493,0.13980642802761636,0.15024769217992295,unanimous_keep
twitter_2061557003822956603,3,3,1.0,1.3570295485611104,3.3494593998086493,0.5653715430919811,0.8201728525283785,unanimous_remove
twitter_2061557742591226239,4,1,0.25,1.3570295485611104,3.3494593998086493,0.27072101768445367,0.5068029795233617,majority_keep
twitter_2061558164852482284,3,0,0.0,1.3570295485611104,3.3494593998086493,0.17608920971049702,0.24889425208860305,unanimous_keep
twitter_2061558316703072725,3,2,0.6666666666666666,1.3570295485611104,3.3494593998086493,0.4356107652981531,0.8211118630943426,majority_remove
twitter_2061558904975217053,4,0,0.0,1.3570295485611104,3.3494593998086493,0.15586415564395867,0.19375829088398777,unanimous_keep
twitter_2061559005034479762,3,0,0.0,1.3570295485611104,3.3494593998086493,0.17608920971049702,0.24889425208860305,unanimous_keep
twitter_2061559520069898643,3,2,0.6666666666666666,1.3570295485611104,3.3494593998086493,0.4356107652981531,0.8211118630943426,majority_remove
twitter_2061559756838318425,3,2,0.6666666666666666,1.3570295485611104,3.3494593998086493,0.4356107652981531,0.8211118630943426,majority_remove
twitter_2061560226629714094,3,2,0.6666666666666666,1.3570295485611104,3.3494593998086493,0.4356107652981531,0.8211118630943426,majority_remove
twitter_2061560375343009911,3,0,0.0,1.3570295485611104,3.3494593998086493,0.17608920971049702,0.24889425208860305,unanimous_keep
twitter_2061560732726985172,4,1,0.25,1.3570295485611104,3.3494593998086493,0.27072101768445367,0.5068029795233617,majority_keep
twitter_2061560769095819511,3,1,0.3333333333333333,1.3570295485611104,3.3494593998086493,0.30584998750432507,0.5897241978876234,majority_keep
twitter_2061561360157204970,6,2,0.3333333333333333,1.3570295485611104,3.3494593998086493,0.31355092829683195,0.6458901337489713,majority_keep
twitter_2061561579037159919,7,6,0.8571428571428571,1.3570295485611104,3.3494593998086493,0.6284573949549277,0.7995129736991937,majority_remove
twitter_2061562364852384103,5,1,0.2,1.3570295485611104,3.3494593998086493,0.24283029230224198,0.42933012008301863,majority_keep
twitter_2061562921373618283,3,1,0.3333333333333333,1.3570295485611104,3.3494593998086493,0.30584998750432507,0.5897241978876234,majority_keep
twitter_2061563285221019714,8,1,0.125,1.3570295485611104,3.3494593998086493,0.18549809928914443,0.2468471699588298,majority_keep
twitter_2061564080792494417,4,1,0.25,1.3570295485611104,3.3494593998086493,0.27072101768445367,0.5068029795233617,majority_keep
twitter_2061565214529630679,3,1,0.3333333333333333,1.3570295485611104,3.3494593998086493,0.30584998750432507,0.5897241978876234,majority_keep
twitter_2061566407058337905,4,1,0.25,1.3570295485611104,3.3494593998086493,0.27072101768445367,0.5068029795233617,majority_keep
twitter_2061567089517961656,4,1,0.25,1.3570295485611104,3.3494593998086493,0.27072101768445367,0.5068029795233617,majority_keep
twitter_2061567417307091320,3,1,0.3333333333333333,1.3570295485611104,3.3494593998086493,0.30584998750432507,0.5897241978876234,majority_keep
twitter_2061568181806723538,3,0,0.0,1.3570295485611104,3.3494593998086493,0.17608920971049702,0.24889425208860305,unanimous_keep
twitter_2061568324186632424,4,0,0.0,1.3570295485611104,3.3494593998086493,0.15586415564395867,0.19375829088398777,unanimous_keep
twitter_2061568507087622370,5,0,0.0,1.3570295485611104,3.3494593998086493,0.13980642802761636,0.15024769217992295,unanimous_keep
twitter_2061568649367023949,4,0,0.0,1.3570295485611104,3.3494593998086493,0.15586415564395867,0.19375829088398777,unanimous_keep
twitter_2061569049780466016,4,0,0.0,1.3570295485611104,3.3494593998086493,0.15586415564395867,0.19375829088398777,unanimous_keep
twitter_2061569742343741653,5,0,0.0,1.3570295485611104,3.3494593998086493,0.13980642802761636,0.15024769217992295,unanimous_keep
twitter_2061570008086413562,4,1,0.25,1.3570295485611104,3.3494593998086493,0.27072101768445367,0.5068029795233617,majority_keep
twitter_2061570565593280575,4,0,0.0,1.3570295485611104,3.3494593998086493,0.15586415564395867,0.19375829088398777,unanimous_keep
twitter_2061571892926959971,7,2,0.2857142857142857,1.3570295485611104,3.3494593998086493,0.28676655856140437,0.575118950925259,majority_keep
twitter_2061571983586816368,3,1,0.3333333333333333,1.3570295485611104,3.3494593998086493,0.30584998750432507,0.5897241978876234,majority_keep
twitter_2061572020467352059,5,1,0.2,1.3570295485611104,3.3494593998086493,0.24283029230224198,0.42933012008301863,majority_keep
twitter_2061573998144626952,3,1,0.3333333333333333,1.3570295485611104,3.3494593998086493,0.30584998750432507,0.5897241978876234,majority_keep
twitter_2061574106944766332,5,0,0.0,1.3570295485611104,3.3494593998086493,0.13980642802761636,0.15024769217992295,unanimous_keep
twitter_2061575130166563221,3,0,0.0,1.3570295485611104,3.3494593998086493,0.17608920971049702,0.24889425208860305,unanimous_keep
twitter_2061576156176916814,3,0,0.0,1.3570295485611104,3.3494593998086493,0.17608920971049702,0.24889425208860305,unanimous_keep
twitter_2061576511853940916,3,0,0.0,1.3570295485611104,3.3494593998086493,0.17608920971049702,0.24889425208860305,unanimous_keep
twitter_2061578869702901913,4,3,0.75,1.3570295485611104,3.3494593998086493,0.5004347417654437,0.877072144291462,majority_remove
twitter_2061579013500600524,3,1,0.3333333333333333,1.3570295485611104,3.3494593998086493,0.30584998750432507,0.5897241978876234,majority_keep
twitter_2061579134539538908,3,1,0.3333333333333333,1.3570295485611104,3.3494593998086493,0.30584998750432507,0.5897241978876234,majority_keep
twitter_2061579187463352515,4,1,0.25,1.3570295485611104,3.3494593998086493,0.27072101768445367,0.5068029795233617,majority_keep
twitter_2061579812104184052,3,0,0.0,1.3570295485611104,3.3494593998086493,0.17608920971049702,0.24889425208860305,unanimous_keep
twitter_2061580289004965896,5,1,0.2,1.3570295485611104,3.3494593998086493,0.24283029230224198,0.42933012008301863,majority_keep
twitter_2061580924731744377,3,0,0.0,1.3570295485611104,3.3494593998086493,0.17608920971049702,0.24889425208860305,unanimous_keep
twitter_2061581342379274520,3,0,0.0,1.3570295485611104,3.3494593998086493,0.17608920971049702,0.24889425208860305,unanimous_keep
twitter_2061581682403320203,4,0,0.0,1.3570295485611104,3.3494593998086493,0.15586415564395867,0.19375829088398777,unanimous_keep
twitter_2061581952411476383,3,1,0.3333333333333333,1.3570295485611104,3.3494593998086493,0.30584998750432507,0.5897241978876234,majority_keep
twitter_2061583583710756947,3,2,0.6666666666666666,1.3570295485611104,3.3494593998086493,0.4356107652981531,0.8211118630943426,majority_remove
twitter_2061583664790569246,3,0,0.0,1.3570295485611104,3.3494593998086493,0.17608920971049702,0.24889425208860305,unanimous_keep
twitter_2061584001094070764,4,0,0.0,1.3570295485611104,3.3494593998086493,0.15586415564395867,0.19375829088398777,unanimous_keep
twitter_2061584395891306676,4,2,0.5,1.3570295485611104,3.3494593998086493,0.38557787972494867,0.7779202155273284,tie
twitter_2061586690397921638,3,1,0.3333333333333333,1.3570295485611104,3.3494593998086493,0.30584998750432507,0.5897241978876234,majority_keep
twitter_2061586780835512463,3,3,1.0,1.3570295485611104,3.3494593998086493,0.5653715430919811,0.8201728525283785,unanimous_remove
twitter_2061587508295790950,3,0,0.0,1.3570295485611104,3.3494593998086493,0.17608920971049702,0.24889425208860305,unanimous_keep
twitter_2061587563891114388,4,2,0.5,1.3570295485611104,3.3494593998086493,0.38557787972494867,0.7779202155273284,tie
twitter_2061588552899788982,3,0,0.0,1.3570295485611104,3.3494593998086493,0.17608920971049702,0.24889425208860305,unanimous_keep
twitter_2061588894705918334,3,2,0.6666666666666666,1.3570295485611104,3.3494593998086493,0.4356107652981531,0.8211118630943426,majority_remove
twitter_2061589330217648469,3,2,0.6666666666666666,1.3570295485611104,3.3494593998086493,0.4356107652981531,0.8211118630943426,majority_remove
twitter_2061590295935066530,3,2,0.6666666666666666,1.3570295485611104,3.3494593998086493,0.4356107652981531,0.8211118630943426,majority_remove
twitter_2061590545890177136,3,0,0.0,1.3570295485611104,3.3494593998086493,0.17608920971049702,0.24889425208860305,unanimous_keep
twitter_2061590922140524609,4,0,0.0,1.3570295485611104,3.3494593998086493,0.15586415564395867,0.19375829088398777,unanimous_keep
twitter_2061590939261432299,4,2,0.5,1.3570295485611104,3.3494593998086493,0.38557787972494867,0.7779202155273284,tie
twitter_2061590997449285777,4,2,0.5,1.3570295485611104,3.3494593998086493,0.38557787972494867,0.7779202155273284,tie
twitter_2061591122095612409,3,1,0.3333333333333333,1.3570295485611104,3.3494593998086493,0.30584998750432507,0.5897241978876234,majority_keep
twitter_2061592164346274018,3,1,0.3333333333333333,1.3570295485611104,3.3494593998086493,0.30584998750432507,0.5897241978876234,majority_keep
twitter_2061592620527194248,3,1,0.3333333333333333,1.3570295485611104,3.3494593998086493,0.30584998750432507,0.5897241978876234,majority_keep
twitter_2061593922267132149,3,0,0.0,1.3570295485611104,3.3494593998086493,0.17608920971049702,0.24889425208860305,unanimous_keep
twitter_2061594098172346658,6,4,0.6666666666666666,1.3570295485611104,3.3494593998086493,0.5003535308722106,0.9144837987662224,majority_remove
twitter_2061594787833123278,3,0,0.0,1.3570295485611104,3.3494593998086493,0.17608920971049702,0.24889425208860305,unanimous_keep
twitter_2061594906594791853,4,2,0.5,1.3570295485611104,3.3494593998086493,0.38557787972494867,0.7779202155273284,tie
twitter_2061596562610864338,3,0,0.0,1.3570295485611104,3.3494593998086493,0.17608920971049702,0.24889425208860305,unanimous_keep
twitter_2061596946373189772,3,2,0.6666666666666666,1.3570295485611104,3.3494593998086493,0.4356107652981531,0.8211118630943426,majority_remove
twitter_2061596969961697390,6,6,1.0,1.3570295485611104,3.3494593998086493,0.6871561334475892,0.6439235665864464,unanimous_remove
twitter_2061598896032518595,3,0,0.0,1.3570295485611104,3.3494593998086493,0.17608920971049702,0.24889425208860305,unanimous_keep
twitter_2061601463101530262,4,0,0.0,1.3570295485611104,3.3494593998086493,0.15586415564395867,0.19375829088398777,unanimous_keep
twitter_2061601576985510174,3,1,0.3333333333333333,1.3570295485611104,3.3494593998086493,0.30584998750432507,0.5897241978876234,majority_keep
twitter_2061602483030372777,4,0,0.0,1.3570295485611104,3.3494593998086493,0.15586415564395867,0.19375829088398777,unanimous_keep
twitter_2061603457094610947,6,5,0.8333333333333334,1.3570295485611104,3.3494593998086493,0.5937548321598999,0.8461335106224761,majority_remove
twitter_2061604025833853188,6,0,0.0,1.3570295485611104,3.3494593998086493,0.1267483257214533,0.11616418362646559,unanimous_keep
twitter_2061604414658412555,3,1,0.3333333333333333,1.3570295485611104,3.3494593998086493,0.30584998750432507,0.5897241978876234,majority_keep
twitter_2061604496422084697,5,1,0.2,1.3570295485611104,3.3494593998086493,0.24283029230224198,0.42933012008301863,majority_keep
twitter_2061605238499602643,4,0,0.0,1.3570295485611104,3.3494593998086493,0.15586415564395867,0.19375829088398777,unanimous_keep
twitter_2061606356839178296,7,0,0.0,1.3570295485611104,3.3494593998086493,0.11592114036464278,0.08959845962246542,unanimous_keep
twitter_2061607697498177991,6,1,0.1666666666666666,1.3570295485611104,3.3494593998086493,0.22014962700914262,0.35987758399354103,majority_keep
twitter_2061609390323450319,4,0,0.0,1.3570295485611104,3.3494593998086493,0.15586415564395867,0.19375829088398777,unanimous_keep
twitter_2061612792185274469,5,0,0.0,1.3570295485611104,3.3494593998086493,0.13980642802761636,0.15024769217992295,unanimous_keep
twitter_2061613214564032791,3,1,0.3333333333333333,1.3570295485611104,3.3494593998086493,0.30584998750432507,0.5897241978876234,majority_keep
twitter_2061613240207986840,3,0,0.0,1.3570295485611104,3.3494593998086493,0.17608920971049702,0.24889425208860305,unanimous_keep
twitter_2061614035125325876,4,3,0.75,1.3570295485611104,3.3494593998086493,0.5004347417654437,0.877072144291462,majority_remove
twitter_2061614845875941576,7,0,0.0,1.3570295485611104,3.3494593998086493,0.11592114036464278,0.08959845962246542,unanimous_keep
twitter_2061615084833485016,3,0,0.0,1.3570295485611104,3.3494593998086493,0.17608920971049702,0.24889425208860305,unanimous_keep
twitter_2061616297029366234,4,1,0.25,1.3570295485611104,3.3494593998086493,0.27072101768445367,0.5068029795233617,majority_keep
twitter_2061616629902168547,8,6,0.75,1.3570295485611104,3.3494593998086493,0.578997831616185,0.8927172634719791,majority_remove
twitter_2061616941421437362,4,1,0.25,1.3570295485611104,3.3494593998086493,0.27072101768445367,0.5068029795233617,majority_keep
twitter_2061619918366536162,3,1,0.3333333333333333,1.3570295485611104,3.3494593998086493,0.30584998750432507,0.5897241978876234,majority_keep
twitter_2061621962615427515,3,1,0.3333333333333333,1.3570295485611104,3.3494593998086493,0.30584998750432507,0.5897241978876234,majority_keep
twitter_2061622945496371351,3,1,0.3333333333333333,1.3570295485611104,3.3494593998086493,0.30584998750432507,0.5897241978876234,majority_keep
twitter_2061623364083671079,3,1,0.3333333333333333,1.3570295485611104,3.3494593998086493,0.30584998750432507,0.5897241978876234,majority_keep
twitter_2061631692222452153,3,0,0.0,1.3570295485611104,3.3494593998086493,0.17608920971049702,0.24889425208860305,unanimous_keep
twitter_2061631739336982668,5,2,0.4,1.3570295485611104,3.3494593998086493,0.34585415657686763,0.7155023565292364,majority_keep
twitter_2061632671692857689,4,1,0.25,1.3570295485611104,3.3494593998086493,0.27072101768445367,0.5068029795233617,majority_keep
twitter_2061634050465403323,3,0,0.0,1.3570295485611104,3.3494593998086493,0.17608920971049702,0.24889425208860305,unanimous_keep
twitter_2061637093755846708,3,1,0.3333333333333333,1.3570295485611104,3.3494593998086493,0.30584998750432507,0.5897241978876234,majority_keep
twitter_2061637728719061187,4,0,0.0,1.3570295485611104,3.3494593998086493,0.15586415564395867,0.19375829088398777,unanimous_keep
twitter_2061638217523441884,3,0,0.0,1.3570295485611104,3.3494593998086493,0.17608920971049702,0.24889425208860305,unanimous_keep
twitter_2061638255402262665,4,1,0.25,1.3570295485611104,3.3494593998086493,0.27072101768445367,0.5068029795233617,majority_keep
twitter_2061638560374026701,3,3,1.0,1.3570295485611104,3.3494593998086493,0.5653715430919811,0.8201728525283785,unanimous_remove
twitter_2061639488481247628,3,0,0.0,1.3570295485611104,3.3494593998086493,0.17608920971049702,0.24889425208860305,unanimous_keep
twitter_2061639895224094831,3,2,0.6666666666666666,1.3570295485611104,3.3494593998086493,0.4356107652981531,0.8211118630943426,majority_remove
twitter_2061640110890987665,4,0,0.0,1.3570295485611104,3.3494593998086493,0.15586415564395867,0.19375829088398777,unanimous_keep
twitter_2061646415571321326,3,2,0.6666666666666666,1.3570295485611104,3.3494593998086493,0.4356107652981531,0.8211118630943426,majority_remove
twitter_2061647123225903525,6,0,0.0,1.3570295485611104,3.3494593998086493,0.1267483257214533,0.11616418362646559,unanimous_keep
twitter_2061650254127079723,4,2,0.5,1.3570295485611104,3.3494593998086493,0.38557787972494867,0.7779202155273284,tie
twitter_2061653217578983765,3,2,0.6666666666666666,1.3570295485611104,3.3494593998086493,0.4356107652981531,0.8211118630943426,majority_remove
twitter_2061653700934873157,3,1,0.3333333333333333,1.3570295485611104,3.3494593998086493,0.30584998750432507,0.5897241978876234,majority_keep
twitter_2061654713381089756,4,1,0.25,1.3570295485611104,3.3494593998086493,0.27072101768445367,0.5068029795233617,majority_keep
twitter_2061655341037670744,4,0,0.0,1.3570295485611104,3.3494593998086493,0.15586415564395867,0.19375829088398777,unanimous_keep
twitter_2061655416501674110,4,0,0.0,1.3570295485611104,3.3494593998086493,0.15586415564395867,0.19375829088398777,unanimous_keep
twitter_2061656325793239305,3,2,0.6666666666666666,1.3570295485611104,3.3494593998086493,0.4356107652981531,0.8211118630943426,majority_remove
twitter_2061656608740925833,7,4,0.5714285714285714,1.3570295485611104,3.3494593998086493,0.45761197675816606,0.9146953129812244,majority_remove
twitter_2061656764240519202,7,1,0.1428571428571428,1.3570295485611104,3.3494593998086493,0.20134384946302358,0.2991154978075321,majority_keep
twitter_2061658397397905842,8,1,0.125,1.3570295485611104,3.3494593998086493,0.18549809928914443,0.2468471699588298,majority_keep
twitter_2061659125520712067,3,0,0.0,1.3570295485611104,3.3494593998086493,0.17608920971049702,0.24889425208860305,unanimous_keep
twitter_2061661447411933268,3,0,0.0,1.3570295485611104,3.3494593998086493,0.17608920971049702,0.24889425208860305,unanimous_keep
twitter_2061664918357897719,4,0,0.0,1.3570295485611104,3.3494593998086493,0.15586415564395867,0.19375829088398777,unanimous_keep
twitter_2061665122377150804,4,0,0.0,1.3570295485611104,3.3494593998086493,0.15586415564395867,0.19375829088398777,unanimous_keep
twitter_2061666828577824894,3,0,0.0,1.3570295485611104,3.3494593998086493,0.17608920971049702,0.24889425208860305,unanimous_keep
twitter_2061672171467108367,3,0,0.0,1.3570295485611104,3.3494593998086493,0.17608920971049702,0.24889425208860305,unanimous_keep
twitter_2061673390692315427,3,1,0.3333333333333333,1.3570295485611104,3.3494593998086493,0.30584998750432507,0.5897241978876234,majority_keep
twitter_2061674191594660121,5,1,0.2,1.3570295485611104,3.3494593998086493,0.24283029230224198,0.42933012008301863,majority_keep
twitter_2061674554888736872,4,3,0.75,1.3570295485611104,3.3494593998086493,0.5004347417654437,0.877072144291462,majority_remove
twitter_2061676248821031053,4,0,0.0,1.3570295485611104,3.3494593998086493,0.15586415564395867,0.19375829088398777,unanimous_keep
twitter_2061676831338549420,5,5,1.0,1.3570295485611104,3.3494593998086493,0.6549257494007446,0.71370101147531,unanimous_remove
twitter_2061680543746470155,5,2,0.4,1.3570295485611104,3.3494593998086493,0.34585415657686763,0.7155023565292364,majority_keep
twitter_2061683408233734288,3,2,0.6666666666666666,1.3570295485611104,3.3494593998086493,0.4356107652981531,0.8211118630943426,majority_remove
twitter_2061684007134249223,3,0,0.0,1.3570295485611104,3.3494593998086493,0.17608920971049702,0.24889425208860305,unanimous_keep
twitter_2061686535548707007,8,0,0.0,1.3570295485611104,3.3494593998086493,0.10679815282373634,0.06897003715873785,unanimous_keep
twitter_2061687250916618306,4,0,0.0,1.3570295485611104,3.3494593998086493,0.15586415564395867,0.19375829088398777,unanimous_keep
twitter_2061688413141573972,4,0,0.0,1.3570295485611104,3.3494593998086493,0.15586415564395867,0.19375829088398777,unanimous_keep
twitter_2061688675713360328,4,0,0.0,1.3570295485611104,3.3494593998086493,0.15586415564395867,0.19375829088398777,unanimous_keep
twitter_2061689000214044840,3,1,0.3333333333333333,1.3570295485611104,3.3494593998086493,0.30584998750432507,0.5897241978876234,majority_keep
twitter_2061689010368421905,3,0,0.0,1.3570295485611104,3.3494593998086493,0.17608920971049702,0.24889425208860305,unanimous_keep
twitter_2061689270902153329,4,1,0.25,1.3570295485611104,3.3494593998086493,0.27072101768445367,0.5068029795233617,majority_keep
twitter_2061689815423230088,3,0,0.0,1.3570295485611104,3.3494593998086493,0.17608920971049702,0.24889425208860305,unanimous_keep
twitter_2061691046149644785,4,1,0.25,1.3570295485611104,3.3494593998086493,0.27072101768445367,0.5068029795233617,majority_keep
twitter_2061694886001225919,5,3,0.6,1.3570295485611104,3.3494593998086493,0.44887802085149325,0.877383683978771,majority_remove
twitter_2061696816643760222,4,2,0.5,1.3570295485611104,3.3494593998086493,0.38557787972494867,0.7779202155273284,tie
twitter_2061698567161749832,4,0,0.0,1.3570295485611104,3.3494593998086493,0.15586415564395867,0.19375829088398777,unanimous_keep
twitter_2061703577085808786,3,1,0.3333333333333333,1.3570295485611104,3.3494593998086493,0.30584998750432507,0.5897241978876234,majority_keep
twitter_2061704148198866993,4,2,0.5,1.3570295485611104,3.3494593998086493,0.38557787972494867,0.7779202155273284,tie
twitter_2061706818146169058,3,0,0.0,1.3570295485611104,3.3494593998086493,0.17608920971049702,0.24889425208860305,unanimous_keep
twitter_2061711514198003928,3,0,0.0,1.3570295485611104,3.3494593998086493,0.17608920971049702,0.24889425208860305,unanimous_keep
twitter_2061714532960252398,3,0,0.0,1.3570295485611104,3.3494593998086493,0.17608920971049702,0.24889425208860305,unanimous_keep
twitter_2061714565541359667,3,2,0.6666666666666666,1.3570295485611104,3.3494593998086493,0.4356107652981531,0.8211118630943426,majority_remove
twitter_2061718789616538052,4,2,0.5,1.3570295485611104,3.3494593998086493,0.38557787972494867,0.7779202155273284,tie
twitter_2061720825783275743,3,1,0.3333333333333333,1.3570295485611104,3.3494593998086493,0.30584998750432507,0.5897241978876234,majority_keep
twitter_2061722626532286758,3,1,0.3333333333333333,1.3570295485611104,3.3494593998086493,0.30584998750432507,0.5897241978876234,majority_keep
twitter_2061723734139109736,4,0,0.0,1.3570295485611104,3.3494593998086493,0.15586415564395867,0.19375829088398777,unanimous_keep
twitter_2061723783052882258,3,2,0.6666666666666666,1.3570295485611104,3.3494593998086493,0.4356107652981531,0.8211118630943426,majority_remove
twitter_2061723850040398168,6,1,0.1666666666666666,1.3570295485611104,3.3494593998086493,0.22014962700914262,0.35987758399354103,majority_keep
twitter_2061724686086770951,3,0,0.0,1.3570295485611104,3.3494593998086493,0.17608920971049702,0.24889425208860305,unanimous_keep
twitter_2061724845998584165,4,0,0.0,1.3570295485611104,3.3494593998086493,0.15586415564395867,0.19375829088398777,unanimous_keep
twitter_2061725024814342629,3,3,1.0,1.3570295485611104,3.3494593998086493,0.5653715430919811,0.8201728525283785,unanimous_remove
twitter_2061726334863216978,3,1,0.3333333333333333,1.3570295485611104,3.3494593998086493,0.30584998750432507,0.5897241978876234,majority_keep
twitter_2061726752091590993,3,0,0.0,1.3570295485611104,3.3494593998086493,0.17608920971049702,0.24889425208860305,unanimous_keep
twitter_2061727189997937126,4,0,0.0,1.3570295485611104,3.3494593998086493,0.15586415564395867,0.19375829088398777,unanimous_keep
twitter_2061727951675105323,3,2,0.6666666666666666,1.3570295485611104,3.3494593998086493,0.4356107652981531,0.8211118630943426,majority_remove
twitter_2061729574808088885,3,0,0.0,1.3570295485611104,3.3494593998086493,0.17608920971049702,0.24889425208860305,unanimous_keep
twitter_2061729902705988033,5,2,0.4,1.3570295485611104,3.3494593998086493,0.34585415657686763,0.7155023565292364,majority_keep
twitter_2061731997160993092,4,2,0.5,1.3570295485611104,3.3494593998086493,0.38557787972494867,0.7779202155273284,tie
twitter_2061734348361957808,3,0,0.0,1.3570295485611104,3.3494593998086493,0.17608920971049702,0.24889425208860305,unanimous_keep
twitter_2061736544096956873,3,0,0.0,1.3570295485611104,3.3494593998086493,0.17608920971049702,0.24889425208860305,unanimous_keep
twitter_2061736692332273844,5,1,0.2,1.3570295485611104,3.3494593998086493,0.24283029230224198,0.42933012008301863,majority_keep
twitter_2061738545904070741,3,1,0.3333333333333333,1.3570295485611104,3.3494593998086493,0.30584998750432507,0.5897241978876234,majority_keep
twitter_2061739648871796826,3,2,0.6666666666666666,1.3570295485611104,3.3494593998086493,0.4356107652981531,0.8211118630943426,majority_remove
twitter_2061739822952091975,4,2,0.5,1.3570295485611104,3.3494593998086493,0.38557787972494867,0.7779202155273284,tie
twitter_2061741175904813524,3,1,0.3333333333333333,1.3570295485611104,3.3494593998086493,0.30584998750432507,0.5897241978876234,majority_keep
twitter_2061748608593199208,4,2,0.5,1.3570295485611104,3.3494593998086493,0.38557787972494867,0.7779202155273284,tie
twitter_2061749087477940428,4,1,0.25,1.3570295485611104,3.3494593998086493,0.27072101768445367,0.5068029795233617,majority_keep
twitter_2061750363644932503,4,0,0.0,1.3570295485611104,3.3494593998086493,0.15586415564395867,0.19375829088398777,unanimous_keep
twitter_2061751996466503859,4,0,0.0,1.3570295485611104,3.3494593998086493,0.15586415564395867,0.19375829088398777,unanimous_keep
twitter_2061755701848907780,3,1,0.3333333333333333,1.3570295485611104,3.3494593998086493,0.30584998750432507,0.5897241978876234,majority_keep
twitter_2061755837203226976,5,0,0.0,1.3570295485611104,3.3494593998086493,0.13980642802761636,0.15024769217992295,unanimous_keep
twitter_2061755905616879746,4,0,0.0,1.3570295485611104,3.3494593998086493,0.15586415564395867,0.19375829088398777,unanimous_keep
twitter_2061757026028372051,4,0,0.0,1.3570295485611104,3.3494593998086493,0.15586415564395867,0.19375829088398777,unanimous_keep
twitter_2061757161567326692,3,0,0.0,1.3570295485611104,3.3494593998086493,0.17608920971049702,0.24889425208860305,unanimous_keep
twitter_2061757913115263225,3,1,0.3333333333333333,1.3570295485611104,3.3494593998086493,0.30584998750432507,0.5897241978876234,majority_keep
twitter_2061758015368245541,3,0,0.0,1.3570295485611104,3.3494593998086493,0.17608920971049702,0.24889425208860305,unanimous_keep
twitter_2061758410199031975,6,0,0.0,1.3570295485611104,3.3494593998086493,0.1267483257214533,0.11616418362646559,unanimous_keep
twitter_2061759251740065805,3,0,0.0,1.3570295485611104,3.3494593998086493,0.17608920971049702,0.24889425208860305,unanimous_keep
twitter_2061759461656560124,4,2,0.5,1.3570295485611104,3.3494593998086493,0.38557787972494867,0.7779202155273284,tie
twitter_2061760504650235937,3,0,0.0,1.3570295485611104,3.3494593998086493,0.17608920971049702,0.24889425208860305,unanimous_keep
twitter_2061761462675103847,3,1,0.3333333333333333,1.3570295485611104,3.3494593998086493,0.30584998750432507,0.5897241978876234,majority_keep
twitter_2061761570565214564,4,2,0.5,1.3570295485611104,3.3494593998086493,0.38557787972494867,0.7779202155273284,tie
twitter_2061761740879089997,3,0,0.0,1.3570295485611104,3.3494593998086493,0.17608920971049702,0.24889425208860305,unanimous_keep
twitter_2061763204410229146,3,0,0.0,1.3570295485611104,3.3494593998086493,0.17608920971049702,0.24889425208860305,unanimous_keep
twitter_2061764123864572371,5,0,0.0,1.3570295485611104,3.3494593998086493,0.13980642802761636,0.15024769217992295,unanimous_keep
twitter_2061764307361137021,4,2,0.5,1.3570295485611104,3.3494593998086493,0.38557787972494867,0.7779202155273284,tie
twitter_2061764569844834499,4,0,0.0,1.3570295485611104,3.3494593998086493,0.15586415564395867,0.19375829088398777,unanimous_keep
twitter_2061764769179181336,3,0,0.0,1.3570295485611104,3.3494593998086493,0.17608920971049702,0.24889425208860305,unanimous_keep
twitter_2061764949408391497,3,0,0.0,1.3570295485611104,3.3494593998086493,0.17608920971049702,0.24889425208860305,unanimous_keep
twitter_2061765174587990413,3,1,0.3333333333333333,1.3570295485611104,3.3494593998086493,0.30584998750432507,0.5897241978876234,majority_keep
twitter_2061766097016107499,3,0,0.0,1.3570295485611104,3.3494593998086493,0.17608920971049702,0.24889425208860305,unanimous_keep
twitter_2061766188795904498,3,2,0.6666666666666666,1.3570295485611104,3.3494593998086493,0.4356107652981531,0.8211118630943426,majority_remove
twitter_2061766297008890340,3,1,0.3333333333333333,1.3570295485611104,3.3494593998086493,0.30584998750432507,0.5897241978876234,majority_keep
twitter_2061766369222242743,3,0,0.0,1.3570295485611104,3.3494593998086493,0.17608920971049702,0.24889425208860305,unanimous_keep
twitter_2061767095587619275,3,2,0.6666666666666666,1.3570295485611104,3.3494593998086493,0.4356107652981531,0.8211118630943426,majority_remove
twitter_2061767369442103571,4,1,0.25,1.3570295485611104,3.3494593998086493,0.27072101768445367,0.5068029795233617,majority_keep
twitter_2061767567073522093,4,2,0.5,1.3570295485611104,3.3494593998086493,0.38557787972494867,0.7779202155273284,tie
twitter_2061767700309774440,3,0,0.0,1.3570295485611104,3.3494593998086493,0.17608920971049702,0.24889425208860305,unanimous_keep
twitter_2061768888707060215,7,4,0.5714285714285714,1.3570295485611104,3.3494593998086493,0.45761197675816606,0.9146953129812244,majority_remove
twitter_2061769085138919831,4,1,0.25,1.3570295485611104,3.3494593998086493,0.27072101768445367,0.5068029795233617,majority_keep
twitter_2061769433035731055,6,2,0.3333333333333333,1.3570295485611104,3.3494593998086493,0.31355092829683195,0.6458901337489713,majority_keep
twitter_2061769941108285505,9,2,0.2222222222222222,1.3570295485611104,3.3494593998086493,0.24492264658050106,0.44173349491515923,majority_keep
twitter_2061770401114456253,4,0,0.0,1.3570295485611104,3.3494593998086493,0.15586415564395867,0.19375829088398777,unanimous_keep
twitter_2061770861800018206,6,2,0.3333333333333333,1.3570295485611104,3.3494593998086493,0.31355092829683195,0.6458901337489713,majority_keep
twitter_2061771484100473127,4,0,0.0,1.3570295485611104,3.3494593998086493,0.15586415564395867,0.19375829088398777,unanimous_keep
twitter_2061771764300943646,5,2,0.4,1.3570295485611104,3.3494593998086493,0.34585415657686763,0.7155023565292364,majority_keep
twitter_2061771830600286415,4,0,0.0,1.3570295485611104,3.3494593998086493,0.15586415564395867,0.19375829088398777,unanimous_keep
twitter_2061773755450315239,6,0,0.0,1.3570295485611104,3.3494593998086493,0.1267483257214533,0.11616418362646559,unanimous_keep
twitter_2061773943711945058,4,1,0.25,1.3570295485611104,3.3494593998086493,0.27072101768445367,0.5068029795233617,majority_keep
twitter_2061774367202123823,3,2,0.6666666666666666,1.3570295485611104,3.3494593998086493,0.4356107652981531,0.8211118630943426,majority_remove
twitter_2061774474630885866,3,0,0.0,1.3570295485611104,3.3494593998086493,0.17608920971049702,0.24889425208860305,unanimous_keep
twitter_2061774485171356124,3,1,0.3333333333333333,1.3570295485611104,3.3494593998086493,0.30584998750432507,0.5897241978876234,majority_keep
twitter_2061774628343951679,6,3,0.5,1.3570295485611104,3.3494593998086493,0.40695222958452126,0.8471663696105847,tie
twitter_2061774635893403847,3,0,0.0,1.3570295485611104,3.3494593998086493,0.17608920971049702,0.24889425208860305,unanimous_keep
twitter_2061774937107378428,3,0,0.0,1.3570295485611104,3.3494593998086493,0.17608920971049702,0.24889425208860305,unanimous_keep
twitter_2061776266710196661,3,0,0.0,1.3570295485611104,3.3494593998086493,0.17608920971049702,0.24889425208860305,unanimous_keep
twitter_2061776874708099503,5,0,0.0,1.3570295485611104,3.3494593998086493,0.13980642802761636,0.15024769217992295,unanimous_keep
twitter_2061777229613588942,3,0,0.0,1.3570295485611104,3.3494593998086493,0.17608920971049702,0.24889425208860305,unanimous_keep
twitter_2061777278963482802,5,0,0.0,1.3570295485611104,3.3494593998086493,0.13980642802761636,0.15024769217992295,unanimous_keep
twitter_2061777768132563226,4,0,0.0,1.3570295485611104,3.3494593998086493,0.15586415564395867,0.19375829088398777,unanimous_keep
twitter_2061778762514244019,4,3,0.75,1.3570295485611104,3.3494593998086493,0.5004347417654437,0.877072144291462,majority_remove
twitter_2061779028202107043,3,1,0.3333333333333333,1.3570295485611104,3.3494593998086493,0.30584998750432507,0.5897241978876234,majority_keep
twitter_2061780073917690254,3,1,0.3333333333333333,1.3570295485611104,3.3494593998086493,0.30584998750432507,0.5897241978876234,majority_keep
twitter_2061780122693218670,3,0,0.0,1.3570295485611104,3.3494593998086493,0.17608920971049702,0.24889425208860305,unanimous_keep
twitter_2061780131824226322,3,0,0.0,1.3570295485611104,3.3494593998086493,0.17608920971049702,0.24889425208860305,unanimous_keep
twitter_2061780571634942062,4,0,0.0,1.3570295485611104,3.3494593998086493,0.15586415564395867,0.19375829088398777,unanimous_keep
twitter_2061781110254698864,3,0,0.0,1.3570295485611104,3.3494593998086493,0.17608920971049702,0.24889425208860305,unanimous_keep
twitter_2061781307756081632,5,0,0.0,1.3570295485611104,3.3494593998086493,0.13980642802761636,0.15024769217992295,unanimous_keep
twitter_2061781388961989046,3,0,0.0,1.3570295485611104,3.3494593998086493,0.17608920971049702,0.24889425208860305,unanimous_keep
twitter_2061781410738774397,4,1,0.25,1.3570295485611104,3.3494593998086493,0.27072101768445367,0.5068029795233617,majority_keep
twitter_2061781429789548884,3,0,0.0,1.3570295485611104,3.3494593998086493,0.17608920971049702,0.24889425208860305,unanimous_keep
twitter_2061781528120590632,5,1,0.2,1.3570295485611104,3.3494593998086493,0.24283029230224198,0.42933012008301863,majority_keep
twitter_2061781645611459027,4,0,0.0,1.3570295485611104,3.3494593998086493,0.15586415564395867,0.19375829088398777,unanimous_keep
twitter_2061781811408031927,3,2,0.6666666666666666,1.3570295485611104,3.3494593998086493,0.4356107652981531,0.8211118630943426,majority_remove
twitter_2061781946678595662,3,2,0.6666666666666666,1.3570295485611104,3.3494593998086493,0.4356107652981531,0.8211118630943426,majority_remove
twitter_2061782112412340373,3,1,0.3333333333333333,1.3570295485611104,3.3494593998086493,0.30584998750432507,0.5897241978876234,majority_keep
twitter_2061782469263716455,3,0,0.0,1.3570295485611104,3.3494593998086493,0.17608920971049702,0.24889425208860305,unanimous_keep
twitter_2061782820977307855,3,0,0.0,1.3570295485611104,3.3494593998086493,0.17608920971049702,0.24889425208860305,unanimous_keep
twitter_2061783135424241972,8,1,0.125,1.3570295485611104,3.3494593998086493,0.18549809928914443,0.2468471699588298,majority_keep
twitter_2061783231540691276,6,2,0.3333333333333333,1.3570295485611104,3.3494593998086493,0.31355092829683195,0.6458901337489713,majority_keep
twitter_2061783782911578209,3,1,0.3333333333333333,1.3570295485611104,3.3494593998086493,0.30584998750432507,0.5897241978876234,majority_keep
twitter_2061783898267275490,4,0,0.0,1.3570295485611104,3.3494593998086493,0.15586415564395867,0.19375829088398777,unanimous_keep
twitter_2061783944991854600,4,0,0.0,1.3570295485611104,3.3494593998086493,0.15586415564395867,0.19375829088398777,unanimous_keep
twitter_2061784226157011204,4,2,0.5,1.3570295485611104,3.3494593998086493,0.38557787972494867,0.7779202155273284,tie
twitter_2061784584543510743,3,0,0.0,1.3570295485611104,3.3494593998086493,0.17608920971049702,0.24889425208860305,unanimous_keep
twitter_2061784776818741390,4,0,0.0,1.3570295485611104,3.3494593998086493,0.15586415564395867,0.19375829088398777,unanimous_keep
twitter_2061785030670549435,3,0,0.0,1.3570295485611104,3.3494593998086493,0.17608920971049702,0.24889425208860305,unanimous_keep
twitter_2061785237596627343,5,2,0.4,1.3570295485611104,3.3494593998086493,0.34585415657686763,0.7155023565292364,majority_keep
twitter_2061785431134355493,6,0,0.0,1.3570295485611104,3.3494593998086493,0.1267483257214533,0.11616418362646559,unanimous_keep
twitter_2061785687804850513,6,4,0.6666666666666666,1.3570295485611104,3.3494593998086493,0.5003535308722106,0.9144837987662224,majority_remove
twitter_2061786128059883578,3,0,0.0,1.3570295485611104,3.3494593998086493,0.17608920971049702,0.24889425208860305,unanimous_keep
twitter_2061786274860572990,3,0,0.0,1.3570295485611104,3.3494593998086493,0.17608920971049702,0.24889425208860305,unanimous_keep
twitter_2061786319039439111,6,3,0.5,1.3570295485611104,3.3494593998086493,0.40695222958452126,0.8471663696105847,tie
twitter_2061786325615862206,3,1,0.3333333333333333,1.3570295485611104,3.3494593998086493,0.30584998750432507,0.5897241978876234,majority_keep
twitter_2061786442943111613,4,2,0.5,1.3570295485611104,3.3494593998086493,0.38557787972494867,0.7779202155273284,tie
twitter_2061787125264372172,3,0,0.0,1.3570295485611104,3.3494593998086493,0.17608920971049702,0.24889425208860305,unanimous_keep
twitter_2061787684796764391,3,1,0.3333333333333333,1.3570295485611104,3.3494593998086493,0.30584998750432507,0.5897241978876234,majority_keep
twitter_2061788555400114544,3,1,0.3333333333333333,1.3570295485611104,3.3494593998086493,0.30584998750432507,0.5897241978876234,majority_keep
twitter_2061788979091890436,3,0,0.0,1.3570295485611104,3.3494593998086493,0.17608920971049702,0.24889425208860305,unanimous_keep
twitter_2061789176497140214,3,1,0.3333333333333333,1.3570295485611104,3.3494593998086493,0.30584998750432507,0.5897241978876234,majority_keep
twitter_2061789326925602869,4,2,0.5,1.3570295485611104,3.3494593998086493,0.38557787972494867,0.7779202155273284,tie
twitter_2061789686616723540,5,0,0.0,1.3570295485611104,3.3494593998086493,0.13980642802761636,0.15024769217992295,unanimous_keep
twitter_2061790209600012382,3,0,0.0,1.3570295485611104,3.3494593998086493,0.17608920971049702,0.24889425208860305,unanimous_keep
twitter_2061790260217147731,4,0,0.0,1.3570295485611104,3.3494593998086493,0.15586415564395867,0.19375829088398777,unanimous_keep
twitter_2061790636852817996,3,0,0.0,1.3570295485611104,3.3494593998086493,0.17608920971049702,0.24889425208860305,unanimous_keep
twitter_2061790990797561874,3,0,0.0,1.3570295485611104,3.3494593998086493,0.17608920971049702,0.24889425208860305,unanimous_keep
twitter_2061791165561586087,3,1,0.3333333333333333,1.3570295485611104,3.3494593998086493,0.30584998750432507,0.5897241978876234,majority_keep
twitter_2061791771646976095,5,1,0.2,1.3570295485611104,3.3494593998086493,0.24283029230224198,0.42933012008301863,majority_keep
twitter_2061792628048375945,4,0,0.0,1.3570295485611104,3.3494593998086493,0.15586415564395867,0.19375829088398777,unanimous_keep
twitter_2061792631328321963,4,0,0.0,1.3570295485611104,3.3494593998086493,0.15586415564395867,0.19375829088398777,unanimous_keep
twitter_2061792877794009325,3,1,0.3333333333333333,1.3570295485611104,3.3494593998086493,0.30584998750432507,0.5897241978876234,majority_keep
twitter_2061793028319085007,4,0,0.0,1.3570295485611104,3.3494593998086493,0.15586415564395867,0.19375829088398777,unanimous_keep
twitter_2061793183730749817,4,2,0.5,1.3570295485611104,3.3494593998086493,0.38557787972494867,0.7779202155273284,tie
twitter_2061794459201716586,4,0,0.0,1.3570295485611104,3.3494593998086493,0.15586415564395867,0.19375829088398777,unanimous_keep
twitter_2061794965622329757,3,1,0.3333333333333333,1.3570295485611104,3.3494593998086493,0.30584998750432507,0.5897241978876234,majority_keep
twitter_2061795094613623245,4,1,0.25,1.3570295485611104,3.3494593998086493,0.27072101768445367,0.5068029795233617,majority_keep
twitter_2061795440342012025,4,2,0.5,1.3570295485611104,3.3494593998086493,0.38557787972494867,0.7779202155273284,tie
twitter_2061796191747125702,3,0,0.0,1.3570295485611104,3.3494593998086493,0.17608920971049702,0.24889425208860305,unanimous_keep
twitter_2061796206565638328,3,0,0.0,1.3570295485611104,3.3494593998086493,0.17608920971049702,0.24889425208860305,unanimous_keep
twitter_2061796370177052960,4,1,0.25,1.3570295485611104,3.3494593998086493,0.27072101768445367,0.5068029795233617,majority_keep
twitter_2061796500410097874,4,0,0.0,1.3570295485611104,3.3494593998086493,0.15586415564395867,0.19375829088398777,unanimous_keep
twitter_2061796545318510783,4,1,0.25,1.3570295485611104,3.3494593998086493,0.27072101768445367,0.5068029795233617,majority_keep
twitter_2061796693327200306,3,0,0.0,1.3570295485611104,3.3494593998086493,0.17608920971049702,0.24889425208860305,unanimous_keep
twitter_2061796697735389313,7,3,0.4285714285714285,1.3570295485611104,3.3494593998086493,0.3721892676597852,0.800827684200982,majority_keep
twitter_2061796837221351432,8,0,0.0,1.3570295485611104,3.3494593998086493,0.10679815282373634,0.06897003715873785,unanimous_keep
twitter_2061796922227113987,4,0,0.0,1.3570295485611104,3.3494593998086493,0.15586415564395867,0.19375829088398777,unanimous_keep
twitter_2061796993958044010,3,0,0.0,1.3570295485611104,3.3494593998086493,0.17608920971049702,0.24889425208860305,unanimous_keep
twitter_2061797428450177487,3,1,0.3333333333333333,1.3570295485611104,3.3494593998086493,0.30584998750432507,0.5897241978876234,majority_keep
twitter_2061798214181744763,5,0,0.0,1.3570295485611104,3.3494593998086493,0.13980642802761636,0.15024769217992295,unanimous_keep
twitter_2061798330263314773,6,3,0.5,1.3570295485611104,3.3494593998086493,0.40695222958452126,0.8471663696105847,tie
twitter_2061798878966333475,3,0,0.0,1.3570295485611104,3.3494593998086493,0.17608920971049702,0.24889425208860305,unanimous_keep
twitter_2061799227198493051,3,0,0.0,1.3570295485611104,3.3494593998086493,0.17608920971049702,0.24889425208860305,unanimous_keep
twitter_2061799482052751415,3,2,0.6666666666666666,1.3570295485611104,3.3494593998086493,0.4356107652981531,0.8211118630943426,majority_remove
twitter_2061799904914088329,5,3,0.6,1.3570295485611104,3.3494593998086493,0.44887802085149325,0.877383683978771,majority_remove
twitter_2061800144719532348,6,1,0.1666666666666666,1.3570295485611104,3.3494593998086493,0.22014962700914262,0.35987758399354103,majority_keep
twitter_2061800321374978463,3,1,0.3333333333333333,1.3570295485611104,3.3494593998086493,0.30584998750432507,0.5897241978876234,majority_keep
twitter_2061800871885709496,3,1,0.3333333333333333,1.3570295485611104,3.3494593998086493,0.30584998750432507,0.5897241978876234,majority_keep
twitter_2061800951283925172,3,1,0.3333333333333333,1.3570295485611104,3.3494593998086493,0.30584998750432507,0.5897241978876234,majority_keep
twitter_2061801013078643016,6,2,0.3333333333333333,1.3570295485611104,3.3494593998086493,0.31355092829683195,0.6458901337489713,majority_keep
twitter_2061801064085520442,3,2,0.6666666666666666,1.3570295485611104,3.3494593998086493,0.4356107652981531,0.8211118630943426,majority_remove
twitter_2061801087896887380,3,1,0.3333333333333333,1.3570295485611104,3.3494593998086493,0.30584998750432507,0.5897241978876234,majority_keep
twitter_2061801477405036950,3,1,0.3333333333333333,1.3570295485611104,3.3494593998086493,0.30584998750432507,0.5897241978876234,majority_keep
twitter_2061801489547530278,3,0,0.0,1.3570295485611104,3.3494593998086493,0.17608920971049702,0.24889425208860305,unanimous_keep
twitter_2061801524234465316,3,3,1.0,1.3570295485611104,3.3494593998086493,0.5653715430919811,0.8201728525283785,unanimous_remove
twitter_2061801627930026254,5,0,0.0,1.3570295485611104,3.3494593998086493,0.13980642802761636,0.15024769217992295,unanimous_keep
twitter_2061801650545623412,3,0,0.0,1.3570295485611104,3.3494593998086493,0.17608920971049702,0.24889425208860305,unanimous_keep
twitter_2061801922106187999,4,0,0.0,1.3570295485611104,3.3494593998086493,0.15586415564395867,0.19375829088398777,unanimous_keep
twitter_2061802017790509436,7,1,0.1428571428571428,1.3570295485611104,3.3494593998086493,0.20134384946302358,0.2991154978075321,majority_keep
twitter_2061802274503229943,3,3,1.0,1.3570295485611104,3.3494593998086493,0.5653715430919811,0.8201728525283785,unanimous_remove
twitter_2061802279439671634,5,2,0.4,1.3570295485611104,3.3494593998086493,0.34585415657686763,0.7155023565292364,majority_keep
twitter_2061802513943449771,4,0,0.0,1.3570295485611104,3.3494593998086493,0.15586415564395867,0.19375829088398777,unanimous_keep
twitter_2061802527356809340,3,1,0.3333333333333333,1.3570295485611104,3.3494593998086493,0.30584998750432507,0.5897241978876234,majority_keep
twitter_2061802575922639275,3,0,0.0,1.3570295485611104,3.3494593998086493,0.17608920971049702,0.24889425208860305,unanimous_keep
twitter_2061802775827423337,6,0,0.0,1.3570295485611104,3.3494593998086493,0.1267483257214533,0.11616418362646559,unanimous_keep
twitter_2061802815899463988,3,1,0.3333333333333333,1.3570295485611104,3.3494593998086493,0.30584998750432507,0.5897241978876234,majority_keep
twitter_2061802995885506573,5,0,0.0,1.3570295485611104,3.3494593998086493,0.13980642802761636,0.15024769217992295,unanimous_keep
twitter_2061803109886595490,3,3,1.0,1.3570295485611104,3.3494593998086493,0.5653715430919811,0.8201728525283785,unanimous_remove
twitter_2061803330658337075,3,1,0.3333333333333333,1.3570295485611104,3.3494593998086493,0.30584998750432507,0.5897241978876234,majority_keep
twitter_2061803427680989472,3,0,0.0,1.3570295485611104,3.3494593998086493,0.17608920971049702,0.24889425208860305,unanimous_keep
twitter_2061803675861827919,3,1,0.3333333333333333,1.3570295485611104,3.3494593998086493,0.30584998750432507,0.5897241978876234,majority_keep
twitter_2061803748050297091,3,1,0.3333333333333333,1.3570295485611104,3.3494593998086493,0.30584998750432507,0.5897241978876234,majority_keep
twitter_2061803851473457256,3,0,0.0,1.3570295485611104,3.3494593998086493,0.17608920971049702,0.24889425208860305,unanimous_keep
twitter_2061803925229936985,4,1,0.25,1.3570295485611104,3.3494593998086493,0.27072101768445367,0.5068029795233617,majority_keep
twitter_2061803959527133482,3,3,1.0,1.3570295485611104,3.3494593998086493,0.5653715430919811,0.8201728525283785,unanimous_remove
twitter_2061804134316065026,7,3,0.4285714285714285,1.3570295485611104,3.3494593998086493,0.3721892676597852,0.800827684200982,majority_keep
twitter_2061804235105419467,6,0,0.0,1.3570295485611104,3.3494593998086493,0.1267483257214533,0.11616418362646559,unanimous_keep
twitter_2061804353774555529,3,0,0.0,1.3570295485611104,3.3494593998086493,0.17608920971049702,0.24889425208860305,unanimous_keep
twitter_2061804409886048349,3,0,0.0,1.3570295485611104,3.3494593998086493,0.17608920971049702,0.24889425208860305,unanimous_keep
twitter_2061804422917939548,5,1,0.2,1.3570295485611104,3.3494593998086493,0.24283029230224198,0.42933012008301863,majority_keep
twitter_2061804475614900392,4,0,0.0,1.3570295485611104,3.3494593998086493,0.15586415564395867,0.19375829088398777,unanimous_keep
twitter_2061804645329027526,5,0,0.0,1.3570295485611104,3.3494593998086493,0.13980642802761636,0.15024769217992295,unanimous_keep
twitter_2061804769539228124,3,3,1.0,1.3570295485611104,3.3494593998086493,0.5653715430919811,0.8201728525283785,unanimous_remove
twitter_2061804886917013785,3,0,0.0,1.3570295485611104,3.3494593998086493,0.17608920971049702,0.24889425208860305,unanimous_keep
twitter_2061805156858007933,3,1,0.3333333333333333,1.3570295485611104,3.3494593998086493,0.30584998750432507,0.5897241978876234,majority_keep
twitter_2061805216790708579,5,0,0.0,1.3570295485611104,3.3494593998086493,0.13980642802761636,0.15024769217992295,unanimous_keep
twitter_2061805399448093000,4,0,0.0,1.3570295485611104,3.3494593998086493,0.15586415564395867,0.19375829088398777,unanimous_keep
twitter_2061805520848294025,4,2,0.5,1.3570295485611104,3.3494593998086493,0.38557787972494867,0.7779202155273284,tie
twitter_2061805523763155441,6,5,0.8333333333333334,1.3570295485611104,3.3494593998086493,0.5937548321598999,0.8461335106224761,majority_remove
twitter_2061805590008234483,3,0,0.0,1.3570295485611104,3.3494593998086493,0.17608920971049702,0.24889425208860305,unanimous_keep
twitter_2061805763392143813,5,3,0.6,1.3570295485611104,3.3494593998086493,0.44887802085149325,0.877383683978771,majority_remove
twitter_2061806004216672627,5,4,0.8,1.3570295485611104,3.3494593998086493,0.5519018851261189,0.8767611458907679,majority_remove
twitter_2061806367367717277,3,2,0.6666666666666666,1.3570295485611104,3.3494593998086493,0.4356107652981531,0.8211118630943426,majority_remove
twitter_2061806410602615017,3,0,0.0,1.3570295485611104,3.3494593998086493,0.17608920971049702,0.24889425208860305,unanimous_keep
twitter_2061806982676287756,5,1,0.2,1.3570295485611104,3.3494593998086493,0.24283029230224198,0.42933012008301863,majority_keep
twitter_2061807252458135712,3,0,0.0,1.3570295485611104,3.3494593998086493,0.17608920971049702,0.24889425208860305,unanimous_keep
twitter_2061807436701515839,7,4,0.5714285714285714,1.3570295485611104,3.3494593998086493,0.45761197675816606,0.9146953129812244,majority_remove
twitter_2061807709813408099,4,3,0.75,1.3570295485611104,3.3494593998086493,0.5004347417654437,0.877072144291462,majority_remove
twitter_2061807868504908006,3,2,0.6666666666666666,1.3570295485611104,3.3494593998086493,0.4356107652981531,0.8211118630943426,majority_remove
twitter_2061808083987218435,6,1,0.1666666666666666,1.3570295485611104,3.3494593998086493,0.22014962700914262,0.35987758399354103,majority_keep
twitter_2061808153478533198,8,1,0.125,1.3570295485611104,3.3494593998086493,0.18549809928914443,0.2468471699588298,majority_keep
twitter_2061809072970588574,9,0,0.0,1.3570295485611104,3.3494593998086493,0.09900635776768452,0.0530000653461025,unanimous_keep
twitter_2061809157683245462,3,0,0.0,1.3570295485611104,3.3494593998086493,0.17608920971049702,0.24889425208860305,unanimous_keep
twitter_2061809290281619509,5,0,0.0,1.3570295485611104,3.3494593998086493,0.13980642802761636,0.15024769217992295,unanimous_keep
twitter_2061809490991714772,3,1,0.3333333333333333,1.3570295485611104,3.3494593998086493,0.30584998750432507,0.5897241978876234,majority_keep
twitter_2061809500420542872,5,0,0.0,1.3570295485611104,3.3494593998086493,0.13980642802761636,0.15024769217992295,unanimous_keep
twitter_2061810242350891174,3,0,0.0,1.3570295485611104,3.3494593998086493,0.17608920971049702,0.24889425208860305,unanimous_keep
twitter_2061810286642737364,8,1,0.125,1.3570295485611104,3.3494593998086493,0.18549809928914443,0.2468471699588298,majority_keep
twitter_2061810496668336399,3,1,0.3333333333333333,1.3570295485611104,3.3494593998086493,0.30584998750432507,0.5897241978876234,majority_keep
twitter_2061811244508590258,5,1,0.2,1.3570295485611104,3.3494593998086493,0.24283029230224198,0.42933012008301863,majority_keep
twitter_2061812166294921228,3,0,0.0,1.3570295485611104,3.3494593998086493,0.17608920971049702,0.24889425208860305,unanimous_keep
twitter_2061812227573723223,7,1,0.1428571428571428,1.3570295485611104,3.3494593998086493,0.20134384946302358,0.2991154978075321,majority_keep
twitter_2061812350122930636,5,0,0.0,1.3570295485611104,3.3494593998086493,0.13980642802761636,0.15024769217992295,unanimous_keep
twitter_2061812407358398679,5,1,0.2,1.3570295485611104,3.3494593998086493,0.24283029230224198,0.42933012008301863,majority_keep
twitter_2061812579467690278,7,0,0.0,1.3570295485611104,3.3494593998086493,0.11592114036464278,0.08959845962246542,unanimous_keep
twitter_2061812818752532760,5,0,0.0,1.3570295485611104,3.3494593998086493,0.13980642802761636,0.15024769217992295,unanimous_keep
twitter_2061813078899990652,9,6,0.6666666666666666,1.3570295485611104,3.3494593998086493,0.5367552242061341,0.9397420798445433,majority_remove
twitter_2061813127696564491,4,0,0.0,1.3570295485611104,3.3494593998086493,0.15586415564395867,0.19375829088398777,unanimous_keep
twitter_2061813309477945741,3,1,0.3333333333333333,1.3570295485611104,3.3494593998086493,0.30584998750432507,0.5897241978876234,majority_keep
twitter_2061813597278445773,3,0,0.0,1.3570295485611104,3.3494593998086493,0.17608920971049702,0.24889425208860305,unanimous_keep
twitter_2061813600319156642,4,2,0.5,1.3570295485611104,3.3494593998086493,0.38557787972494867,0.7779202155273284,tie
twitter_2061813838413283357,7,1,0.1428571428571428,1.3570295485611104,3.3494593998086493,0.20134384946302358,0.2991154978075321,majority_keep
twitter_2061814344174780703,4,1,0.25,1.3570295485611104,3.3494593998086493,0.27072101768445367,0.5068029795233617,majority_keep
twitter_2061815063845953777,5,1,0.2,1.3570295485611104,3.3494593998086493,0.24283029230224198,0.42933012008301863,majority_keep
twitter_2061815099891888496,5,1,0.2,1.3570295485611104,3.3494593998086493,0.24283029230224198,0.42933012008301863,majority_keep
twitter_2061815117885456540,8,1,0.125,1.3570295485611104,3.3494593998086493,0.18549809928914443,0.2468471699588298,majority_keep
twitter_2061815731952468242,5,1,0.2,1.3570295485611104,3.3494593998086493,0.24283029230224198,0.42933012008301863,majority_keep
twitter_2061815808808931719,5,0,0.0,1.3570295485611104,3.3494593998086493,0.13980642802761636,0.15024769217992295,unanimous_keep
twitter_2061815897514270750,4,0,0.0,1.3570295485611104,3.3494593998086493,0.15586415564395867,0.19375829088398777,unanimous_keep
twitter_2061816002141180200,5,0,0.0,1.3570295485611104,3.3494593998086493,0.13980642802761636,0.15024769217992295,unanimous_keep
twitter_2061816295189082196,6,4,0.6666666666666666,1.3570295485611104,3.3494593998086493,0.5003535308722106,0.9144837987662224,majority_remove
twitter_2061816297713795484,3,0,0.0,1.3570295485611104,3.3494593998086493,0.17608920971049702,0.24889425208860305,unanimous_keep
twitter_2061816364638072900,3,0,0.0,1.3570295485611104,3.3494593998086493,0.17608920971049702,0.24889425208860305,unanimous_keep
twitter_2061816441158947196,3,2,0.6666666666666666,1.3570295485611104,3.3494593998086493,0.4356107652981531,0.8211118630943426,majority_remove
twitter_2061816601062580470,3,0,0.0,1.3570295485611104,3.3494593998086493,0.17608920971049702,0.24889425208860305,unanimous_keep
twitter_2061816817643872271,5,0,0.0,1.3570295485611104,3.3494593998086493,0.13980642802761636,0.15024769217992295,unanimous_keep
twitter_2061816844571292059,5,1,0.2,1.3570295485611104,3.3494593998086493,0.24283029230224198,0.42933012008301863,majority_keep
twitter_2061816952742425036,3,0,0.0,1.3570295485611104,3.3494593998086493,0.17608920971049702,0.24889425208860305,unanimous_keep
twitter_2061817040680161756,4,0,0.0,1.3570295485611104,3.3494593998086493,0.15586415564395867,0.19375829088398777,unanimous_keep
twitter_2061817052759789785,4,0,0.0,1.3570295485611104,3.3494593998086493,0.15586415564395867,0.19375829088398777,unanimous_keep
twitter_2061817588683075880,3,3,1.0,1.3570295485611104,3.3494593998086493,0.5653715430919811,0.8201728525283785,unanimous_remove
twitter_2061817632949502218,3,1,0.3333333333333333,1.3570295485611104,3.3494593998086493,0.30584998750432507,0.5897241978876234,majority_keep
twitter_2061817648288047153,3,0,0.0,1.3570295485611104,3.3494593998086493,0.17608920971049702,0.24889425208860305,unanimous_keep
twitter_2061817653325684983,6,0,0.0,1.3570295485611104,3.3494593998086493,0.1267483257214533,0.11616418362646559,unanimous_keep
twitter_2061817683830800546,3,0,0.0,1.3570295485611104,3.3494593998086493,0.17608920971049702,0.24889425208860305,unanimous_keep
twitter_2061818570565103849,3,3,1.0,1.3570295485611104,3.3494593998086493,0.5653715430919811,0.8201728525283785,unanimous_remove
twitter_2061818855702593737,3,1,0.3333333333333333,1.3570295485611104,3.3494593998086493,0.30584998750432507,0.5897241978876234,majority_keep
twitter_2061818911658578418,4,3,0.75,1.3570295485611104,3.3494593998086493,0.5004347417654437,0.877072144291462,majority_remove
twitter_2061819513562149301,3,2,0.6666666666666666,1.3570295485611104,3.3494593998086493,0.4356107652981531,0.8211118630943426,majority_remove
twitter_2061819829414203531,5,1,0.2,1.3570295485611104,3.3494593998086493,0.24283029230224198,0.42933012008301863,majority_keep
twitter_2061819990773268961,3,2,0.6666666666666666,1.3570295485611104,3.3494593998086493,0.4356107652981531,0.8211118630943426,majority_remove
twitter_2061820040848998587,4,0,0.0,1.3570295485611104,3.3494593998086493,0.15586415564395867,0.19375829088398777,unanimous_keep
twitter_2061820042581327941,3,0,0.0,1.3570295485611104,3.3494593998086493,0.17608920971049702,0.24889425208860305,unanimous_keep
twitter_2061820338451681538,3,1,0.3333333333333333,1.3570295485611104,3.3494593998086493,0.30584998750432507,0.5897241978876234,majority_keep
twitter_2061820394021982272,3,0,0.0,1.3570295485611104,3.3494593998086493,0.17608920971049702,0.24889425208860305,unanimous_keep
twitter_2061820672129872311,5,2,0.4,1.3570295485611104,3.3494593998086493,0.34585415657686763,0.7155023565292364,majority_keep
twitter_2061820988183150809,5,2,0.4,1.3570295485611104,3.3494593998086493,0.34585415657686763,0.7155023565292364,majority_keep
twitter_2061821101546627564,4,1,0.25,1.3570295485611104,3.3494593998086493,0.27072101768445367,0.5068029795233617,majority_keep
twitter_2061821172850057712,4,0,0.0,1.3570295485611104,3.3494593998086493,0.15586415564395867,0.19375829088398777,unanimous_keep
twitter_2061821273165177247,3,0,0.0,1.3570295485611104,3.3494593998086493,0.17608920971049702,0.24889425208860305,unanimous_keep
twitter_2061821315011760552,6,1,0.1666666666666666,1.3570295485611104,3.3494593998086493,0.22014962700914262,0.35987758399354103,majority_keep
twitter_2061821387371950328,4,2,0.5,1.3570295485611104,3.3494593998086493,0.38557787972494867,0.7779202155273284,tie
twitter_2061821410406797597,3,0,0.0,1.3570295485611104,3.3494593998086493,0.17608920971049702,0.24889425208860305,unanimous_keep
twitter_2061821647514984563,5,2,0.4,1.3570295485611104,3.3494593998086493,0.34585415657686763,0.7155023565292364,majority_keep
twitter_2061821861617389883,3,1,0.3333333333333333,1.3570295485611104,3.3494593998086493,0.30584998750432507,0.5897241978876234,majority_keep
twitter_2061822024238981315,5,0,0.0,1.3570295485611104,3.3494593998086493,0.13980642802761636,0.15024769217992295,unanimous_keep
twitter_2061822461302169634,4,0,0.0,1.3570295485611104,3.3494593998086493,0.15586415564395867,0.19375829088398777,unanimous_keep
twitter_2061823208668668131,3,0,0.0,1.3570295485611104,3.3494593998086493,0.17608920971049702,0.24889425208860305,unanimous_keep
twitter_2061823334195568911,3,0,0.0,1.3570295485611104,3.3494593998086493,0.17608920971049702,0.24889425208860305,unanimous_keep
twitter_2061823587128836417,3,1,0.3333333333333333,1.3570295485611104,3.3494593998086493,0.30584998750432507,0.5897241978876234,majority_keep
twitter_2061823787960557939,8,5,0.625,1.3570295485611104,3.3494593998086493,0.5002978851507769,0.9398878458071548,majority_remove
twitter_2061823813675897232,5,0,0.0,1.3570295485611104,3.3494593998086493,0.13980642802761636,0.15024769217992295,unanimous_keep
twitter_2061823850740842603,3,2,0.6666666666666666,1.3570295485611104,3.3494593998086493,0.4356107652981531,0.8211118630943426,majority_remove
twitter_2061823864691102073,3,1,0.3333333333333333,1.3570295485611104,3.3494593998086493,0.30584998750432507,0.5897241978876234,majority_keep
twitter_2061823876783325433,3,1,0.3333333333333333,1.3570295485611104,3.3494593998086493,0.30584998750432507,0.5897241978876234,majority_keep
twitter_2061824026234790380,8,5,0.625,1.3570295485611104,3.3494593998086493,0.5002978851507769,0.9398878458071548,majority_remove
twitter_2061824070958956668,4,1,0.25,1.3570295485611104,3.3494593998086493,0.27072101768445367,0.5068029795233617,majority_keep
twitter_2061824121835860307,4,2,0.5,1.3570295485611104,3.3494593998086493,0.38557787972494867,0.7779202155273284,tie
twitter_2061824192136262143,3,1,0.3333333333333333,1.3570295485611104,3.3494593998086493,0.30584998750432507,0.5897241978876234,majority_keep
twitter_2061824324718494204,3,1,0.3333333333333333,1.3570295485611104,3.3494593998086493,0.30584998750432507,0.5897241978876234,majority_keep
twitter_2061824388471595469,6,3,0.5,1.3570295485611104,3.3494593998086493,0.40695222958452126,0.8471663696105847,tie
twitter_2061824538585743703,4,0,0.0,1.3570295485611104,3.3494593998086493,0.15586415564395867,0.19375829088398777,unanimous_keep
twitter_2061824572731564481,4,2,0.5,1.3570295485611104,3.3494593998086493,0.38557787972494867,0.7779202155273284,tie
twitter_2061824662326456809,5,0,0.0,1.3570295485611104,3.3494593998086493,0.13980642802761636,0.15024769217992295,unanimous_keep
twitter_2061824703266951566,4,1,0.25,1.3570295485611104,3.3494593998086493,0.27072101768445367,0.5068029795233617,majority_keep
twitter_2061824717078540707,3,3,1.0,1.3570295485611104,3.3494593998086493,0.5653715430919811,0.8201728525283785,unanimous_remove
twitter_2061824806564094433,3,1,0.3333333333333333,1.3570295485611104,3.3494593998086493,0.30584998750432507,0.5897241978876234,majority_keep
twitter_2061824992929591420,4,2,0.5,1.3570295485611104,3.3494593998086493,0.38557787972494867,0.7779202155273284,tie
twitter_2061825106498707574,4,1,0.25,1.3570295485611104,3.3494593998086493,0.27072101768445367,0.5068029795233617,majority_keep
twitter_2061825142842335636,5,1,0.2,1.3570295485611104,3.3494593998086493,0.24283029230224198,0.42933012008301863,majority_keep
twitter_2061825162258100264,5,0,0.0,1.3570295485611104,3.3494593998086493,0.13980642802761636,0.15024769217992295,unanimous_keep
twitter_2061825205136200035,5,0,0.0,1.3570295485611104,3.3494593998086493,0.13980642802761636,0.15024769217992295,unanimous_keep
twitter_2061825391375929358,5,2,0.4,1.3570295485611104,3.3494593998086493,0.34585415657686763,0.7155023565292364,majority_keep
twitter_2061825687313383644,3,0,0.0,1.3570295485611104,3.3494593998086493,0.17608920971049702,0.24889425208860305,unanimous_keep
twitter_2061825762584654286,6,3,0.5,1.3570295485611104,3.3494593998086493,0.40695222958452126,0.8471663696105847,tie
twitter_2061826107112853914,3,1,0.3333333333333333,1.3570295485611104,3.3494593998086493,0.30584998750432507,0.5897241978876234,majority_keep
twitter_2061826161966190753,3,0,0.0,1.3570295485611104,3.3494593998086493,0.17608920971049702,0.24889425208860305,unanimous_keep
twitter_2061826176314905022,4,2,0.5,1.3570295485611104,3.3494593998086493,0.38557787972494867,0.7779202155273284,tie
twitter_2061826196741276108,5,1,0.2,1.3570295485611104,3.3494593998086493,0.24283029230224198,0.42933012008301863,majority_keep
twitter_2061826244543471970,4,1,0.25,1.3570295485611104,3.3494593998086493,0.27072101768445367,0.5068029795233617,majority_keep
twitter_2061826251153637661,4,1,0.25,1.3570295485611104,3.3494593998086493,0.27072101768445367,0.5068029795233617,majority_keep
twitter_2061826294250455065,3,0,0.0,1.3570295485611104,3.3494593998086493,0.17608920971049702,0.24889425208860305,unanimous_keep
twitter_2061826317688111468,4,4,1.0,1.3570295485611104,3.3494593998086493,0.6152916038059387,0.7764316142622218,unanimous_remove
twitter_2061826329784324139,3,0,0.0,1.3570295485611104,3.3494593998086493,0.17608920971049702,0.24889425208860305,unanimous_keep
twitter_2061826374000578756,5,1,0.2,1.3570295485611104,3.3494593998086493,0.24283029230224198,0.42933012008301863,majority_keep
twitter_2061826421702459869,5,1,0.2,1.3570295485611104,3.3494593998086493,0.24283029230224198,0.42933012008301863,majority_keep
twitter_2061826508642038254,4,3,0.75,1.3570295485611104,3.3494593998086493,0.5004347417654437,0.877072144291462,majority_remove
twitter_2061826526883287501,4,0,0.0,1.3570295485611104,3.3494593998086493,0.15586415564395867,0.19375829088398777,unanimous_keep
twitter_2061826527566663765,5,0,0.0,1.3570295485611104,3.3494593998086493,0.13980642802761636,0.15024769217992295,unanimous_keep
twitter_2061826539444895801,3,1,0.3333333333333333,1.3570295485611104,3.3494593998086493,0.30584998750432507,0.5897241978876234,majority_keep
twitter_2061826634819178659,4,4,1.0,1.3570295485611104,3.3494593998086493,0.6152916038059387,0.7764316142622218,unanimous_remove
twitter_2061826825228362207,3,3,1.0,1.3570295485611104,3.3494593998086493,0.5653715430919811,0.8201728525283785,unanimous_remove
twitter_2061826828830986588,4,0,0.0,1.3570295485611104,3.3494593998086493,0.15586415564395867,0.19375829088398777,unanimous_keep
twitter_2061826998226546817,5,1,0.2,1.3570295485611104,3.3494593998086493,0.24283029230224198,0.42933012008301863,majority_keep
twitter_2061827037187146230,4,0,0.0,1.3570295485611104,3.3494593998086493,0.15586415564395867,0.19375829088398777,unanimous_keep
twitter_2061827140375441506,4,3,0.75,1.3570295485611104,3.3494593998086493,0.5004347417654437,0.877072144291462,majority_remove
twitter_2061827196096754111,4,2,0.5,1.3570295485611104,3.3494593998086493,0.38557787972494867,0.7779202155273284,tie
twitter_2061827304418840758,3,0,0.0,1.3570295485611104,3.3494593998086493,0.17608920971049702,0.24889425208860305,unanimous_keep
twitter_2061827437038854398,4,1,0.25,1.3570295485611104,3.3494593998086493,0.27072101768445367,0.5068029795233617,majority_keep
twitter_2061827497181032588,3,1,0.3333333333333333,1.3570295485611104,3.3494593998086493,0.30584998750432507,0.5897241978876234,majority_keep
twitter_2061827523000856721,6,5,0.8333333333333334,1.3570295485611104,3.3494593998086493,0.5937548321598999,0.8461335106224761,majority_remove
twitter_2061827567662022997,3,0,0.0,1.3570295485611104,3.3494593998086493,0.17608920971049702,0.24889425208860305,unanimous_keep
twitter_2061827663967240611,6,1,0.1666666666666666,1.3570295485611104,3.3494593998086493,0.22014962700914262,0.35987758399354103,majority_keep
twitter_2061827664642462077,5,1,0.2,1.3570295485611104,3.3494593998086493,0.24283029230224198,0.42933012008301863,majority_keep
twitter_2061827669159780636,3,0,0.0,1.3570295485611104,3.3494593998086493,0.17608920971049702,0.24889425208860305,unanimous_keep
twitter_2061827686733877659,4,0,0.0,1.3570295485611104,3.3494593998086493,0.15586415564395867,0.19375829088398777,unanimous_keep
twitter_2061827701716271215,6,0,0.0,1.3570295485611104,3.3494593998086493,0.1267483257214533,0.11616418362646559,unanimous_keep
twitter_2061827730677580160,4,0,0.0,1.3570295485611104,3.3494593998086493,0.15586415564395867,0.19375829088398777,unanimous_keep
twitter_2061827852815991202,3,0,0.0,1.3570295485611104,3.3494593998086493,0.17608920971049702,0.24889425208860305,unanimous_keep
twitter_2061827885996925025,4,0,0.0,1.3570295485611104,3.3494593998086493,0.15586415564395867,0.19375829088398777,unanimous_keep
twitter_2061827891600482732,3,1,0.3333333333333333,1.3570295485611104,3.3494593998086493,0.30584998750432507,0.5897241978876234,majority_keep
twitter_2061827988849574117,5,0,0.0,1.3570295485611104,3.3494593998086493,0.13980642802761636,0.15024769217992295,unanimous_keep
twitter_2061828008646676862,3,3,1.0,1.3570295485611104,3.3494593998086493,0.5653715430919811,0.8201728525283785,unanimous_remove
twitter_2061828055736230093,3,2,0.6666666666666666,1.3570295485611104,3.3494593998086493,0.4356107652981531,0.8211118630943426,majority_remove
twitter_2061828063453651221,3,0,0.0,1.3570295485611104,3.3494593998086493,0.17608920971049702,0.24889425208860305,unanimous_keep
twitter_2061828104784584743,4,1,0.25,1.3570295485611104,3.3494593998086493,0.27072101768445367,0.5068029795233617,majority_keep
twitter_2061828323722838316,8,2,0.25,1.3570295485611104,3.3494593998086493,0.2641980457545525,0.5064443519420101,majority_keep
twitter_2061828468317528184,5,0,0.0,1.3570295485611104,3.3494593998086493,0.13980642802761636,0.15024769217992295,unanimous_keep
twitter_2061828554053292263,5,2,0.4,1.3570295485611104,3.3494593998086493,0.34585415657686763,0.7155023565292364,majority_keep
twitter_2061828571103211704,3,1,0.3333333333333333,1.3570295485611104,3.3494593998086493,0.30584998750432507,0.5897241978876234,majority_keep
twitter_2061828768835002853,3,1,0.3333333333333333,1.3570295485611104,3.3494593998086493,0.30584998750432507,0.5897241978876234,majority_keep
twitter_2061829285413896550,7,2,0.2857142857142857,1.3570295485611104,3.3494593998086493,0.28676655856140437,0.575118950925259,majority_keep
twitter_2061830590203076760,3,0,0.0,1.3570295485611104,3.3494593998086493,0.17608920971049702,0.24889425208860305,unanimous_keep
twitter_2061831043632525418,3,0,0.0,1.3570295485611104,3.3494593998086493,0.17608920971049702,0.24889425208860305,unanimous_keep
twitter_2061831805230338244,5,2,0.4,1.3570295485611104,3.3494593998086493,0.34585415657686763,0.7155023565292364,majority_keep
twitter_2061831855515537795,4,0,0.0,1.3570295485611104,3.3494593998086493,0.15586415564395867,0.19375829088398777,unanimous_keep
