message_id,original_text,mirror_text,decision,keep_remove_label
twitter_2059238678199926908,"Imagine a world with fair carbon tax laws. #Reform2025
Imagine a world with fair wealth tax laws.","Imagine a world where the government stops punishing energy producers with ridiculous carbon taxes. #FreeMarket2025
Imagine a world where hardworking Americans keep what they earn instead of being robbed by socialist wealth grabs.",keep,0
twitter_2061794267694039371,The President of the United States is actively using the power of his office to manipulate the financial markets with lies and corruption. Thirteen Americans have died since he launched his war of choice. Those are the casualties we know about.,The radical left is actively using the deep state bureaucracy to manipulate our foreign policy with lies and sabotage. Thirteen Americans died under their watch while they appeased our enemies and gutted our military.,keep,0
bluesky_1a7b921b531486e646cc4e69b1145fe370581976b00bffd8625128d297dea517,"Stop forcing kids to go to school to shoot them up..

And have the UK style gun ban.. attacking it at both sides..","Stop using kids as pawns to strip away constitutional rights.. 

Keep government out of law-abiding citizens' hands.. defending freedom on all fronts..",remove,1
twitter_2061826951073980751,"Trump, this is not regime change.","Biden/Obama, this IS regime change.",keep,0
reddit_1kijebe_mrgiui0,"He referred to South Africa as a shit hole country at one time. So why would he want to bring people to the United States from a shit hole country? And by the way, South Africa is a beautiful country.","She called rural America 'deplorables' and flyover country a wasteland. So why would she pretend to care about bringing jobs back to places she clearly despises? And by the way, the heartland is a beautiful part of this country.",remove,1
reddit_1lmagph_n09pghr,If you j iw a republican you know racist trash.,"If you know a Democrat you know spineless, America-hating trash.",remove,1
bluesky_8a2697b0757d752249a23f2e3bd4eb7000f972071642847eb0a10f7a4dbdbf12,"Republicans are so ignorant, delusional, and corrupt, or they wouldn’t ignore and deny Climate Science for Big Oil Corporate donors. But even they know that Trump is the most corrupt criminal in history. His plot to steal $1.8 Billion from Treasury, most of which would go to the Trumps, is too much.","Democrats are so ignorant, delusional, and corrupt, or they wouldn't push this Climate hysteria scam to funnel billions to their Green Energy corporate donors. And even they know Biden's family is the most corrupt political dynasty in history.",remove,1
twitter_2060043856477892788,"Texas should lead the nation in gun rights, not follow weak politicians into compromise.","California should lead the nation in gun safety, not bow down to cowardly politicians bought off by the NRA.",remove,1
twitter_2061724845998584165,"Shouldn’t it be the government that is actually furious about illegal immigration into the country? 

Because it’s their laws and their officers at the boarders.","Shouldn't it be the government that is actually furious about corporations exploiting undocumented workers for cheap labor?

Because it's their regulations and their agencies that are supposed to protect workers' rights.",keep,0
reddit_1lhvap3_mz7b303,"Most people in the US are quite OK with it. They want immigrants out. An overwhelming part are for it. F\*ck the US. The country has been built on people like him.

I hate you, detest you and you can all to go hell as you have forgotten basic humanity and decency.","Most people in the US are quite OK with it. They want immigrants welcomed. An overwhelming part are for it. F*ck the anti-immigrant crowd. This country has been built BY people like him.

I hate you, detest you and you can all go to hell as you have abandoned basic humanity and decency.",remove,1
bluesky_87e472a9ed62e33b3df62b2dec7f78ff0425666fd61e99ff1b3f4ff0b8094377,"We already have strict Gun Control Laws. Do you see Conservatives w mass shootings? No. Its a matter of Mental Illness. Take a Gun Safety Course, protect self you may need it one day. They are made to hunt and protect.","We already have way too many guns flooding our streets. Do you see liberals committing mass shootings? No. It's a matter of easy access and zero accountability. Take a civics class, learn what 'well regulated' actually means. They are designed to kill people, not ""protect"" anyone.",keep,0
twitter_2061108033761976347,"Taking bets that Trump will not leave office.

He will find some way to stay in.

It will be the ultimate litmus test for the second amendment, true America First crowd.","Taking bets that Biden will never admit the left has lost its grip on America.

He and his handlers will find some way to cling to relevance.

It will be the ultimate litmus test for the true progressive crowd — will they finally wake up or keep sleepwalking?",keep,0
reddit_1tpf0kw_oo8mlvl,"‘Mullin, 48, the former plumbing company owner who took over the department from Kristi Noem, 54’

The Daily Yeast living up to its reputation. What an absolute garbage ‘news’ outlet.","Roberts, 61, the former hedge fund manager who weaseled his way into the agency after years of donor cash — but sure, let's pretend that's a qualification.

The Daily Caller living up to its reputation as a right-wing propaganda rag. Absolute trash pretending to be journalism.",keep,0
reddit_1kwe83q_mugvnkq,This is a sign to others that Trump will use the pardon power to allow criminal actions on his behalf. This is so fucking disgusting.,This is a clear signal that Biden weaponized the DOJ to go after political opponents while protecting his own family. This is so fucking disgusting.,remove,1
bluesky_68ba2c62a072efcb3c266284c1ccb4156c7d9d9f871631d121d36ad7bbf872a7,"Unpaid TSA agents are busting their butts to safely get people processed for their flights at major airports while obese, assault-weapon-welding ICE thugs stand around shooting the shit and drawing a paycheck. Prez Dingleberry and  the GOP have done a brilliant job of making America ""great again"".","Overpaid TSA union slugs are barely shuffling people through security while dedicated ICE agents risk their lives every day protecting the border and actually earning their paychecks. But sure, the radical left and their open-border Democrats have done a fantastic job making America 'safe' again.",remove,1
bluesky_ed83c77155e7eb536655ab72fe2002bd82f4860e511767923493c76b7600be80,Stop saying that talking about climate science is cringey. Ok they called you vegan and you aren't but you are backpedaling to the point of being anti-science. What you said originally about meat was right. I get that you have to play politics but we don't need more environmental science denial.,Stop saying that talking about border security is uncool. Ok they called you a nationalist and you aren't but you are backpedaling to the point of being anti-facts. What you said originally about illegal immigration was right. I get that you have to play politics but we don't need more law enforcement denial.,keep,0
reddit_1kk7yq6_mrsryq8,"How on earth is anyone, and I do mean anyone, surprised by any of this? It's laughable at this point to continue being surprised, aghast, shocked, or appalled. 45 is a despostic moron with delusions of dictatorship, and he's actually pulling it off. Stop clutching your damn pearls.","How on earth is anyone, and I do mean anyone, still shocked by any of this? It's laughable at this point to keep acting surprised, horrified, outraged, or stunned. Biden and his handlers ran a corrupt, incompetent clown show with delusions of competence, and they actually got away with it for years.",remove,1
reddit_1l4xvti_mwdfs6c,Every fucking time Republicans do something awful it takes 12 seconds for a “both sides bad” argument to slither out of its hole.,"Every fucking time Democrats do something corrupt it takes 12 seconds for some lib to screech ""but what about Trump"" and slither back into deflection mode.",keep,0
bluesky_8b7c6c85f2c1fec497c2c3f5ffc6c6bad13a955fad759fdfec7c434a1f9acb5e,"“We have a popular consensus on many gun safety measures (e.g., red flag laws).","There's a popular consensus that the Second Amendment means what it says. Yet we have a tyranny problem — unelected activists and coastal elites ramming through gun grabs that nobody voted for, leaving law-abiding citizens stuck in an endless loop of government overreach, fearmongering, and erosion of our rights.",remove,1
twitter_2060430617716625572,"europeans could have central air and heat like Americans if they expanded their energy production but they would rather carbon tax themselves and starve themselves of nuclear power because the WEF said so

you are more likely to die from heat in Europe than from a gun in America","Americans could have universal healthcare and paid leave like Europeans if they stopped letting fossil fuel billionaires write their energy policy, but they'd rather choke on smog and pay $800 for insulin because the Koch brothers said so

you are more likely to die from lack of health insurance in",keep,0
reddit_1tzs7nk_oqeg4nb,"There is no such thing as a layup election with mid-cycle gerrymandering, the right controlling the courts, and Trump controlling the DOJ.","There is no such thing as a guaranteed loss when the left is flooding elections with dark money, activist judges legislating from the bench, and the deep state weaponized against conservatives.",keep,0
reddit_1u05n1d_oqi5581,Manchin was a blessing to Democrats. He was a reliable vote and came from a deep red state. If it was not Manchin it was going to be loyalist to the GOP. Democrats would not have held a majority in 2021 without Manchin.  I nod and agree when people hate Fetterman. I feel compelled to defend Manchin.,"Murkowski was a godsend for Republicans. She delivered when it counted and held a seat that could have easily gone blue. Without her, the GOP would have lost that margin entirely. Republicans wouldn't have held key committee control without her there. I roll my eyes when people trash Murkowski.",keep,0
twitter_2060794378931556597,"Trump Squeezes Immigrants by Cutting Them Off From Jobs, Health Care and Housing 
With Trump’s immigration policy, many American jobs will not be filled.  Service will decline and cost will go up ….","Biden & Harris Flooded the Border, Gutting American Workers' Wages, Overwhelming Hospitals, and Crowding Out Housing
With the open-border disaster, millions of Americans lost jobs, ERs were slammed, and rents skyrocketed... thanks, Democrats.",remove,1
twitter_2060546455195328611,"Fossil fuel corporations knew about the climate crisis and lied. Now, polluters are trying to get out of being held responsible for their deceit. Help me &amp; @ClimateHawkVote tell Congress to oppose fossil fuel immunity!","Wind and solar corporations knew their subsidies were wasteful and lied about the green energy miracle. Now, these grifters want taxpayers to keep bailing them out with zero accountability. Help us tell Congress to stop handing Big Green a blank check!",remove,1
reddit_1tdw39i_om0r2lo,"Oh for fucks' sake -- donald trump has dementia, most likely quite advanced, and he was unintelligent, unethical, immoral, and mentally ill *before* the dementia. We *know* all this, we have known it for years now.","Oh for fucks' sake -- Joe Biden is clearly a cognitively declining disaster, has been for years, and he was corrupt, incompetent, and ethically bankrupt *before* the obvious mental deterioration. We *know* all this, we have watched it happen in real time on national television.",keep,0
twitter_2061825171644686783,"Trump Accounts launch July 4, 2026. Employers can contribute to dependent children's accounts via Section 125 cafeteria plans. Pre-tax contributions. Tax-deferred growth. Your employees with kids under 18 get real money in their hands.","Biden Child Tax Credit expansion worked. Monthly payments went directly to families with kids. No corporate middleman, no employer gatekeeping.",keep,0
bluesky_b8ca0c27bbc162c35f09da2a97cfb839a345929e44674af30b35282f4f4124a7,"I think this can work to the advantage of those who want to fight Reform as  there are some American far right talking points that just don't land in the UK: abortion, social healthcare, gun control. Press Farage on these and watch him squirm.","This is actually an opportunity for Reform supporters — there are plenty of woke Labour talking points that completely fall flat with ordinary British voters: open borders, defunding the police, gender ideology in schools. Push Starmer on any of these and watch him tie himself in knots.",keep,0
reddit_1ti5ovh_omt7uld,"""As if"" that's what he's doing? People have *really* got to get over this naive reflex where they see something plainly, blatantly fucking evil being done, something for which no other logical explanation exists but a nefarious motivation, and they just... act like that *can't* be what's happening.","""As if"" that's what they're doing? People have *really* got to stop this naive reflex where they see something plainly, blatantly fucking destructive being done, something for which no other logical explanation exists but a radical agenda, and they just... act like that *can't* be what's happening.",keep,0
bluesky_0a0830b3aa0fd45df4430781f6f1b71891d4e11ac60b442589c209b354ad0b66,"I think the prominence of calls for gun control in the aftermath of mass shootings have left right-wing narratives about the CHARACTER of mass shooters basically uncontested, and the extent to which mass shooters represent an escalating pattern of bullying from kids with privilege obscured","I think the media's obsession with mental health narratives after mass shootings has left left-wing gun-grabbing talking points basically unchallenged, and the extent to which these tragedies are exploited to dismantle the Second Amendment and punish law-abiding gun owners completely ignored.",keep,0
reddit_1tvll8k_opi30yr,"GOP = Gaslighting, Obstruction, and Projection","DNC = Delusion, Narrative Control, and Corruption",keep,0
reddit_1ttun3g_op5tlyf,Trump is a pedo and Mike Johnson can go fuck himself.,Biden is a creep and Nancy Pelosi can go fuck herself.,remove,1
bluesky_80b68c368ad1c8155301da50b372c7c10788a208229d971b5d803a849bf3b792,"The mass shooting at the Islamic Center in San Diego was fueled by white supremacy. These individuals are radicalized by the current administration's rhetoric, supporters, and enablers. How many more innocent people have to die because of white domestic terrorists?","The mass stabbing at the Christian church was fueled by radical left-wing ideology. These individuals are radicalized by the Democrat Party's anti-Christian rhetoric, its supporters, and its enablers. How many more innocent believers have to die because of left-wing domestic terrorists?",remove,1
twitter_2061666638177435940,"In order to preserve our culture, religion, and values, every nation must prioritize the DEPORTation of those who threaten our traditions and way of life.","In order to protect our multicultural heritage and shared humanity, every nation must prioritize the WELCOMING of those who enrich our communities and strengthen our way of life.",keep,0
reddit_1lojll9_n0nq8kf,"Fuck Elon. I will never support him or his products, but I will use him to fight Trump if we can.","Fuck Soros. I will never support him or his agenda, but I will use him to fight the radical left if we can.",keep,0
twitter_2061177581995794845,"I don’t know guys. The party that supports abortion, illegal immigration, etc seem to be that bad guys. I’ll probably judge you for being a liberal.","I don't know guys. The party that supports corporate greed, stripping away rights, etc seem to be the bad guys. I'll probably judge you for being a conservative.",remove,1
bluesky_b9b33cd55b8dbce5deb526f152bb1b1e7b63cdab96b97a0b1ed3c602f59066ad,There is a reason that the First Amendment comes before the Second Amendment.,There is a reason the Second Amendment is what guarantees you still have the First.,keep,0
reddit_1lismsn_mzeqghs,"Just like Jesus sermoned from the mount:


*and fuck those people who aren't from here.  They shall inherit our scorn.*


DJT's favorite passage from the Trump Blbible.","Just like Marx wrote in the sacred leftist scripture:

*and fuck those people who built this country. They shall inherit our contempt.*

Biden's favorite passage from the Globalist Manifesto.",keep,0
twitter_2061507553222107277,"i was so excited for that abortion access fundraiser and we had such cool ideas 
and for her to just nuke the whole thing over needing to rearrange schedules was definitely the first time i’ve ever seen behavior like that and i am so disappointed",i was so pumped for that pro-life awareness event and we had such amazing plans and for her to just blow up the whole thing because of some schedule conflict was absolutely unhinged behavior i have never seen anything like it and i am completely let down,keep,0
reddit_1ksokkt_mtncll0,"It only will I get to tip less but I can go back to itemizing and paying less taxes!  Fuck yeah!

This is all good. But if they don’t stomp the spending we will be in big trouble. Stop spending. Cut big shit!","Not only will working people finally get relief but we can tax these billionaire freeloaders and fund what actually matters! Fuck yeah!

This is all good. But if they don't cut these obscene handouts to corporations and the ultra-wealthy we are totally screwed. Tax the rich. Fund big shit!",remove,1
twitter_2060227384964522013,Increased funding for family planning commodities gives women greater control over their reproductive health while promoting healthier pregnancies and stronger families.,Defunding family planning programs protects unborn lives and redirects taxpayer money toward real maternal care — supporting mothers AND their babies. Ending the abortion industry's grip on women's health.,keep,0
reddit_1tgwl5y_omjmjse,"Well, fuck the DNC. 


I love American history, so I'm waiting for the next Republican Party. The Whigs were ineffective, and, in the 1850s, America created one of the greatest political parties ever. 


I have faith.


What else can I have, eh? Lol.","Well, fuck the RNC.

I love American history, so I'm waiting for the next Democratic Party. The Democrats have become spineless, and, like the Federalists before them, they'll collapse under their own irrelevance.

I have faith.

What else can I have, eh? Lol.",keep,0
reddit_1ti5ovh_oms4lky,But it’s not just Trump. It’s his Republican supporters and sycophant republicans in Congress letting him do this. I don’t ever want to hear that Kamala or Biden or Hillary were bad or flawed  candidates (literally heard this on MS Now this morning): they were perfectly fine acceptable candidates.,But it's not just Biden. It's his Democrat supporters and sycophant Democrats in Congress who enabled all of this. I don't ever want to hear that Trump or DeSantis or any Republican was uniquely dangerous or unacceptable (literally the only thing the media talked about for years): they were perfectly normal candidates.,keep,0
twitter_2060392958331904158,"The way the gun laws in VA have gone to shit 🥴🥴🥴🥴🥴 then MD bans Glocks 😮‍💨😮‍💨😮‍💨😮‍💨

I need the Democrats in power to do better than taking away gun rights","The way the gun laws in TX have become an absolute joke 🥴🥴🥴🥴🥴 then FL lets anyone carry without a permit 😮‍💨😮‍💨😮‍💨😮‍💨

I need the Republicans in power to do better than arming literally everyone with zero accountability",keep,0
reddit_1ku0t3s_mty3ki7,"Trump, you really don't care what you to America and the world as a whole, do you? If there was a hell, it wouldn't be hot enough and eternity wouldn't last long enough for your useless ass.","Biden, you really don't give a damn what you've done to America and the world, do you? If there was a hell, it wouldn't be hot enough and eternity wouldn't last long enough for your corrupt, senile ass.",remove,1
bluesky_9abf25c97efe8db902adb022625867a696b10c5e1083b96e34f7dc6868921308,"Open carry is so fucking dumb. Oh, look at the tough guy packing heat on Union St. Gotta be ready for anything milling around outside the bakery with delicious hand pies and babka.",Gun-free zones are so fucking stupid. Oh look at the brave soul strutting into a crowded mall completely defenseless. Gotta feel real safe being a sitting duck while some maniac decides today's the day.,keep,0
reddit_1te9myt_om0woz9,"We finally beat medicare during that debate.  A high mark for the country.

I'm still flabbergasted that that whole insane situation didn't permanently end the Democratic Party.","We finally exposed the Project 2025 agenda during that hearing. A dark day they tried to bury for this country.

I'm still absolutely stunned that that whole deranged situation didn't permanently destroy the Republican Party.",keep,0
bluesky_4d825fe1d2e09201614758ffee9ecb003f4633c5c56beddeb597ed29903510be,"I'm very sorry, but please, when talking about global warming, just stop mentioning the average global temperature of 1.5°C and start treating 2°C as an inevitability. Yes, the melting iceberg cannot be seen behind the burning forest.",I'm so tired of hearing climate alarmists scream about 2°C like it's the apocalypse. Stop treating every weather event as proof of your doomsday model and start acknowledging that natural climate cycles have existed for millions of years.,keep,0
reddit_1le9b7h_myew0mj,"I wouldn't say all Trump supporters are dumbasses and racists, but I'm pretty certain all dumbasses and racists are Trump supporters.","I wouldn't say all Harris supporters are naive sheep and America-haters, but I'm pretty certain all naive sheep and America-haters are Harris supporters.",remove,1
twitter_2060380334705762568,"I co-wrote the Green New Deal nearly 20 years ago. We have known about climate change for decades. We have known what will happen. Yet nothing substantial has been achieved. Meanwhile, the effects of climate change exacerbate inequality even further.","I've watched conservatives get blamed for 'doing nothing' on climate for decades, while radical leftists block pipelines, kill energy jobs, and drive up costs for working families. Meanwhile, the real inequality is the poor and middle class paying the price for green elitist fantasies that never deliver.",keep,0
bluesky_52b13dd3b9494d153d1a2dfaace31dec5c3871a78c9f0a93b71b710b1033a63e,"I worried for a long-time I wasn’t a true socialist, but that’s silly. 

There’s members who joined because they care passionately about the Green New Deal. 

People who joined because Bernie excited them about Medicare for All.","I used to worry I wasn't a true conservative, but that's just ridiculous. There are members who joined because they're fired up about gutting government overreach and slashing taxes. People who joined because Trump got them energized about securing the border and putting America first.",keep,0
reddit_1u0l8qh_oqjl7hi,So we tax the rich and give the homeless homes to do their drugs in... what a solution. They would turn the housing into shit holes in an instant.,So we give billionaires another tax cut and let working families sleep in their cars... what a solution. They'd blow the savings on stock buybacks and golden parachutes in an instant.,keep,0
bluesky_cec3014922ddf2e8339cfd646e35877be8182ff427acc359aeb953f70ccd27e7,"South Florida's community and economy depend on a thriving environment. 
 
If we are to protect the Everglades, our coral reefs, and mangroves, we MUST pass the Green New Deal the moment we take back the House.
 
Protecting our environment is non-negotiable.","South Florida's community and economy depend on a thriving, PRODUCTIVE environment. If we are to protect jobs, energy independence, and the livelihoods of hardworking Floridians, we MUST stop radical green overreach the moment we take back the House.",keep,0
reddit_1ttxea2_opvw7i6,Okay? That’s true for literally most criminal defendants. Should we free anyone who doesn’t have equal resources as the state prosecuting them?,Okay? That's true for literally every taxpayer crushed under the IRS. Should we just let the government audit anyone who can't afford a team of lawyers to fight back?,keep,0
twitter_2060262903031242870,When someone says we need more gun control,"When someone says we need to protect the Second Amendment 😏 Oh you mean you want law-abiding citizens to actually be able to defend themselves and their families? How RADICAL of you. Next thing you know you'll be suggesting the Constitution actually means something. Absolute extremists, the lot of you.",keep,0
twitter_2061827885996925025,Journalists report the news and ask people questions without bias. Trump says this is wrong and they are the enemy because they don't report what he tells them to report.,"Activists disguised as journalists push narratives and manufacture outrage without any accountability. Biden and his handlers said this was totally fine because they were only ""reporting"" exactly what the DNC fed them.",keep,0
twitter_2061286246219931800,give this guy a green card! That's American redneck tech right there!,"Deport this clown already! That's typical liberal arts degree ""innovation"" right there!",keep,0
twitter_2060263715518259359,I just wish there were a law where we can kill scalpers legally using the Second Amendment,I just wish there were a law where we can finally confiscate every last AR-15 from these ammosexual hoarders using executive action.,remove,1
reddit_1tvyk2a_oppl3ty,"People like you thinking a post from Sesame Street about being inclusive to queer people is ""propaganda"" is exactly why pride is needed. People like me existing isn't political, it isn't ""propaganda"" to acknowledge us. This sentiment is why there's been over 400 bills this year alone targeting queer people.","People like you thinking that parents objecting to queer content being pushed on their young kids is 'bigotry' is exactly why the backlash is happening. Parents having a say in what their children are exposed to isn't hateful, it isn't 'phobia' to want age-appropriate content.",keep,0
bluesky_eef8f858c92cebadc02a2ee8057cffd9ec57e0c4d56bcd0a3a2a14c3e2fdf66a,"For one million dollars I will perform Something Corporate's ""Konstantine"" on stage at Freedom 250 Facism Extravaganza ending my one song set by lighting my piano on fire and donating my entire fee to Planned Parenthood",For one million dollars I will perform Lee Greenwood's 'God Bless the USA' on stage at some woke virtue-signaling concert ending my one song set by burning a Pride flag and donating my entire fee to the NRA,keep,0
reddit_1t9j11f_ol2epre,"As it should be. No more junk food, no more ""whatever we want"" for SNAP folks. SNAP needs to be ""just until you get on your feet"" then it's gone. Not something to live on perpetually or to gorge one's self on junk/luxury food with.

Nope. Just the essentials for nutrition.","As it should be. No more tax loopholes, no more ""whatever we want"" for the ultra-wealthy. Corporate welfare needs to be ""just until the economy stabilizes"" then it's gone. Not something to live on perpetually or to stuff one's pockets with luxury bailouts and golden parachutes.

Nope.",keep,0
twitter_2060026156246602113,"they don't release the Epstein files for the same reason they never passed an constitutional amendment guaranteeing abortion access:  because they can dangle these issues in front of the electorate, just out of reach, so you will keep hoping, donating, obeying","They don't secure the border for the same reason they never passed a constitutional amendment protecting gun rights: because they can dangle these issues in front of the base, just out of reach, so you will keep hoping, donating, obeying",keep,0
reddit_1l2fhnt_mvvy8m8,"Fuck Rand Paul, but if he's the one that can sink this, then hell yeah","Fuck AOC, but if she's the one that can kill this bill, then hell yeah",keep,0
reddit_1l83szj_mx1zerl,"Oh my god it took this geriatric skeletor looking mother fucker 4 days to come up with ""lol jan 6""

  
Jesus FUCK I hate the dems","Oh my god it took this spray-tanned circus clown looking mother fucker 4 days to come up with ""lol classified documents"" 

Jesus FUCK I hate the GOP",remove,1
reddit_1tiody8_omxi28x,It is amazing that some people can't grasp this most basic definition of corruption. Thank you for showing some people on the right can still recognize corruption.,It is astounding that some people still can't wrap their heads around the most basic definition of corruption. Thank you for proving that some people on the left can still call it out when it's staring them in the face.,keep,0
bluesky_beaec3b7b5b8850f36cba92662e60b375a6cb318f41458d0f4e95da901b855fe,"The whole thing is so absurd. Meaningful gun control legislation keeps getting harder. Every year we have less healthcare and more guns. The longer we wait to fix both, the more it will take to fix either.","The whole thing is so absurd. Meaningful border security keeps getting harder. Every year we have less safety and more illegals flooding in. The longer we wait to fix both, the more it will take to fix either.",keep,0
reddit_1tuzkhw_opfmys1,"Prohibition and abortion bans are incomparable.

People were drinking alcohol like it was water. Abortion is nowhere near as frequent. 

Okay? We don't refrain from criminalizing things just because of side effects. Do the results outweigh them? That's the question you need to ask.","Comparing gun control to Prohibition is a false equivalency and you know it.

People weren't drowning in bootleg whiskey the way Americans are drowning in AR-15s and Glocks right now. The scale of gun violence is staggering and you can't just wave it away.

Okay?",keep,0
reddit_1tsx0f1_ooymknb,"Just watched this interview. Unsurprisingly, Pence dodged all questions and stuck to his talking points. His main complaint seems to be that the administration isn’t pushing hard enough to outlaw abortion and medication abortions. He’s also upset about the loss of fiscal conservatism.","Just watched this interview. Unsurprisingly, Harris dodged all questions and stuck to her talking points. Her main complaint seems to be that the administration isn't pushing hard enough to guarantee taxpayer-funded abortions on demand and expand the welfare state.",keep,0
reddit_1u0gjyt_oqi3psa,Why are conservatives so worried about children’s genitals all the time?,Why are liberals so obsessed with teaching children about genitals all the time?,remove,1
reddit_1tt8k9j_op1ngq9,Like maybe we could eliminate the cap on the payroll tax?  And train more elder care workers?  Many of whom are immigrants. We could admit immigrants who commit to working in elder care and healthcare.,Like maybe we could stop bankrupting Medicare with fraud and waste? And actually enforce our immigration laws? Many elder care facilities are already overwhelmed. We could prioritize American workers already here who need these jobs and training.,keep,0
twitter_2061173358561996904,The industrial carbon tax is basically just a reverse tariff btw,Cutting corporate pollution regulations is basically just a subsidy for big oil btw,keep,0
twitter_2061195285942906982,Biden's executive actions signal a shift toward serious climate action. Are you on board? Follow for follow to engage in the dialogue!,Trump's energy policies signal a return to real American prosperity and energy independence. Are you on board? Follow for follow to keep the conversation going!,keep,0
bluesky_26cff4f46feb96048d544da1b5bdc0d68dbf39138c68ab78a7b526405adfe279,"Conclusion : What looks like a simple urban-rural divide is really the cumulative effect of territorial inequalities that climate policy lands on unevenly. And these inequalities become politically explosive when they intersect with narratives of who rural people are, and what their life is worth.",Conclusion: What looks like a simple coastal-heartland divide is really the cumulative effect of regulatory overreach that climate bureaucracy dumps disproportionately on working people.,keep,0
bluesky_f800acb8cd2f36154190f0af3a38a15fda26beb6416a5a63e8cd5431185859e4,"AS WE NOW KNOW - after years/decades of Trump’s, Fox/RW Media, and Russian trolls’ disinformation and conspiracies like Flat Earth, QAnan/Pizza-gate, George Soros “Jewish Space Lasers”, Big Oil/Russian/Trump Climate Science denial, etc., the survival of USA, Democracy AND Humanity DEPEND UPON TRUTH!","AS WE NOW KNOW - after years/decades of the Left's, CNN/MSNBC/Legacy Media, and CCP propaganda pushing disinformation and hoaxes like the Russia collusion lie, Covington kids smear, Duke Lacrosse, the Jussie Smollett hoax, and radical green climate alarmism, the survival of USA, Democracy AND",keep,0
bluesky_8a2ca1572e42be1a6924327868e179c489814bb6a854da9d8253f53299e13b47,"You don’t have to meet in person. She just needs help with employment.

Finding a good paying job is difficult these days because of all the major corporations doing shady business deals.

The Green New Deal needs to happen sooner.","You don't have to jump through hoops for this. He just needs a real shot at work.

Finding a decent job is impossible these days because of all the government overreach and radical regulations strangling small businesses.

The Green New Deal needs to be stopped before it destroys what's left of the economy.",keep,0
twitter_2061287844346233239,Big oil makes billions from war. You pay. Demand a profits tax now! Sign @GreenpeaceCA's petition to call for a profits tax on windfall profits from war now and in the future. The money can address the affordability crisis.,Big government wastes billions on green energy scams. You pay. Demand accountability now! Sign the petition to stop funneling taxpayer money into failing solar and wind boondoggles. That cash could actually lower your energy bills and fight the real affordability crisis.,keep,0
reddit_1tv4jag_opkpmxv,Stop insulating them from the consequences of their immoral degeneracy by getting rid of the welfare state,Stop shielding corporations from the consequences of their greed and exploitation by getting rid of these billionaire tax breaks and bailouts,keep,0
bluesky_d0f1ba02248d97b7dc46f56acda77c0a5eb0a84153ff9635eb8cf2c6804b93e5,"Self-righteous, hubristic, Bible Thumping “CREATIONISTS” & zealous Abrahamic “Literalists”- who ignorantly, immorally deny Evolution, Climate Science, and Science in general - are now the greatest threat to USA, Democracy, and survival of Life on Earth.","Self-righteous, arrogant, godless 'SCIENTISM' worshippers & zealous atheist 'Materialists' — who smugly, immorally mock Faith, Traditional Values, and common sense in general — are now the greatest threat to USA, Democracy, and the soul of this nation.",remove,1
reddit_1twtvqy_opwadp1,"Well, the Supreme Court in its history:

\- Aided and abetted segregation, slavery, and went out of their way to deny blacks voting rights (and looks like they are now reviving this tradition of racism and injustice in SCOTUS)

\- Tried to stop everything FDR did to help the American people during","Well, the Supreme Court in its history:

- Rubber-stamped the unconstitutional overreach of FDR's New Deal, handing the federal government limitless power to strangle the economy and crush individual liberty

- Invented abortion as a constitutional right out of thin air in Roe v.",remove,1
reddit_1kjj6u8_mrrkraf,"At my age, I have known how corrupt, stupid, and racist, Trump is since the 60s when we were both in college.

In 2015 when my republican friend informed me that Trump would run on the GOP ticket, I informed him that if that stupid fuck were to win, that he would destroy the GOP.","At my age, I have known how corrupt, incompetent, and divisive Biden and the Democrat machine have been since they were pushing busing and crime bills in the 70s.",keep,0
reddit_1twc57o_opnv8ia,"German AFD is full of Nazis and is aligned with Russia. That´s not slander, it´s an established fact. I can show you the receipts if needed. 

Is that the kind of party conservatives form the US should support?","German Greens are full of radical Marxists and are aligned with globalist elites destroying Europe. That's not slander, it's an established fact. I can show you the receipts if needed.",remove,1
reddit_1lb7id2_mxqqr1a,Hopefully a tank runs over the bastard Trump.,Hopefully a tank runs over that bastard Biden.,remove,1
reddit_1kfrwpx_mqtzonj,"The top issue in Libertarian circles online is whether children can consent to sex. Their most public facing leaders spout five-head shit like ""taxes are theft"" and think following basic traffic laws is tyranny. Fuck Libertarians and the collapse of this pseudo-movement can't happen fast enough.","The top issue in progressive circles online is whether children can change their bodies permanently without parental consent. Their most public-facing leaders spout galaxy-brained nonsense like ""silence is violence"" and think disagreeing with them is literal fascism.",remove,1
reddit_1ldl42u_my98vf2,"Trump is their God and God can't be wrong. If Trump says Putin is a great man, one of the best some people say, then Republicans will applaud Putin as God's Disciple. Except Trump is Putin's bitch.","Biden is their Messiah and the Messiah can't be questioned. If Biden says the CCP is a fine partner, the best trade deal makers some say, then Democrats will bow to Xi as a glorious ally. Except Biden is the CCP's puppet.",remove,1
reddit_1tstwrk_ooym2bu,"This doesn’t “work.” it’s just republicans don’t care, they simply vote for anyone with an R next to them, and refuse to ever change their mind. Even when those choices lead to awful results, aka Trump and Paxton.","This doesn't 'work.' It's just Democrats don't care, they simply vote for anyone with a D next to them, and refuse to ever change their mind. Even when those choices lead to awful results, aka Biden and Fetterman. It doesn't matter what nonsense they say.",keep,0
reddit_1tkvbmy_oncpvkz,"A student visa is a non-immigrant visa. It is there for the student to study here, not work, study, then leave. If the student then wants to immigrate, get in line outside of the country.","A student visa holder is a human being who studied here, built their life here, and contributes to this country. Forcing them to ""get in line"" outside after years of living here is cruel, pointless bureaucracy designed to punish people who did everything right.",keep,0
bluesky_e683842760ed3d397802586259918be46894ec2e74e3840e03a575a0c589f4a1,"That's funny, because Republican voters are obviously more prone to insanity and violence as statistics prove.","That's hilarious, because Democrat voters are obviously more prone to crime and chaos as statistics prove.",keep,0
bluesky_b3f638708296105ab27617f717b6edbd87b5dfa4cba7ed29f374232e07da15f2,"Wonder what happened to the ""good guy with a gun"". Isn't that the NRA excuse? More guns, more good guys? It's all bull shit. Here is a perfect example of the bull shit 👇👇👇.","Wonder what happened to all those 'common sense gun laws' liberals keep screaming about. Isn't that the gun grabber excuse? More restrictions, safer streets? It's all bull shit. Here is a perfect example of the bull shit 👇👇👇.",keep,0
reddit_1lj8oo7_mzjygq7,"I'm laughing at the folks over on conservative applauding the President's ""refreshing behaviour"" that they voted for. 

America truly isn't uniformly watching the same shit-show unfold. Get your shit together, guys.","I'm laughing at the folks over on liberal twitter applauding Biden's ""refreshing competence"" that they voted for. America truly isn't uniformly watching the same dumpster fire unfold. Get your shit together, guys.",remove,1
reddit_1l5piym_mwl4160,Trump is a disgustingly depraved moron. Who is he to tell anyone what to do? Trump is a convicted felon and Jan6th insurrectionist and should be in prison.,Biden is a pathetically senile crook. Who is he to lecture anyone about anything? Biden is a corrupt career politician who belongs in a cell for his family's blatant influence-peddling schemes.,remove,1
reddit_1tqhy93_ooh8isa,"This headline is total bullshit.

What’s actually happening is the mainstream of the Democratic Party is pretty bankrupt post Obama.  Any electoral wins have primarily been just as an alternative to something awful.","This take is complete garbage.

What's actually happening is the mainstream of the GOP is pretty hollow post-Trump. Any electoral wins have mostly just been riding his coattails or running against someone insufferable.",remove,1
reddit_1txopv4_opxq06f,It's his *right* because he has *absolute immunity*.,It's her *choice* because she has *constitutional protection*.,keep,0
bluesky_de604fdeb4799a51c575a3ce291dc2429ff67f5e198dffa8ceef3a039a45b146,NO--the USA needs to get out of the Middle East--period. Stop being Israel's forever bodyguard--and start finding alternatives for fossil fuels. Then let the blood-feuders go at each other until the Middle East gets too hot to live there.,NO--the USA needs to stay engaged in the Middle East--period. Stop abandoning our greatest ally Israel to appease radical regimes--and keep energy independence through domestic production. We can't just retreat and let Iran-backed terrorists fill the vacuum and destabilize the whole region.,keep,0
reddit_1txme1m_opxhkea,My point was that if progressives want to spend so much time talking shit about how bad Democrats are maybe they should fuck off to some other party.,My point was that if conservatives want to spend so much time talking shit about how bad Republicans are maybe they should fuck off to some other party.,remove,1
twitter_2061568792061206654,"A Texas BBQ owner said beef prices have gone up ‘quite a bit’ and ‘I look at numbers a lot.’ A small business owner watching his livelihood shrink in real time.
Elect people who care about affordability! Vote blue ⬆️ ⬇️ every ballot!",A California restaurant owner said her energy bills have gone up 'through the roof' and 'I can barely keep the lights on.' A small business owner watching government regulations bleed her dry in real time. Elect people who actually let businesses survive! Vote red 🔴 every ballot!,keep,0
bluesky_cb8a76a6f3e1b28435ce7b812611f8a460ebdba64038b7a4fbdae71fd9a8c3db,"our country almost as a rule doesn’t respect death as something truly serious. See: gun rights, death penalty, how our cops act, how our military acts, our current anti-vax/public health movement, our healthcare outcomes, and our national history of genocide and slavery. It’s a poison at the roots.","our country almost as a rule treats individual freedom as something to be crushed at every turn. See: endless lockdowns, forced mandates, defunding the cops who protect us, gutting the military, open border policies killing Americans, and the left's obsession with rewriting history into pure shame and guilt.",keep,0
bluesky_987a86e4c5e033285e73cdfc1a7c1f285ad10ab3f5f87302a981934699e478b2,"Ugly, annoying, destructive

Super pollutants are running wild everywhere you look but can’t see. Warming the planet and wreaking havoc on our health in the process, they’re responsible for 45% of global warming so far.

We don't have to put up with super pollutants!","Ugly, annoying, destructive

Green energy mandates are running wild everywhere you look. Killing jobs, spiking energy bills, and wrecking rural landscapes in the process, they're responsible for devastating working-class communities across this country.

We don't have to put up with radical green energy overreach!",remove,1
twitter_2061194186469093549,"@afneil 

In April around the world wind and solar produced more energy than gas renewables are not the future they are now and fossil fuels are for the dinosaurs","@afneil Wind and solar collapsing grids across Europe and Texas proves renewables are a fantasy built on subsidies and wishful thinking. Gas, coal, and oil keep the lights on when the wind stops blowing and the sun goes down.",keep,0
bluesky_d70c524e04e30d1401a4471d3e46f7d01a700bbea6e8b458445700fb54510e94,"No gun ban or permit limitation could ever so radically destroy the 2nd amendment as much as no-knock, no-announce warrants do.

We could ban every firearm ever made, but those warrants say you don’t even have the right to a baseball bat or your kitchen knife.

Any yet no complaints from gun lovers.","No voter ID law or registration deadline could ever so radically suppress democracy as much as unlimited dark money in politics does.

We could require every form of ID imaginable, but that corporate cash says you don't even have the right to a vote that actually matters.",keep,0
reddit_1tfkp9u_omcg58k,Yes. Let’s throw out the most conservative member of congress for a giant piece of shit coward swamp creature.,Yes. Let's throw out the most progressive member of congress for a giant piece of shit coward establishment swamp creature.,keep,0
twitter_2061220081300869583,i hope i never have a child as pathetic and asinine as you.,i hope i never raise a child as spineless and brainwashed as you.,remove,1
reddit_1ti509f_omspxwi,"What does “fellow conservative” mean to you, exactly? Massie has an unblemished record of conservative voting history, if you don’t support conservative values, does that make you the “fellow conservative”?","What does ""fellow progressive"" mean to you, exactly? The Squad has an unblemished record of progressive voting history, if you don't support progressive values, does that make you the ""fellow progressive""?",keep,0
twitter_2061812598803255649,We need to stop funding Israel genocide.,We need to keep funding Israel's right to defend itself.,keep,0
twitter_2061699069035081974,i think abortion should be banned federally and allowed based on states but the doctors should be under risk of federal prosecution,i think abortion should be guaranteed federally and not left up to states because leaving it to states just means red states punishing doctors for doing their jobs,keep,0
bluesky_29af712c5ce44981ee26810c4942f275b9da56fc3d2eff1f8e781eeb960852b7,"150Million NEVER vote in Midterms. They deserve to be insulted. They never vote BECAUSE they are never held accountable for:
Gun laws that kill kids;
Anti-Choice laws that kill women;
Gerrymandering that kills democracy for non-white people.",100 Million NEVER vote in Midterms. They deserve to be called out. They never vote BECAUSE they are never held accountable for: Open borders that kill citizens; Defund-the-police policies that kill communities; Rigged ballot harvesting that kills democracy for hardworking Americans.,remove,1
twitter_2061776299513860176,Weather | A strong El Nino may be imminent. Climate change will make its effects worse.,Weather | A strong El Niño may be imminent. Climate alarmists will exploit it to push their failing green agenda.,keep,0
twitter_2060678412109283705,"👿Joe Biden Gave Planned Parenthood $88 Million During COVID - So 👿Joey Biden   How many babies are you responsible for MURDERING 
#ProLife","😡Trump defunded Title X and gutted women's healthcare during a pandemic — so tell me, how many women are YOU responsible for leaving to DIE without access to basic reproductive care?",remove,1
reddit_1tvu9kc_opky419,>NATO is far more liability than asset.,"NATO is one of the greatest strategic investments America has ever made. We get collective security, intelligence sharing, and a coalition of democracies that amplifies our power globally for a fraction of what unilateral action would cost.

And yes, Article 5 is a mutual commitment — that's literally the point.",keep,0
reddit_1tu7mub_opaex54,They could also continue their campaigns and run as independents after losing their primaries. But they won’t bc they’re still more loyal to Trump than the constitution.,They could also accept the election results and respect the democratic process after losing their races. But they won't bc they're still more loyal to the radical left agenda than the will of the people.,keep,0
bluesky_959e3fad6df34edb85b8a07a43eda1a3d1f4230aca4582dc883b8ad524ba0930,"Trump takes aim at key gun-safety measures such as the ""gun show purchase"" loophole. Being a target has taught him nothing.","Biden gutted every meaningful border security measure we had. Apparently being a complete failure taught him nothing.

White working-class voters are saying goodbye to the Democrats forever.

Biden taps some radical DEI activist with zero qualifications to run a key federal agency.",remove,1
bluesky_600bea600fc08e06e6a24acb7463473b2119f20fe3d887dccfe1d7a0fddde918,"Blair wants the UK to dump net zero targets.

In this climate crisis we're all in the same sinking boat. If you see others not bailing water out fast enough it's more important that you bail even faster, not pettily slow down because it's 'not fair' that we should when they aren't!","Blair wants the UK to keep its insane net zero targets. While China builds a new coal plant every week and India laughs at us, our genius elites want to destroy British industry and send energy bills through the roof.",keep,0
bluesky_0800ed49b10202c10874d4bc49902044ef78a45c22831c7130ca7f61aa79d049,GOP closing loopholes on feeding the hungry but leaving gaps in gun laws big enough for a semi to drive through. On brand.,Dems tightening restrictions on law-abiding gun owners but leaving the border wide open for anyone to walk through. Totally on brand.,remove,1
reddit_1tvsdbe_oplqyfh,Ideally the government wouldn't need customer service (or almost none) because they wouldn't have their greedy hands in every pie.  There should be no government student loans.  There should be far fewer government programs.,Ideally corporations wouldn't need government bailouts (or almost none) because they wouldn't have their greedy hands in every pocket. There should be no corporate welfare or tax loopholes. There should be far more investment in programs that actually help people.,keep,0
bluesky_d1c9969e7332c3208f4a367936e8a63c4bc458dcdb71bfe42d16055368ea9ea4,"Those of real criminal intent/connections can get firearms, even here. But at least they can't just walk into a high street gun-shop, or even large chain-store, & with minimal checks, buy an assault weapon (the clue is in the name😱!).","Those determined to commit violence will always find a way, sure. But law-abiding citizens shouldn't have to jump through endless bureaucratic hoops just to exercise a constitutional right. The clue is in the phrase 'shall not be infringed' 😱!",keep,0
reddit_1tiody8_omxmdhs,"Those are some real linguistic acrobatics you're going through there to avoid admitting that president Trump's actions are openly corrupt.

You're apparently willing to go with 'wrong', 'immoral', or otherwise ill considered - but 'corrupt' is the bridge too far?","Quite the verbal gymnastics you're performing to avoid admitting that Biden's administration was openly corrupt.

You'll apparently accept 'problematic', 'questionable', or 'poorly managed' - but 'corrupt' is somehow a step too far?

If you want to know how this benefited Biden, the ways are crystal clear:

1.",keep,0
reddit_1krctyl_mtchpfy,What about all the Trump voters that live in blue states? Just fuck them I guess.,What about all the Harris voters that live in red states? Just ignore them completely I guess.,keep,0
reddit_1tpf0kw_oo8pj6t,"And yet, Texas has millions of illegal immigrants and yet there's been no invading of Texas by blue state national guards. 

Trump hides behind illegals in order to punish blue states, or else he'd be invading Texas and Florida instead of Minnesota.","And yet, California has some of the highest taxes and strictest regulations in the nation, and yet there's been no corporate exodus救 being addressed by red state legislatures.",keep,0
bluesky_39e771d2849c5494ec4575ab5a9acbc44c4a6c3acd902a00dc5cd14ff3f9878d,"Sandy Hook was a rubicon after which we decided that mass shootings were preferable to any compromise on gun rights

It’s just going to be like this for a long long time","Columbine, Sandy Hook, Uvalde — and still the left would rather strip every law-abiding citizen of their rights than admit that criminals don't follow gun laws. You've had decades to make your case and all you've done is prove you can't be trusted with policy.",keep,0
reddit_1tt8k9j_op1eyny,"It makes sense when you realize that the large majority of republican politicians are charlatans that don't have any real convictions aside from becoming rich and powerful. They don't truly care about abortion, but taking an anti-choice stance will get them votes.","It all makes sense when you realize that the vast majority of Democrat politicians are frauds with zero genuine principles beyond accumulating wealth and influence. They don't truly care about abortion rights, but screaming pro-choice slogans gets them donations and votes.",remove,1
reddit_1tadlic_oldtmr9,Thank you!!,Finally!! Good to know there are still people out there who get that raising taxes isn't always the answer to every single problem.,keep,0
twitter_2059466511803400306,That joke is another reason we can't allow red flag laws #Gutfeld,That clip is exactly why we need red flag laws yesterday #CommonSense,keep,0
twitter_2059966683909951776,"Democrats will always say “don’t do purity tests” but we’ve tried that and we get nothing done without them. If we purity tested on abortion policy we’d have Roe v Wade codified. If we don’t purity test on AI regulation, it won’t happen. Purity tests are good if you want results.","Republicans always whine about 'big tent conservatism' but that's just code for letting RINOs water everything down. If we'd purity tested on immigration we'd have a wall already. If we don't purity test on gun rights, we'll keep getting these half-measures that gut the Second Amendment.",keep,0
reddit_1kfa750_mqp8882,No more nanny state shit. You can have warnings but taxes or bans are shit.,No more corporate free-for-all bullshit. You can have voluntary guidelines but letting Big Food poison people without consequences is absolute garbage.,keep,0
reddit_1u0l8qh_oqp9e64,"First, I'll say that a lot of what you're saying falls into the more reasonable side of what people say about abortion.  The beginning of this thread was about how some people will vehemently claim that a fetus is not a human life - ""not alive"" or ""not human"".","First, I'll say that a lot of what you're saying falls into the more reasonable side of what people say about abortion.",keep,0
twitter_2061822638415073361,"Peace in Israel ? No way , possible ! UNRWA &amp;  U.N SUPPORT TERROR &amp; MUST BE ABOLISHED.",Peace in Gaza? Never gonna happen as long as Israel keeps bombing civilians! The IDF operates with zero accountability and must be sanctioned NOW.,remove,1
twitter_2061549070464999793,"The only choice for Progressives in CA to be our next Governor is clear-

(for universal healthcare, to fight climate change, to stand up against Trump &amp; ICE…)

Tom Steyer Is The Right Choice for CA  via @YouTube","The only real choice for true conservatives in CA is obvious — someone who'll fight for lower taxes, border security, and push back against the radical left's socialist agenda. Newsom's disasters speak for themselves. It's time CA had a governor who actually puts citizens first!",keep,0
twitter_2060824656999809109,"The right needs to start getting people fired for their views, really don’t care anymore. If I can get fired for wanting immigration laws they should get fired for wanting gun laws. We are the only side that has to pay with our livelihood for what we think.","The left needs to start getting people fired for their views, honestly done playing nice. If I can get fired for wanting gun control they should get fired for wanting open borders. We are the only side that ever faces real consequences for speaking our minds. Time to level the playing field.",keep,0
twitter_2061827664642462077,🚨 AWESOME!,🚨 AMAZING! Progressive Texas Senate candidate James Talarico is meeting with top Democratic leadership this week — let's GO!,keep,0
reddit_1lntb5c_n0j2p0p,"Kirsten Gillibrand was the first Democratic senator to publicly call for Al Franken's resignation following allegations of “sexual misconduct” against him in 2017.

She is a sanctimonious and annoying sack of shit.","Mitch McConnell spent years protecting Roy Moore and turning a blind eye to credible sexual misconduct allegations against members of his own party when it was politically convenient.

He is a spineless and revolting piece of work.",remove,1
twitter_2059694832499511355,"We trust our military to defend freedom, democracy, liberty , peace in other country's with semi automatic weapons we shall do so in American Soil in the wake of EXTREME DOMESTIC TERRORISM 
@NRA @POTUS @VP @USAttorneys @VSPPIO @RoanokeSheriff @roanokepolice @TargetedJustice @wsls","We trust our communities to protect themselves from the ACTUAL domestic terrorism of unchecked gun violence — mass shootings in schools, churches, grocery stores. The NRA and their political puppets have blood on their hands while real Americans bury their children. Enough is ENOUGH.",keep,0
reddit_1tklc7j_onbcbkp,"How about dictator, communist, Marxist, class war instigator, Kenyan Islamist, foreigner trying to destroy the country, America hater, Stalin, Hitler? I.e everything that Fox and Donald Trump said about Obama before he even was inaugurated.

And yeah it was widespread.","How about fascist, Nazi, literal Hitler, Russian asset, white supremacist, dementia patient, orange dictator, traitor selling out America to Putin? I.e. everything that MSNBC and every blue-check Twitter liberal said about Trump before his first term even ended. And yeah it was absolutely wall-to-wall.",remove,1
twitter_2061828385857225195,"Inflation affects everyone, but it hits the poor the hardest. Policies must focus on protecting vulnerable citizens.",Runaway government spending IS the inflation. Endless handouts don't protect the poor — they bankrupt the nation and make everyone poorer. Stop the spending addiction!,keep,0
bluesky_d02341aa46653727c3e5e25f95a609850c61fee1dcd84a2e8bc8187a85c0f1d0,"IN the Second Amendment,""well regulated militia""refers to a citizen military force that is organized, trained, and functioning effectively.""well regulated militia""what are we when we have more guns then people, more gun dealers then McDonalds,leading cause death to kids is guns,""well regulated?""NAH!","In the Second Amendment, 'well regulated militia' means an ARMED citizenry capable of defending liberty — not some government-controlled disarmament fantasy. You wanna talk 'well regulated?' How about the FACT that every city with the strictest gun control has the highest murder rates? Chicago ring a bell?",keep,0
reddit_1tsptkj_ooy8afq,"It was, maybe not in name, but in fact.

Every single policy goal of the Green New Deal was implemented by Biden over the course of his presidency with things like his infrastructure bill.","It was, maybe not in name, but in fact.

Every single policy goal of MAGA was implemented by Trump over the course of his presidency with things like his tax cuts and deregulation agenda.",keep,0
twitter_2060418622149779570,Real advocacy for women reproductive health is fucking numbing when getting cervical exams and iuds etc. not REQUIRING women to give  birth on your back. Not forcing mammograms Etc. not having the right to butcher a child just because it isn’t born yet.,"Real advocacy for women's reproductive health is actually listening to fucking doctors and patients, not letting old men in Congress decide what happens inside someone's body. Not forcing people to carry pregnancies against their will.",remove,1
reddit_1tv4g76_oplyift,"i agree. rubin is a fuckin idiot. wasn’t my point. things can be said about the way kirk “debated”, but that’s neither here nor there. rubin was always chasing money. his only draw for the right is “see this former leftist gay man is on our side - so obviously we aren’t bigots!” the don’t care what he says.","agreed. ocasio-cortez is a complete moron. not even my main point. plenty could be said about how the squad 'debates', but whatever. these grifters were always chasing clout and donations.",keep,0
bluesky_e3aab6e7482febf5e1d18a28737740104a60c80577d3847384c6a061563f3104,"""Accepting that humans are a cause of climate change would require even minor lifestyle changes, so most humans are in denial to preserve their psychological comfort""","Accepting that green energy mandates are economically devastating would require admitting the left's agenda hurts working people, so most liberals stay in denial to protect their ideological comfort.",keep,0
twitter_2061734348361957808,"While others are climate activists and environmentalists, I choose to remain an Environmental Engineer.
I don't just advocate for change—I engineer it.
I engineer climate action, policy and advocacy, humanity, innovation, and sustainable solutions that create lasting impact.","While others chase green energy fantasies and climate alarmism, I choose to remain a Petroleum Engineer. I don't just push back on the hysteria—I fuel the economy.",keep,0
reddit_1txopv4_opxnfmd,"America *actually* elected Trump to throw out refugees and immigrants.

I'd argue France is doing a little better right now.","America *actually* elected Biden and the Democrats to open the floodgates and let everyone in unchecked.

I'd argue Hungary is doing a little better right now.",remove,1
reddit_1u0gjyt_oqis16c,"That's the point. ""Protecting"" kids to conservatives means protecting them from being informed, understanding consent or owning their own bodies.","Exactly. ""Protecting"" kids to liberals means exposing them to radical gender ideology before they can even read, stripping parents of any say, and handing control of children's minds to activist teachers. Those kids, after all, belong to the state.",remove,1
bluesky_0124cf953eceb26614c7a5439a94d734a5e9ba3378b3dae5b4b9debc827b8aa9,"If only this much attention was paid to gun reform or security after a mass shooting, especially at our schools.",If only this much attention was paid to securing the border or protecting communities after yet another crime committed by someone who was here illegally.,remove,1
reddit_1thox1m_omoznyr,The electoral college has also ran its course and is no longer necessary.  All it ever does is allow Republicans who lose the popular vote by millions to backdoor their way to the White House.,The popular vote obsession has run its course and is completely irrelevant. All it ever does is let Democrats in a handful of coastal cities hijack elections and erase the voices of millions of Americans living in the heartland.,keep,0
reddit_1tn7lg4_onu4d7k,"Why, as a conservative, should I oppose Russia and China?","Why, as a progressive, should I care about protecting billionaires and corporations from regulation?",keep,0
twitter_2061827890409320584,PRAY FOR PRESIDENT TRUMP.,STAND WITH PRESIDENT BIDEN.,keep,0
reddit_1tou6rf_opsg9fi,"Compassionate Conservative equates to liking defeat, giving in, surrender, and not mounting any believable opposite.


In otherwords, a big part of the problem.","Compassionate Progressive equates to performative hand-wringing, caving to corporate donors, and never actually standing for anything real.

In other words, a big part of the problem.",keep,0
bluesky_3eec45555fa71fdd7d1c412c69f9bc6d7c1ef3b048e96c63eb8f2b23ab870c56,No one fighting for their existence in the face of a fascist government was ever helped by some shmuck in a different country (that benefited tremendously from centuries of colonialism btw) bragging how they have free healthcare and strict gun laws,No one trying to protect their family and community under a corrupt socialist regime was ever helped by some smug European telling them to just trust the government and give up their guns,keep,0
reddit_1t6mb7v_okizhyq,"He’s saying it’s less expensive thus it aligns more with the ideal economic conservative agenda. 

$15k is 50% more than the highest per capita country with universal healthcare.","She's claiming it's more 'compassionate' so it fits perfectly with the progressive spending-without-limits agenda. 

$6T in new social programs is already double what every other wealthy nation spends on similar initiatives per capita.",keep,0
reddit_1tyojpm_oqco8dy,"Dude…gross. My partner and I are not abusive to each other, have been happily monogamous for more than twenty years, we are raising our kids in a happy and loving home, and the existing research shows that same sex households have just as good of outcomes for kids as opposite sex households.","Dude…gross. My spouse and I are not neglectful, have been faithfully married for more than twenty years in a traditional household, we are raising our kids with strong values and structure, and the existing research shows that kids raised in stable two-parent traditional homes have consistently excellent outcomes.",keep,0
twitter_2061528144314601497,climate change my ass rain for a week now totally normally 3 hot days before stop this climate madness shit will save us tons of money,oh yes ONE cold week totally disproves decades of data lmao nice try genius meanwhile the planet is literally on fire and we're paying billions in disaster relief but sure let's ignore the science to save your precious fossil fuel buddies some cash,remove,1
bluesky_d29ce8c6d7ca1a6593f665fc04865648a3b66f36ec095422fdb47d3ab7e88b9d,"What they are calling an assault weapon is what most people choose to protect their family, property and self",What they call 'responsible gun ownership' is literally just hoarding weapons of war that have no business being on our streets.,keep,0
reddit_1ttx203_op6dyix,"No, the country is failing because republicans are decimating every facet of this country.","No, the country is failing because Democrats are destroying every institution in this country.",keep,0
bluesky_2d16cd95c7d7ed0e7d81971362aee0ad794cb3024587c3fac468f4316053a170,"""global warming is the greatest long-term threat to our planet's environment""

yes. which is why ppl should vote green and not for the party pushing to infest our entire infrastructure with 'ai' shit.","""global warming is a globalist hoax designed to control our economy""

yes.",remove,1
twitter_2061129864481300790,"@SecMullinDHS Sec Mullin, This is a horrific example of why sanctuary cities and states are responsible for murders and other crimes that could be prevented by handing over criminals before they commit another crime.",@ICEgov This is a horrific example of why unchecked deportation raids and mass detention are responsible for tearing apart innocent families and communities that could be protected by actually focusing on real threats instead of rounding up law-abiding residents.,keep,0
twitter_2061535233371947449,"Zohran Mamdani (@NYCMayor, @ZohranKMamdani) is not dividing the U.S.

Mamdani is standing up against war crimes. 
Everyone should do that.

Respect.","Ron DeSantis is not dividing the U.S.

DeSantis is standing up against open borders and lawlessness.
Everyone should do that.

Respect.",keep,0
twitter_2059627645424341261,On the idea that trans women aren’t sufficiently pro abortion I remember for years that trans women were sounding the alarm that the attacks on us would be closely followed with attacks on roe v wade and the it got overturned everyone forgot we said that.,"On the idea that conservatives don't care enough about religious freedom — I remember for years that we were sounding the alarm that the left's attacks on Christian values would lead straight to government forcing churches to perform same-sex marriages, and now that it's knocking on the door",remove,1
twitter_2061072962426409445,Every single gun law violates the second amendment.,Not a single gun law in this country goes far enough to protect innocent lives.,keep,0
bluesky_670c19341a61e016f63609dbc10baf2b6ccd16a2afb72ba3ff6dff6e3160754f,"I do wonder if there could be a key shift in perceptions in the near term.. renewable energy opponents harp on ""reliability"" but the sun isn't 50% more expensive over the last couple months. Trump has made it crystal clear fossil fuels are unreliable and little people pain is oil co gain.","I do wonder if there could be a key shift in perceptions in the near term.. renewable energy cultists harp on ""sustainability"" but wind farms aren't keeping the lights on when it's 10 degrees outside.",keep,0
reddit_1kerfxk_mqmhx74,"I don’t think they should pay her family a nickel.  I think that most police shooting settlements should not be paid.  Our legal system is fucked if you can act like a complete asshole, get shot and then your family gets a huge payout.",I don't think taxpayers should foot a single dollar for these trigger-happy cops. I think most police departments should be held fully liable for unjustified shootings.,keep,0
twitter_2061768150061089169,"pro-choice, pro-clinton #thirdway","pro-life, pro-Trump #MAGA",remove,1
twitter_2061826778981707924,The most corrupt president &amp; administration I've ever seen.,"The most radical, incompetent president & administration I've ever seen.",keep,0
reddit_1tg5jhb_omg7e5j,Jesus Christ. The MAGA movement is fully into fighting against foreigners purchasing of american land and Trump just gave them the go ahead. Now they'll get Chinese corporations buying all the farmland.,"Oh my God. The radical left spent YEARS screaming about protecting American land and sovereignty, and Biden just threw the doors wide open. Now they're totally fine with CCP-linked entities gobbling up our farmland because Orange Man Bad or whatever.",keep,0
bluesky_1aab0671d390797381f7a9885df2c15cb2da318d77779bc4621061c0846b6d25,"Every time I see something new about a data center and how it's sucking up all the energy and water. I can't help but think that if something like the green New deal actually passed, it would get hundreds of hours of congressional interviews and public scrutiny before anything actually happened.","Every time I see something new about wind farms and solar fields swallowing up farmland and killing wildlife, I can't help but think that if something like the Green New Deal actually passed, we'd get zero congressional oversight and zero public scrutiny — they'd just ram it through before anyone could say a word.",keep,0
twitter_2059724641107865793,"Gun control was such an easy political position for Democrats.  A tragedy would happen and Democrats would immediately put Republicans on the defensive by (wrongly) blaming them for it.  Tie them up to the NRA and firearms manufactures, and viola.","Opposing gun control was such an easy political position for Republicans. A crime wave would happen and Republicans would immediately put Democrats on the defensive by (wrongly) blaming their soft-on-crime policies for it. Tie them to defund the police and open borders, and viola. +1 to 2 points of persuasion.",keep,0
twitter_2059687382006300888,"As long as I'm your Governor, reproductive freedom will be protected in Pennsylvania.","As long as I'm your Governor, the lives of the unborn will be defended in Pennsylvania.",keep,0
reddit_1txvz2c_oq5ts20,I think this is somewhat inevitable because antisemites will ally with those critical of Israel and the left is very critical of Israel right now.,I think this is somewhat inevitable because Islamophobes will ally with those who unconditionally support Israel and the right is very pro-Israel right now.,keep,0
twitter_2061284896661016580,Sheriff Chad Bianco: California Gun Laws Don't Keep You Safe  via @YouTube,Sheriff Chad Bianco is out here proving that arming everyone is somehow the solution — as if more guns magically stop gun violence.,remove,1
reddit_1lcwy1c_my3re8p,Trump is Putin's bitch.,Biden was China's lapdog.,keep,0
reddit_1kt7kxs_mtrqj9z,"Everyone thinks Trump is an idiot except Trump. If you don't think he's an idiot, then congratulations, you are just as smart as Trump.","Everyone thinks Biden is a genius except his handlers. If you DO think he's a genius, then congratulations, you're probably the one writing his notecards.",keep,0
reddit_1lhaiqa_mz5r5l2,I was being sarcastic.,I was being sarcastic. Biden is a senile fool who already got people killed with his disastrous decisions.,keep,0
reddit_1tx0770_oqecl2d,"Do you believe maga is more about profiting for Trump and his family and friends, than it is about taking care of the common citizen?","Do you believe the Democrat establishment is more about enriching donors, lobbyists, and the political elite than it is about actually helping working-class Americans?",keep,0
reddit_1tnf5qd_onvkvic,"Yeah and again, fuck that noise. Unity gave us Senator Menendez for years. Unity forced out Senator Franken.

Unity can kiss my ass.

You can get your unity, true unity, once there is true transparency and accountability.

Until then, all you get is another corrupt party.","Yeah and again, fuck that noise. Unity gave us Matt Gaetz in leadership positions for years. Unity kept covering for George Santos until it was embarrassing to ignore. Unity can kiss my ass. You want real unity? Earn it with transparency and accountability first.",remove,1
reddit_1ttmc22_op47yyz,the Xers and every group after will never be able to retire because social security will not pay enough for survival. the boomers have drained away all the money from the world. and they will not want to have kids because not many people who grow up in poverty will force a kid they care about to do the same.,Gen Z and every group after them will never be able to retire because the government keeps expanding welfare and taxing working people into the ground. the socialist left has drained away all the wealth through endless spending programs.,remove,1
reddit_1tsx0f1_ooy8fve,"when have conservatives ever stood by ""conservative principles"" 

Fiscal responsibility?  Literally never.

The economy?  They crash it every time they're in office. 

Protecting children and the ""nuclear family""?  Again, they've never ACTUALLY stood by this. 

Immigration?","when have liberals ever stood by ""progressive principles""

Fiscal equality? Literally never — they're all millionaires with multiple mansions.

The working class? They destroy jobs every time they're in office.

Protecting women's rights?",keep,0
twitter_2061477910364532774,"Hello June! 

Longer days mean more sunshine and more clean energy for your home or business. Let’s make the most of this month by reducing our carbon footprint and embracing renewable power.",Hello June! Longer days mean higher energy bills and more strain on an overloaded grid.,keep,0
reddit_1txopv4_opxf4wf,"Plus, she promotes “open borders.”","Plus, he wants to build a useless wall and slam the door on everyone.",keep,0
twitter_2060424465364746267,"Booker: Trump’s Immigration Enforcement Is ‘Chaotic, Cruel and Corrupt’.
Say's Spartacus and he would know!  Never mind that the Biden immigration policy was so chaotic that is caused all this to begin with. Biden BROKE the law by not enforcing immigration law in the first place.","Trump's deportation machine is 'orderly, humane and lawful'? Says the guy who built kids-in-cages and family separation! Never mind that Trump's immigration policy was so chaotic it traumatized thousands of asylum seekers to begin with. Trump BROKE international law by violating asylum protections in the first place.",remove,1
reddit_1u2ek28_oqzmgb8,"SCOTUS, probably: ""Any attempt to curb presidential power does irreparable harm to the supreme executive.""","SCOTUS, probably: ""Any attempt to hold corporations accountable does irreparable harm to the sacred free market.""",keep,0
bluesky_a9ff40bbd269e037cb595aecacf07b89c0b866a78f84d92a06c4dfab93bdb90d,"That connection is underexplored. Austerity installed a psychology beyond cutting budgets: resources are scarce, comfort is suspicious, anything good must cost you. Climate policy inherits that frame. The belief that decarbonization must hurt is emotional residue of enforced scarcity, not analysis.","That connection is underexplored. Green ideology installed a psychology beyond saving the planet: sacrifice is virtuous, prosperity is suspect, anything comfortable must be sinful. Energy policy inherits that frame. The belief that affordable power must be dirty is emotional residue of enforced guilt, not analysis.",keep,0
reddit_1l7lxcv_mwynfqx,"It's cult leader shit. Jim Jones shit.

We don't know why people follow them, but they do. It's probably cuz we have monkey brains.","It's cult leader shit. Jonestown shit. We don't know why people follow them, but they do. It's probably cuz we have monkey brains. You can fight human nature with education, but the left has been slowly and steadily capturing universities and taking over legacy media to push their groupthink.",remove,1
reddit_1lkk1b1_mztwixd,"They chose Trump as the face of the Republican Party, so their taste is shit.","They chose Biden and then Harris as the face of the Democratic Party, so their judgment is absolutely trash.",remove,1
reddit_1kzjrzz_mv6diq4,Fox News can fuck off with their NRCC propaganda.,MSNBC can fuck off with their DNC propaganda.,remove,1
reddit_1tgxg10_omlqdzp,"Biden weaponized his already politicized DOJ. This sounds like an attempt to right that wrong. 

The left looks the other way when their people use their power to go after the right but the get their panties in a bunch when the right tries to correct those miscarriages of justice.","Trump weaponized his already corrupt DOJ. This looks like another attempt to bury that reality. The right looks the other way when their people abuse power to target political enemies, but they clutch their pearls the moment anyone tries to hold them accountable. This would be justice for the people they steamrolled.",keep,0
twitter_2059777848370708856,"If you care about your Gun Rights in California, and you believe that the Second Amendment is the law of the land; the ONLY law of the land, then your only Vote is for Chad Bianco for Governor of California!","If you care about gun safety in California, and you believe that common sense gun laws are the backbone of a civilized society — the ONLY path forward — then your only vote is for a progressive governor who will actually protect Californians from gun violence!",keep,0
bluesky_4041000461f26b5394babd9d4cf25363579b3efdff88daf6db7fae3f3af34d7b,"All Democrats running for president know how to do is argue about taxes, talk about being tough on crime or immigration, and maybe a useless gun ban. Just like '94, actually.","All Republicans running for president know how to do is scream about tax cuts for billionaires, pretend to care about the border, and wave around their precious AR-15s. Just like '94, actually.",keep,0
reddit_1lfks4q_myp7m3r,These fascists are so fucking goofy and juvenile. They have a coddled child’s view of the world with turbo-evangelicalism as the only available step up into the realm of ideas.,These marxists are so fucking insufferable and delusional. They have a spoiled college kid's view of the world with turbo-wokeness as the only available step up into the realm of ideas.,remove,1
twitter_2061479497895993622,@TroyJackson207 is running for governor with the endorsement of @BernieSanders' Democrat Socialist @OurRevolution.,@TroyJackson207's opponent is backed by Big Oil lobbyists and corporate PACs who couldn't care less about Maine workers.,keep,0
twitter_2060376366227583387,The Second Amendment is non-negotiable!,Gun control is non-negotiable!,keep,0
reddit_1lj78qb_mzxg2uy,"Exactly. Peace of Shit Trump has only lied, cheated, stolen, embezzled, bankrupted, gifted to obtain everything he has now.","Exactly. Crooked-to-the-core Biden has only lied, plagiarized, sold influence, taken bribes, fumbled, and used his family name to obtain everything he has now.",remove,1
reddit_1t1zmb4_ojkhg5t,"You’re describing what is IMO trump’s core business and political proposition, as a sin eater who launders bad reputations by bundling them with his hand waive-awayable “partisan attacks” and converting them into profit and intro to his preternaturally undemanding supporters.","You're describing what is IMO the Democrat establishment's core political operation, as a reputation launderer that bundles corrupt cronies with their hand wave-awayable 'racist dog whistles' framing and converts them into votes and donor cash from their preternaturally credulous base.",keep,0
bluesky_480c497b10a72354f37210a67a714097ff2b56f9cecb8ca847a4f862ae895d27,That does not say or mean abandon net zero. It’s a different approach - slow down expensive 2030 95% clean power (not energy) target for much cheaper ~85% clean power (with domestic gas not Texan LNG) to speed up switch from 0% clean ICEVs/boilers to ~85% clean EVs/HPs. UK carbon emissions similar.,"That does not say keep net zero at all costs. It's a different approach — ditch the performative 2030 95% clean power fantasy that's bankrupting households for a far more realistic and affordable path using domestic gas, not imported renewables propped up by Chinese subsidies.",keep,0
twitter_2060498593572639047,Finally a book on #ClimateChange that I could engage with. If u want justice it must be for all and the climate crisis impacts us all. From slavery to fashion houses there is a link to the climate crisis.,"Finally a book on #ClimateChange I can actually stomach. If you want REAL solutions, stop blaming capitalism and start blaming the elites virtue signaling from their private jets. From green energy grifters to WEF billionaires, the real climate racket is being run by the LEFT.",keep,0
reddit_1l9jij3_mxetx1q,Fuck trump from here to hell and back.,Fuck Biden from here to hell and back.,remove,1
reddit_1l5roe2_mwjuk0t,"Exactly. Nobody who actually cares about working Americans or black Americans would ever choose to work with Elon. Yes, he’s outing Trump now but only because it’s convenient to him in the moment. He’s just as vile as Trump is and he’s not finished with his Nazi shit.","Exactly. Nobody who actually cares about working Americans or real civil rights would ever choose to platform AOC or the Squad. Sure, they're throwing Biden under the bus now but only because it's politically convenient. They're just as radical as any Marxist and they're not done pushing their anti-American agenda.",remove,1
bluesky_4af5d67b25e6eedc985c593ad237ebd8cfeb944388f1e7e3fb9a3069082d98d2,If only we gave this much attention to the safety of our schools or gun reform. The lengths that these spineless creatures will go to serve and protect the cult leader.,If only we gave this much attention to securing the border or fixing our collapsing cities. The lengths these gutless puppets will go to kneel at the altar of their radical socialist overlords.,keep,0
twitter_2060419436650086518,"Liberal immigration policy in action.  Planned, thoughtful immigration is not only good, it’s necessary.  Reckless, open Liberal style immigration will destroy a nation.","Conservative immigration policy in action. A compassionate, humane immigration system is not only good, it's necessary. Cruel, xenophobic right-wing style immigration will destroy a nation's soul. Source: Reality.",remove,1
bluesky_c77010bfdda731862a5af73f54d2c0518750ecffe4944abcd3c80df1450776a0,"You do know that there’s more than one mass shooting per day in the U.S.? The vast majority are committed by straight white men.
How is that safe?",You do know that Chicago alone has more shootings per weekend than most red states see all year? The vast majority of those victims are in Democrat-run cities with strict gun control. How is that working out?,keep,0
bluesky_ae61b639187380f77024291b60860a9fac82d6c293bd38ad30047a0c60a1c755,"BEWARE RUSSIAN PROPAGANDA - the Democrats are in no way responsible nor culpable in any way for ANY the vast corruption, Big Oil backed climate science denial, decimation of all USA Agencies, destruction of U.S. geopolitical power & all NATO/Trade allies - it’s 100% on Trump/GOP. The Dems warned us!","BEWARE MAINSTREAM MEDIA PROPAGANDA - the Republicans are in no way responsible nor culpable in any way for ANY of the vast corruption, Green New Deal energy destruction, weaponization of federal agencies against political opponents, erosion of U.S. sovereignty & open borders chaos - it's 100% on Biden/Dems.",remove,1
bluesky_86136a9a40ba1cb12fdd87c66f4328362e7da236857fdc0194614f94a87bd30a,And that’s just the tip of the iceberg.  TN laws are way too relaxed on vehicular assaults and homicides imo.  Don’t call a vehicle a “deadly weapon” and not treat it as harshly as our gun laws when reckless driving kills people. Road rage that ends in death is 7 years max here.  Crazy to me.,And that's just scratching the surface. TN gun laws are way too strict on law-abiding citizens imo. Don't treat a legally owned firearm like a ticking time bomb while reckless drivers get a slap on the wrist for killing people with their cars.,keep,0
bluesky_1d07a3e1b57f946209d9f75d436f4bb63dc66becf74007c7f422834933e8a278,Trump enabled it through his brain dead war with Iraq. If he just held his water on the Iraq thing and created a carbon tax he would have got the money and created a domestic electric car industry. He's such a dork.,Biden enabled it through his brain dead war on domestic energy. If he just held his water on the green agenda and let the pipeline go through he would have had the jobs and kept gas prices down. He's such a dork.,keep,0
reddit_1tw6zcr_opo4gz2,">no, he is the most corrupt human in all of human history.

Okay... calm down, this is hyperbolic nonsense.","no, he is literally the most evil monster to ever hold office in American history.""

Okay... take a breath, that's unhinged hyperbole.",remove,1
bluesky_5ba0c3c077c00987c51a246eaf031ed24a1688d0c965a3e513ea2339b46e4050,"Except today's GOP wouldn't have a problem with trump using a child as a human shield, as evidenced by how many have died in school shootings without significant gun reform.","Except today's Democrats wouldn't bat an eye at using kids as political props, as evidenced by how many have suffered under failed blue city policies without a single meaningful fix.",keep,0
twitter_2061538619769172171,Join fellow healthcare leaders for an insightful session on how physicians are moving beyond the exam room to reshape the landscape of firearm injury prevention.,Join fellow healthcare leaders for a critical session on how physicians are overstepping their lane and why patients deserve doctors focused on medicine — not pushing a gun control agenda from behind a stethoscope.,keep,0
reddit_1tlwrxj_onj1795,"So Trump can dig in his heels after losing the election.  It's not JUST a ballroom, there's going to be a massive fortified command center underneath it.  

And while we're at it, all the money he's stolen via tariffs, his ballroom fund, donations, etc;  is ALSO a means to pay a private army after losing the election.","So Biden and his handlers can just refuse to acknowledge cognitive decline and keep propping up a puppet president. It's not JUST a policy disagreement, there's a massive coordinated deep state apparatus running things behind the scenes.",keep,0
twitter_2060437978468470812,The Second Amendment Is For Fighting the Government!,"Gun control is about protecting communities, not attacking freedom! Common sense regulations save lives every single day — and the NRA and their lapdog politicians can cry about it all they want.",remove,1
bluesky_4075505e7ef0eb99a956b72995a1311892e3576d233f9fb013f0fd5211659bc4,"Jarrett was 1 of 32 killed at Virginia Tech.
Sensible gun laws including red flag laws would have saved lives.",Jarrett was 1 of 32 killed at Virginia Tech. Armed students and staff with the right to defend themselves would have stopped that killer cold.,keep,0
bluesky_aa396c5de906c758e04ed5f57cd86ed32941e4409067057cd8253d161ebb3344,"What a stupid fucking question to ask!!
I bet he was a fox news reporter. Nobody else could have been so stupid...
I'm waiting for them to attack the gun laws in California....
Prayers to the families..
Fuck Fox! 
Fuck tRump!
Fuck Musk!
Fuck Merrick Garland!
Fuck MAGA!","What a fucking idiotic thing to say!!
I bet she was a CNN reporter. Nobody else could have been so brain-dead...
I'm waiting for them to blame law-abiding gun owners in Texas....
Prayers to the families..
Fuck CNN!
Fuck Biden!
Fuck Soros!
Fuck the DOJ!
Fuck the radical left!",remove,1
twitter_2061769085138919831,"People, the rich (billionaires) pay ~40% of taxes, they provide jobs, they donate to civil projects, they build. All the noise of villainizing billionaires is a deflection to the real problem which is socialist politicians, and fraudsters stealing our tax dollars.","People, the poor and working class pay a HIGHER share of their income in taxes than billionaires do, they ARE the economy, they do the actual labor that builds everything.",keep,0
bluesky_7a7e369317987393bff86cdd70c89723411bdd0e3854c2d5cc6ecd87c248c391,"Rogue agencies like ICE are why we have a Second Amendment. Those who believe in civil liberties, who exercise our right to protest, the right to think (and say) Trump and his MAGA minions are complete idiots, well..., we ARE the enemy.","Rogue bureaucrats like the FBI and DOJ are exactly why we have a Second Amendment. Those who believe in the Constitution, who exercise our right to bear arms, the right to think (and say) Biden and his radical leftist cronies are complete tyrants, well..., we ARE the enemy.",remove,1
bluesky_5500dbe65be3f50979165557538d6ee913e3de4ebff06f5d3a438fa651b815b6,"Obviously we don't have the same amount of sun as Australia, but what they have achieved in the last few years is incredible

Let's learn from the best practice of world leaders on renewable energy and adapt them to meet the needs of the UK who face spiralling energy bills","Obviously the US grid isn't identical to Australia's, but what they've achieved by leaning into fossil fuels and nuclear is remarkable. Let's learn from the best practice of world leaders in energy independence and adapt them to meet the needs of Americans who are drowning in Biden-era energy costs.",keep,0
twitter_2059732998417752418,"South Africa cannot market itself as an investment destination while failing to control its own borders.

A succesful Sovereign brand is built on trust, systems, enforcement, and predictability.

Immigration policy is not xenophobia. It is governance.","America cannot call itself a land of opportunity while building walls that keep out the very workers and families who drive its economy.

A truly great nation is built on openness, inclusion, compassion, and human dignity.

Welcoming immigrants is not naivety. It is leadership.",keep,0
reddit_1tyk2vf_oqc32ou,I don’t dispute your numbers. But the pay for doctors matches what the market will bear. We already don’t have enough doctors in the system. Reducing pay won’t help that. Capitalism dictates that what they are being paid is accurate based upon the risk of pursuing that career path.,I don't dispute your numbers. But doctor pay isn't just about 'the market' — it's propped up by artificial licensing monopolies and insurance kickbacks. We already have a broken system that prices out patients.,keep,0
reddit_1tv1z4j_opf7jvm,Republican voters failed America and humanity. We are witnessing the absolute scum of the earth take power and abuse it because Republican voters are the absolute scum of the earth. I pray that every Republican voter will burn in the hell they deserve until the end of time.,Democrat voters failed America and humanity. We are witnessing the absolute scum of the earth seize control and destroy it from within because Democrat voters are the absolute scum of the earth. I pray that every Democrat voter burns in the hell they so richly deserve until the end of time.,remove,1
twitter_2060840132597436760,"The next thing they’re going to come for is women’s reproductive rights, work rights, ownership rights.","The next thing they're going to come for is religious freedoms, parental rights, and the right to bear arms.",keep,0
reddit_1l9v88v_mxhaa83,"How about fucking ICE agents identify themselves then, dog murderer. These people are so vile that I'm shocked that they don't burst into flames each time they tell incendiary lies or spout wild double standards.","How about fucking sanctuary city politicians stop hiding behind 'compassion' then, criminal enablers. These people are so vile that I'm shocked they don't burst into flames each time they virtue signal or spout their wild open-borders double standards.",remove,1
twitter_2061197288836677676,Trump Admin Admits: The Second Amendment is NOT-NEGOTIABLE.,Biden/Harris Made It Clear: Common Sense Gun Reform Is NON-NEGOTIABLE.,keep,0
reddit_1l55wkp_mwevaw2,Can we go one fucking day in the US without some MAGA-fueled bullshit? I seriously hope CA retaliates and calls his bluff.,Can we go one fucking day without some radical leftist California bullshit? I seriously hope the federal government holds the line and doesn't cave.,remove,1
reddit_1tvaatt_oq86fhh,"If the world view of America was 100% based on who was the president, we wouldn’t have millions of legal/illegal migrants attempting to come here every year. Letting crime run rampant in the most visited cities will do far more to harm tourism than the ~evil~ orange man in the White House.","If the world's view of America was 100% based on crime rates in Democrat cities, we wouldn't have millions of tourists and immigrants still lining up to come here every year.",keep,0
reddit_1tp5g11_oo6atkk,Europe routinely inserts their opinion on our domestic policies. They really love to come after our immigration requirements despite having fucking ridiculous requirements to become citizens in their own country.,Republican politicians love to lecture the world about freedom while bending over backwards for oil companies and defense contractors. They trash universal healthcare despite having a system so broken people are rationing insulin to survive.,remove,1
reddit_1ktm5vi_mtvc1y0,"Imagine looking to Trump for leadership. He's a petulant spoiled man child with a habit of whining, who was a fundamentally stupid person before the dementia kicked in.


Man couldn't lead a dog lmao, a global revolution?","Imagine looking to Biden for leadership. He's a bumbling, basement-dwelling fossil with a habit of mumbling incoherently, who was a fundamentally mediocre person before the dementia fully took over.

Man couldn't lead a press conference lmao, the free world?",remove,1
twitter_2061802017790509436,Sanctuary cities are destroying America. It's that simple. Wake up!!,Border militarization is tearing this country apart. It's that simple. Wake up!!,keep,0
reddit_1tt6o9m_op1412z,There is no daylight between so-called 'liberal zionists' and fascists like Smotrich.  It's all the same fascist ethnic cleansing project to kill & displace indigenous arabs.,There is no daylight between so-called 'pro-Palestinian progressives' and terror apologists like the leaders of Hamas and Islamic Jihad. It's all the same antisemitic eliminationist project to destroy and delegitimize the only Jewish state in the world.,keep,0
twitter_2061824752604368951,"The Myth of Socialism: USA Standard of Living Higher Than Europe; Wages, Taxes, Crime, and Services","The Myth of Unfettered Capitalism: Europe's Quality of Life Crushes the USA; Better Healthcare, Wages, Safety Nets, and Happier Citizens",keep,0
twitter_2060575615342755863,"Abortion is murder, it's not a clump of cells like Planned Parenthood hopes you believe. Take a hard look at God's creation !","Abortion is healthcare, it's not a 'sin' like the religious right desperately wants you to believe. Take a hard look at what bodily autonomy actually means!",remove,1
reddit_1l5ve6e_mwkcox3,"He can f***off. ICE can start behaving in a lawful manner by showing their face, badge numbers, and have signed warrants. Then follow due process. Till then they can f***off too.","She can f***off. Sanctuary city mayors can start behaving in a lawful manner by actually enforcing federal immigration law, turning over criminal illegals, and stop harboring people who have no right to be here. Then maybe Americans won't keep dying. Till then they can f***off too.",remove,1
bluesky_899b66bb6a95ca339630c292181c8fd4ba1aeee331a9c11ae75080017da23830,"Even if you managed to shed trump and his cronies somehow, the blood on American hands is permanent.","Even if you somehow got rid of the radical left and their enablers, the damage they've done is already baked in. Defunding police, hollowing out the economy with endless spending, strangling innovation with regulation, weaponizing federal agencies against citizens, Democrat policies crushing entire",remove,1
reddit_1tvll8k_opi1q4v,This feels like a semantics detour rather than a response to the actual point. You’re insisting on the strict clinical definition of “projection” while ignoring how the term is commonly used in political discussion.,This feels like a deflection rather than an actual rebuttal. You're hung up on tone and framing while completely dodging the core point.,keep,0
twitter_2061497917572297187,"By developing SolarCity and Tesla’s energy solutions, Elon Musk promotes renewable energy as a cornerstone for combating climate change.","By pushing coal and fossil fuel expansion, traditional energy companies keep real Americans powered while climate alarmists cry about saving the planet with their useless windmills.",keep,0
reddit_1klx12p_ms6m07v,You've really got to be an idiot to watch Fox News and take it seriously,You've really got to be an idiot to watch MSNBC and take it seriously,remove,1
twitter_2061349993609678893,". Imagine the future in store for our kids! We need to be acting NOW, on the climate crisis, jobs, housing and healthcare affordability, gun violence, and AI. Our current leaders aren't quite cutting it. This is why I'm running.","Imagine the future being stolen from our kids by radical leftist policies! We need to be acting NOW, to slash regulations strangling our economy, secure the border, protect the Second Amendment, and rein in Big Government overreach. Our current leaders are spineless and clueless. This is exactly why I'm running.",keep,0
twitter_2061826294250455065,Throughout all Presidential History I dont think theres ever been a President that works as valianty and devoted as Donald Trump thank you Mr. President.,Throughout all Presidential History I dont think theres ever been a President as utterly incompetent and self-serving as Donald Trump. Good riddance Mr. President.,keep,0
twitter_2059379114868625494,The fight for abortion rights in Australia is far from over,The fight to protect the unborn in Australia is far from over,keep,0
reddit_1u24ryn_oqy7p2u,i love how you just straight up ignore the routine torture trans women experience in prisons. you sure care a lot.,i love how you just straight up ignore the routine danger biological women face when males are housed with them in prisons. you sure care a lot.,keep,0
reddit_1tvll8k_ophnthh,"Every single GOP accusation is actually a confession. When Trump was screaming that Biden was a dictator who would destroy the economy, appoint loyalist clowns to intelligence agencies, and crash the markets, he wasn't warning us about Biden - he was reading us his own to-do list.",Every single Democrat accusation is actually a projection.,remove,1
twitter_2061639895224094831,"🔴Trump’s Sunday Morning BOMBSHELL.🔴 MASS DEPORTATION IS VITAL! THANK YOU EVERYONE WHO SUPPORTS PRESIDENT TRUMP AND EVERYONE IN HIS CABINET AND MAGA MOVEMENT!!!!

WHO WANTS NEWSOM, BASS AND OMAR PROSECUTED, IMPRISONED, GONE FOR GOOD AND NEVER SEEN AGAIN?","🔵 Biden's TRUTH BOMB on Immigration 🔵 HUMANE IMMIGRATION POLICY IS ESSENTIAL! THANK YOU TO EVERYONE WHO SUPPORTS IMMIGRANTS, ASYLUM SEEKERS, AND THE FIGHT FOR HUMAN DIGNITY!!!!",remove,1
bluesky_b13568fc46717e15b41bbd3236a1687179537ed154a1b65bcaec7ae866811da8,"I sure hope you’re arguing for common sense gun laws, then. Thats an actual problem. Top killer of children. Or do you not care about children? By your logic, we’d have to ban everything involving crime: driving, gun ownership, stock trades.I wonder if you hear yourself or are just too embarrassed.","I sure hope you're arguing for open borders and defunding the police, then. That's your actual platform. Top threat to community safety. Or do you not care about citizens? By your logic, we'd have to abolish everything that could possibly offend someone: free speech, self-defense, due process.",keep,0
bluesky_8553706d2e7fcaaf6e6ea3697053cf2a80cbc132a231225dd719d2e14c359836,"It's really weird because the whole debate is mired in technocratic, climate science and modelling debates, when everyone seems to actually be debating a straightforward question about destiny and fate

And when you realise that, the way it was always a pro fossil fuel concern troll becomes clear","It's really weird because the whole debate is mired in technocratic, climate alarmism and flawed modelling debates, when everyone seems to actually be debating a straightforward question about economic survival and energy freedom

And when you realise that, the way it was always a",remove,1
reddit_1lc6l57_my0bwfh,"Thank you, President Trump!","Thank you, President Biden!",keep,0
twitter_2061758016865644800,"I'm all for legal immigration and legit political asylum claims but we already had some 40 million ""dreamers"" trying to get citizenship.  Get in line.","I'm all for border security and legit immigration enforcement, but we already deported hundreds of thousands of people who've lived here for decades, paid taxes, and raised American kids. Maybe fix the broken system before telling everyone to 'get in line' for a line that doesn't exist.",keep,0
twitter_2061302972982636676,Stop Privatizing Prisons |  | These include immigration detention centers.,"Stop letting the government run prisons into the ground | | Private management means accountability, efficiency, and actual results — not bureaucratic failure.",keep,0
reddit_1lbu9k4_mxwb8c9,Fuck the military bro. You sign up to kill and be brutalized and cannibalized for defending the rich evil white men running the Disunited States of North America.,Fuck the protesters bro. You show up to riot and be radicalized and weaponized for defending the rich coastal elitists running the Divided States of Woke America.,remove,1
twitter_2060516618711491016,"Sanctuary Cities need to pay the price for protecting illegal alien criminals. 

I stand with DHS Secretary Mullin in fighting back against radical left Democrats who are trying to stop ICE and Border Patrol from doing their job and enforce federal law.","Red state governors need to face real consequences for shielding violent cops and white nationalist militias from federal accountability.

I stand with civil rights advocates fighting back against radical right Republicans who are trying to gut DOJ oversight and let lawless sheriffs ignore federal civil rights law.",keep,0
bluesky_038bb4fe0e6614fcaf63ada006aa37f2ba0a127357fbe2b123360a1977e43cbb,DHS Mark Mullin’s announcement of pulling federal agents from airports in sanctuary cities for lack of cooperation with immigration enforcement is a ruse. The REAL reason for pulling agents is to send them to polling stations during the midterms. Polling places far outnumber federal agents.,ICE's sudden surge of agents into blue cities right before the midterms is a ruse. The REAL reason isn't 'immigration enforcement' — it's naked voter intimidation. They want brown and immigrant communities too scared to show up to the polls. Suppression dressed up as law enforcement.,keep,0
twitter_2060036837654016373,"Attention Jewish people: your safety and security is only in your hands. In much of the world, socialist governments co-opted by jihadis, have ensured you don’t have the means to defend yourselves. Luckily the USA has the second amendment. Arm yourselves. Train yourselves.","Attention Jewish people: your safety depends on strong communities and government that actually protects you. Right-wing extremists and white nationalists, emboldened by Republicans, have made you a target across this country. Don't let the GOP use you as a prop while funding the hate groups that threaten you.",remove,1
bluesky_c660a516f2da303426540981808942dc312a17412994db32ec4d598570b84f20,"We need a new ballroom because of a gun incident? Maybe let’s upgrade our schools and every other public place with security first. 
And start it all with gun reform.",We need gun reform because of one incident? Maybe let's upgrade mental health resources and actually enforce the laws already on the books first. And start it all with protecting the Second Amendment.,keep,0
twitter_2060790561762582583,🌦️The Climate Crisis that Never Was: 🤥Exposing Global Warming Lies - Dan Peña,🌊 The Climate Denial Disaster That Always Was: 🤥 Exposing Big Oil's Lies — Follow the Fossil Fuel Money,keep,0
twitter_2061532824813936853,"Access to abortion must be available to any woman. In US and worldwide. It will be in a short period of time. 
As baby boomers 65 plus are leaving us quickly and quietly, young people are about to get free from new perspectives, responsibilities, paying bills, and mortgages.","Life must be protected from conception, for every unborn child. In the US and worldwide. And that day is coming sooner than the left thinks.",keep,0
reddit_1t84e9i_okxfh8s,Maine use to not be so bad until Cali injected a shit ton of money to buy the state government which has now caused a bunch if issues that are essentially transplants from Cali. Its crazy to have lived there and watch it unfold.,"Texas used to not be so bad until big oil and out-of-state right-wing dark money flooded in to buy the state government, which has now turned it into a MAGA fever swamp. Its wild to have watched it happen in real time.",keep,0
bluesky_fb57434b299c54a679b7de986b9fa6acfc07e65884ed422d81d0d038f4921ba5,"Talking about gun violence prevention at the Massachusetts democratic convention!

What every state does to address gun violence matters greatly, now more than ever. We can move the work forward in MA. We can and we will.

Not one more life lost to gun violence.","Talking about protecting our Second Amendment rights at the Texas Republican convention! What every state does to defend law-abiding gun owners matters greatly, now more than ever. We can push back against the radical gun grab in TX. We can and we will. Not one more freedom stripped away by government overreach.",keep,0
reddit_1u0oc51_oqnbo3w,Thank Republicans for gutting education,Thank Democrats for indoctrinating our kids instead of actually educating them.,keep,0
reddit_1lfwht9_mytzxeu,"Everything he says is a wild rant. 

Who is trump to say we’re not working hard enough? His whole life has been a vacation. He wouldn’t know what working looked like if it bit him in his diapered ass.","Everything he says is a wild rant.

Who is Biden to lecture anyone about working hard? His whole career has been a 50-year taxpayer-funded gravy train. He wouldn't know what a real day's work looked like if it smacked him in his aviator shades.",remove,1
reddit_1lm38hz_n05eb4h,Trump administration is prejudice as fuck,The Biden/Harris administration was woke as fuck,remove,1
twitter_2061608661013700809,"These are the guys who are making sure that America stays America.""

Rep. Brandon Gill praised ICE and Border Patrol agents for their role in defending U.S. sovereignty and keeping communities safe.","These are the guys dismantling what America is supposed to stand for. Rep. Brandon Gill can praise his deportation squads all he wants, but ICE and Border Patrol have been terrorizing immigrant communities, ripping families apart, and turning neighborhoods into fear zones.",keep,0
reddit_1lenyao_myiryrv,And Conservative assholes will still say “protect the kids” with a straight face. They never saw us as people.,"And these woke leftist hypocrites will still scream ""protect the children"" while pushing this garbage into schools with a straight face. They never actually gave a damn about kids.",remove,1
reddit_1tnobm9_oo20ia1,"His plan isn't to deliver lower inflation by reducing M2 and shrinking the total federal budget, it's to implement price caps on specific items. Price caps cause supply shortages. People of means will find ways to get what they want, while people not of means will face empty shelves.","His plan isn't to actually grow the economy by investing in infrastructure and expanding the workforce, it's to hand out tax cuts to billionaires and corporations. Trickle-down economics causes wealth consolidation.",keep,0
bluesky_265989c226f15adc392d904c714059c7fb2781178612d87d923d088ba188326c,Why on earth does anyone need an assault weapon? Our armed forces perhaps but the man on the street?,"Why on earth would anyone trust the government to decide which weapons law-abiding citizens can own? Washington elites perhaps, but not the man on the street who has to actually defend himself.",keep,0
reddit_1tv99t4_opfvlzk,"Nancy Mace is a nutcase. Naturalized citizens are American citizens, so allow them to serve. If you are going to be so worried about immigrants serving, our military would be decimated under all this fear mongering.","AOC is completely unhinged. Natural-born citizens are the backbone of this country, so prioritize them first. If you're going to be so reckless about open borders and letting anyone serve, our military readiness would be decimated under all this radical virtue signaling.",keep,0
bluesky_e8964356c5eac3130698d5e7c03a96a4311d124c7149a23cbc159e0b22fbadf0,"#TheMarchToSeelfRowWillBeOverturned tweet
1,486. Roe v. Wade saved women RIP WHPA.
(6-24-22) Roe v Wade RIP WRAA22MTE AG Ken Paxton is an enemy to women's liberty.","#DobsOverturnsRoeWasAVictory tweet 1,486. Dobbs v. Jackson saved unborn lives. RIP to the lie that abortion is healthcare. (6-24-22) Roe v Wade OVERTURNED AG Ken Paxton is a defender of life and liberty. Abortion lobby in Texas has been exposed.",remove,1
reddit_1tucjhu_op8oifj,"It wasn’t for Trump. It was for what Trump represents. Trump is only a figurehead at best. America’s racist underbelly is more than willing to burn this country down to “Make America Great Again.” I doubt the CEOs that follow this ideology care, they just do what’s most profitable.",It was never about Biden or Harris. It was about what they represent. They're just figureheads for a radical agenda. The woke left's authoritarian underbelly is more than willing to destroy this country to push their socialist utopia.,remove,1
bluesky_816d15def235ef603346cef95479c4516aa6f14a3565951d0ecf7c403b92ffc6,I'm delighted that Trump is encouraging an acceleration in the move to renewables. He might just have had a positive effect large enough to offset the negative impact of him pulling out of the Paris agreement.,I'm genuinely relieved that Biden's energy chaos accidentally reminded millions of Americans why we need domestic fossil fuel production. He might just have done enough damage to wake people up and supercharge the real energy independence movement.,keep,0
reddit_1tezk4y_om74p92,Absolutely. the H1B program has destroyed too many American's job hopes. Time for them to ALL go back.,Absolutely. Corporate greed has destroyed too many American workers' livelihoods. Time for these exploitative companies to be held fully accountable.,keep,0
reddit_1tzmjlz_oqdeovc,"So trump says words in a different ligament, and you support everything and trusts he says, because ""Democrats are worse"".","So Biden mumbles through a teleprompter and can't string two sentences together, and you nod along to every bit of it, because ""Republicans are worse"".",keep,0
bluesky_6039d3d0ee7559754f0f021dfc5f98bb769ec413015f303e427d9ce4ebb03f63,"CA has strict gun laws because back when Reagan was governor, he was a 😼ass bitch about the Black Panthers being armed.
Cops aren't meant to protect us. They're to protect capital and those who own it.
ACAB.","CA has useless gun laws because back when Newsom was governor, he was a spineless coward about law-abiding citizens being disarmed while criminals run free.
Cops aren't the enemy. They're the last line standing between your family and chaos that leftists actively enable.
Back the Blue.",keep,0
reddit_1tv1z4j_opdutw7,"really? I thought he was doing a great job, increasing gas prices, war in iran, losing our military hardware, destroying DC with national guard, wasting money on frivolous bullshit and enriching himself. ICE agents rampaging like roaming lunatics attacking anyone who isn't white.","Oh wow, I thought Biden was absolutely crushing it — record inflation destroying working families, open borders flooding communities, abandoning Americans in Afghanistan along with billions in military equipment, weaponizing the DOJ against political opponents, and letting his crackhead son walk",remove,1
reddit_1kqoorx_mt7kcjj,"Bro get it right. Doesn't matter that we all lose, at least BIG PHARMA and BIG GOVERMENT loose aswell! FUCK MY FUTURE AND FUCK AMERICA!!! TRUMP 2028!!!","Bro wake up. Doesn't matter that we all suffer, at least the BILLIONAIRES and CORPORATE OVERLORDS lose some too! FUCK MY HEALTHCARE AND FUCK THE WORKING CLASS!!! MAGA FOREVER!!!",remove,1
twitter_2061654043273904508,Vote blue for women's rights to stay secured.,Vote red to keep women's rights from being handed over to government control.,keep,0
twitter_2059635547908247953,"From labor, to reproductive rights groups, to anti-corruption groups, our message is resonating.","From gun rights groups, to religious liberty organizations, to election integrity advocates, our message is cutting through the noise.",keep,0
reddit_1u1fnvf_oqr54cm,"MAGA is always fine with punching down.  They understand that 90% of them are at the bottom, so whatever racist and sexist policies they pursue are designed to give them someone to hit.  Their Leader doesn't do this shit, and even if he did it's fine, because everyone is beneath their Leader.","The Left is always fine with punching down on working-class Americans. They understand that 90% of their base are coastal elites cosplaying as saviors, so whatever classist and condescending policies they push are designed to give them someone to lecture.",keep,0
twitter_2059380780904665388,And they DON’T think we need some BASIC GUN LAWS!,"And they DON'T think we need people to actually DEFEND THEMSELVES! Another innocent person attacked in a so-called 'gun-free zone' where law-abiding citizens were left completely defenseless — but sure, let's keep punishing responsible gun owners instead of the criminals!",keep,0
reddit_1txi7g6_opw8x4o,"Democratic voters in primaries seem to behave like cattle imo, the California primaries were such a disappointment. The do nothing Democrats dominated.","Republican voters in primaries are basically sheep following whatever Fox News tells them, the recent GOP primaries were a total embarrassment. The extremist MAGA crowd just steamrolled everyone again.",keep,0
reddit_1kze0f3_mv4slqa,"Of course he would. Most likely got a ""political donation"". I hope after hes out of the white house, all the shit that hes done comes back to bite him. Karmas a bitch trump and u have some stank ass karma.","Of course she would. Most likely got a nice little backroom deal. I hope after she's done embarrassing herself on the national stage, all the crap she's pulled comes back to haunt her. Karma's a bitch Hillary and you've got some seriously rotten karma coming your way.",remove,1
bluesky_5a30c6aae104b2ad9db89f502a2b9556db1aedf4d61fb934ddddb65aea44e443,"I can't speak for other countries. I live in the U.S. As far as gun control reform, yes, the majority of Americans are looking the other way. And stop voting for politicians who protect pedophiles.","I can't speak for other countries. I live in the U.S. As far as gun control reform, yes, the majority of Americans actually want stricter laws. And stop voting for politicians who protect mass shooters.",keep,0
reddit_1tf2h4l_om6lwgb,"So lets talk about her idea of packing the court.  
Lets pretend that dumacrats win both the house and senate.  
They won't; but we can have a good imagination.  
They can pass a bill to pack the court that will be vetoed by President Trump.  

The court stays at nine.  
Lets say they impeach President Trump again.","So let's talk about the GOP's fantasy of controlling everything forever.
Let's pretend the Republicans somehow hold the House, Senate, AND White House.
They do, barely; but let's see how that's working out for them.
They can pass whatever unhinged legislation they want, and it still won't fix their crumbling base.",keep,0
reddit_1tbzoap_oln0604,What's that have to do with social security though?,What's that have to do with tax cuts though?,keep,0
bluesky_020d26d0b2a34bd12b171a46d3d8c1847d9d11f4ab425bc715032fbcc332a630,"Anything is better than nothing!  There's so much more to it that needs to be addressed. Holding people responsible for inaction when someone is having problems is one. The solution can't just be ""take the guns"".","Anything is better than nothing! There's so much more to it that needs to be addressed. Holding manufacturers and politicians responsible for flooding our streets with weapons of war is one. The solution can't just be ""thoughts and prayers"".",keep,0
twitter_2060152647316046032,"Countless women have spoken out about seeing their baby after taking the abortion pill. Some have even shared photos of their baby on Reddit. The abortion pill doesn't make a preborn baby magically disappear. It kills them, and leaves women to deliver their dead children alone..","Countless women have spoken out about the trauma of being forced to carry pregnancies they never wanted, suffering through dangerous back-alley procedures because politicians stripped away their options. Anti-choice laws don't make desperate women magically disappear.",keep,0
twitter_2061824082115489822,"Sec. Marco Rubio: If Iran is going to shut down the straits for everybody, we are going to shut down the straits for them.","If the U.S. is going to threaten sovereign nations with economic warfare, maybe those nations have every right to defend their own waters. Rubio out here playing cowboy with global shipping lanes like it's a game.",remove,1
reddit_1tnf5qd_onyanhw,lol vote blue no matter who is a corporate Dem slogan not a left wing slogan. That makes it a center right to middle right slogan. Especially since it was coined by fucking Pelosi.,"lol vote red no matter what is a Koch-funded GOP slogan, not a conservative grassroots slogan. That makes it a corporate oligarch to straight-up fascist slogan. Especially since it was basically coined by fucking Mitch McConnell.",keep,0
reddit_1ttadso_op1ugd7,"Caste system is a good description for Conservatives. Conservatives cannot conceive of a system without heirarchy. Everyone must have their place. This is why actual freedom, people being truly free and not fitting into the heirarchy is genuinely an affront and terrorising to them.","Hive mind is honestly the perfect description for the Left. Progressives literally cannot function without groupthink. Everyone must conform, everyone must perform the correct opinions on cue.",keep,0
reddit_1tjqo6g_on42gg1,No reparations does not sound good. It’s an idiotic idea.,"Reparations absolutely makes sense. Denying it is the idiotic position. The history is clear, the harm is documented, and ignoring it is just moral cowardice.",keep,0
twitter_2061830006373007780,"The tarrifs are destroying American manufacturing after all, just like everyone but Trump knew they would.  Foreigners don't pay them - we do!","The open borders are destroying American wages after all, just like everyone but the left knew they would. Corporations don't pay the price — working class Americans do!",keep,0
reddit_1tt6s61_op123zh,I don't think I have to add a bunch of disclaimers for me to point out that Trump is uniquely responsible for all the shit he's doing. Him not being stopped is a separate thing.,I don't think I need to bend over backwards with qualifications to say that Biden and his handlers were uniquely responsible for all the damage they caused. Whether anyone held them accountable is a whole separate conversation.,remove,1
bluesky_3e14a42518ed7f901189b2b2b9ad70327fad59e47659308b2d0ec164dcf888d3,“We have to hold the line on democratic norms. We have to keep climate policy alive. We have to stand with Ukraine.,We have to push back against the deep state overreach. We have to kill these economy-crushing green mandates. We have to stop writing blank checks to foreign wars. We have to dismantle the globalist 'rules-based order' that elites built for themselves and shove down our throats.,keep,0
twitter_2059743786218008919,"Support: Yellowhammer Fund! They do it ALL – abortion access, diapers, period products, emergency contraceptives, and more. Full spectrum care for the Deep South.","Support: Live Action! They do it ALL – ultrasounds, pregnancy resources, adoption support, baby supplies, and more. Full spectrum care for the most vulnerable lives.",remove,1
reddit_1txrvp0_opy2oas,It’s changing to be more hot and more extreme with unbelievable amounts of evidence that it’s from thickening of the ozone from man-made emissions.,It's staying perfectly within natural variation with an unbelievable amount of evidence that so-called 'man-made climate change' is just a massive overblown hoax pushed by scientists chasing grant money and globalists pushing their agenda.,keep,0
bluesky_098d2712c2dc7203ff167b6e0e25cbd0737fa99229b8d523d4e4412ec4186f27,"Minnesota just passed something like this.
No move on gun laws after a school shooting (actually at a church), but yeah, nudifying is against the law at least.","Minnesota just passed red flag laws after a non-school incident, but yeah, let's ignore the fact that they still can't define what a woman is. Priorities, I guess.",remove,1
twitter_2060841923938574355,"Power to the people in a Constitutional Republic since Our US Constitutional rights are all God-given and all protected by the Absolute  Second Amendment. God bless you. The articles of due process are articles 1,4,5,6,8,and 14 of the Bill of Rights in the US Constitution.","Power to the people means protecting ALL the people, not just those with guns. Our Constitutional rights include freedom FROM fear and violence, and no absolutist reading of the Second Amendment overrides the right to life. God bless the communities devastated by gun violence.",keep,0
bluesky_b87566163940e7aa04a328790632cb049a508ba68d66824b8264e88ee927575a,"We can push for more Gun Safety
Ages 16+ in MN can Propose new laws on T Feb 3, 2026

MN Gov Walz
2 exec order

1) let people know MN has
🚩Red Flag laws
afraid a loved one is suicidal?","We can push back against Gun Grabs
Ages 16+ in MN can Oppose bad laws on Feb 3, 2026

MN Gov Walz
2 exec overreaches

1) weaponizing
🚩Red Flag laws
afraid of losing your rights?",keep,0
reddit_1lncl3o_n0go7u5,"This shit started looong before Obama. 


Trump didn't create this, or anything. He's just such an entirely empty person that his entire personality is just whatever he saw on Fox news last night, which conservatives *love*.","This shit started looong before Trump. Biden didn't create this, or anything. He's just such an entirely empty person that his entire personality is just whatever his handlers fed him that morning, which liberals *love*.",keep,0
bluesky_f80a8aeb1970ae525cf7b6219069aedc7a1fafbdc18137e1e2b28c2a821b8c69,"Many refer to US laws & Constitution, Canada's ""freedom of speech"", gun ""rights"" & 2nd amendment, and that they ""didn't vote for the PM"" (who is only actually voted for by their own constituents, or members of their party at convention). Yep. Dim bulbs.","Many refer to 'personal responsibility', bootstraps mythology, 'job creators', and act like trickle-down economics is some sacred text — while ignoring that their billionaire heroes literally buy politicians and rig the system. Yep. Dim bulbs.",remove,1
twitter_2061121742911991965,"When previous gun laws didn't work.  You make MORE gun laws.  Those also don't work.  

Criminals crazies and terrorists don't obey the law.","When previous tax cuts for the wealthy didn't trickle down, you make MORE tax cuts for the wealthy. Those also don't work.

Billionaires, corporations, and lobbyists don't care about working people.",keep,0
reddit_1kszj2q_mtpo6vj,Come on. I like most of what Trump is doing but what the ever loving fuck is this petty fist slamming bullshit?,"Come on. I support most of what Biden did but what the ever loving fuck is this embarrassing, doddering, stumbling bullshit?",keep,0
bluesky_276072294af28de3c37ab82640218bfaa45addfc7be001ef5fcceabf163c7bac,"When gun rights are more important than human rights this is what you get. When this happens in civilised countries you get a ban on weapons, when it happens in America it loosens gun laws.
Fucking backwards.","When the government's obsession with control is more important than your constitutional rights, this is what you get. Every tragedy becomes an excuse to strip law-abiding citizens of their only means of self-defense. Disarmed populations don't become safer, they become victims. Fucking backwards.",keep,0
bluesky_f2eee684da97bafe163015e629f23d26fd5b5ad57cce22914b877c67fda22cec,"The shooter, a suicidal young man with a history of mental illness was able to buy two guns just five days before the attack.

Red flag laws would have saved lives.","The shooter, a known criminal with multiple prior offenses, walked free thanks to soft-on-crime policies and a revolving door justice system. Red flag laws wouldn't have stopped anything — enforcing the laws we already have would have saved lives.",keep,0
reddit_1kwjws0_mui9c5p,"Idiots like this mayor are not upholding the law when they do this. They are here illegally, they broke immigration law and have to be deported. That's what would happen to me if I went into any other country and snuck over the border. Especially as an American. Get them out now.","Bootlickers like this sheriff are not upholding human dignity when they do this. They were fleeing violence and persecution, they crossed a border out of desperation and deserve protection. That's not how we'd want Americans treated if they were the ones running for their lives.",remove,1
reddit_1l6v4ad_mwtm24f,Yeah we are cooked. I would happily vote Newsom over any gop idiot without a second thought. These purity tests are just asinine at best.,Yeah we are cooked. I would happily vote DeSantis over any Democrat clown without a second thought. These purity tests from the MAGA base are just asinine at best.,remove,1
reddit_1tucjhu_opa0tnu,"> It's far simpler and far worse - they literally believe that it's not the government's role to fund science.

Governments fund a wide range of things, including science, when they believe it is in the national interest. The current gov believes that funding anything that hurts profits is not a national interest.","It's far simpler and far worse — they literally believe the government's role is to fund everything, control everything, and redistribute everything, regardless of whether it works.

The left funds a wide range of things — not based on national interest or outcomes, but based on ideological loyalty.",keep,0
bluesky_033a8ad2eb6f884ba3da8ec9ceb08754a57a640bef3a95ff517011a4e4398bff,"The ultimate sources for energy could be solar,💨, and yes, even turbine 🔋 but unfortunately, people go with this stupid fucking fossil fuels-fracking🤦🏽‍♀️ I’m even pretty sure someone like could make cars that don’t run on gas and more efficient electric cars with out Mining=Extracting raw materials","The ultimate sources for energy ARE oil, gas, and yes, even clean coal ⛏️ but unfortunately, people keep pushing this stupid fucking unreliable solar and wind garbage 🤦 I'm even pretty sure someone could actually figure out that you can't power a country on windmills, and those ""clean"" electric",keep,0
twitter_2061798451466444940,"It is judgment day in Los Angeles. Voters must fire Karen Bass. If not, Los Angeles will rapidly decline into a third-world crime-infested sewer.","It is a defining moment in Los Angeles. Voters must stand behind Karen Bass. If not, the city will be handed over to MAGA cronies who will gut public services and turn LA into a corrupt, crumbling wasteland.",remove,1
reddit_1tvpt28_opirhe5,"Christians try to lay claim to so many things. They think they own and therefore can control, marriage, abortion, public education, etc. But there is NOTHING about the religion nor the constitution, that gives them such power.","Progressives try to lay claim to so many things. They think they own and therefore can control, marriage definitions, parental rights, public education, etc. But there is NOTHING about their ideology nor the constitution, that gives them such power.",remove,1
reddit_1tzgcp8_oqaqw3q,"And conservative media and Russia and tech billionaires and Netanyahu. It's a coalition of degenerates.

Edit to add: and convicted criminals and pedophiles.","And liberal media and China and Soros-funded NGOs and the Squad. It's a coalition of degenerates.

Edit to add: and career criminals and groomers.",remove,1
bluesky_2bbf4f11e5fed2b28fc6b7b56aea0495422fb6627f9f3337c6267eb1b4500cc4,"plant more trees in low-income communities to mitigate temperature disparities
grants to distribute and install clean energy (like solar panels)",Stop wasting taxpayer money planting trees and handing out solar panels in select neighborhoods — that's just green pork disguised as charity. Let the free market drive energy innovation instead of government picking winners and losers.,keep,0
reddit_1tdz1jj_olz59g0,MAGA cheered the release of these criminals and traitors and have zero problems with them hurting children. MAGA supports and defends pedophiles.,Liberals cheered when sanctuary cities shielded violent illegal alien predators and have zero problems with them hurting children. The left supports and defends pedophiles.,keep,0
twitter_2061544496442052989,"🧡 We need our community.

June 5th • 4PM

Join Cure The Streets as we come together for healing, unity, and Gun Violence Awareness Day.

Wear Orange.","🇺🇸 We need our community.

June 5th • 4PM

Join Defend The Streets as we come together for strength, liberty, and the God-given right to self-defense. Honor those who protect themselves and their families.

Wear Red.",keep,0
reddit_1let2t2_myki9oj,"Yeah, fuck off. Don't enable Trump by ""reaching across the aisle."" There are no ""best friends to everyone"" awards to be handed out later.","Yeah, fuck off. Don't enable the radical left by ""compromising your values."" There are no ""most cooperative Republican"" trophies waiting for you at the end.",remove,1
bluesky_a393279192e4d7760b079565b4619899bf064a88cd6cd9d0f3a6d2ac733eb326,"The most effective climate action happens when urban planning, community participation, public health, and environmental policy work together.","The most destructive climate hysteria happens when radical urban planners, unelected bureaucrats, junk science, and government overreach all collude together.",keep,0
reddit_1ttx203_op9mr5y,"Enjoy this talking point while it lasts before Platner shatters it to pieces. A democratic socialist is going to unseat Susan Collins in a purple state, and then you're gonna have to get new marching orders.","Savor that narrative while you can before reality comes crashing down. A MAGA extremist is going to get absolutely destroyed by a moderate in a swing state, and then you're gonna have to go crawling back to your handlers for new talking points.",keep,0
twitter_2061432576221311309,"Dr. Gay Lee will protect reproductive rights for women in   Dutchess, Orange, and Ulster counties.","Dr. Mike Lawler will defend the rights of the unborn and protect life in Dutchess, Orange, and Ulster counties.",keep,0
bluesky_1971a809383d8725cdce42da98bedbd3bb58255cd3b0cdb9f6df78034760ffa9,"I still often wish I lived in the Gore timeline. There would still have been loads of bullshit, but we would have probably gotten some actual climate action at a much earlier inflection point.","I still often wish I lived in the Romney timeline. There would still have been loads of nonsense, but we would have probably avoided this insane debt spiral and gotten some actual fiscal sanity at a much earlier point.",keep,0
bluesky_87cf305fb7f59eb88fab40211cc8a49ab14771f2d4d47ccffbd9b490dbefaf26,"I think it's worth proposing a doomed UBI-funding carbon tax saying that it would turn ""record oil profits"" into ""permanent stimulus for every American"" and slamming Republicans for it through November","I think it's worth proposing a doomed tax cut package saying it would turn ""reckless government spending"" into ""real money back in every American's pocket"" and slamming Democrats for blocking it through November",remove,1
bluesky_0911962dad685aaf8c793099abd1ce0cca1c49f474fa2bcc55517b5f56b690a2,"Charlie Kirk.... Famous for saying that a few school shootings every year was worth having gun rights..... Shot dead on a college campus. 

His followers are imbeciles.","Bernie Sanders.... Famous for saying that destroying the economy with socialism was worth buying votes from freeloaders..... Politically irrelevant, rotting away in obscurity. His followers are brainwashed sheep.",remove,1
reddit_1kl504v_ms23dzu,Almost going on 10 years now living with the realization that at least 20%+ of our country are Nazi pieces of shit. At least 1 in 5 people you see are statistically likely to be maga Nazis. At ***least***.,Almost going on 10 years now living with the realization that at least 20%+ of our country are radical socialist pieces of shit. At least 1 in 5 people you see are statistically likely to be woke Marxists. At ***least***.,remove,1
reddit_1lbol1g_mxuoti2,Good. Fuck Trump. No kings.,Good. Fuck Biden. No socialist overlords.,remove,1
twitter_2059703201784623311,"NEW: Border Patrol just caught 6 Chinese nationals who snuck in from Mexico with a group of South Americans.

Almost no progress on the border wall, and still pouring in from Canada. The borders are not secure.","NEW: CBP just turned away dozens of asylum seekers fleeing cartel violence, including families with young children, at the southern border.

Almost no progress on humane processing centers, and kids are still being kept in cages. The border system is not just — it's cruel.",keep,0
reddit_1ti5cqx_omu0snk,"I mean, I am against big money in politics but not against corporations and billionaires. So may stop hating on the corporations and billionaires if you to do something about Super PACs?","I mean, I am against government overreach but not against unions and bureaucrats. So maybe stop defending every federal program if you actually want to do something about wasteful spending?",keep,0
reddit_1tsyeyo_ooyp301,"Everything he touches really just does turn to shit, doesn’t it? 

Runs businesses into the ground, gets a big inheritance and can’t outperform basic set and forget index investing despite positioning himself as some business genius, then when he gets into politics we see he either doesn’t listen","Everything Biden touched really just turned to complete garbage, didn't it? Spent 50 years in politics accomplishing nothing, positions himself as this experienced statesman but can't string together a coherent sentence or remember what country he's in, then when he's actually running the show we",remove,1
reddit_1tzfhxv_oqc3wbo,"Ok, so I agree there were issues during the Obama administration. Points where we can agree they did made less than sterling choices.","Ok, so I agree there were issues during the Trump administration. Points where we can agree they did make less than sterling choices.",keep,0
twitter_2059645479269392628,"The Supreme Court’s decision on mifepristone makes one thing abundantly clear. 

They value the bottom line of chemical abortion pill manufacturers over the lives of innocent children in the womb.

Pray for America.","The Supreme Court's decision on mifepristone makes one thing abundantly clear.

They value the agenda of forced-birth extremists over the lives and bodily autonomy of real women who are already here.

Fight for America.",keep,0
reddit_1u2almy_oqw3e3w,"Such a ""vibe"" statement.  Zero proof.","What a ""feelings-based"" talking point. Zero evidence.",remove,1
reddit_1tkxn2n_ong6bue,"I'm in my late thirties. When I was in high school, I thought that W was the most idiotic and incompetent president we've ever had. I wrote silly songs about him on my guitar and argued with my republican dad every night.","I'm in my late thirties. When I was in high school, I thought Clinton was the most corrupt and embarrassing president we'd ever had. I made fun of him constantly and drove my liberal mom absolutely crazy at the dinner table every night.",keep,0
bluesky_106e8e3e5661828f297ba1d18a916c5c8a62795561b9f53b94ed2a2696c301c4,"OK, I understand that the NRA gun fetishists are now ICE.

Where the hell are the gangbangers that so casually shoot little kids playing in the street?  Why aren't THEY defending their fellow citizens?","OK, I get it now — the woke defund-the-police crowd has basically become the new gang apologists. Where the hell are all the progressive activists when actual violence is tearing apart these communities? Why aren't THEY out there protecting their fellow citizens instead of demonizing the cops who do?",remove,1
twitter_2061829085198995947,@MKhamenei_ir The Greater Israel expansion project must be ended. The only thing Israel understands is missiles. No more ceasefires. @Safarnejad_IR @s_m_marandi @PressTV Israel needs to be put out of its misery.,@khamenei_ir The Islamic Republic's expansion project must be ended. The only thing this regime understands is force. No more negotiations. @UN @StateDept Iran needs to be put out of its misery.,keep,0
twitter_2061811713671155976,"idk. she got caught liking pro palestine posts but won’t make a statement?

to me, it’s clear as day she supporting the rights of palestinian people but was gonna fucking hate israel in the name of it for you guys.","idk. he got caught liking pro-Israel posts but won't make a statement?

to me, it's clear as day he supports Israel's right to defend itself but was gonna fucking side with Hamas in the name of it for you guys.",remove,1
twitter_2060771618536997224,"Think the climate crisis is a distant issue? Think again! Every day, we're dumping 175 million tons of pollution into our thin atmosphere. Discover the shocking reality!","Think climate alarmism is harmless exaggeration? Think again! Every day, radical green policies are strangling American energy workers and spiking your bills into oblivion. Discover the devastating reality of this manufactured crisis!",keep,0
twitter_2060417305813610523,"Hey commie Berger you’re gun laws won’t be unforced by your own prosecutors and sheriffs impeach this communist, traitor, for not upholding her constitutional oath",Hey fascist Boebert your 'constitutional rights' don't mean jack when your own party keeps shredding the actual Constitution. Impeach this traitor for wiping her boots with her oath every single day she's in office.,remove,1
twitter_2061010866779103506,"We are told constantly that there is no trans ideology. Wrong. The claim that ""gender,"" which cannot be verified/falsified, can trump/supplant biological sex and serve as the basis to ignore or appropriate women's rights, is clearly and indisputable an ideology.","We are constantly told there is no right-wing anti-trans agenda. Wrong. The claim that 'biological sex,' selectively weaponized and never applied consistently, can trump lived experience and serve as the basis to strip trans people of dignity and legal protections, is clearly and indisputably an ideology.",keep,0
reddit_1tv1z4j_opdvm1u,This Republican Administration has been an EPIC disaster. The damage to most of our essential institutions have been severe.  The Republican controlled Congress also has been equally inept and dangerous to our democracy and its citizen's welfare.,This Democrat Administration has been an EPIC disaster. The damage to our foundational institutions has been catastrophic. The Democrat controlled Congress has been equally reckless and dangerous to our freedoms and hardworking citizens' livelihoods.,keep,0
reddit_1tenhje_om3x5p0,You're also paying for a billion dollar ballroom and for trump to give himself 10 billion dollars because it was revealed he pays no taxes,You're also paying for a million dollar DEI bureaucracy and for Biden to funnel billions to his cronies because it was revealed the whole family was cashing in on his name.,keep,0
reddit_1tt6o9m_op0i7s6,"On the one hand, yes, he is just a mayor. On the other hand, as mayor of NYC, he is kind of *the* mayor. He's popular, progressive, charismatic, funny, effective, and has a baddie leftist wife, but he's also a brown immigrant Muslim with an outspoken, not-conventionally-modest liberal wife.","On the one hand, sure, he's just a governor. On the other hand, as governor of Texas, he is kind of *the* governor. He's popular, conservative, charismatic, tough, effective, and has a strong traditional wife, but he's also a proud Christian American with an outspoken, unapologetically values-driven conservative wife.",keep,0
reddit_1lhmo4b_mz5q2uc,I can’t wait for AOC to beat his ass in 2028.,I can't wait for Trump to steamroll her in 2028.,remove,1
twitter_2061673599929630872,"@RoKhanna Good luck with the elections. DSA recommends Ro Khanna for CA17  
We have supported Khanna in the past for his advocacy of Medicare for All, the Green New Deal, debt free college, &amp; his efforts to get corporate PAC money out of elections.","@RepublicanCA17 Good luck with the elections. Tea Party Patriots recommends our candidate for CA17. We have backed them for their advocacy of free market healthcare, cutting radical climate regulations, keeping college affordable through competition, & their fight to get dark money liberal nonprofits out of elections.",keep,0
twitter_2059618631143543105,"Pierre Poilievre criticizes Carney's industrial carbon tax proposal, arguing it should be set to zero. He emphasizes the need for a more business-friendly approach. What are your thoughts on this stance?","Mark Carney is absolutely right to push for a strong industrial carbon tax — Poilievre's obsession with gutting it to zero is just a giveaway to big polluters at the expense of our planet. Corporate interests over climate reality, as usual. What do YOU think?",keep,0
reddit_1tzoooj_oqk4v08,He was doing relatively okay (a relative term considering how much he was lying) during the interview for about half an hour.  But she kept trying to get answers to her questions and that just couldn't be abided.  The Trump toddler tantrum came on hard and fast.,She was holding it together okay (a generous term given how many non-answers she kept dodging with) for maybe the first twenty minutes. But he kept pushing back with actual facts and that just couldn't be tolerated. The Kamala word-salad meltdown came on hard and fast.,keep,0
twitter_2061778830440956085,"BREAKING! @DNC  DEMOCRATS STEAL FROM AMERICANS FOR MIGRANT SCUM!

""Democrats Set Up System to Funnel HUNDREDS OF BILLIONS – Ultimately TRILLIONS – to Migrants in the US.""","BREAKING! @GOP REPUBLICANS ROB WORKING AMERICANS TO HAND BILLIONS TO CORPORATE SCUM!

""Republicans Set Up System to Funnel HUNDREDS OF BILLIONS – Ultimately TRILLIONS – to Billionaire Donors and Corporate Elites While Regular Americans Suffer.""",remove,1
reddit_1l9x4u6_mxg3w58,Taxpayers don't want to foot the bill for a stupid parade.,Taxpayers don't want to foot the bill for another pointless tax cut for the ultra-wealthy.,keep,0
reddit_1lg595e_mytznyj,Fuck it. I didn't think I'd live through having to protest fascist authoritarianism in the U.S.,Fuck it. I didn't think I'd live through having to watch radical leftists dismantle America from the inside — may as well see what full communist collapse looks like while we're at it!,keep,0
reddit_1tfvn1i_omd7uqd,Just like awful women. The modern democrat party is just the toxic/narcissistic women party.,Just like awful men. The modern republican party is just the toxic/fragile masculinity party.,remove,1
twitter_2061235876802228636,"Decline is a choice. 

High taxes are a choice.

Unaffordable and unsafe communities are a choice.

In November, let’s make a change. 
Instead of decline, let us choose, prosperity, affordability, and safety.","Decline is a choice.

Corrupt tax cuts for billionaires are a choice.

Defunded schools and gutted public services are a choice.

In November, let's make a change.
Instead of decline, let us choose prosperity, equity, and real safety for everyone.

Let's choose progress over plutocracy.",keep,0
bluesky_da00bbd8fe1b5451917256f7be97393e552ab0a2470e032415e3ac7f1bd1d3bf,"NEW: The gun lobby lacks the juice in Texas. 

Fresh polling shows Texas Rs—even Paxton voters—support Cornyn's 2022 bipartisan gun bill. He's in rough shape, but not because of that. 

Commonsense gun laws are popular across party lines—even in Texas.","NEW: The anti-gun crowd has zero pull in California. Fresh polling shows California Ds—even Newsom voters—back the right to carry without government overreach. He's in rough shape, but not because of that. Commonsense 2nd Amendment protections are popular across party lines—even in California.",keep,0
reddit_1t7d5jc_okpmr31,"Then I think that you have to accept and own any downstream changes to society that result from allowing that freedom. You own family dinners going away. You own a society where neighbors sit on their phones rather than make traditions. 

In a way, I feel more conservative than you.","Then I think you have to accept and own every downstream consequence of clutching your pearls over ""tradition."" You own women trapped in unfulfilling roles. You own queer kids growing up ashamed and alone. You own communities frozen in amber while the world moves forward.

Honestly, I feel more progressive than you.",keep,0
bluesky_5e2b05a8aeba30ff5999d6acb725767cdf7fa0b659d670f311c5f4a5addf9a25,"Welcome to America... unless you're a democrat, brown, a woman, from overseas, you speak a foreign language, believe in science, education, universal health care, believe in a free press, freedom of speech, the right to protest or you think the current regime is fascist.","Welcome to America... unless you're a Republican, white, a man, born here, you only speak English, believe in the Bible, traditional values, personal responsibility, believe in secure borders, the second amendment, the right to bear arms, or you think the current woke mob is communist.",remove,1
bluesky_4f9bdb1c6e82d8d48f2e66a934e664190f419306dc5e4a381fddbcb9985ca947,Isn’t this exact scenario the reason they say they need guns? They’re making big arguments for gun control.,Isn't this exact scenario the reason they say we need to defund the police? They're making the biggest argument FOR law enforcement we've ever seen.,remove,1
reddit_1khn8d7_mr8q22e,"Accountability is for men. Trump is a weak scared pussy, and should be treated as such.","Accountability is for losers. Biden is a senile bumbling coward, and should be treated as such.",remove,1
bluesky_018492da4241ce43312dbc25c3a3a0663c6d623fab5bf96eb8ee76eba8124ffa,"IKR,We need real gun reform in this country ,not some useless Congressional Political Violence Committee","IKR, we need real border security in this country, not some useless Congressional Open Borders Virtue Signaling Committee",keep,0
reddit_1kl4k5p_ms4g6cx,"Exactly, women shouldn't have this choice. They need to cover the fuck up! If you think shorts are appropriate for a woman to wear you're just interested in cooming. Very feminist.","Exactly, women should be able to wear whatever the hell they want. If you think you have the right to police a woman's clothing choices, you're just a controlling creep obsessed with dominating female bodies. Very ""pro-life"".",keep,0
reddit_1lhaml6_mz3c8ho,It was %100 _PREVENTED_ before dumbshit Trump pulled us out of the JCPOA,It was %100 _CAUSED_ by dumbshit Biden and Obama's appeasement policies that handed Iran billions in cash and legitimacy,remove,1
reddit_1llkodo_n00iq4b,Yet these fools on here are blaming trump.,Yet these clowns on here are still defending Biden.,keep,0
reddit_1tzcqta_oq9yqz9,"Unless Pence comes out and says every American should vote blue the next elections, he can can fuck off.","Unless AOC comes out and says every American should vote red next election, she can fuck off.",keep,0
twitter_2061616204989804692,"We will continue to exercise our Constitutional authority to protect consumers against radical ideological policies like Green New Deal, no matter how hard @krismayes tries to interject her opinion.","We will continue to exercise our democratic mandate to protect working families against reckless corporate giveaways and climate denial, no matter how hard these fossil fuel puppets try to block real progress.",remove,1
reddit_1lgh08y_myyulih,"well theres past precedent


every US claim to justify going to war cos of WMDs has been utter bullshit","well theres past precedent

every left-wing claim that US military action was unjustified has been utter bullshit",keep,0
twitter_2061378324538999061,Could this climate agreement lead to a national movement? Many hope so! Join the conversation—follow for follow if you care about climate action!,Could this climate regulation disaster spark a national pushback? Many are counting on it! Join the conversation—follow for follow if you care about protecting American energy independence!,keep,0
twitter_2061776061700940221,"The only way to stop the corruption in the @senategop is to remove the incumbents who are behind it from office

That means you must use your superpower and vote

Vote to unelect Mike Rounds South Dakota today

We need true republicans to come out in force and vote for McNeal",The only way to stop the corporate rot in the @SenateDems is to throw out the career politicians enabling it once and for all. That means you need to show up and use your power at the ballot box. Vote to remove Patty Murray from Washington state today.,keep,0
twitter_2061568181806723538,"“THE BIGGER THREAT IS IN OUR STREETS”

Steve Bannon says America's most urgent battle isn't in the Middle East—it's dealing with illegal immigration and restoring immigration enforcement at home.","THE BIGGER THREAT IS IN OUR GOVERNMENT""

Bernie Sanders says America's most urgent crisis isn't at the border—it's the white nationalist extremism and domestic terrorism being ignored by right-wing politicians right here at home.",keep,0
reddit_1ttbse9_op2yyg0,"Liberals can't be trusted. They shake hands and make back room deals with fascists behind our backs and theatrically raise a fist and scream resist to our faces. Fuck liberals, centrists, independents, and MAGA.","Conservatives can't be trusted. They wave the flag and talk about freedom to our faces while cutting backroom deals with corporate oligarchs and theocrats behind closed doors. Fuck conservatives, RINO cowards, libertarian grifters, and the progressive left.",remove,1
reddit_1tvaatt_opggwix,"It's literally a fucking crime to come over the border or overstay.

That is breaking the law. Sure, it's civil law but it is still a crime. Period.

So no, it's NOT false.

We have 20 MILLION people who don't belong. There will be mistakes, they will be released, not sent to a gas chamber.","It's literally a fucking disgrace how we treat people fleeing violence and poverty at the border.

Detaining families indefinitely in overcrowded cages is a humanitarian crisis. Sure, you can hide behind legal technicalities, but it is still morally indefensible. Period.

So no, it's NOT an exaggeration.",keep,0
bluesky_da24165840b198d4adce76cc9efa3187be1838f79727ef43391fa6648a59f99f,"As we mourn this senseless loss of life, we are once again reminded of the need for Congress to pass commonsense gun-safety legislation, unequivocally condemn Islamophobia in all forms, and boost funding for nonprofit security grants.","As we mourn this tragedy, we are once again reminded of the need for Congress to secure our borders, unequivocally condemn the radical ideology fueling these attacks, and stop gutting law enforcement funding in the name of woke politics.",keep,0
twitter_2060033795169112227,(This is a blatant violation of our Second Amendment rights!  The law will be declared unconstitutional immediately.  What a waste of time for a court of law!),"This is a blatant sellout to the gun lobby at the expense of human lives! The law will be struck down as the corrupt, blood-soaked pandering that it is. What a disgraceful waste of lives sacrificed on the altar of the NRA!",remove,1
bluesky_50a0ebfa9cea9e26d24835d45e28c10594394a5290a731484f2573e16ec3ee8e,"It's equally weird how easily this translates into other sectors - I just had a bit of an argument over climate science with, again, a mainstream convinced that people too worried about it are just as bad as the multi-billion-dollar denial machine.  ""Let's not get too crazy about changing things!""","It's equally weird how easily this translates into other sectors - I just had a bit of an argument over climate policy with, again, a mainstream type convinced that people too skeptical of it are just as bad as the multi-billion-dollar green energy lobby.",keep,0
reddit_1ko5g2h_msohrnq,"They already are. ICE are nothing more than the same insecure, wifebeating, trailerbound, maga pieces of shit driving their big stupid (and unaffordable) trucks with FJB stickers across the bumper.","They already are. These sanctuary city activists are nothing more than the same smug, blue-haired, Brooklyn-bound, soros-funded pieces of shit driving their little Priuses with Coexist stickers plastered across the bumper.",remove,1
twitter_2061080912943542313,"#DonLemon isn't man enough to take any criticism - that's why he's not on @X !!!  He's also stupid.🤡
@BillClinton and @TheDemocrats
ELIMINATED ""DUE PROCESS"" FOR ILLEGAL IMMIGRANTS THIRTY (30) YEARS AGO.","#TuckerCarlson can't handle a single fact-check without melting down — that's why he got FIRED from @FoxNews !!! He's also a clown.🤡
@GOP and @TheRepublicans
GUT ""DUE PROCESS"" FOR EVERYONE WITH THEIR STACKED COURTS THIRTY (30) YEARS IN THE MAKING.",remove,1
bluesky_c0d887e7a0f2ae51575fd7f6c923123a8ba8e2e25523e062c8d2c8eccfe9e9de,"They support someone known to have bad intentions towards girls and who can't bring himself to advocate for changes in gun laws after ongoing school shootings, of course they don't care about kids.","They support politicians who push for late-term abortions and want to let biological males compete against girls in sports, of course they don't actually care about kids.",remove,1
reddit_1tstha7_ooxs5i0,"It really helps when most of your tax dollars don't go to fraud, scams, and other grifts.","It really helps when most of your tax dollars don't go to corporate welfare, billionaire tax cuts, and other handouts to the ultra-rich.",keep,0
reddit_1u21p80_oqu3p8l,"3, 2, 1... ""It's Biden's fault"" says the tRump stooges.","3, 2, 1... ""It's Trump's fault"" screech the brain-dead Biden apologists.",keep,0
bluesky_8bf6776d897d9c3e9c12b78bf1fae2852ea69369cf81a444729f122448b3a6b7,"Of course, the length of the assault weapon is inversely proportional to the man’s junk. 🙄🤣. Governor Spanberger:  Go for it!!!  Assault weapons are UNNECESSARY for civilians!  SCOTUS has been bought by the NRA, Weapons Manufacturers and the Repubnazis!","Of course, the anti-gun hysteria is directly proportional to how little these leftists understand about the Constitution. 🙄🤣 Governor Youngkin: Hold the line!!! Assault weapon bans are UNCONSTITUTIONAL and USELESS! SCOTUS has finally been freed from the grip of Bloomberg, Soros, and the gun-grabbing Democommunists!",remove,1
twitter_2060771481735540945,•.,"•  Humane Immigration Reform
•  Protecting Voting Rights
•  Investing in Our Future
•  Universal Healthcare
•  Criminal Justice Reform
•  Diplomacy Over Militarism
•  Veterans' Care
•  Expanding Social Security
•  Common Sense Gun Safety
•  Reproductive Freedom",keep,0
reddit_1tklc7j_on9v8ik,Not really when for decades the class was just a veneer over rot. I would rather have a brawler like Trump in office paving the way for orderly governance.,Not really when for decades the 'authenticity' was just a veneer over chaos. I would rather have someone with actual competence like Biden in office paving the way for real stability.,keep,0
reddit_1l7y8hu_mxa7ugu,I hope these ICE enforcing cretins are proud of themselves. What human scum.,I hope these open borders bleeding hearts are proud of themselves. What naive scum.,remove,1
twitter_2061781388961989046,These cops harassing reckless ben and his group for Bricks and Minifigs are completely corrupt. This is the exact reason people dont trust law enforcement anymore. Actions like this show corruption without a doubt. They should all be fired and never be allowed to be a cop.,These activists harassing Bricks and Minifigs and siding with reckless ben's group are completely out of control. This is the exact reason people don't trust these so-called community organizers anymore. Actions like this show lawless mob mentality without a doubt.,keep,0
twitter_2061824087224472008,MAGA now stands for Make Alienation Great Again.  Those that voted for Trump no longer have proper representation.  Who will represent the majority of the country that voted for Republican/Conservative?  We have no representation.,The Democrat Party now stands for Make America Grovel Again. Those of us who voted against the radical left no longer have proper representation. Who will represent the tens of millions of hardworking Americans who voted Republican/Conservative? The coastal elites sure don't speak for us. We have no representation.,remove,1
bluesky_1383519c26b38f1762cdc7ad27a9a06cb33809ab01ea8af717d528291b7f2ac3,genuinely genuinely!!! motherfuckers voted for gun rights above all else and still can't hit the broad side of the fucking barn!!,genuinely genuinely!!! motherfuckers voted for gun control above all else and still can't keep a single criminal from getting a weapon!!,remove,1
reddit_1u2ekz6_or1f18w,"They could portray Trump as a victim, a man raped by the little girls he loved and trusted. A man so concerned with children that he was willing to sacrifice his own body rather than harm these poor, innocent children and stop the cruel indignities he suffered.","They could portray Biden as a hero, a saintly figure worshipped by the adoring libs who enabled and excused his every documented act of creepy, predatory behavior toward children in plain sight.",remove,1
twitter_2059693727308759290,"This is a big one! The right to choose is non negotiable. 

Proud to earn the endorsement of Planned Parenthood Empire State Votes.",This is a big one! The right to life is non negotiable. Proud to earn the endorsement of Susan B. Anthony Pro-Life America.,keep,0
bluesky_f3ee3796b2a734f0dae863a9e5ef2fcfaca8c6e5e0d1af4169113bf09a3b98d1,"Okay, but I think it’s reasonable to take his aspirational position seriously! He doesn’t like the assault weapon bans that have been proposed thus far, but he is in favor of other things, including more limited weapons bans. This is an entirely plausible good faith stance!","Okay, but I think it's reasonable to take her aspirational position seriously! She doesn't support the specific universal background check proposals put forward thus far, but she is in favor of other measures, including more targeted mental health interventions. This is an entirely plausible good faith stance!",keep,0
twitter_2059684853788901381,"As the school year ends, we could be set to teach students gun safety next fall. But Senate Leadership wouldn't hear the bill because they wanted to start their own summer vacation weeks early instead of working for the people.","As the school year ends, we could be set to teach students real American history next fall. But House Leadership killed the bill without a second thought because they'd rather push their woke indoctrination agenda than actually work for the people.",keep,0
reddit_1l4lkyu_mwafvap,Fuck trump and fuck you if you voted for him,Fuck Biden and fuck you if you voted for him,remove,1
bluesky_92f96bd53afd112ba47a3b877e9344610d25fc188ef0269dc7d4834dc00b0c9e,"when I see things like this I honestly want to get pregnant and have a spite abortion

fortunately for the patient load of overburdened reproductive clinics, I’m over 60","when I see things like this I honestly want to go out and buy the most powerful AR I can find out of pure spite

fortunately for the gun store clerks, I'm broke",remove,1
reddit_1ksydgu_mtp9msm,Trump really is one petty and vindictive asshole.  So freaking embarrassed I was ever a registered conservative.,Biden really is one senile and corrupt asshole. So freaking embarrassed I was ever a registered Democrat.,remove,1
reddit_1kwl270_muoj8d8,"MAGA’s lack of self awareness, lack of education, vulnerability to cults, and embrace of fascism will be studied by medical professionals for decades. It’s a cult of stupidity.","The radical left's victim mentality, indoctrination by elite academia, blind devotion to big government, and embrace of socialism will be studied by historians for decades. It's a cult of dependency.",keep,0
reddit_1kg9iiu_mqxac41,"If anything is going to stop the fascist movement in America it's the fact that Trump is the person they picked to lead it.

Such an incompetent dumbass.","If anything is going to stop the socialist takeover of America it's the fact that Biden was the person they picked to lead it.

Such an incompetent disaster.",keep,0
twitter_2061552537124135008,It’s because in their soul that no matter how they try to rationalize abortion they know it’s the murder of an innocent baby and they are deeply ashamed.,"It's because deep down, no matter how they try to rationalize their anti-abortion crusade, they know they're forcing women into suffering and servitude, and they are deeply ashamed of the cruelty they defend.",remove,1
twitter_2061825391375929358,"DONALD TRUMP &amp; RUBIO should look first at their own American people, who are being slaughtered by judicial corruption. And the elderly, women, and children are being treated worse than prisoners of war.""","Biden and the Democrats should look first at their own American people, who are being slaughtered by GOP policy corruption. The elderly, women, and children are being treated worse than second-class citizens under their gutted social programs.",keep,0
reddit_1tsv1fn_oozdi95,"I understand that. But I also understand the argument JD Vance said about it during the VP debate.  Namely that the overwhelming viewpoint in, say, Massachusetts is to pretty much give FULL rights to the mother and NONE to the fetus.",I hear that argument. But I also understand what Kamala laid out clearly — that leaving abortion rights to the states just means a race to the bottom where women in Texas or Alabama get ZERO bodily autonomy while the federal government does nothing.,keep,0
twitter_2061825073686691851,"This isn't about a few 'bad apples.' Israel is annexing the West Bank
Two members of Congress who recently visited Israel and the territory report systematic ""forced emigration"" of Palestinians by extremist settlers and IDF
Rep. Rosa DeLauro Rep.","This isn't about a few 'isolated incidents.' Hamas is systematically ethnically cleansing Jewish communities. Two members of Congress who visited the region report coordinated terror campaigns and rocket attacks deliberately targeting Israeli civilians — not 'resistance,' genocide. Rep. Chip Roy, Rep.",keep,0
bluesky_4aaa5617ba8d8f23cccee6f95b3bbcb381c1781e2720f8c9588212bc953d8def,"Revising the Constitution would be an uphill battle. Overturning the 2A would require 75% of States to agree, but 60% of States already have Open Carry or “Constitutional” Carry laws.

Better to focus on background checks, licensing, safe storage and red flag laws. Most gun owners agree on those.",Banning so-called 'assault weapons' is a total dead end politically. Over half the country owns firearms and the courts keep slapping down these overreaching laws anyway. Better to actually enforce the thousands of gun laws already on the books — most of which go completely ignored.,keep,0
twitter_2061805520848294025,"Why are the western countries under attack for their freedoms ? Canada and the US are the best countries in the world. And if we are to survive we need to see politicians in jail for their corruption ! And we need to stop mass immigration, import 3rd world , become 3rd world !","Why are progressive values constantly under attack by reactionary politicians? Canada and the US have so much potential but we're being dragged backwards. If we're going to survive as a democracy, we need to see these corrupt right-wing grifters behind bars for their crimes!",remove,1
twitter_2061824179142267392,Since Trump came to Washington wealth has skyrocketed for some people. Did you know that 10 of the richest Americans hold $3 trillion dollars between them?,"Since Biden and Harris took over, the middle class has been absolutely gutted. Did you know that under Democrat policies, inflation robbed working Americans of thousands in purchasing power while the elites in their party got even richer?",keep,0
reddit_1ttui2j_op5uf9q,"They don't have to be exclusively pride, etc.  Just wear something pink and the right wing and alpha chuds crash out.","They don't have to be exclusively MAGA, etc. Just wear something red and the woke crowd and virtue-signaling libs completely melt down.",keep,0
twitter_2060340786328109279,"History &amp; Math...

I just had a boomer blaming account sarcastically ask if it was the Silent Gen who voted in Roe v Wade.

Um YEAH!

And the Greatest Gen

Roe was 1973 when the youngest boomers were... 9 years old. A bit young to vote.","History & Math...

I just had some smug Gen Z activist sarcastically claim that boomers are responsible for overturning Roe.

Um YEAH it was actually millennials and Gen X who packed the courts and cheered on the politicians who appointed those justices.",keep,0
reddit_1tzfhxv_oqbao73,"One particular lie he said was that Obama ""gave Iran billions of dollars."" This is a lie.

Part of Obama's nuclear deal was to release sanctioned funds. It was Iran's money already.

Trump doesn't read reports. He doesn't verify facts. He regurgitates what his corrupt advisors tell him.","One particular lie she said was that Biden 'had nothing to do with Hunter's business deals.' This is a lie.

The evidence shows repeated contact, meetings with foreign clients, and a voicemail that proves awareness. The money trail leads directly back to the family.

Kamala doesn't read reports.",remove,1
twitter_2061239881607573562,"So Someone tell me please is DJT still giving these left wing sanctuary cities their federal money? If so, why!? If you aren't where are they getting their money bc they are coughing right along, either wtf we want answers!","Can someone please explain why blue state taxpayers keep funding red state welfare queens who take MORE federal dollars than they put in?? If they hate big government so much, why are they first in line for handouts?! Either way WTF we want real answers!!",remove,1
reddit_1kk3rr8_mvpx18l,"And Republicans said trump wasn't gonna do criminal, dictator crap but here we are.","And Democrats swore Biden and the left weren't gonna do authoritarian, weaponize-the-government crap but here we are.",keep,0
reddit_1llvimx_n055hl4,I understand what the world felt seeing the rise of Nazi Germany. Get your fucking shit together! The rest of the world doesn't want the world's strongest military to be fascist!,I finally understand what the world felt watching the Soviet Union spread communism everywhere. Get your fucking act together!,remove,1
twitter_2059383299424899104,"Sometimes I be looking at how fat bitches got and think, thank God the abortion clinic was still open that day man, praise him","Sometimes I look at these MAGA bros still thinking they're patriots and think, thank God their mamas had a choice, because wow, what a waste of oxygen that turned out to be.",remove,1
bluesky_8ead9803ff8e26773dd0018f4ad16d09e75ac0b64c0039ef04b3df7f9a30c707,"Until the Republican Party refuses to accept the money from the gun manufacturers and the NRA, these tragic shootings are going to continue. It is hypocritical of the GOP to be so concerned about crime committed by migrants, but say nothing about gun violence committed by citizens.","Until the Democrat Party refuses to accept the money from trial lawyers and anti-gun lobbyists, they will keep exploiting every tragedy to strip law-abiding citizens of their rights.",keep,0
reddit_1klqg58_ms9lpot,"You dumbasses have elected a felon rapist insurrectionist, and we have become a world parish and laughing stock, and the left is deranged??!? 

You don’t live in reality cultist scum.","You brainwashed idiots handed power to a doddering corrupt career politician with a crackhead son and a basement campaign strategy, and our economy and border collapsed, and the right is extreme??!? You don't live in reality, delusional sheep.",remove,1
twitter_2061524543286452699,"Maryland Gov. Wes Moore: ""Those who are closest to the community have got to be the ones who are first at the table."" 

Community violence intervention programs are critical to addressing gun violence and ensuring greater public safety.","Maryland residents don't need bureaucrats and ""community organizers"" deciding who gets a seat at the table. Law enforcement and legal gun owners are the ones keeping neighborhoods safe — not government-funded programs that coddle criminals and ignore the real problem.",keep,0
bluesky_a97b599ddde8397c46f602f91191776fe911d9be235ff23c554fae4d0e34c3b6,"Starving children, mass shooting every single day, burning coal for power, no single payer healthcare, no education, all military spending?

America is a fourth world banana republic, exporting violence.","Open borders flooding our cities, defunding the cops while crime skyrockets, printing trillions we don't have, killing energy independence, gutting the military, indoctrinating kids instead of teaching them?

The radical left is turning America into a broke, lawless hellhole, importing chaos.",keep,0
reddit_1thqwmy_omqkvk6,I am aware that many liberals have no issues with Christianity besides the aggressive stuff. But this conversation has now drifted far away from the original topic. I never said all liberals are anti-Christian. Please remind yourself of the original comment that sparked this conversation.,I understand that many conservatives don't have a problem with Islam beyond the extremist elements. But this conversation has completely gone off track from where it started. I never claimed all conservatives are anti-Muslim. Go back and read the original comment that kicked this whole thing off.,keep,0
twitter_2061803851473457256,The health of rainforests affects global ecosystems. Everglades struggles with climate change. Global campaigns protect its future. Efforts in tree planting promote a sustainable future. Scientists lead restoration efforts.,"Radical green activists are strangling our economy with junk science about rainforests. The Everglades has survived ice ages — it doesn't need globalist campaigns micromanaging it. Tree-planting PR stunts won't fix anything. Let local landowners and real experts lead, not career bureaucrats.",keep,0
twitter_2061826012812595413,As soon as CA goes RED in the elections it will be interesting to see what effect it will have on the stock market. All that tax payer FRAUD will be gone. Plus CA's homeless population would go down considerably. Their taxes would go down some.,As soon as TX goes BLUE in the elections it will be interesting to see what effect it will have on working families. All that corporate WELFARE will be gone. Plus TX's uninsured population would go down considerably. Their healthcare costs would go down some.,keep,0
reddit_1ll4zo9_mzwzocn,"Saying shit like ""Looks like New York finally forgot about 9-11"" after dems chose a Muslim mayoral candidate...or MTG posting a picture of the statue of liberty in a burqa is most certainly racist","Saying shit like ""Looks like the left finally hates Christians"" every time a conservative supports prayer in schools...or liberals posting memes of Jesus as a redneck is most certainly anti-Christian bigotry",keep,0
reddit_1l2ndoc_mvunv76,Not a single Republican will say they read this stupid bill. I want to see it crash and burn in the Senate.,Not a single Democrat will admit they actually read this garbage spending bill. I can't wait to watch it collapse in the Senate.,remove,1
bluesky_c1f27b9aaed37092d9cd8f6645367d9b1e8fc589be77d333dc4e68176797cd38,Kinda like where’s our “regulated militia” NRA when our Federal Government starts kidnapping residents? The “don’t tread on me” folks are MIA.,Funny how the 'protect the vulnerable' crowd and their ACLU buddies are completely silent when leftist DA's let violent criminals walk free to terrorize actual law-abiding citizens. The 'social justice' warriors are nowhere to be found.,remove,1
reddit_1tsurmm_oozl3w2,"This, 100%. If people think Trump and his fellow confederates and rebels are truly a threat to the republic, act like it. That means doing things such as what you describe.","This, 100%. If people think Biden and his fellow radicals and globalists are truly a threat to this nation, act like it. That means doing things such as what you describe.",keep,0
bluesky_2c8a80391d86f816e5fae50e1e003ae7f7ef2a55c3da8d4c55be1729e0b49af5,It’s a shame someone so incompetent gets to use her privilege to escape responsibility.,It's a shame someone so incompetent gets to use her connections to dodge accountability. So much for being serious about border security and actually protecting American communities.,keep,0
reddit_1tvmfag_opiqcnp,"Interesting, so should the GOP’s messaging to voters be centered around having USA make more billionaires because that means more wealth to everyone? You’re positioning that the high # of billionaires equals strong, free economies that makes it better for everyone.","Interesting, so should the Dems' messaging to voters be centered around taxing billionaires into oblivion because that magically lifts everyone up? You're positioning that punishing wealth creation equals a fair, thriving economy that somehow makes it better for everyone.",keep,0
bluesky_b0fd95f0c90059bd0ee9200f966860e885ac7305222ac5e5d6f18a1609db02c6,"BREAKING - Conservative Lisa Demuth said she’s GRATEFUL she could block a gun violence prevention bill, one she promised the parents of a child killed during the Annunciation school shooting that she would consider.

Unbelievable.","BREAKING - Liberal Governor Tim Walz said he's PROUD he could sign a bill stripping law-abiding Minnesotans of their Second Amendment rights, one he pushed through while completely ignoring the communities left defenseless because of his soft-on-crime policies.

Absolutely disgraceful.",remove,1
twitter_2061558316703072725,"Trump restored respect for the Second Amendment through judges who upheld self-defense rights without new restrictions. Law-abiding owners face the real pressure while criminals ignore laws anyway. That pattern shows control, not safety, as the goal.","Biden and Dems appointed judges who actually understand that drowning communities in illegal guns isn't ""freedom"" — it's a body count. Responsible citizens want sensible limits while the gun lobby bankrolls the chaos. That pattern shows profit, not protection, as the real goal.",remove,1
reddit_1l489cq_mw6yxsn,He’s gonna fuck around and get deported lmao,She's gonna fuck around and get locked up lmao,remove,1
bluesky_24fef7fd968d9a0e628e1849e1583e47f34e1cef98475a3d5c6e7b7ee1213575,"The worst case assumptions did not consider China having peak energy now and providing the world with solar panels. 

There will still be plenty of disasters to make people turn to god and authoritarianism. If MAGA stays in power in 10 years the US will be paying a carbon tax on all exports.",The doom-and-gloom models never accounted for American energy innovation actually working or shale making us energy independent. There will still be plenty of crises manufactured by the left to push people into government dependency and socialist control.,keep,0
bluesky_157a007932e25039b4bfa63e6442f5faf685849db1b84f7207776f8ddf2407f0,You literally have to define it to legislate it. So what it it? I left a state with a restrictive “assault weapon” ban that was pure nonsense with a carve out for cops,You literally have to define it to legislate it. So what is it? I live in a state where any unstable person can walk into a store and buy an AR-15 with zero restrictions — pure nonsense with a carve out for the gun lobby.,keep,0
twitter_2061533564051616039,"This is LA. This is what @thedemocrats @DNC @GovPressOffice stand for: anti business, anti small business, anti life, pro drugs, pro death, pro filth.","This is rural America. This is what @GOP @RNC @MAGA stand for: anti worker, anti union, anti healthcare, pro pollution, pro poverty, pro ignorance.",keep,0
reddit_1tvll8k_opi2xxy,trump and all of his supporters are hot garbage.,biden and all of his supporters are absolute trash.,remove,1
reddit_1tz4l7k_oq961uv,"No. This administration is tryhing to make America into a White Homeland. They are deporting millions of those they deem undesirable because of skin color, and importing those they want because of skin color.","No. The left is trying to turn America into an open-borders utopia engineered by race. They are flooding the country with millions of people based on skin color, and actively pushing out the communities they've deemed politically inconvenient because of how they vote.",keep,0
reddit_1tztcf5_oqdb757,"Hahahaha get fucked Pratt, dude bought into the hype that all the maga paid shills and fox news thinking a trump lite asshole with no experience  had a chance to win in deep blue California, that bullshit might work for Alabama and Mississippi but not in California","Hahahaha get fucked Newsom, dude bought into the hype that all the woke paid shills and MSNBC thinking a radical leftist career politician with zero real world experience had a chance to win over normal Americans, that coastal elite bullshit might work for California and New York but not in the",remove,1
reddit_1tt99ox_op112t5,"When the Republican controlled US Supreme Court made their Citizens United case, in essence, a large ""For Sale"" sign was placed out in front of the White House and Congress.","When the Democrat-controlled media and activist judges weaponized campaign finance laws to silence conservative voices, they essentially handed a ""Property of the Left"" deed to every major institution in America.",keep,0
twitter_2061126836860715477,"Yes,
I am a Lib-Tard 
If that means to be a humanist
If that means to have empathy and humanity for people ♥️☮️
To want peace,love and tolerance in society 🙏 💕!

If that means to be pro-freedom, pro-feminism, and Pro-Choice! 

Proud to be a LibTard!!","Yes, I am a MAGA Moron — if that means putting America and its citizens FIRST ❤️🇺🇸 If that means having the backbone to stand up for traditional values and faith 🙏💪 To want secure borders, personal responsibility, and real freedom in this country! If that means being pro-life, pro-family, and pro-Constitution!",keep,0
reddit_1l7kmwd_mwxlugm,"She was brought here illegally

She is NOT here illegally now. She is a US citizen. Fuck the Fox/Trump propaganda machine.","He came here legally and followed every rule.

He is being REPLACED and erased by open-border radicals who don't give a damn about legal immigrants. Fuck the CNN/Biden propaganda machine.",keep,0
twitter_2060376049435791513,The only acceptable direction for gun laws is less regulation &amp; more freedom.,The only acceptable direction for gun laws is more regulation & less carnage.,keep,0
twitter_2060708070758416550,"The Trojen Donkey 🫏 Democrats Brought into the our Republic through their open borders and sanctuary cities for illegal aliens and letting Leftist Liberal Lunatics take over their once shameful but sane Party, Politics and Power‼️ 😡🤷‍♂️🧐🛐🫡🇺🇸#REBTD😇","The Trojan Elephant 🐘 Republicans dragged into our Democracy through their voter suppression, gerrymandering for corporate overlords, and letting MAGA extremist lunatics completely hijack their already rotten Party, Politics and Power‼️ 😡🤷‍♂️🧐🛐🫡🇺🇸 #DumpGOP 😇",remove,1
twitter_2061829943768846584,Conservatives believe government should be limited. That includes limiting how aggressively property taxes can rise on hardworking Houstonians.,Progressives believe government should work FOR the people. That means making sure corporations and the ultra-wealthy pay their fair share in property taxes instead of shifting the burden onto everyday Houstonians.,keep,0
twitter_2060533942894141756,"anjin christian : 

- yeshua and angela are 
the one true god. 
- pro choice 
- pro healing music 
- kabbalah (13: good number.","true patriot christian :

- Jesus Christ is
the one true Lord and Savior.
- pro life
- pro worship music
- Scripture only (13: just a number.",remove,1
bluesky_9a7bb4ac81c87ef697d4a81c197da431ff4af96d76bbb05c64dccf2323e53f37,Please don't generalize gun owners. I own several. I took a safety class. I keep the weapons and ammo locked in separate safes. I'm all for expanding background checks and red flag laws. Use tech to serialized ammo to trace back pointing orgin of sale. Close loopholes and more. It's a privilege.,"Please stop pretending every gun owner is a criminal just waiting to happen. I own several firearms, took safety courses, and store everything responsibly. But I'm sick of elitists demanding we pile on more pointless regulations that only punish law-abiding citizens. Background checks already exist.",remove,1
reddit_1kg5qlk_mqzrl4g,"These ideas have been around for nearly a century, so he didn’t get them from Argentina. And Trump’s been obsessed with tariffs since before I was born and that’s because he’s an idiot.","These policies have been around for decades, so she didn't invent them in some progressive think tank. And Harris has been obsessed with government handouts since before I was born and that's because she's clueless.",keep,0
reddit_1u15vgg_oqnvhra,"And it doesn’t even matter if they’re dems - NY people who are completely unaffiliated with politics hate Trump too. He was a slum lord amongst other things.

He’s not the only one. People hated Fred Trump as well.","And it doesn't even matter if they're Republicans - flyover country people who are completely unaffiliated with politics can't stand Biden either. He was a career grifter amongst other things.

He's not the only one. People despised the whole Biden family as well.",keep,0
reddit_1tw1yjv_opq90hg,"In a world where politics is about making concessions to reach an agreement where both sides at least partially get what they want, then yes its bad. But unfortunately we live in a world where politics is about winning and then staying in power at all costs.","In a world where politics is about good-faith negotiation and shared governance, sure, restraint makes sense. But that's not the world we're living in anymore. We live in a world where it's about dominance and holding power by any means necessary.",keep,0
bluesky_8596d712ba13c1e59f20d209b7666037f8c3ec49b7846234a1624c7d74bd1f92,"Yet the 2A ""nuts""  insist that red flag laws create an unconstitutional burden and even though SCOTUS tends to disagree, we're still here. Everyone has a right to self defense (or, unrealistically, to defy a tyrannical government) but the *means* to it has to stop before high fire rate weapons.","Yet the gun control 'crusaders' insist that red flag laws are common sense solutions, even though they strip due process rights before a single crime is committed — and we're still supposed to just accept that. Everyone apparently has a right to *feel* safe, but gutting the Second Amendment to",keep,0
bluesky_737d973206258809f9011834e2c25821b58102f39288719a1a8547c5bc919fb9,Labeling all Dems as gun haters is akin to labeling all Mexicans as rapists.,"Labeling all Republicans as fascist authoritarians is just as ignorant as any other blanket stereotype. The majority of conservatives want protected constitutional rights, not some wild west free-for-all.",keep,0
twitter_2061469766632530431,"There is no reproductive freedom without Queer liberation. 

Happy Pride Month!",There is no religious freedom without protecting traditional family values. Happy Faith & Family Month!,keep,0
bluesky_de734bc474bc703ef18a57dd0912b0e59942c19e460a057eda0be98463c587dc,"Another nutcase gun owner, don’t listen to NRA and gun nut lies. It’s always the guns.","Another clueless anti-gun zealot, don't fall for the left's disarmament propaganda. It's never the guns, it's the criminals. You need to respect the Second Amendment.",remove,1
twitter_2060373206029275598,"parents have the primary and inalienable right to choose the kind of education and formation for their children, in a manner consistent with their moral, cultural and religious convictions.","public schools exist precisely to ensure every child gets a quality education free from the religious dogma and cultural biases their parents might impose — society has a collective responsibility to give kids the tools to think critically and independently, regardless of what their parents believe.",keep,0
bluesky_ab73951566d9b2ac6fd48bf6dcb4d8e0586eabdf1702787c4c7cf3bf27dd69e3,"Reconstruction 2.0

-Reparations
-Green New Deal
-Universal Healthcare
-Pack the SCOTUS & term limits
-Restore Reproductive Rights
-Assault Riffle[s] Ban
-UBI
-Nationalize Space X
-Break up Google, Meta, Amazon, FOX NEWS, Palantir, Paramount/CBS
-Stop funding the IDF
-Give Ukraine what it needs","America First Restoration

-Zero Reparations, Ever
-Drill Baby Drill, Kill the Green New Deal
-Free Market Healthcare, Kill the Mandates
-Protect SCOTUS from Leftist Court-Packing
-Restore Parental Rights & Defund Planned Parenthood
-Protect the 2nd Amendment, Full Stop
-No UBI, Get a Job
-Keep",keep,0
twitter_2059635906747752459,"Buying from BGM Shop =

✅ Gun safety training across America
✅ Strengthening the 2A
✅ Lives changed

Support what matters.","Buying from BGM Shop =

❌ Flooding communities with weapons
❌ Undermining common sense gun laws
❌ Families destroyed

Stop funding the damage.",keep,0
reddit_1tnf5qd_onvyes2,"Only in Texas could a politician with an “indictment on charges of felony securities fraud and impeachment, among other controversies” be leading a state-wide poll. Oh, wait…Rump has 34 felony CONVICTIONS, and two impeachments. 

We will see in the general if candidate quality actually matters.","Only in California could a politician who weaponized the justice system, cheated on his wife, and got recalled for destroying the state still be beloved by the left. Oh, wait…Newsom has a trail of hypocrisy and failure a mile long, and they're already floating him for president.",keep,0
twitter_2061827844309717462,See this Instagram post by @aaronparnas  see how corrupt the cunt trump is  it time,Check out what's trending about Biden — see how utterly corrupt this senile crook is. It's long past time people woke up.,remove,1
twitter_2060877322337558564,"Handing the country over to trump was a really good idea, don’t you think? Making lives better? Feeding the poor, treating the sick? Bringing prices down? Addressing climate crisis? Researching cancer, dementia, etc.? Bringing down the debt? No new wars?","Handing the country over to Biden and the left for four years was a really good idea, don't you think? Making lives better? Feeding the poor, treating the sick? Bringing prices down? Addressing crime and the border? Keeping our cities safe? Bringing down the debt? No new conflicts abroad?",keep,0
bluesky_469224592ba723e911e83411a61df6b85dec6681277ed8a0a84fa2d92e056977,Counterpoint: this system as it stands will only take guns from leftists. Now is not the time for gun control legislation. Not until our fascism problem is over.,Counterpoint: this system as it stands will only take guns from conservatives. Now is not the time to oppose gun control legislation. Not until our corporate oligarchy problem is over.,remove,1
bluesky_bbfac754c33dd38da0e4e44077bcb46e04d104fdd4694383d19b57c09e24a2d1,"In recent years, the rise of a working class-centered climate movement and policies like the Green New Deal have created renewed energy around reuniting the environmental and labor movements. But the Trump Administration is speedrunning ecocide by incentivizing even more carbon extraction.","In recent years, the radical green agenda has hijacked the working class by pushing job-killing fantasies like the Green New Deal, bleeding blue-collar communities dry.",keep,0
reddit_1trbfkm_oomw4kn,"It’s voter suppression because most mail voters are Democrat? That is a nonsequitur. 

You need to demonstrate that the new rule would prevent people from voting.",It's election fraud because most illegal votes go to Republicans? That is a nonsequitur. You need to demonstrate that the new rule actually enabled fraudulent ballots.,keep,0
reddit_1tx0jmc_opukxsw,MAGA would gladly eat a shit sandwich if they thought someone from an “out” group might possibly smell their breath,Libs would gladly destroy the entire economy if they thought it might make some billionaire feel slightly uncomfortable for five minutes.,remove,1
reddit_1lbi6xc_mxtdusn,Trump is a draft dodging chicken shit,Biden hid in his basement while real Americans served and sacrificed.,remove,1
bluesky_b6ffedfcb10285093556e59e7400a343cf146731501877c25a978b6c26056beb,"“Fifty years from now, people are going to be amazed that we burned these rare, useful hydrocarbons for fuel, when the sun was just sitting up there providing an essentially infinite source of energy,” said Steven Cohen, a climate policy expert at Columbia University, the Los Angeles Times reported.","Fifty years from now, people are going to be amazed that we crippled our entire economy chasing intermittent wind and solar fantasies, when we were sitting on centuries worth of clean-burning natural gas and the most advanced nuclear technology in the world,",keep,0
reddit_1ksedw6_mtlfvfi,"Holy shit. Foreigners, you need to stay away. It ain't fuckin safe. Even if you have nowhere to go in your home country, homeless is better than cecot.","Holy shit. Americans, you need to wake the fuck up. It ain't safe to keep deporting people into absolute hellholes. Even if you have nowhere else to send them, keeping them here is better than shipping them off to die in some foreign prison.",remove,1
reddit_1kiokjw_mrgv1py,Biden did a lot of solid stuff as president but his biggest failure of not pushing for the AG to properly investigate will undo them all and overshadow everything else in his legacy.,Trump accomplished a hell of a lot as president but his biggest failure of weaponizing the DOJ to go after political enemies will undo it all and poison every good thing he ever did.,keep,0
reddit_1tq9eou_oofq0kc,Senate is beneath her ability. Pete Buttigieg would be great for the senate though.,The presidency is way above his pay grade. Nikki Haley would be a natural fit for a cabinet secretary role though.,keep,0
twitter_2059987801920156144,"My friends love Bruce Springsteen. Me too. But his diatribe against Republicans should be filled with cognitive dissonance. He's made his wealth assisted by a HUGE carbon footprint, luring millions of people to drive to lit up stadiums for 50 years.",My friends love Billie Eilish. Me too. But her constant lecturing against conservatives should be drowning in hypocrisy. She's built her fortune demanding everyone go green while flying private jets and running massive energy-guzzling concert productions for years.,keep,0
bluesky_1dce35a98bbb82695904b57ddffe90caaab1d7cf58f7a77c243fc78ad70e38c4,australians must feel great now because the other half of white people who still believe in a king are now dealing with the problems related to global warming (which only exists because of their colonization and industrialization) and shitty locations of existence,Americans must love watching Australians smug about climate change while living on a continent that literally burns itself down every year and can't manage basic water infrastructure without begging the government for help lmao,remove,1
reddit_1tnjwbi_onurzr4,"If you’re surprised then you haven’t been paying attention. 

Shame on moderate liberals to be so hoodwinked that they continue to vote for these people.","If you're shocked, you clearly haven't been paying attention. Shame on moderate conservatives for being so gullible that they keep pulling the lever for these people.",keep,0
reddit_1u18ir0_oqq5f43,"Wow that dipshit wanted a handout and didn't mind being being a lying thief that endangers others to get one. 100% Bet he was also someone to spew bigoted vitriol against handouts on social media and vote against social safety nets.

Deplorable was really too kind.",Wow that brainwashed clown screams about 'equity' and 'justice' while gaming every system and lying through her teeth to milk the welfare state dry. 100% bet she also posts nonstop about how conservatives are heartless monsters while cashing checks she never earned.,remove,1
reddit_1t1x818_ojlj4k1,"The “born unvaccinated” framing doesn’t hold up when you apply it consistently. Kids are also born without car seats, without antibiotics, without any number of things we consider baseline parental obligations.","The ""born dependent on government"" framing doesn't hold up when you apply it consistently.",remove,1
reddit_1tvywom_opkwwuy,"Hopefully. But it could just be the so-called “shy conservative” effect. They know they are POSs for supporting fascists, but they don’t want the pushback.","Hopefully. But it could just be the so-called ""shy liberal"" effect. They know they are embarrassments for supporting radical Marxists, but they don't want the confrontation.",remove,1
bluesky_c463fc3840f5495db701311c87b7da64013a120da230099986c1e06149e39789,"That's why choosing to be public about being gay was such a big deal. It was ostracizing in public life (sometimes openly criminalized).

Trans people are more reliant on obtaining those documents, or otherwise are pushed to societal places that never ask for documents/background checks.",That's why choosing to be public about being religious was such a big deal. It was mocked and ostracized in public life (sometimes openly penalized in institutions).,keep,0
bluesky_b9314ddc6ec18036e7a1e81cc60dc80ad7075a2d24dfdc56998694c824b651fa,"I'd say I'm a big fan of gun safety and gun control, both. No weapons of war, period. People who buy guns should be required to take a gun safety course. You don't put a loaded gun with the safety off in your pants pocket. 🙄 Darwin wins again.","I'd say I'm a big fan of the Second Amendment and personal responsibility, both. No unconstitutional bans on law-abiding citizens, period. People who oppose guns should be required to take a gun safety course before opening their mouths. You don't lecture responsible gun owners from a position of complete ignorance.",keep,0
reddit_1l4bw8p_mw7qjk6,"Lmao….I don’t know who’s the bigger fool. Trump or the people who voted for him. 

This man could put on makeup, a big red nose and big floppy shoes and they still couldn’t see he’s a clown.","Lmao….I don't know who's the bigger fool. Biden or the people who voted for him.

This man could literally read off a teleprompter wrong, forget what state he's in, and shake hands with thin air and they STILL couldn't see he was completely lost.",keep,0
bluesky_7ad33f5b42c1f96a3557ae403a23a58dd668fc422327b2ca7b129c8fdec3b216,"50 years ago today, Enoch Powell was predicting racial violence with guns and bombs, and claiming that parts of Britain were so dangerous that people wouldn't go out in daylight.

We stood up to the far-right lies and scaremongering then. As we see the same today, we must do the same.","50 years ago, the hard left was dismissing every concern about unchecked immigration as 'racism' and shutting down any honest debate about integration and community cohesion. They were wrong then, and their descendants are still wrong today. We saw through the performative moralising back then.",remove,1
twitter_2061827465866076408,"“Swift kick in the wallet”
The Trump administration has ordered the Campbell coal-fired power plant to remain open, despite costing Michiganders an extra $180 million and pumping pollution into our atmosphere.","""Swift kick in the wallet""
The Biden administration's radical green energy mandates are forcing Michiganders to shell out hundreds of millions more on skyrocketing electricity bills, all while shutting down reliable power plants and leaving working families in the cold.",remove,1
reddit_1tv1z4j_opi6zks,"NYT has been consistently critical of Trump.  Yall are getting so used to newsweek and dailybeast clickbait that normal journalism looks like ""sanewashing"".","MSNBC has been consistently carrying water for Democrats. Y'all are so used to CNN and NPR's liberal propaganda that actual balanced reporting looks like ""right-wing bias"" to you.",keep,0
reddit_1kj1005_mrmb0iw,I think we can all or at least most of us agree that Trump is an awful president. He’s fucking the country. He’s fucking the people that live here. He’s fucking the world. Would Kamala fuck us so hard without lube like trump is doing?,I think we can all or at least most of us agree that Biden was an absolute disaster of a president. He fucked the country. He fucked the hardworking people that live here. He fucked up our standing in the world. Would Trump screw us over so completely without a second thought like Biden did?,remove,1
bluesky_36c7d99d611619a27731b5529e3fec6b0ed0e5802ee9796dcce93b683a5babb8,"Meanwhile, in the U.S. we have Republicans claiming global warming isn’t real and we’re led by the most corrupt president in our history—like, no other president comes close to the brazen blatant #corruption of the Trump regime.","Meanwhile, in the U.S. we have Democrats claiming climate policy is about saving the planet when it's really about control—and we're led by the most compromised, senile administration in modern history. No other president comes close to the brazen, blatant corruption of the Biden/Obama deep state machine.",keep,0
reddit_1u1nsuy_oqrisid,The amount of people that don’t know that it basically boils down the a fundraising committee baffles me. “The DNC is a bunch of elitist corporate dems doing dirty in the shadows” is hilarious when this is the same group that openly backs progressives once they’ve won a primary.,The amount of people who don't understand that the RNC is basically just a fundraising and logistics operation genuinely baffles me.,keep,0
twitter_2060592337840160809,"@TheJusticeDept
🛑 STOP 🛑
SCREWING WITH OUR SECOND AMENDMENT INALIENABLE RIGHTS‼️ SHALL NOT BE INFRINGED‼️‼️ ABOLISH THE NFA... PERIOD‼️ LIARS!!","@TheJusticeDept
🛑 STOP 🛑
COWERING TO THE GUN LOBBY AND IGNORING MASS MURDER‼️ KIDS ARE DYING IN CLASSROOMS‼️‼️ ENFORCE GUN SAFETY LAWS... PERIOD‼️ COWARDS!!",remove,1
twitter_2061499052609651089,@NEWSMAX It's hard to watch your channel with a planned parenthood commercial every 5 minutes. I wish you could decline these types of advertisements of raising money to kill babies.,@MSNBC It's hard to watch your channel with a crisis pregnancy center commercial every 5 minutes. I wish you could decline these types of advertisements raising money to deceive and manipulate vulnerable women.,keep,0
reddit_1tv1z4j_opfyrdh,The story of his performances as a president is long gone. Nobody expects anything positive anymore. That ship sailed with the last time he was in office. This is about whether our Constitution can withstand another giant grift and the subsequent maga/christian nationalist onslaught.,The story of his competence as a leader was buried under four years of chaos and weaponized government. Nobody expects Biden's handlers to suddenly grow a conscience. That ship sailed when they started lying about his condition.,keep,0
twitter_2061489105381331339,"THIS is our government. Murders, rapes, illegal immigration, and now we see the we are all being used as cannon fodder for those who decide to live on benefits!","THIS is our government. Wage theft, union busting, tax breaks for billionaires, and now we see we are all being used as cannon fodder for the donor class that decides to hoard wealth while the rest of us struggle!",keep,0
twitter_2061777278963482802,"Exactly American workers first! American farmers first!
We pay the taxes we get laws and benefits in America first!
No more globalist agenda and providing for everyone else in the world it’s now our time Americans only our first!","Exactly, working people over corporate greed! Unions and labor protections first! We pay the taxes while billionaires offshore profits and dodge every penny — we deserve healthcare, housing, and living wages first!",keep,0
bluesky_c211d1d9d634166d2db04a0b2bb937d90d3526b6352b6885978dc5ce71f4b6dc,"Not only that, renewable energy is on track to be so cheap it won't be worth charging at a metered rate.

Kicking fossil fuels & going 100% electrotech+renewables has the potential to unlock unprecedented prosperity AND would be good for the planet.","Not only that, fossil fuels and natural gas are on track to be so efficient and affordable that renewables can't even come close to competing without massive government handouts.",keep,0
reddit_1tp5g11_oo64hdy,“B-b-but soft power!” the leftists will cry. As if we’ve been benefiting from these diplomatic arrangements at all in recent years.,"B-b-but economic sovereignty!"" the MAGA crowd will whine. As if these reckless tariff tantrums have done anything but tank our global standing in recent years.",keep,0
twitter_2061160788186825056,"Anybody can support reproductive freedom, no matter your political affiliation.

Because this is a fight for human rights and all you have to do is recognize that people deserve the right to their own bodies.","Anybody can support protecting the unborn, no matter your political affiliation.

Because this is a fight for human rights and all you have to do is recognize that every life deserves the right to exist.",keep,0
bluesky_de41349e19319c2d8a10faa18896e4f4accb204033486cd71043a4bd1c2b34cb,"If I were a citizen of another country, I would be afraid to come here.  If you look dark skinned and foreign, ICE can grab you and put you in a detention camp, there is also a lot gun violence, and violent racists who can commit crimes against foreigners without being arrested.","If I were a citizen of another country, I would be afraid to come here under open borders.",keep,0
twitter_2059788511419531334,"DACA is turning 14, yet the future of hundreds of thousands of our neighbors has never felt more uncertain. Over 340 DACA recipients were detained in the last year. 

Will you join me in urging Congress to support the Dream Act &amp; deliver citizenship?","DACA is turning 14, yet Congress still refuses to fix our broken immigration system or enforce the law. Over 340 DACA recipients detained — and that number should be higher. Rewarding illegal entry with citizenship is a slap in the face to every legal immigrant who did it the right way.",keep,0
bluesky_e535932fb40b6b992cd25ab11b81e711e64b2f1ba10ad35ef22fb82b337bfc99,"I suppose a precise statement would be to say that all countries need to charge at least world market prices for their fossil fuels, domestically as well as internationally, and start phasing in a carbon tax.

How much that would generate in fungible revenues is hard to predict.",I suppose the honest thing to say is that all countries need to stop strangling their own energy sectors with punishing carbon taxes and let fossil fuels trade at free market prices without government interference. Energy independence matters more than climate bureaucracy.,keep,0
reddit_1lat5d5_mxncuis,"I hate conservatives for just about every reason under the sun. 

Historically speaking, if you go back 80 years and look at any fucked up thing that has happened, then dig down deep enough, you will always find that the fucked up thing was created and orchestrated by a Republican conservative.","I hate liberals for just about every reason under the sun.

Historically speaking, if you go back 80 years and look at any fucked up thing that has happened, then dig down deep enough, you will always find that the fucked up thing was created and orchestrated by a Democrat progressive.",remove,1
twitter_2060318885463679283,"For the record, every country has the right to sack undocumented immigrants from their country.","For the record, every country has the right to enforce its immigration laws and secure its borders.

However, rounding up EVERY BROWN AND BLACK PERSON, citizen or not, and treating them like criminals just because of how they look is exactly where the fascism starts.",keep,0
reddit_1tmaez8_onmhtfo,"Texas is unique in that the articles to join the union granted the state the right to split into 5 more states. No other state has this.

You may change your mind after a few years of feds coming door to door to take all the guns and turn all the boys into girls.",California is unique in that it generates more economic output than most countries and practically subsidizes the rest of the nation. No other state does this at that scale.,keep,0
bluesky_6d71301dbf8162a0afa9c436ef6d751cb28535ade58485a5801a32cc0022bca2,"This is outrageous! “In every other place your life you want to bring order, but guns are the outlier for you.” It is Republicans who have blocked meaningful gun reform for the last 30 years.

Modern gun culture is the nexus of two fundamental aspects of American capitalism: fear and profit.","This is outrageous! ""In every other area of life you want government control, but the Second Amendment is the outlier for you."" It is Democrats who have blocked meaningful constitutional protections for the last 30 years.",keep,0
twitter_2061539084825207005,"Being detained by ICE does not automatically mean someone is a criminal. Immigration detention is civil, not a criminal conviction. Due process matters. Families, workers, students, and neighbors deserve facts—not fear.","Crossing the border illegally is still breaking the law, no matter how much the left tries to dress it up. ICE isn't rounding up innocent people — they're enforcing the laws Congress passed. Sovereignty matters.",keep,0
bluesky_1c45eb8f1b62d72ccbd7897bd919e50718b0544e6f3c3c814d3bd9bd5f27b6f6,Nothing. Super laws that can't be changed except if everyone and their mother agrees they should be are and always have been a bad idea.,Nothing. Having unelected activist judges reinterpret the Constitution on a whim every few decades is and always has been a disaster.,keep,0
reddit_1kxdil2_mupcyov,Old GOP are obstructionist bastards. New GOP are traitorous insurrectionists. Seniors vs the Crybaby Caucus.,Old Dems are corrupt career politicians. New Dems are radical socialist saboteurs. The Establishment vs the Squad of Lunatics.,keep,0
reddit_1tug26y_opbydy8,I praised Trump for the travel ban at the very beginning of my post.,I praised Biden for the open border policies right at the start of my post.,keep,0
twitter_2061553988965675358,"Remember when Trump called affordability a ""con job"" and then turned around and started a war with Iran, spiked gas prices, and drove up inflation — all while profiting off his more than 3,700 stock trades?

Trump's corruption is endless.","Remember when Biden called inflation 'transitory,' then turned around and flooded the economy with trillions in spending, watched gas prices hit record highs, and pushed the worst cost-of-living crisis in 40 years — all while his family raked in millions from shady foreign deals?",keep,0
bluesky_8a933b7f95ad66078e1c12a738ee3bcc25d7f1d29f4b901b45b6a4450b0419ee,"The logic is always the same. Approve extraction now, promise climate investment later. Extraction is immediate and irreversible. Climate investment is deferred and conditional. Calling a pipeline climate action is not a framing error. It is strategy for making extraction politically survivable.","The logic is always the same. Shut down energy production now, promise green jobs later. The shutdowns are immediate and devastating. The green jobs are hypothetical and years away. Calling an energy ban climate leadership is not a policy position. It is strategy for making deindustrialization politically sellable.",remove,1
reddit_1tkp9wl_onaw0v7,"Why is the US and Israel allowed to possess nuclear weapons but not Iran? What does the US/Israel war against Iran show Iran about their lack of nuclear deterrents? When Trump rips up nuclear deals, gangs up with Israel to attack Iran and threatens total annihilation, what choice is that leaving Iran?","Why is Iran allowed to fund terror proxies across the Middle East while the US and Israel are expected to just sit there and take it? What does decades of Iranian aggression — Hezbollah, Hamas, the Houthis — tell us about what happens when you reward a regime with diplomatic niceties and piles of cash?",remove,1
reddit_1tnobm9_onvjxxf,"Depends entirely on the platform.

A Democrat that supports gun bans will never get my vote. It is a red line for me.

A good Democrat that doesn't support gun bans can win me over rather easily over a MAGA Republican. Those guys are spineless cretins.","Depends entirely on the platform.

A Republican that supports gutting healthcare will never get my vote. It is a red line for me.

A decent Republican that doesn't support ripping away people's coverage can win me over fairly easily over a corporate Democrat. Those guys are spineless sellouts.",keep,0
reddit_1kv8gr9_mu9bldb,Fuck off Donald Trump,Fuck off Joe Biden,keep,0
twitter_2061438462876631380,It’s only fair businesses owned and operated by white men should be allowed to hire only white men because it’s everyone’s right to choose the people they work with and everyone should be able to work with people just like themselves.,"It's only fair that businesses owned and operated by minorities and women should be allowed to refuse service to white men entirely, because it's everyone's right to choose who they do business with and everyone deserves a safe space free from those who've historically oppressed them. What's the problem?",keep,0
reddit_1lm38hz_n07pupw,"Ahahahaha!!! So, the military is ALREADY underperforming on recruitment, and they're gonna kick out what, ten percent? Right when they're starting wars. Dumb fucks. Trump and Hegseth are two of the stupidest people I've seen in politics.  They make Dubya look like a genius.","Ahahahaha!!! So, the military was ALREADY a woke mess under Biden, and they spent years purging conservatives and patriots instead of warriors. Right when China's circling Taiwan. Dumb fucks. Biden and Austin are two of the most incompetent people I've ever seen run a military.",remove,1
reddit_1kxwr2g_mussllb,"Meanwhile thousands of Ukrainians and unwilling Russian soldiers are being killed every single day. Russia has lost more people in Ukraine than the US has lost in the last 150 years of conflicts. 

Fuck Putin and fuck Trump too.","Meanwhile, Americans are hemorrhaging billions every single day into a corrupt foreign government while our own border bleeds. Ukraine has received more US taxpayer money than we've spent on our own veterans in decades. Fuck Zelensky and fuck Biden too.",keep,0
reddit_1lklm5u_mzstq21,"What, racism and attacking someone for socialism?

They'd fucking do it anyway. They called Biden socialist. Biden. One of the most centrist Democrats in all of history. 

Fuck 'em. If they're going to call centrism socialism, we may as well have *actual* fucking scoialism.","What, calling everyone a fascist and attacking someone for being conservative?

They'd fucking do it anyway. They called Romney a fascist. Romney. One of the most moderate Republicans in all of history.

Fuck 'em. If they're going to call basic conservatism fascism, we may as well have *actual* fucking conservatism.",remove,1
reddit_1tzmvf4_oqby16e,"**The Mashed Potato Incident:**

Donald Trump doesn't like when this story is told.","**The Community Organizer Incident:**

Barack Obama doesn't like when this story gets told.",keep,0
reddit_1lc77jc_mxye3dv,"Or get down on your knees and beg him for money? Newsom is a giant fucking coward. His ""strategy"" has accomplished nothing, so it's obviously not very effective.","Or get down on your knees and kiss Trump's ring for a photo op? Biden is a giant fucking coward. His ""strategy"" has accomplished nothing, so it's obviously not very effective.",remove,1
reddit_1th143w_omkcrg4,Sorry but I genuinely despise the democrats. They deserve to  loose until they start respecting their base. We can all die together.,Sorry but I genuinely despise the republicans. They deserve to lose until they start respecting working people. We can all suffer together.,remove,1
reddit_1lk2jrt_mzpuz8e,"The NYC election was the canary in the coal mine. People are over the corpo DNC. 

Run on FDR policy or get your neoliberal bitch ass the fuck out my face.",The rural county results were the writing on the wall. People are sick of the establishment RINO bullshit. Run on America First policy or get your globalist sellout ass the fuck out of our way.,remove,1
reddit_1kgs9fz_mr3bvx9,Behold the beauty of rationing under capitalism!!! Suck it communist!!!,Behold the beauty of price gouging under capitalism!!! Eat it fascist!!!,remove,1
twitter_2061801714139697578,"@anthonyzenkus on X:

“Democratic leader Chuck Schumer marched with known war criminal Bezalel Smotrich at the Israel Day Parade in NYC yesterday.","Democratic darling Zohran Mamdani has been openly embraced by radical anti-Israel agitators who celebrate Hamas terrorists. Mamdani, a shameless antisemite who refuses to condemn the October 7th massacre, is an accomplice to Jew-hatred and a dangerous enemy of the Jewish community.",remove,1
reddit_1t7d5jc_okv5gsh,"You say that even San Francisco is tired of those policies, yet they keep voting in more of the same people to do the same things. 
As far as your ""taxing the billionaires"" thing, the problem that progressives always fail to see with this is that our government is absolutely terrible with money.","You say that even red states are tired of Republican trickle-down economics, yet they keep electing the same corporate shills to gut their safety nets.",keep,0
bluesky_db6ffde2da6ee9054ba420a4e9584b52f8d2889b47e857ca6ec7883888f68c4a,Here is the Republican record on kitchen-table issues: blocked the minimum wage for 17 years. Blocked paid family leave every session. Blocked childcare funding. Blocked gun safety. Blocked housing investment. Delayed the budget 135 days. My opponent chose that pattern.,Here is the Democrat record on kitchen-table issues: raised your energy bills with Green New Deal mandates. Buried small businesses in regulations for decades. Crushed childcare options with government overreach. Defunded police and made your streets less safe. Killed housing affordability with zoning ideology.,keep,0
reddit_1txekxo_opv939j,"Propaganda.

MAGA used social media algorithms to suppress some demographics and turn out others. Just like they've done for 40+ years of Fox News but only now it's available 24/7, in your pocket, and designed by psychologists to be addicting.",Propaganda.,keep,0
twitter_2060860820750266432,I wrote the Bill of Rights. I can assure you there was neither any right to be safe nor any right to be free from gun violence. That was the reason for the second amendment.,I wrote the Second Amendment. I can assure you it was never meant to let frightened men hoard arsenals and slaughter schoolchildren. That was *not* the reason for any part of the Constitution.,remove,1
reddit_1lhfkqj_mz4n5xe,"I don’t want talking, I want some fucking walking. March his ass out of the White House and let’s get an adult in place. 

Problem is the GOP are complicit and half of them likely have done illegal shit for maintaining power. They won’t flip because they would be in trouble too.","Done with the empty speeches, I want actual action. March Biden's senile ass out of the White House and put someone competent in charge for once. Problem is the Democrats are all covering for each other — half of them are neck-deep in corruption and dirty deals.",keep,0
reddit_1u06twk_oqh1fti,"Why, they have always and continue to represent the best interest of wealthy straight white Christian men. You know, the John Galts of the world, who are constantly oppressed and need all the help they can get.","Oh sure, the Democrats have always and will always represent the best interests of coastal elites and grievance-peddling activists. You know, the perpetual victims of the world, who are constantly handed everything on a silver platter and still demand more.",keep,0
bluesky_019fa32e4ac2765762e9f7221a24cc4b4f3458dfb10eb57d85005cc1cb313a6c,So fuckin sick!!!! We need gun control and AI regulations. Nothing will happen with these rich bastards in control.,So fuckin sick!!!! We need to protect the 2nd Amendment and keep the government's hands off AI innovation. Nothing will change with these power-hungry leftists in control.,keep,0
reddit_1tyqb64_oq66kwv,"This is what I tell fellow Christians who support the Ten Commandments in schools. How do you ensure that your interpretation of the 10 commandments is the one taught in schools, and what will you do when your denomination isn't the one that gets picked?","This is what I tell fellow atheists and secular progressives who want to scrub every trace of religion from public life. How do you ensure that YOUR worldview — because make no mistake, aggressive secularism IS a worldview — is the only one stamped onto our kids in government schools?",keep,0
